10000	41.09192865946911	17.86488457919875	29.4649383913235	39.528656722788085	59.102623489733986	39.952800177350284	15.088211322704248	29.242068553334793	39.53449550764701	54.62602552221129	38.800806270383646	17.031720044404437	29.290695215366515	39.65173681966047	54.14567090033378	27.979957006368526	17.18729616410804	11.021182385144204	32.14400760709937	39.69729400503268	31.74162751805076	18.953484655663903	20.083358766241346	31.04186996574301	40.659429303682195	32.14715909037177	15.552071109825603	22.51322400550742	33.42662228225543	40.13245012287298	31.65754807690208	19.54890251182982	16.101534651241327	34.33854338902102	49.05381304146958	19.164481609134853	18.441709359127216	2.7413740801165556	11.281788981048933	37.79231504106769
20000	53.10781647247309	14.674129418396038	58.468296680569196	59.34602035397914	59.61463944026159	51.032789947220245	11.256980836633812	50.11337455275155	56.13713965527716	58.148236104081995	46.55777510681944	17.48871763286665	37.88733366363144	57.514114909753204	59.258116270301414	34.61428592404135	17.262326744289854	19.478063929701985	39.18488528897922	49.574939174932545	39.27122370621509	20.17928614281264	21.042087991050316	40.463052933855934	59.403667159116026	39.98073697182197	15.816670189181957	31.832392433610075	40.08804816408	55.571699697006096	39.62413622843771	21.86912771532715	20.159843130910797	52.9874004970518	58.13038603340954	23.940716311484703	20.600524569586675	5.4594175940259575	17.976685085843343	39.675457797908265
30000	55.07160992476036	13.21875558032922	59.0138165402373	59.44240833902346	59.644637945768636	53.6591935414954	10.05321034050358	55.11185499968906	56.730938791879176	58.33343651699852	48.959484399238725	16.360071280783473	38.88287978156813	57.642550370144335	59.35200962131901	37.61274122890312	16.18718108524051	23.451803021280625	40.12557679957128	51.93926217737064	42.16563434980859	19.042251053780607	25.2775190465851	46.50606813379015	59.45504871791842	42.87509687827483	14.70674883791773	37.36849995240382	43.682945444540934	55.91899885404145	42.42720410238573	21.870111504148493	20.310865288440397	57.23489716168852	58.89687172413703	26.940264884699893	21.134592210332173	7.405388840510263	23.030011629503267	49.140842420708964
40000	55.62064426186885	12.46956397711985	59.074962637875416	59.470127180879246	59.66064947956072	54.15345613801153	9.643687177063832	55.27667247190558	56.77039065088957	58.38958080920446	49.96691677712146	15.390313278284069	41.36393259245666	57.70171101778136	59.40123059144091	39.94043184200936	14.97550110811752	27.942250008646955	43.785904450074696	53.303095985987596	43.93383257507493	17.642202937160242	28.327869646587864	58.778646350358656	59.48339802426918	44.80141441732093	13.472575225289292	38.98137351811135	46.92085686971534	55.92380035704788	43.4313338261148	21.324798523723146	21.08875848312232	57.468812833078196	59.001971349777556	28.957179606030298	20.903388797597216	9.659990443822437	27.71738271745498	56.42342166138245
50000	55.77443261525802	12.059667828063075	59.118658322376014	59.46934523506378	59.669055446821986	54.22020603191137	9.52268596269767	55.30043672957705	56.793776278441996	58.374026682150586	50.613640947488626	14.463225583771859	43.448106938746534	57.69665210693167	59.39331591712416	41.84556424174943	13.864376869955862	31.52766494377038	45.906587734099844	54.24425655096783	45.23777279786272	16.45364069085786	31.20830064139315	58.72221364172035	59.474949021615835	46.307089464837176	12.460269485675196	41.747403283434295	49.098406910339364	55.9567033538425	44.03795643794527	20.802564545151093	25.592102020126276	57.48638835213082	59.05641830850814	30.406687330970577	20.635546015538857	10.85811665996691	29.63263633249743	56.59388102244117
60000	55.88496562566616	11.678377288533389	59.1090893718283	59.469275049921876	59.68097183232429	54.258003206442766	9.421673952048023	55.306000350775975	56.794498131849736	58.37954887967431	51.096444766397504	13.769885088512844	45.19686444806063	57.73337699540046	59.40488272682963	43.47530003821067	13.034188268047954	35.06238493286556	47.617342448271195	54.5499753203563	46.342748255750074	15.442796885543038	34.62455788803343	58.62149769323024	59.47953683449373	47.50858139947166	11.701175455279031	43.85530048356286	50.60009611854116	56.020730164411546	44.56760321902982	20.23358548352574	28.765998487339658	57.49520204289706	59.056261712354626	31.710720313209634	20.17302580199017	13.250416065165657	31.39052975263163	56.62046824964378
70000	55.97724003524258	11.387814166699604	59.15336287798783	59.468058426347966	59.66817288972258	54.29390717250283	9.313408097045095	55.30901733188782	56.78961408919162	58.40492953670771	51.499150891487616	13.204611580672006	46.18025930123585	57.71782769216172	59.420233130235204	44.77012636556202	12.442894742961492	37.839179042384984	49.395075479860466	54.82562269489551	47.32897390076878	14.553360483515519	36.93882879074937	58.85019254911179	59.494915898554666	48.48649367303356	11.112383702405484	45.780929031552766	51.9937177497363	55.981353621642356	44.99790623810643	19.769126747114882	30.57497515612048	57.52169842011848	59.07651524370655	32.88108760147761	19.84763603289869	14.788520793786997	34.060646733424406	56.623225255933136
80000	56.085231643850996	11.091224468343782	59.169532071987305	59.489499790676	59.679821363920546	54.33271318509001	9.205471959007735	55.32402901755191	56.809372941222136	58.39796137601165	51.99641572623071	12.4944586975641	47.50519871226267	57.732247747897716	59.41375784113728	45.84731273323632	11.805324693106524	39.512052751505884	51.016555838047765	55.47047387086588	48.21873408721512	13.772677950966244	38.69880317434854	58.802995315196156	59.495699048367456	49.27264494122654	10.6201735945559	47.093097734359354	52.95091025655833	55.94289040898284	45.37771238143201	19.395791408295224	30.742790379672087	57.511455363066275	59.04400459090617	33.81840754960632	19.630294063822614	15.383503231803878	35.35641492202045	56.649743951032875
90000	56.173963088402644	10.84559159678577	59.14905308525709	59.489624785457686	59.67299208310349	54.42146252468948	8.981211006980201	55.29720894505036	56.8072409976304	58.4006717095762	52.37139483073379	11.999771098661459	48.7822680074238	57.72018406565229	59.43177253642265	46.886440627613254	11.248444350262185	39.92494023476524	51.91609319196491	55.77874175965842	48.956116042702035	13.16665231524764	40.64154830924538	58.675607246568106	59.49893275013416	49.9503574109184	10.244247613517922	48.45118633161503	53.64372139327463	56.000387519198405	45.7317581568811	19.04476879166136	31.021415937685603	57.521371287474224	59.10845450673104	34.73512335228257	19.479331028973792	16.474698075877818	39.10592227837069	56.617838126671366
100000	56.26822887785562	10.562361389188384	59.11622395012317	59.46857527215472	59.659603535738356	54.497178287471186	8.862779210039355	55.3452126515459	56.80648928899392	58.42545913197344	52.69979821716233	11.609155115972502	49.666377218473606	57.71260995374331	59.41430307360167	47.79613665166305	10.735791683251822	41.85912767441711	52.74421317271886	55.89702312562822	49.644511322505004	12.629066017114853	42.43125150859932	58.58242696614666	59.490847689817386	50.57340564026264	9.901081184586353	49.90972828610518	54.360920097588746	56.033679604296324	46.12984268681554	18.542471729377784	32.749758749687295	57.526498739500404	59.1106549589052	35.490518812437685	19.295186819966833	17.12726623195769	39.48083866510757	56.64455183896636
110000	56.380776784694476	10.354868752771058	59.20046810252644	59.49212389165557	59.687753207645486	54.56684909250612	8.748336233021767	55.455571526327304	56.81909230408313	58.42722124603731	53.065199550058296	11.17140620887965	50.49697580600672	57.74817511769642	59.46658796475115	48.594415290212986	10.347329500817576	43.220036048588376	53.660927211252776	56.082556841860416	50.30261637694458	12.11449323749634	43.987616560186886	58.84610599832311	59.51599285614858	51.06092610226853	9.644367762235849	50.76532979180949	54.69966359483324	56.029449396776606	46.46323987407163	18.19508066155763	34.030455936471355	57.528891068479545	59.131668862370546	36.259957001935604	18.95749960626352	18.213071383387508	39.60189261553692	56.682573239066535
120000	56.499549470038	10.106874370934145	59.21038487910799	59.49613839555843	59.69635141130701	54.61943461967373	8.680262073892514	55.41189126043538	56.83664015780633	58.42996914955132	53.34957152463657	10.84400818058125	51.052027021871204	57.75379385710484	59.453436457700285	49.22785836122816	10.04001004669626	44.64534141092159	54.18604763063199	56.23985059408402	50.8702594344085	11.693587956645263	45.075718197908714	59.057858309841095	59.50795550863859	51.47844678927165	9.477061405603116	51.69947415167165	54.93003360919934	56.10442469174831	46.79925439931729	17.755383479119136	34.820930460249706	57.52356876183214	59.06660090176108	36.86847251268263	18.777991327059272	18.671946914211162	39.65437507177427	56.675284543968544
130000	56.563496014335826	9.908114071992149	59.18375783646002	59.51406507889945	59.69468237366263	54.6522895728238	8.594983263864295	55.41452963912374	56.80932110418781	58.42597858341171	53.57014687962973	10.59941127078619	51.72687089124736	57.7424384259524	59.44450131293127	49.79230703292504	9.796558456803531	46.09088244892913	54.36646095980717	56.47974513764461	51.36328331184724	11.31757625912914	46.21804672447994	58.714613004768	59.51237814517478	51.851372943229244	9.25492768237409	52.28543907321989	55.08366970897532	56.18181670038793	47.14443996660904	17.33373567404177	35.70565611087619	57.54085417402225	59.138592967074004	37.48945756308301	18.510784570002908	19.137064860445633	40.35318943332118	56.683036685713176
140000	56.726967512422966	9.626583656856193	59.23945537195192	59.54718528118016	59.70871570667694	54.7458643235967	8.436488481624432	55.38049291985003	56.811006286106156	58.43843547624045	53.819017556986	10.3644006022029	52.33882045869059	57.74459585780995	59.4557470910151	50.305809310206904	9.528429547626848	47.17545284460967	54.55474277533811	56.56659720007285	51.886614286666145	10.967121024091249	47.504387916960866	59.03604173528595	59.52441138045572	52.180403334240225	9.113236446040615	52.684804904142574	55.279384575853534	56.24503355148127	47.49415031141641	16.96328764758605	36.25989715439343	57.5514341488223	59.1610394172497	38.07009641535025	18.205537802987788	19.99179809711263	42.130176995774114	56.68475304972587
150000	56.83425426155608	9.399501883107778	59.24018706950904	59.53066799392627	59.72130017709385	54.80856042379006	8.312249959765923	55.38551517899478	56.83353348239277	58.45974148092715	54.03128448330858	10.088898131395823	52.684876412256756	57.74488604690846	59.4624673756972	50.77117313797373	9.29934474237332	47.88259119229775	54.58794764379002	56.711250871203504	52.31086502227092	10.665509027064033	48.30480379544185	59.03811229093776	59.53681302612143	52.4804990529139	8.911352644068263	53.12245159682314	55.53902634988991	56.35082924269044	47.75129877538987	16.71416469693527	37.24652864102538	57.55668799708405	59.176850896429684	38.556550573813155	17.951939996517034	20.45124000041042	43.16020639378766	56.682467372510885
160000	56.91538205845767	9.190890683538786	59.25630333151589	59.527764662532405	59.705613688188066	54.91306413667084	8.151288004270235	55.45132527219572	56.84788394431837	58.4582878823163	54.245659662511144	9.856705454796662	53.11850769685137	57.773664941732584	59.48190282758884	51.22453163139782	9.055821643641824	48.75564622282183	54.701562999495614	56.85927722275948	52.72779796196063	10.388317385861253	49.15507323069163	59.109382395669755	59.52415552548776	52.748022116758364	8.759618955912705	53.34371859262788	55.68477658761914	56.43982259528693	48.020954218913445	16.40035328345889	37.62027280235331	57.56603098181802	59.13474746602351	38.96645085651556	17.82254012262701	21.5984487897544	44.68183316866109	56.68840751565456
170000	57.04118773204893	8.945387197545315	59.26844530943178	59.54962196740357	59.72032440711422	54.98473923150553	8.01670313232003	55.567437930677364	56.85469913426363	58.45902710046036	54.4337621848654	9.6236375277051	53.723749871497404	57.79952580115011	59.471598905680835	51.60812847614468	8.854773590634274	49.533744606216914	54.769906974918534	57.07381781938305	53.11056370764917	10.098867638016912	49.85358483569186	59.178126434668826	59.5482114417746	53.01926497312025	8.527659527282655	53.5908058677469	55.80074146156491	56.51397638596945	48.31467319377239	16.07632339726645	37.78984841420911	57.561834172153105	59.182394648939805	39.40456270776165	17.58925035360832	22.38694534524363	45.58063104476183	56.69564346925198
180000	57.17296776984217	8.706187573599106	59.29441967783195	59.55097320559209	59.71759067099739	55.12867000858032	7.733709967254662	55.70133043111946	56.83675781142388	58.46076534772135	54.6780896360121	9.336183860158563	54.02125315910619	57.76984507659222	59.48462891728792	51.95248713937283	8.658461682003177	50.172050788256996	54.80657473429967	57.21752781910278	53.472315065385125	9.805876589067221	50.75469833749813	59.16201766051426	59.533197055010184	53.285467016683135	8.28732240576908	53.72639762358749	55.8946339547036	56.57280608375257	48.5930795709832	15.72656349656728	38.13530091052969	57.570190987287845	59.13138965760447	39.892221895992975	17.302095603207345	23.1982534671758	46.616184572125924	56.71762493679427
190000	57.331651760527166	8.392461973417493	59.27992188361708	59.5611721202478	59.71872609037112	55.28321757155065	7.5282212441817	55.726358537083684	56.84551995016177	58.47546780613362	54.920361015279234	9.099169394182978	54.22835273090473	57.79909292493794	59.498290722865875	52.27643620404663	8.450552340901753	50.856045535421266	55.06034619646201	57.347998867809615	53.79330988984401	9.594109029260062	51.193278772247204	59.17567212762336	59.5457876778093	53.546975789548014	8.08944424473449	53.8144284028312	56.01101173251472	56.65204846610452	48.843303957207986	15.470634023175354	38.29860086639097	57.566117357002234	59.21640116686662	40.31666296238272	17.06753246692945	23.873313397687575	47.570976099701284	56.711390753286764
200000	57.44688658053537	8.24194030173577	59.31627875164141	59.561078385015776	59.732163930898324	55.40449136311352	7.42054076485783	55.78235727401248	57.3280134055651	58.48319731557871	55.112518397074325	8.956369109675334	54.341424786864174	58.28517120377676	59.509927957145145	52.575164824975296	8.326844029434863	51.302048367941	55.333907400765966	57.466714064135886	54.06769764360097	9.432537353158292	51.92659791801626	59.277521055101424	59.54742183817194	53.75649242324482	7.962696763324244	54.11434430279158	56.061639736885134	56.70784899140338	49.079615201482056	15.238699957463227	38.44808825811917	57.58387291072688	59.195991504952254	40.776155309183466	16.791999956747144	25.088351699825008	48.375490910701885	56.716657954558826
210000	57.54892929038408	7.923742445237262	59.31458414615233	59.552656830743956	59.72413956979853	55.497117489448364	7.2457612041923865	55.79270678008709	57.47818687323116	58.50805912861425	55.30230041705009	8.665988616040037	54.35087389242541	58.3937226244933	59.524977001213365	52.85890677278946	8.149520747099817	51.697661134747605	55.59643586771746	57.53173520747428	54.32262687696347	9.149182693603123	52.483006555975166	59.29479148864654	59.53695487774785	53.96640426643714	7.790091014027334	54.4597551265043	56.130240562603866	56.92759665926832	49.32814804014036	14.930394045969098	38.64074995101899	57.58626365801021	59.183611747814304	41.17423796818006	16.564840299203404	25.63838530646447	49.12815757538527	56.739907750886225
220000	57.79949935223544	7.483209044810468	59.34398356101404	59.5641227918573	59.74042957423305	55.6942244547973	6.899109861734074	55.80474532330538	57.64289803611096	58.512163933963244	55.526877726433305	8.408625351810326	54.91637152574555	58.651596815054695	59.537453620089266	53.1736212858388	7.896296570422501	52.21791938446868	55.7223578476735	57.610088894605546	54.712439748630395	8.751341126394438	53.043764015200956	59.30140118143933	59.55181156657305	54.20286888102422	7.528984424169658	54.724719330408895	56.19691076514377	57.20723830102109	49.63570611180739	14.606352765984779	39.49857569535896	57.59809366026786	59.219647561670875	41.619183081763424	16.31705211885317	26.570143543120306	49.744824394226754	56.749791562109195
230000	57.931494644941516	7.247634305732071	59.32481545610849	59.57979517264373	59.76192866899454	55.86415379765188	6.641978265300824	56.38159905719323	57.71272049154106	58.5283827114619	55.74851044891859	8.139226114488924	57.453572913851936	58.772357783633225	59.54847335431518	53.41072444328594	7.7552576661325885	52.50589260566294	55.851711544665484	57.67831617638975	55.005291483084854	8.500147740446357	53.520056132433524	59.34414431320573	59.56521544256528	54.38340962334168	7.3156977227598015	54.87849393610555	56.27678700840501	57.35647547108408	49.912679448701894	14.288006551631087	40.553997230131785	57.59401416443001	59.24785529109056	42.027657038948135	16.053885558461143	27.190198177733343	50.42413881114143	56.746391437146755
240000	58.08534916845542	6.873631587261196	59.35469348213607	59.58717032433542	59.75345054190928	56.03511764103137	6.348849592267349	56.61075102695806	57.90945846522649	58.55098511415842	55.934343835814985	7.946379531558144	57.50890012592099	58.948447500827264	59.5662577195426	53.68714978274961	7.469461486607194	52.843092814628534	55.875131943187924	57.75154346612269	55.295626250144146	8.190150949296877	53.845119800559495	59.36989712319792	59.56843571322668	54.57511939001431	7.093472235973904	55.00683251108054	56.35029909581464	57.51499858380458	50.19516905243824	13.960169235127497	40.93840059894687	57.603246845039855	59.284127815732006	42.45258565692231	15.72373900643967	27.62205436836247	50.81906645093608	56.7610219934812
250000	58.231061090791094	6.650507127748444	59.39068764309472	59.60942914354408	59.77569261345647	56.19150595608206	6.115860837248488	56.65069306026142	57.99928391822097	58.57288896910019	56.08885219375843	7.825033511923839	57.518929337959555	59.08208272025135	59.57737366798193	53.95450028675573	7.197829538007457	53.11685469211685	56.019422966465164	57.82985457852935	55.548247370426445	7.976527243503686	54.07225223686978	59.40498107376416	59.584719534213384	54.76268734701903	6.868953033621495	55.12620224221651	56.43854868540551	57.76011007601392	50.474451977475624	13.677672737897407	42.40755635989077	57.62376717360216	59.310467264411784	42.838358036664296	15.468946175435569	28.49695834086152	51.59029550021936	56.77886425161403
260000	58.24265709659257	6.583536661525298	59.384031869031396	59.60111071014981	59.7539120225597	56.248237477563414	6.098631242288653	56.66073421787367	58.092612860002774	58.58546388074903	56.22128575263011	7.703417135273422	57.552938723341974	59.08781504400516	59.594208268057244	54.15694373588478	6.976268651228995	53.400750936937165	56.05275275764128	57.90775720452954	55.72357386001498	7.824106194122259	54.199801416084384	59.41915204085594	59.58223287356148	54.90171370441477	6.672040823663288	55.23462581401703	56.51156655697607	57.862030338405575	50.65394465787008	13.418906824558169	42.493769383756145	57.622290478173205	59.31456716842514	43.20204631337373	15.189803554684902	28.951020704241724	51.95566938070165	56.81846150801982
270000	58.26952137543113	6.547860497867473	59.39442352106039	59.625541328793815	59.76276335655978	56.30814546926866	6.078094348007211	56.678807438795104	58.18494082933257	58.609628343891295	56.33540451786501	7.5781361645693295	57.53749264667643	59.218663731906304	59.6088843064325	54.324303946282555	6.871476619064459	53.67521351798634	56.145776783333346	57.948853543432406	55.85470972651217	7.679227596967649	54.43136808448217	59.42722985931739	59.583357005863675	55.03671123681232	6.540049400611228	55.31661604745023	56.57191454873363	57.94465707021036	50.810811143711334	13.211177492570986	43.167198848920194	57.63079004209381	59.3067382742753	43.498355074043126	14.994552461856921	29.59133732378769	52.192356787763785	56.82976497618032
280000	58.397005244460395	6.221825003819557	59.39428208392664	59.621558125868816	59.765490555334445	56.40354893016892	5.881137680903489	56.69105579479694	58.253766901151906	58.621223588226584	56.45775882853548	7.46582848483155	57.583404389175996	59.25360107429421	59.62375223745153	54.521019718938156	6.657086806814064	53.97670134187798	56.23275123609623	58.031508948939816	56.06714883792594	7.381619730210638	54.751763533166354	59.437591896510185	59.59137318965248	55.20125105572201	6.261597802760536	55.48770416901836	56.61485405134739	58.00989191373857	51.03866778467665	12.93680446504819	43.94449216097155	57.62845324021792	59.40446447259923	43.75643907792624	14.83650392357684	29.697202509412822	52.43589314424837	57.09652810149905
290000	58.462900531345596	6.036007699853564	59.408919901586444	59.62822616481262	59.77675723203027	56.522768249617755	5.674995548784899	56.711565850922014	58.2979184349162	58.6331453741071	56.580988777574966	7.286044084507576	57.58627353395272	59.26800429507317	59.636903889807904	54.72217296717227	6.463500056323057	54.30457893571416	56.32727964775227	58.07057798062882	56.23593461075896	7.1975549063085	55.08847342038234	59.46589399399591	59.60423001908709	55.34402094812784	6.067376561857394	55.65582948204549	56.648846441164345	58.07687161796632	51.25218730670934	12.667217397664016	44.02388592379397	57.64240835480859	59.404221263575195	44.04638047570419	14.64505538866482	30.311387664554026	52.62192275230223	57.38461860130131
300000	58.553650005070836	5.806520018021053	59.423221827153995	59.610990168638565	59.76614151600991	56.61313133511002	5.526925391886161	56.71780840156025	58.32644659982164	58.65007912673809	56.70194448024609	7.113697098674184	57.59656754892218	59.33128883732543	59.645319925335514	54.91255193414903	6.227000942031311	54.48226896631026	56.50126429967237	58.10762902280024	56.40739994557921	6.931894355187345	55.701523518969175	59.46671832518609	59.588407795608276	55.47836682244899	5.861484702716273	55.81510266279411	56.67539731747489	58.11417777750157	51.399155943801155	12.498754444683478	44.34870525071625	57.6479111817341	59.44298509260258	44.35912690723434	14.418904613761601	30.53729495979434	52.79363225758202	57.656216413976175
310000	58.63814667073586	5.642582251676751	59.43335603711466	59.63681366745482	59.78577997755253	56.6983868954679	5.439106307419856	56.731830569040035	58.37402100823755	58.66105455783766	56.82831911344336	6.9960504391302285	57.61305528396093	59.34416738114197	59.65105950396287	55.059600700209664	6.10597060123946	54.59416662496912	56.50522826444808	58.159413777348895	56.54344379278733	6.757834540350898	56.05190049910571	59.477462660978404	59.60083762698382	55.5947961679409	5.74861195219989	55.865028352729034	56.70122985196109	58.14489743441892	51.57295428906248	12.27301581206539	44.90265820786638	57.648173888842194	59.45172475423637	44.609427094619654	14.261823170312665	31.130975605667274	52.91460907472828	57.7774044709209
320000	58.684768285840555	5.4300466732590325	59.45151124968813	59.63768789725868	59.78249959150075	56.83093216804641	5.119266562022683	56.73671371915892	58.41149260482047	58.66374541914955	56.9872711111662	6.711485632738608	57.61420834872829	59.41027264411261	59.674681721690774	55.20675579669988	5.95454515291637	54.65810191572825	56.56279352647918	58.191356729942015	56.71634040917943	6.435422751926451	56.216434221241144	59.47924721820745	59.6006204404229	55.74241296493383	5.465122939275934	55.91283842003638	56.724459081590496	58.18854098329943	51.75342033611217	12.003285700981342	45.94829781150042	57.65198595926739	59.42879005691223	44.88877469404969	14.084934652801829	31.416800983698796	53.13869981673622	57.909609760108275
330000	58.8102557049046	5.089919800984602	59.45749228538282	59.65259635175033	59.795699538063666	56.944935722443354	4.899497159961299	56.74233524628166	58.44273704167976	58.67579633144589	57.15673044464778	6.394371740064741	57.64409664714654	59.46443526659127	59.677045148057545	55.368658093906035	5.733342482728245	54.745981963734316	56.60987879574638	58.22901145569423	56.86978092519714	6.229411034403942	56.40499701516566	59.49384287509023	59.60788666684521	55.898283942146165	5.179334670525275	56.029613867067376	56.755560031313514	58.208365777028995	51.91751988850136	11.794919699519474	46.30299810946834	57.65523566193454	59.48087438296283	45.19652866861845	13.851534271135538	32.210418055695236	53.286141142592314	57.961712557155145
340000	58.85236474239568	4.906884711452586	59.457463049249185	59.6520893332541	59.79672536862032	57.0453606318306	4.639356477430555	56.76771075462703	58.46674410467911	58.68498784659051	57.26407627586298	6.141534544771363	57.65334560693184	59.48458026280717	59.688289002594196	55.52872174254092	5.509743185653168	54.83409352855418	56.645093996763606	58.26526049741188	56.99352473714224	6.000851147700501	56.802836828676384	59.499104358914465	59.61379725504084	56.02324948295872	4.977021067213313	56.02368411084875	56.78097096750393	58.253842403753396	52.0840804252523	11.586409971924311	46.619612204454725	57.65665295782107	59.51462353035954	45.45568451905687	13.643042283706176	32.79933078365136	53.48839774747793	58.20441601370401
350000	58.93258002614337	4.607433284686703	59.481125738849	59.6624118930847	59.80022336839835	57.144340761966546	4.401452135016113	56.76914906494909	58.48334123313535	58.692568653272524	57.354740307658965	6.018284449797154	57.64629231407045	59.47936626832206	59.6927301748714	55.71261732124331	5.0444566013981005	54.928151849636556	56.68966500757619	58.29147072893529	57.1223380262203	5.7950184654461125	56.9521263043478	59.51257107945807	59.61023753221213	56.14614744788888	4.727493831735728	56.09336749955075	56.84803279373658	58.263195219330655	52.2870156521846	11.342064792572954	47.720999125297936	57.66724322117196	59.535999102113884	45.7122090553757	13.428709452603968	33.3731829058678	53.54016553269162	58.23895766456058
360000	59.036977576647466	4.301639394936284	59.48014476056107	59.66791797807813	59.79435031197099	57.22460241238223	4.197652058442168	56.7774818079962	58.487444240709614	58.69821840027963	57.48388489630523	5.731094177618338	57.67075131471143	59.5254497852151	59.700603206175266	55.85884023103719	4.826519844967385	55.25914324811701	56.72449073782165	58.315126792656855	57.24014593695338	5.60484707296891	57.208674220100015	59.51897736165098	59.61403394580013	56.27325335939995	4.487886821252335	56.143324968009445	56.942715092604274	58.28487284654879	52.47065218182215	11.116639794770881	49.0125367150014	57.66898913936713	59.51531462134376	45.941839430585794	13.234304482126914	33.490611287271484	53.675720017885865	58.32708267718972
370000	59.04894517815076	4.296683942540682	59.483364029986845	59.6777162966803	59.807958338746346	57.27560173711997	4.155462113182024	56.79928838425854	58.520719497195884	58.70072700268175	57.56566804612735	5.642354151059977	57.6857408281288	59.54917753777997	59.703685075515274	55.942926940085265	4.753939059059876	55.42545745605881	56.767536255128185	58.337863525724146	57.31800629682149	5.542629686871942	57.37815309482873	59.52743814085942	59.623794626006465	56.34972481851996	4.416186602511961	56.16823902361892	57.074705595359454	58.305808765169054	52.58750217552886	10.978643274126012	49.0125367150014	57.68652107812801	59.557075603335605	46.13752131571442	13.069470336615833	33.86602742958427	53.86813656952732	58.35034271715172
380000	59.0896664876452	4.104478692633359	59.49392148768663	59.68973251203237	59.81932993233667	57.311186247755195	4.035465466085236	56.80281151478374	58.538026397804174	58.702032104032334	57.63596473858547	5.496655171463125	57.686076686339426	59.56866385858965	59.71616016969944	56.05392255290761	4.570235262414697	55.63900135566577	56.83033706878135	58.362271485505076	57.40397803388601	5.327537711149431	57.55669318959029	59.52370824139332	59.63008804129939	56.42801571263322	4.2639691773105906	56.189751309154545	57.158936031274536	58.3203874934444	52.712307969307425	10.75757269749526	49.0125367150014	57.67859969758665	59.557172259455854	46.36397819548898	12.876199617513237	34.763910779606405	54.105433258716545	58.390531719908054
390000	59.121879122760795	3.9403084755176185	59.518259449104676	59.68456028284206	59.81110481142639	57.354545359140054	3.883502310902349	56.799811126155134	58.55622408583485	58.712944007348746	57.69087227610273	5.300677787853171	57.69382397529828	59.576766547992065	59.71823542917533	56.17224489678536	4.400715502130133	55.822081331299316	56.952528459641584	58.38456513736847	57.50927771329352	5.150429412378125	57.67839768331842	59.542788457374456	59.63191074408856	56.510511316553554	4.111935691136556	56.1870816784053	57.29565594719999	58.36474156747171	52.82634288353397	10.598534240067892	49.15997040020349	57.680554776605604	59.56954516144787	46.56748686886701	12.688032491976966	35.01071094107007	54.13395434573219	58.40592635485123
400000	59.16555741328655	3.7438825687876336	59.526075058072415	59.6896233367541	59.818222658070574	57.415969936490185	3.6631840895858003	56.80751013118174	58.56931042664102	58.71853379026992	57.78238740886846	5.1040689603916	57.70528529701847	59.59402030748944	59.72724167728563	56.2647744673712	4.2464981025461155	55.952297638917976	57.07589281974719	58.40086533555248	57.60589217123105	4.946832542904793	57.85050143625334	59.54736694290429	59.63299069120232	56.60550859682994	3.876016088171578	56.22314842261386	57.40186009600973	58.3727155253295	52.982811208377335	10.388157485997745	49.501514021059194	57.69722842399491	59.58715521099611	46.7678365837615	12.509861441421325	35.40527380447689	54.26933464484574	58.405609109008246
410000	59.20374172934654	3.642581214930503	59.53338442570056	59.69354892322465	59.82145281185617	57.46374200656415	3.552801155933177	56.82318981661889	58.59297215188252	58.72392216398106	57.837806831575115	4.9779430894141266	57.707024626355945	59.596912635408955	59.72388159079016	56.356298791975135	4.13890448549722	56.02608328199118	57.197524992195426	58.41861736165983	57.68608026193656	4.813179375532059	57.96285016346337	59.54614044540844	59.63818825027522	56.66682345688816	3.808829125591369	56.24996418643356	57.4952129768415	58.37906263652896	53.09450891305227	10.248845221716994	50.12272865981104	57.68698309834217	59.585733481290035	46.963619250719496	12.341920308482498	35.586673648421	54.31124250212129	58.433005924559176
420000	59.236061029349685	3.5404906584295066	59.525688637662896	59.70563032317739	59.83739705176011	57.5034123487215	3.504345373023064	56.837690039924425	58.60953379900971	58.72978439348479	57.90843817223916	4.8569421169056195	57.7262699948321	59.60846549173671	59.73449213508452	56.42968535499704	4.094074271372244	56.12423336388221	57.275450811792105	58.43513561104123	57.753660549679964	4.7158463681835645	58.06029152063674	59.56134169225878	59.64869395445152	56.7417188199803	3.7153924366542355	56.27785449836696	57.58553317246344	58.39870603428113	53.17482228233761	10.128965860360573	50.12272865981104	57.69240022279085	59.60001710704765	47.153895615432106	12.172078030956365	35.92749084995363	54.31124250212129	58.44927240210539
430000	59.25074238891952	3.524462036306692	59.54296004264427	59.69833602849566	59.82922070074797	57.549364527948924	3.482589973505275	56.84339707274306	58.62033405966932	58.7301224697359	57.984862034044966	4.678298572712292	57.73312022858119	59.626625194704914	59.730193620500316	56.50221712479974	4.025098876057946	56.20001725381826	57.41117707826235	58.4485093261024	57.80354106589695	4.663576306077354	58.285931699201065	59.564996411152634	59.639267391869325	56.815508118974485	3.6304670355469946	56.29327341802918	57.659155670689174	58.41382936533726	53.27956341021979	9.966467146876147	50.12272865981104	57.691432514024115	59.60489221002502	47.34558301545965	12.0099593899086	36.539098913215454	54.414405126900974	58.45995207529071
440000	59.26194909403816	3.526837464929764	59.55844381018567	59.718232592561826	59.83075174048207	57.56093754988292	3.4798609328250953	56.85375514458579	58.62732258562544	58.734744356854556	58.03013829872862	4.597686662642819	57.76231851722191	59.63811229651023	59.73773389835684	56.5714615089436	3.911038541764494	56.24853635696521	57.509192131114744	58.46716402832318	57.84321161290554	4.5980707232436435	58.37311277614904	59.57295787039031	59.65038598348435	56.87249817792958	3.5837110253489888	56.347278789313975	57.71796726481038	58.42317098574182	53.36918432472333	9.855340716318551	50.84153874770266	57.70172243680567	59.612908827855904	47.545058339697455	11.76687013108474	36.933278700730206	54.528900800784	58.44650243585559
450000	59.26519959488883	3.5253271795842305	59.55309445789064	59.72375195427264	59.84463280681301	57.57932292484963	3.4831102332964154	56.850165144729885	58.64467664797917	58.74006647028337	58.06727123492207	4.498719374639019	57.74492909040457	59.633093886621445	59.73892862017914	56.63651666522775	3.8475781897224386	56.29189520280089	57.58550449693537	58.46923907436858	57.884600009942694	4.538829857547527	58.93436351313795	59.57311831624746	59.65275965915228	56.926620835585176	3.5627572586548815	56.373632303925916	57.78738798472459	58.444793515311304	53.4671951401345	9.706360353238818	51.024139543780976	57.70127305175055	59.63830397263848	47.717080366653356	11.611134852636592	37.11393826661023	54.58797983083353	58.47577790007745
460000	59.26217793431694	3.5261406184910595	59.556634463051815	59.71065221000212	59.839727469562106	57.59682291888479	3.4856541118739996	56.86430931076152	58.643063889905584	58.74436998741994	58.124070825730826	4.42724823575866	57.76862661452802	59.65739494801211	59.75794032677112	56.681453138991635	3.827200199862911	56.3219103300316	57.62859283520213	58.482723843139865	57.93118623405183	4.492466558133978	59.166256266554626	59.58531602388385	59.660470355221015	56.96807358514685	3.538994541581242	56.39549878412833	57.85380129999674	58.45075015374912	53.58294756165332	9.522625892140105	51.0888621918075	57.697394187927756	59.636275148519815	47.90654810294701	11.442660223764898	37.55291620101612	54.58797983083353	58.48253549173449
470000	59.27822009362329	3.5244395184870356	59.57610390283304	59.72424554383045	59.846966234096634	57.617011030266184	3.481612910867031	56.886800429612826	58.668527438769445	58.75216671509842	58.149201550859964	4.392181902397539	57.7917366912793	59.65688134340192	59.750451895441806	56.734203597388884	3.7767593447174375	56.356785157780095	57.67328605201564	58.496282477838406	57.96587564587323	4.4386911242836975	59.13657232289944	59.58157131977413	59.66615206554574	57.014261595732194	3.512535554894013	56.46359434078966	57.89779372793829	58.47454912855799	53.658060540225655	9.420913366852098	51.17999997609523	57.71238026142706	59.636786002424856	48.05538874824786	11.286541437621343	37.67580158871643	54.60901978596891	58.466389217937675
480000	59.27062995088434	3.5226558099132785	59.56147723662132	59.71998491006189	59.83874332796426	57.62712281859679	3.482899774212599	56.8775883758574	58.662700182435984	58.750258462532145	58.181723282564946	4.337123996472586	57.777172279461496	59.659175633946006	59.75473388058596	56.78424770682936	3.766565893058585	56.38639884349463	57.77248665705961	58.507605393266104	58.006692877664584	4.333217945151959	59.14615333722145	59.57753594748584	59.658319107119695	57.06314098946445	3.499068740732449	56.50507103491684	57.950788296447044	58.48118719899164	53.722752339867796	9.325249760782214	51.46305278933257	57.70524511508883	59.62671696782165	48.179557707604324	11.184972988371015	38.248569721006966	54.705928362562446	58.50504190756885
490000	59.27999124723575	3.526161644410906	59.57941117581301	59.734075929502445	59.84923045616564	57.64575469133195	3.481338353064859	56.897790329726305	58.67723692677943	58.75165321794597	58.22324938376119	4.293763567111394	57.800980790360576	59.67153776627106	59.76378834217555	56.83228009719216	3.7361651737601993	56.45642604274201	57.80792137745223	58.516093300559135	58.043303293156484	4.301775713096764	59.21032735513676	59.5825196088345	59.6644935498596	57.10813206102425	3.4806126772041868	56.55137521137734	58.02252241823899	58.501234645456094	53.826649988120074	9.175359375911983	51.938851466077324	57.707695249120114	59.64893595207001	48.294068159218014	11.076808538303432	38.69752146723003	54.775459366279854	58.48159231687839
500000	59.288751997584264	3.5250104286045922	59.57943191570109	59.73688663953831	59.847832240413496	57.66400346965599	3.480129820471569	56.918406616714044	58.66872968500428	58.75333481786787	58.25334426112229	4.259244470662585	57.8620564345638	59.66957497458036	59.75850205144539	56.87434925022852	3.721892810589954	56.48840362339021	57.852509533271345	58.52610244051808	58.09044829951203	4.247717884396961	59.36229270324331	59.59230172369526	59.66730931666214	57.15153713139064	3.47583968493183	56.60860909563989	58.06595130040867	58.51029559512149	53.88137523906754	9.102586079748676	52.259786429193376	57.70838284322353	59.64061067493677	48.44219172631307	10.938641196004431	38.930631837072454	54.80604468410354	58.511439273402004
510000	59.29376675398217	3.5277259276220305	59.59390081911288	59.740268816592696	59.85827760709388	57.673884845636245	3.485840259842419	57.28987301438005	58.685623284900345	58.76376180132636	58.28974839991916	4.218205286738594	58.35967298661217	59.68888331516064	59.77228857293707	56.912542070728314	3.6910690743014687	56.52514975885528	57.90187980714121	58.53302743815891	58.13034941441172	4.212221580624558	59.33056255560621	59.60152986082504	59.67909150632837	57.1814392821367	3.4719583341209725	56.659322492954075	58.093330948805885	58.51175834044092	53.95828665075748	8.99153966888455	53.08304356843426	57.72002814433437	59.65780996202732	48.55438771218037	10.846775232409621	39.2116193929194	54.87060570159578	58.518807739710674
520000	59.28491781094699	3.527250878450683	59.58884298271761	59.7280043808125	59.850781713002135	57.69575422407832	3.482375081019191	57.856628884056235	58.689137424909134	58.762760167719655	58.32171161376661	4.174821721967162	58.754439157521745	59.68175667398994	59.77136267480733	56.960137083404724	3.672311293527244	56.554564549637426	57.92971235856267	58.53790130093565	58.145511174692295	4.198279006663683	59.39124778308978	59.59514871484318	59.67434696623417	57.2230960353391	3.461793560062655	56.69822715463617	58.142175760596075	58.52548621664083	54.03752155655675	8.889899084329556	53.66977891046497	57.72817920839711	59.65775017308913	48.685064683221306	10.735714699719654	39.283318467732	54.9664353655119	58.51519352395762
530000	59.291029152871104	3.5274981536647614	59.5901769264471	59.73706600458471	59.85123980945281	57.70787945656687	3.4802667280120403	57.93147970264992	58.69379657602298	58.76790476900996	58.34875590514397	4.147147954719229	58.70633652682836	59.69739806289621	59.776600242003624	56.9975000004824	3.656278699615983	56.59583894004065	57.953572993814994	58.55118341236821	58.17693227960083	4.179269639115788	59.4152038729509	59.605195144662886	59.67877913526726	57.25524796558137	3.4587877105804967	56.716288685940995	58.173775273996256	58.534503135751685	54.11550257787249	8.761579957740743	53.72861933982985	57.72223991767269	59.667281350939625	48.801517164407215	10.61506002267836	39.69806633570475	54.99753754024081	58.52485073849305
540000	59.30025073227409	3.5274649746112834	59.60655626394685	59.74774382387492	59.86638270433902	57.727767612762264	3.4769040653655456	58.08976587962529	58.70389160683875	58.77422576511786	58.379690971755316	4.130778775755343	59.01906140496563	59.706298864584625	59.78053975331365	57.0335372839577	3.6465718950205877	56.609587529449925	57.98912932804974	58.55494884697684	58.20778196532407	4.1522162791586545	59.43386023600425	59.612796320287785	59.681884047151634	57.29331062858953	3.4539951306651164	56.74796126140313	58.219091495746966	58.5434424908713	54.17998299165948	8.67565755486755	53.72861933982985	57.71430761945963	59.67534062333602	48.938785214373084	10.482115406338934	40.01651558701244	55.01281453916243	58.53585836518348
550000	59.29759373453696	3.5276691409000325	59.595879494737574	59.74432698715604	59.85268055492279	57.73949977421057	3.476146927658849	58.20931811976151	58.71089329786827	58.771639198414746	58.401606063453784	4.107184789936344	59.266035370710526	59.70108167794686	59.77570885722092	57.07139643257691	3.6414027725304763	56.64446931281167	58.040060365274805	58.562591518098046	58.24064988650104	4.107513920000671	59.44311586673541	59.61053574389061	59.67975807284522	57.324681786363946	3.452434344686331	56.7763606216333	58.24352664897991	58.55722957127378	54.259049644273254	8.55074319816385	53.9402279310017	57.722326738507235	59.68838584069876	49.046275208517315	10.378707528874859	40.27177658413923	55.02654288058317	58.54604359939956
560000	59.31131619283554	3.5264349366890912	59.60372055070354	59.75726838157275	59.86567893437113	57.7541986779139	3.4787246959845617	58.25541381786092	58.71496875426782	58.7766568610371	58.41961939160917	4.091684384837314	59.27220920608168	59.70274461587461	59.77648128387123	57.109299642694516	3.6237937200685733	56.66523853528844	58.07096793102082	58.575111544971875	58.26985948935105	4.079551297940894	59.45090066385224	59.613522734272735	59.68548251791673	57.35191802228672	3.4479261570233413	56.78815137256095	58.27638976931716	58.556733400451336	54.33701937361619	8.437753403981707	53.9402279310017	57.728754138352905	59.689428317939274	49.200608836596196	10.207746089900201	40.609446010440976	55.08509406537305	58.539487085136294
570000	59.31537664792844	3.5284017920037942	59.62202207556378	59.755280248598474	59.86071729675072	57.767679106872514	3.4793699972755774	58.36919974564577	58.720071992296525	58.78151260395052	58.44527239937602	4.057835042226672	59.30408335748194	59.71311823490569	59.786393291090995	57.137357012903614	3.6148670761967887	56.677355483010714	58.10569607536006	58.58580914370478	58.29898029003627	4.060248206987704	59.47326871227558	59.62021752885734	59.69339423428543	57.379873834964165	3.446748249281207	56.80631748200595	58.31033672952856	58.5701131062398	54.407627914940406	8.340466426994723	54.0057872954424	57.73153863769265	59.68855979463012	49.3435606310693	10.044550939922523	40.895101801913725	55.16576932063434	58.54866526872378
580000	59.30347468876909	3.527412321631102	59.60464138640688	59.744777550598016	59.861966942972664	57.776358407055525	3.4775328964897216	58.3734468795382	58.72692754298116	58.78483160105334	58.46795324518294	4.023502286908486	59.36146107082427	59.717515704640775	59.79453479618792	57.16474853129252	3.607394462588536	56.68008842586773	58.145484781769255	58.593540830190896	58.31965535522072	4.040973669937085	59.47895960271891	59.617189649293465	59.68566448726622	57.40169972739022	3.4436476710977555	56.81681090586387	58.34273321544849	58.575745742488614	54.48778244353552	8.222251435175217	54.0057872954424	57.72915582457789	59.70954319094684	49.44477483999935	9.95832704028357	41.471835382516794	55.181464861579755	58.56432397271643
590000	59.32165070619393	3.5279359557740793	59.62388533809586	59.767467809369066	59.89019148817709	57.78484583131653	3.4745808657981057	58.42299038262102	58.72140255025746	58.78300936106695	58.4883486836348	4.0134213370879515	59.39845532543743	59.7266523869998	59.789337621749965	57.199023259487554	3.594720351755615	56.69363064682524	58.16509171293448	58.59724574197317	58.34599023204325	4.021791790444181	59.48028727498152	59.623991167773866	59.68994780725991	57.425649804459574	3.4416712425578107	56.83140122083715	58.352691363580384	58.592247496877846	54.56554776197654	8.121549726253289	54.44702902609782	57.73741996059533	59.70959817403713	49.52125918770284	9.888191381571183	41.74986058370054	55.181464861579755	58.54288335384474
600000	59.316692171567	3.5267409481388348	59.60720513555698	59.75701708137087	59.87613630670824	57.80021508097767	3.4743924502121697	58.461261849851944	58.73368016505811	58.786528829349145	58.508907421791776	3.975338819927359	59.44176646487077	59.724736891942555	59.79680470716514	57.22676187823362	3.587329452260196	56.71048396700256	58.19264612215419	58.60384551504468	58.375791457417805	3.994558462766965	59.50173399523918	59.62710043174726	59.692952206593574	57.44834752117962	3.4396184558065124	56.836550635625954	58.369903878053954	58.59236453486908	54.61167435262137	8.04699104021435	54.44702902609782	57.733640539771756	59.719928703027364	49.61036213792309	9.804668463032208	41.986794321381325	55.18556154912129	58.549825744775596
610000	59.333608420970535	3.5274758787661122	59.63976409995786	59.77694728146814	59.88146051190618	57.810583403839146	3.4721419780705265	58.507437466353515	58.733325650258905	58.79116827599949	58.52669834182491	3.9558327238200253	59.43961532482541	59.72928596149636	59.796342596642	57.24949408599096	3.5825035931061393	56.72102882208982	58.215091075345015	58.61626347434208	58.40193765446049	3.985745499711382	59.500629770332466	59.63982782942701	59.70383717736932	57.46952813517043	3.4343734316967938	56.843909860687695	58.385304459421306	58.60113401603752	54.65429316262252	7.996680729550205	54.44702902609782	57.74634511558992	59.71556370052511	49.72933392364737	9.689099087014684	42.06583916595198	55.18556154912129	58.571414797709785
620000	59.32828529383684	3.529144947994879	59.635801933767425	59.76289918805591	59.86993768399361	57.81439122778756	3.4735653412046137	58.44911662807171	58.73310921070426	58.79400976649355	58.54078665263539	3.943871805910126	59.46511818326043	59.72829988014729	59.79874367257936	57.27299663795627	3.5821574059610075	56.737266204792434	58.241977468040865	58.619044218711906	58.42480259837569	3.964335547271161	59.511283711941395	59.63505490137672	59.697827103564904	57.48850098853677	3.439205220281959	56.94323113910156	58.39715965821863	58.606073646022075	54.70390656668808	7.931927183101182	54.489012151006605	57.73985310782878	59.71368712774137	49.82786446399412	9.596369216622351	42.12643003220196	55.27095254003098	58.58990502163704
630000	59.33075843603452	3.5292883362641203	59.63836353433415	59.76822193783265	59.87928527399069	57.83407812858153	3.470828674313881	58.51515407632033	58.74061096123755	58.789973810810544	58.562335383429364	3.9359622050726983	59.53139713370898	59.72984354288418	59.801755199243544	57.30803220221895	3.564390743034757	56.7564881795954	58.27459155800676	58.62639882814796	58.45063470387067	3.950546149665755	59.525006631294886	59.64276575406836	59.70587308766151	57.51282191958501	3.4309378580200462	57.02124510959445	58.41884218732831	58.611722643411504	54.77636697640958	7.827881295305357	54.58286605373679	57.736277922602675	59.72383043566866	49.9181611321806	9.507435530723592	42.22812699506732	55.27634546123796	58.591530110940965
640000	59.33816797073128	3.528576067971444	59.6351179018295	59.78035187835373	59.89755476246047	57.83966767923165	3.468457679914584	58.52585872020887	58.743837509143496	58.79106514839916	58.57291986174275	3.9222995165740486	59.48006274154781	59.7434702169156	59.801827933241334	57.33345482463936	3.5517795157620666	56.763136079685054	58.30233346587231	58.63361863221439	58.46530280375174	3.9457541836147847	59.53097456450089	59.64685237545993	59.70502830244196	57.5301970149906	3.429881898648916	57.16332068107401	58.422026492090666	58.614152516243976	54.83182731656976	7.760484764229302	54.66390782786891	57.74337858995767	59.730159293447166	50.008459663512696	9.409416805090975	42.485968687238575	55.27878642178675	58.59311626393182
650000	59.33160073270366	3.5263221740544073	59.631051043154585	59.76958599119969	59.88160420631567	57.85449629055482	3.466155941390612	58.530057459694476	58.74585585415765	58.79618268056156	58.58878799109413	3.913449247005917	59.51828973558722	59.742732380820286	59.800532494011385	57.356757099625725	3.546099599652173	56.780354927464	58.32801437088638	58.63931415096867	58.478631972120674	3.935827488787749	59.52074163219397	59.64338232720978	59.70675803250734	57.55182714937661	3.427606525997555	57.27347689169192	58.43440964537878	58.6172652827549	54.88168894370823	7.69614123013758	54.66390782786891	57.74843037833852	59.73338622472752	50.121743509165384	9.307176455209971	42.7464939753799	55.31586889513894	58.59481404169114
660000	59.34150742892451	3.527944199880887	59.65015399389481	59.777355312049096	59.883396861595145	57.87051617846192	3.4630438484817585	58.545252669959034	58.75325775609305	58.800335151030474	58.61446375165232	3.892600904506307	59.5439628089931	59.751711714104104	59.81048513592531	57.381908202235586	3.5404460127585913	56.8081791877269	58.3397477926065	58.64316043629488	58.49806718123125	3.9226113792979698	59.534870318472244	59.64869298760016	59.704569600089584	57.56574317900354	3.4261108412898693	57.29323774429034	58.45588900818484	58.62112266060347	54.9339354658209	7.623810631910693	54.87785701298807	57.75827815211737	59.73272115547696	50.213549211456126	9.232573683874287	43.075176868295884	55.33476928917385	58.62209199982244
670000	59.34326574771072	3.5301638107330495	59.647455927779475	59.77797850536588	59.8907204376277	57.88248091111879	3.460477065518916	58.57127496887094	58.75538490611237	58.80455026843638	58.63213889233739	3.887782952848409	59.57452990662671	59.75570785241615	59.81534704657494	57.40789479693239	3.526939468185345	56.8623184326236	58.35218463089774	58.64675734492429	58.52190725108479	3.9121468774235164	59.55332122225015	59.65538435346954	59.71992263470148	57.58533361801736	3.427326283623992	57.43788808339704	58.46739289746919	58.632218237153516	54.98405834425716	7.563343086317829	54.98727772798256	57.75840323248358	59.741187613276594	50.30710184253371	9.116123104318062	43.18967123226131	55.33476928917385	58.59150367318719
680000	59.34233001588132	3.5279987261175823	59.643785007562954	59.78037302408041	59.88304234615462	57.88898534897459	3.459171206934247	58.55017340733751	58.75778134270927	58.810381737430376	58.64347917503252	3.8703439037601157	59.56916564195775	59.7512039641625	59.80983063423212	57.43093253582385	3.5170816870777646	56.92448099555986	58.38128773301038	58.652062380937515	58.52866106437484	3.901084221776219	59.54284508609047	59.651292614548495	59.70956000119389	57.59982488568444	3.423011472536906	57.481063833446285	58.47882763659025	58.63452227429917	55.0335428182266	7.490596192271942	54.98727772798256	57.761218242815296	59.73979346520834	50.364749918917674	9.076272499698911	43.27071942807609	55.33476928917385	58.59358917465957
690000	59.35182035482198	3.5294667903746	59.65706373328729	59.78675203185995	59.89491733149114	57.89984934033279	3.458819227774778	58.57625671714199	58.76580551050876	58.809819566794516	58.653450861891024	3.8636304854211256	59.58153570339547	59.75534963029583	59.81503485891891	57.45504360420029	3.509089434783186	57.008407616141966	58.39855891168358	58.66245810385632	58.54944030118505	3.8980591093017924	59.56183217834139	59.65602295199031	59.71677977313548	57.616662838803876	3.4236892494967917	57.55656887201794	58.48818479909863	58.64447534558116	55.075454145521334	7.442402854742376	55.01586236157966	57.76128066378671	59.747323501534176	50.470229905756625	8.967608205760573	43.592669507401794	55.351757161108324	58.610012122530875
700000	59.35722161861364	3.528501852346674	59.66284340461293	59.79613380797085	59.898413963269874	57.90871808747815	3.457086950272106	58.58431401001399	58.76713681074867	58.81323077993204	58.66959076782931	3.858528439451502	59.592711691916776	59.76570445451884	59.82075899543494	57.48147448332453	3.4906658621860776	57.07267925780273	58.414014222341095	58.667431694933114	58.562685424365085	3.892716773874359	59.560576860371	59.66256765656506	59.72225657031675	57.63540142038879	3.4231306836203688	57.648575059022505	58.504093960321676	58.64959525467557	55.12061237896455	7.398613961114087	55.01586236157966	57.76175909017755	59.74603974235991	50.565994204383315	8.875106435750466	43.665999456475646	55.39283934209158	58.65281833737432
710000	59.35257206471246	3.530279118145198	59.662497608067575	59.790574823009734	59.89567782680138	57.91344115151237	3.4562861724225376	58.59908505735446	58.77076305680029	58.81443783955868	58.67850325630438	3.854986163813819	59.62350642928149	59.764325994048704	59.819765477539846	57.49609893812421	3.4860877147071663	57.13511286271151	58.4308850102857	58.6709035975625	58.57723168832412	3.8819815462005787	59.56198879693656	59.66191990352172	59.72054620452008	57.65286687143457	3.4231116229892398	57.69880711993027	58.51832775418842	58.65669174921893	55.16304046614127	7.319852112935901	55.311427614221024	57.76408206098378	59.753193979055624	50.652819546075406	8.780587672934796	43.764888430080006	55.39283934209158	58.63762699209851
720000	59.35291004048526	3.530827287186655	59.66650153039854	59.79160162864045	59.89781908808939	57.92623941035183	3.458540691038656	58.60305951208563	58.77226094707902	58.8162359615736	58.69258271733203	3.850412553158215	59.62382148460001	59.76295143283723	59.82237966864985	57.51457683534923	3.483393685674517	57.206995561406	58.451619217641415	58.67274855996331	58.58786250501769	3.8762223301731433	59.56119182109529	59.66782137815007	59.72592914245739	57.664498106791456	3.421607145435045	57.70542636983336	58.535592851917315	58.65976178592848	55.216542922157664	7.243368849468713	55.33919420755763	57.77540554768214	59.760120531023546	50.72481678253125	8.706785854910535	43.888228440471806	55.39283934209158	58.62670191581006
730000	59.35832492050767	3.5319014761342045	59.669435475573586	59.791746766223355	59.90029531024733	57.939538504373886	3.456018947436135	58.629851912061554	58.776693063357	58.817788489896984	58.71127563840736	3.844047727470778	59.636709634449076	59.77406143815914	59.82728398590704	57.52988875390197	3.481655790756978	57.256028393364616	58.46306422968154	58.6774582025933	58.60296008847752	3.869200691695984	59.565836469717276	59.66449722623375	59.72530602325281	57.678352007103925	3.420893666002055	57.80568278947814	58.54021351848846	58.66523202070077	55.26833793399693	7.16746732144642	55.34912840608466	57.776756828991054	59.75533554305093	50.789824172491	8.642479643318365	44.25765655243581	55.43056057353863	58.6193710110387
740000	59.35833309384251	3.5290828864378083	59.67069812278038	59.79627378062281	59.90996151821908	57.94341309454415	3.4522014827168506	58.605705796088024	58.77549600291023	58.81719116111818	58.72089366858284	3.8403837882609673	59.6206288261839	59.7787038333597	59.831813973971784	57.55064830415967	3.4766969595813264	57.31515498952873	58.46788696251977	58.687229540002214	58.61867483869989	3.8655138948475494	59.578927679416495	59.67605284463906	59.73518988451933	57.69198068673257	3.4176384282227628	57.83796778602091	58.54626127576317	58.67022443691914	55.318158236816934	7.091007251550078	55.34912840608466	57.77702248916758	59.76278490754639	50.869919933022786	8.550680607539887	44.25765655243581	55.446463103292984	58.66170081111402
750000	59.36492924949442	3.531223737909124	59.68430855604356	59.80169986754031	59.90000881886205	57.95342251781662	3.4523614446088033	58.61745439812906	58.77717033388317	58.818250989544566	58.72865909599002	3.834114667747288	59.63704741770656	59.7778021637437	59.83002646727731	57.567321846060544	3.4711976894127026	57.35701038472533	58.47656024951955	58.688349228367116	58.62906290934858	3.8608921478297016	59.58199039059379	59.677579502391495	59.73432817059082	57.70820140460553	3.4163739117260534	57.892294588125495	58.55842438017548	58.68001608156057	55.352782443051595	7.037237622860998	55.43571653111274	57.77027791966755	59.760892108507605	50.950129069700054	8.467724685015773	44.588175958045085	55.45590447270521	58.671550833563096
760000	59.36759486002611	3.5288803487365477	59.68796811747584	59.79689345935988	59.9059190203105	57.96629239934481	3.4514817890284917	58.649645229590135	58.79004034616332	58.82518775105868	58.73885471925402	3.8312373860118485	59.64296464805666	59.782978960401294	59.83136620476202	57.58414901450208	3.4631816600006924	57.382693384576626	58.488413470711876	58.69320400197286	58.63837542358872	3.85605564801136	59.57759356674333	59.675692652456036	59.73386322378303	57.71820264360488	3.4151222637770116	57.90923193674536	58.562491088499826	58.68377415498337	55.40737844039746	6.971590658470112	55.5220591946919	57.7825083963682	59.77399724479227	51.01968575328002	8.395263012390481	44.60492181285163	55.461397606386086	58.64785732372997
770000	59.370514787956296	3.5310526180447286	59.67635357871656	59.800373843371645	59.910863418993	57.96896609536762	3.4521333877400218	58.64018824624077	58.78634379269662	58.82706626914265	58.75212144373978	3.8198673893006534	59.65761701232047	59.78030755341145	59.83606632830781	57.59871445530536	3.4624195195354366	57.51553828411484	58.49918789786652	58.69488568725315	58.646956364807295	3.8500482844064976	59.58397558735217	59.67564887648105	59.73479784792611	57.72914308298458	3.417149347012072	57.95286735856134	58.56766929671918	58.684212235258656	55.46436563915025	6.893304192396075	55.57220138335505	57.79341285929503	59.772326592045346	51.08402702928529	8.342243648116693	44.72113867378745	55.461397606386086	58.67659666586503
780000	59.37465144293254	3.5288713650682695	59.6831120924989	59.812230014664145	59.91028426851252	57.97597892030625	3.451983946513921	58.656293018509885	58.79022717984054	58.82801509949497	58.763187317580794	3.8152865840882195	59.67569853686863	59.78994995408685	59.8368993698643	57.61379804004345	3.4551760257483086	57.547642651977974	58.50727835167782	58.69943659640073	58.66429137394141	3.846951898696079	59.58801857067172	59.68718427495425	59.74507717382063	57.73917517890212	3.416221913899163	57.964949954110104	58.571238825255406	58.69062738570557	55.52128403126967	6.802708862569994	55.70324858335922	57.79585472668383	59.78577023132414	51.147942568474406	8.28103901806561	44.90608342354222	55.47476411332582	58.70254917726761
790000	59.37146098330801	3.531640159740038	59.686658508557606	59.81168508530578	59.89881418894069	57.9771412480121	3.4495355996466803	58.638797923842105	58.79021886305499	58.82923366113489	58.766061669976196	3.8077619676345074	59.658433934148896	59.78507639061455	59.83728953803558	57.63128191713695	3.4508742357001685	57.604695952415625	58.51631221209999	58.70226046466496	58.672426786416246	3.838029550900785	59.59961168922469	59.683304937320756	59.741633503086305	57.75035383134801	3.4162247226092246	58.01004422764797	58.574685017243056	58.69744633221008	55.560776884243076	6.740539108869914	55.70324858335922	57.78757475960788	59.77150263112475	51.21007947811169	8.225895739915968	44.9482462711413	55.47476411332582	58.63549276814588
800000	59.37945262229758	3.53040883711417	59.69198486348956	59.81868256131105	59.915956785184214	57.98699823869063	3.4502183330780056	58.645425533049554	58.79604326426792	58.83121354048051	58.77866161308123	3.8057846718721007	59.67221138638971	59.79037617754243	59.84185520796501	57.6460406250782	3.447295574625209	57.636744660867144	58.5244782883813	58.70701831170486	58.68432030060883	3.830243068070528	59.59605123083134	59.68857587093089	59.74340212186032	57.76041704399785	3.413378685240097	58.02315406726595	58.5837422336808	58.69716340329869	55.60732749813857	6.684074231710209	55.70324858335922	57.795634504201445	59.78180605664674	51.29439948182787	8.138357557932318	45.110260264073986	55.47476411332582	58.64760839754117
810000	59.37948824232576	3.5326261471857356	59.701510909800675	59.822768826382145	59.921685260019444	58.001073786061646	3.447348030519889	58.663410296847715	58.7987701228416	58.83564083016829	58.79523651305661	3.8020865091724465	59.6772073906822	59.79346868182552	59.840311490770944	57.659450863915524	3.445381169810252	57.64577096018104	58.53720722589935	58.71303719939796	58.69409559075148	3.827256499184739	59.60074617563045	59.686128439053626	59.747473362917	57.77101992617196	3.4121743075718944	58.0487054650369	58.590677331145315	58.70091167294107	55.650589463604774	6.6031650065784895	55.70324858335922	57.79886505620851	59.787284317962666	51.35898926192078	8.077430396954737	45.24338107153732	55.483572784970946	58.64616917795015
820000	59.38156655988089	3.530201114946586	59.69783017307144	59.81664107104656	59.91588189779206	58.006793588756416	3.448157719925118	58.669316379451516	58.796537689386994	58.83413636287011	58.800197787158794	3.799467558032536	59.678860737678406	59.79447879499452	59.84218452201601	57.67119347207397	3.4440077097191892	57.673765340871995	58.545014013490615	58.71565453994353	58.7000075566843	3.824456778020206	59.6107340242669	59.68871167694884	59.74423021291864	57.781567318082836	3.4137005077615674	58.06748807091798	58.59372454617538	58.706771142125014	55.6839643000132	6.561517820748451	55.70324858335922	57.788433436833174	59.78893583167246	51.42126954170014	8.0090577529891	45.31300990108039	55.50725196610409	58.63865580673808
830000	59.383728230764476	3.531537514450608	59.70048944865792	59.822480916644324	59.914144109657705	58.01844230595914	3.4440965793710054	58.68682939684401	58.80128128835143	58.838706721189595	58.81038744701194	3.7977095342632468	59.695967288890714	59.79543371323919	59.847532388322406	57.68692916880191	3.439986982144749	57.673765340871995	58.545840124397316	58.71817107721162	58.71288467385256	3.8233610803558156	59.61249578740616	59.696330060356736	59.74743890029891	57.78967439657217	3.4131111874583406	58.12148398509489	58.59562534980323	58.706905861447034	55.727922658661996	6.495794878569837	55.70324858335922	57.795410589254175	59.78547876649548	51.46957779825276	7.970225534813818	45.47295213775814	55.51629259400141	58.68668449076978
840000	59.377739870605616	3.5329208501819234	59.70546049571827	59.81443455836978	59.91250707451056	58.02617230729662	3.445280831807609	58.68471857827049	58.80210755994997	58.837771960271326	58.8201048272481	3.795458676895687	59.68487461572278	59.7942723755869	59.84566305560519	57.697803189984285	3.439601521859065	57.71456218975677	58.552194746955465	58.72130854037965	58.71932279361868	3.820734144863092	59.61783451801686	59.69329051155499	59.74274766746776	57.79799404352543	3.41288776827371	58.13999966064852	58.59926613922433	58.70876000525919	55.75505921768228	6.463188963079585	55.70324858335922	57.79771028521718	59.78736585324362	51.535600231665136	7.901268402524584	45.577887001220205	55.525836727700195	58.67977313285526
850000	59.392798531369586	3.5332840340846148	59.71150613753805	59.83708991277493	59.92728795975315	58.03694121137314	3.443474766173095	58.716188524321836	58.80982990934976	58.84475344250714	58.82870232276889	3.794995548904482	59.70996811302671	59.80579231816003	59.852286619877624	57.71020534369676	3.4374102870743863	57.77680937242754	58.55651470643855	58.72655294618788	58.7311729473299	3.8190829476523582	59.62030715830274	59.70213513668498	59.751492702637876	57.80507375962263	3.410938939939783	58.14672717810562	58.60084720850813	58.71414672879623	55.7867353083972	6.436720537285486	55.8289952721572	57.79410089813804	59.795940996522376	51.602325848207485	7.833117213123353	45.89112398316618	55.53933739543514	58.645821247167476
860000	59.3890722765112	3.5302160040829786	59.70228549791281	59.83413760624585	59.9205621099735	58.042833731266555	3.4434826499790505	58.695333177765924	58.809279548540076	58.84603031719746	58.84029018174868	3.791997412661991	59.70761249120532	59.804989313573515	59.85148480387053	57.722262073405204	3.434847941362317	57.804344521888105	58.56381781383044	58.72984067554112	58.7398836220535	3.8153935532677554	59.629130254732885	59.69922251829236	59.75248265077869	57.81475104572068	3.4095968807020336	58.14891751246121	58.616934653446265	58.71743015303949	55.83090562051942	6.373282482700674	55.8289952721572	57.803882597807174	59.79652265869926	51.6490497011346	7.790688397850182	45.990167753453655	55.54780903073818	58.664733097785586
870000	59.397627275232296	3.5321427927250193	59.713631342975106	59.83395392885791	59.92418558225101	58.047871854526186	3.4442689179317476	58.71270237386604	58.81284074292422	58.847054381560866	58.84861528534063	3.7895341172643087	59.718923584209364	59.810660590638534	59.85249793524813	57.73355593599326	3.433930641298901	57.804344521888105	58.57091833459539	58.7304463248735	58.75473404621387	3.8059953720388253	59.63018474206257	59.70570611642417	59.75885564927933	57.82253795685098	3.409664299109452	58.2156276733636	58.618093102613614	58.71896943392829	55.864027076095866	6.319289729573155	55.8289952721572	57.81059025918039	59.80017137216795	51.7038532658185	7.7376961443876615	46.02238377943026	55.5537409544218	58.65239197233255
880000	59.40094754150773	3.529972387752243	59.71900055343051	59.83186099670935	59.929407007617144	58.055192982398	3.4446276400152533	58.72472938468597	58.81322233364355	58.845348939454276	58.86100884612398	3.785123920725466	59.725303775072476	59.80952757588459	59.85672680743558	57.7457226270838	3.4301217114292357	57.87491516239799	58.58114521728447	58.734635086048755	58.75926545348758	3.803647547100116	59.62155565023031	59.702734531765046	59.761624740316364	57.830811240367375	3.4093100368638947	58.22745906065879	58.624466041173314	58.72273619191717	55.90150220747846	6.244614147981801	55.862942263224184	57.81105684445235	59.80289948340539	51.76380925613696	7.67705440419543	46.28267687403181	55.55884530744892	58.68580776392888
890000	59.39494748069011	3.5314682664122796	59.71363342894938	59.8304438357594	59.93361402469648	58.06046852881086	3.44179715397155	58.732820086672604	58.81545118126607	58.845130471942554	58.86653837735533	3.781663353325283	59.724841533756795	59.80995692078611	59.85564433871065	57.754691982266415	3.4286251547045734	57.89949126377275	58.5835395637655	58.737278525222706	58.766570608874	3.8002897760115952	59.6333207415764	59.703968963014624	59.75269256987471	57.83880560452709	3.408172612384033	58.246481377169594	58.62666823100065	58.72640306860711	55.94515144882568	6.182678915656041	55.874134859258405	57.81172533788843	59.80371492460632	51.82183219865726	7.6204052774541235	46.376884712705824	55.56337250097353	58.661794733636754
900000	59.401888239616426	3.531126441008508	59.71534796289076	59.834462077906814	59.92968888853525	58.06815339077894	3.4427195564354873	58.72923522484944	58.81758399639705	58.850156770412944	58.87386648191471	3.7811948941726454	59.73576674420175	59.81492293392398	59.85947623999266	57.76666147112878	3.4283247862428587	57.92607217037089	58.592835730427424	58.74207443078517	58.78224887318403	3.7993079103359815	59.64084538149754	59.7108385351395	59.7653713664078	57.84561355589915	3.4089795752809575	58.27145181609866	58.6297564865464	58.72726264187622	55.977665372418926	6.157547569069943	55.874134859258405	57.82519138588695	59.81162028850568	51.89172086114485	7.54383322561301	46.541273803320436	55.573496456316875	58.67984911553194
910000	59.40144305711483	3.531779890731667	59.726936740776765	59.84468587312558	59.93270922184179	58.07474569004548	3.4415322383267704	58.74778822876946	58.81880725541498	58.85347616421007	58.88098448240128	3.777911146039674	59.743640981473675	59.814861513914565	59.859623993318316	57.77759766261207	3.427632802456372	57.97838725006806	58.59627457139747	58.743652610398435	58.78690810282065	3.7964279943613084	59.64178231721105	59.713730540080526	59.764624965758664	57.855037554042205	3.409217834630139	58.28222829950766	58.633851193347596	58.73011684298368	55.99759273358091	6.139382106809007	55.874134859258405	57.81618124469962	59.81152207829063	51.95041024191287	7.485468485230731	46.541273803320436	55.57911330498676	58.637990855765096
920000	59.40204931942213	3.531930737841918	59.723842602986565	59.834234114571444	59.93207747825649	58.08209879076203	3.441532206417552	58.754485181616985	58.82221130407503	58.85642213337667	58.88579032253204	3.775526283426159	59.7351862989137	59.81544098187204	59.862536268130874	57.785945839476824	3.426672739167009	58.01272243005961	58.60476292710558	58.74464996041095	58.794850858845365	3.7931059639531575	59.64044776565758	59.713433318006366	59.76677864220949	57.86137544352186	3.4075786140182993	58.296851152690785	58.63918579952296	58.73492575387901	56.02154571075005	6.111764283341466	55.874134859258405	57.82220180149315	59.809477116916256	52.00271175665659	7.43367962737382	46.56464844663303	55.5878590235832	58.64827207585512
930000	59.393884535274594	3.5317401201865968	59.71789040036616	59.82880309526898	59.925683978236755	58.08403332449338	3.4425673858734247	58.75671635312366	58.827022920811146	58.854947396505644	58.88652279285988	3.7740175467579267	59.744053513312565	59.818380265129534	59.86071856297724	57.79854239257256	3.4223590972916296	58.040093792812605	58.614892294194036	58.74732391394163	58.79979642658188	3.790456193357862	59.638214131272235	59.71282066928571	59.764788069569704	57.87152475588275	3.4059683265572223	58.314386693127965	58.644487515244656	58.738844947039524	56.0459293658731	6.093939142613452	55.874134859258405	57.81295436272414	59.812824633309646	52.05780768860227	7.387797866529379	46.60986322715766	55.58735846873938	58.64977846030246
940000	59.4011716606377	3.5341784830732235	59.72517148174828	59.841705032229974	59.93767311128951	58.08492274631102	3.4411519817000737	58.75647046785533	58.82924867124001	58.85799307885185	58.89524646296443	3.774533079238269	59.74601535605338	59.82664610006585	59.87111127032425	57.80408727524192	3.422173028246337	58.058392229889876	58.61786445454166	58.75075501377357	58.814518107088794	3.790279983733273	59.65039376866665	59.72817767311266	59.777293613108505	57.87694392245993	3.4062603045857576	58.316923550749024	58.65016076279771	58.741027282351936	56.06872556186402	6.064060982431566	55.9665385802319	57.82009618302551	59.81714040793427	52.10649704525227	7.325533059114511	46.68076156774816	55.60170238098195	58.64023629350376
950000	59.411313188979285	3.5336570898537487	59.736617568922334	59.84316252078948	59.934205867291354	58.095229041800906	3.4420666712014363	58.7704118490897	58.833525921616406	58.86088434206512	58.90096813054664	3.7743053357000735	59.75876652705496	59.82540623164816	59.867461213377425	57.81401564919548	3.4216238143218476	58.066308687197264	58.62253767752071	58.75420122388718	58.82048234990164	3.7863177738348717	59.65115658908092	59.721749727920454	59.77317679513225	57.88653482110834	3.407252888250957	58.3261194343332	58.6519617496492	58.744639076986324	56.0976825146817	6.032476650657512	55.9665385802319	57.83358162071356	59.818100310391785	52.162241779397	7.276231020204131	46.91255290949767	55.608126455335736	58.6897602651098
960000	59.412984284641354	3.5354790317579186	59.739466102637344	59.850044426589164	59.937067410984454	58.09504233647456	3.447193811325506	58.767936636565565	58.83354020608192	58.86319554219077	58.90691748423061	3.7726544633914885	59.75800531959546	59.83196990246917	59.86827930861061	57.81972553572537	3.4231306990103887	58.073561789692704	58.62709772827431	58.755187961199546	58.82902629588252	3.7854853433775544	59.660138640099596	59.72660976611523	59.78012829841483	57.89025115128201	3.408607792322392	58.343966634173405	58.65659055151208	58.74806698882507	56.138504053085796	5.959864303355443	56.005313254089145	57.82519011086045	59.82043932965791	52.201317695673175	7.241939413997797	46.95570459816948	55.60846990081298	58.68322712256648
970000	59.41760919623558	3.5328663832487264	59.74389070852028	59.84770725531189	59.94176839226065	58.098268220220675	3.4421377112181752	58.77245491295255	58.83075065657232	58.86187790256856	58.90864794661987	3.770162748543684	59.76028933016853	59.82587900330513	59.86635525166457	57.827649894490605	3.419880966058327	58.07113437293688	58.63525825975502	58.75764895371334	58.83292451877228	3.7808952038011894	59.6564075334244	59.72433392766919	59.77740074619292	57.901633381047496	3.404403638915665	58.36182253843073	58.659871550676954	58.74912628394257	56.1683356408267	5.911769957623121	56.005313254089145	57.82675378336594	59.82516951205643	52.2436199601638	7.206617354689561	47.147144846167095	55.61236729360732	58.73072933589819
980000	59.42197868059903	3.5351847752857726	59.745843300415345	59.86219817325771	59.950246267728836	58.103776118569435	3.439600975795307	58.76993246540089	58.83614277403329	58.865090181181024	58.91835353081056	3.7693164200250284	59.772132048132725	59.83360355023858	59.8703474294512	57.83818119485307	3.4174375219752764	58.10600722724379	58.64118219713566	58.75925695379159	58.841708434179	3.7807211972570256	59.66750438259091	59.734689628379925	59.77946563051458	57.908716000749635	3.4050467199088446	58.3735676291426	58.66561254005718	58.75140498957289	56.196636137148346	5.88202422101922	56.04432350698751	57.839872178389264	59.822766902688294	52.28479260043535	7.17044207615318	47.32187859691692	55.617362825731824	58.696867958689374
990000	59.412453530397016	3.5323838119812674	59.732068630578574	59.85295044299422	59.935113492555054	58.1105086779815	3.4431354532951337	58.78446076237105	58.83591935604753	58.86701532205876	58.924828513551596	3.768191631815195	59.77124358412722	59.832509682548064	59.87341815238994	57.8450763554538	3.418897260920075	58.11397904134452	58.64440043722696	58.76421278764133	58.84448205543229	3.7793650164886086	59.6717809549222	59.72901151758943	59.77807219318808	57.91444643960206	3.405412370986794	58.39291908185911	58.669688660955266	58.75322982872874	56.21666826147224	5.8534805504046306	56.04432350698751	57.83983051825098	59.82795059501365	52.33412917753157	7.134132378618248	47.442239515575004	55.620855255629536	58.6975667387273
1000000	59.41292718053736	3.534029789861868	59.73685166331385	59.848139713663315	59.94116365597973	58.11491507418181	3.4395283015459794	58.780700751926986	58.83901420581942	58.86693485192011	58.92724312952976	3.7669648246442904	59.76060840555094	59.835346763531064	59.87519224003768	57.855448834419036	3.418083001603977	58.13799709314868	58.64673482969256	58.7663343689932	58.84778212418855	3.7783548401567204	59.666259244187316	59.73249871094339	59.78299097052781	57.92228525458984	3.406586716953451	58.398872882014444	58.67655332689719	58.75785614965678	56.24913448448999	5.819196036620111	56.04432350698751	57.84790453325524	59.826788718001104	52.370600296655496	7.103743353612388	47.559010593785835	55.62619944855653	58.670766640952195
1010000	59.41985663948466	3.534091651659544	59.74954684596266	59.85910360641627	59.944424353542665	58.11766525741619	3.440905703655576	58.780362682399556	58.84116915174472	58.867649428928175	58.93117238884711	3.7654266653514328	59.766441399807405	59.832617143047464	59.87306555443304	57.862033951205966	3.417104366760808	58.14296850654471	58.65044398247275	58.767252012941434	58.84954448460279	3.7768754318712268	59.663724791536936	59.7297987518172	59.77883383380521	57.93095025057875	3.4049803660832403	58.4043027901686	58.677325831291526	58.763094998558856	56.28857120154941	5.769802739461139	56.04432350698751	57.83387935150797	59.83055079759281	52.4190905153292	7.053834775797369	47.57232616204659	55.6305881599272	58.74872427383998
1020000	59.419632590236795	3.5334172345951202	59.73657798739785	59.86114345526871	59.945740873475046	58.124283746259934	3.4369882932534894	58.784432539282236	58.84111328777708	58.87123134153573	58.93973651419146	3.7648743197535945	59.766841161011115	59.83749269625072	59.88187532054658	57.87084854032099	3.414692716185675	58.15924770367866	58.65510520579724	58.77142852956783	58.85826720828071	3.777005363993059	59.67115613385387	59.736591476565096	59.78672932261958	57.935223574700416	3.403651815862287	58.412107837595016	58.67764478124418	58.762995496141556	56.31728879647414	5.715997165272672	56.318446535417095	57.83822445475626	59.83224093013085	52.45381796506625	7.027592846035293	47.633685709659936	55.63070107966982	58.74809287739089
1030000	59.42945447965324	3.5338667164821618	59.75812962335166	59.86445884072616	59.94342749389493	58.12862095613002	3.4379394349462027	58.78960731149475	58.84211089862272	58.87181526414959	58.9450246272471	3.764722016076704	59.77491217264705	59.838775493308034	59.88092289977136	57.879137124347814	3.4128672631537817	58.19168654655218	58.65614283199211	58.77251573711223	58.86140905660375	3.7758607219093157	59.67302152395698	59.73123765731444	59.78685391329104	57.94220142372443	3.4006732748028297	58.41273516381795	58.68433387050452	58.76666564651022	56.353137116495326	5.680242835574841	56.33091298668667	57.85303527127934	59.832016158003675	52.49476982893103	6.998119495638445	47.72484799734259	55.641585447183424	58.687164904584165
1040000	59.43040332237959	3.533753468103373	59.77017373992489	59.86372181562178	59.94777224074508	58.13075450237715	3.4401856608011214	58.79188100088633	58.843670031717366	58.87189795607263	58.9484251905095	3.7631858523060475	59.781552433322126	59.843968715857	59.876577073812484	57.881703391689435	3.4153345950875518	58.20073968552748	58.66379419983011	58.77317691443689	58.86948546031886	3.773610684197442	59.68112190462531	59.74153144080475	59.78913125976812	57.945957219448715	3.4044794277790236	58.41755350940706	58.688793627820345	58.7676775512176	56.37023569240627	5.648173374965477	56.410976228472414	57.840146097788455	59.8362497163192	52.53607602133706	6.956893610258002	47.745171240934084	55.64379102397898	58.71869308802645
1050000	59.433018329075	3.534835849823315	59.761160065652376	59.869328032296835	59.94415238662557	58.13478917974901	3.442513552468979	58.792197315909576	58.84963474761925	58.876948652612974	58.95206742091302	3.7628736671646474	59.778287552568585	59.845035463596595	59.88158721511751	57.89185209699286	3.4150588607325507	58.21505070149689	58.664929088763294	58.774903092936235	58.87652635743317	3.7711769499982615	59.683000897733045	59.74264881944352	59.78977516117295	57.95369047160768	3.4053686529092335	58.43639502860526	58.68978157132443	58.76746452372125	56.40213048894325	5.6326048257152035	56.48837226948057	57.84882482283875	59.8378778121343	52.57384341243527	6.92488929591781	47.896043914859874	55.645762153915996	58.698190453806404
1060000	59.430602063390864	3.5342507260940197	59.758420099052465	59.86671886599115	59.950348458676224	58.13543021005127	3.438622954686898	58.790805554700746	58.84876131707625	58.87356823030111	58.95491592249039	3.7631698933723046	59.78856815306551	59.84740475107745	59.881637169951894	57.899627465678634	3.4125983356902494	58.24098245719876	58.66843751908044	58.777282039543934	58.8809327812575	3.769264297503034	59.685955756432975	59.746916539179246	59.78832111570431	57.95985587197426	3.4005210504416143	58.4387071469196	58.69597513585958	58.7689145588035	56.42758254193542	5.592240374130206	56.48837226948057	57.84797183532587	59.84029623356418	52.60764224757496	6.88257416676709	47.91952180809265	55.65292048555745	58.681276336570434
1070000	59.429480189042856	3.5340210474917164	59.75784636277846	59.8696628103076	59.95343583234967	58.143176384473115	3.4395693897274286	58.803078854425834	58.85161520233953	58.87766244053085	58.9597733546388	3.7614400022473076	59.78805216242393	59.84734309635938	59.886103036852106	57.905633098194976	3.414121096195868	58.24614939018118	58.67331716801854	58.779139439178365	58.887667894957374	3.769763549725216	59.69275366408701	59.75315385581659	59.79619809897791	57.9650773041351	3.4036512433182002	58.4426143334373	58.699796186082295	58.77353938473155	56.448429305501676	5.551570654102025	56.5855825800526	57.84264007581603	59.84473443490104	52.66024017094886	6.829549028638819	47.93864746807232	55.655727885552444	58.72122969239269
1080000	59.44127246450366	3.5343536367816	59.77555991618979	59.877502472565936	59.95462500797733	58.143993617278454	3.4389593978465807	58.79071919583681	58.85092682487395	58.8772645448322	58.961762483111336	3.759759984915595	59.77719514476266	59.844841488338915	59.88583413786192	57.91148812754365	3.412433537331181	58.272637591191554	58.678169417014445	58.78123887408543	58.89120892219925	3.768935398981941	59.69112087410398	59.75017389496192	59.79914722627033	57.96974761782145	3.4017840447051424	58.45788365333181	58.70331479389772	58.77506685138029	56.465177533805154	5.534376561152354	56.5855825800526	57.847727442014644	59.848163228565994	52.70264938473361	6.794494386469747	48.17533172624338	55.662297815630055	58.668354719081535
1090000	59.440258757897766	3.5300153057533192	59.77241400243084	59.87829212122818	59.95385615998296	58.15452293203642	3.438655750193045	58.80703593068708	58.8524848520389	58.87969872140995	58.974209275815404	3.7605641092898505	59.7972572038578	59.851505073084056	59.88761126496772	57.91944501831155	3.4117345622302455	58.278219666139556	58.67912241161189	58.783693665320456	58.89421768336828	3.768041986076136	59.696077455884996	59.74944522002903	59.79330128115921	57.97699544236846	3.4011684266849818	58.46170362594801	58.70507098559078	58.77700054048755	56.49100757671164	5.505023830622196	56.5855825800526	57.85107904654253	59.84806674458121	52.74304670576606	6.762852498123752	48.34265292423196	55.666452172998525	58.71058343021001
1100000	59.43765459609825	3.535144317940811	59.769811767038796	59.879473331965414	59.95226334461643	58.15772407557792	3.439563463901995	58.81559690242278	58.85815265337267	58.881749238450475	58.97403338410269	3.7596249612659154	59.793235752902575	59.849349681914035	59.8897311466319	57.926278277356055	3.410174508425887	58.286981824265766	58.68181254391931	58.78468462722291	58.89533222378443	3.7670074084218306	59.68993977203847	59.74985067065348	59.79394164263883	57.98174824617709	3.401977863702869	58.46170362594801	58.70956138493271	58.779810253122534	56.50532767914576	5.479202882337492	56.5855825800526	57.85287007818851	59.84639360264989	52.785346981862375	6.7243804079329905	48.5084602217606	55.67142058180026	58.68264003258461
1110000	59.43987622041365	3.534573723572975	59.76756498210321	59.876781977541995	59.95867030805141	58.15849793072836	3.4387511734972236	58.812220149497094	58.85955857940712	58.88401331910224	58.97948705296385	3.759933962907237	59.79882101764186	59.85485396271616	59.89279635530062	57.9314837957347	3.4092324779787044	58.29575355426802	58.6913559157886	58.78504572992879	58.90247864264594	3.765586025922248	59.7014227035729	59.75585790112162	59.79757814901941	57.98591410530097	3.401317779228951	58.466137147949254	58.71592580469563	58.78250172662317	56.52967148034783	5.452157520859908	56.634005149767965	57.85128734516126	59.852572179150265	52.813391561501255	6.7027508352961425	48.511697461086946	55.679140912495896	58.734700301112795
1120000	59.44558011716731	3.5327883894651744	59.77585063412977	59.87957119316997	59.96200716255387	58.15691325267031	3.44036069370325	58.81233016265943	58.86197157731737	58.88414189412502	58.98127295776778	3.7591112024262334	59.806898193420814	59.857506846581494	59.89245815417941	57.93660346935272	3.4090107385673254	58.30356120438764	58.69434426315105	58.786459866213434	58.90964735586538	3.765548975709967	59.7034583780945	59.76033003352421	59.80663247247772	57.98994495540573	3.4017603983904836	58.47169028052071	58.71592580469563	58.78341080360643	56.54422189390475	5.431915009957288	56.634005149767965	57.85785765288067	59.850276310806834	52.85933697887585	6.656875938098982	48.611840488032726	55.68494616465097	58.68474229669221
1130000	59.4387577846697	3.5350010825823803	59.76735870099813	59.881527069295636	59.956304071302135	58.15801395468982	3.441148097238051	58.81125822416945	58.85911284227744	58.886480909677225	58.98251818023457	3.75824893860947	59.80308256541969	59.85822213843615	59.89189391045548	57.94240659882588	3.4093883060113033	58.312045788944964	58.69631278822225	58.78732357004125	58.91056436363804	3.7621818504018485	59.70179679479689	59.76042425088874	59.80547150383059	57.99326752380404	3.4022181029639587	58.47419493782246	58.71808710875327	58.785220548924066	56.56425705624879	5.407869431688188	56.634005149767965	57.85631780922719	59.857339277112565	52.89293029798433	6.633553981792957	48.64415272571898	55.686984114972816	58.698570295699824
1140000	59.44522975377161	3.5352677901311824	59.78575430453393	59.884680917293494	59.961554278327746	58.168619800002205	3.4388751256199663	58.81765824417849	58.86115257894851	58.88728795794387	58.993126818483255	3.75727404908066	59.807158030585825	59.865145598923725	59.89836071615891	57.94698980511704	3.4101181928139663	58.33546627368511	58.70013049790778	58.78810186498312	58.91877320827025	3.7618738077622838	59.707460134573545	59.76704624792882	59.80948583989868	57.99610083357449	3.401851372164725	58.483983442522856	58.719998308988515	58.785406595301254	56.57940564942234	5.393820314792023	56.634005149767965	57.8684634972662	59.85474784304702	52.9266381625732	6.606534177008095	48.71579228546885	55.69161720815859	58.750286808502075
1150000	59.44199594008345	3.532842917982545	59.77147054403384	59.88554665958842	59.961270655319595	58.1716006792113	3.4392379250023057	58.8176887794724	58.8637544518155	58.88889635519943	58.994425131121496	3.7561727076123295	59.80332041023347	59.862790648685056	59.89796067428492	57.954815738661416	3.407765290207224	58.339424993629144	58.703175504935004	58.78998963135908	58.91992373371869	3.76086762461006	59.705194163570845	59.767005396618245	59.80728358810899	58.00080823552564	3.4017316430481768	58.483983442522856	58.72312882985264	58.78780119262653	56.59794043564897	5.369473694856822	56.634005149767965	57.86121797382415	59.853219880126346	52.968565904135225	6.571444208507093	48.79117985254673	55.69691699039883	58.75609379541737
1160000	59.45331336755449	3.533613893603327	59.79540373086506	59.89026062226718	59.962282049129556	58.17750952149631	3.4393743364703364	58.82254896706665	58.866884330478456	58.888803883992495	59.004243410641315	3.756064194751453	59.81627782926137	59.86395936880878	59.899436107148404	57.96068123596382	3.407564019212461	58.35488242989973	58.70727909294936	58.79277294891435	58.92367161564392	3.7597808470969905	59.70416449478191	59.76534210205244	59.80871032190027	58.00642033187376	3.4007636063535864	58.48465783400588	58.72435828606616	58.7896817901419	56.61163313307061	5.362893082005019	56.75546574698947	57.8631888662883	59.86092050501364	53.006235522290325	6.530797323779579	48.81311600491381	55.69691699039883	58.72969828514437
1170000	59.45163665020204	3.5356823410626186	59.78498216368533	59.88548834092121	59.96392163009345	58.177436800173076	3.4379624992457027	58.828644543013965	58.867293113312456	58.88885349541052	59.0044479621525	3.754174696259468	59.80988360791332	59.865388463440155	59.89839936994584	57.96515691487515	3.4069256505456074	58.358574908012805	58.712719508265835	58.79513664585376	58.92976745953075	3.7596958894733916	59.709481334836646	59.76648945685582	59.81442794211554	58.011666291144344	3.4002765640080814	58.491018318950125	58.725777321052846	58.79047215962892	56.63208504138465	5.335943188326579	56.75546574698947	57.87684649955029	59.85716677973346	53.03489055587918	6.506502406061734	48.94282427550908	55.69812738239179	58.74952433588146
1180000	59.44512284665623	3.534306425604217	59.7779390016087	59.88547815458823	59.95890921195656	58.179486190738515	3.4367863738708717	58.829085298015215	58.86751958301194	58.88977327522245	59.00355397593034	3.7537122120429176	59.81397205466892	59.86468063629547	59.898568219344355	57.97018692367721	3.4050594799033753	58.3617842161261	58.71660532613218	58.79713587744127	58.93098932260236	3.758035751930369	59.71203733242753	59.76655821626797	59.809635025938825	58.014779498009986	3.3997897631688185	58.5075940602501	58.73009362159039	58.79184040129222	56.64985814894941	5.3048999351644275	56.909386979251046	57.8610649188562	59.85935082349597	53.07031804001757	6.472697328347902	48.95552280995771	55.71218942298415	58.73308723586457
1190000	59.45909086415622	3.534363613498274	59.7959694840576	59.8917389818226	59.96692882180464	58.18315105379556	3.4332973522163157	58.827836883341384	58.86943840754902	58.89149132204483	59.01135746746412	3.7517895855690733	59.817727802213525	59.867453126104195	59.897123135191336	57.97454231616832	3.4038414910170167	58.37467397698803	58.718741108870894	58.797851801574275	58.934462460435505	3.7582371897564064	59.711011762896334	59.768484659757505	59.81861636469402	58.01902258737411	3.397060162619989	58.512538168471124	58.73121736517747	58.79408705162974	56.67353819724813	5.279068638268524	56.909386979251046	57.87767162895005	59.86283163210618	53.103994152036165	6.424472378007517	48.95552280995771	55.71504480998621	58.75585435171185
1200000	59.449510350742074	3.53399386910331	59.78414572977406	59.88547828893984	59.967196756314856	58.187972806482094	3.437991854189088	58.832181952835455	58.87232951513124	58.896238433729565	59.01570762145663	3.752575030578868	59.82236621502734	59.87230951124956	59.90488866264135	57.97966295528725	3.4048528659304496	58.389998408911644	58.71908899295426	58.799585552540776	58.937388116293775	3.757589655463849	59.70864665425991	59.772715855419975	59.81535602363269	58.023406898426316	3.4002346600842603	58.518267533039996	58.73460363218969	58.795842615785475	56.68547100106097	5.266900810447376	56.909386979251046	57.88060821873016	59.864848945266026	53.13565838483996	6.393206259920197	48.9627650830893	55.71504480998621	58.71699815659376
1210000	59.45834763783977	3.5382100078498073	59.788594046429516	59.90552450194467	59.97075320050699	58.19088323261938	3.438948977804139	58.82854604247291	58.87237181767087	58.893461252394914	59.018561312814235	3.7512273202590474	59.82403392691964	59.87146605750118	59.901030936853914	57.98665956131853	3.40365944910777	58.39392708571114	58.72109179933344	58.802412994371124	58.942849256873494	3.7565319096421517	59.72480787440027	59.775733733851624	59.817990810527085	58.02686082380089	3.401242354010201	58.52123414102844	58.735005261201295	58.79685028472657	56.71192367194724	5.231477060016155	56.9691896096254	57.87849454204859	59.86646038316371	53.17178035293056	6.3530195467922725	48.96723793956472	55.72556646177466	58.77939161949013
1220000	59.45055473683744	3.5347587762473744	59.7789457349247	59.883915854160335	59.96380278060286	58.19536230934937	3.438243004420637	58.833909380137484	58.87399143897031	58.896485418383946	59.02142514539191	3.750931472805287	59.82329432087988	59.86980852348599	59.90306092010202	57.99104423761434	3.402872618002063	58.396310772590695	58.72401050645369	58.8030376896113	58.94126718602614	3.7555391947781267	59.720280962880445	59.77256915257531	59.814386230794526	58.03141960479624	3.3985510174301243	58.52204754726786	58.737894530979645	58.798329459324826	56.728428770673524	5.214440628567406	56.9691896096254	57.87638938250117	59.86374863028109	53.19960339745357	6.329154796935821	49.06094873006104	55.7333371921939	58.72004413573576
1230000	59.46509470857332	3.536681474072025	59.80250302774177	59.908840500105555	59.97417484846311	58.19755527712293	3.4373747181097283	58.839178038034156	58.875552016994675	58.896266863220895	59.024730904463794	3.7500975212823424	59.827996977812845	59.871819932177345	59.90305390972901	57.99536066090023	3.403435889574512	58.39965630011751	58.72870615708619	58.8041246788519	58.94934791217993	3.7559576499748037	59.72549471508065	59.77756503565436	59.82145450776055	58.035191941702436	3.3992203310151012	58.52371407538057	58.73980661038675	58.799225460395164	56.747638419745535	5.205046586160196	56.98729911909536	57.88621022039297	59.867673299333134	53.230811736845666	6.308412068455684	49.199785442734694	55.73560717835878	58.69963068394668
1240000	59.45554613787377	3.5355309194234747	59.79278156554979	59.89587305045026	59.97182027773139	58.20054658231742	3.435855946333218	58.83928099298989	58.87833286765195	58.89866970611321	59.02919497858336	3.7497815657095996	59.82608290352904	59.87655139725494	59.9066018982228	57.99950980189475	3.4033727499423545	58.42180943816743	58.731581100291066	58.80565307030919	58.95225443461707	3.7553040983401984	59.72329406818912	59.77978641729853	59.821880437765934	58.03687288307714	3.399074038992588	58.525633309185366	58.741804207187926	58.801748767403765	56.763858479216246	5.186362305941601	56.98729911909536	57.891097325360946	59.86991830082832	53.25938469350607	6.2931164575995755	49.24609715279301	55.7373670312962	58.7513100597382
1250000	59.46572216243503	3.5368417565427213	59.80533567689417	59.90521499987234	59.97532362725519	58.204210543552264	3.4373828273362386	58.84242205638433	58.87673399513288	58.899562783001336	59.03112227165125	3.749183206924339	59.82586941259005	59.873796779344886	59.90600105643603	58.001237062958765	3.405317732572492	58.43381382532638	58.73482484610682	58.807554135478874	58.951885459918564	3.7549269238477936	59.72389846305647	59.77908542922812	59.82065885981491	58.03892726160865	3.4019631635654446	58.53425539166283	58.74412478865955	58.80455789839513	56.774197454491265	5.182974639078737	56.98729911909536	57.88663566183263	59.87332752813619	53.28044690009024	6.268832637690912	49.25743278877957	55.7399738533461	58.751037425816925
1260000	59.4601946882387	3.5352797984425335	59.79811286091226	59.89946998006972	59.97207940462426	58.20688400358514	3.432962031942671	58.83993601394057	58.87756722777309	58.89980142858417	59.03432547528097	3.7483513927518466	59.82828233505009	59.87727692523514	59.90721349808911	58.008387127855094	3.4010681088887575	58.44210802492339	58.73582116973916	58.80982437213797	58.95703553499874	3.7549779452545806	59.72942758245232	59.7812956926986	59.8263069433291	58.044166719241204	3.3959088193553653	58.54003294373082	58.7474197701879	58.80573075485107	56.79164183935266	5.15686509176046	57.06721070682742	57.910794244877465	59.874196230661376	53.315565979628275	6.235060581197892	49.27462279796495	55.741995669660724	58.750516089781655
1270000	59.47027619691854	3.5350480124911328	59.8022257558647	59.902505302478396	59.975677122867715	58.21021586114288	3.4347453098342062	58.8464865271653	58.88180185619264	58.901375543363955	59.04188208000783	3.7483713984346267	59.84032282599674	59.880011023372504	59.908763176089884	58.010758754788824	3.402840631215433	58.44210802492339	58.73595709598005	58.81146590357682	58.963349156824684	3.755334030999227	59.736420545733765	59.786870855973525	59.82766516549486	58.04518974026334	3.3994160212178657	58.542722971668496	58.75060888108953	58.80834927350854	56.808778209980915	5.130578803886113	57.20040959830668	57.89305277046516	59.87672382741543	53.3506337418622	6.202192339277035	49.40916997870183	55.74436816304181	58.74928075902842
1280000	59.467581775323666	3.533058955983884	59.79662303598312	59.909153381135766	59.97351592027721	58.20961336512959	3.4358871702075757	58.84840693869079	58.88179666548287	58.90270249685068	59.04295969672717	3.7476994976324978	59.83953732004393	59.88153374102444	59.90972908294661	58.015965365773646	3.4014932343740716	58.44347549533012	58.73785977968775	58.81237934153772	58.962228336203694	3.7546798298299744	59.73479528788998	59.78862315578367	59.82539791203445	58.04994972382791	3.39646510210202	58.542722971668496	58.75032398133946	58.8079174026161	56.82445483406235	5.115265381852713	57.20040959830668	57.896666821832945	59.87666243004305	53.36894133681839	6.187572978416138	49.42338588777423	55.747435057914466	58.71485871919605
1290000	59.472323024483906	3.5348867114479705	59.81226512570258	59.91229178860613	59.97563359648194	58.21378707029117	3.434838292995952	58.849396575131834	58.883569817087185	58.902846834294735	59.04570687231253	3.7470249688340496	59.83933203830904	59.881876638140874	59.91093444729313	58.01850920087119	3.4027917864667105	58.44553333526404	58.740046519846146	58.81332742051521	58.96594576951847	3.7546771024369456	59.73814434996823	59.79198972641589	59.83019192135224	58.05277932065549	3.398364562998904	58.554248397477856	58.75193396096255	58.808279252556474	56.83416238634354	5.101826599706971	57.24562200639856	57.88613704092087	59.87894403729634	53.39919127111718	6.164129463385826	49.4413453327846	55.74918123317546	58.78131021463324
1300000	59.46877037245221	3.5355073522930396	59.803918559189306	59.91483765164074	59.976037053172526	58.21349358837876	3.4365507118942817	58.846456598939774	58.88474125513228	58.90442248949755	59.048389157042976	3.7461649592422472	59.835129392514965	59.88300432488113	59.91302460629714	58.02292597722402	3.402463469807128	58.44763160847872	58.740587221138725	58.81560000808958	58.96565075420136	3.752203344570541	59.73494398313928	59.789654135982595	59.831310192091735	58.05556256057845	3.3996609275042498	58.55299686236431	58.753068440375415	58.8084938993751	56.852047465462476	5.085220493224606	57.24562200639856	57.89271637949615	59.87912679970577	53.42546744328136	6.13482597892568	49.468726961707254	55.75584284193416	58.73027546440977
1310000	59.466425389049476	3.5370117235060063	59.803945532434156	59.9122386773779	59.973147932859604	58.21793034373848	3.4354100666937177	58.851511726706626	58.88612946666976	58.905584378028905	59.05057735171652	3.7461529848619515	59.838310036394006	59.88535142642508	59.91236518559481	58.02572867553066	3.402124041920408	58.447999865890495	58.74301735273926	58.81650407911053	58.97189283481178	3.75225050895393	59.74304238314715	59.79096054882808	59.8306988416354	58.0584027234226	3.3977672901268097	58.55299686236431	58.75601534540968	58.811476656377494	56.86233460761884	5.076960769964776	57.24562200639856	57.902547700907284	59.88074008084568	53.447932917983124	6.116827073748107	49.54750326402647	55.75634818713365	58.6856399438593
1320000	59.472344998111836	3.5373361539783628	59.8112225050949	59.91856657436122	59.97707395142034	58.224046245476906	3.438740333082374	58.85614088852798	58.88748145425919	58.90774757674043	59.05348379776928	3.7460731256667645	59.83907950694627	59.88676473723057	59.91623016948684	58.030514598703334	3.4023014162117007	58.45984840455067	58.745242942756285	58.817290324841444	58.97606191419672	3.7501947886788956	59.740697735284854	59.795984582039424	59.83487709430534	58.0633411922549	3.398600010852286	58.56448314237862	58.758387128433114	58.81266070624238	56.88634466446408	5.052273152033528	57.27053112092592	57.894365812898116	59.882954094294774	53.47019741312502	6.103039058765296	49.5882481359904	55.75695080439242	58.71345385285955
1330000	59.47278593231478	3.5361024505012097	59.808437438164205	59.91019574597058	59.976269176260516	58.22750081809405	3.4368335443094753	58.860018590229224	58.890865496130075	58.91008757377828	59.05574708652837	3.7459930649000457	59.842812967800505	59.88869915236753	59.91764947863562	58.033686110813036	3.401593107906664	58.460227728475004	58.748005097795726	58.8179362425188	58.97972492554036	3.7502448739173664	59.747145121819486	59.79616676532466	59.83726625595696	58.065617893234624	3.397308706225683	58.56663569397421	58.75844816612281	58.812630391211485	56.89483080777105	5.041655176383274	57.27053112092592	57.91070448391389	59.88528601886817	53.505891509456454	6.07341684343456	49.66241506122591	55.76077476879261	58.7424237404431
1340000	59.46644494493312	3.536097615274558	59.80338621877463	59.90324256306886	59.975759318745105	58.224633322706076	3.436196796272523	58.856789072337115	58.88938358968947	58.909662443267464	59.057571015845866	3.7460593695849833	59.843971172149644	59.88990362469927	59.91881046757086	58.03641231423289	3.4017365826548733	58.467511970322086	58.75129818520592	58.818779862488164	58.98261779277591	3.7502958148170524	59.7483487711569	59.798910997369546	59.840106971568815	58.06827148979277	3.3985834779469806	58.56988335664538	58.7584261925753	58.81476197958341	56.906703173672526	5.028745599538872	57.27053112092592	57.89689383211572	59.88429540449151	53.531015943532225	6.0477708546536295	49.68171620603421	55.76077476879261	58.73290220069054
1350000	59.47886535836574	3.5370154246442516	59.81442208672465	59.920553703837626	59.98090021279943	58.227169402527245	3.4333982504699865	58.85799528962104	58.889718403223824	58.91007609302395	59.05677189494537	3.74526152453583	59.84145394592503	59.8894578517009	59.9199975983023	58.04029114906175	3.400284651399794	58.477969593898855	58.7526756819136	58.82093164788286	58.98284734930466	3.7499822941457013	59.743895492395325	59.800402304236904	59.84171996069038	58.07115618431643	3.3957596985051004	58.57051372472631	58.75976367002439	58.815746774637326	56.92919529254469	5.003505723667557	57.27315212640946	57.895806524320825	59.885194378744984	53.55683813822359	6.027608058080114	49.68171620603421	55.761869480917866	58.71674813852182
1360000	59.472472562259874	3.5360103544948687	59.81349156111286	59.91236799788419	59.97825443879075	58.22935579990889	3.434742331051748	58.860256526887184	58.89290268087029	58.91102378315903	59.061361945410894	3.745570274485446	59.85048031587349	59.891904543279615	59.91938894299612	58.04340339870973	3.4000168303369196	58.477969593898855	58.75600216387507	58.821447836310526	58.98771767519809	3.7487929433302276	59.749065594720285	59.800605532880944	59.84038255192563	58.07354658733807	3.3967134011292663	58.57509835580953	58.76581892116214	58.81731278414234	56.94323528732443	4.9753612006747	57.469035894377015	57.902914419123384	59.885531097202716	53.58335574805961	6.003612354627903	49.6990077172497	55.76987891845627	58.74868584780526
1370000	59.47448508889308	3.5374309793091085	59.814263825944046	59.9176957581261	59.979210993391334	58.230590870299224	3.4357174341996197	58.85929328916586	58.892469579965464	58.91022585594263	59.06343940375168	3.744016321013598	59.84664525798051	59.89030454149588	59.91848349960877	58.04715873152881	3.3996243616642343	58.477969593898855	58.757574539445	58.822784899575325	58.98963122727499	3.7489067155956906	59.75213139500551	59.80067827613448	59.83994931329269	58.07729287353725	3.3979479052542687	58.57240701533364	58.76702407816428	58.81849491029969	56.96038889014554	4.962194558078305	57.469035894377015	57.906088454903156	59.89127507428766	53.62046424851305	5.964092781222263	49.7517942291419	55.77157781876868	58.727469810943575
1380000	59.48295189510867	3.5378764364546136	59.83233573018943	59.9226814498383	59.98172447830525	58.23269996009714	3.4356150034337443	58.86206959001431	58.89297756748312	58.91208601852694	59.06617756054169	3.74439491955465	59.85194281850758	59.8939940608183	59.92145897006421	58.04886812888453	3.399661214494892	58.477969593898855	58.75965490733904	58.82458023195781	58.99275678503675	3.749015118852212	59.75881565001687	59.80320120689474	59.842256115975935	58.0803526088982	3.3969137365192053	58.585938551957305	58.76702407816428	58.81957879842399	56.97332045538685	4.945324991647808	57.474253005994456	57.940996381118666	59.887559443649664	53.639478215062724	5.953327445585172	49.82499014526756	55.77429314807644	58.7538291467707
1390000	59.476622837307644	3.5363845505496383	59.81840320960194	59.91810393927813	59.98182912255589	58.2346241204186	3.4344004513038184	58.86360255511526	58.894488600692235	58.914671177532014	59.067850729514234	3.744003170945566	59.85249526254219	59.8935184796276	59.92291364900796	58.05235816151342	3.3999497845380486	58.48238754294359	58.76131774422227	58.825428274336346	58.99334762006299	3.747197982205739	59.75102743696572	59.804215996736744	59.84317445821607	58.08340630971843	3.396590340636053	58.58859505719377	58.768593126635054	58.82005332109873	56.9846303151784	4.933490995126446	57.511501349095816	57.914061388146735	59.88663877269537	53.66206188944413	5.938170475641808	49.95626909235122	55.77488035648815	58.748684675995534
1400000	59.483978161817625	3.5363694383155506	59.8359754109594	59.923586010368204	59.97902162570756	58.24087634029417	3.433077062693135	58.86714129216557	58.89715194861189	58.91457720021583	59.072613304908785	3.7440818609717774	59.85202149796808	59.89484659409242	59.92374038086543	58.057256140492754	3.398968820114498	58.49472292535395	58.76396465602874	58.82781746283357	58.9973382006379	3.7472109360863355	59.75342634336833	59.809486424975425	59.84628891372608	58.08843513709056	3.396460492091793	58.594120656890766	58.771958448064574	58.8215628047156	57.001139392565605	4.924060573629392	57.53116861739009	57.9004558600674	59.89095023855961	53.68000462884089	5.921231609936897	49.96611583483292	55.777179938399414	58.714982334685196
1410000	59.49027164819478	3.5365810072927375	59.83462250009545	59.92765341006617	59.98368249126695	58.23888809504041	3.431178596145824	58.8638277468323	58.89588458702573	58.913393564729255	59.07260125092525	3.743511961938024	59.85343382718193	59.89253783473276	59.92153186301262	58.05996015231205	3.399155065549647	58.50517589644483	58.765216837920114	58.82832163029306	59.0000809991457	3.747343156471274	59.757469289820556	59.80883832243002	59.848937908868194	58.091242849118025	3.3959822281549874	58.58859505719377	58.77421073956643	58.8225315857974	57.01153256175564	4.897438818737306	57.53116861739009	57.91000414314906	59.89323916322056	53.70007577333142	5.904013260747681	49.981997679407314	55.77839624962855	58.70359370466104
1420000	59.483763339920095	3.537489297157551	59.82737101443504	59.92241225511869	59.98205635650079	58.2449917550152	3.4332359240948143	58.86928300882395	58.899457546086566	58.91551675306121	59.07575762959028	3.743201842990592	59.861820510984344	59.89685160637857	59.92196030539813	58.06508853662814	3.397667130136311	58.50517589644483	58.766979887342316	58.828731543894506	59.00161112498354	3.7474263346106844	59.759163025009784	59.808196099585444	59.85239149733016	58.094439968887436	3.3947816881888384	58.594120656890766	58.77532762782408	58.82408784405256	57.02778126189892	4.883472761901212	57.53182270106176	57.91927996366427	59.89219650306225	53.72098415563428	5.885187552981118	49.98764949394452	55.78084521951286	58.70359370466104
1430000	59.49017011202743	3.5381783127024256	59.843964332097066	59.92852700195291	59.982595915563536	58.24462394631244	3.43431858905767	58.87392534077645	58.900439967233126	58.91864141289864	59.07690694328086	3.7432149831060637	59.85923545612546	59.9001940355578	59.92747345599007	58.06592059621827	3.400270141880461	58.51064135923373	58.77033995594145	58.830656579498665	59.00360528156602	3.7473280729316887	59.762719083908024	59.81018393991202	59.85197934270464	58.09473261998724	3.3982327668767445	58.59658208028643	58.77806177078129	58.824224819202406	57.034946973556096	4.879379304140071	57.53182270106176	57.924824019511604	59.89587994461063	53.74622588076737	5.865680996598833	49.98764949394452	55.786586594212096	58.744419784841014
1440000	59.48538448569969	3.5380785033665143	59.831449353943	59.93281573333532	59.9852052060715	58.246404535246704	3.433785252667363	58.872697094188325	58.90105742018194	58.91827631615826	59.079001212887086	3.7428678427815543	59.86442941456095	59.901304101492755	59.9257327421588	58.06962562109139	3.400309736823157	58.5164475734314	58.7733668637876	58.83198314696747	59.00584082203704	3.747383381727303	59.76197565091518	59.813843317673076	59.85547517285302	58.09917310704926	3.397891541412624	58.596987394782104	58.778946067472894	58.826035316252145	57.047014620218775	4.8642945262242145	57.541267893001816	57.97641518950788	59.89803982400673	53.76274307764247	5.852416555134476	49.98764949394452	55.79008663523701	58.73821202104922
1450000	59.48378597350406	3.5371363412450028	59.82465303629079	59.92451909661085	59.983905276878644	58.24642233462096	3.432771193752375	58.87034557475781	58.90168227580011	58.91825963888896	59.07844267268923	3.7424346914816318	59.8602915297805	59.89852787757279	59.92629818122107	58.07248280241846	3.3983094046355604	58.525894182330276	58.77464934705449	58.832481995112026	59.00736845947849	3.7460597891545655	59.76921697128597	59.81140682708771	59.849794899985014	58.10170608871113	3.3952665790288794	58.599381617662665	58.780359096536415	58.82681460930169	57.059525911724805	4.848252154293348	57.70063092689739	57.93211688605622	59.89731469299638	53.7828050394078	5.8376372367045715	49.995196012302614	55.79334013814156	58.70911539827784
1460000	59.48616096878228	3.538178637345537	59.82530712650584	59.9346911563756	59.986034820676856	58.25059330454893	3.4358448215815165	58.87640058446865	58.90530808132056	58.9220096197309	59.08441046463977	3.742335621937507	59.86254050377221	59.90097165768893	59.927940313413835	58.07522212593224	3.4005937843497294	58.5303944345128	58.77533800980642	58.83373124598838	59.009648356226954	3.745345977288539	59.76543954641101	59.815058504142456	59.85361593470816	58.102786097630634	3.3975398264460037	58.60398734277522	58.78122224068987	58.82666329621375	57.070996183148914	4.836119554828303	57.70063092689739	57.943588649429316	59.90289300141024	53.80311201215963	5.8242299267161375	50.051535898595915	55.79493348190152	58.74439301559899
1470000	59.48900722308767	3.537507744575385	59.84143465763423	59.92982844275488	59.98707138609025	58.255923152073606	3.434941992757324	58.88052732690336	58.905874591089756	58.92230470219123	59.08792771224632	3.742769337919871	59.869317220994226	59.90418693454153	59.930070334941725	58.07746910107082	3.3990759485963853	58.54220304728824	58.77599006766306	58.83420415385524	59.01247382617153	3.7454880618922113	59.770324701648434	59.81818547700122	59.85313351617323	58.106423039900065	3.394789417050842	58.605730893436146	58.783020378487514	58.82854768159609	57.07820597312241	4.831224060076339	57.70063092689739	57.93561166271839	59.89970041956323	53.81797200154507	5.81088879455474	50.156416121601254	55.79849303854883	58.69423614932493
1480000	59.49091007430056	3.537825433681238	59.831168926518224	59.94188017398041	59.98756035087466	58.25110611920067	3.436698394922895	58.87750863095969	58.903997203875925	58.920626786636724	59.08606157922508	3.741296492859485	59.86811195021407	59.90354171324837	59.92966749312362	58.07897111584944	3.3990501951284893	58.53665148892327	58.776907361206256	58.834809812012764	59.01743481805346	3.745094084882567	59.773292093563015	59.8209746826812	59.857965436312725	58.106993482028244	3.397274947792402	58.60778233560751	58.78481103102189	58.830711906439944	57.08909242786809	4.827454300611143	57.69793722896416	57.96530011303342	59.901063418515854	53.84072700700008	5.786671262032649	50.156416121601254	55.799994159642324	58.69723472731987
1490000	59.48875498025791	3.5377726361139854	59.833382363755	59.933141217533674	59.986066591267296	58.25380549326552	3.4351747605276066	58.88054260567527	58.906327179220185	58.92356644931843	59.08675476063358	3.741176719430951	59.86516348511178	59.90234779471622	59.92910631268712	58.08203147390246	3.3984577136381904	58.54670775617424	58.78020142418315	58.835642423106194	59.01434769717883	3.7442447560483485	59.76480558668103	59.81769440707696	59.857553906716014	58.10934111299574	3.3970570091394405	58.605730893436146	58.78560941516676	58.83172022715294	57.10073639566132	4.806248509411442	57.69026272330639	57.96829739290217	59.89788372558358	53.86271961571108	5.77052872279883	50.156416121601254	55.80051747287604	58.71408948809255
1500000	59.49700801141756	3.538581810606761	59.84315168807486	59.9369081332015	59.989378675464756	58.25382501530179	3.434430630292708	58.87888920946294	58.905223539637944	58.921716671420214	59.087835950348534	3.741220782531516	59.86725185341143	59.904191437187876	59.92981495015256	58.085096208888835	3.3986331006441737	58.5474334799128	58.78252555958177	58.83643679936773	59.01777338678177	3.7445221488434064	59.77540588680574	59.81973183098841	59.857134059517705	58.1145761692357	3.396200189194331	58.605730893436146	58.78716122389065	58.833294832689106	57.11273987882157	4.7965728608276095	57.70016120601947	57.994073064907184	59.90319202424422	53.87992523326594	5.761056548318486	50.199384455621484	55.804816487807216	58.73599564806796
1510000	59.49304015037039	3.5366909034195655	59.83642976057928	59.93510313748307	59.987879304611255	58.25324146493866	3.434442565138117	58.877672774524925	58.90732574442316	58.922923505906084	59.088402122963494	3.7392338738197597	59.869456881794	59.903703477924694	59.93048723907468	58.08771369768449	3.397540536925373	58.5484497349711	58.783110464892545	58.83709970645785	59.020172898466235	3.744488695946298	59.77483232845459	59.81946180894304	59.86015801516275	58.11774116871882	3.3951133105133677	58.61861485793027	58.78874629997625	58.834080454045946	57.12515451584818	4.780802195490344	57.74812296778331	57.94725003208792	59.90416286354771	53.903270034380505	5.7344614713949955	50.29527869766618	55.808820327540104	58.704743888651024
1520000	59.4922866924277	3.53755159527736	59.8408145013749	59.932641410036155	59.9850602069619	58.25903990119565	3.436658508088095	58.883674768196144	58.90988064333662	58.9253504357236	59.09368735450399	3.7399959858103036	59.87585190781676	59.908622147326284	59.935112093141015	58.09085067228048	3.399054342608519	58.55266237849749	58.783627114846226	58.8376417382922	59.0230877789902	3.744360363461721	59.77674237067996	59.825413037727024	59.86316574926182	58.12063929726596	3.3970651106281844	58.61881720576645	58.788838559102714	58.8347261098905	57.138247426793065	4.7665987652981725	57.752850094156166	57.9663778538918	59.905424137451575	53.919458281373586	5.725209336410725	50.423062382312956	55.808820327540104	58.713013341833275
1530000	59.49209980304842	3.537767403046671	59.83171753938234	59.936233727442925	59.9864103198003	58.2612057392769	3.434364751908337	58.887503548001035	58.9097074716572	58.9249874397135	59.09212842652929	3.739751128172161	59.87250497058446	59.90823791717844	59.93409530034481	58.095798175811474	3.395848845550645	58.556749955202065	58.78425459721615	58.83808992328168	59.02267658645055	3.7439855830694673	59.77612591569151	59.82424089225575	59.86024284659979	58.124697366116315	3.394794238554011	58.62209506090885	58.79080659843596	58.834992292525826	57.149132005845765	4.749388783310031	57.752850094156166	57.94497155822266	59.90790883834441	53.92923731566072	5.717613965138228	50.465518908824244	55.81465046735353	58.713013341833275
1540000	59.49392927627524	3.5374717534402387	59.83212806773048	59.93942730203257	59.98876455915703	58.2627039003177	3.434289158705578	58.88636671988372	58.91119888732115	58.926975627000786	59.096010017583026	3.7384872114026657	59.870833313323885	59.909878885007764	59.933302816696674	58.095718839479595	3.3956004236155586	58.559503617378155	58.78594503655305	58.83857992715954	59.02611927110581	3.744222953711029	59.78129366018213	59.828786448883314	59.864944713937554	58.12566172764289	3.395112922873236	58.62342203514971	58.79207780935478	58.835655281205895	57.161911407801384	4.732114947566017	57.74993247842201	57.976373196925636	59.907510386991845	53.94802746952732	5.701659174632743	50.465518908824244	55.81465046735353	58.718322690055416
1550000	59.49859641548674	3.537922871866016	59.84977964333175	59.939006743368054	59.987322482751715	58.26457068059878	3.4326886554275786	58.88529270376131	58.912520656205785	58.92863845083693	59.098170563461174	3.738473603668757	59.874723971916566	59.90999114336714	59.935468540925974	58.09789410503849	3.3951660658612934	58.56724321975362	58.787944079179184	58.840107630183354	59.03078587923242	3.7448235712673927	59.786751168210785	59.83113609587052	59.86652770599333	58.12786797757879	3.39477384615435	58.626206742602	58.79310719739766	58.83620506077768	57.170571793547225	4.715273986526949	57.77102423554605	57.96609628782444	59.90729237342401	53.967953344978085	5.682977279523928	50.47770716237978	55.81527499109013	58.71630615436898
1560000	59.49741008529323	3.53822303625094	59.841954595430934	59.93731719403269	59.9884012450293	58.26343585452625	3.43472970344731	58.88443687136605	58.91157096534762	58.927388766520465	59.09852203370836	3.7380120927705156	59.87181601349786	59.91021797876438	59.937090630542066	58.09979870433516	3.3968435072262864	58.572446156050745	58.7893134140885	58.84120670916202	59.02815251459208	3.742713693788595	59.77824652477639	59.8269344378506	59.86378783797994	58.13244855140765	3.396019182196415	58.632493242567804	58.794258504897854	58.8383756413975	57.1841142373388	4.704336729922526	57.76721806750498	57.99595621852265	59.909432875466905	53.98773312952373	5.659060666851059	50.47770716237978	55.81638275842968	58.718322690055416
1570000	59.495160591995095	3.5377857824388155	59.839071391125906	59.94155783477581	59.98833430032569	58.26715931054669	3.432114850744486	58.889469231730615	58.914083638968236	58.92979311442162	59.10324859336851	3.7384776960237964	59.880459042263226	59.91334478800992	59.94031280187862	58.10412387714426	3.394185089997482	58.572446156050745	58.79184702499266	58.84236835546925	59.03815249643253	3.7435018849322814	59.78935359192037	59.83517841527846	59.87211118987142	58.13541836817302	3.393835371635548	58.63567973684587	58.79573616016514	58.83894758650185	57.198570119279815	4.690109800090161	57.77951642581965	58.03178134592258	59.91046385727234	54.00201302085188	5.650287719167903	50.497130216465784	55.817841139864086	58.713174465831905
1580000	59.50476592943269	3.5377616483486864	59.85464514981727	59.94877380031873	59.99076320369766	58.26948237427997	3.434714748949902	58.891339015077875	58.913764314024874	58.92879397689688	59.10532710060234	3.7380927162391084	59.883283851656806	59.91360309418177	59.937517564650065	58.10478344502663	3.394754831055278	58.57766458406505	58.79226211168536	58.84279615664618	59.038363138683536	3.743249785444889	59.793544698836826	59.83598933129261	59.870726370175454	58.13773110132242	3.394611155745649	58.64110367733095	58.7977586876285	58.840323502170776	57.212812949119055	4.675069722956083	57.79413878066969	57.964621164919635	59.9122265514346	54.01782546900231	5.631223637730982	50.55189344198598	55.81883515743305	58.73472974269739
1590000	59.49871255755775	3.537609621725708	59.844570877773954	59.9380737772275	59.98876240521671	58.27174748470804	3.4302592459010772	58.89063540616285	58.91419452227211	58.929468095446325	59.10309644179604	3.7373474725896214	59.87438293982197	59.912793229657616	59.93779708832842	58.10717799340735	3.3936309867172447	58.578418311021835	58.792972107991986	58.84403647437472	59.03812973487084	3.743094333153549	59.79019727120275	59.83413171532305	59.87141347070697	58.14009578422641	3.391963803916347	58.643925680671835	58.79797468608909	58.84019154203834	57.22169276634731	4.657907808737212	57.80096473839249	57.97378447298593	59.910849916994785	54.03127487604431	5.616661272321749	50.55189344198598	55.81907063004964	58.71347894203622
1600000	59.49843339936157	3.537261676697868	59.841949857205435	59.94091314725161	59.991234443800394	58.27204623758935	3.4294212249066116	58.890041678704485	58.91492409135163	58.931794771916344	59.107175223004226	3.73751906255411	59.88151775578305	59.91581493217882	59.9389109637745	58.10897196256515	3.3939233715000734	58.58062188362458	58.79370897554822	58.84488832726275	59.04011510309542	3.7421160437972434	59.79459412977975	59.83703197512236	59.8729990324025	58.14129519357457	3.3912168081560297	58.645741929945416	58.79892871911842	58.84049545744734	57.23100838751997	4.652386085001415	57.78258759833283	58.01543237995658	59.91543133394805	54.0531079620312	5.600745841574394	50.659047852392156	55.82458888084183	58.72339238567588
1610000	59.502255596988654	3.5378158296113336	59.84515502648043	59.94556413515211	59.99035923548689	58.276682348498575	3.4335083448771444	58.89630653328779	58.91754237600335	58.9320227581549	59.11243133312069	3.737434328771984	59.88518174728436	59.91705688866604	59.94059039693299	58.11011191343219	3.3943183019549408	58.586051654909184	58.79497367626348	58.845215193742376	59.04131876528826	3.7421077552800344	59.79260606624402	59.8381696763125	59.87339594638924	58.14401342395329	3.3938654371074883	58.649515020076194	58.80039998330912	58.841765398886324	57.23693178366672	4.6486895891394795	57.79782032226159	57.97541783641091	59.9152372602134	54.0715117144803	5.586407623529161	50.6692915606629	55.82708571270217	58.731050934531815
1620000	59.501777622479054	3.537643342001729	59.85153452086119	59.94342437888	59.991554849088175	58.277986766559685	3.432615210584973	58.89708199269068	58.91846376468578	58.93283545564506	59.1113429959434	3.7369267022128914	59.8841206926359	59.91750899827688	59.939151928992985	58.113363039552176	3.3941859374437047	58.587796876579546	58.79727811408719	58.84610693549871	59.04417356132743	3.7422227229065266	59.794643432947915	59.836523389630486	59.873868978912085	58.14549377704188	3.39434637324447	58.650507012505685	58.80099127559729	58.84222601295473	57.247300188233986	4.638366738187726	57.780530877187836	58.023398983886494	59.91583422407969	54.09075515961571	5.5730740581616605	50.67765008479476	55.83471893821479	58.72339238567588
1630000	59.508393008332746	3.5386074811680213	59.85995201649624	59.94580899106993	59.99244602817906	58.27985023331351	3.4351622636080483	58.89712757137964	58.91986131354785	58.934925931035394	59.11473820958878	3.7372187678927746	59.88845421401877	59.919917711387214	59.94367125835992	58.11490973717255	3.3947339064508784	58.587796876579546	58.79813438539982	58.84713718833524	59.048736179603544	3.742372404421889	59.80166290316736	59.84120616770744	59.87692833787415	58.146903652577855	3.395193772170506	58.65275013420157	58.80214369737675	58.84373726622261	57.26504929981851	4.621923662668436	57.794745090147	58.12161396761032	59.91930895789098	54.105416400716145	5.557312216856586	50.67765008479476	55.835519131513024	58.71657607037247
1640000	59.507134640844725	3.538429611498573	59.863694337177364	59.948253056177464	59.991991528154	58.280126396021515	3.4340042558272708	58.902110453972696	58.920032999269296	58.93437239633219	59.11540697858791	3.737093401481221	59.88814981809449	59.91945767599255	59.94297319617242	58.115851584074676	3.3938175637623624	58.58798157073609	58.79833402464726	58.84803231650048	59.04887144341854	3.7420690376641472	59.797671379026085	59.84362041036161	59.8759317517086	58.148709569532336	3.392441861680542	58.65275013420157	58.80258954487173	58.84375657101323	57.28054510935958	4.602334751596997	57.79439660752139	58.12949415089538	59.91968313250636	54.12470254696839	5.547650664942973	50.6935445435159	55.836522764751464	58.72339238567588
1650000	59.507357257440106	3.5376957369116666	59.85396588658321	59.943985338777914	59.991528597920684	58.27951446341867	3.432012331630474	58.89861575051865	58.920297148391185	58.934310543129826	59.11549427475209	3.7368238206757156	59.886680196798395	59.91933244137648	59.94327339992394	58.11731886462315	3.394270694902711	58.590523951424274	58.79864390204047	58.848867066456314	59.05054603398924	3.7419918149229985	59.79703184423286	59.84504004659445	59.879654109136425	58.15003729661456	3.393250802547134	58.655528631702424	58.80383505311508	58.84469111155629	57.292634828931334	4.592865679285562	57.7899845065523	58.14950844453027	59.91965874552847	54.147674404371514	5.526298336498386	50.74338801505668	55.83689985607225	58.72727998356774
1660000	59.50901090871337	3.5361111544422266	59.8625961058662	59.95246405450882	59.99146749886285	58.280870684064055	3.435835314139682	58.898283064735566	58.921997913394485	58.935509636454576	59.1146162895229	3.7364671031344154	59.886979545609435	59.9197183609395	59.94353797593307	58.120710218794855	3.3940060235007383	58.59244512732359	58.80092293442768	58.849689686283966	59.053651843042346	3.7419783483735483	59.80096208008973	59.84648546966527	59.88012007965482	58.1541016515546	3.394501098928692	58.65794334642542	58.8059217210332	58.846095999128785	57.303443240326395	4.57891323881901	57.789528524330464	58.218073614045245	59.918781408221385	54.161913115181974	5.506731815882221	50.78718136010892	55.83896232502947	58.71388406882876
1670000	59.509654141959075	3.5371740614856844	59.860505000592525	59.95634937349163	59.99429740834364	58.284638881015084	3.430834410562528	58.90300521626135	58.92303159938522	58.935733108901545	59.115543718418124	3.7363786048869883	59.88666960666145	59.91989930259275	59.944144181691286	58.123757618336995	3.3928670976752375	58.60457774595395	58.80331886126733	58.85063952758618	59.05164855368642	3.7404252349024243	59.79512993944102	59.844347217783536	59.87936059952081	58.15611687806059	3.3906111027656896	58.65794334642542	58.80598562429803	58.847739014786626	57.308642478679616	4.573253581865575	57.80801075025851	58.218073614045245	59.92135991123585	54.182234163652325	5.4925194056998174	50.84610466961402	55.84930957627495	58.73957206154866
1680000	59.503879572056626	3.5372602352516878	59.855197739074356	59.94754989925427	59.99191970426776	58.284771335409594	3.4333018694263906	58.90567156771155	58.92344117492848	58.93842499803508	59.1188581301118	3.7369798625783033	59.89271456379323	59.92266294795763	59.944601554407875	58.126201508178866	3.393874873357323	58.60457774595395	58.80478656273902	58.850930594116605	59.05393254277529	3.740541057752638	59.80064254754765	59.843154303199455	59.88099529531297	58.157548299677224	3.393374937819719	58.656705261304836	58.80710053545437	58.84794380984032	57.31592548665954	4.567334509264453	57.7911616195063	58.218073614045245	59.91703503238518	54.19538422225069	5.477661540977633	50.87154067562047	55.84930957627495	58.72151168184265
1690000	59.51507805780814	3.5386179391247117	59.86336613874046	59.95624815613587	59.992138483653434	58.2830058532356	3.4329075962375257	58.902133038356055	58.923029346138435	58.93724398901424	59.11811678867938	3.73662121380675	59.89206707540394	59.922980368699925	59.94569558433328	58.12783104929536	3.39436022020975	58.605258077160926	58.80615154619446	58.85248448108639	59.05777736828568	3.7402789902558284	59.80661843079972	59.84824205346974	59.88155908679633	58.15885991298548	3.394260407862299	58.65925157137046	58.80821742811595	58.84915191393372	57.32274618407506	4.560480186749954	57.80186113717226	58.218073614045245	59.92199712253279	54.20616875887914	5.467356653233762	50.88269074437551	55.854650055907484	58.72151168184265
1700000	59.511681166386325	3.5385374564148613	59.86130758751355	59.95830948109538	59.99377555623464	58.284887366116074	3.4333619626797645	58.902581143468	58.925218581926394	58.938316166410274	59.119069979829256	3.7360164432702643	59.88754469417179	59.922190967114766	59.94520905054158	58.13014101033067	3.3936946565857546	58.605258077160926	58.806523623346905	58.853476012683856	59.05863298527609	3.7394420023995707	59.80381803573477	59.84910124776768	59.8819332788289	58.16175444483827	3.3923769452773844	58.66463069767998	58.8103593114887	58.85066980471262	57.32954321476885	4.55725308395818	57.7965481284828	58.218073614045245	59.92154847696111	54.22286869788492	5.453414587438253	50.908855305962156	55.85838114463476	58.72727998356774
1710000	59.51003314463778	3.535621534659526	59.85925648378321	59.957757757091656	59.99314839951495	58.28931744390729	3.43254346376123	58.90486468247383	58.92733741694057	58.94002618001504	59.12333818005657	3.7359353863774607	59.891621052156324	59.92459641794092	59.945915865526445	58.1323775402188	3.3925322625148926	58.605258077160926	58.80760268829959	58.85384048504042	59.05964788939604	3.7387724262471163	59.808216154868965	59.851276226432034	59.88149310362145	58.1621379857002	3.3928783999370484	58.66551838905697	58.81019886655071	58.85081726845542	57.336239084199285	4.547046767075923	57.80645340482213	58.218073614045245	59.92259795382157	54.23897462272406	5.443082151125993	50.92239703255888	55.86240519380026	58.73422533732749
1720000	59.51059890884993	3.5360764560018216	59.86648798549302	59.9519837177275	59.992734146242036	58.290730532773146	3.4307945345717723	58.90614206054801	58.92514893379611	58.938329702394846	59.12476128677811	3.7361864118076777	59.89442142167558	59.924926226863356	59.94532725165694	58.135373571552826	3.3920524523303417	58.605258077160926	58.808261815976564	58.85451203110564	59.061601060323845	3.7384824285736316	59.80511346881599	59.84878907802218	59.8839818161234	58.16472434378797	3.3927872161883887	58.66737159571993	58.81019886655071	58.85127390708007	57.347623390143646	4.523114954696849	57.824832123546315	58.218073614045245	59.92355519187535	54.24971112093044	5.43411933212747	50.92239703255888	55.864819228589454	58.74408516622195
1730000	59.51649668894042	3.538352461951391	59.87017769741198	59.96609624660459	59.99519420094218	58.29283004981845	3.429993282084527	58.90826030223128	58.92731412334071	58.94010863225712	59.128273710449925	3.7365154262708655	59.899819820913244	59.928392369317294	59.94835298196367	58.137285590293736	3.391839829044984	58.605258077160926	58.809424342712944	58.855086821936425	59.0670020254443	3.7385094221822546	59.813097402408204	59.853814692632625	59.88834415306313	58.16633286775112	3.392047525547533	58.666332689852126	58.81116757074447	58.8515720835386	57.35594276685885	4.517463884953514	57.8286163594545	58.28771116974282	59.92476347092141	54.26553778792296	5.421010017006177	50.92239703255888	55.866200607028134	58.736723898485835
1740000	59.50872839627137	3.5381412863898523	59.86138332854015	59.955293532355924	59.99459163409038	58.29234780952581	3.432520082408181	58.9088792040005	58.92811030912458	58.94057196745509	59.12462369325263	3.7355577123128327	59.89155222573921	59.92646752368622	59.94802907897058	58.13820838596361	3.392457665842526	58.609296802423756	58.810137275960344	58.85518481120964	59.0641045026317	3.737093474170109	59.808252036726984	59.851722834303345	59.88440571722721	58.167958353225494	3.392036921864017	58.66737159571993	58.81209471952279	58.85309265144879	57.364809531008426	4.507496245464652	57.821337589322454	58.28771116974282	59.9247644125592	54.2814010953738	5.405956536370004	50.938631413034834	55.86743017919726	58.7425753069332
1750000	59.51444317756732	3.5379900633808377	59.87535038238747	59.96080035902151	59.99498185151382	58.29235970194139	3.434094220726458	58.90859647146882	58.927969989375796	58.94041303149023	59.12670493729053	3.735600897049282	59.897730234256436	59.92823302803629	59.9473256397247	58.140505380853696	3.3914842629909243	58.618185974656825	58.811356822622145	58.85637070292161	59.068406616066675	3.7378387436082896	59.81573685726899	59.85661097411234	59.88935762090926	58.16971750246022	3.3923558234186544	58.67259576993427	58.81249851314997	58.85398075620683	57.37331366899491	4.496064977758699	57.82155883762739	58.28771116974282	59.92745045120165	54.294760594936	5.3983677097341225	50.95865335059441	55.86792550247028	58.73567809383586
1760000	59.519258771929906	3.5390329493381927	59.88060387546356	59.96841602139415	59.99612769455642	58.294106932105926	3.432587478070274	58.909821623716276	58.928641475900974	58.94219836272785	59.127686267514356	3.735813157834268	59.89493800575665	59.92857325917569	59.95149756733865	58.141962811607804	3.3916016664785733	58.61909719495621	58.811080121244814	58.857528935634534	59.06959585371374	3.737297079923151	59.81552044568556	59.85624770831305	59.89057840198979	58.170835925177265	3.3924694981377366	58.67179235015863	58.812586558872425	58.85401394020551	57.378425002564555	4.49346149773409	57.82572146334037	58.28771116974282	59.926895610419045	54.30533691658769	5.393343801319327	51.079290918889484	55.87223433804037	58.73567809383586
1770000	59.514787237049426	3.5386544520566408	59.865576836239086	59.954675308278375	59.99481153299216	58.29246057099772	3.4322614349568865	58.909108109541776	58.92983661795246	58.942686353841594	59.12831703669601	3.7355343984631237	59.89650451085121	59.92881667143907	59.949465419516734	58.142344664194525	3.392585339072833	58.61909719495621	58.81168196341076	58.85774574062579	59.06889987244376	3.7368355566928133	59.81359731165979	59.855239650838485	59.887348363110476	58.17153859685449	3.393112026820689	58.67259576993427	58.81545334568014	58.855458993121644	57.385183056245886	4.482534544275419	57.83263747451538	58.28771116974282	59.925025138154346	54.3231283124899	5.376132557888661	51.154192131643605	55.8741899547776	58.743160326688
1780000	59.519257481021555	3.5388770300248886	59.87984789377174	59.96445571706865	59.993759114410885	58.29497460741923	3.4318257849916964	58.90990802052296	58.930536255662766	58.944070338477516	59.13082116047458	3.7355684378989866	59.89925367720344	59.92931674795301	59.953832672266074	58.14557785852331	3.392303164294915	58.62015078157309	58.813266393472674	58.85866991377452	59.07467891647378	3.7379544797345323	59.821820894067606	59.8615458495957	59.892351181827735	58.17429140299445	3.392421280276084	58.67259576993427	58.816192141741396	58.855458993121644	57.39456767701524	4.478964412803519	57.82118102049564	58.28771116974282	59.92939336116909	54.33527942834979	5.366071791462037	51.154192131643605	55.87771523756958	58.743160326688
1790000	59.513363582489994	3.5381407143854435	59.86785716908591	59.960879194120295	59.99490063226799	58.296214141110795	3.4318754336945783	58.91202197502064	58.93205898620012	58.94380077381723	59.130442464028555	3.735208278486002	59.901278099573254	59.930105191370146	59.95121654925167	58.14626462308498	3.391312020276237	58.62431470740834	58.81365552187819	58.85934717442981	59.0705277060628	3.7360874073943604	59.81499558957725	59.856017602211445	59.889473525517445	58.175093385885624	3.3920370539139295	58.67645370614255	58.816618258166656	58.85655412725018	57.396248500855826	4.474413309060356	57.830588213294185	58.28771116974282	59.92981829266757	54.34561379684106	5.35942895131878	51.154192131643605	55.88055076460415	58.743160326688
1800000	59.51858701881179	3.53912194429044	59.86720318571317	59.96184721613437	59.99512265445232	58.299342250577226	3.4320462076500498	58.91572359593082	58.932411763049785	58.94545288690195	59.13229958827164	3.735307513298311	59.9017997994154	59.9300145614384	59.951619974566555	58.147486920211456	3.392024743781574	58.62700419021044	58.813266393472674	58.8602482397002	59.075806007598416	3.7368527691528373	59.81990542660896	59.85957877588429	59.896258127547995	58.17667838700216	3.392614381342922	58.67409020477851	58.817520388820235	58.85720967442833	57.400504788738836	4.470550469008353	57.830397254643856	58.28771116974282	59.93021864586684	54.3589137754747	5.351986644316563	51.19607214090484	55.88264744644981	58.735416172684815
1810000	59.52010003174154	3.5394659441899026	59.8832339210808	59.963409881395805	59.994598092449706	58.29796492127821	3.432581109442997	58.91449442044421	58.93322135766825	58.94585658021083	59.13281787222542	3.7353813424226074	59.90106841238968	59.93287686421667	59.953481008340034	58.15017614838491	3.3916428553785423	58.62912152937925	58.81407891611348	58.861253083036836	59.07768296599202	3.736574342438379	59.82063966384318	59.86347290795642	59.89665398043843	58.17855651681678	3.3924470145905596	58.67749286615221	58.81774292804729	58.85794301731126	57.406780333064454	4.4663137079475925	57.8411101311999	58.28771116974282	59.92902858583473	54.37055836433044	5.3405429914932165	51.19607214090484	55.88422709732612	58.73844096978327
1820000	59.51838056028574	3.5393419447939967	59.87656415999693	59.965631498638444	59.99668806726799	58.29824435969845	3.43112057840799	58.91452048368455	58.93351374978917	58.946236887669706	59.13333119591765	3.7352512689732924	59.901268670670625	59.93306372017875	59.95418189697612	58.151049079294694	3.391641369529434	58.63873715588922	58.81482578716732	58.86185127566776	59.07843368964457	3.736308418922526	59.821646585837534	59.863138567500364	59.897156052215294	58.17872672283473	3.3913953347367514	58.6790564940972	58.819753604023106	58.8585812541456	57.41448727889348	4.458999192186697	57.83442253586932	58.288485626083016	59.9322201013014	54.383946325375135	5.329718286916962	51.21842345465829	55.88530566231278	58.743160326688
1830000	59.519552871345525	3.5390324500068973	59.87833240834377	59.96197279567616	59.9957073563389	58.30041330039318	3.431111698880287	58.91680201659454	58.935009344788384	58.946046484092925	59.133612236531256	3.734896625980535	59.90161091348091	59.93263073496639	59.953087927674304	58.15343919114065	3.391279054400044	58.64242414511978	58.81642410825475	58.86317941163526	59.07958365620651	3.736402189012706	59.82614174483582	59.864982497777	59.897097584158175	58.18191845665377	3.390565599747114	58.67961282741637	58.819753604023106	58.85882837304866	57.42401647835793	4.4542607284937334	57.834810367123936	58.288485626083016	59.933311121810675	54.392010861197484	5.326022297349826	51.27984374154242	55.8912155326571	58.738929319198654
1840000	59.51903663793143	3.5387080669973923	59.880833544397376	59.962786399718055	59.99560811913905	58.30114326719771	3.433555160620984	58.915478877280194	58.93511285920418	58.945816911180714	59.13508008489427	3.7349291108898037	59.9053206022063	59.933006510818046	59.95363112154743	58.1535664169668	3.3927445269920495	58.64540698462247	58.817836176312596	58.863245542399284	59.07836377110554	3.7360519628483715	59.823041937604856	59.86203995213809	59.89437932007098	58.18146951241459	3.3942961585266986	58.6804473756395	58.82170908759682	58.859465426729805	57.426541255835865	4.447771778561403	57.83105587814774	58.288485626083016	59.930190147110714	54.40529240946204	5.315711328108236	51.27984374154242	55.89810871989799	58.743160326688
1850000	59.524020208292484	3.5395532373102783	59.899513500281486	59.96750581122433	59.99606671257546	58.3004548232946	3.4330728555446552	58.91676437534153	58.93518944361965	58.94657060736361	59.13485253887605	3.7348047893214966	59.90461081242045	59.93357642207275	59.954332111118575	58.15552762646317	3.391987495338819	58.646361550871255	58.81885106806406	58.86415577831974	59.08025623855493	3.7360610646136347	59.82365610416269	59.86499837216246	59.89873761880261	58.18345477433818	3.392195425181984	58.6804473756395	58.82256671840834	58.860369275494	57.43598032074136	4.435157018017521	57.83086934958091	58.288485626083016	59.935301599121374	54.41845370673788	5.305188317764607	51.31643395131296	55.89955772856759	58.7449918947911
1860000	59.52593360581758	3.5391424364782536	59.89132945761349	59.973680380256525	59.99700719248912	58.30033205212209	3.4330334841648513	58.91718086959059	58.93507314376524	58.947174073214214	59.1354369441144	3.734663878383142	59.906712391342836	59.933006604969265	59.95380687610313	58.15702248631733	3.3907897761103496	58.648140820416046	58.820827974416346	58.86468026568665	59.082390400512	3.73638398493601	59.82680084592355	59.86697033551252	59.89813411669164	58.184409745393246	3.390379221997483	58.68453377838057	58.822796504659614	58.86085756454415	57.44300016631432	4.432989916913133	57.845392218502354	58.288485626083016	59.936364747737215	54.43139828137622	5.294316477859182	51.32781311346854	55.90170495336119	58.74878957891052
1870000	59.52264633226321	3.53904100993799	59.886881505241774	59.97269539472518	59.99701279100781	58.30284808911921	3.433679446829998	58.91821048725686	58.938401230325	58.949335722629165	59.137964438651025	3.73519621516086	59.91003220533765	59.93616654747335	59.95585749215668	58.15788662933257	3.392213371597027	58.648140820416046	58.8209817001333	58.86484562004189	59.085629878813435	3.7365375039424156	59.831099572485044	59.87011957027493	59.90314400231889	58.18506325481922	3.392110525786723	58.687087926767326	58.823153547819615	58.86111225986948	57.44879234889864	4.425868264482717	57.841499353732644	58.288485626083016	59.93753111901156	54.4466180609333	5.277431970763245	51.3454573318589	55.903277546893925	58.75109602211997
1880000	59.526808908448054	3.5394016952302607	59.89179132466361	59.969889226583746	59.996655579797874	58.30265550189074	3.432592517136955	58.920408011908826	58.938085310377275	58.9493968690249	59.13853815943335	3.734948952103587	59.90851076042096	59.938173762796794	59.95623796847338	58.160173493303525	3.391658982905032	58.648140820416046	58.82263990096499	58.865344486717056	59.083542921164096	3.735624692202143	59.827073422387336	59.86690410601049	59.90219082240869	58.18702025481651	3.391573018351126	58.69039198794268	58.8232651701172	58.862428975110554	57.45495266232277	4.418784606625209	57.832170002206205	58.288485626083016	59.933966345591465	54.456845484346346	5.268541183328166	51.36203394568734	55.90480255844911	58.751821355935036
1890000	59.529784656964935	3.536654634288285	59.895577338941216	59.97265779115416	59.99689237109632	58.304143726864496	3.431036934495239	58.919875718309726	58.938036551954184	58.95049493234799	59.13783346392996	3.734549910654552	59.90827469974611	59.936728636089924	59.95657810179457	58.16254443414686	3.3916370320456086	58.648140820416046	58.82307526131814	58.866236467834355	59.08687231220194	3.7359389269107055	59.83075245149095	59.86998964669029	59.90447313732399	58.18861516242581	3.391705658727867	58.69054218982733	58.823572975574834	58.86239014496785	57.46320454850936	4.408488383033578	57.84332238813768	58.288485626083016	59.93488361971935	54.46737184529947	5.25955566041357	51.41017259520147	55.906956480513976	58.755362958400234
1900000	59.53413761780761	3.537964402313023	59.901285192497014	59.97708904595891	59.99776614237134	58.30309199412918	3.431450328642143	58.92080214177514	58.93909972017997	58.949136227852534	59.14144344056101	3.7348180870980605	59.913612535657684	59.938576471185954	59.957647139070936	58.16479063251535	3.3901732604311645	58.652133862827604	58.82393430317865	58.86691575518738	59.09125975225495	3.736119126885675	59.833147955914384	59.876179152552325	59.907762662164494	58.19015795873071	3.3907906414750917	58.6926880590062	58.82449330374648	58.863583486795434	57.4740096305967	4.4018194849794865	57.842863354069266	58.288485626083016	59.93700831304629	54.47455040655087	5.2522087007706855	51.41694264105119	55.908928732558834	58.75101216735735
1910000	59.52412379685806	3.5380365858592	59.89250773352916	59.96940343489845	59.99726433955986	58.307066877264425	3.4332857704241206	58.924852932469776	58.940122505900156	58.950550605455135	59.142140769346064	3.7350543258705784	59.912604286986465	59.93943709553693	59.95855555790294	58.166755502299104	3.390265081666257	58.652133862827604	58.82509109350086	58.867194225898814	59.0908052076636	3.73559532464401	59.834617718580986	59.87400953141248	59.90424271144548	58.192169771144236	3.3905363909610045	58.6926880590062	58.82569388571103	58.864425384827314	57.482621499063825	4.391941218194023	57.84609001335074	58.288485626083016	59.93987768458443	54.48910657088467	5.24233599153224	51.47661321263976	55.909566750633694	58.75643801837009
1920000	59.529167066900726	3.538699945476773	59.90176721530517	59.97221959080298	59.99765977211639	58.305194275767086	3.432351124020878	58.92133901053179	58.93815841933758	58.949879911536094	59.13880394204162	3.7341553627528428	59.91076819762822	59.93536985023539	59.95600030071489	58.16784777052029	3.3899743293827562	58.65626527261945	58.826125178638705	58.867456280834986	59.09125908928334	3.7348619331015533	59.83581796626815	59.87080645398558	59.90494209287589	58.19246686982872	3.390881196413093	58.6926880590062	58.82589558681693	58.864565224116156	57.488553427186005	4.378720647030098	57.83544210761899	58.44193711432305	59.936213443444814	54.498843337445905	5.230579262086109	51.47661321263976	55.913225339196785	58.75101216735735
1930000	59.52526357161526	3.5386582776910074	59.885134286682245	59.97425766337891	59.99812106374849	58.3076949975911	3.4304653191267147	58.924364093906505	58.94023429466648	58.95195921929714	59.14254797094566	3.7345691415389632	59.91147344704935	59.939450252076924	59.95980378978844	58.17004731563979	3.3894729706290927	58.65650810389822	58.82687606666746	58.86754097499404	59.09432013662116	3.734957036821108	59.83558315468611	59.87588316368927	59.90684305462178	58.19495256373161	3.3904983379550675	58.70003819195928	58.82671206346281	58.86557008523131	57.50045238872241	4.370537174174225	57.84279430526861	58.44193711432305	59.93878487077139	54.508577230363095	5.227946353189017	51.47661321263976	55.91780094460404	58.751821355935036
1940000	59.535192443854356	3.5395889581529745	59.90544401341337	59.97920959718138	59.998825734646395	58.30705491305931	3.4346018667910903	58.92508337335175	58.94108884172459	58.952533974698355	59.14352519440374	3.7344287687907776	59.91445409799779	59.943267006184556	59.96068267544043	58.16944074132141	3.3907802654341883	58.6615120015272	58.827386542375486	58.86850961904749	59.09366558792476	3.7346593192433053	59.838884224847064	59.87773076593919	59.90725350062762	58.19383493542824	3.391327900664488	58.70075491907572	58.826754850192735	58.86609884167774	57.50273942732569	4.361853461391555	57.84383340971447	58.44193711432305	59.940391286840175	54.51827888592599	5.223051444761375	51.47661321263976	55.91780094460404	58.75243127354616
1950000	59.52909019043514	3.5391207199817853	59.89792040823498	59.97505104145121	59.99797084879979	58.309230508125	3.4317820589902825	58.92604638185222	58.94200492244556	58.95287777053318	59.14714474985604	3.734915709046823	59.91607275055647	59.94327220466373	59.960928393432205	58.17140582570582	3.389884876231341	58.66383036298288	58.827675110467425	58.86949121760967	59.09628629879326	3.735003960700338	59.84144198517598	59.879333322777384	59.90965172479081	58.19672893116176	3.391138690371974	58.70436487699092	58.82875039897954	58.866201355696504	57.50693837339877	4.357709688319601	57.85350686106668	58.44193711432305	59.93883118712034	54.527035791384364	5.219766651842588	51.492982294567284	55.91780094460404	58.76110912789809
1960000	59.52775735549542	3.538907924797982	59.89295321630703	59.974475872075615	59.99789774461068	58.31203667632846	3.4320125131965615	58.92613866257839	58.942400482206736	58.9527190446636	59.14739555359649	3.734052197886532	59.913666287127924	59.93967767060633	59.96002161328433	58.173163834124956	3.3890772311598036	58.66601225691863	58.828740277222394	58.87015776865866	59.098088390514455	3.7350246804960694	59.84048968537572	59.87997854873174	59.91117309581425	58.19860975840063	3.3904115811585847	58.70436487699092	58.82934465511107	58.86701534175806	57.51612669876377	4.353575842849103	57.84386799431948	58.480223682693776	59.94155528320435	54.53773030139116	5.213184590989915	51.501538815779384	55.94747388480518	58.76528944256147
1970000	59.534163829467424	3.5375448452355394	59.902070073911474	59.97763047484132	59.998388215241526	58.31280784791592	3.4314288891369613	58.92524435835636	58.942187468487944	58.953530531933524	59.14828324335103	3.7343295843325754	59.91615631943004	59.942995247431504	59.96195547933631	58.17485475889852	3.3892584759500877	58.66689132708245	58.82941745104992	58.87063288674847	59.099809483592644	3.734602077470117	59.84261246612794	59.88045611251442	59.91088270493418	58.19981868666687	3.3916357343959316	58.70660675979927	58.82994217170111	58.86709140365649	57.518636241865465	4.35168730612289	57.854433602992984	58.480223682693776	59.93923213871943	54.550357620537014	5.197798305558144	51.501538815779384	55.97530262865283	58.76110912789809
1980000	59.5370578620259	3.5388447477327127	59.90764770450952	59.97885255683862	59.99834593335411	58.314156319470634	3.4310393289028664	58.925839299238625	58.94303567197137	58.95406399922807	59.1495823882949	3.7341826522799306	59.91621537637806	59.94208642441868	59.96091942894181	58.17500656100508	3.389432676506672	58.6675581034971	58.82951312595783	58.871103580680185	59.09905605664587	3.73438832494134	59.84143468074696	59.87835727847748	59.91081987414616	58.20060180435191	3.3919348837646033	58.70916168382087	58.83205468829529	58.867365329903784	57.52622724145801	4.346206468777993	57.852990895679525	58.480223682693776	59.94033277203205	54.55675606643603	5.194133227570516	51.50914861665528	55.97530262865283	58.76528944256147
1990000	59.529012549286136	3.538904554148203	59.895255525655024	59.97135703351509	59.99767521134725	58.31468962925006	3.430379786463395	58.92685466259056	58.94386701479018	58.95482672853203	59.14935449155122	3.733965150820679	59.91527803051641	59.94311256835823	59.96153168906897	58.177120010856235	3.3887167816226156	58.671565835819635	58.82965773592272	58.8714280714131	59.09988123230961	3.7337734109375957	59.84247252067951	59.87912616983851	59.910548152015046	58.20222078631813	3.391680328213514	58.70999096429287	58.83292606303104	58.86838397313479	57.529340250514394	4.34305474548862	57.854598854324905	58.55221498795143	59.94284587340788	54.564012741051236	5.191533167324687	51.50914861665528	55.97530262865283	58.76528944256147
2000000	59.53428652203148	3.5394933394137222	59.90140634551548	59.982099235532985	59.998689633397056	58.314516025739515	3.4313152273978305	58.929772258793236	58.944798177976764	58.95536097053156	59.15125841030839	3.7341546896876214	59.919432604455366	59.944344762410786	59.96271715179357	58.179599845991774	3.3887673925087283	58.67383961275404	58.83107165485158	58.87227068249252	59.10225721246722	3.7335672288010233	59.84384887447532	59.881362983199374	59.91271507099241	58.20382673693592	3.390881865697707	58.712839200507354	58.83331916867277	58.86848082932208	57.53543571112726	4.340754010888531	57.84739272951758	58.55221498795143	59.944221903558095	54.57212336348885	5.1854254884870485	51.50914861665528	56.00812562982531	58.76528944256147
2010000	59.53421384375261	3.5391903732481618	59.90941837084526	59.98084212318389	59.99816531904305	58.31675372188768	3.4320283722364002	58.93108284817212	58.94597585833334	58.95589820492263	59.15211689639958	3.734191535664814	59.919593530432685	59.94488370191199	59.96280706189145	58.181102621369874	3.387870992629704	58.67383961275404	58.83218835166706	58.87244189422784	59.102750836226015	3.733661939619238	59.84404410325681	59.882546370801634	59.91175143419711	58.20479924701575	3.3898360043860176	58.71479602547108	58.83362376546309	58.86962638826819	57.5405887433747	4.338512521109687	57.84702312852622	58.659905770110086	59.9440969916689	54.585053505397795	5.172030856315224	51.547823607111255	56.00812562982531	58.76528944256147
2020000	59.53674927289144	3.5395603451423234	59.90574320388514	59.98202101209589	59.99863078005769	58.31610238451771	3.432098004613112	58.931049789075615	58.946260164583656	58.95609026997707	59.15376986306641	3.7339693699506222	59.91966728758086	59.94549834307649	59.96426840018327	58.18192027149368	3.3886019931146105	58.67383961275404	58.83317536457248	58.87310766115136	59.10484703278854	3.7339326976950673	59.84458746434736	59.88249131176474	59.91320036229282	58.205388389208316	3.3901222108305356	58.71528351040185	58.83273628889373	58.869212367477274	57.548459026598586	4.322706661171393	57.86386132230922	58.659905770110086	59.9463281790666	54.59312700855292	5.166673987814375	51.548046803754794	56.0440076334682	58.7604628209875
2030000	59.53370886727798	3.5389395952635647	59.90230828197777	59.9787443730235	59.998487588233395	58.31697381325479	3.430737544410188	58.92889037310475	58.94487395335784	58.95592741980193	59.153634142658916	3.7338208053151236	59.91827417564507	59.944488547383294	59.96254738471742	58.18372642809596	3.3893757187086626	58.67444536274324	58.833904449452035	58.87373767932344	59.1053278444792	3.7336609702214334	59.84814497549009	59.8842596192843	59.915318301814544	58.206646702885415	3.391854184455353	58.71539893266435	58.833915451030265	58.869212367477274	57.55232466767999	4.3147285474421535	57.85765338244063	58.659905770110086	59.9454526906256	54.602557271525264	5.1579335706309415	51.56137578333875	56.0440076334682	58.76528944256147
2040000	59.5336172855853	3.5393900663850477	59.902447032018046	59.98186259330678	59.99874154997839	58.32021746552644	3.4313751016275966	58.93258332633134	58.94711368101213	58.95699494014445	59.15721626619587	3.734478587778631	59.92400818917632	59.94917388034321	59.96531134700456	58.18370179255325	3.38819995656556	58.67444536274324	58.835229977947975	58.87391000111098	59.10925237442713	3.7344367329846153	59.853888496871555	59.89096219005664	59.916629574598595	58.2062229498864	3.391045644438122	58.71675270400098	58.83434099214655	58.87000578019784	57.5574429779362	4.310259891160236	57.86265511213363	58.659905770110086	59.94567127641058	54.61602032760087	5.14796964334843	51.631876482527204	56.0708241875562	58.76329415220056
2050000	59.53251175531991	3.5390392438384457	59.897203478299254	59.98035669744105	59.99876798607434	58.3212388587283	3.4320921723291686	58.934892537246206	58.94810717539727	58.95751963301826	59.15616942935069	3.73398504752452	59.92542365261802	59.948438953005066	59.96480217126511	58.18545234995148	3.3887568591759485	58.67736837466756	58.83604296843595	58.87421966327399	59.10775536041853	3.7339201592557907	59.85136807700952	59.888606793883525	59.91674477485911	58.20801400666326	3.3911337038084337	58.71675270400098	58.83425162404348	58.87024191590794	57.566475294346475	4.297013845829508	57.855531447909804	58.659905770110086	59.944442561594975	54.62705091931855	5.140079898713963	51.645766508146416	56.0708241875562	58.76558375864965
2060000	59.5411048180063	3.5396322908505207	59.92210041827021	59.98058678792877	59.99846530447168	58.322211699124374	3.433182882894327	58.93448637239899	58.949045695986314	58.95897806607701	59.15627321431523	3.73392677514874	59.924708830217966	59.94900377682404	59.96458933831305	58.186801190895224	3.388421906156353	58.67736837466756	58.83626987578177	58.87487895782514	59.108357501414226	3.7337267760246555	59.85105745354339	59.888751252837295	59.91822574461207	58.20980808013432	3.390552135440964	58.71838689086096	58.83463143684372	58.871192869231734	57.57486917592835	4.285969649695907	57.861037730657294	58.659905770110086	59.946137252998916	54.63575543242153	5.13221739001875	51.68255868638319	56.0708241875562	58.76528944256147
2070000	59.5398479968786	3.5395155410791257	59.92062935683201	59.98364186703972	59.99866761098179	58.320974070403146	3.430842404817602	58.93424656311333	58.94903226883834	58.958285730189864	59.15724771099353	3.734216441470183	59.92439921772039	59.949558032326976	59.965338628504746	58.18680129009652	3.3887042896783663	58.68054153944287	58.83674012539052	58.87487895782514	59.11015272819965	3.734007457783912	59.85284902010748	59.8884614988538	59.91955318890898	58.209460977111256	3.3897392131973683	58.72117614144949	58.83463143684372	58.870977254910414	57.58253264040325	4.273510639212271	57.85309137185441	58.659905770110086	59.94633377931873	54.64076067615631	5.130731593552207	51.69845443013543	56.0708241875562	58.76528944256147
2080000	59.5400407803786	3.53923641525025	59.92341338273599	59.98549222485485	59.99904326327014	58.32170182465923	3.4343917016248904	58.93502602806096	58.94905332953404	58.95903380362798	59.156621472421946	3.734027618162716	59.92376096317045	59.94889499098619	59.96494633278462	58.1879589272814	3.388062222041975	58.68054153944287	58.83677276279429	58.875332521781395	59.11166224220167	3.734087362630176	59.859109234273376	59.89097917415729	59.91895512050703	58.2110191305728	3.3917165988519575	58.72372057612844	58.835730634258994	58.872463161065085	57.588476556156934	4.27287928929637	57.85953967126764	58.659905770110086	59.94872435849214	54.64750258566395	5.124136042240648	51.69845443013543	56.0708241875562	58.77170762091525
2090000	59.53869133218146	3.539346974008026	59.913260642815075	59.983130509071216	59.99869996472705	58.32516590378002	3.431102674883006	58.935966358156556	58.95047654805215	58.960459875165455	59.16035691483399	3.733871306688756	59.92574134161943	59.949450048148876	59.967290083396634	58.189267096950786	3.3884157535788155	58.68296402231647	58.836945672376885	58.87559399825716	59.11402510208944	3.734288197965565	59.85805195182776	59.89456998801978	59.92180780380811	58.212962282954116	3.3899993489368985	58.72372057612844	58.83552831793182	58.872682128995024	57.596203996970395	4.262798508678607	57.866546680492625	58.659905770110086	59.94863459017552	54.65891178983871	5.115849913404516	51.704798455867575	56.0870443222164	58.78635687178439
2100000	59.54414772535999	3.539684964807188	59.92760370945244	59.988212102234414	59.999490261195106	58.32591803064268	3.432143677859614	58.93784060225766	58.95123082698573	58.96053101496462	59.16133446724783	3.734040651605032	59.92718375489705	59.95113163180581	59.967682065951514	58.18999118158411	3.3876271134140317	58.68362245053599	58.836945672376885	58.87566552972397	59.11362133815535	3.7341575614878084	59.85767841977571	59.891860228572384	59.92164851581295	58.21389957817847	3.3897229103777176	58.72372057612844	58.837058163091	58.873687776149865	57.60073166115991	4.260132880769651	57.86986930099185	58.659905770110086	59.949780687301676	54.66388726563261	5.112451711194443	51.72260749218698	56.096005625184475	58.76329415220056
2110000	59.53908158224569	3.539025346442899	59.919167339895196	59.984185037254974	59.99892269384826	58.32508808416886	3.4302385993557287	58.93782474079326	58.95138774238997	58.96036283896636	59.16185703635818	3.734274063152631	59.92528107790953	59.95118357136155	59.967719708533934	58.19066644111972	3.3875395841335374	58.68389358312565	58.837141904430496	58.87618188483754	59.112592953290914	3.73393981516216	59.855327320482075	59.894013082606115	59.920907668662466	58.21466445711391	3.388843260504745	58.72372057612844	58.83907943226703	58.8741485436847	57.60422535877997	4.254869957821985	57.87359559961581	59.123889536425935	59.9502099951123	54.668602154905415	5.112320811458456	51.72260749218698	56.096005625184475	58.76645976945444
2120000	59.536578695245424	3.538879715995575	59.9103102001971	59.98285612697831	59.99865600332897	58.32725627662204	3.43011996177637	58.936091221279554	58.9516554484182	58.96004293312962	59.16400351513715	3.7339582481850573	59.9262999841945	59.951134412019655	59.96750925345958	58.1920759252201	3.387922309534216	58.68389358312565	58.837308514231964	58.876331785440854	59.11475968266471	3.7342341404148343	59.857860988279654	59.895942121522666	59.92171892416563	58.21615684387861	3.389544887681075	58.7250372781088	58.83952033229294	58.87436690529514	57.605864497809925	4.251011105517641	57.87442071956668	59.05089985624841	59.948160404796425	54.67676193077229	5.105217452353854	51.750682740696384	56.096005625184475	58.7738526157509
2130000	59.53734392644237	3.538801854413136	59.9096289558869	59.983304943176655	59.99900127589487	58.32832585281362	3.4314628969117713	58.93711593505334	58.9511721127095	58.96068763571823	59.163354435128255	3.733753188198283	59.92787912024176	59.95160257568976	59.96652160103244	58.192805205778804	3.387094513648213	58.68496807111042	58.837308514231964	58.87675981675471	59.11582660848363	3.734237412580421	59.85954285790753	59.89631576470777	59.92200215059994	58.216617923112366	3.3886393261273624	58.725954130830786	58.840070037944784	58.87473393159889	57.61086133470808	4.246342392859779	57.87683066551452	59.0785088876559	59.95043775236095	54.68314690444385	5.1000813597412336	51.75101849514487	56.10294447976696	58.76329415220056
2140000	59.54045953827832	3.538811568028946	59.917072364345664	59.98566792175114	59.99932975080074	58.329678542376485	3.4300949095924156	58.937228096603114	58.95169322877081	58.96127403631862	59.1665374209958	3.7334314327924973	59.92981432958729	59.95263331343911	59.96816533802995	58.19397741860978	3.387017855009371	58.68496807111042	58.837464881836695	58.87753057987607	59.117622604309894	3.7345798922009026	59.86480075034748	59.89618006792358	59.92402529753483	58.217091817171855	3.3888954740740953	58.725954130830786	58.840070037944784	58.87510839942955	57.61731573615567	4.242542687655676	57.87332549969945	59.11769817715597	59.95152108573559	54.69053799479307	5.090429002469846	51.754161803433504	56.10294447976696	58.76329415220056
2150000	59.53618182715657	3.538644342391729	59.90501189823836	59.98020083402608	59.9989150566954	58.331062868463256	3.430890055078966	58.93966948272929	58.95212819633813	58.96225076428537	59.165800688553595	3.7330994710438365	59.930195470451906	59.952920530807944	59.969207071977614	58.19462652177674	3.3878074420338127	58.68685998738067	58.8376140887628	58.87801135680718	59.11780593965234	3.73445389619174	59.864353321624705	59.89734841600763	59.92464894418216	58.21725219697231	3.3891199513778267	58.72926519709412	58.83982520258358	58.874968608934765	57.62204512128093	4.240449326897498	57.87622860190595	59.09556219990665	59.95408709142923	54.69961476996762	5.0797964509190106	51.83461690604473	56.11765035048232	58.76329415220056
2160000	59.54316466707732	3.5389121576286655	59.92222075873971	59.98753416214421	59.999395470101916	58.33125534488183	3.4302412165878406	58.94035463002134	58.95300958546724	58.96164289959286	59.16739670692558	3.732970628470254	59.931387043401486	59.95193739160665	59.96896810749685	58.19655697927344	3.387832576729457	58.68885846180304	58.839761961755684	58.87821468891133	59.11836537070114	3.7338242901169143	59.85953379028289	59.89788657642324	59.92466665808348	58.218248544282176	3.389848857011978	58.72926519709412	58.84046988194926	58.8761894636004	57.6277162909277	4.225711335714147	57.867033015338	58.99771459504588	59.95032054599451	54.710604909154235	5.073310319254297	51.83461690604473	56.11765035048232	58.77017252618452
2170000	59.54327052419385	3.5390652087848578	59.92774312820116	59.98706020354942	59.999399750512644	58.33339274266681	3.4303065360038523	58.940732504069594	58.95317635762791	58.96210179565278	59.171354396199106	3.7327981045570597	59.931050698096456	59.95329766332333	59.96988470194036	58.19827490716009	3.386743557664223	58.69101174876644	58.84025021179162	58.878422342059324	59.117399829306144	3.7335845573920943	59.86034375224996	59.89581340750546	59.923978671871176	58.220653831762334	3.3888528069081154	58.730441312384315	58.840808995971074	58.877331084035525	57.638051433903556	4.218035170767894	57.87843212812046	59.12807145435859	59.95316036240434	54.72044818955215	5.065715608998084	51.876997620108405	56.11765035048232	58.77017252618452
2180000	59.54477021770235	3.538600230403373	59.93370153340335	59.98801479017704	59.999480735440315	58.33522952015031	3.4291518653781856	58.941378235958375	58.953419151920535	58.962065166006276	59.17022551780606	3.732426048979949	59.92890549571416	59.95272715297516	59.96933172848399	58.19872014081544	3.387050938313762	58.69101174876644	58.84147476810075	58.8801769920077	59.11824434811996	3.7336652569484508	59.86050663415388	59.89612388778893	59.92647382434672	58.220309941479485	3.3891171434804037	58.730441312384315	58.84084181603589	58.87724265647488	57.6406673869473	4.210761496726189	57.86900682864294	59.08719406280546	59.95282408943015	54.72600805702516	5.063639069813909	51.876997620108405	56.11765035048232	58.781900831359195
2190000	59.54214068402487	3.5387123030543504	59.91410746056875	59.98875146386987	59.99964594370087	58.338090730549496	3.4296871312894726	58.94127147272677	58.9540719386752	58.96301141257118	59.173747959999666	3.7330256723731527	59.93246084492511	59.95529373299121	59.970545154712816	58.199844290146494	3.3874633079808585	58.69145332864517	58.84147476810075	58.88021683881092	59.12171730188246	3.7339843674975857	59.86725659753152	59.902152997644535	59.92491776847369	58.221634312745124	3.390201004250727	58.73335034652555	58.84184547909425	58.877952633412875	57.64839528546213	4.204261339897899	57.87981663306513	59.076362598330334	59.95520792865585	54.73372753493946	5.0577021046717165	51.94803333441887	56.11765035048232	58.78635687178439
2200000	59.54772606646675	3.539416568844003	59.93090928329542	59.99098574525996	59.99959748902483	58.337883515879774	3.4300510455314694	58.943711180105076	58.95542267629037	58.96399322620579	59.17353543822344	3.7329769728384483	59.93398969585826	59.9572039971014	59.97032562161103	58.20073240800336	3.3875039926853177	58.69350234249805	58.84194432135071	58.880415400315286	59.123506413921035	3.734086915336559	59.86880027451046	59.902123420823386	59.928859002429284	58.22240478599682	3.390074777062403	58.7342028541431	58.8427973543405	58.87836105499055	57.649038066416985	4.2049998879848065	57.8828138674586	59.11559446933879	59.954562130702456	54.74181884934694	5.051994132684166	51.95021653534475	56.13693545877228	58.78144565148971
2210000	59.546162028768286	3.5397026437599313	59.932415506272264	59.99022054953634	59.999703815183	58.33931670449255	3.4319341491259174	58.9435882143507	58.95598123817078	58.964803070882766	59.174126920080575	3.7328875265006904	59.93375660818149	59.956190952786315	59.9712268967604	58.201853365237895	3.386828620206467	58.69435949956582	58.842697446773094	58.880415400315286	59.12495292594974	3.734275290532943	59.86843961591219	59.90249532675671	59.931637742543096	58.22395004327707	3.38928619079556	58.73561374093171	58.84205964220699	58.87838285760402	57.65646199057146	4.199888499597537	57.88350684202524	59.14249167353721	59.95822677618163	54.74745986662588	5.04770390617343	51.97857151990003	56.13693545877228	58.760503228142056
2220000	59.54259030047118	3.5394063767162107	59.93082110553459	59.98856676440879	59.99948179145213	58.339965090655774	3.4307800301044065	58.94415864115848	58.95689101390389	58.96462765669881	59.174061897394665	3.7328216132479892	59.93534448725333	59.95620999139963	59.970922101335354	58.20175026183683	3.387456647235962	58.69435949956582	58.84308739046361	58.88055446559717	59.12421283737866	3.7339181863048694	59.86682787496147	59.90260204903849	59.93088306129407	58.22334867913443	3.389772285019599	58.736290524208854	58.84312241023771	58.87849973051919	57.65575180611239	4.195481256382373	57.89147811911191	59.0647186968168	59.95627981727968	54.754809761891494	5.043314492161707	51.99357351572623	56.13693545877228	58.784873309508875
2230000	59.54133183317591	3.538969442478633	59.92156199081026	59.98726128858519	59.99951523632504	58.33964023139826	3.43099166641146	58.94374084998333	58.955963177582746	58.96441326794912	59.17312446126153	3.7325823197408314	59.93191508779107	59.95450892978702	59.97130612032424	58.20208526145772	3.387350390945141	58.69435949956582	58.843253001387	58.88143615231958	59.12346448527293	3.7336206799849245	59.86605852162442	59.90143076000758	59.93118879871674	58.22455318436579	3.3892025835948103	58.73663286506641	58.84406127836695	58.87934431258431	57.66130768646793	4.188080424338418	57.88127483740645	59.093383917284505	59.95360824034964	54.76583676660186	5.034171659245369	51.99712409082442	56.13693545877228	58.78322940615929
2240000	59.55287207288963	3.5399485683363374	59.94200587812908	59.992479805019585	59.99962405200402	58.33884183649396	3.4303489082467347	58.943207003384806	58.95680978427331	58.9649537346183	59.1741645883734	3.7326498573548914	59.9341942211219	59.95723555852102	59.97128497291074	58.203177246231064	3.3869513355400853	58.69435949956582	58.84337999109445	58.88183866263152	59.126022476069544	3.7335818535873044	59.87162614163241	59.90479015785432	59.92988037870936	58.22521547286759	3.389061271713749	58.73872073577226	58.84387215821524	58.8793871912668	57.66855929776001	4.183393748658312	57.88988116611804	59.10780191264426	59.95505856879237	54.77344469869079	5.023117178800584	51.99712409082442	56.13693545877228	58.768990781367386
2250000	59.54645316583945	3.539418116146944	59.93500335113599	59.98954032954482	59.99959917846049	58.34048585696409	3.4314229199443615	58.944746239708834	58.957537591689075	58.96583165633584	59.175659577610034	3.7328854892664953	59.93505261500214	59.95715593951195	59.971972550856975	58.203782939900876	3.387816639155083	58.69617980979255	58.84343384839187	58.88278757616624	59.12712910321585	3.7330216118943036	59.86880700234121	59.903888038116335	59.93288299976897	58.22561770236671	3.3902129699632897	58.73872073577226	58.845758072967485	58.88078115616195	57.67125887108278	4.17294579596495	57.892625282837145	59.161377910285694	59.956162617435716	54.78029296314135	5.018599974017865	51.99712409082442	56.13693545877228	58.784873309508875
2260000	59.54621408133213	3.5392112594919576	59.92817776796339	59.9883931073672	59.999524872421716	58.33988368837397	3.4306761322535397	58.94630361458426	58.957157768415485	58.96534095223957	59.174293742347146	3.7324545848450494	59.93338644299602	59.958458200890696	59.9721954517676	58.20438196844409	3.3870410881611814	58.69701563101799	58.8444267536554	58.88304729903344	59.12766815748844	3.733001803048403	59.87062859655328	59.904874208150574	59.934271241208165	58.22624552423172	3.3883357381053227	58.73872073577226	58.84604557951917	58.88078115616195	57.6730790283988	4.172211885416805	57.8907080397635	59.18030986957365	59.95614463940382	54.786946907258475	5.0131583589311575	51.99712409082442	56.163978831962126	58.77832272859331
2270000	59.546795150922016	3.539440476792092	59.934105079173854	59.99130435118864	59.999620292140975	58.340354672218865	3.4302243499017036	58.94569374985962	58.95749730424055	58.965531571746624	59.175041528137506	3.732362290905352	59.93443532044351	59.958611870839974	59.97213745412758	58.2046230774468	3.3882417652901995	58.69701563101799	58.845644261116846	58.88351930423235	59.128351257740086	3.7330239885980836	59.86905940706647	59.90666029432677	59.93410986623297	58.22646138408426	3.3905173728254607	58.739997325289565	58.84611699357468	58.88077101178385	57.68029442910271	4.160921689978277	57.892714609420686	59.21314173991381	59.956804460330765	54.798571905794674	5.0023734679635234	51.99712409082442	56.18209069384123	58.784873309508875
2280000	59.54419870989855	3.539377729510682	59.91941502533973	59.98877633335324	59.99954190820578	58.34158802012347	3.4294038133662763	58.946472916670366	58.95876173537046	58.96615630951929	59.17671578285049	3.7326706089925787	59.93668796556872	59.959092163683856	59.97367469806373	58.20577877796242	3.3870792740063194	58.698773794993116	58.84634173441919	58.88413009172392	59.12862429251409	3.733038206259409	59.87021384234073	59.90640921112008	59.93234034562262	58.22777859505143	3.3881295676775633	58.74026937533438	58.84611699357468	58.88167760176781	57.68193212739073	4.156332716694194	57.8925782288843	59.04085832362656	59.95695393590213	54.80705004025099	4.994885537198925	51.99712409082442	56.19482813542162	58.78635687178439
2290000	59.54445700989444	3.539274213340227	59.92503965810111	59.9890145931214	59.99964675632435	58.34200151125463	3.430044004458494	58.947823609671765	58.959262243533004	58.96660720407781	59.175613340965285	3.732359261817335	59.936856546883085	59.95938993547273	59.97256769344363	58.20683035325606	3.387068791334132	58.702642978063125	58.846610636285064	58.88452208748467	59.13061016514726	3.733179163060751	59.87145721471099	59.90930440126185	59.936492808745115	58.228827898988065	3.3895960416964077	58.74026937533438	58.846294386923084	58.88187690703389	57.688192214065666	4.15444749536293	57.8953970790218	59.19804664080012	59.95856717654289	54.81378238209675	4.990435546880239	51.99712409082442	56.19482813542162	58.78635687178439
2300000	59.54514704262847	3.538501639698773	59.93388971333405	59.98965935609097	59.99971951066664	58.34197830700359	3.4300644358821306	58.947979978245115	58.959041468519686	58.96688351821198	59.17650687084755	3.7324901769369125	59.93730156732528	59.957758999148254	59.973262048140924	58.20719100894084	3.3870607681816707	58.702642978063125	58.84693146088808	58.88456726921145	59.133643354364914	3.7337534437295803	59.8773734583505	59.910476346008046	59.93717954140352	58.22950762289422	3.388552572591357	58.74026937533438	58.84666030088049	58.88187690703389	57.695367329273815	4.14215107877355	57.88986409333911	59.16047852956457	59.96065390894435	54.81797269785401	4.987598654040204	51.99712409082442	56.19482813542162	58.784873309508875
2310000	59.54705853786813	3.538868336241773	59.927198248345285	59.99138350799703	59.99976100829059	58.342404485369066	3.429390705212219	58.946572872594814	58.958935726994035	58.966979345077256	59.17747262511214	3.732524343430995	59.9371387510942	59.95832043574194	59.97340238261383	58.20814186351152	3.387405185731114	58.703336951954114	58.847060947613	58.88488673085411	59.131198344819424	3.733234064262068	59.87261438222207	59.908093077950795	59.936586450681155	58.23039383382845	3.3883769518638327	58.74059419770663	58.84692511376575	58.88221327960723	57.696430445979104	4.1391215419423055	57.892958328222576	59.120133041172835	59.956914561375854	54.82232793032162	4.986064282053638	51.99712409082442	56.19482813542162	58.784873309508875
2320000	59.54576848720218	3.5391855922915254	59.93737713208643	59.98952163706131	59.99937581239901	58.342765598980755	3.4315250280621536	58.94730456667772	58.95914364860751	58.96756341899211	59.17739851688649	3.732459391862402	59.93787702592258	59.959095163156	59.97336909801872	58.20940244067195	3.386473803827057	58.703336951954114	58.84725142960221	58.885324254196966	59.13226677599773	3.7334494236549807	59.87681826503084	59.91015227512674	59.935825617659404	58.23081926632143	3.3886670685650078	58.74059419770663	58.84718255280825	58.88301629226703	57.70046725149128	4.1392897433211	57.89080424901373	59.38790119390944	59.957817897060714	54.827054191018014	4.982272921971215	51.99815020470211	56.19482813542162	58.780549670649805
2330000	59.546812306873285	3.5386508199925104	59.928107244659714	59.99052221413042	59.99973507514335	58.343046996483174	3.431079427511738	58.94887106785016	58.96042407719867	58.96777682980984	59.17921496474875	3.7326409532441978	59.93949823870791	59.96088819103697	59.975732215465044	58.210274013402895	3.3864608121396107	58.703336951954114	58.847647949731666	58.88583227797656	59.132182143171356	3.733386077422012	59.87635398663434	59.90716975472176	59.93760693566534	58.231436157717944	3.388739135780523	58.740982781551054	58.8479280418309	58.88323009135165	57.70744650798878	4.139472486804321	57.892625939914915	59.67385911498674	59.96033714179826	54.830998169399514	4.980280305063534	51.99815020470211	56.230084672479755	58.78140645934563
2340000	59.551388172932086	3.5390442257023973	59.94094205472689	59.99257716026922	59.999861309757506	58.343275288826426	3.43121538314049	58.94870361039619	58.96049987979988	58.9681643006888	59.17880261114809	3.7324459529362937	59.94025554630433	59.96063860481431	59.974501234356254	58.21199848802624	3.3865397969325035	58.703336951954114	58.848702280202964	58.88607510493431	59.13392243217576	3.733156331879147	59.878377990007706	59.910483803450035	59.934468926708774	58.23223965974022	3.3905895395290346	58.741701704179945	58.848253399439386	58.883650554846696	57.7095238821534	4.137748399988546	57.89058023324995	59.68697311546873	59.957220227234856	54.83898776860328	4.97731689132206	51.99815020470211	56.230084672479755	58.78140645934563
2350000	59.550722032551676	3.5390388836545523	59.93917529119186	59.99071023794083	59.99981666249563	58.34274147461563	3.4320597201474414	58.948193510376555	58.95997129449083	58.96763812065106	59.178543793391505	3.732319134449865	59.93865973480129	59.96039241294186	59.9747788936095	58.211221990797085	3.3861947694730836	58.703336951954114	58.84917835527928	58.886144840625974	59.1320281852388	3.73276492409978	59.871635463030024	59.90775537348623	59.936022406480944	58.2321619937007	3.389257233672444	58.741701704179945	58.849181670007034	58.88373208351773	57.71256268933333	4.134001908913457	57.89629939233221	59.652721286143546	59.95777612264661	54.848154559264195	4.967618355473137	51.99815020470211	56.230084672479755	58.78140645934563
2360000	59.550616568572096	3.5393821070889517	59.93857238014919	59.99427650812786	59.99991934248062	58.34370512798009	3.4307165687902805	58.94897251977946	58.96027800886318	58.967681639683306	59.1794102752382	3.7324105907158445	59.93962873655886	59.961401800985996	59.97605129706864	58.212856051311114	3.386444379205375	58.703501097078636	58.850311254946554	58.88672354332056	59.13586907549189	3.7335202758589188	59.87950478448784	59.91255379378827	59.93777442839198	58.23309666143687	3.388976314599943	58.74200933445667	58.849618648781686	58.88443278261785	57.718321131456634	4.126318357345192	57.8929507265491	59.58693351383624	59.96190120377954	54.85660539357679	4.956009044133058	51.99815020470211	56.230084672479755	58.7813626848972
2370000	59.552063536086045	3.537798303651182	59.942752996310915	59.99252785928695	59.99980076844209	58.34435177305681	3.4303563990786614	58.94949304021985	58.959996526008425	58.96689775661282	59.178362303287955	3.732013552658798	59.93969971064571	59.9592742389409	59.972991753855034	58.21369970617781	3.3869084116426884	58.703501097078636	58.850626641081135	58.88711101493594	59.135180463925316	3.733064051995022	59.878356665163054	59.91158571200097	59.938895147302226	58.234097547660056	3.3891796915396952	58.74341503525157	58.85050950855228	58.88443278261785	57.72193880021148	4.122654238410033	57.89553369056813	59.70019094698655	59.95834133078645	54.86136170977843	4.95405350734021	52.01520296800043	56.230084672479755	58.78140645934563
2380000	59.54798499370157	3.5381757431780056	59.92869591084827	59.99046246537625	59.99964967869614	58.34460644494653	3.4312655450939884	58.948896713664325	58.96091445646529	58.9683759002025	59.17723141685215	3.731828499366346	59.93851553166906	59.95954824736055	59.97291988625592	58.21436189208973	3.38635151814679	58.70509093012588	58.85078605262483	58.88769151956029	59.13178673033968	3.732280398037169	59.87409379800809	59.90694397491059	59.93302003616904	58.234688434385404	3.389462470998081	58.74715656821427	58.8511623800139	58.885157516432	57.725396223582784	4.1191424797546095	57.89569739745809	59.594082371461795	59.95868925717508	54.869058570813586	4.947511465935126	52.025890135192675	56.230084672479755	58.781649914511334
2390000	59.55083119419139	3.5391725525787905	59.94009309312682	59.98971466324146	59.99954124334904	58.34373475687647	3.4323985976033096	58.948510084387586	58.95971251994458	58.96745251826142	59.177646185694975	3.7317521692500084	59.93922020071077	59.958290197575685	59.97241707310944	58.2141417271043	3.3870980914560627	58.70509093012588	58.85078605262483	58.88807348943035	59.133126649943044	3.7322073719735998	59.878415574227816	59.90707009440392	59.93528619817996	58.23428798736029	3.391898803682262	58.74715656821427	58.85128126286706	58.88575406819956	57.72592979791484	4.117878354872656	57.90006173176101	59.66440536111375	59.956237958670904	54.87602667565476	4.940720830448445	52.025890135192675	56.24309010282791	58.783876991639794
2400000	59.54723667208916	3.539237182051709	59.9288774036879	59.98990485979182	59.99967200218791	58.343112796191676	3.4294468346336244	58.947021655458705	58.959991516050636	58.96768936158749	59.17848197299829	3.7316704657634543	59.93687492303303	59.959720783209555	59.9743347876187	58.214999558626104	3.387097027062232	58.70509093012588	58.85089836423859	58.88819304186933	59.13256997305791	3.731913755834404	59.873221213389805	59.90848072484676	59.936431565176136	58.235488021809054	3.390019606685734	58.74715656821427	58.85199582853133	58.88645707863126	57.72988567218055	4.112371204676179	57.89407805747957	59.55822947037679	59.9588155022538	54.880459597550754	4.937611072150531	52.03314287418196	56.24309010282791	58.784873309508875
2410000	59.54916423675511	3.539267666624546	59.936810691297225	59.99182609509252	59.999690959422814	58.34377725394324	3.4316693789730164	58.94929311891873	58.959699823053946	58.96783462559519	59.17921707881982	3.7318453470249513	59.937233665201894	59.96001137602778	59.97532651705897	58.21608019962851	3.3863724323752606	58.7058776177603	58.85096154119918	58.88891486721491	59.133802475530985	3.7321535932196293	59.87542262285749	59.90886042278787	59.93743312973493	58.23659010116202	3.389889864193729	58.748072880194485	58.85186737788473	58.886428306478436	57.734108733443584	4.11319609154404	57.89219300738429	59.65744109845296	59.95797256138317	54.889695595315864	4.930844483005044	52.04608943351963	56.24309010282791	58.784873309508875
2420000	59.55061887052746	3.5398013259157364	59.93864589830159	59.99279995997588	59.99984301755627	58.34485109622779	3.4296067943702835	58.948823304123295	58.96017819536471	58.9679371815641	59.179128763786146	3.7316716729818498	59.93921695045363	59.96128068337002	59.974801663365646	58.217274704046595	3.3860571611949877	58.70610302920382	58.85120903894422	58.88923959952082	59.135254501463365	3.7322218855969114	59.8780015384517	59.91127994960358	59.93860333043029	58.23835710125382	3.3886554240241527	58.748072880194485	58.852573074703	58.88676128265829	57.74019348452941	4.106037833847588	57.892646402601656	59.698903595135334	59.95913059978875	54.892707380523255	4.930352926654111	52.04608943351963	56.267591077657485	58.77946528126636
2430000	59.546765962364226	3.5395364979077697	59.933606494789906	59.991390202274445	59.99969448121503	58.34581585170156	3.431049528747658	58.9500547675915	58.960576640716	58.96815725814234	59.181160156977136	3.731142721328195	59.9392167051795	59.959671919545485	59.97508209583813	58.21719491183459	3.386743761636049	58.70610302920382	58.85149190065325	58.88937612979532	59.13442185526689	3.731918504946493	59.87517926594193	59.91032379090373	59.93709383039729	58.23862188169066	3.389681844650541	58.748519415955016	58.852573074703	58.88711671952809	57.73941033903774	4.106071862808738	57.89340597633574	59.601438126524066	59.96001813500881	54.898814258695374	4.929388390790139	52.05884352906273	56.267591077657485	58.78635687178439
2440000	59.55034540318552	3.5399800018788237	59.93939456489041	59.99229443029162	59.999715395618885	58.34455631358977	3.4304652494964163	58.947877807562904	58.95995370097453	58.968056264181	59.18163902818051	3.730891857082031	59.938985430521804	59.9595050688019	59.97399681691908	58.21807551660603	3.3868478846346326	58.70610302920382	58.851687648578874	58.88944537207355	59.13412542162439	3.7317458372686136	59.878163183830736	59.90983223898438	59.935756336178336	58.23921509673326	3.389875043587017	58.7511938189026	58.85263605478106	58.88727318398703	57.74319884837949	4.104797021030815	57.89887815981593	59.6148170913051	59.95850863037518	54.90685045182087	4.921154570177309	52.06691497755965	56.267591077657485	58.76988307621319
2450000	59.54635857392359	3.5392062365691315	59.935610429167255	59.99182302069097	59.99975264744228	58.34633185374397	3.4289830542708972	58.94896144150641	58.95986412697416	58.967831847586126	59.182516461803104	3.730217282770459	59.937631539004485	59.957992806977416	59.973396263092255	58.219099441173526	3.3861675063110455	58.70814959345702	58.851896845161306	58.890744957506236	59.13335200985308	3.7314666493159376	59.87311486862642	59.908788244278036	59.935314070473474	58.2405101078612	3.388244492195175	58.75665945586432	58.853012392270756	58.88751977103545	57.745759476799485	4.094718118279756	57.896873533512284	59.63788045995412	59.95844692057668	54.91497887396746	4.914470726992022	52.06691497755965	56.267591077657485	58.78635687178439
2460000	59.543055594402055	3.538873141820173	59.92237449237113	59.99024328345085	59.999635849868184	58.34691740655822	3.430326154774124	58.949024777211925	58.959722606188606	58.967512337388584	59.183420203287504	3.7303234479177245	59.93679599861241	59.957528496547894	59.97334292523931	58.219729258377036	3.3869550748742085	58.70814959345702	58.853164060529465	58.89093337066005	59.13335039035452	3.731366956706711	59.87367478519054	59.908347121196215	59.935719963207106	58.240280124458835	3.390602484053122	58.7582909219604	58.85444222388611	58.8878199177668	57.753777443209124	4.087239187892006	57.898230499493295	59.69191540724542	59.95822742796382	54.920605822399835	4.911278124984698	52.06867606588729	56.267591077657485	58.77946528126636
2470000	59.54494681627854	3.5390397074888216	59.92888917738446	59.9901498134608	59.99972936214818	58.34698227819806	3.428731203285297	58.9482076217251	58.95996750320788	58.967814151498594	59.183525312223246	3.7302948310122876	59.93621052377953	59.95920168513882	59.973698738870134	58.219331440443895	3.3874825334256626	58.714066160714154	58.853818156601015	58.89160426331929	59.13398443368678	3.7314303698719664	59.876026477281805	59.90808782190977	59.93676677926235	58.24021629550208	3.3897615400908974	58.758772212508056	58.8546165551041	58.88850957788748	57.75441801043696	4.080175796152013	57.894500047435145	59.61689599657653	59.95924671144178	54.9244053531415	4.911937819928885	52.18236477500044	56.267591077657485	58.784873309508875
2480000	59.54565389237998	3.537554037414335	59.926168571140025	59.99048971168082	59.9997977609162	58.34781992168038	3.4285626278224175	58.94904605083871	58.96034630614368	58.96822900087493	59.18497478795032	3.7303347471078405	59.939856337761825	59.960963939924234	59.97487636935369	58.22109531516894	3.386464605937855	58.714066160714154	58.853818156601015	58.892010019316565	59.13405621379693	3.7314257314117825	59.87702837050031	59.91095093335336	59.93644444372695	58.2417570274746	3.389640514497592	58.758772212508056	58.854741913103524	58.888629455826624	57.76094552250227	4.071032847671426	57.89625360144301	59.65739840184403	59.95837526036256	54.93269085268176	4.9043408583887835	52.20054925246515	56.267591077657485	58.77946528126636
2490000	59.54790439481226	3.537920312457227	59.93398083357956	59.9907832342277	59.99970453496898	58.347772340460274	3.429545808862153	58.947803755635604	58.9601525057843	58.967387123762386	59.18377824861386	3.729996941047935	59.93802599718323	59.95983280604342	59.97431994164474	58.22089969790706	3.386756693915096	58.714066160714154	58.853818156601015	58.892010019316565	59.13154830431539	3.730817749894601	59.87195921514239	59.90713297583969	59.93603545763753	58.24230491935397	3.3895291494954813	58.75948665666992	58.85492288984762	58.888969029412934	57.76098561390208	4.070963992516012	57.89583004407871	59.670876838765885	59.95629864225794	54.94101644542422	4.895621419270378	52.20054925246515	56.267591077657485	58.78462103417769
2500000	59.54752716788356	3.5385219088492064	59.930568684794764	59.990193090284286	59.99968224074099	58.34841392708363	3.429889479327645	58.94885152314322	58.96025994247293	58.96793311285211	59.18354084853153	3.729782452353532	59.938120864571324	59.959206140245655	59.973559183353615	58.222162133488055	3.386731495179364	58.714066160714154	58.854391287334096	58.892015658484624	59.13345871684508	3.731079924908595	59.874830263330495	59.90735544289062	59.93385794277982	58.24316014749588	3.3901608319026963	58.75948665666992	58.85506727697127	58.88967036291116	57.764635549332176	4.071014856895117	57.89515688270693	59.6566748609547	59.95789247546936	54.94963049002786	4.887023406179663	52.2339290644441	56.267591077657485	58.784873309508875
2510000	59.5535089713317	3.5395422854390093	59.94303494784203	59.99374851240971	59.9997940666836	58.3487325146504	3.42912734698435	58.94921657056642	58.95993905723543	58.9676999500448	59.183738546385115	3.7298671907855887	59.93753103107463	59.959697802451515	59.9739539527299	58.22303964150022	3.38591359781139	58.71512851988422	58.85519729899728	58.89213973424744	59.13593496259585	3.731112205181308	59.87914015183128	59.910286521210175	59.93670190034253	58.24369364202083	3.387921670564701	58.76098216377475	58.855220731562376	58.88994922137691	57.77160415438446	4.061263981101805	57.897454354007635	59.62468092816399	59.95874692080966	54.95444835616014	4.884413268272974	52.25784867271483	56.267591077657485	58.77946528126636
2520000	59.55033307579544	3.5393970627694014	59.93903069657615	59.992028650701194	59.99975663150574	58.34766469089679	3.4307149112856283	58.94836654232503	58.96001278173472	58.96757484304231	59.1844002685446	3.7297026655987024	59.93679353446534	59.95949640003229	59.97367849562888	58.222728917455214	3.387481513205071	58.71629939784343	58.85542081375776	58.893117828796996	59.13458150116895	3.7306406201233755	59.87709686881667	59.90957674012864	59.9341044380145	58.24366541213702	3.3912604168285863	58.76098216377475	58.85574419992653	58.891109859750564	57.77171296394143	4.0617999776738225	57.89011703982218	59.6308842791701	59.96092344231452	54.95745367822101	4.8848194488975745	52.25784867271483	56.26999583522652	58.784873309508875
2530000	59.54906422992537	3.538434787357389	59.93537981780247	59.992432100025425	59.99986427856119	58.34820431364584	3.4300771903633867	58.94832368752463	58.96034438412313	58.96835029354635	59.18585947854604	3.729907002910895	59.940457156158025	59.961654711382145	59.97494134391751	58.2240782464431	3.386743253010976	58.719715266181794	58.85614901847849	58.893409695613094	59.13648600499078	3.7308182747301957	59.87638414260998	59.91058327578409	59.938926070710004	58.24460057771831	3.3898495368521413	58.76098216377475	58.85626519086733	58.8914075270092	57.776589503622546	4.0623909217651635	57.897829953765125	59.697667086239846	59.96161324130023	54.964090664891536	4.880544414423464	52.25784867271483	56.26999583522652	58.78635687178439
2540000	59.549767071288336	3.5385683837018242	59.93903107898645	59.992037837487246	59.99977666068543	58.34696268962808	3.4281042221796794	58.94702601531793	58.959694086342466	58.96758303531017	59.18501435558552	3.7295086993272157	59.93839275769592	59.95911064891724	59.973628133239636	58.2249083292343	3.3864500267973217	58.719715266181794	58.856410002517165	58.89346675911026	59.13389499056987	3.7301891645260374	59.8758373982392	59.90780817630962	59.93448294660489	58.246102132199454	3.389107052733707	58.76143944466793	58.85653956841358	58.89142744370862	57.776078565036286	4.058680866203397	57.891223828394324	59.678906457439886	59.95827580254646	54.96772192765679	4.878727645394663	52.26807234933708	56.26999583522652	58.78635687178439
2550000	59.550556977397115	3.539176446831325	59.94026046153323	59.99202508319519	59.99972583863411	58.34684686595585	3.428157216812284	58.94818274548753	58.95937051215324	58.96719494321077	59.18453777539306	3.7288690053341433	59.937682250746505	59.95904495407646	59.97445755410948	58.22445937961791	3.387158392799235	58.719715266181794	58.856410002517165	58.89372988619261	59.13490027023967	3.730379591471143	59.876832109434545	59.90812280961203	59.93568576541377	58.24530809026618	3.388900602891182	58.76143944466793	58.85653956841358	58.8914075270092	57.778193206874576	4.055617469587683	57.896492447686555	59.67991348771173	59.95859532591926	54.97380239252965	4.876848182659607	52.28870174895777	56.279066243429	58.784873309508875
2560000	59.55042542625922	3.538014367911595	59.93703075599791	59.99140252078682	59.99972169617175	58.34788193376306	3.4282023074345123	58.94796434702327	58.95957239276369	58.967272903248556	59.18534343802658	3.728754724317072	59.93815045381895	59.95934835112236	59.974056675908294	58.225672659032	3.38691086290714	58.719929954425794	58.85658689374738	58.89391692814523	59.13571520011998	3.730380029640803	59.87796013018931	59.90915760428497	59.93592846171287	58.24650420390749	3.389103058398551	58.76143944466793	58.856897891872734	58.89142744370862	57.7789206343687	4.054901929509186	57.895925639787514	59.70300109319591	59.95796643644609	54.98093351130616	4.871848109454954	52.30038382702815	56.279066243429	58.79030652101521
2570000	59.55521295034943	3.5391907099560096	59.94416918103941	59.992130414390516	59.999802882572155	58.34961173743292	3.4283912730906665	58.947630604958555	58.96048806284338	58.96787974000353	59.18684184021846	3.7290443512908253	59.941476768296184	59.961176524610835	59.97425994517322	58.2263164580272	3.3864330977793347	58.719929954425794	58.857108407604656	58.89405904230645	59.13753877543112	3.730710453434116	59.878673870578936	59.91059996698171	59.93847695138518	58.24712957720394	3.3890308683370853	58.761801314172025	58.85683836490642	58.891470754907374	57.782724004026825	4.051260740391599	57.89816364398119	59.69450582055361	59.95792816879333	54.98810403604152	4.867219213683832	52.30038382702815	56.289796656100975	58.784873309508875
2580000	59.550177325319275	3.539057694038411	59.94012402012069	59.99171369693374	59.999811603427695	58.34837179585272	3.429838055351146	58.949825465288185	58.96045453043666	58.96815660389041	59.18608532838976	3.728856555258271	59.940578264105	59.95958510489095	59.97472860285844	58.22720820342475	3.386478429298598	58.719929954425794	58.857108407604656	58.89457241077111	59.136569067105164	3.730497030472758	59.87653393586835	59.91205020420312	59.93479350009812	58.24842784493236	3.3887211759963503	58.762549091692925	58.85759003663341	58.89152996891535	57.78437514643719	4.053051516965436	57.89822344512951	59.738799457824264	59.96077416856554	54.99770862827326	4.858881390864522	52.30245058056263	56.289796656100975	58.77792001201465
2590000	59.54638834620632	3.5386928047463253	59.92772688840179	59.98999798146665	59.999653192456606	58.34849260752232	3.4286893657954924	58.947984250098884	58.95967683139949	58.967664294236236	59.188110429890514	3.728626122111713	59.93832350654145	59.959798804876705	59.97434899439408	58.227218211113936	3.386853690271609	58.72138003832298	58.85713120401928	58.895106962182226	59.13749339291777	3.7305015116331193	59.875075354653156	59.91086948237059	59.93709630010962	58.24892608950139	3.389254496303959	58.76205647262321	58.85759003663341	58.89170096784064	57.78512558337313	4.048934859461114	57.89761112764931	59.72736784476179	59.95656003670723	55.00017926076513	4.857373925940563	52.30245058056263	56.289796656100975	58.782426613935016
2600000	59.5471881918449	3.538916405062565	59.931099441052446	59.99239791901851	59.99976043394953	58.34869531264995	3.429875034926553	58.94913172018594	58.959229654096795	58.96729363465757	59.18734666981524	3.728227892545074	59.93788847777107	59.95937724401491	59.9749218660647	58.22802290177059	3.3865459005867247	58.72205555051376	58.85733200448058	58.89574536125754	59.13789945762035	3.7302207929060462	59.88034142884946	59.90906080764894	59.93482936375125	58.24925088168321	3.3910672422945143	58.76259484829356	58.85835051999162	58.89203602119939	57.7903629263479	4.045327724677961	57.894219364310175	59.672896620248814	59.95828995625685	55.00754770157868	4.8503713376001985	52.30245058056263	56.289796656100975	58.79030652101521
2610000	59.55360477912655	3.5394556619980895	59.94418131939013	59.993270914198334	59.999782837055804	58.35020545960071	3.4286308968486545	58.94827839770366	58.960099301829196	58.96792691635049	59.187346244320125	3.7282255106711175	59.93603679548677	59.95902102609398	59.975484068628575	58.2292653522556	3.3858788342231487	58.72205555051376	58.85733200448058	58.89621122548405	59.13895743423322	3.730406351734447	59.87884166566096	59.910091386403614	59.936693798149584	58.25003121525727	3.3890962659849646	58.763539919637154	58.858670594847155	58.892498622376124	57.79389988341591	4.040973071101912	57.89617607611294	59.65476936321042	59.95905314976768	55.01265042256425	4.84736164680718	52.30245058056263	56.299971472589405	58.78761980584025
2620000	59.550199647088355	3.539178469162923	59.93453591988256	59.99148371189642	59.99967818920121	58.34937553936693	3.4297410575203937	58.94771104337791	58.96007367961792	58.96766245026756	59.188091809518816	3.728252793447843	59.93891764759102	59.96050372597095	59.974795188083704	58.228748472456736	3.3869360771189645	58.72205555051376	58.85780068506384	58.896601829979936	59.13911182779812	3.7300048344694625	59.87846515774383	59.91042842722463	59.93849750296167	58.24996799682516	3.3896931915715167	58.76414006967794	58.858670594847155	58.893705776490734	57.79882254882262	4.040701717519641	57.89187405953042	59.68437293642954	59.96141877808486	55.02020346367787	4.840741937358247	52.303895887931525	56.31300402708256	58.79052546145445
2630000	59.55053324031845	3.5395907072050052	59.938513001694524	59.9915228881095	59.999711648492564	58.34998465369347	3.4285876090416814	58.948385847061715	58.960325247428116	58.967970914688664	59.188374897057784	3.7283749719453776	59.938713298795356	59.9600764843013	59.97447009430189	58.229850847128304	3.386635138523416	58.72205555051376	58.85780068506384	58.896814557622264	59.13874864107677	3.729787848607069	59.87731983882233	59.909413888298104	59.93783831178122	58.250721471691826	3.388972296217671	58.76468925184461	58.858670594847155	58.893705776490734	57.80605545295077	4.031594844020601	57.89444849583651	59.68582498862592	59.96141993531192	55.02647496174754	4.835989357581682	52.303895887931525	56.31856556569668	58.78246580607909
2640000	59.5519349511501	3.538027505861114	59.94213225967283	59.991706524625926	59.99972421808077	58.35003515573638	3.428319309906335	58.94803275004228	58.96014667993954	58.96817563056354	59.18758772225642	3.7279120406098034	59.93744081842664	59.95779811548779	59.974036835145604	58.23045622050554	3.387553530063284	58.72334456283357	58.858147918153634	58.897091036596706	59.13852068074814	3.7297093935803973	59.87648114339619	59.90947069828265	59.93745661373331	58.251081408837585	3.3890791697771894	58.76468925184461	58.85880576861257	58.89470933985105	57.81116877944102	4.028841296349381	57.898686809272135	59.71721643015997	59.959141689116365	55.032481865122435	4.8330308126103425	52.303895887931525	56.328626780816336	58.788601219259284
2650000	59.55105983374165	3.538668129915579	59.94193675995947	59.99382092551096	59.99978435154755	58.3506967678904	3.430384454230836	58.949444382319236	58.96037043545887	58.9684755934705	59.18917245844639	3.7283354185933084	59.94262482919448	59.96164618690722	59.97551038091328	58.23141495730383	3.386978323324247	58.724355044606206	58.8587477581426	58.89760770750524	59.14083705302459	3.7298840301451963	59.877968466218896	59.91338763476304	59.93776579527199	58.2518454804103	3.389227894045685	58.76468925184461	58.859163826396326	58.89516104193687	57.8130087033221	4.029279732533836	57.898805220409805	59.75197897300379	59.960038594387896	55.03753580255037	4.8292718311077625	52.305176969653616	56.328626780816336	58.7932740642604
2660000	59.55344346842985	3.539943770238256	59.940910761982025	59.99210756642956	59.99977398244437	58.35030220701111	3.429365074485761	58.94945357464681	58.96085969246594	58.96868606797625	59.18883671872377	3.7281182803428736	59.9394735524893	59.95919993423158	59.97468305111562	58.23245667253744	3.387283510531323	58.724355044606206	58.85909337174621	58.89769726949892	59.13938785893734	3.729554767337649	59.87736021348066	59.91112648427068	59.93770023414899	58.252595715192335	3.3907969610470516	58.764785478816336	58.860324770148914	58.89516550988627	57.81580773694829	4.025585622005603	57.890868851869634	59.69672511937736	59.96071386001163	55.04759587046877	4.821052482788346	52.32901684497586	56.37181819072899	58.78246580607909
2670000	59.54833700119966	3.5395422642663457	59.930729342585764	59.990384312352276	59.9997843962003	58.349984662305516	3.4303093355319407	58.94868685542501	58.95998035345994	58.96759890799333	59.188406701995575	3.7280320580881035	59.94011426845975	59.96019542163761	59.97366951962441	58.23341017313336	3.3873724862730614	58.724355044606206	58.859192114197015	58.89776234077098	59.138695558190435	3.729374392217052	59.878766727661095	59.91003641191111	59.93362316710063	58.25345926592069	3.3905324380321034	58.76762083355993	58.86098076239321	58.89525240596457	57.820997707657305	4.0217544823683635	57.89566528026751	59.735444318820086	59.960220010576606	55.05420901162691	4.814965245712171	52.32901684497586	56.375034625415324	58.79819328071265
2680000	59.55243419414223	3.539801259522046	59.941150971050796	59.992604544998144	59.99973422022685	58.34952993639689	3.428702737959951	58.947791228928295	58.96007822617287	58.967116520274246	59.187285954556764	3.727751147529779	59.93874776582327	59.95873220521407	59.97337716491146	58.23412585297399	3.3868467459849567	58.724355044606206	58.85949277633477	58.897876556586176	59.138394666035964	3.7290627788071298	59.87689160248202	59.908124499533905	59.93554102193433	58.25391503727617	3.38984100681133	58.77081379594317	58.86129437062125	58.89547159901315	57.823122248082974	4.0175262443514415	57.899677093631155	59.74967966547729	59.9584307505937	55.056912673117736	4.814092019728641	52.35737547079483	56.375034625415324	58.77711751087139
2690000	59.54858386060772	3.540057786928676	59.93609823814551	59.99274126352337	59.99978576072506	58.35046329117083	3.4310837603006132	58.94896742847704	58.95951752973522	58.96790063250827	59.19003574673179	3.7281389122981774	59.94058906412217	59.961474898699166	59.97581726356117	58.235130307890046	3.386666559529503	58.724355044606206	58.85986787878801	58.8983518756165	59.139447572615865	3.7291105466867593	59.87740774101459	59.91132837339957	59.935533889770525	58.25414258053842	3.3905292619960883	58.77081379594317	58.86226402292553	58.89577276239046	57.8264386194539	4.017183537089201	57.8953564952773	59.73739848281737	59.95887128003632	55.06024946601993	4.811990428060142	52.35737547079483	56.375034625415324	58.77653869489932
2700000	59.54957127453325	3.539877989534784	59.934664743793455	59.99011507695338	59.99965408215719	58.351253550280475	3.4294229741212026	58.9499209608887	58.95983178110495	58.967557647834354	59.188587797836085	3.7278515126402576	59.93986337820259	59.9586894992662	59.97353025482551	58.236076025718496	3.386491676729705	58.72977097875847	58.86045274726654	58.89853755861952	59.138573064720205	3.728657221293759	59.87688659605891	59.90724772861969	59.934052870776746	58.255521486377596	3.389072623257697	58.77081379594317	58.86360748809065	58.896132422119486	57.82996869725792	4.013434421837044	57.89672747695654	59.75167139851184	59.9586203136361	55.06473443670139	4.808968880120929	52.35737547079483	56.375034625415324	58.78619166182169
2710000	59.547072523932826	3.5397634801199094	59.93339218052987	59.991956607184136	59.99971661684245	58.35107053604723	3.429533378226331	58.95037679683014	58.96077361601567	58.968268793419966	59.18925945503075	3.7278919532856705	59.93994502655924	59.96067909225876	59.975269266551805	58.23589841475348	3.387086253556125	58.72977097875847	58.86050027981868	58.898575408191356	59.14000322952091	3.728851469063204	59.87809258108328	59.91032055943664	59.93630646389585	58.25550504698818	3.3907588152565364	58.77148116040592	58.8636782608073	58.896584781408514	57.8324469275286	4.010461362296327	57.89594167700554	59.682518711629115	59.95930794414886	55.072417574964035	4.804707036247617	52.36618797043843	56.375034625415324	58.791222133482
2720000	59.546268640015604	3.539605403410717	59.9286045217177	59.99115752645649	59.99975636477554	58.350672965549386	3.428859867733277	58.95020516454578	58.96063033580877	58.96819416340949	59.18816858647889	3.727565015819763	59.93783896021248	59.95939022816442	59.97392559190141	58.23632062910039	3.3872695619168947	58.74011547425934	58.86095072172486	58.89865306488189	59.13692678057234	3.7281276807069044	59.87233106348964	59.90774094730067	59.93455723148631	58.25581808005058	3.389186446920173	58.7717094166719	58.8636782608073	58.896584781408514	57.83816753464768	4.007270921024906	57.89996345991799	59.70592148445946	59.95972862250152	55.07481280874487	4.803785019320373	52.383432802190875	56.375034625415324	58.791222133482
2730000	59.54854009156577	3.53983013180538	59.930017758007935	59.99037314779311	59.99970176014934	58.3503199750719	3.4282973905639746	58.94857763983028	58.95962391481633	58.96745539509827	59.1895390167235	3.7276946514709115	59.93967340786017	59.95956865909321	59.974147514526045	58.237073166251626	3.3872997847944033	58.74011547425934	58.86130683784491	58.898853613531124	59.1392102947984	3.7281760574409537	59.874257781765536	59.906246757979225	59.93493199403193	58.256584559126246	3.389939114964282	58.775129630761455	58.86466377655177	58.897470356838156	57.8402274035816	4.002686096723872	57.9021807980831	59.70649345259102	59.959543595577074	55.07960233766491	4.801021577765767	52.383432802190875	56.375034625415324	58.78710091124663
2740000	59.54705896033303	3.539531698977927	59.927573612938104	59.98877552115981	59.99962005524806	58.35074128360811	3.432515356310282	58.950682687815494	58.96038388329883	58.96794241287232	59.18889879186491	3.7273291390852146	59.93694150246489	59.96050918878369	59.97528526733783	58.23749814058523	3.387993332806998	58.74011547425934	58.862176885893184	58.89899735811271	59.140100469426194	3.728325623466373	59.878589784796766	59.90946639701741	59.93467103714579	58.25724021090512	3.39242413388947	58.77530919799011	58.8648416598649	58.89765904522265	57.84128303926304	4.005912557178083	57.90360433739548	59.675431695464056	59.95917490099595	55.087619063197344	4.794258956966455	52.42967583581199	56.375034625415324	58.78619166182169
2750000	59.54789960464789	3.5399451767388768	59.932563160025154	59.99314052849026	59.99979103877094	58.351482810403006	3.431201632931055	58.95019729951062	58.96047282942054	58.96801367740099	59.189116019729404	3.7275105194654587	59.9406262995169	59.96015915875315	59.97429262433022	58.23780048654913	3.3873479135853515	58.74011547425934	58.862339735417564	58.89949249537868	59.13972897373703	3.728225999916389	59.875947738955574	59.90945513508125	59.93527877831645	58.25724380989847	3.3904433167329593	58.77644811714736	58.86466377655177	58.89775717802631	57.845784340179236	4.001437120129367	57.900501388116076	59.71025045097959	59.95959001697882	55.09391859891155	4.790112374293328	52.42967583581199	56.375034625415324	58.79581653690026
2760000	59.54934138729274	3.5401408905713776	59.940861989501045	59.99227806270776	59.99972958257854	58.34945275689461	3.430125037140148	58.94870799327886	58.95983810774973	58.96784685529512	59.18862858912739	3.7272535649955802	59.938213061647474	59.96017435192963	59.97477913481231	58.23798413577052	3.3873795281211727	58.74026250690105	58.862339735417564	58.89979230561085	59.14018519214284	3.728270406874092	59.87814007848456	59.91053886465647	59.93722213171765	58.25707233394063	3.390311853531286	58.77644811714736	58.86466377655177	58.89775717802631	57.85061706762747	3.9963807236501787	57.90356383423274	59.72099525900467	59.961685876332204	55.1039329246765	4.776879532815112	52.45944939950007	56.375034625415324	58.77495960283589
2770000	59.54640296731845	3.5394161911671036	59.930983752341376	59.990538409737056	59.99960944612033	58.35017163900673	3.4295731415057102	58.94769976457174	58.96025540048437	58.96805098470606	59.188824153930504	3.7273195372626873	59.93907126525872	59.9592809068558	59.97421035860525	58.24003446955617	3.3865675559660215	58.74026250690105	58.86249635798548	58.90071844125144	59.13938796471586	3.7280799623281675	59.87638016290061	59.908607347539245	59.93547958058653	58.25926294754429	3.388818611810818	58.77649781513815	58.86488649596804	58.897929851929774	57.85322385512483	3.994523267838193	57.9013085075821	59.71579728914243	59.959480781241425	55.10840684523673	4.772977505571465	52.45944939950007	56.375034625415324	58.79232699281245
2780000	59.55125051257404	3.539446842304547	59.94370157795153	59.994675236121566	59.99987953022101	58.35011400903365	3.4291685166277146	58.94816584777095	58.96034780522188	58.96791728291976	59.18889960549548	3.727332316422854	59.939018143381155	59.96052725639926	59.97598425943349	58.24059528516006	3.3868767188190136	58.7443557226323	58.86297663645495	58.9008139405578	59.14265687881444	3.728736859693493	59.88131860538413	59.91279837491955	59.93789178853368	58.25910417991595	3.389222674882929	58.7773011959075	58.86488649596804	58.89826056032427	57.85618870353123	3.9932047086771143	57.90292167746949	59.71281865523612	59.9601586890618	55.1128720340879	4.771159574572212	52.45944939950007	56.3846398628494	58.79096444150811
2790000	59.54954346477031	3.5392558125241917	59.93441222581734	59.98907982739644	59.99954894998773	58.35034620846996	3.4289879392008467	58.94869967853386	58.95995750886672	58.96802979856306	59.188382310114136	3.727100056248371	59.937745537950654	59.96034859535015	59.97434119290161	58.24092934326471	3.38745800278759	58.74446854991814	58.86297663645495	58.901366130450974	59.13724376948082	3.7275773394109444	59.87525378941174	59.908241108887026	59.934248152505056	58.25925292284443	3.3904791650376342	58.777988343315194	58.865028573411834	58.89840953773257	57.859955804627106	3.988840825317959	57.899699977181044	59.73844682659524	59.96129509542092	55.11995455269025	4.765847259723708	52.49427006079955	56.3846398628494	58.792634252586055
2800000	59.55128238045088	3.5398849886482533	59.936194629447726	59.99233969522359	59.99972955337981	58.34924082287682	3.4303713889516736	58.94931454909427	58.95968983916727	58.96771271579971	59.18827354975292	3.7270926450727986	59.93975438343773	59.95887219473427	59.974163987852734	58.24057349326272	3.3881789712468455	58.74525626182998	58.86361720488679	58.90163400433572	59.141246493039	3.7282187651978806	59.87759532117863	59.9104228502794	59.93599325781042	58.260081975113245	3.3913262176782024	58.77954211529675	58.864930566569186	58.89880279414799	57.86240484218982	3.988212826980276	57.89608645516373	59.71717920257563	59.96068732762922	55.125304858358405	4.763456383829638	52.49427006079955	56.3846398628494	58.791222133482
2810000	59.550051103252315	3.5393701065342316	59.93503774683465	59.99094589541294	59.999662497327776	58.34891781740758	3.429119456336782	58.94734356533091	58.95894576648417	58.96727898643232	59.18915217522675	3.726594463274669	59.937954724925504	59.95905103582392	59.97297745928311	58.24169623246047	3.3877015441806497	58.745516971945236	58.86410989326879	58.901959373470014	59.13950956255687	3.72690491872049	59.87595571234498	59.90746265105505	59.934760975818094	58.262179030680834	3.3904003084719414	58.781114138370384	58.86568909331664	58.8989276299096	57.86740538665403	3.9830391920249775	57.89921024620368	59.74399838212733	59.95932311821493	55.1285824315023	4.7610146153307795	52.49427006079955	56.3846398628494	58.788326421333494
2820000	59.5504752149488	3.5396080178201474	59.93680951019249	59.990808388149915	59.99967965164331	58.35054656419879	3.4288552035375908	58.947792977614114	58.959211874104525	58.96711860442804	59.1895396188669	3.726515271074887	59.93765694156943	59.958346165956556	59.97245746804279	58.2426708319323	3.388061302399686	58.745516971945236	58.864525614442385	58.90218168607497	59.13898742563056	3.7267424486423506	59.87207140775426	59.909163488205195	59.93403277395488	58.26294227719359	3.3899042083801976	58.78207624442476	58.86619132597466	58.89925748607616	57.87086984236778	3.981605594412677	57.9020934499916	59.728505636078495	59.95832303975069	55.13255763937864	4.7599723170719805	52.49427006079955	56.3846398628494	58.791222133482
2830000	59.549940331114584	3.539616173285778	59.93703073411938	59.99146235684706	59.999674772435625	58.35181807635841	3.4294058947334136	58.94791542850771	58.95976702592745	58.967338326304386	59.189800772837515	3.7265572383038807	59.93702709903813	59.957940358160826	59.9743460664678	58.243740031337914	3.387469012006229	58.746109988669964	58.864756894387675	58.90247862652753	59.140655194967536	3.7270437595032906	59.875709362533904	59.908201347070865	59.935386464768136	58.26402096233411	3.3896759928089883	58.78207624442476	58.86660366139695	58.89971641610475	57.871120198907754	3.980123452426909	57.89549271234995	59.69631804550508	59.96030298374302	55.14120912367528	4.753773678887768	52.52882396776564	56.3846398628494	58.80162045756545
2840000	59.549013477526834	3.5392339548214755	59.93704112403067	59.99165228127431	59.99979508001398	58.35181322149246	3.430665673582799	58.94937055300563	58.96014063437619	58.96783334545277	59.191708269976246	3.726711882684929	59.93866155237991	59.95889430740011	59.97401838949001	58.24447437862577	3.3869861695293553	58.746109988669964	58.86497518312005	58.902607984301845	59.13946542817405	3.726519078861431	59.87568373349751	59.90785476551477	59.93615892363224	58.26486507736499	3.388920602764079	58.78207624442476	58.8667132955321	58.900873717233836	57.874673224759775	3.9813877539496563	57.90878208322318	59.7620676813663	59.95883676891318	55.146010635965965	4.750108665371362	52.52882396776564	56.3846398628494	58.791222133482
2850000	59.551878294562954	3.5393720088022245	59.9378299059424	59.991161833679875	59.999623104120424	58.35174811360856	3.428929876495633	58.9477361549927	58.95986029146232	58.967745012751415	59.19033226055632	3.7263468447315877	59.93986186958668	59.9574271574527	59.973082321573656	58.244593030142894	3.3877584909295275	58.746109988669964	58.86521062994137	58.90272073070139	59.140717359746255	3.7266301358631857	59.8753669908168	59.90839932951638	59.93536987488363	58.26462274841785	3.3902422462899815	58.78207624442476	58.86677249053041	58.90094363312073	57.875976416565734	3.9786918979568218	57.89470348519423	59.72518621820063	59.95891163745006	55.15331200984299	4.745813361889716	52.52882396776564	56.385926760522864	58.79964222297154
2860000	59.54834200518481	3.539296162312928	59.9353094289956	59.99082160344376	59.999752896801446	58.3496349413356	3.4286242443019592	58.94865846457265	58.95980347180251	58.96765743663792	59.191804193670144	3.7266312458586084	59.939842167116076	59.96041454260887	59.975142160754	58.24500466568766	3.388084927603282	58.746109988669964	58.865470012887535	58.90279775332666	59.14159482590042	3.726696866251093	59.876259408997626	59.91175771698714	59.93603971852163	58.26495452889745	3.3905711024069465	58.782760563872394	58.86681330124929	58.900630241181155	57.883200878478604	3.971225554048181	57.90238361100426	59.74811609239042	59.959472013299035	55.160123412229396	4.739057610779665	52.54649477362095	56.385926760522864	58.7981573727838
2870000	59.54631889320124	3.5390704385708736	59.93089506087593	59.98731124981688	59.99946032370538	58.35150651303941	3.427993589834146	58.94887370399766	58.96079818269118	58.96848761051699	59.19199779035573	3.726487618944497	59.93969861522614	59.95973483249402	59.97367188649539	58.24699490647391	3.3867102001067173	58.74759808203974	58.86624558729363	58.903159234829815	59.13920954902344	3.7261392854597557	59.87424906901024	59.90773229951027	59.93298278275958	58.26660304740629	3.3886879663660845	58.782760563872394	58.86752427731635	58.900630241181155	57.88856482431381	3.9592236746259335	57.89441998618301	59.71004596470706	59.960365263919236	55.16688818828906	4.732843505388597	52.55700922867492	56.394674514927715	58.81622247961555
2880000	59.54931163862563	3.5390152081392867	59.939912539323494	59.991430738204684	59.99977545936884	58.351135651207876	3.4285744741359236	58.948554772822945	58.96050789632663	58.967987974866766	59.191789141851906	3.7264569536569776	59.93889494660101	59.96106380863945	59.974539496353174	58.24698386482037	3.387186964190436	58.74888055935715	58.86649342670826	58.90376763737324	59.14135819739435	3.7264329363208097	59.87751509340125	59.91025618845538	59.93580068748088	58.26622328540077	3.3893380624100526	58.78207624442476	58.86819254837873	58.90138184065427	57.89023129538882	3.9579267747374427	57.90066322348975	59.74242609125791	59.95995798414853	55.171551419731266	4.73093448167773	52.57245002199386	56.394674514927715	58.815308918845254
2890000	59.54912369226934	3.539388507223989	59.93763549554252	59.99149573554726	59.99976716116057	58.35161689685404	3.4297442205946997	58.949200738222736	58.960319209623506	58.96830873444388	59.19091507829812	3.72630220589409	59.939229368806764	59.959129706388794	59.97424519183754	58.24752099280942	3.387082285315651	58.74888055935715	58.86649342670826	58.90390509880427	59.14009570510865	3.7260332988106084	59.874758025895325	59.90760745071998	59.93595059192055	58.26691964018285	3.389686643974084	58.78293848084064	58.86795194035227	58.90115700155543	57.89363739801757	3.958636599025211	57.89361896712869	59.753415692854524	59.95865271559199	55.17490393713383	4.725893175015918	52.57245002199386	56.394674514927715	58.80989312207448
2900000	59.549696393324325	3.539318516869588	59.93777345410273	59.99049972893271	59.99972041394909	58.353004214183336	3.4277058124235023	58.949453010122646	58.96045766183968	58.967888155933046	59.19170471322703	3.726424240439081	59.93825894706558	59.95976078592992	59.974230603488756	58.248487479219705	3.386594350787264	58.74888055935715	58.86716400776689	58.90396228242395	59.141884696478	3.725855943743652	59.874205349906454	59.90875194147167	59.934377915860765	58.26949763417872	3.3875154258187394	58.783158737230394	58.86949565095132	58.90181294039044	57.89755977885809	3.9453118029943224	57.90134829984367	59.727921657002526	59.958456962739504	55.18378203362046	4.718836765636093	52.59018082598075	56.424170704343865	58.81622247961555
2910000	59.55010595175918	3.5390797424425378	59.93449215992538	59.99331116265989	59.99980225344312	58.35082788674653	3.4281437677005933	58.94869934433776	58.95984013397864	58.96767925413025	59.19216056431078	3.7263350300881646	59.939366385196934	59.96068747549059	59.97522591870586	58.24864446620324	3.3871908273356386	58.74888055935715	58.86732455576369	58.90402878666913	59.14226023287299	3.725885854614986	59.87671687265158	59.90903144855393	59.93484270276391	58.270414576786216	3.3897537485672093	58.78845604093553	58.86983366732795	58.90181294039044	57.9009373906747	3.942651469486812	57.89787548492562	59.71397614420316	59.95844042884841	55.187417124742	4.715665279930316	52.60350214574311	56.424170704343865	58.80557914341579
2920000	59.54841760734482	3.5389079793660754	59.93158515939738	59.990737907378204	59.99987883118992	58.35239138376488	3.4298256175224826	58.94943401406722	58.96048259431545	58.968217548874236	59.19262715684076	3.726262468872432	59.93775313913695	59.96069671656832	59.97568433297194	58.24917620661601	3.3877307162607777	58.74888055935715	58.86758293124448	58.904443892711384	59.143646206828805	3.725168810806535	59.87387140900751	59.90988795369299	59.938959732285	58.271114871128454	3.3895710872350806	58.78845604093553	58.870346874571226	58.90196205315828	57.903201286291704	3.940769589768851	57.90001830122047	59.69899319670708	59.95987530511157	55.19233825723529	4.713205365842924	52.63858475230929	56.424170704343865	58.81531558473936
2930000	59.546319393030146	3.5386272580154072	59.92836059782752	59.990353423884756	59.99967823422286	58.3531994172756	3.429552525351092	58.94873020845732	58.960193955779616	58.96796202604406	59.192192581775274	3.726198795861193	59.93762246183602	59.96079548182635	59.97435145270427	58.24972379874021	3.3874572154536757	58.74888055935715	58.867828717472364	58.904606169146156	59.14088841619216	3.724497956297557	59.87561858833864	59.90643479854454	59.934015240865605	58.27149638834466	3.390807836551876	58.78845604093553	58.87186102531169	58.90201840322994	57.90466860106619	3.940466339684343	57.89627310965375	59.74986164353627	59.9576289893575	55.20358845609998	4.704098395640667	52.64618620395433	56.424170704343865	58.79823456179306
2940000	59.549744763761765	3.5391014699147925	59.93523736137934	59.99052781081791	59.9997299539213	58.351862407217375	3.4282428004228094	58.94912240509622	58.95966570104454	58.96810994027229	59.19144263832505	3.726087287184793	59.93746193694917	59.958672479032636	59.974482093235125	58.25000171986716	3.387965823036103	58.74888055935715	58.867877888206095	58.90523103604956	59.14299982014551	3.7245037070530436	59.877687363342105	59.90938257743795	59.93570864675683	58.271764886130605	3.3902325825592716	58.7893248776389	58.87297143693963	58.9022819301223	57.910708715636424	3.9371435161961608	57.90177657555867	59.735512494524194	59.95960520108647	55.21366542131048	4.693821770473169	52.71524808394409	56.424170704343865	58.81639867262748
2950000	59.54770781440853	3.5391205496956895	59.930159701472434	59.992246841682	59.999686048526485	58.353388270187	3.429711352265551	58.94868061281034	58.96034407374012	58.96837917322491	59.192255079271746	3.726076865805603	59.94007543021345	59.96037452421752	59.97483371666241	58.2509153207864	3.3876370179728448	58.750251050823785	58.868717223278445	58.90529663996842	59.14462132424104	3.723981391537439	59.872615167437665	59.91144099980127	59.93693634374056	58.272223980982815	3.3899867348442374	58.79005571822304	58.873074740889166	58.9022819301223	57.91539239409646	3.9369276568004237	57.90730637757955	59.763584942829155	59.95984536891171	55.21872808761393	4.689128090488998	52.73222818088255	56.424170704343865	58.81531558473936
2960000	59.54228850844919	3.5389669155062804	59.92784336775767	59.9893579884141	59.99963643345364	58.35133826251269	3.4286210505960324	58.948594825352565	58.959766135106165	58.96797926326925	59.191003412268216	3.725791701510292	59.937487744520546	59.95931626127134	59.97356547489056	58.25136661051838	3.3873447118060476	58.751088912463004	58.868717223278445	58.90570285484259	59.14318036588611	3.7235957512271227	59.8741537908319	59.90708368334771	59.935204556936384	58.27256503607961	3.38993770957231	58.79036623934964	58.87321024011946	58.90246095721515	57.91447119113184	3.933573007817125	57.906716876382355	59.71345788755275	59.95765618520733	55.22463402122814	4.682966685248355	52.73222818088255	56.44237197299873	58.808511682465756
2970000	59.549588271532166	3.5375353733766395	59.934019784123706	59.99356115221464	59.99983371075852	58.352384743689605	3.4293885569513476	58.948901313850754	58.96029798620184	58.968059209502755	59.19203764023792	3.7259653496900746	59.9389006001268	59.96033472069365	59.975303502960955	58.2521967592122	3.3870082142752	58.75162998109609	58.86906474794678	58.90586440498228	59.14551898798327	3.7238175116793575	59.876817821284845	59.909088572754186	59.93559433508667	58.27328818152292	3.3889294344139875	58.7906557822343	58.87343191812825	58.90340586019079	57.91836196493032	3.9316481034824995	57.897187347090735	59.7358398568239	59.95815210809009	55.23367168335459	4.675717758193657	52.73786479587686	56.45793324802157	58.81800278517173
2980000	59.54879155816527	3.5383276772923096	59.94166747954712	59.99233343373218	59.999670393163356	58.35286189976044	3.4300680830488273	58.94926387058622	58.96046443708907	58.96761652043848	59.191638799230624	3.7258436809175346	59.93909712934557	59.95956309477356	59.974582923529724	58.25281049516488	3.3871884177525335	58.75162998109609	58.86943654525878	58.906226802511334	59.14611106054955	3.723850511063475	59.878417218900985	59.9103961085987	59.935732793688686	58.272571020574674	3.390173083451196	58.79036623934964	58.87343191812825	58.90389742555938	57.92307754739828	3.9289737500547512	57.9019242724458	59.75072372939826	59.96070370556896	55.24177077814238	4.665458952576309	52.753512018244315	56.45793324802157	58.81109685080224
2990000	59.550189911044605	3.538444444659244	59.93600735405998	59.992335958439014	59.999813398259356	58.35244894621711	3.430299586221008	58.94913423895004	58.96050198922855	58.967745491077316	59.19453977340096	3.7256390269394815	59.94159420100888	59.9598117998326	59.974751201156906	58.25376566386668	3.3868535666466344	58.75162998109609	58.86998725478948	58.9064477216275	59.14657159425532	3.723916425517241	59.8777418415326	59.90959942240339	59.93696792830814	58.27445997207046	3.3911537672309064	58.79243083214119	58.87398619663365	58.90391836798145	57.92722459751769	3.928065358295849	57.89901715709142	59.78293765699456	59.9597954845937	55.24800947369535	4.6637923253577585	52.7608125001777	56.45793324802157	58.81800278517173
3000000	59.54493508346322	3.5384386099586274	59.925496710287476	59.989774023525314	59.999784871582094	58.35424990504258	3.4270528467251538	58.948878229402204	58.96073360479663	58.96852557026087	59.19503957619109	3.72508520105001	59.93787275457097	59.958348704484166	59.97473019016676	58.25476208256507	3.3863358279517803	58.75162998109609	58.87036999882224	58.90675839122747	59.145794932078495	3.723575493948147	59.87804630618888	59.90976768809466	59.93528657574123	58.2754270888799	3.389591575589688	58.79243083214119	58.87447252906385	58.904033482057336	57.92957645771829	3.918621403934817	57.89714048113309	59.74334504840212	59.960047615801564	55.25315592792027	4.659936365017797	52.7608125001777	56.49689003109057	58.81091178207502
3010000	59.55002621248355	3.539110507527764	59.93814753719054	59.991967996369105	59.99976860093763	58.35454912042435	3.4278189893844697	58.94989091416475	58.96102600122673	58.968559195570386	59.19710990142709	3.7250224377502605	59.94053532382085	59.96061868355939	59.97385087306471	58.25550207088448	3.3870916717861927	58.75799801818164	58.87064710298406	58.907102427509145	59.14540928908224	3.7233604328395904	59.876327085089905	59.909775247036364	59.93410370980041	58.27588232218342	3.3899840009200473	58.792523293245196	58.87402039997349	58.904033482057336	57.9336328313413	3.9144512975217336	57.90160383254648	59.76929911241866	59.9594772345677	55.25932156502211	4.656011812233365	52.7608125001777	56.53219953976472	58.81531558473936
3020000	59.545488938569754	3.5387454006668295	59.92427422984437	59.99008922500499	59.999588306457895	58.35688675591138	3.4278871735300855	58.94901329750952	58.96124143065825	58.96872550846487	59.19602045356607	3.724630797199933	59.936144758816475	59.95902644865366	59.97300031804732	58.254971867313344	3.387298846632283	58.75799801818164	58.8708616616473	58.90726670986999	59.14445324446978	3.7230392391490743	59.87420556933288	59.906326462585696	59.933669220391735	58.276309590535504	3.389854561283329	58.792523293245196	58.87447252906385	58.90444715577261	57.93644313336217	3.9144448374221623	57.906353737539085	59.798298750481734	59.95962231348575	55.26533194748483	4.65222856100574	52.7608125001777	56.53219953976472	58.81531558473936
3030000	59.54589221632158	3.5387006005558117	59.92634469436577	59.99157559234857	59.99962843537331	58.357441128518744	3.427521894468285	58.949120456360845	58.960701477861484	58.96799887429357	59.19654626193803	3.7245473669168816	59.93756413755372	59.95978582975384	59.9742655436751	58.25662957391505	3.3867154690254355	58.76159118237412	58.871378046205095	58.90726670986999	59.14363372187285	3.7225702736398305	59.871097247370486	59.906521603807306	59.93339192525024	58.27728183763333	3.389120276044458	58.79243083214119	58.8749175852809	58.904794378557895	57.93685712252038	3.9125262395099694	57.896221781552555	59.75864348816017	59.95901395448894	55.27228299107433	4.649068488450817	52.7789951391328	56.550783921704735	58.82505565457808
3040000	59.551394052275654	3.539171031706624	59.9402236492448	59.99071721593157	59.99962782205827	58.357335119467336	3.4283193606136106	58.949369234450614	58.96034257837674	58.96785821342071	59.19994015209045	3.7245415470513135	59.940566004345584	59.96011681855879	59.97411522962256	58.25575458065709	3.387457517525599	58.76255255007206	58.871378046205095	58.907403991658825	59.146286672914584	3.7229486266270593	59.87705151631381	59.909098402937374	59.93486658096923	58.27623763249533	3.3902644529403543	58.79243083214119	58.875601270274906	58.90507432579878	57.94288859988498	3.911406320237454	57.90211085624111	59.75792608276812	59.96028483488903	55.28049023884391	4.6440414407914625	52.798492488162196	56.5534351393553	58.81547178006898
3050000	59.54784311757214	3.537186283602735	59.93530112712338	59.99300682350703	59.99967723843831	58.357311910393236	3.4272489125359815	58.948899076370736	58.96030353392061	58.96823780168994	59.19769053773406	3.723979600534775	59.93815772572139	59.96009311540803	59.97403676236852	58.25653986312457	3.387386372732696	58.76255255007206	58.87184325223292	58.90752996577782	59.14658473960606	3.7229570567685593	59.877681614852754	59.910397327875444	59.93566127242205	58.27788134692321	3.3898224133641137	58.79243083214119	58.87563526739407	58.905327573191116	57.94590008778167	3.9090992035604843	57.90124580982042	59.743578110514036	59.960055536278674	55.28319313030085	4.642815366389782	52.83519561441996	56.57123484143886	58.808565568057666
3060000	59.54846238993416	3.5376506871823583	59.93750996421937	59.99105073884549	59.999781214742015	58.358278707478675	3.426740336083146	58.94845618588012	58.96007128254038	58.967709272873535	59.19833118404806	3.7239098670963	59.94025791957335	59.96026652533608	59.97383347791267	58.25672183656345	3.3879249341068354	58.76255255007206	58.872105929057	58.9086116536859	59.14785231231846	3.7230909803468886	59.87879130019495	59.91149119903369	59.93449734674719	58.277308940942504	3.3899930014095903	58.792523293245196	58.875696969128654	58.90522693456349	57.9486349827513	3.9053837827480877	57.90433661981213	59.739276967739826	59.960053185950905	55.286842662417605	4.642083611453503	52.83532159696149	56.57123484143886	58.82640856694441
3070000	59.54696035938178	3.5380877485241373	59.936569839346454	59.99067686377216	59.99972580386532	58.35785987452952	3.426666388878645	58.9486773343729	58.96064637345262	58.96790591114169	59.19916815202597	3.724017340496328	59.939936944389075	59.96015324197025	59.974820081407216	58.25823151251124	3.3867720418075904	58.76443598778257	58.872670291168276	58.9086116536859	59.14645262563303	3.72276085480869	59.874643948315885	59.909937393687215	59.93590601596596	58.278923219921154	3.389874080614581	58.792574561974384	58.875696969128654	58.90537893561046	57.95249539200227	3.9037153998561496	57.903943036500095	59.761071625324625	59.96213918940535	55.28955309584251	4.6403747349557545	52.83532159696149	56.57123484143886	58.81768077215505
3080000	59.54940635009317	3.5385860845523167	59.93919657026138	59.9905616467943	59.999782373936895	58.35803764982841	3.4282006457454033	58.949768918174215	58.960641890277046	58.96820711337582	59.1996687608807	3.7241163776403217	59.9387591938781	59.959820775125564	59.97529116822507	58.257478395099376	3.3884005435439573	58.76443598778257	58.872670291168276	58.90863855016479	59.147256907585735	3.7227598614804505	59.874849439839046	59.9110149869922	59.937137636395825	58.27812770666465	3.391893669682581	58.792523293245196	58.875777591969516	58.90533804136784	57.955429231760895	3.9009255272047403	57.90543828988926	59.738966324788905	59.960013595287876	55.29329608277826	4.637933430040502	52.83532159696149	56.57123484143886	58.81395886962808
3090000	59.5483737358387	3.5390869925273742	59.931805789452724	59.990923114006904	59.99977969378707	58.358145709422175	3.4291804474130037	58.95045611060283	58.96007190141189	58.968211421055855	59.19948053626608	3.7240141742083983	59.93811625355611	59.96026101092123	59.97506889641723	58.258347121343874	3.3877906469561	58.76443598778257	58.87301823576491	58.908725926061905	59.14639346874274	3.722497889824289	59.874340804171496	59.90731195829059	59.936844658205366	58.27906746944887	3.3915547859695647	58.793533765693	58.876031614279654	58.90555606843981	57.96019150282743	3.9004123571695204	57.90454008190166	59.77868279494665	59.961152636185446	55.30033145709298	4.632111641449238	52.83532159696149	56.57123484143886	58.80659531632362
3100000	59.55111488560401	3.5376692435020805	59.94011222128652	59.99179308064043	59.99967263463707	58.35840909281043	3.4281964726290304	58.949425281521066	58.96164970785131	58.968836461734575	59.20001414421542	3.7240531343201653	59.93957699427466	59.960335243283495	59.97540892554445	58.25957808923384	3.3873338355056544	58.76525846835109	58.87334847951461	58.909476803262564	59.148516764636916	3.722094004970856	59.873855711917884	59.91014226418294	59.93707638283668	58.28048875858433	3.390133007524016	58.793533765693	58.876083540078426	58.90663040392739	57.96380742044366	3.8960646527439584	57.909245420751155	59.79136628447984	59.96111233841166	55.30197039779638	4.63283503581858	52.83532159696149	56.587508819156184	58.8211322438174
3110000	59.548633966013824	3.537915362797571	59.92909220138364	59.990832644568826	59.99971484892964	58.35824582899451	3.430962680818041	58.95030129943591	58.96077129220819	58.96754055404469	59.20022325486137	3.7239048738221214	59.94017391985996	59.95976165140259	59.97463001666603	58.26018221580222	3.3878840955823715	58.76525846835109	58.873871433281565	58.90952677353668	59.148560117154275	3.7220932803204025	59.875523066659206	59.9101047768891	59.936095155606196	58.280657423408066	3.3917372563622714	58.79529203454226	58.87649483011158	58.90727889555311	57.96640937232537	3.8914790045674823	57.90496285371404	59.764063040768846	59.958181265550365	55.305693905173285	4.632436777251594	52.83532159696149	56.587508819156184	58.804289107054615
3120000	59.54954211252492	3.5386467830192223	59.93797004583072	59.99068554386159	59.99964946454683	58.35870239424087	3.4267838133029556	58.94923590836429	58.96046705936091	58.96764416419044	59.19875435263646	3.723600937493472	59.94031777609941	59.96000751883497	59.97372445042606	58.260137014789485	3.3873407447977795	58.76525846835109	58.87404807815932	58.90974385849361	59.14729633999619	3.721811166368939	59.874563227068265	59.908472021738575	59.933408434394494	58.28115242705649	3.390444019053623	58.79758135406387	58.87663072945311	58.90751112791348	57.966355336717264	3.8874644547911346	57.9054357052282	59.7545931138289	59.959656309308045	55.31382965977785	4.626715502238259	52.83532159696149	56.587508819156184	58.82640856694441
3130000	59.549349315284225	3.53927076880634	59.93395813173035	59.99161280275206	59.99976355325598	58.358012080156854	3.4285552627067397	58.94927849470153	58.96006702021609	58.96752229629666	59.19951219145532	3.7235592909840887	59.93959175990635	59.96085724490483	59.97487250611462	58.26005186333985	3.388035545803086	58.76525846835109	58.87498074120343	58.910082193077024	59.15088117726725	3.7225211918002765	59.87661653262252	59.91219811173332	59.93834306303328	58.28157931933039	3.3898194880891674	58.79909739374739	58.876758846236044	58.90751112791348	57.96852917975643	3.8840989112969484	57.90221373819729	59.75795804189402	59.95944658376612	55.31769727083338	4.6247421556555866	52.83532159696149	56.587508819156184	58.808565568057666
3140000	59.55039945678114	3.5392879003533957	59.93462508479049	59.99230128890979	59.99985161997703	58.35737180356553	3.4294038260816735	58.949104582880864	58.960214039385306	58.96776396659529	59.199384619792575	3.7235073594951715	59.93851164959369	59.961227661682216	59.97481980927434	58.2614443531839	3.3873967010028037	58.76734353363146	58.87498074120343	58.910163617825866	59.150270321916395	3.722357935205956	59.877673852882296	59.91165980097854	59.937028282503704	58.28280298305286	3.389933589012252	58.79909739374739	58.87729189269848	58.90751112791348	57.97656391195399	3.879092082180108	57.90443583973638	59.79579735112231	59.96045843798011	55.31910844546833	4.624458172394215	52.83532159696149	56.587508819156184	58.804289107054615
3150000	59.552954253980175	3.5395886848266196	59.93905079580263	59.992176047755365	59.99978931388322	58.35834432991506	3.426844471774368	58.94879406911852	58.95952302914353	58.96778139461638	59.199109367248866	3.7235076683628754	59.93895592441415	59.96100426831254	59.97360103086944	58.26197595641023	3.3874563239397024	58.76734353363146	58.8751028671642	58.91035654221022	59.14789140774782	3.721793763592635	59.87533109686977	59.90878422592964	59.93408828862424	58.28323896082931	3.3895514892512995	58.79994660021052	58.87692068402844	58.90870949172907	57.97723232265821	3.874308970171183	57.90158305772128	59.774189430778726	59.96018200104826	55.325409714021326	4.620691738015601	52.83532159696149	56.587508819156184	58.81397317530687
3160000	59.55091848182509	3.539541099929148	59.94002322895772	59.99313654277147	59.99968492422311	58.358329149761225	3.427914682441091	58.949675136387434	58.95990861021755	58.96738078761169	59.20022419527024	3.7235962263303737	59.9412608816532	59.96187156594648	59.97553167683227	58.26261936703387	3.3875087121091507	58.76734353363146	58.8751028671642	58.910573137992074	59.14920422637015	3.721969805670535	59.8770276738405	59.90953445166269	59.93534159645307	58.28349430230753	3.3898766860820255	58.79994660021052	58.877253368027695	58.90870949172907	57.9813691384485	3.8738765835221325	57.90428281045662	59.78999083229749	59.96063998404357	55.329605435849636	4.615379189981811	52.83532159696149	56.587508819156184	58.80329876301232
3170000	59.54546347058389	3.538687431737915	59.93485461247416	59.989439899665335	59.99968829113622	58.35816448734536	3.4291213323171985	58.950335646768025	58.96065242918303	58.96827220754731	59.198930701232044	3.723266565433043	59.93972921953736	59.95937560269009	59.97443810885277	58.262830684559646	3.387934989717587	58.76873674862598	58.8754543112486	58.910878676217195	59.14955662856191	3.721832579703011	59.87749772937998	59.906958822928885	59.934769372462945	58.28439687958877	3.391081746729708	58.80097185904484	58.87769190652119	58.909165486044216	57.98210222743176	3.8727115340944764	57.90232073691375	59.7891524372325	59.959392677283994	55.335052122071716	4.614010028213255	52.84927077258222	56.587508819156184	58.81493657200347
3180000	59.54691028132727	3.538951428950157	59.93096571037918	59.99203198692827	59.999787563957256	58.35693383886315	3.427741808079794	58.94880103087766	58.96019723447351	58.967815146921794	59.19876641826687	3.723180339397002	59.94047075780049	59.95864807439713	59.974132746640194	58.26361594773667	3.387566339016142	58.769783752439565	58.875683823619816	58.911205518479164	59.14932915412421	3.7217639842198817	59.877262021038334	59.91046133551541	59.936069851955324	58.284091924992275	3.390483072218108	58.80128047683576	58.87789271038943	58.909165486044216	57.98497827992916	3.865511454081938	57.90456818733576	59.77147492962652	59.95840607635469	55.33829598507064	4.612741780491976	52.84927077258222	56.587508819156184	58.81493657200347
3190000	59.55179645811954	3.5385076296783997	59.9494867814695	59.99247578052612	59.99973383969649	58.356731928131765	3.4288969616135487	58.94869411509453	58.96013833143565	58.967503667576246	59.19936131250936	3.7232699765402053	59.9423748593262	59.9611156423794	59.973588636772064	58.264027094289986	3.3879366290037765	58.769783752439565	58.875760746535434	58.91168512938415	59.150380792488484	3.721958411429305	59.878228161262435	59.91194900326022	59.93456121215394	58.2847738933587	3.391437701949597	58.80128047683576	58.87825747824084	58.90989425207502	57.98732472327635	3.8657970769579384	57.91078030495326	59.791272356773405	59.9594923075439	55.34203346388286	4.610141506644062	52.84927077258222	56.59525346836392	58.81768077215505
3200000	59.54591944375245	3.538707888104978	59.92885481761633	59.99102943274842	59.99979319732975	58.358354317567525	3.4289635281702857	58.9492614723173	58.95997732021474	58.967641928968156	59.19947111680223	3.7231708543410593	59.940040177057526	59.960195479921126	59.97509118979493	58.264299093027326	3.3877831970453713	58.77247880211141	58.875760746535434	58.9119969865132	59.14958234943511	3.7217470492525395	59.873786291447914	59.90902508741764	59.936800185760305	58.284901532407986	3.3916245154826705	58.801736700284266	58.87830911526685	58.90989425207502	57.988875390429996	3.864648752808405	57.90724181275449	59.73514813179034	59.9586559636429	55.34639423339945	4.6084081275030435	52.86950694051551	56.597722046165345	58.81493657200347
3210000	59.55017400771475	3.539569660632125	59.940568336519775	59.9930101501696	59.99976932141993	58.35778173930777	3.4278545734048587	58.949255479960385	58.96036027783086	58.968022771412734	59.19945676076746	3.723149120924866	59.941367017741086	59.960891393116356	59.97466345064314	58.26568487973794	3.387709115467838	58.77436591215667	58.875967584847416	58.912662103110975	59.14953891808963	3.721679073706377	59.87761557009598	59.91034000054658	59.93559528867543	58.28620325241068	3.3904670650202258	58.801736700284266	58.88017494668088	58.91020559809674	57.99229110657992	3.8616527195589083	57.902830480908825	59.79976321846742	59.959999474623054	55.34985161288594	4.607676043177945	52.88547101286326	56.597722046165345	58.81493657200347
3220000	59.55337970185918	3.539882818177916	59.946966641937436	59.992405606483274	59.999672921360016	58.35930458430497	3.4278441478118133	58.949333681041814	58.96067546536911	58.96861889059371	59.20010957008538	3.723141357400632	59.9402943709012	59.959735888825946	59.97548022930684	58.26521698342769	3.3882457275634272	58.77436591215667	58.875967584847416	58.912662103110975	59.14948653783205	3.721672432986986	59.876502148124224	59.90915338230079	59.93618154269726	58.28581082192511	3.3913197157886468	58.801736700284266	58.88041758924183	58.91026377894854	57.9969218927273	3.859824171444185	57.910554045583325	59.777839944873534	59.95952298939159	55.35246186470736	4.6061982995014565	52.88547101286326	56.597722046165345	58.80651874063203
3230000	59.54865798706715	3.539665161145578	59.93039021764264	59.991776957774334	59.99985984314187	58.3584021815857	3.428685708963007	58.95019013072735	58.96094376242377	58.96821035465702	59.20083990700845	3.723333525078996	59.94080085932758	59.96189985636999	59.976395282891005	58.26601880124428	3.387817053894356	58.77436591215667	58.87647597117994	58.91308581933415	59.1481276688953	3.7214077985114447	59.87114953155252	59.90817402150835	59.9349113196051	58.28640563672546	3.3909150366226175	58.80182422896548	58.881072714398655	58.91026377894854	57.9976513690819	3.8587312022327556	57.90512976519203	59.784125752811825	59.959474728043	55.357830284046386	4.605189487411993	52.90270558285191	56.62142510227115	58.81493657200347
3240000	59.54745345376085	3.539462231049607	59.93384387508111	59.9906850730159	59.99977321387573	58.3584206186285	3.427991202849355	58.95003741432334	58.960915818088665	58.968534324000956	59.20027214952492	3.723224616626737	59.94139768623383	59.960503813312414	59.975240851553394	58.26731687462792	3.387168752103075	58.775737317316576	58.87719717897006	58.91326005658883	59.14972891417858	3.721671601588266	59.8770354579904	59.90943343901816	59.93563924234358	58.28728014049624	3.3896187217125973	58.801878720009285	58.88090628064605	58.91020559809674	58.00274805998409	3.854877002440453	57.911036262157985	59.769032864264176	59.960719922147476	55.36105583706053	4.605522373422548	52.90270558285191	56.646183428100485	58.81536002140072
3250000	59.55153174931997	3.5391127119877384	59.932338324092896	59.99119916947584	59.999667811812834	58.35748080288312	3.4262612535325876	58.94949492288313	58.960329498330694	58.96801100633433	59.19897172104381	3.7229187389110905	59.93838220624574	59.959264953639234	59.973283297262455	58.267599719523346	3.386892891656322	58.77768671759915	58.87746719917052	58.91326005658883	59.15054452165403	3.721644076558519	59.8801821162856	59.9104908954328	59.934158554234486	58.28783341966546	3.3898330810945345	58.80248857266422	58.881551561865635	58.91041140692758	58.004939819031094	3.8514933178255477	57.903524199725744	59.778081529766695	59.960357599302505	55.36492506061467	4.604790640358683	52.90270558285191	56.646183428100485	58.816564927767566
3260000	59.54887546494341	3.538817782355778	59.934511797489236	59.989795849323684	59.99965116293994	58.357957686243346	3.4267502486803663	58.948924122267904	58.96016632468582	58.96780074747774	59.19890491708023	3.7226460176535645	59.93848915228082	59.959490475281285	59.97442255464458	58.26817422745593	3.3875125716988794	58.77768671759915	58.87754233293254	58.913442530611306	59.148685878450834	3.721178383060052	59.873525761035246	59.90835467358642	59.936990993152634	58.28862369390688	3.3896713083021677	58.80302024617508	58.88127466162424	58.91032969499367	58.00809704088793	3.8513191464083247	57.90607622815152	59.82210226615691	59.95930268210692	55.37246015720968	4.596562935726492	52.92138739741143	56.646183428100485	58.81493657200347
3270000	59.54919333529804	3.5381981097026345	59.934911479986766	59.99066336804887	59.99965580547207	58.35880274169203	3.4267306598368434	58.9490021304216	58.95977664393914	58.96816695255753	59.19842611491824	3.722482731319498	59.93674035809327	59.95846250811095	59.97398707830873	58.268478133644095	3.387100278603267	58.77943042229004	58.87832561112657	58.913688905060695	59.14661606999091	3.720753863849981	59.871546727944356	59.90597523040293	59.933045154858675	58.28864314791145	3.3886691646581144	58.803848861022	58.881072714398655	58.91032969499367	58.0103411978547	3.847967979857572	57.90578553836754	59.82033926829607	59.95737775363672	55.37968010928419	4.5928421942545015	52.99102107421997	56.65201100486732	58.816564927767566
3280000	59.554056864923474	3.5388059962716887	59.94657206263713	59.99433486785888	59.999827466204664	58.35759395845407	3.427244205011967	58.948740131490595	58.960783063376645	58.968177235314414	59.200777107688666	3.7229098865933095	59.93977392607545	59.961655688172655	59.97583425577689	58.26896579261322	3.388028859631886	58.77943042229004	58.878668118446	58.913688905060695	59.15150905965558	3.721603669740032	59.876998213792604	59.91197944427374	59.93756019358428	58.28830159171538	3.3902029309273316	58.80248857266422	58.881072714398655	58.91067677933075	58.01476319155536	3.8468729800246146	57.90872984283492	59.80429666709241	59.96042862570352	55.38693927716563	4.587665797195914	52.99102107421997	56.654054473518144	58.816564927767566
3290000	59.54650023568475	3.5385453761367094	59.92488347034064	59.98956516284527	59.99951527173437	58.358589898126255	3.428362334727806	58.95012660366365	58.96097200515827	58.96850796034912	59.20001700844676	3.7227507335944927	59.93995368189583	59.96101891689092	59.97383376395163	58.26925472448996	3.3877763350684464	58.77943042229004	58.879366954816014	58.91403584578163	59.14879224964642	3.7209433261937477	59.87694415706543	59.90965274217366	59.93166767202065	58.28861238476413	3.3906768748191967	58.80302024617508	58.881551561865635	58.91158233329927	58.01443002415946	3.8460934397457103	57.90987420490225	59.782524197526044	59.95896757986863	55.39078138045752	4.587520342468497	52.99635076111462	56.654054473518144	58.816564927767566
3300000	59.54458397794637	3.538816684687265	59.92194559330191	59.99021422420019	59.99962381385654	58.358410971849175	3.4280714728373436	58.949988863433106	58.95995616955551	58.96795709327432	59.19898889869693	3.7225183741494248	59.939620177068065	59.95936001933842	59.97444173453423	58.26933951384507	3.387927020846265	58.781091590228634	58.879366954816014	58.91403584578163	59.1482050462115	3.7203782657323456	59.873016644404665	59.908379868357784	59.93421417402867	58.28857658821822	3.391751137956072	58.80302024617508	58.881072714398655	58.91148437426526	58.01777043036755	3.844649051095556	57.907845468278836	59.77083967586981	59.96048621643324	55.3957146283015	4.584877412208668	52.99635076111462	56.654054473518144	58.81932493276001
3310000	59.54735840744362	3.5393469252435534	59.93504315414022	59.99135343853749	59.99972378816621	58.3574017068255	3.425925149719346	58.94847505293734	58.960644101240334	58.96807322460805	59.200513723149335	3.722800296652211	59.94077188615325	59.96079800761451	59.97454635215075	58.27033284254806	3.387614140758547	58.781091590228634	58.8796809116142	58.9141817741607	59.14950178033944	3.7205938603603936	59.8740544284333	59.91005266451057	59.935221673876796	58.28989226699544	3.3907719010721737	58.80318959569358	58.88205868076448	58.91223892810262	58.02456591819378	3.8411875560529207	57.90931586337307	59.79724684693279	59.96150168642931	55.402058198087204	4.5823874434784475	53.011186265418466	56.654054473518144	58.81622650085904
3320000	59.54923925465167	3.5393152775788166	59.93357612422142	59.99144747798611	59.99977393033536	58.35692168145859	3.4281922985220796	58.9474266498774	58.959709805760895	58.96851823365234	59.19912638012692	3.7224038763357776	59.93812920027287	59.95900468403722	59.97478341291728	58.270191073541696	3.387797234505029	58.78283955725453	58.879928730593534	58.91439581200966	59.14979350863766	3.7206195097990635	59.87511722767137	59.907987715894095	59.93543276002837	58.28994452748676	3.3910397189490413	58.803848861022	58.88260770130685	58.91232598701544	58.0253988206337	3.843169904244794	57.90807623551048	59.79633210755017	59.95990426484848	55.40904461659826	4.576673443634125	53.0594780807501	56.663360836857265	58.81650198093715
3330000	59.54442315638306	3.538953569108349	59.922792457817636	59.991643157545	59.999768914737686	58.3583597770397	3.427100308969379	58.94918477979827	58.959943571981896	58.96793932535955	59.19828982007797	3.722267239333031	59.93747886772754	59.95791667870516	59.97330191165513	58.27093875094887	3.3881674959206376	58.78283955725453	58.879928730593534	58.91452158556887	59.148977479635555	3.720442644333094	59.875579564890835	59.9074717556718	59.93401208525111	58.290444937991246	3.3906189144841257	58.80404524608836	58.88260770130685	58.9124628713964	58.02638552696814	3.838174265454061	57.90630219106602	59.77838198476492	59.95920786335416	55.41606322932969	4.573224417971641	53.0594780807501	56.67414543178931	58.826027336748346
3340000	59.548344441570315	3.538951696437368	59.92955187825147	59.99118912390406	59.999712314515406	58.358500147653174	3.427734224433783	58.950340857048154	58.960765740091986	58.96766801932027	59.19995120393836	3.7224471321145134	59.93987915697625	59.96063465018231	59.9746028493591	58.27119241805609	3.387965165295019	58.78283955725453	58.880401250558606	58.91500266808549	59.14974232643568	3.7206273795776608	59.87745473793215	59.90951339178458	59.93588704558905	58.290454993514615	3.3909324436781207	58.804616999158725	58.88260770130685	58.9127970672848	58.02880958994228	3.838099525155995	57.9059589212375	59.80998758238729	59.9608840539442	55.423201272343526	4.567069828111179	53.0594780807501	56.68469997456492	58.816156452309315
3350000	59.54805292193778	3.539389598607156	59.93395492411738	59.99161370643844	59.99978921876453	58.35778018836954	3.4273826476918545	58.948400898071554	58.95992073608343	58.967494006188204	59.199756546157836	3.7223847350002774	59.938804164524164	59.96031168920936	59.974226906534746	58.27186087931464	3.387771140931383	58.783385334388015	58.88062270143804	58.91561481338282	59.15065803794116	3.7207781696503037	59.87711165385709	59.90912720173384	59.934298880695806	58.291310979716805	3.391466718099543	58.806558033893204	58.883082455351925	58.912905205213264	58.02979343554865	3.835072342692257	57.90521998897547	59.7900084151439	59.959959289899615	55.427774858795786	4.564716656585905	53.06758955473048	56.70325246596601	58.816156452309315
3360000	59.54686170460814	3.5395385422184136	59.93233564318076	59.99095924357967	59.99978942502774	58.35913573217878	3.428599409291061	58.94874646457113	58.960138512748344	58.96798731070402	59.20293381246679	3.722478625338057	59.94196416261519	59.96127202976908	59.97506164414466	58.272534060648766	3.3878788042174772	58.783385334388015	58.88082994820087	58.91578804031725	59.15181148543177	3.7209862633941295	59.87618601224729	59.91110435093021	59.93873891010493	58.29200792160194	3.3913217539234255	58.80708365699597	58.883514534403076	58.91345830320623	58.03427840571557	3.834865578567048	57.90910917454856	59.80192318736387	59.9594550671055	55.43320169729717	4.561823549201074	53.06758955473048	56.760382374575066	58.82906359703578
3370000	59.54820389957263	3.5393595946329928	59.93256965193578	59.99109453590077	59.99978328454883	58.35904748189122	3.428326852212487	58.950229201612444	58.96069909403317	58.967845164383554	59.202483326217006	3.7221466475077754	59.94123666708591	59.960103346465374	59.974985253422254	58.27227092259145	3.3882027324797024	58.783385334388015	58.88082994820087	58.916104512463455	59.15082092398468	3.7208017200210453	59.87722990906252	59.90932840606046	59.93557266577715	58.29170832867187	3.3907427061999447	58.80708365699597	58.88341912343642	58.91303569732269	58.03813714740355	3.8320344287775963	57.90708368294709	59.77912260254395	59.96123912089362	55.43962511681768	4.554360759409869	53.06758955473048	56.77033693828335	58.82640856694441
3380000	59.553148610762356	3.5400536732413976	59.950595201944225	59.99288153738725	59.999817330045616	58.36017407248845	3.428521563399906	58.949514986644644	58.960492822112826	58.968097912231784	59.20186319967852	3.7220101154252547	59.940488449275364	59.96041410109348	59.97445665411503	58.27316517898915	3.38796927044383	58.783523047903486	58.88109200374771	58.91619321038174	59.15270664159072	3.7209576316038833	59.880274568170876	59.910159612487995	59.93813150516682	58.29286286023433	3.391179005122224	58.80770745927275	58.88403915783517	58.91381007505945	58.04306872298066	3.8293284236406677	57.90900755577202	59.79022334676124	59.96158646329767	55.44425719071993	4.550592899776117	53.06758955473048	56.77033693828335	58.82134041307258
3390000	59.54910175207384	3.5396695187116527	59.934303235024736	59.99233423541533	59.99975736219076	58.36021853340067	3.4260887326938865	58.94954019550074	58.96097753972589	58.968188720868056	59.20280075217889	3.7220666623234004	59.940843333434735	59.95961303369755	59.97388710750448	58.27366520357343	3.386924436330162	58.783385334388015	58.88158070242366	58.91627457036607	59.152410419937596	3.720553263122348	59.88000571711562	59.9103685809777	59.93487990405665	58.2933257177098	3.3899879087160967	58.80770745927275	58.88475996762438	58.9135212023701	58.045876825236036	3.824342344587732	57.90647243720094	59.79928930839479	59.95997306587167	55.447924844920685	4.549412445153672	53.07217955438631	56.789529795723794	58.82674047470407
3400000	59.546415216513836	3.5388041861923067	59.935028720417876	59.989157928177754	59.99962077152516	58.36069064772253	3.427974628199844	58.95071661734311	58.96117901631068	58.96816875117117	59.20289356567804	3.7219671643623444	59.940118032919486	59.95982892850459	59.97462360528464	58.273952205359265	3.3872285742358774	58.78395033051428	58.88187000561618	58.91646507391066	59.15084916490917	3.720234920947335	59.87565963224539	59.90736906806063	59.93612190411736	58.29394128085854	3.389968101742403	58.810123775898035	58.884914087719075	58.91364909520773	58.050157753163816	3.8192794610481555	57.91039201848868	59.82315292740553	59.96014664241554	55.453078873873444	4.545626779711789	53.07217955438631	56.789529795723794	58.82640856694441
3410000	59.55276317510281	3.5393097993706104	59.94488919736645	59.99414815349425	59.99990856546305	58.36060421954389	3.4291942013056578	58.950323766916995	58.960753672103166	58.96829486499156	59.20280582071866	3.7219619767983443	59.93936406843063	59.95948096497348	59.97547799235199	58.274178113339424	3.387757159921495	58.78535739796514	58.88192388529759	58.916677277108896	59.15178257274169	3.7203602081287834	59.875667932548964	59.908884924329	59.93692720623112	58.29368696586356	3.391295203433616	58.81050744908627	58.88525373993335	58.91364909520773	58.05154573111846	3.8170037273574207	57.905810894622554	59.80181923575533	59.96108387016881	55.45542138773486	4.5452359682474235	53.07217955438631	56.789529795723794	58.82640856694441
3420000	59.55292167942172	3.53865537400563	59.94437187832178	59.99069843636673	59.999768326149535	58.36035929517989	3.4283301234622576	58.94926354054426	58.9601962506531	58.96812354366895	59.20141002205782	3.7216519007694657	59.939231520106446	59.959475058899905	59.97377469153358	58.27458397203942	3.3882228873571165	58.78616462613198	58.88237850018827	58.91672997286932	59.15186745097316	3.720244564191628	59.87917725080355	59.90979593504902	59.93569549633383	58.29435255456584	3.3922944125081984	58.811909721886785	58.88545003614534	58.91408705773684	58.05672407838636	3.813208126151913	57.908800768359704	59.80119923904367	59.960091782019376	55.46127183334108	4.53976706244438	53.07217955438631	56.82920469926428	58.82134041307258
3430000	59.54755317450697	3.5389501600742705	59.9288918739711	59.99148590933146	59.99973380087734	58.35982612988074	3.42914873014854	58.949230436532034	58.95995541242867	58.968225809717424	59.20336919027281	3.721544928406338	59.94005789598528	59.95937582649789	59.97471254652011	58.27491199777399	3.388615265231377	58.78616462613198	58.88246425663791	58.91672997286932	59.15173748382274	3.7201011658804655	59.878140647902676	59.910146198149825	59.934294189912094	58.29461106352603	3.393024167039934	58.811909721886785	58.885595933251835	58.91392101871215	58.06074248060152	3.814377779844946	57.91149585947001	59.809699950474624	59.95999635487475	55.466119911860865	4.536220159749473	53.07217955438631	56.82920469926428	58.815915116873846
3440000	59.549581183884655	3.537968261329603	59.93640256155407	59.99413039638968	59.99979926899245	58.36125334577565	3.426676518443769	58.94906186509585	58.960539799248195	58.96802615602089	59.20461761400076	3.7216457218279793	59.94159575887697	59.96120208675566	59.97492787393805	58.2754718702033	3.387620499052234	58.786290610703944	58.88346318601876	58.91688934167048	59.15365100731814	3.720343461517034	59.88039929254545	59.91270211849296	59.936919829071584	58.295421715206245	3.390743185879287	58.81050744908627	58.88634467644415	58.91447412819775	58.06657635823162	3.80092064456198	57.90317361305327	59.817564205556735	59.96166342618651	55.47040753777329	4.533860669218267	53.07217955438631	56.84075515882006	58.816156452309315
3450000	59.54448103130031	3.538176081960158	59.924025818915176	59.989598353148764	59.999640204278855	58.36229467598794	3.4270660833806494	58.949652896626105	58.96090054632274	58.96817172982607	59.20407923002726	3.7216120720532198	59.93882857147436	59.95928158969044	59.97461576236727	58.276335423914254	3.388099191076566	58.786290610703944	58.88346318601876	58.91735000313527	59.15010706775976	3.719630210802277	59.8732910168674	59.90607494291449	59.93545741910142	58.29596640134234	3.3908969376554374	58.81050744908627	58.88657679857137	58.91487500359525	58.069522357876075	3.800401310950308	57.90889924723602	59.80574292296001	59.96292503597322	55.4759638238788	4.528381613063414	53.07217955438631	56.84075515882006	58.81567948934608
3460000	59.5460337644212	3.5386604351914355	59.93656519721438	59.9906365637257	59.9996299425553	58.36165654224596	3.4262542401290097	58.948287740399756	58.95972938457405	58.96779275064528	59.20358409502684	3.7214241710617437	59.93768071037747	59.95902734387002	59.97379578563495	58.276811486122	3.388092562773237	58.786290610703944	58.88346318601876	58.91754224010165	59.15244371013626	3.7198054782570815	59.87637912862558	59.90884381118552	59.93483208105689	58.29615757386112	3.392172147671495	58.811909721886785	58.88634467644415	58.9147797335474	58.069450508112446	3.798086223084011	57.912411936416085	59.78992304796155	59.96147490104708	55.48071626812473	4.526253008235639	53.07217955438631	56.84075515882006	58.82134041307258
3470000	59.55063142647942	3.5390336832057976	59.93460031365841	59.99170638557319	59.999765996750554	58.361214702250464	3.427295787490342	58.94779788775453	58.96022814687807	58.9682581033976	59.20507575607977	3.7218216967857116	59.940573965077746	59.96024022757962	59.97443513779025	58.27698443833377	3.387710391380382	58.786290610703944	58.88429159670625	58.917596923598374	59.152969263894875	3.7196613241666934	59.877415413615495	59.90912600508378	59.93451047283123	58.29676587374048	3.3903129248350523	58.81283559067193	58.88689213945379	58.91522005691229	58.07034797945544	3.799089917281878	57.91100360464374	59.82438132977977	59.96109999789721	55.48561941960063	4.525252623092896	53.08895872343214	56.84075515882006	58.82640856694441
3480000	59.54793964791429	3.538736901912907	59.93097962703024	59.99186471386895	59.99984072857288	58.363312790648415	3.4267209424843155	58.94932417801369	58.960938818032105	58.968456490931814	59.206483504815274	3.721876057879555	59.94196964193529	59.96219730001188	59.976027476790485	58.27801822726081	3.3870387957143477	58.786290610703944	58.88429159670625	58.9177073906021	59.15729307127045	3.720366115586745	59.88188720447867	59.911766371112805	59.936015142837526	58.298451687584524	3.3890467145806347	58.81339080029512	58.88737363121026	58.91526241772219	58.073408322536594	3.796974045120492	57.90910161821461	59.79819255352892	59.963431253659344	55.49102439121201	4.520879207316471	53.08895872343214	56.84075515882006	58.82640856694441
3490000	59.55182610777915	3.5394759086444023	59.94790971593612	59.99218086442596	59.99971379465588	58.3623814046434	3.4266179555808907	58.95016215981103	58.96042455635569	58.967776803305085	59.20325748688157	3.7211468333790996	59.937936558535036	59.95922428034925	59.974781383416286	58.27823107068822	3.387442446203456	58.786645717854	58.88445548617999	58.91790594744835	59.15290579478152	3.719445455182718	59.87453317383266	59.9086874819076	59.93452077086263	58.29747441028253	3.3911844458925864	58.81442552558847	58.88737363121026	58.915025284552414	58.07617679391662	3.7910748149142743	57.90783154248203	59.800961609822615	59.96027630780126	55.494061972713006	4.517282580037752	53.08895872343214	56.84075515882006	58.82134041307258
3500000	59.54824454420751	3.5389044461331336	59.932527396558626	59.99037837714306	59.9996969856457	58.3625055253695	3.4273364440824055	58.949541080058175	58.96117511816666	58.968029749758536	59.204276920139414	3.721290108417133	59.940479777357375	59.95966329566626	59.97407785468938	58.27901021364394	3.387537934142008	58.78722066395717	58.885015168736686	58.91812530425725	59.15430289954472	3.719705300984105	59.878618132818254	59.90852709513719	59.93369566341392	58.297393135893856	3.3911739270779244	58.81442552558847	58.88737363121026	58.915546405631524	58.07955983901756	3.7884240291924143	57.913621194337125	59.804150163403044	59.961632514533726	55.49979120503664	4.514950542683544	53.09092251712907	56.84075515882006	58.82640856694441
3510000	59.549315534903364	3.5378164361138653	59.93444332425648	59.98998090029069	59.999815888536084	58.36177354282168	3.4269211477328594	58.94995015952484	58.960224680179664	58.96801575591594	59.2036577379481	3.721190974630839	59.93975898420833	59.95939329938751	59.97425292387411	58.27899397532205	3.3876112608217666	58.78722066395717	58.885165546247734	58.91832939179046	59.15508544928373	3.7195204450438353	59.87898624824172	59.909169728077174	59.935766169284044	58.29750517483253	3.390955302630306	58.81480049940271	58.88751469368531	58.91532022057437	58.08109998016154	3.7828100772790787	57.91126026789222	59.79660932443777	59.961696399739374	55.50362386711379	4.51125178180741	53.174209049373566	56.84075515882006	58.828386475947546
3520000	59.55067667061524	3.5387959463896292	59.93904124498752	59.992673792756655	59.99979935048501	58.362147777149644	3.428916066415123	58.94969949015442	58.960647466971366	58.96812495556924	59.204135425936336	3.7212791667358767	59.939421903533955	59.96072655591327	59.97622200249697	58.2792561456266	3.388291080404041	58.789422859830104	58.88521060919322	58.91862858078337	59.155299259049876	3.7191676920860126	59.87443958353525	59.910096307330726	59.937369731991126	58.29796432624612	3.391471838048338	58.81523968495812	58.888188887657975	58.91572200065292	58.08536254662494	3.783473851008897	57.91205963679266	59.8054687922601	59.960029393935955	55.508573865786815	4.508661552328223	53.174209049373566	56.845271508420765	58.828386475947546
3530000	59.54916830345712	3.538827885133422	59.94024557216847	59.991649064417985	59.99968396828766	58.362535270422505	3.4268946747245153	58.94922253603656	58.96010647882001	58.968739653731156	59.204461682062316	3.721199028616705	59.939675666867984	59.96008553673258	59.97395081803055	58.279796867912225	3.387746021390648	58.789422859830104	58.8852951025259	58.918684126904004	59.15506787807334	3.71854118916884	59.87463556514818	59.90967175370058	59.9363120715897	58.29886981603645	3.391052515483273	58.81541861084875	58.88848015005274	58.91624208320863	58.08774279132749	3.7785752718938572	57.91465803947327	59.80910407010842	59.961268018390946	55.51427889513569	4.504320627033628	53.174209049373566	56.845271508420765	58.82199971607363
3540000	59.55167007102359	3.5389595784996817	59.93922178673172	59.99187049933417	59.99979384155813	58.36231401927562	3.4267428665658515	58.95023746231934	58.96115228846987	58.96883873827373	59.20442156498242	3.7212149346001557	59.93935367207804	59.96180759149157	59.97457236647544	58.28125728145749	3.386814162073409	58.789422859830104	58.88593709639736	58.91884968509108	59.1565405410829	3.7186082708660435	59.87707932254915	59.911446528743845	59.936328097578624	58.30055121834599	3.3893425172674756	58.81541861084875	58.88844518895303	58.91648425688503	58.08931405638677	3.7788316698767104	57.909843110472195	59.817648718342284	59.96153235157178	55.517471179635216	4.503613065350414	53.174209049373566	56.85889845910151	58.818455252886864
3550000	59.548207073106894	3.5389513724235266	59.93638477570905	59.99244239555982	59.999783717895276	58.36232959689053	3.4262867013519713	58.948643708605346	58.96032634717554	58.96836773391817	59.204764901179146	3.721158199794766	59.94016901367466	59.960107033284544	59.97441426842432	58.28155209125738	3.387633608343908	58.79142933757132	58.886634528423144	58.91913190729197	59.157153079122644	3.7185567950690497	59.87819899995956	59.909349493224795	59.93420521049517	58.300105609967204	3.390387953364764	58.816122341573674	58.88841563479627	58.91648425688503	58.09143979205978	3.777204419664153	57.91560428095701	59.80062768005939	59.96129729354486	55.52121429074074	4.500991390106079	53.174209049373566	56.85889845910151	58.828386475947546
3560000	59.54845205241673	3.539209666225417	59.9345953614466	59.99061028817787	59.99963633943169	58.361160876086174	3.427015529371228	58.94881569112104	58.96001649819435	58.9676481383582	59.20426454555482	3.721096874701806	59.9406541385536	59.959441896266696	59.97456296355363	58.28161554942876	3.3883032878507886	58.79142933757132	58.88736729268511	58.91930923674529	59.1550805806591	3.71815457762075	59.87401434945401	59.907048666193276	59.93440082286648	58.3000227491974	3.3920307302798514	58.81677507987819	58.88873554414479	58.91658134636139	58.09136368239112	3.7740973243221894	57.91149018302916	59.79110564924963	59.958841436050236	55.52590635989929	4.495341814539892	53.19220062990899	56.85889845910151	58.82607532544996
3570000	59.551381746925074	3.5391827981591035	59.93847221865893	59.99167562519373	59.99976710433589	58.36171412887986	3.4264040324884677	58.94901606438672	58.95998773105454	58.96761309661641	59.20439461814346	3.7210200823863557	59.93800955643158	59.95987967259954	59.974882463505594	58.28196897981083	3.3881628654942357	58.79142933757132	58.88769762931875	58.91942918363369	59.157821345747905	3.7186122345854247	59.87614194315949	59.911553271002354	59.937820129156435	58.30069003000804	3.391252363832071	58.81677507987819	58.88879339366319	58.916910307867255	58.09666295596016	3.7699909999430727	57.91540413660417	59.804659995228036	59.9595468419999	55.53129345401705	4.490541439708827	53.19220062990899	56.85889845910151	58.82607532544996
3580000	59.552545675465666	3.539189587342394	59.94325056989369	59.99312814608886	59.99974956569215	58.36128826231851	3.427422475238826	58.9495029244717	58.9604673584964	58.968012507734706	59.20526885894495	3.721052589730988	59.94003771581857	59.96033775640719	59.97422959483862	58.28311936910608	3.387700520962084	58.79142933757132	58.88816524586035	58.91987745644275	59.157444233517644	3.7184084456747177	59.8766758171272	59.90782526198717	59.93584841463209	58.30186380608617	3.390988182853679	58.81708985323123	58.88879339366319	58.917350560942985	58.102495024190894	3.768657094793309	57.912811298905275	59.82154371932481	59.96265220579379	55.537581504902604	4.48731428537543	53.19220062990899	56.85889845910151	58.823109977701684
3590000	59.54776096690625	3.5388238808628847	59.938668620921966	59.99384394875676	59.99984029172817	58.360794294262284	3.4262355434037683	58.94902057438083	58.95939294015444	58.967476411978424	59.204325779689675	3.7209021942758946	59.93853805373831	59.960228721454044	59.97430128346802	58.28376409955223	3.387222781230477	58.79142933757132	58.888210425701814	58.91998916261444	59.15769547122095	3.718316820208112	59.87633122522527	59.90995338810063	59.936303322658304	58.302263736141626	3.389700729285644	58.81677507987819	58.88885460813084	58.917620574663594	58.10644855406744	3.766193083412212	57.91169681026366	59.84209931261216	59.96175441166545	55.53999489970094	4.48501005543021	53.19220062990899	56.85889845910151	58.832418240678
3600000	59.54718267276632	3.5391835184055926	59.93476462564975	59.990914579965946	59.99975085468069	58.36305731953301	3.4278408498221427	58.94854789956387	58.96020127241322	58.968010807055784	59.20581007452198	3.721135659045532	59.94196004589556	59.96181739239327	59.97498884780957	58.284211544854124	3.3874698420112885	58.7928809511773	58.88848540874139	58.920066276615536	59.159136526634526	3.7185394020119276	59.882054283231206	59.910410477288764	59.93530617434397	58.30250348952097	3.391597655252142	58.81708985323123	58.88938595220495	58.917756778872416	58.10816725912894	3.7668214615255824	57.91386098747601	59.82741299122701	59.960610877457775	55.54508377193637	4.482745751328348	53.208115374893296	56.85889845910151	58.82940366762158
3610000	59.54762057681899	3.5382821102196162	59.93260208951192	59.991243876589415	59.99978954750111	58.36283458083828	3.426803330576358	58.950182613604156	58.960132712327905	58.96778921774599	59.204739858360526	3.7208756870422737	59.94098245141549	59.9606232825383	59.97503693044481	58.284880458624464	3.3876482710105127	58.7928809511773	58.88873929018372	58.92087908407815	59.15803176762984	3.7176152192585263	59.87771317010869	59.910929981867724	59.93619733371727	58.30303158016131	3.3910905482884406	58.81999939813893	58.88955676242111	58.917744768602816	58.10929882510686	3.762673230061796	57.913604703411046	59.80089548639613	59.96049186040961	55.547878646282655	4.481279280608866	53.220757064681216	56.85889845910151	58.82940366762158
3620000	59.549220438720084	3.5385509761413316	59.932631239941074	59.99114626205778	59.999615488900425	58.36283036777717	3.4279156355682217	58.950012616818974	58.96065717466233	58.96809636802792	59.20497582901875	3.7207963368589954	59.93966925317948	59.96086133935026	59.975004245626955	58.28469386714372	3.38787129423267	58.794166382720135	58.88899068458289	58.92120597670439	59.15820966935192	3.717508871887804	59.877377444064834	59.91056304652521	59.93543015124664	58.302595396706096	3.3908530619028117	58.821311104364185	58.89042470304811	58.9181494606265	58.11168409879542	3.7618207718397056	57.91020368957787	59.792920420364	59.96219896832455	55.553845153223435	4.4761932798307	53.220757064681216	56.85889845910151	58.826121362432716
3630000	59.547983381511266	3.5394260279276297	59.937855888473656	59.992599923674334	59.99978059390848	58.36288972351897	3.427178519110744	58.94986558983503	58.96077682099674	58.96806528279974	59.20449949821908	3.720823505175879	59.93883833258653	59.95981572610887	59.973647767502655	58.285470845246635	3.3874676466884144	58.794166382720135	58.88946998676804	58.92120597670439	59.15558328362991	3.716925622123126	59.87344250227176	59.905097310597185	59.93551703906429	58.30355337364026	3.3903398559769404	58.82184911291708	58.890076988844044	58.918200741721776	58.11441460565605	3.76021088497859	57.90993161485585	59.82502711277322	59.959567903961535	55.55928994132098	4.470726515653842	53.220757064681216	56.85889845910151	58.826121362432716
3640000	59.55053773230372	3.539515882981189	59.94220302263693	59.99147738059034	59.99972612584685	58.36249899904021	3.4281790693059584	58.94932016351963	58.96042038696483	58.96750505560324	59.20420118368852	3.720630643456062	59.938841285527154	59.96028923714634	59.97381401595889	58.28600600461619	3.3877983943255923	58.79429670163656	58.8899758728206	58.92130050505472	59.15854517681575	3.717318304460522	59.87510155022275	59.911415328219064	59.93561528306029	58.30397865149344	3.3913403583230144	58.82184911291708	58.89123504421383	58.91855611265637	58.11482541393489	3.760403191790233	57.91179616782978	59.79751974381245	59.95996846888806	55.564260780404354	4.469820451112638	53.250493459611434	56.86409457514407	58.823109977701684
3650000	59.54911828080059	3.5392770830769367	59.93588291523914	59.99038095711268	59.99966327954378	58.36258050971119	3.4278205084532294	58.94964515732969	58.96000619360211	58.96812490129052	59.20551974074594	3.720882951390323	59.94132298315359	59.96040826894439	59.97409116280217	58.28581731594808	3.388349617164657	58.79550112035031	58.89010718709295	58.92138391712002	59.158135050937084	3.717115511191027	59.87817654078502	59.90915486328359	59.93348819032761	58.3038185058705	3.391278975670994	58.82230111182721	58.89123504421383	58.91855611265637	58.12077424654851	3.7544393549625616	57.9111945247602	59.79813477832059	59.96107504478242	55.57044646282494	4.4680472865480505	53.26430641606591	56.86474350804736	58.826121362432716
3660000	59.54881088443584	3.5392810147003217	59.9339260651593	59.98981178409784	59.99973085144872	58.36158120316685	3.4285592812446066	58.95005876884812	58.960279801504605	58.96798808216172	59.20527325209223	3.7207698997103975	59.94112237473308	59.96003842556259	59.974766849488596	58.28583279496783	3.3882385375235278	58.79550112035031	58.8901175603941	58.92175215812097	59.15849098000832	3.7171798254853083	59.87872124148842	59.91038868172597	59.93602455630493	58.30315367804185	3.391766621678704	58.82341735048028	58.89093568929307	58.91882642931482	58.12423801044388	3.753719880923346	57.91273741380055	59.81084066104613	59.95945830142404	55.57377962570787	4.466514582571418	53.26430641606591	56.86474350804736	58.82940366762158
3670000	59.547211844502634	3.539171303061611	59.9351762242696	59.99226596424321	59.99977130485351	58.36083329290452	3.4261275159898634	58.949002164233306	58.960044653180255	58.967623399760484	59.20488065228303	3.720745980477863	59.93997650994201	59.9604656175483	59.97463042198928	58.28739358358126	3.387294424791636	58.79629819928161	58.89038424315303	58.92187102599585	59.157613670664745	3.7169595566523923	59.87680716633154	59.90926288041412	59.934655397356366	58.30468027328404	3.3900770836200818	58.82341735048028	58.89123504421383	58.91870507430559	58.127588729499806	3.7482533554681057	57.91518382130371	59.78134150630688	59.960321327695496	55.57634022522364	4.462962971436989	53.26430641606591	56.86474350804736	58.826121362432716
3680000	59.54931557757359	3.539121020625044	59.93535929615052	59.99023701901065	59.9996367398004	58.36149296479576	3.4270548181951495	58.94946009379042	58.95927748591991	58.96811569462412	59.20497622394265	3.7206975198558414	59.940205739617525	59.96023271030934	59.97487203923751	58.28806712912016	3.3873229215759313	58.79755284902902	58.89137641294796	58.92204471520889	59.15718615411038	3.716284269118947	59.87483875431923	59.907487104628565	59.93345327197033	58.30520736380707	3.390533818821032	58.82342450288601	58.891873262469346	58.91893312336215	58.130113353188754	3.7488570155493615	57.91263431405336	59.832897882216514	59.95990333074121	55.580087094569855	4.460662759799582	53.26430641606591	56.875428901281424	58.826121362432716
3690000	59.55059271344696	3.539340084781993	59.941222539619034	59.98972650241893	59.999567139411454	58.36159540235367	3.4280423872787242	58.95025371275738	58.96057616041257	58.96826465381475	59.20395133303855	3.720403468655688	59.93996309694958	59.959894476972956	59.97357992411616	58.28826747492296	3.3883162074362603	58.79755284902902	58.89137641294796	58.9223572718935	59.15748846295151	3.716292599869091	59.87597334058276	59.90980519593724	59.933556104594054	58.30428512205698	3.3923300730368195	58.82398888720208	58.89123504421383	58.918965102997355	58.13316271335248	3.7472339311510527	57.91626928079738	59.814665219689644	59.95982079679932	55.58439313821501	4.458820122309468	53.26430641606591	56.88297994247766	58.82050790826535
3700000	59.54492114768514	3.5392477047971105	59.9311590879392	59.99020990788277	59.999692206368216	58.36051037682958	3.4274432098467593	58.94924201834931	58.95998457562244	58.96846558829972	59.204229798071445	3.720414197517836	59.93808063852728	59.959133680009515	59.97426065536884	58.288650796350076	3.3880648305215395	58.79755284902902	58.89168682379517	58.92243521887444	59.157223640706725	3.7161868327320278	59.873832838087246	59.908877599889976	59.93347534244996	58.305173826385094	3.3916366216483924	58.82398888720208	58.89156967958935	58.91909417126619	58.136015566271624	3.746165223313216	57.9129050439237	59.81788080725836	59.95957120981063	55.59039715274873	4.454615668332849	53.26434970589883	56.91071784712442	58.82050790826535
3710000	59.55060951388913	3.5401514239819734	59.93469899843457	59.992287852804395	59.99981368809166	58.360918463454986	3.4290525686383826	58.94836278745966	58.96040923127035	58.96771786814159	59.20431873290504	3.720387266270369	59.93890542903792	59.95965969036091	59.97414159990622	58.28936627166996	3.387613664905733	58.79755284902902	58.891579771333554	58.92294050910446	59.158065715344534	3.716388590092474	59.87485269967891	59.91025730957211	59.93740345178931	58.30617117128064	3.391894495726704	58.82451614558196	58.89238532077262	58.91925560881135	58.13978955777284	3.7474843959052264	57.91283312688972	59.83210512011371	59.961642223751625	55.59384255191213	4.452096879881564	53.26434970589883	56.91071784712442	58.823109977701684
3720000	59.54944576332613	3.53995835190464	59.93712260812556	59.992018421915006	59.999809659232156	58.361785928170605	3.427393881348108	58.94790176401701	58.95958106558438	58.9678959972285	59.20501110417243	3.7203266448350814	59.93894457342083	59.95839809396167	59.974505326155935	58.28982416793807	3.3868920809594036	58.79759015828371	58.89176715403042	58.923181151134585	59.159422004001264	3.7166021695599536	59.87502479446976	59.90983570194585	59.936454462319574	58.30675132472608	3.390822248460037	58.82496008217551	58.89271189505956	58.91935059015062	58.1422118179347	3.744423484840897	57.915700360364646	59.842255916011425	59.95774533233619	55.60362216198817	4.442459752130352	53.32537057958934	56.91071784712442	58.823109977701684
3730000	59.549916566215366	3.539365451054449	59.93732066248967	59.99118937566477	59.99960162813615	58.36153858587576	3.4292811887716406	58.949478284402694	58.960682093711256	58.96810835594222	59.20488696388399	3.7204712933459674	59.94138191034933	59.95945951371836	59.97443705160676	58.290694288585854	3.386959303726475	58.79782766995258	58.89176715403042	58.92331377741591	59.15810669045175	3.7162606379427765	59.87960738505767	59.906312315197866	59.932814972779376	58.30730017406042	3.3907728068305016	58.826018585097565	58.89283510034009	58.91960333199909	58.14506644824768	3.744389099458056	57.91515550003031	59.832791500135215	59.959432410975914	55.610767032717604	4.43692474659827	53.32537057958934	56.92095566332699	58.818455252886864
3740000	59.54860652175753	3.539251512346755	59.934147555755814	59.992201156472255	59.999718188816914	58.3617929183534	3.4280838781947214	58.94897285507084	58.960204864155216	58.9679563359815	59.205337783105925	3.7203882306935467	59.939729387920885	59.960526358500445	59.97497021514631	58.29116926462649	3.3876740227339117	58.798191907267686	58.892008771310174	58.923652789736884	59.15942827018851	3.7164552528168056	59.878489486580385	59.91021702479375	59.93426964435611	58.308002241403535	3.392740309276262	58.826018585097565	58.893268042675786	58.92011390198194	58.15117835823903	3.738098964319269	57.915568656856	59.84152445057146	59.96140356854924	55.615486232975684	4.433547381793206	53.36652688171834	56.92095566332699	58.826121362432716
3750000	59.544865886042295	3.539064320323686	59.928743712744684	59.98970603815873	59.99967095178167	58.362937225532335	3.4272196429952344	58.95017290845826	58.960765234510745	58.96780350336106	59.20353667602807	3.7200089893007857	59.93558618979091	59.95892854970528	59.97409511586424	58.29228082862831	3.386575921119472	58.79902440680843	58.8923101744962	58.92373495412957	59.157864731478696	3.7161270663528114	59.87604325721023	59.90745952853571	59.93386005636856	58.30863835251687	3.3901751403691036	58.82571439485808	58.89307957167908	58.92004047423172	58.15265329279005	3.731184957412508	57.91526455121543	59.80089221593637	59.95782387579335	55.61974650307611	4.430950087132077	53.36652688171834	56.92095566332699	58.818146681555454
3760000	59.548713173685364	3.5393276065041577	59.935235783954084	59.990866569733726	59.99971382649603	58.362549801843564	3.427800755012763	58.94952735265554	58.96011836277944	58.967724552370555	59.20493397680193	3.720180755742465	59.93804084114357	59.95991845121987	59.9742446690343	58.29151384363078	3.3871603731314273	58.80001756238171	58.89215129545731	58.92388896197603	59.15738734801591	3.7160282584947844	59.87504166149472	59.90758430098699	59.93442664250261	58.308849486433694	3.3906768743322218	58.82676004413651	58.89385699209048	58.920254870817836	58.15975784483371	3.730106686646594	57.91338523804551	59.836823297622516	59.96179993809392	55.62332024662329	4.428735350155313	53.36652688171834	56.94944620581123	58.823109977701684
3770000	59.549068122453704	3.5393632094707397	59.933572442575304	59.992321847430226	59.999687119346596	58.362086599932375	3.426335394928985	58.94911059536456	58.959934859251135	58.9673244162541	59.20508382455469	3.720204994238123	59.94030099240019	59.95848121678585	59.97416249120127	58.29190351218849	3.38713784251863	58.80031217515268	58.89215129545731	58.92388896197603	59.15903351744977	3.716268788828434	59.87816728700716	59.909549993982964	59.93450083391933	58.30851204496076	3.3910165600848394	58.82657210304708	58.894271122067295	58.92067293970396	58.162052668034136	3.72698925309449	57.90814839240337	59.8459610514119	59.95975241226803	55.628230977781925	4.425999488679457	53.381410479329475	56.977083285846575	58.81384343291721
3780000	59.55033345480917	3.5392278557398633	59.94337249527618	59.99147348914994	59.99974123331221	58.36201302852446	3.427043757041455	58.94880458409442	58.96053315636057	58.967618229264176	59.20470467297923	3.7200911366247698	59.938950030803454	59.95808862333438	59.9741056055342	58.29231183202033	3.386824849942627	58.80031217515268	58.89231397859845	58.923934905726725	59.157848871465276	3.715920513256093	59.87670358276746	59.90670393584395	59.935345816694856	58.30911124239971	3.3905958553398694	58.82676004413651	58.894271122067295	58.92086778709051	58.164737638214156	3.7262633525712654	57.91217853386934	59.84808628532119	59.96024251868619	55.633168016193764	4.42032123991725	53.381410479329475	56.977083285846575	58.82050790826535
3790000	59.553933910972724	3.539565746993503	59.94937943663125	59.993480793165645	59.999839401356574	58.362451388175444	3.427340010877535	58.95019794911739	58.960576833934155	58.96764017243107	59.20526190909432	3.7201617009060124	59.940604571753816	59.96083421043927	59.97582466806707	58.291987460004876	3.3877064143572704	58.8027341616196	58.8924186204584	58.923934905726725	59.16056793777223	3.715903791554032	59.87819493427419	59.90976569879066	59.93639397724935	58.30886860118877	3.391719671047267	58.82703987788239	58.89409263644336	58.92111815471929	58.16736412554825	3.724092346910332	57.91600572884264	59.851724888338424	59.96087086780991	55.63824673642052	4.417233207209183	53.392195245758536	56.977083285846575	58.82256239753837
3800000	59.5465041395147	3.539107801186828	59.929028747687106	59.989309912922295	59.999666786441345	58.36194884073853	3.427843587030601	58.94816890464197	58.959831027780204	58.96809406120718	59.204679656092146	3.7199599096517204	59.93930656782526	59.96047534995938	59.97467009274606	58.29291637245489	3.3873666778733487	58.803555279925966	58.89299823215673	58.923934905726725	59.15808796784683	3.7153307625837155	59.87284469829004	59.906597877945025	59.93532105768966	58.30959739419694	3.3912363471412057	58.82799372241345	58.89432966526911	58.92164842648036	58.16899572539013	3.7233673684145407	57.913504986979575	59.815584085287526	59.96108553204249	55.643088566155434	4.416309700707254	53.39702284425002	56.977083285846575	58.823677547121754
3810000	59.5464007449405	3.5394171556900087	59.929722634591	59.990143891965545	59.99972281162609	58.36173036306589	3.4299455070870293	58.94916187508353	58.960508829844805	58.96813447147315	59.20489945997286	3.71993833937493	59.93866556884835	59.95928101168238	59.974025703075405	58.293126616209726	3.387248428094927	58.803555279925966	58.89299823215673	58.92397519879397	59.15907111693795	3.7155462902723357	59.876254343810544	59.90923287756734	59.93569772617202	58.31021230629435	3.3917298470369555	58.828993115966114	58.89444695881318	58.92173470127325	58.17509202543722	3.721194801319865	57.91383706092698	59.85157407952545	59.96043027564954	55.6492805345707	4.413917126159392	53.39702284425002	56.988275731718076	58.82256239753837
3820000	59.548888729387045	3.5396834048166714	59.9382767615897	59.989994457540064	59.99959226281085	58.36182345151966	3.428505331018443	58.94941490849766	58.96034524291663	58.96796730213257	59.20406020544606	3.7197411805133203	59.93918009653261	59.95854895960187	59.97360162194292	58.29363414053702	3.387639017848112	58.8038036336124	58.89304601391662	58.92397519879397	59.15802261036286	3.715251742497848	59.87661059054422	59.907256654475475	59.932304576791125	58.31100914155559	3.3915321111897754	58.82953309671821	58.8954283174741	58.921780312075256	58.17610292279058	3.7177795754080742	57.91456828840494	59.82161466490333	59.96014720795285	55.65379255178423	4.4101405242859375	53.39702284425002	56.988275731718076	58.823677547121754
3830000	59.54914878944809	3.540008390988835	59.93174599886949	59.99276136158989	59.99973148795801	58.36304077022004	3.428409400057028	58.950255916614466	58.96041477914912	58.96794588127408	59.20554833212132	3.7199026347363335	59.9401077991687	59.95952428783872	59.97522623337627	58.2946382579606	3.3874951814023353	58.8038036336124	58.89349134237139	58.92408782822964	59.15920386420208	3.715471264432208	59.871790845715	59.91090463811719	59.9363012615463	58.31147995460559	3.3917641904744356	58.82953309671821	58.89537310589892	58.92186653167225	58.17873827700402	3.7173302392652725	57.91534356493822	59.83386881530876	59.95943649240158	55.657592364185064	4.408398947651721	53.416180536651964	56.988275731718076	58.82254165887608
3840000	59.55337284106662	3.5401751771647336	59.942097880349685	59.99289643351115	59.999806873408744	58.36119692007109	3.427636852082982	58.94954464471243	58.96014703559418	58.968304524660525	59.20497597511557	3.7197359874080824	59.9382523332972	59.95969730520821	59.974501935070485	58.295201688898125	3.3875634652446136	58.80611531166056	58.89364843999225	58.924277378231665	59.16054510951528	3.7150972176069654	59.8757466469106	59.90922003448753	59.9366129776164	58.3117414643518	3.391772627838714	58.82967829862104	58.89527670964809	58.921832339786164	58.18458281356713	3.714802758779826	57.91511495138394	59.86992444554731	59.96066064187396	55.66167558655322	4.407588513198831	53.416180536651964	56.99062062256738	58.823677547121754
3850000	59.549540567223396	3.5399806516642953	59.93761663752068	59.9917957554206	59.99963777200475	58.360991385434964	3.426178428581898	58.9489877197439	58.95994993305649	58.967570976425705	59.20397123617504	3.719440827657543	59.93658549541816	59.95948126197338	59.97315333997731	58.295430613930456	3.387561558512517	58.80611531166056	58.89382556658957	58.9242977963266	59.16024525806891	3.714895075163198	59.875027311147264	59.90976442385255	59.935359320351765	58.31154110082138	3.392630009950081	58.83262569651515	58.89559947592024	58.92189213858457	58.18377689603698	3.7112160896313178	57.914372765971876	59.82429893355746	59.962295015679025	55.664823877750536	4.406152310386433	53.4373574876077	56.99062062256738	58.82256239753837
3860000	59.550593305925574	3.539410447737037	59.94095736493954	59.99265557574715	59.9998158144526	58.36140456563826	3.4286142407670854	58.949040467007876	58.96001016799447	58.96776765312609	59.20648394606798	3.7199444165800912	59.94060163960991	59.9599540814541	59.97503293497122	58.29628273457893	3.386982707847868	58.80645572947522	58.894187891260614	58.92470181116442	59.162991699238994	3.71532335090711	59.88176125080489	59.910860751402296	59.93589067414604	58.312934355445904	3.3908573323096207	58.83286064943283	58.89613916325137	58.92197647582173	58.19078334052466	3.709405202356522	57.91942595146619	59.85025738462668	59.960385959830795	55.669180466030184	4.402059053610494	53.44840178011755	56.99062062256738	58.823677547121754
3870000	59.551830500194306	3.5393228532649594	59.94362815222124	59.99239214598766	59.999678254059795	58.36203337308829	3.4278236903495665	58.94955701601909	58.95959249010579	58.96736856370283	59.20445586956135	3.7195334785657015	59.94116407025789	59.95933484930105	59.973611765366286	58.296846262620285	3.3870245613100267	58.80645572947522	58.894187891260614	58.924919953942265	59.160689102914915	3.714834695193251	59.87879372631511	59.90992264667001	59.93419066929246	58.312031349808095	3.3921539074768985	58.83187933430765	58.89597188779801	58.92211432383588	58.19072465038184	3.707171127242276	57.91575767870117	59.83311277853714	59.96181961945646	55.673241329427626	4.400001282040229	53.45681727733418	56.99676147872047	58.823677547121754
3880000	59.545593114034574	3.539159373892553	59.93251779071572	59.98996178909524	59.99982852946967	58.36213640230627	3.427492652774337	58.94978541894854	58.960063128441305	58.96740701653965	59.20584550967582	3.719827977988982	59.940673248402035	59.95960769246153	59.974394164899124	58.29741062216144	3.3870999111948916	58.807052246760605	58.89442908174164	58.924919953942265	59.16161734993802	3.7146060547423776	59.876925733574	59.91091263176881	59.93605102450884	58.313322163437626	3.392306027061357	58.83286064943283	58.89674025664574	58.9226892566966	58.19312588814373	3.7047908266459486	57.913972679094265	59.84314567845473	59.96066657774379	55.68171160706593	4.39359907740328	53.47224471889346	56.99676147872047	58.823677547121754
3890000	59.54816238153328	3.5392170595322643	59.93389196157375	59.98941967069963	59.999701849094016	58.362325053725215	3.4274178927123087	58.949978281422055	58.960233141059625	58.9673893070121	59.204437606431625	3.7195141149810977	59.938427158670365	59.95854777377153	59.97262256749349	58.297970569604274	3.3869222487123616	58.807052246760605	58.89498197184565	58.92517947086466	59.16051369967539	3.7143117820228087	59.87740835522431	59.90810864758187	59.93421647388213	58.31356429196454	3.390364174932507	58.83262569651515	58.896638500116076	58.922726073311196	58.19484219300158	3.703081508713117	57.912981206730564	59.835814653918796	59.95925490676555	55.686358596101634	4.391455167376791	53.47224471889346	56.99676147872047	58.823677547121754
3900000	59.54667874484066	3.5369245986152147	59.929180242299	59.98928856252883	59.99963336798354	58.36137868715927	3.4284264869589083	58.949517656689295	58.960313544157145	58.96752515886087	59.2051747402723	3.719460855315443	59.938483056602166	59.9591069194272	59.973505269816016	58.29817520369433	3.386701258666654	58.80772922221566	58.895081788712986	58.92582911935077	59.16110989280933	3.714340988440556	59.876312090984854	59.90860481340313	59.9341291160055	58.31393011323162	3.3904195399403676	58.83262569651515	58.896638500116076	58.92280312501718	58.19757005347606	3.7001741196880538	57.91571569641094	59.84876210054688	59.95844332854981	55.69078083986961	4.390172169195231	53.47224471889346	57.06281386797561	58.826121362432716
3910000	59.54856350938221	3.5383796484685526	59.93866998888139	59.99047597831196	59.99973060855027	58.36125926273161	3.426168605808739	58.94850593333784	58.95990745331689	58.96742425213916	59.20489330462605	3.719414406352945	59.93841153961536	59.95959213448576	59.9738559894051	58.29862549691952	3.387008806083966	58.8081873765508	58.895081788712986	58.92588040428931	59.16117213670826	3.7142898623769978	59.87367776069888	59.90787145190571	59.93553748304132	58.3143079946157	3.3916474688257585	58.833060447126925	58.89704577424932	58.92318024588182	58.20543886071284	3.6930262317411566	57.915094042627686	59.87651844534827	59.96001527100918	55.693504906250126	4.387277237218441	53.47224471889346	57.08003733307193	58.821424627913736
3920000	59.54849693653468	3.538716452863896	59.93330518856365	59.991407166999494	59.99968714905286	58.36179942691972	3.428432295408455	58.948471303304856	58.959755762780546	58.96737910763394	59.20577324437618	3.7194705820659317	59.93922759166695	59.958859171917574	59.97504523124376	58.29827502954047	3.388077308231842	58.8081873765508	58.89513417593366	58.92588040428931	59.161116093035744	3.7142039044772006	59.87514872774838	59.908881871284926	59.935826053570004	58.31400257524757	3.392452173013518	58.833302350542304	58.89754408321197	58.9233693619326	58.20802556961457	3.694371252008106	57.914652525721586	59.84589049228872	59.9634738119726	55.697186329895715	4.385558281656681	53.47224471889346	57.08003733307193	58.82256239753837
3930000	59.55257166340915	3.539381009533368	59.94228331486431	59.99202411400733	59.99978594892389	58.36202994736417	3.4262368103262846	58.94950659715688	58.959966897751706	58.9675893078843	59.206379725554164	3.7195493388715133	59.94081091318637	59.96071938852959	59.97458458217837	58.29948291794888	3.387236786417389	58.8081873765508	58.89515280214147	58.92598529221287	59.16407389912015	3.7147441375113948	59.878035152850366	59.91178734859159	59.93879897576329	58.315385899471885	3.391505686093732	58.833302350542304	58.897741518490506	58.923748687843165	58.20964090833339	3.690177285764632	57.91668941922796	59.8474953043316	59.96135834888377	55.70015654338964	4.383951247542254	53.47224471889346	57.08027416509799	58.823677547121754
3940000	59.54549896629355	3.5386085022756837	59.92527935572433	59.990833130572895	59.999601594322115	58.36120073715968	3.427643577397	58.949899245331316	58.95992395193531	58.96758811675582	59.204254852936266	3.719147471756768	59.937601939461715	59.95909054277306	59.97327514087651	58.29984711535649	3.3872199508768084	58.8081873765508	58.89532040549636	58.92624397799747	59.16348324248091	3.7145516615372522	59.879126229130556	59.91002342736624	59.93545165194257	58.315880543620224	3.3908134440935855	58.833302350542304	58.89739696407869	58.923748687843165	58.21290252136595	3.6891640331667284	57.91695759551335	59.83356615679027	59.96260577983121	55.706034092999126	4.379775447288183	53.55266782562142	57.08027416509799	58.823677547121754
3950000	59.54840739547093	3.5385889280850593	59.93762551405762	59.991662997472844	59.99975213872831	58.360071647850745	3.428636449109641	58.94802559103467	58.959727597340404	58.96797246193297	59.20718233905465	3.7191218405626914	59.939797932325746	59.959740109573076	59.97472133096988	58.29948621728139	3.3874896003818926	58.8081873765508	58.89598119432258	58.92645011238907	59.16201339592598	3.7142149925127397	59.87594677021853	59.90883941834944	59.936408884380185	58.31518838085103	3.3925152897567994	58.83593276347797	58.897741518490506	58.92409412923978	58.21549737300344	3.6872007496579524	57.91526878289973	59.81713162016433	59.96124099046565	55.7120567611066	4.376071116160583	53.55266782562142	57.08027416509799	58.823677547121754
3960000	59.549040190841374	3.53772558853056	59.93518523368668	59.99068238136255	59.99979467553807	58.36280603892573	3.4283497414250155	58.94898474128894	58.959900370811816	58.967892169878326	59.208166928766865	3.7191585989332063	59.94023103822403	59.95852513173084	59.97510408915797	58.30023010783668	3.387248497290356	58.80915261910657	58.89610513125686	58.92662906154614	59.16270404999424	3.7142693799269835	59.875942976964865	59.90979678105128	59.935093046309575	58.31681396972605	3.391972193685499	58.83593276347797	58.898331713375875	58.92432003281589	58.220755376715715	3.686715059432433	57.91785369853291	59.85874178421022	59.961754354061185	55.71613031464234	4.372947953280158	53.56851276160505	57.08027416509799	58.819907038277734
3970000	59.548025544711614	3.538053985543094	59.931652279681046	59.989397866978756	59.99971327325557	58.36296940820298	3.4273491814387462	58.94895775036003	58.960184481918795	58.967805244039276	59.2070411193621	3.71896098665415	59.940133531694784	59.958450632517994	59.9731709002571	58.30064137770632	3.386858850729514	58.80927227132824	58.896425480156765	58.9266845203872	59.16016683264254	3.713724775074814	59.87486274626887	59.90685120129101	59.93306967289627	58.31672162369757	3.391883048128884	58.83593276347797	58.89872406003735	58.92432003281589	58.222867595918	3.6842954304545024	57.91689720451083	59.852606951809626	59.95999769778297	55.71961039194529	4.372570825162932	53.56851276160505	57.08027416509799	58.823677547121754
3980000	59.548165521389606	3.5386786785896875	59.941133991003056	59.99327121962923	59.99972312270737	58.36390801754145	3.4275602402185252	58.95022006773469	58.95954163562442	58.96769485598425	59.208288296596024	3.7191946621526095	59.9417460022477	59.959648159499814	59.9739476606691	58.300756330660086	3.387658800078907	58.8123203929688	58.89671879228189	58.9266845203872	59.162722783232454	3.7141570186320267	59.880183356485716	59.909082480436396	59.93401738344619	58.3169409956847	3.3922469631712513	58.83593276347797	58.898958650843774	58.92430558097962	58.2230326666428	3.6837548811188876	57.9134584715059	59.86061211624347	59.960615934280746	55.72432327188405	4.36938954520382	53.56851276160505	57.08027416509799	58.82256239753837
3990000	59.551312647176516	3.53914872625428	59.94161437363997	59.99148757308614	59.99972245473778	58.364403791492734	3.427192673042559	58.94949306120449	58.960377566754865	58.967632000746256	59.20703067147339	3.7190148427015375	59.93904696497752	59.959701933555095	59.97341314691336	58.30168085250591	3.3878525041225256	58.815183475383286	58.89730321321485	58.9266845203872	59.1627662367211	3.714020917387803	59.87790401208745	59.90993532887329	59.93378995140357	58.317491164035715	3.392664933854491	58.835161496194985	58.89950418050736	58.92440273079258	58.225285748819054	3.6829739770527596	57.91711486377379	59.85329575588672	59.96261462868137	55.72930299523691	4.364078512467955	53.56851276160505	57.08388343685104	58.82256239753837
4000000	59.54871029680546	3.539517311806987	59.933732086796866	59.9902507566518	59.999702319030135	58.364766210789774	3.427887056827132	58.949498048347046	58.96076176077941	58.967844647024876	59.20637437317662	3.7188528064825825	59.940386415295386	59.95951504983815	59.973918403278425	58.30127005749035	3.388448965966422	58.81689708559167	58.89733591859834	58.926839533518844	59.161712602397316	3.713805395973466	59.876267071881394	59.90823672803384	59.934267457752945	58.316810002544	3.393427159433599	58.835161496194985	58.89923605017053	58.92435156847478	58.229366687549444	3.67943674759707	57.919061096245606	59.830159240785264	59.96094055946416	55.734032422500384	4.362527112635511	53.56851276160505	57.08758834471453	58.826121362432716
4010000	59.54529179427872	3.539151759027806	59.93663375103344	59.99015124973243	59.99961421435764	58.36388874737403	3.4279931023720778	58.949334751519956	58.96038624433898	58.96835294080982	59.207710237911115	3.719067376722701	59.939931834599676	59.96037138424968	59.97449407638527	58.302031508547614	3.388036921407657	58.81747889712808	58.89733591859834	58.92702459632924	59.1605579649217	3.7132569792070047	59.87451774147806	59.905998493861524	59.93158642621035	58.31755349699191	3.391746196460952	58.83593276347797	58.90000326437472	58.92440273079258	58.231937599600855	3.6782152827586794	57.9184634571769	59.83092045308854	59.960850217185126	55.73812581267771	4.35978552761683	53.56851276160505	57.08758834471453	58.82256239753837
4020000	59.54628922114732	3.539015648859142	59.933763072796324	59.99183083087376	59.99981016781416	58.36343624903955	3.42719510721848	58.94978383279979	58.96012845132174	58.96796145350355	59.207490124521115	3.7190113648270584	59.94024904938087	59.95953964136803	59.97394919479666	58.30358136069821	3.38675349157482	58.81747889712808	58.89758389565754	58.92707853353154	59.162255315580325	3.713588342211422	59.87620758777059	59.908216356410364	59.93672159378355	58.31913400713049	3.3904772329643023	58.83685219892716	58.90052649939916	58.92494128645967	58.2359432301908	3.6773476003126073	57.91839079530732	59.84342571302574	59.96060334111838	55.740268055583776	4.358380706190211	53.56851276160505	57.097374740668	58.82260998777886
4030000	59.5480324836996	3.5376940992592707	59.93142367543557	59.99038121766795	59.99969102954719	58.36389222346096	3.4255448407366518	58.94970695306359	58.96015116953106	58.96763063917883	59.207112738848636	3.7189585212315865	59.93850717471171	59.95941217461517	59.97289881114227	58.30369572955248	3.3870692787722123	58.818501171165714	58.89780807085225	58.92707853353154	59.16202273237234	3.7135111422058973	59.87725445432117	59.90737010334949	59.931559076955864	58.31942533468387	3.3915060647925652	58.83593276347797	58.900855953739494	58.924568661690394	58.23890206333309	3.6744974037850286	57.9147319597505	59.86076890322864	59.96123380617391	55.743499343076024	4.356435214409773	53.5851165527604	57.097374740668	58.82256239753837
4040000	59.54979371904117	3.5367544307559955	59.93927661588654	59.99101791747734	59.999766534837875	58.36360478047321	3.4259754728432594	58.948519010183404	58.95975431282446	58.967449633771324	59.20801436729787	3.7189672300396484	59.94042700623422	59.95914710909351	59.97383536070374	58.30506408057383	3.3864777533975903	58.819150697229844	58.89876201136656	58.92752718586445	59.16343214719441	3.71367079777825	59.879074698010534	59.9089412649877	59.9347980887479	58.320725553332515	3.390236894483191	58.83793088980031	58.900930377302814	58.925591732428316	58.242642969462565	3.6726457274759103	57.91605134433223	59.85755089003272	59.96200184608708	55.74899363961882	4.353096582741171	53.5851165527604	57.097374740668	58.823677547121754
4050000	59.549006589041554	3.5376466851905337	59.94019646142857	59.990511521586015	59.999786022041434	58.364770170012704	3.4264138412945635	58.94992757824957	58.96032950880779	58.96855795448272	59.20892551706835	3.7192498115793966	59.940232598045235	59.96034520826041	59.974551936657036	58.30554587881939	3.3870201795657686	58.819260576365025	58.89918722111936	58.92758606347302	59.163349540251126	3.713586572544014	59.87468939373841	59.909738679962274	59.93735893648305	58.320722986355	3.3912183999245653	58.83974182325224	58.90123298573481	58.92588336619458	58.24570048447476	3.6711427852210363	57.91778510603046	59.86975258934436	59.96032279984885	55.752837156469404	4.35218177852866	53.587778367578856	57.112258200777916	58.823677547121754
4060000	59.54596989727897	3.5378531911296376	59.93359672310115	59.99061831247354	59.99945773139784	58.36423232715902	3.427681238868933	58.9511460910619	58.960644251822956	58.96826039965749	59.20748804446878	3.7189057922146627	59.940400114637704	59.95846648189321	59.97384141737769	58.30527012243402	3.387749717675652	58.8201421634045	58.899287142796375	58.92791271294819	59.16169517284362	3.7132560220417274	59.87570353836456	59.90917926008274	59.93436401242151	58.3208045688408	3.3918917412765155	58.83974182325224	58.90134739886807	58.92581860851038	58.246108357116704	3.670267142616031	57.91791377154638	59.855824743806664	59.962157996832076	55.75742964256722	4.345531548263481	53.61936195406173	57.115016698518836	58.81751783810156
4070000	59.54793495997124	3.5384530296234322	59.93555341500773	59.99063832960493	59.99947751407839	58.36393688019482	3.428388295238711	58.95008332909225	58.960728776817774	58.968597941182225	59.20690958904034	3.71857586303317	59.93862553714486	59.95827723778558	59.97334016868685	58.305483686115	3.3878444934449186	58.8201421634045	58.899287142796375	58.92823947129969	59.16141245389898	3.7130998398213553	59.87569810125306	59.90807339562982	59.9337683837426	58.32070438254285	3.3928383116634158	58.84048646894625	58.90166033001188	58.92612708365216	58.250612513113445	3.663509435557352	57.91621553101609	59.85310525558013	59.960444574233584	55.76131107896263	4.344096212918537	53.61936195406173	57.115016698518836	58.82050790826535
4080000	59.54658361523179	3.538388296028426	59.930628202806936	59.98925760308195	59.99955310268288	58.36277416312757	3.4281082223588	58.948889280430905	58.96015267047582	58.96827836884323	59.20650931148775	3.718600919202789	59.93858695762642	59.95884364086086	59.97361429198888	58.30637043248737	3.387053069026027	58.82045298211693	58.899354203189645	58.92834962346892	59.16236631704342	3.7131193008195185	59.877435683314594	59.907704639812046	59.933910474520815	58.321852314817434	3.390978124417033	58.84048646894625	58.90216834127757	58.92600291130857	58.25259988514174	3.6635722154868526	57.91752258246807	59.86709104803729	59.960384315607584	55.76687386877658	4.341474673182165	53.63680396437093	57.13650767121405	58.81751783810156
4090000	59.54894415996931	3.5388740657641007	59.932281114740164	59.99099466568555	59.99976363379412	58.36277436688777	3.427373606419177	58.94881793898381	58.95917326913944	58.96733698707102	59.20768449076288	3.7186046933949393	59.938341285032365	59.95903705209361	59.97541293463149	58.30706045087318	3.3868224481828904	58.82045298211693	58.899590623912104	58.92847489763233	59.16334076172023	3.7132797858850384	59.8761616875116	59.90801950918974	59.93459174908939	58.32270263204048	3.3918065770083916	58.84148773214486	58.902457989541	58.92614671813297	58.255211464538256	3.6605321557832267	57.91548689069707	59.85568072733764	59.96156822514199	55.76950743531625	4.339738480069912	53.63680396437093	57.16203207811334	58.81751783810156
4100000	59.547602446380374	3.538729958926964	59.93398646453957	59.99162546906642	59.99975732240226	58.36555510466444	3.426940851760872	58.95019726308292	58.96036332867969	58.96804081323011	59.20867842244969	3.718878009231029	59.941631989815825	59.96129019722379	59.974479717859715	58.307589632291624	3.387324793974603	58.82045298211693	58.89965326777012	58.92874662824001	59.163597705250616	3.7133198241166143	59.87568975832386	59.91049852829248	59.93715758226409	58.32245575379888	3.3914691829421924	58.84029897879434	58.90295036899009	58.926172512734254	58.25867336145095	3.657806892744916	57.919091472904114	59.85980346393001	59.961695050040746	55.77574549566769	4.336960077942006	53.63680396437093	57.20377328822686	58.823109977701684
4110000	59.55120001630582	3.5389912719553984	59.940640395318006	59.993230673181564	59.99972818160798	58.36545293270467	3.4273107095684194	58.95080884888293	58.96116823443334	58.96829273155522	59.20974830772084	3.718991489036644	59.943089797510964	59.96179424140398	59.976166864399104	58.30691578134128	3.3873994729678736	58.82045298211693	58.899669234617775	58.92888675248095	59.16522368773559	3.713571291652667	59.876941495024724	59.90963243352376	59.9386723553854	58.32221987457116	3.392003108629867	58.842062603552804	58.903182915051374	58.926201091734306	58.26204217385575	3.6577821788605056	57.92113842381443	59.85223907523934	59.962334377622796	55.780367321178815	4.334781885338054	53.63680396437093	57.20377328822686	58.82050790826535
4120000	59.54904230223828	3.538885664774246	59.932353156587155	59.99278559276324	59.9998086872557	58.3655385330638	3.4269934740399295	58.95009864279926	58.961855331066545	58.9685090173204	59.209371659669515	3.718884163768038	59.94066981542339	59.96057636798449	59.975049222542296	58.30803535626736	3.3875893134642268	58.82045298211693	58.899669234617775	58.92896190768131	59.16387226568973	3.7132487357087127	59.87823111027765	59.9093742236747	59.93547797035119	58.323391783956815	3.391845582486291	58.842062603552804	58.903182915051374	58.926675550770355	58.26360856295887	3.656720487148963	57.91892516364773	59.874342753109616	59.96491940536125	55.78567346532944	4.329382181368968	53.70077574958623	57.20377328822686	58.81751783810156
4130000	59.551990255399495	3.5397031274926545	59.94625465162892	59.993838961507734	59.999806022537406	58.36613493024784	3.427182385590233	58.951240480497816	58.96127712415015	58.96862311752875	59.20915255997987	3.718735550961847	59.94172255969166	59.960928557915736	59.974520164707855	58.30888617829082	3.3874090680746813	58.82045298211693	58.89993578924508	58.92900016583869	59.16518817706849	3.713491930516977	59.879211924993086	59.910165372742156	59.93808542509515	58.32399190033698	3.3923804319487925	58.844585699106894	58.903655208243116	58.92711306742271	58.26386663407694	3.6571457984359745	57.91962818971329	59.86409333810038	59.96369283275168	55.791272667075575	4.326613450861339	53.70077574958623	57.20377328822686	58.81751783810156
4140000	59.549737744257214	3.539744739087943	59.934477029432884	59.990653257770084	59.99974209706307	58.36498193963078	3.4258646727685043	58.9510711052795	58.961112911661246	58.96815055193875	59.208168290826414	3.71855810043302	59.94095537501734	59.96009095826918	59.97409385877141	58.30983359512306	3.386590119556268	58.8206955196887	58.90013662191484	58.92902344724737	59.16350112165267	3.7128315499075457	59.876224355865716	59.91015356939482	59.9369892764721	58.324463637610165	3.3910117518309346	58.84311714244822	58.903182915051374	58.926872628887224	58.26388457422269	3.65489240728724	57.91766176220271	59.882187401762465	59.9609129581418	55.79574358079612	4.320149566232767	53.70077574958623	57.21961327555954	58.81751783810156
4150000	59.545446937261985	3.53906543748444	59.935344631394926	59.99024774838682	59.99962246254459	58.364968002473226	3.4268078851504926	58.95153465565273	58.961339777474095	58.96845251583809	59.20730843623364	3.718348430012776	59.94058253744241	59.96022005667338	59.974790944873156	58.30913010733287	3.38693491369262	58.82127798756123	58.90013662191484	58.929204084532905	59.16398028264323	3.712785617867222	59.877292391258564	59.90831299257543	59.93305168924541	58.324096492395284	3.3916204405467267	58.84311714244822	58.90341240053989	58.92707570685084	58.26631531993389	3.653991169904114	57.9210320819263	59.86667826312049	59.95981493065787	55.80047655445805	4.318244914876482	53.70077574958623	57.22126703209783	58.82050790826535
4160000	59.55203565765102	3.539595291432827	59.94599885260768	59.99321473196818	59.99983206496731	58.36358777401328	3.4286442919681015	58.950964822507075	58.960622503000835	58.968267580831224	59.20877962565525	3.718635545189917	59.93996177410503	59.96193818516748	59.97620615818476	58.30917690730135	3.3878470684528006	58.82127798756123	58.900478617514885	58.929204084532905	59.16642374176993	3.7132618701477673	59.88213236978183	59.9122925642741	59.93646182227912	58.324176531723126	3.392931311275046	58.84484847363428	58.903655208243116	58.92712780023471	58.2669593883096	3.6560462170627286	57.92372839454279	59.853293822180476	59.96026159573375	55.806235764556824	4.314522081085569	53.73622795591739	57.22126703209783	58.825120953220576
4170000	59.54949793815386	3.5393634358574158	59.944300661267285	59.99311011940668	59.99973705764551	58.363724633378645	3.429153895209526	58.95032164449589	58.960827756512664	58.96804910364865	59.207474894621306	3.718268713132917	59.93865541812362	59.95983298279221	59.97585777961842	58.30979164639461	3.3868886757935464	58.821455094241955	58.90059317528231	58.92956926949198	59.16487160561523	3.712834329248533	59.87826576366051	59.909090792878615	59.93588688009379	58.32500805590245	3.391743118711649	58.84484847363428	58.904005953526585	58.9272774555395	58.270147794640366	3.6532216836349276	57.917747910976885	59.85299842004581	59.96279450957886	55.81015559400839	4.313213534155779	53.73622795591739	57.226282471513315	58.82050790826535
4180000	59.54668770434063	3.5389544378854736	59.927326604568876	59.98835671923608	59.99963389784506	58.36373553566007	3.4262242322651915	58.95029310523573	58.96157247788051	58.96831476270617	59.20867234066651	3.7185215563432585	59.93951107202564	59.96041468719385	59.974428905735955	58.31043291747856	3.387014880537383	58.82153403491695	58.900787370931106	58.92956926949198	59.16326998038199	3.7123102519876503	59.874076989662726	59.9076660317196	59.93542967784447	58.325484201554545	3.390507041854427	58.84600362613993	58.90416841610649	58.9272774555395	58.27232773065874	3.650234640842195	57.91777228625396	59.877395481032096	59.96094550131275	55.81313872943596	4.311006471819003	53.748163515916325	57.226282471513315	58.81671023303561
4190000	59.5479383568468	3.5390123510217704	59.93868236922344	59.99197634403098	59.999831223178006	58.3644956376116	3.4279963485254097	58.95108477084152	58.96082355744544	58.9677700470025	59.208685095731525	3.7185032503861817	59.9406639462961	59.96040829892313	59.97373929371238	58.31143260909934	3.3873145857842033	58.82153403491695	58.900787370931106	58.92969391231303	59.16716445194001	3.7126445974920523	59.87731588695242	59.91225430777129	59.93843706596438	58.32657707952049	3.3914763504386665	58.84600362613993	58.90437802772729	58.92758902741875	58.278036159551505	3.6441148643489023	57.91877164556682	59.8855929934996	59.96055972102555	55.81710569427495	4.308296582958335	53.748163515916325	57.226282471513315	58.825120953220576
4200000	59.54801650255678	3.539034056906124	59.93014905238023	59.99147453901139	59.99978957859349	58.364287322205314	3.4261105608673548	58.9496269648091	58.96087581461832	58.969163050980335	59.20912303773314	3.718597733325904	59.94195886581081	59.9613859171132	59.97491675457388	58.3112713279415	3.3873281328140368	58.82181371606103	58.900927579524144	58.92973248658734	59.165413888760554	3.7122821146096285	59.87824876477516	59.90896145771512	59.93355332784032	58.32657878994674	3.3916101238867804	58.84616181797874	58.904498722680714	58.92793408999637	58.2794625838674	3.6414192052996217	57.91896492020618	59.87675898228689	59.96203610557464	55.81960200010368	4.303565841576712	53.748163515916325	57.226282471513315	58.81671023303561
4210000	59.54673912760464	3.5391864829725295	59.93371195538211	59.991798675431056	59.99972735110169	58.36482021172992	3.4256652606191893	58.95007896584681	58.96056312254473	58.96784965349927	59.208141090838964	3.718332899229872	59.94007221929506	59.95915984757063	59.973138099372235	58.31144590261332	3.3876068497113847	58.82301605167032	58.90143895210329	58.92991993897218	59.163623356493495	3.711903153986855	59.87266432918419	59.9082660599841	59.935057393055246	58.32587863434935	3.3916920460134214	58.84600362613993	58.904298503686086	58.927718330979204	58.278615596873315	3.6362688387829567	57.917740712119475	59.8308019398438	59.95958174961234	55.82461894516577	4.300368711869771	53.748163515916325	57.226282471513315	58.81751783810156
4220000	59.547256093745865	3.539027970512477	59.93235262532345	59.99093247775156	59.99965760961057	58.36400445935101	3.427319960882428	58.950411832662965	58.96051609353772	58.9672591981354	59.207951264060895	3.718348043957743	59.939568110701316	59.96050525967617	59.974339803357225	58.31233460899629	3.3871615021018657	58.82386880356558	58.90143895210329	58.930006222868585	59.16338684479996	3.7114594272543786	59.87610478301541	59.90943325030172	59.93492913956963	58.32707613872285	3.391526585850165	58.84600362613993	58.904534565729804	58.9280270345799	58.28434142717844	3.6350093622929056	57.91922307244274	59.87695592547057	59.96315097945862	55.82837084473879	4.299132572833214	53.748163515916325	57.226282471513315	58.81721702351659
4230000	59.55038042666556	3.539221742949644	59.9433806142176	59.99151369897542	59.999832124990334	58.36383145463362	3.4260422390670495	58.94997912766621	58.95995992662502	58.968077408122554	59.208950631942685	3.71850528700815	59.941435381988086	59.961021869972086	59.97521305214094	58.31244986259231	3.387441647104095	58.825422068761696	58.90191532654525	58.93005149059191	59.16695825784963	3.7121138879883038	59.879689699467235	59.9112706672733	59.937783908240306	58.32681117338056	3.3917864727609297	58.84616181797874	58.904530693215165	58.92792710768421	58.28417783696238	3.632031681588668	57.91915126536164	59.8585969903553	59.96059874489854	55.83173800963516	4.2974880596888045	53.748163515916325	57.226282471513315	58.82374665818581
4240000	59.547955623217156	3.5388039738480868	59.92770055120063	59.99074810458197	59.99968047481411	58.36394329065153	3.4279773805294296	58.9499166916669	58.960031873267056	58.96823864208247	59.20845034092078	3.7183013179405315	59.94003815818826	59.959555630503544	59.97427677144151	58.313157067033906	3.3876271693453384	58.82887948924245	58.90200492702174	58.93019346987362	59.166057923766594	3.7119017591037995	59.877148468189446	59.910960792072665	59.936067469043614	58.32734086107685	3.391495433760027	58.84616181797874	58.9047822242985	58.928378611479275	58.2859801817497	3.6324026198029737	57.92296696923891	59.842306850203926	59.961803868255124	55.8357158217636	4.296052566950971	53.748163515916325	57.226282471513315	58.83128966151726
4250000	59.550551399231594	3.5391232964933628	59.93953784165544	59.99186943686405	59.99970767528199	58.362906565368654	3.426374578295479	58.949479631131084	58.95967390261646	58.9676208902125	59.207727089492344	3.718120956803417	59.93868723326896	59.9593876597221	59.974643299952206	58.313194956083606	3.3871985985062714	58.82887948924245	58.90250178559566	58.93023881168707	59.165357293663256	3.7117594089012065	59.87699755940728	59.909638125362946	59.93486773247095	58.32792770186587	3.3910952372071836	58.84616181797874	58.905567771040765	58.92849032250611	58.28762551755455	3.630363339548476	57.917776041745434	59.86578202786261	59.96073286471464	55.842718697355195	4.290780319155088	53.748163515916325	57.226282471513315	58.83578657498441
4260000	59.549350706904555	3.5392254778250893	59.931839848124646	59.99163682019503	59.99978202991492	58.36399763259409	3.425541960504916	58.94889545682372	58.960596667227264	58.968013143442526	59.208331224546036	3.718122959240891	59.93988635001331	59.9594129960704	59.975556507569486	58.31361474055404	3.3876752325019597	58.82887948924245	58.902731949352905	58.93026804709369	59.16569296350306	3.7116069658245623	59.87682359705832	59.909256733610135	59.93559381995529	58.32782915729485	3.3918264780792193	58.8457642661033	58.90528607705825	58.9285117951377	58.29088867536958	3.626884383866707	57.91831602731007	59.86980581624478	59.96248999694373	55.848131719223176	4.284855886918867	53.748163515916325	57.230642514336296	58.82769602315865
4270000	59.54945825628527	3.5393283625508327	59.94001034899142	59.99194434466127	59.99968131468196	58.36323335636454	3.4282712303110525	58.949015927890315	58.960311325939585	58.9679132939941	59.20803620882734	3.7180220074258954	59.940472941377685	59.96012312988829	59.97377347583842	58.3136529179551	3.387988628015887	58.83016417115109	58.902731949352905	58.930358938366325	59.16551770333661	3.7113722517852485	59.876039735000646	59.90985532179566	59.93401646325484	58.327525786242774	3.3923210218520214	58.84600362613993	58.90573118955216	58.9285117951377	58.290550609067665	3.6279878764024396	57.921414319082814	59.84036166178777	59.962756748628586	55.85177245255849	4.2828006033765496	53.748163515916325	57.230642514336296	58.83578657498441
4280000	59.5485151941112	3.5374695939456324	59.93190563073587	59.99092789869688	59.99969001017023	58.36337777484616	3.4281053878794534	58.94955936017705	58.96046928527569	58.968132626490785	59.208670080870725	3.718101793299649	59.93984363253092	59.96051687725533	59.97550759796231	58.314038752320364	3.3877406838549278	58.83270373729511	58.903023983350266	58.930522388153655	59.16582370778747	3.7113952214179498	59.87767938615761	59.909399925813254	59.935614019315516	58.3277567338551	3.391924328965651	58.8457642661033	58.90575151288009	58.92861701894711	58.29304813141757	3.6273017027617898	57.918612843362865	59.846428234952356	59.9610662192802	55.855883824051915	4.2780705656002995	53.748163515916325	57.230642514336296	58.83086523373896
4290000	59.550424454344586	3.538164458353215	59.93855859959382	59.992670907537956	59.999792414982416	58.363396867638045	3.4283363594137324	58.94968650057699	58.96048696047469	58.968232993796754	59.20894937130552	3.718071829467038	59.94063379879727	59.96069249874299	59.975418540120025	58.31464868499265	3.3879726030664843	58.83285991514683	58.90332986504838	58.930613781867365	59.167054125968626	3.7116482362504315	59.87971598942573	59.91089492283733	59.93514212783671	58.32830430612058	3.392680458517564	58.84602257217689	58.90656695458907	58.928828959647014	58.29641856810276	3.626023525307847	57.921417884168505	59.8613658124565	59.95938861088095	55.86218923740235	4.272548960840475	53.77231536335161	57.230642514336296	58.823582753437336
4300000	59.54849285154616	3.537870041810139	59.93481205903168	59.98957822800482	59.999646225522675	58.36279144543623	3.4268301780562878	58.94955764328051	58.9602682167521	58.96813280713222	59.20703826032488	3.71766440038252	59.937039596408994	59.957635773194056	59.97337221519544	58.315511674866784	3.3873175224789978	58.833349541870106	58.90356573490597	58.930980237404626	59.16276330372454	3.710710212559671	59.8727300774059	59.90633304991637	59.93397281307272	58.32885359767987	3.392033902865169	58.84602257217689	58.90663566862055	58.92911083607037	58.30051163758448	3.6246487820025974	57.918862665399836	59.88098330189845	59.96060172256204	55.866314958638526	4.27050508899273	53.77231536335161	57.259882621165154	58.83086523373896
4310000	59.548277663852346	3.538334180076914	59.940983476298335	59.99056317673143	59.99973964234675	58.362453337963466	3.4278898767124497	58.9489149286872	58.960043185871825	58.966990918133995	59.208598180174604	3.717961338326364	59.94071501639009	59.96021134288202	59.97448500386756	58.31404827124306	3.3885640787634257	58.833349541870106	58.90404930956535	58.93127809964115	59.16580541059367	3.7112827471564827	59.87627749764676	59.91146493052131	59.93761915243954	58.327863394164304	3.3930026620098865	58.845924521299594	58.906600953009516	58.9291450574413	58.30012700448847	3.6238244177322527	57.91941567135382	59.85254984879684	59.96289561319121	55.87198245230862	4.267818550167176	53.77231536335161	57.259882621165154	58.833471888305134
4320000	59.54574243420231	3.5385783382913454	59.92470374397226	59.99057817495481	59.99964492397155	58.36273191790973	3.426736011919067	58.94868083544905	58.95956238626881	58.96748703134584	59.20854689980925	3.7178672281357006	59.94036300513602	59.960320298422666	59.97375503886422	58.31548012222135	3.3877853635547126	58.83356252067152	58.904217494033254	58.93147480247531	59.165157113331645	3.711029330111029	59.87589159307914	59.9071559685448	59.93286590605452	58.32943717637416	3.3917455438434527	58.84616181797874	58.90699807996574	58.92938360813232	58.3022725826852	3.621257100058519	57.91842117365431	59.85962799258523	59.960663652381356	55.87426347312271	4.266661433669132	53.77231536335161	57.259882621165154	58.83131082880148
4330000	59.54860141761079	3.5387078864178223	59.93864777765553	59.99162435724179	59.99977021445561	58.36371460639615	3.4268827098853993	58.94918634153789	58.96013702583592	58.967345112866596	59.20893730838833	3.717951852880345	59.94199094492711	59.960561558862636	59.97463016500092	58.31589378297852	3.387983308574508	58.83397084574356	58.904448652485485	58.931585911065596	59.16567775863884	3.7111376077737757	59.87598435285875	59.90916273048845	59.936411594787735	58.32933568815628	3.3915590625451077	58.846294495578334	58.9068032452774	58.929215846964446	58.30568372877065	3.6201441985597733	57.92015565874091	59.88213353797788	59.95852061885761	55.87635181487097	4.265393883205206	53.77231536335161	57.259882621165154	58.83018078011037
4340000	59.55195991910128	3.5391498711254106	59.939405450647136	59.991758475826884	59.99960605411936	58.364872829094466	3.4266489484157523	58.94959123368035	58.9606550609848	58.96801758306991	59.20792051878518	3.7177785378617596	59.93672640309379	59.960325163952376	59.974443891027505	58.316749616665916	3.3879517781742505	58.834821411148724	58.904448652485485	58.931585911065596	59.16456304783682	3.710861332106017	59.87441521197784	59.90652643572592	59.935186481674066	58.329951471572194	3.3938156448374563	58.846294495578334	58.90710205360634	58.92945812325088	58.30897338553984	3.618665638114549	57.920834222689784	59.87452545594542	59.96190038750717	55.881000063602976	4.264910914692743	53.79399264539447	57.259882621165154	58.83018078011037
4350000	59.550805909123866	3.5395004691495635	59.942751332312305	59.99375613277496	59.99979096432382	58.36394679687011	3.427060221740906	58.94883344826579	58.96011341887244	58.96840579728564	59.208657941129324	3.7178915882692705	59.94000846425962	59.959479521439064	59.97445757248167	58.31775088691952	3.3869131218722637	58.834821411148724	58.904999171925915	58.931585911065596	59.164090782839764	3.7107331116410367	59.87289771809073	59.90824535000961	59.93415864764643	58.331079395267786	3.3925190427505716	58.84777402024922	58.90711653199349	58.92948922150025	58.309914546603565	3.617213784357541	57.917429437448966	59.87465706278843	59.961972735564395	55.88518095081829	4.260812822863752	53.79399264539447	57.27360983199996	58.82493614158413
4360000	59.55152211484978	3.539452464229452	59.940636794255354	59.99295198702417	59.99977052225391	58.36309321223269	3.4275963661466973	58.95048390212087	58.96050964108776	58.96866918760938	59.210182661296315	3.7180757555522725	59.94291573749111	59.96191746284311	59.97553752631885	58.31622178798631	3.387995814487859	58.83503039547172	58.905302135047236	58.93156756850318	59.167057495008834	3.711269879090726	59.87994946932791	59.91142122006687	59.934484035240594	58.329692014817184	3.392904064598282	58.84788310323876	58.90712713514827	58.929825543158664	58.314103358227	3.614785337261044	57.9175471329705	59.85405365317634	59.96338250254928	55.888427283731666	4.260632160147851	53.79399264539447	57.291892692736525	58.83376762794551
4370000	59.55002315433166	3.53921390465363	59.9307091615092	59.99041567813614	59.99972098596134	58.36532675506767	3.4274045212881687	58.95072675199606	58.96093421786139	58.968089638118315	59.20928574075205	3.717843313730404	59.93966913603336	59.9607034122791	59.97536064703756	58.31797880735608	3.387543259595448	58.83503039547172	58.905334806728426	58.93168994549138	59.16644131051403	3.710978297597256	59.87623767832928	59.90973402508831	59.93587783989889	58.3314882870356	3.39188472804779	58.84788310323876	58.907597051027025	58.93001648132458	58.31905317036654	3.6101940220812434	57.9178778860391	59.879628600799364	59.96039197042913	55.891584663886114	4.258598522422292	53.79399264539447	57.291892692736525	58.83376762794551
4380000	59.54265825312256	3.538594569331959	59.918752713693166	59.988921141752876	59.99947158380121	58.36360599202422	3.427469504764683	58.947753037734174	58.95989883215377	58.96798329647894	59.20806665652433	3.71746606965931	59.9368898281636	59.95968066269933	59.97341342518651	58.31689146627192	3.387732652098043	58.83596617365546	58.90537662093182	58.931811747166066	59.16341330777498	3.7102983704969787	59.87498509315038	59.9037076087138	59.93266540795207	58.330603613779296	3.3922785191061537	58.84892355636197	58.90775616387749	58.92996756481366	58.32149445351632	3.607229306706596	57.91948622020643	59.85287010068769	59.958659986071446	55.89580186600993	4.253465675794202	53.79399264539447	57.291892692736525	58.83131082880148
4390000	59.54806659201911	3.5378540110557384	59.93862486975393	59.99162356556141	59.99974199330343	58.3637322906273	3.4273849715067923	58.95001643159809	58.95980225932337	58.9678835526025	59.20930748533404	3.7176652060084274	59.93980779537761	59.960698781253384	59.974442254669306	58.31840880669298	3.387862498977563	58.836215223114	58.90552569655614	58.93210233100471	59.167102226212315	3.7109597386725044	59.87845256478418	59.908812228671664	59.93617125425589	58.33171342970013	3.3920857242386124	58.84913353918964	58.90765822162937	58.93006159112821	58.32634090152642	3.609023316254285	57.92250530885384	59.87524440361669	59.965156204714184	55.90064411712369	4.2515980848688635	53.79399264539447	57.291892692736525	58.83131082880148
4400000	59.54955606827139	3.53908288618002	59.94277417828155	59.99172589084579	59.99968447629709	58.36460532813746	3.426964698545972	58.95027539614113	58.96053724946077	58.968200146384326	59.20922209265864	3.717661101263063	59.94156998035065	59.960533405933006	59.974665460749144	58.318284046451545	3.3881726844388487	58.83666503197337	58.90552569655614	58.93259695266339	59.1681347991878	3.711161339331286	59.87865359571964	59.91037291469553	59.93630689049711	58.33138115758921	3.3933091036104654	58.84962158415141	58.907851832958144	58.929833234359194	58.32536147062656	3.6073311070500718	57.92127037329607	59.87421057102705	59.96138252953047	55.90398904903733	4.250903629231147	53.79399264539447	57.291892692736525	58.83018078011037
4410000	59.54933953675692	3.539026803930593	59.93629482908613	59.99179379776184	59.999746101084185	58.36321635310316	3.4268546364859187	58.94959659475795	58.96018618120682	58.96749737997838	59.20905289288307	3.7174809895781125	59.94080210210492	59.95894059192635	59.97479318822822	58.31850562737962	3.3874341625252247	58.837133691428946	58.90579941828075	58.93271355220306	59.165859143836734	3.710719430715489	59.875259109118346	59.909063868284804	59.93376446453783	58.33182077869532	3.3916427635589885	58.84945569989384	58.90835869237911	58.93006159112821	58.33001169613088	3.6043410386577475	57.917012819181984	59.870023381460186	59.96142538703931	55.90330134239915	4.2490700790352305	53.79399264539447	57.291892692736525	58.82249027075156
4420000	59.54994986063126	3.5391119490352416	59.939797927119784	59.99070343672375	59.99979613141646	58.363062240333065	3.4274669181600395	58.95089759260061	58.96124625348755	58.96804263279524	59.20935842611718	3.7175086580512846	59.94167308531991	59.960173230193966	59.974186876399955	58.31890748153577	3.388011921549894	58.83879604610232	58.90599729280097	58.93271355220306	59.168408597626524	3.7111696822579585	59.87954268713395	59.911842499405935	59.93594617331388	58.331739017425974	3.3926249948750984	58.84997282748595	58.908109557928285	58.930140299392306	58.331197808440095	3.605309830994459	57.920750471240154	59.88452625403899	59.96119101562439	55.908128468503286	4.247596892273597	53.79399264539447	57.29738757454173	58.83131082880148
4430000	59.549221603445154	3.5392013714351895	59.94224192171389	59.99245867230783	59.99974922525908	58.364070761008335	3.4290055805947874	58.94957606924804	58.96100291454749	58.968613890696886	59.21025962807861	3.717666088301092	59.94289058337223	59.9628277308115	59.9756427870539	58.319155332891505	3.3875642811685136	58.83959164950727	58.90614701995767	58.93276152842024	59.167985348802674	3.710957376335518	59.87647626274295	59.91179831112293	59.93568604616864	58.332839091336766	3.391698818859032	58.850540614686224	58.908562346855874	58.93058976836143	58.33321575718859	3.6052506452922026	57.92193759146585	59.87348814726167	59.95980935064851	55.913470154951355	4.241687309635624	53.79399264539447	57.30950345866533	58.827011569530065
4440000	59.546966225695435	3.537168068156371	59.926932645341566	59.99088797184636	59.99970756743994	58.364310295303326	3.4272111493643487	58.94948122553826	58.961296982504805	58.96882033712707	59.20913831623364	3.7173867652024914	59.93982061234223	59.95920930287063	59.97520370159243	58.31981765154261	3.387589279244847	58.83959164950727	58.90621912052343	58.93276152842024	59.167613157974664	3.71085765990668	59.8795260438329	59.90938241317346	59.93508727303529	58.33299442481825	3.392079821744932	58.85110614577414	58.90865708787816	58.93068974063217	58.336117771468	3.6043194363827276	57.92055747556805	59.8717996952016	59.961576756307736	55.91885407225649	4.2402005098517055	53.79399264539447	57.31900278241679	58.827011569530065
4450000	59.554418031914594	3.5391733084010175	59.945236210496645	59.99191335379898	59.99973176786276	58.364358960839056	3.4283634367537936	58.94963167800062	58.960189167147256	58.96763886150357	59.208657726014444	3.7171597211222074	59.93974682212314	59.959187119673715	59.974508581656245	58.31971153361248	3.388247946039754	58.83959164950727	58.90652253536922	58.93276152842024	59.16675589142262	3.710704198577518	59.87760870065578	59.91015387497549	59.93589584352461	58.332900814488205	3.393668626896814	58.85119492263484	58.90865708787816	58.93058976836143	58.33910987829825	3.603335122621816	57.918783417011234	59.9059194793751	59.962080620988615	55.92100303017467	4.237785431359296	53.83277210130147	57.31900278241679	58.82649977763427
4460000	59.55208647706045	3.539139763522962	59.94064914088269	59.99103681706961	59.999633362162456	58.36425479648184	3.4287566950651756	58.94929288746911	58.96113340145453	58.968641279201556	59.20991966175038	3.7173788343211775	59.94023876289369	59.96085759007218	59.9742836860192	58.31988788756874	3.3880995092259263	58.83959164950727	58.90671967263367	58.932790647894045	59.168271404773776	3.710826551981724	59.87933833947368	59.91115435220435	59.93483708140025	58.333092380323606	3.3934361462702074	58.85186453739549	58.90872715730433	58.93068974063217	58.34487677772133	3.602332221131059	57.922789155278224	59.88531789416082	59.9637517128744	55.92564073282521	4.235843581861451	53.83277210130147	57.31900278241679	58.82767651814656
4470000	59.54963045461077	3.539133698209263	59.938481863183114	59.991580366719276	59.99978971701442	58.364316921661654	3.427267199745622	58.95041127313854	58.96095495502809	58.96763941146879	59.20899542919744	3.717123530056464	59.94049669437323	59.959525131525936	59.97454009976117	58.320380846730046	3.388090909072382	58.83959164950727	58.90671967263367	58.932881974632664	59.1674163171054	3.7105997781895703	59.87704901684449	59.91027940071367	59.93439803183207	58.33424921320527	3.392029877674184	58.8532339966342	58.90924200401676	58.931414936830976	58.34733441819891	3.5974576746430693	57.925936388163706	59.88840283692724	59.962228502498604	55.92863575032423	4.234653047971326	53.83277210130147	57.31900278241679	58.82767651814656
4480000	59.550938078029944	3.538267618062359	59.938270021692624	59.98989608485759	59.99969083959376	58.36465379888155	3.4270361542627756	58.95055991657276	58.96087287758977	58.968324839678324	59.209578271919284	3.717256887582241	59.93977983747213	59.961186159194924	59.97493551526251	58.32074108325626	3.387842749272479	58.83959164950727	58.9072804744075	58.932991166038605	59.16658188194445	3.7103944794016206	59.87811091447958	59.90825117951681	59.93319003332945	58.334570836607305	3.3921319567419395	58.8536108409058	58.90950525680233	58.93157686819886	58.34775609840139	3.5972485594081633	57.921770957860794	59.88758063730455	59.95920417432498	55.93360295181385	4.229808230791332	53.83277210130147	57.31900278241679	58.8290909994855
4490000	59.55084186831087	3.53884116399599	59.935015625359554	59.99196942666707	59.99987235642352	58.3645419274028	3.427355769887075	58.950471528004506	58.9602081747851	58.968195500408534	59.20900449502314	3.7170924672709145	59.93934904929346	59.96033930498597	59.97441688606299	58.320861948392235	3.387967637570143	58.84189918252876	58.90737992679696	58.933206629760406	59.1686587721599	3.710762227083462	59.87999965610822	59.91051608878471	59.936318551370576	58.3348135598977	3.3917821587949155	58.855047850739176	58.90942078561233	58.93179196524948	58.35096972943718	3.596560049848946	57.92685612019794	59.88738674065081	59.96231142146935	55.93603582616909	4.228154513377466	53.87065978947005	57.31900278241679	58.82767651814656
4500000	59.55135250448307	3.5392945741039235	59.93749595736575	59.99261130819401	59.99984277690551	58.36286880582252	3.426775894731825	58.94950880674273	58.96011112930405	58.968010138584056	59.209641832823415	3.7170654065887025	59.93879859170553	59.9616056597843	59.97546793199121	58.32091916049712	3.3884637240610935	58.84290866093607	58.90743204671527	58.93324500471408	59.168227967885535	3.7106004945863424	59.87667221190368	59.90778463126364	59.937251798575986	58.33427374394297	3.3928505225392405	58.855793811576504	58.90925743478297	58.93190925488213	58.35597583950002	3.5949855409810225	57.92412914997115	59.889467868055675	59.959767262139835	55.93971050254462	4.227535006965505	53.87065978947005	57.31900278241679	58.8290909994855
4510000	59.549389992283686	3.539460902808426	59.93230149465984	59.990964682907936	59.999693289264606	58.364294142355796	3.426283939567866	58.94979236145997	58.96038656488193	58.967958103783715	59.209842302825066	3.717062378313639	59.941616458524585	59.96003150099389	59.97369328707277	58.32149575956407	3.387827088510452	58.84290866093607	58.90754997049247	58.93344845606631	59.166759332623904	3.710348190510327	59.87452461998844	59.90861334389126	59.93547024694529	58.33501367320779	3.391621973564928	58.85582010640606	58.90942078561233	58.931823216116726	58.35765568431553	3.592131161268606	57.92419205166006	59.886928254230256	59.96197906865602	55.944006803230245	4.226166097042561	53.89450927114042	57.32191743966583	58.8290909994855
4520000	59.549064314600336	3.5395777700734876	59.932939923307735	59.990603588026445	59.999681339671234	58.36394035760334	3.427511984099528	58.95017300055798	58.96070609384979	58.96877879513324	59.20799283552578	3.7167323309525306	59.93771627642312	59.959792870906774	59.97370409397573	58.32170938996515	3.3884489210304265	58.843650345521965	58.908045788772164	58.93347421275595	59.16819693560852	3.7104951001026505	59.87734450134228	59.9086658004302	59.937151310772215	58.334798667719745	3.3930469946568587	58.855931120613505	58.909876980777845	58.931823216116726	58.36087072344262	3.5924425077162594	57.92469933452476	59.89353658335987	59.96325909946427	55.948521865493895	4.222367047748496	53.90417348972999	57.32191743966583	58.82767651814656
4530000	59.54942216314638	3.539981052284382	59.93856932462191	59.993436055268845	59.999810309210744	58.36330635940622	3.4286942291923896	58.94948776948434	58.96064408797529	58.968360463208015	59.20890790433218	3.716843512777701	59.93757809464698	59.96042768354825	59.97483691625037	58.32272513493726	3.3886002517774334	58.843650345521965	58.90820702780211	58.93365067316199	59.16778102101477	3.7103197618617805	59.87555849554815	59.911111828565254	59.93681897320623	58.33573225716293	3.393466731744218	58.85737655836994	58.91023657325999	58.93190925488213	58.36174135831063	3.5926543179478307	57.9230527920694	59.896937550504575	59.96188914935782	55.952289347809135	4.222025773256931	53.90417348972999	57.32191743966583	58.8290909994855
4540000	59.55322722128062	3.540372933895227	59.94032776367472	59.99202212528921	59.9997524441025	58.36403102410778	3.427146952247197	58.95119635515762	58.96072172607528	58.96836745696028	59.209436185262255	3.716927352552943	59.940676078194585	59.96082757758374	59.97565619373155	58.32323168760246	3.388027257936982	58.843650345521965	58.9084539361522	58.93365067316199	59.1694742642388	3.710568447277146	59.87930530670612	59.91099353080695	59.93571848093381	58.33613088680182	3.3924522956150502	58.8569731809336	58.91023657325999	58.9320848704828	58.366149247183216	3.588297236521328	57.926459684466	59.89029328678667	59.963424511937546	55.956098138169494	4.219594968506126	53.90417348972999	57.32191743966583	58.82582477779091
4550000	59.54963280350966	3.539817387248633	59.931457374430735	59.991879707322575	59.99978145766607	58.36397106912557	3.4280770209373523	58.9496635993476	58.960934685290795	58.968186449826675	59.210323738437964	3.7171497997418106	59.94026160779215	59.96074273923633	59.975159379096596	58.32257054693286	3.388426516809678	58.8441255046984	58.90851231902309	58.9336688288832	59.168789334960735	3.7101659219335623	59.877938728638206	59.90998652768806	59.93593458245096	58.33613679046243	3.392303723269411	58.85767392259103	58.91114013558683	58.932832326741014	58.36743903678026	3.5866224158210036	57.922445164839715	59.89205876106156	59.96213762263465	55.95915901564323	4.216678996933443	53.90417348972999	57.32191743966583	58.8290909994855
4560000	59.548889457322495	3.539404411061106	59.928625141328205	59.99132096888674	59.999822785243055	58.36522021681378	3.4267254566038376	58.95082237199716	58.961017040857726	58.96820950196704	59.209732062528914	3.7169155152063786	59.940702034557724	59.960217286148485	59.974868053464974	58.32350968905177	3.3885053938752585	58.84432550127546	58.90855296858512	58.93369400092472	59.1677119360559	3.7096762039681974	59.876681507483866	59.90620973112854	59.936606277684696	58.33683596200003	3.39208154772219	58.85837765936586	58.911190805601876	58.93223671567721	58.370354335443665	3.584972835198495	57.920034977954245	59.883457341477204	59.96247579132408	55.96238224347112	4.215797399593335	53.90417348972999	57.32191743966583	58.8290909994855
4570000	59.55102541932258	3.539494964766653	59.94031159918602	59.99229128976292	59.99980554076653	58.36431321007158	3.4279921750281774	58.950159878915365	58.96122139542984	58.96814140627742	59.21011057568835	3.7169768259024227	59.942430456774915	59.96132920772412	59.974190026059446	58.3239847468901	3.3878250787255175	58.84600689305214	58.90873780632304	58.933753837807245	59.170047150752715	3.710045051583423	59.87813077381157	59.91272173861264	59.934810608753764	58.336638076053774	3.3931900133358925	58.858886769884776	58.91108734193257	58.932626981253215	58.373231632983796	3.5862218965760824	57.92429622576842	59.905641606407926	59.96309323238712	55.96440070288342	4.21478633297382	53.90417348972999	57.34482363586864	58.83551077074675
4580000	59.55169927536768	3.539539649157153	59.94365589123712	59.99112109093892	59.99973624462982	58.364938877003574	3.4278304209626973	58.950090648061014	58.96130741014386	58.968852278150976	59.21017640414362	3.716892785691507	59.9404864294262	59.96074596767842	59.975276340236725	58.32428750740019	3.388010536717325	58.84617502503284	58.908911092818144	58.93394789354747	59.1690697155094	3.7098022399629698	59.873008667173735	59.90892223477193	59.9369468799034	58.33735397175791	3.391884731789993	58.858886769884776	58.91135434144455	58.932832326741014	58.377523642708546	3.582999668703578	57.922730953500086	59.891106543433025	59.961518433322226	55.96713403297357	4.209747611921592	53.90417348972999	57.34482363586864	58.82532419524516
4590000	59.545182509142585	3.539013755270293	59.92553476663649	59.99092533797219	59.9997812598103	58.36457892738184	3.4262537981073082	58.950395975075914	58.96100534851672	58.96842249809192	59.2107181289277	3.717082340681653	59.941950519545095	59.961195468539614	59.97546719882364	58.324413460862374	3.388566530909748	58.847965780392656	58.908911092818144	58.93440670020618	59.16955396121304	3.709895919869033	59.87754691986608	59.90938394828752	59.93744836277517	58.33760789503161	3.391664102568613	58.85915469964701	58.911671705859305	58.93290541862417	58.378567281047005	3.581325651567589	57.92676544586252	59.898866626148134	59.96049629548173	55.96940841753367	4.208896752971285	53.91942368659739	57.36744879034549	58.83076449067904
4600000	59.55128258945497	3.540026851881146	59.94121551410714	59.991924252568886	59.99978479748431	58.363603151817514	3.4277342044952945	58.94997456693809	58.96081316571485	58.968453105658924	59.20893746922856	3.7167031492602605	59.93970369062538	59.960309896514424	59.97547731792348	58.32494257497078	3.388592691933176	58.84865271666101	58.909348952030015	58.934341335650814	59.168712465205104	3.709625050279476	59.87791647246911	59.9086560437992	59.93567324970764	58.33768386243439	3.393397752094907	58.85915469964701	58.91152391442612	58.93268859879138	58.38132867017771	3.5838772229500697	57.926424908361795	59.902668697465224	59.96301480951999	55.9724565893121	4.206874540564934	53.91942368659739	57.36744879034549	58.82061735068334
4610000	59.549093789333966	3.539542629601854	59.93854407396516	59.99013724804277	59.99965128517372	58.364013123210064	3.426523060931376	58.94867157701732	58.96005183540326	58.9681037779016	59.20954205557359	3.7166982137948525	59.93942250645452	59.960602131458316	59.974883519058395	58.3255247982957	3.387635398439902	58.84865271666101	58.90937760851127	58.934341335650814	59.16947846953835	3.709619956018757	59.877721240750205	59.910277198088764	59.93503538709694	58.338598025210736	3.3918664394507823	58.85915469964701	58.91222625199332	58.93290541862417	58.38343604820019	3.5825469074051566	57.92369351913026	59.914299607346024	59.96252676871351	55.975311241524224	4.205855166864882	53.91942368659739	57.37082414635744	58.82377531421006
4620000	59.54797672145141	3.5391701023586104	59.934153783951224	59.98880915502566	59.999637515584325	58.364065669228324	3.429420080631985	58.94929652202934	58.960086649965	58.96830781014874	59.20925171925927	3.7165439314184137	59.93967898596637	59.95947952710425	59.97419362718229	58.32448704254855	3.3884816682510226	58.84911181694962	58.90944688576716	58.93441820921996	59.16740838518874	3.7091759135089566	59.87376075930413	59.908176056210614	59.935268750032456	58.338033784410726	3.3926233830183947	58.859925737522715	58.91262915792389	58.93290541862417	58.385260603879	3.581161907899485	57.92146175975991	59.887260933707566	59.96363682413512	55.98108564884975	4.20322200683907	53.91942368659739	57.37082414635744	58.82377531421006
4630000	59.54724691443077	3.538976230267961	59.928329799308194	59.99066260041519	59.99966788646608	58.364142254433105	3.4251499989297614	58.948993137594606	58.9599610811109	58.96835406796653	59.21038168960541	3.716751389073602	59.94081094685129	59.961000758625644	59.974898945985515	58.32538651159759	3.3878870594950037	58.84911181694962	58.9100654841686	58.934341335650814	59.167602763464586	3.7091626041034473	59.875383434566515	59.90680056713104	59.93601030483113	58.33877986291595	3.391704523725658	58.85994595050118	58.9125329758991	58.932943946078545	58.39235772397757	3.5707526874753013	57.920413740819555	59.90119629995976	59.96198408045282	55.98385804178463	4.202783620618958	53.91942368659739	57.37082414635744	58.82758925184824
4640000	59.548771730925004	3.538985621978053	59.93405871937793	59.991482431895164	59.99965238003065	58.363989154028985	3.4263773569089793	58.9488024745995	58.95952602005827	58.967941841460586	59.20853287501582	3.7163521595023785	59.938359168849004	59.9586017939525	59.97421066669512	58.32641230781286	3.3883928406253383	58.849888562420304	58.91023399035359	58.93452088667633	59.167276955041494	3.7090648905662826	59.8748986612805	59.90746486642499	59.93410607632205	58.33923727178256	3.391661330593102	58.85974092446652	58.91240324949006	58.932832326741014	58.39334728011872	3.570804320266513	57.92318333172805	59.90037948186363	59.96153373397037	55.987071908517834	4.198976752184354	53.91942368659739	57.37082414635744	58.82758925184824
4650000	59.5497124199265	3.5393042104591577	59.934291175782036	59.99201618593517	59.99980200032279	58.364602270912954	3.427816271873182	58.94920399754372	58.95988531074521	58.96778639725203	59.20974403769373	3.716421068568078	59.94044532578107	59.959826519594344	59.97418576426669	58.326096884993916	3.3885620550664277	58.85026234348469	58.91085930008191	58.93452088667633	59.16949462621258	3.7094949090229594	59.878239456535496	59.90771192906932	59.935345408349505	58.33943024332905	3.3928278367339275	58.85994595050118	58.91271072349218	58.93305926000279	58.39806305789678	3.5716911434193754	57.92284605947394	59.9007692865287	59.96316914959098	55.99091879326437	4.194829594504126	53.91942368659739	57.37082414635744	58.818770812443006
4660000	59.548657091745866	3.5391794225725026	59.933436665693804	59.99072309920294	59.99967468886767	58.36335712450975	3.4268246273514977	58.94967690648385	58.96035018400186	58.96743863804134	59.20932467974689	3.71631720922725	59.94156684001875	59.95918781771926	59.973028625580184	58.32586221680745	3.3883756190480088	58.85026234348469	58.910956296564585	58.93461402364492	59.16613792685868	3.7088337462026146	59.87484710280094	59.9066358598361	59.93252977656362	58.33924482898271	3.392207105815453	58.85994595050118	58.91281353953251	58.93312924411408	58.400201977644734	3.5699445460370662	57.92334399223039	59.89727248183491	59.96304438128076	55.99347778658528	4.194710006937447	53.97519230640766	57.3985035168582	58.82061735068334
4670000	59.54933974840141	3.5391106367512033	59.94009890203088	59.989125567791135	59.999771990695976	58.36341422624196	3.4275573034045914	58.94986692937365	58.95988014699472	58.96806090107159	59.20886201373875	3.716289816283068	59.94001175097736	59.960624209431046	59.97431871762419	58.32606183264723	3.3884936663098957	58.85026234348469	58.91131540994231	58.934733185061546	59.169594205403946	3.709172451300521	59.87592648514273	59.90729309556576	59.93492281784888	58.33979173601562	3.391763399186802	58.85994595050118	58.91271072349218	58.933201270585975	58.40080629959671	3.569480275226096	57.924003943990904	59.88896314402599	59.96413859791482	55.99767073254237	4.192859136070997	53.98419642413863	57.3985035168582	58.827079912907465
4680000	59.54837208796172	3.5389383561937144	59.93719228269296	59.99028120546126	59.99974733580716	58.36290448193724	3.428952358779735	58.948823156122344	58.96069095906479	58.96805816659135	59.21025879097683	3.716536184211857	59.94143705167494	59.961943608260285	59.9743923199627	58.32692614200614	3.388419182348158	58.850579511214065	58.91131540994231	58.93485926222897	59.17159775543512	3.709550842547574	59.88009893135519	59.91086216211681	59.93587029025205	58.339990092772545	3.3931343698575236	58.86028248655108	58.91281353953251	58.93342405943008	58.4038904293742	3.572059723519774	57.92394599416249	59.91472836707361	59.96247194570922	56.00046413764667	4.190065154054181	53.98419642413863	57.3985035168582	58.82680216343507
4690000	59.55218746575407	3.539430993864841	59.940983654832706	59.99401566826102	59.99978451715284	58.36236311242126	3.4273956374433014	58.94896532335686	58.95974590076857	58.96718608624143	59.21031283710524	3.716424875668289	59.941379232562205	59.96153745868094	59.97463734056055	58.32660548277411	3.388427470503462	58.85090334198519	58.911318835709224	58.93485926222897	59.17227972283084	3.709681831819514	59.87859948142969	59.91301549298233	59.93594468454717	58.33983583556031	3.3920053984817504	58.86028248655108	58.91300144824997	58.93381636630768	58.40670458936727	3.5685171865542604	57.92093505036177	59.9027779465776	59.96409871124635	56.0028276542835	4.189327540902628	53.98419642413863	57.41466320172533	58.82061735068334
4700000	59.54849457316547	3.5377215702675886	59.93799623096454	59.991496158898926	59.99978572673196	58.364001948748154	3.426281298682321	58.94934225366994	58.9604082849026	58.96746166871199	59.21065619789083	3.7164080106956567	59.94286793434513	59.96053030868397	59.974676038812326	58.32726835094765	3.3884735642370725	58.85361033851378	58.91147312830243	58.93493444298966	59.17167046862984	3.709369861463479	59.87994914933711	59.91089080404442	59.93656561619084	58.3402481609857	3.3925795633929856	58.860541180048685	58.91328848752157	58.93381636630768	58.40889775644347	3.5668283607093723	57.92263988837725	59.90799554171395	59.96332184207769	56.00775801699512	4.1858084496901595	53.98419642413863	57.41466320172533	58.82342412515043
4710000	59.54771576146683	3.538151568810045	59.926249418162755	59.99012379893357	59.999731974475985	58.363383991512904	3.4261075926971305	58.949281155749766	58.960127462637146	58.96741938126287	59.209786265813506	3.7163209993711934	59.94049651178794	59.9602146289333	59.974713372082824	58.32827217379874	3.387892185435049	58.85361033851378	58.91167505779556	58.935023416053085	59.17151364990954	3.7091922544360068	59.87765812810727	59.910043813047	59.93570087307196	58.340924885684444	3.3916606142807764	58.86028248655108	58.91328848752157	58.933918264237164	58.41137936771373	3.5649688849407917	57.92432287330552	59.913888454948946	59.961232690101085	56.01252116127301	4.180013825357564	53.98419642413863	57.41466320172533	58.819984046883135
4720000	59.55147203751704	3.5388265453922085	59.944029147411264	59.992013490249164	59.9996797565048	58.36391123224846	3.4263822779280777	58.949660003730976	58.96024239779214	58.96848872054959	59.21128670692885	3.71652428751237	59.94180989462402	59.96029986485492	59.97550746869939	58.32900513144596	3.38817855858281	58.853625967560546	58.91182050611876	58.93510623099871	59.17295923351218	3.709469982585347	59.87865590122583	59.9128384223466	59.93684430868648	58.341268274712036	3.392547252967946	58.860541180048685	58.91340335248623	58.93420591471163	58.416040207151646	3.5638346912592698	57.92364243626486	59.91900145253595	59.963319368214414	56.01755083616567	4.179034308332349	53.98419642413863	57.436778658811576	58.82301576850217
4730000	59.5509020072667	3.5392003061684654	59.93823943117837	59.99251584846945	59.99970212558579	58.363660300414764	3.427587996259631	58.949845333467266	58.960328796469895	58.96780067631697	59.21042713983457	3.716294089589214	59.93995106569312	59.95975744953397	59.97459472828888	58.328505265219235	3.3887028438974234	58.853625967560546	58.91189931873199	58.9353441884313	59.17063310169612	3.7090407547775817	59.878449020050546	59.909325769023184	59.934853660591685	58.341237284197284	3.3932588613387598	58.86070113941925	58.913639333145134	58.934643650295506	58.41783474685743	3.561848980675292	57.923475160041306	59.90893343076049	59.96287501560308	56.02042888627942	4.1768736859005156	53.985717904565924	57.44425100908094	58.82535180746189
4740000	59.54990574733821	3.5393045230349003	59.94611185666434	59.99213666426978	59.99967544806842	58.36396064858756	3.4276715754523703	58.949473378395005	58.96012524532197	58.96843490510301	59.21091968319929	3.7158998017175526	59.93930563021108	59.96019483850937	59.9738871600121	58.32895867044849	3.3884749429967425	58.853625967560546	58.91201567933146	58.93550732895198	59.1687587616281	3.708672611600668	59.87384442693434	59.90919773304059	59.93403729506321	58.34137109599067	3.392997853472355	58.86070113941925	58.913639333145134	58.934660739722574	58.419612220453175	3.5606487760062877	57.924405979315395	59.911786847333715	59.96346790418442	56.023367681604526	4.17341435458348	53.985717904565924	57.44425100908094	58.82301576850217
4750000	59.54945138488929	3.538939180958787	59.937603406333245	59.990784610506964	59.999778476962646	58.36486623541689	3.426784257527253	58.9496264531159	58.9596569797757	58.96753320181991	59.21096475194101	3.7157389045321985	59.939043066133635	59.95860576685626	59.97345344166921	58.3289169722514	3.3889357727546963	58.854146822348255	58.91252188705458	58.935717310578916	59.17060065099395	3.708991722922044	59.877963832500015	59.90858791578257	59.934818321214365	58.34140399375469	3.3925369099448797	58.86070113941925	58.91387438219198	58.934715420439574	58.42079554663285	3.5582530731530233	57.92405974981491	59.911046635252745	59.96070031791787	56.02633310979068	4.172553470952485	53.985717904565924	57.44425100908094	58.82684259453796
4760000	59.548555745955305	3.5386940873013484	59.92947598257592	59.991156577209495	59.999772457552666	58.3658457641228	3.428142710475571	58.95077809719878	58.961073461872	58.968063571508424	59.21244628654306	3.7159954601490717	59.94079228684287	59.96041159025403	59.97459042927803	58.32940534876756	3.3884155621999845	58.854462087691545	58.91268384502456	58.935787026642664	59.17054414055309	3.7089662902599154	59.876839998780255	59.90874982923317	59.93399604882832	58.342020878547636	3.392209628820952	58.86501699818331	58.91399385940329	58.93479949618762	58.42442048677863	3.5585012753234104	57.926369503109484	59.90354508935872	59.9630413678338	56.02959159599629	4.168702486872467	53.985717904565924	57.44425100908094	58.82535180746189
4770000	59.55267758839801	3.539273556062517	59.94490153542402	59.99236495336603	59.99981334261122	58.36493064414205	3.4277771439435085	58.95031814783943	58.96059172541564	58.967865457613726	59.21162462653253	3.7158334346305657	59.94000692013935	59.95962594969936	59.97503187991721	58.32931447763805	3.3889390806890103	58.854462087691545	58.91347154926313	58.9359891018731	59.170821083525176	3.709000553358455	59.879488599404795	59.90870257698036	59.93633313169344	58.341713248042815	3.3927634156229756	58.86501699818331	58.91410997446763	58.934715420439574	58.427691581729356	3.555679655651412	57.92552507882742	59.9081571455489	59.962553861461046	56.03405216374777	4.165715784331601	53.985717904565924	57.44425100908094	58.82684259453796
4780000	59.553031537617606	3.53948322517601	59.94785840935758	59.99257679122904	59.99975008823091	58.36574809891413	3.4277639053995443	58.94853490637842	58.961018567309345	58.96896644918347	59.21180558900434	3.7158821869219016	59.94096664450237	59.961226497024356	59.97530266188174	58.32963225908061	3.3892996018166213	58.854462087691545	58.91356254964606	58.93601103146345	59.16952936183481	3.7087275824666337	59.87313366835941	59.90954336212846	59.934689955172914	58.34214052821482	3.393412247945424	58.86684226883217	58.91445533729186	58.934774393892326	58.427412894822275	3.552221834218784	57.92535551651427	59.90497781223817	59.960960980344055	56.03810109538566	4.162342579085144	53.985717904565924	57.44612109959849	58.820983446578815
4790000	59.55124520815196	3.5395794774192724	59.94317608780796	59.99329761292148	59.999709601900705	58.36599931141022	3.427716877206697	58.949192658762215	58.96038011510954	58.967909337987585	59.21087903665519	3.7156267592780416	59.94085330544359	59.95972483773977	59.97275229976238	58.330011640989134	3.38917580773565	58.854681600782875	58.91356254964606	58.936078794101896	59.17094124908475	3.70880825518358	59.87809069489505	59.90879177594162	59.93470108881763	58.341677026689005	3.3935160078197812	58.86592490131005	58.91445533729186	58.934774393892326	58.429466848276775	3.552478850564708	57.92679895567332	59.91017154980666	59.96305483952927	56.042337649990436	4.160991048646843	53.985717904565924	57.44612109959849	58.82535180746189
4800000	59.550200338867185	3.5383962004338065	59.940686361308295	59.99342721348478	59.999810397947606	58.36361436463188	3.4264591528868746	58.949015188274274	58.95983675474488	58.96687331930464	59.21255623665013	3.715943187142423	59.94082813789469	59.96079571662935	59.97502085540562	58.331137309789256	3.388900597867659	58.855688899181395	58.91383208913402	58.936714849827794	59.17172238583106	3.7088711092367714	59.8788836765354	59.90876131704424	59.93671472927916	58.34334844099386	3.392778955238868	58.865081161295585	58.91459297768467	58.93488987760469	58.43340488503427	3.5514371227575414	57.92258805066291	59.91913085480071	59.963996296901456	56.04817343915904	4.1567110553589695	53.99240535139307	57.453597880704365	58.82999323011314
4810000	59.55111543796229	3.539385271902456	59.940933851331174	59.992188418154285	59.99968556067147	58.36676363396014	3.426594390377359	58.95038979839323	58.961042998129805	58.96824668415748	59.212450723594664	3.715786849220991	59.94164196006267	59.9610950973756	59.97460439991922	58.33145719815983	3.388436948543356	58.855688899181395	58.914076483268914	58.936714849827794	59.172544178656466	3.708994298621056	59.881190927809385	59.911301924319666	59.936231117697815	58.343482808418585	3.392878365483917	58.86684226883217	58.91497349299973	58.935280076126695	58.43330996079353	3.551402144877483	57.92551803174095	59.90845016810562	59.963025245823545	56.050545983673096	4.15467108494306	53.9952166373976	57.453597880704365	58.8216260073493
4820000	59.54654460622538	3.5389974889534517	59.93028487643828	59.99180915099684	59.999816143857295	58.36669338831775	3.4256323641123716	58.9490042824404	58.96062955410657	58.96828624052452	59.211404220261024	3.715562513448079	59.9383403129655	59.95913410187964	59.97435840721092	58.331363055040114	3.3885698851195927	58.8559893649829	58.91415676458049	58.936714849827794	59.171123692659904	3.7085877829629625	59.87541485028913	59.9066436812721	59.93564344362372	58.34355391470191	3.3923016495561367	58.86815559845941	58.9152056927755	58.935588494371636	58.43309692920206	3.546846698099828	57.924476129560304	59.90746910303346	59.96111889186312	56.05319759607926	4.152041839947601	53.9952166373976	57.45795904191276	58.82015409696572
4830000	59.54818821331305	3.5391569048066627	59.938720803622346	59.99195536063057	59.99975476480373	58.36586470758013	3.4276490070174113	58.949431028205254	58.960653385670305	58.9681229647338	59.21213461046344	3.7156988291071724	59.93984856129788	59.961115028461194	59.974917418100816	58.33262160321591	3.3885839738169303	58.85605123578016	58.91415676458049	58.937532293099096	59.17066199341861	3.708487297252668	59.8741977987614	59.9100743460471	59.93492329191026	58.34459178601166	3.3920029447046067	58.867609773854326	58.91565682949026	58.93569762402491	58.43731477747847	3.548512335838611	57.922752173648426	59.91036960095598	59.960355553013024	56.05786624065025	4.150164953247757	53.99921839045393	57.45795904191276	58.82684259453796
4840000	59.55184400165886	3.5394769240925483	59.9470335449697	59.99257008268211	59.999810788263076	58.365351151095346	3.4268026323333083	58.94928098543774	58.9596400455749	58.967435523160816	59.21003473913707	3.7150909188632686	59.93826525473377	59.95929600658158	59.97409575830318	58.3318952077808	3.388764316326667	58.856304508674306	58.91450692651786	58.9376570801101	59.171717912701055	3.7086202750418873	59.875675133328016	59.909064669991196	59.93489242367469	58.34340246476339	3.3934016828539484	58.86815559845941	58.9155602897925	58.935588494371636	58.43903715254046	3.5460373335061766	57.92140816313348	59.90226696667948	59.962560935235864	56.06286011755323	4.148264829526285	54.01503992620567	57.45795904191276	58.82944892840196
4850000	59.547340193433236	3.537610851687013	59.934238145494156	59.98913243919421	59.99966389556111	58.364722588373326	3.42745370428316	58.94917471421734	58.96011567858696	58.96832964456937	59.21235779666363	3.715702937075559	59.94095084045151	59.96052874169436	59.97516726267601	58.331419753599036	3.389049938113645	58.856304508674306	58.91450692651786	58.9376570801101	59.170038257202926	3.708243472774258	59.87521200111554	59.90888891908638	59.93477534786997	58.34272529838267	3.3935857664876354	58.86685348482951	58.91616815603804	58.935712824797555	58.43951794770804	3.545869747652221	57.920765310597304	59.90560440056484	59.96232264636133	56.0665136847655	4.146980343450361	54.05050411313958	57.45795904191276	58.830552695881565
4860000	59.550422046750505	3.538396640233606	59.94045108041649	59.991228513755445	59.99966021940499	58.36446763038016	3.4272162617877315	58.949008327820785	58.95892557129892	58.96770345758993	59.21159914766887	3.7154936494692645	59.9402555249071	59.959026918402124	59.973924662580515	58.332426849532766	3.389359039159924	58.85722961732085	58.91450692651786	58.9376570801101	59.17077943704802	3.7083162177061793	59.8772371544734	59.90741638907791	59.93431607373802	58.34390885684721	3.3930734689615667	58.86815559845941	58.91628834026932	58.93579486893158	58.443562322941666	3.5450182106900887	57.92690436745097	59.911696900367616	59.960434594817144	56.06873972529647	4.146636220326175	54.05050411313958	57.45837759322393	58.82944892840196
4870000	59.54968378574836	3.5388475119174516	59.933315705709894	59.99219892368948	59.99979073086891	58.36514449921624	3.42646381904011	58.94950167996335	58.959527186424616	58.967698215753224	59.21128392543191	3.715480464376592	59.940144984452076	59.96103426519112	59.97535794639953	58.332930326456605	3.38851937671471	58.856304508674306	58.91450692651786	58.93770271404185	59.173379034179824	3.708748465840234	59.87951397982154	59.91002892394032	59.936935490433825	58.344700993949985	3.39235650350527	58.867609773854326	58.916506371642214	58.93593344320758	58.445627539262944	3.5413757470109637	57.92441920682487	59.89690402597293	59.960602788910826	56.07149035401127	4.146129294084851	54.07947507225001	57.47635927756531	58.82944892840196
4880000	59.55233495802852	3.5392394586149667	59.94378704407728	59.990950360416534	59.999703208595015	58.36625329424604	3.4277263113729877	58.950056353207664	58.96096864315109	58.96807677261826	59.21241471196516	3.7149376173560684	59.938681176700015	59.96056627417347	59.974828807801096	58.33304033146286	3.3888363815317195	58.85774339168528	58.91450692651786	58.93770271404185	59.17205788804807	3.7084241917034144	59.8768151293324	59.90956598496002	59.936278512229876	58.34440310012244	3.3943091325296817	58.86828287564352	58.916920735681835	58.935832719190245	58.45012031205984	3.5433555338348794	57.92686134073422	59.91486767436379	59.96229781263317	56.07767319215856	4.139307433060694	54.095493572872435	57.48325643896945	58.8225379546006
4890000	59.54626883005255	3.538728069927904	59.92814626013235	59.99058484262207	59.99974583410879	58.36555833452536	3.4286369676073956	58.94940247062375	58.960056949289104	58.96803629714408	59.212285376530026	3.714966648086159	59.941321090554005	59.95939462088398	59.974508642049244	58.33366895547203	3.388707314216664	58.85896032983614	58.91475855941627	58.93775120651801	59.1714698358622	3.708139603908594	59.877451615868495	59.909116319919434	59.9356571534786	58.34539086458558	3.393459104371522	58.86815559845941	58.916920735681835	58.935859434046094	58.45170548938614	3.544187502637948	57.924865206083744	59.913732039040596	59.961873885540044	56.08522289113527	4.135075699608759	54.095493572872435	57.48325643896945	58.828045419401946
4900000	59.54852941814767	3.539183799939446	59.9348646616389	59.99004898105284	59.99969481814466	58.36550312401933	3.4258006400471896	58.94928582618329	58.95957276926242	58.967073615980176	59.2120838329185	3.7148535839772205	59.93961127986879	59.95908148611926	59.972960335178016	58.33402046543313	3.3885289280293973	58.85896032983614	58.914972066473254	58.93775120651801	59.17238127478208	3.7083192797598246	59.8778539612739	59.91029151242401	59.936078840344884	58.34537444347478	3.392222456325087	58.86828287564352	58.91737414401916	58.93603861507858	58.45462011267715	3.540694354961005	57.924001128751144	59.909579123907534	59.96182480504952	56.08697971045699	4.135492694372379	54.095493572872435	57.48325643896945	58.82950246691202
4910000	59.55367724711307	3.539175009968738	59.946985177041206	59.9928526057964	59.99981413716085	58.364715840863106	3.4270039685000775	58.94874139228575	58.96033087991205	58.9680269247265	59.21295540964899	3.7150732778147977	59.9406208747151	59.96041111573173	59.97507980424089	58.33389364814778	3.3881431992769313	58.85896032983614	58.915123660306904	58.93779364449233	59.17162914466203	3.70813858995322	59.87727125798006	59.90833533571441	59.93438419095894	58.34552632125624	3.3919684622262416	58.86828287564352	58.91737414401916	58.93603861507858	58.45499402881744	3.5409451402623047	57.92571042420322	59.91184811139506	59.96281931717038	56.08980098376617	4.131708881830481	54.095493572872435	57.48325643896945	58.828045419401946
4920000	59.546428345910314	3.5387435521485573	59.93406190054275	59.991536463301514	59.99979886321536	58.3660933896685	3.425712624694639	58.950203824165264	58.96082881152699	58.968400951824115	59.21291807199808	3.7149590459991515	59.9391569823799	59.95976143534345	59.976283147185015	58.33376895783242	3.388499054211401	58.85896032983614	58.91523928948902	58.937859430068166	59.1726138476772	3.7082141172615053	59.879506631695314	59.91009133257805	59.93386742664745	58.34566299006126	3.392794237411467	58.86878882546398	58.9177023332541	58.93630918840274	58.45688972717374	3.5395576121997396	57.925633318840184	59.907200916631474	59.96233436800283	56.0947522217595	4.12774185559543	54.095493572872435	57.5036653274705	58.829280285982506
4930000	59.55012454155615	3.5388295380799226	59.9352945804187	59.99145763873598	59.9995983627266	58.36490606341714	3.4276510975238135	58.94811810284975	58.95969461840292	58.96761281649315	59.21196659561968	3.7147326620217256	59.937814681690895	59.95875469091449	59.97281148578683	58.33427188229258	3.3892395606426367	58.85896032983614	58.91546398025743	58.937859430068166	59.16983663953229	3.7075941358597184	59.871364039858584	59.90810729193485	59.934589938429	58.3455556858318	3.3942978399650388	58.86878882546398	58.91766662663838	58.936785724008786	58.458268758395654	3.541779639735547	57.924518497059495	59.9191158358913	59.9618804559789	56.097667835009226	4.125694557253778	54.095493572872435	57.52407813893909	58.8247127431062
4940000	59.548356085552406	3.538985609228533	59.93417458784574	59.99182759475487	59.99979393101973	58.3658361433046	3.425720967187575	58.94863516599334	58.95901283636375	58.96759951512948	59.21231451586867	3.7146825860301407	59.93991231975015	59.959649574087905	59.9746367530133	58.33546886693695	3.3882033611370117	58.85896032983614	58.91557030317055	58.937859430068166	59.172053841591776	3.707703935156696	59.87576101135727	59.90910957242649	59.93444320583348	58.34667620416236	3.391816219604828	58.86988233809838	58.91746591053157	58.93630918840274	58.46168088194172	3.5353498094126627	57.9254326233641	59.91844806420744	59.961863127082026	56.101493235298584	4.1235060981200045	54.095493572872435	57.52407813893909	58.829280285982506
4950000	59.549548776162005	3.537248505527642	59.935417674356344	59.99267890409624	59.99982958169049	58.36643775044876	3.4261780734566676	58.94938870112093	58.96028683303012	58.96796247045865	59.2150014686486	3.715131534391618	59.941971431069405	59.96177522186201	59.97620168320117	58.336338898497736	3.3879100027195186	58.86017150284785	58.91557030317055	58.93792196679412	59.175127569850055	3.708204107642558	59.881074484444284	59.91206377013074	59.93767934479803	58.3475095696995	3.391875965851793	58.86938518234142	58.91759361209702	58.93641626853372	58.46637400736045	3.5355859699041434	57.926791304442595	59.921887319450036	59.963338597946745	56.1070331247515	4.12056633201083	54.095493572872435	57.53545392666156	58.829280285982506
4960000	59.549115290315676	3.5378930228417085	59.93615034844443	59.992871780647285	59.99973090763288	58.36680890027979	3.427789816306878	58.95078795737903	58.96045752045846	58.96803972827986	59.21315443060093	3.714751557728851	59.94016154432862	59.959856841220315	59.9742827926559	58.336431752995885	3.3882773952056144	58.860851133770396	58.91572831229571	58.93792196679412	59.171025362362464	3.707329932505221	59.87616028068025	59.90811385183363	59.933545975840005	58.34769442016326	3.392453041459702	58.8709195000854	58.9181208679728	58.93680215248173	58.467383035915276	3.5353977327236623	57.927706986892176	59.918454238844674	59.963981511359016	56.109671857647584	4.118797272006841	54.095493572872435	57.5564446450138	58.829070621637335
4970000	59.5473243194451	3.5383484906930973	59.92591611504399	59.99129995399396	59.999557513051265	58.367095464008095	3.426999929743531	58.950473830967255	58.96066337362156	58.968083216419785	59.2124534255321	3.7145625535241362	59.94024451885509	59.95922289393913	59.9739464826593	58.337063369601395	3.388567661902251	58.86024425433101	58.91588383562489	58.93812178777294	59.172225225071614	3.7075735325672947	59.87627342612003	59.9106909098643	59.93438396022297	58.34788671526053	3.3937399953521576	58.87121713012055	58.918179543544554	58.93688778982357	58.466774171769266	3.5327762372857245	57.92820267362545	59.91120496258495	59.960250914139664	56.115310666807936	4.115328259982196	54.1174925225725	57.56995019899574	58.829070621637335
4980000	59.5511049093197	3.538664540603506	59.93573253474045	59.9911394046178	59.999752804720075	58.366016574728164	3.428059317186234	58.95003206325437	58.961123028695006	58.9678090965818	59.213692758686655	3.714751262232814	59.94179168043888	59.962078059497145	59.97558069965748	58.33678075568517	3.388450245327473	58.86024425433101	58.91588383562489	58.938187720632364	59.17268882076182	3.7076582638405484	59.87642974786603	59.91113686716016	59.93482664270321	58.34748939420925	3.3932360930795435	58.872171660392475	58.9181208679728	58.936785724008786	58.46939385970681	3.534320149759208	57.925622048028735	59.92271252886891	59.96364323910274	56.11871757281155	4.110686731755934	54.1174925225725	57.57002417983999	58.829280285982506
4990000	59.55035164120546	3.5373598830269475	59.93329485826377	59.99014849018005	59.9997026743307	58.366073730767596	3.426127796056844	58.95049148109216	58.960559307557446	58.967321122225755	59.21312945676418	3.7145553864683865	59.94122072233945	59.96058369647432	59.974320754745214	58.336844820868954	3.3878910786717724	58.86024425433101	58.91600585459149	58.93827942918424	59.172434316070216	3.707536045926503	59.875916190151955	59.91079803005795	59.93335451870976	58.34806545198376	3.3907949143654004	58.872171660392475	58.91802119123015	58.93668116514685	58.47519456722428	3.527346570466822	57.92911805008326	59.91436940914287	59.96249666755115	56.123951074167394	4.107125232279068	54.1174925225725	57.58825902965971	58.829280285982506
5000000	59.5493968336715	3.5379823272146824	59.93854353866042	59.992148543979496	59.99972578469718	58.366044510925455	3.4259515765593074	58.95159554283987	58.960421844101646	58.9685748362103	59.21299405898713	3.7145262108849484	59.94112362704104	59.96081248085979	59.975159858870654	58.33703418845464	3.388147887591422	58.86024425433101	58.91623542911987	58.93836139247006	59.172790080113046	3.707548289636493	59.8749945020533	59.90965882944193	59.93624867965969	58.34779918895824	3.3916168325159415	58.87359798132965	58.91848479408384	58.93680215248173	58.47684611183107	3.5269238171089947	57.92781201881786	59.917302908444555	59.96253701456625	56.125907159379295	4.105103887039567	54.1174925225725	57.59436454360985	58.825959258671624
5010000	59.55087327295361	3.5381810013042743	59.94059999332068	59.991912703708806	59.99968643204634	58.365435952775314	3.4277290738783948	58.9488816385822	58.960096282596965	58.96819810886541	59.21130729373783	3.714106903580925	59.93767871578119	59.95938668920167	59.97436255285215	58.33787071030887	3.3885830437976483	58.86024425433101	58.916439279934146	58.938418991121885	59.17175921191768	3.7072484441596716	59.87714830850078	59.90852096987792	59.93354601112167	58.34872863649107	3.3934042104711546	58.87237846748016	58.91861527716803	58.9371306790773	58.47815847275278	3.5287667997062	57.925759806415996	59.91184336804312	59.96172718946592	56.12935485933145	4.102304984740532	54.1174925225725	57.595905684738156	58.825959258671624
5020000	59.54510732083587	3.5381786534239743	59.9374683061137	59.98920870382433	59.99965514254252	58.3651961361697	3.426856425569931	58.947445007067536	58.96026708212453	58.96801502839597	59.213175091426955	3.714467253034157	59.94083294730723	59.960576804203	59.974103411343066	58.33732222459162	3.3892147333643	58.86024425433101	58.916484052932304	58.938387067968705	59.17197252567264	3.7072297819480897	59.87674496297779	59.90888946876575	59.935411990679256	58.34840605051618	3.394831967398149	58.87505728469781	58.91879169846838	58.9372505773743	58.481350765538394	3.525122549342857	57.93090522381955	59.91560167140507	59.96211213329829	56.133837244763484	4.099642576716369	54.1174925225725	57.595905684738156	58.829280285982506
5030000	59.55452102941926	3.539469395551533	59.948075233166904	59.99462670992624	59.99984129832978	58.364897909431654	3.427422545885749	58.9490933102579	58.959856594344785	58.96741309141767	59.21218524364404	3.7142955320162643	59.94042046422948	59.95949157080123	59.97422469327645	58.338643551594814	3.3891134851861455	58.86024425433101	58.91688822294782	58.93849522209768	59.172710850023265	3.707343499223083	59.874527854883624	59.909377412383535	59.93576716159059	58.349403180902044	3.393738172388999	58.87505728469781	58.91886281522008	58.9371306790773	58.48573993635708	3.526724788438833	57.926632177457066	59.91952960486551	59.963621402852965	56.136163227376045	4.098025760890787	54.1174925225725	57.595905684738156	58.829280285982506
5040000	59.54384645702744	3.5387227861640898	59.92326057901667	59.99037142417012	59.99969058225284	58.36611976354331	3.4259300740470366	58.94911341991401	58.960029530865974	58.967349184794756	59.21220075859299	3.71426784374112	59.939282066939555	59.95955433022375	59.9744346813602	58.33829475872248	3.3888682442123637	58.861035959889975	58.91688822294782	58.93857265895666	59.17147070615121	3.7070788990395567	59.876109033139144	59.906570579725454	59.93363578592247	58.349149355892564	3.392719222985146	58.87586461430955	58.91930747056861	58.9372505773743	58.48679122042365	3.5231256121541765	57.927131837652226	59.916331356094176	59.962885095738464	56.14038134880931	4.095188406323749	54.1174925225725	57.595905684738156	58.829280285982506
5050000	59.54895063322358	3.538372515715542	59.93404935122621	59.99042288210801	59.9997092140253	58.365956350808524	3.4265631986625658	58.95013177451733	58.96029700107211	58.967656584262855	59.213840296352664	3.714576335477432	59.94056681456272	59.9613057480468	59.97542081661657	58.338810560622484	3.3883709933012276	58.86141963100674	58.916982215314206	58.938694835425466	59.17335035238506	3.7073865886831765	59.87751893941093	59.910452105842175	59.93726878336921	58.349774565073325	3.3923502432141057	58.87586461430955	58.919415031898204	58.937276929199975	58.48863980113109	3.522769061621559	57.92745859740799	59.91514227442831	59.96426756145995	56.14453842879216	4.094903104174232	54.1174925225725	57.595905684738156	58.829070621637335
5060000	59.54949701261208	3.5384564475167255	59.93268383518394	59.99076537415067	59.99958167458078	58.36582000103447	3.4278193507711108	58.94901943622382	58.959977735935574	58.96798507478955	59.211885462422345	3.7142475945286217	59.93923157861131	59.95919068053007	59.974928678967515	58.33877849103842	3.389136906573523	58.86141963100674	58.91707476988424	58.93874752139528	59.17205130866512	3.707094926585488	59.87832802542884	59.907412730389225	59.935356311828684	58.34967803586062	3.3938081110758787	58.87586461430955	58.91956877599985	58.93740029515174	58.48941026782346	3.522722481581503	57.92863391879416	59.917822831703305	59.960608990632835	56.147608974477464	4.092567990274582	54.1174925225725	57.59806357176265	58.829070621637335
5070000	59.54630495591916	3.5386369869029606	59.925197787833895	59.99022733398115	59.99964581520112	58.36555517474042	3.426559996544934	58.949265421498524	58.96010392370083	58.967809560632446	59.211841368388164	3.7141523933716227	59.93735217969408	59.958688815609115	59.97448627776291	58.339684523391284	3.388440518081718	58.86141963100674	58.917095329753714	58.9388898515134	59.17192669292419	3.7070394865271057	59.875922556348044	59.908295094195694	59.935097385272	58.350158855787576	3.3928828907813235	58.87551942195151	58.919648145110045	58.9373034988997	58.491805904920724	3.5206186261809354	57.92653169013499	59.91865687220525	59.961780190158734	56.153400828873934	4.0875183819826635	54.15593347372903	57.59806357176265	58.829280285982506
5080000	59.55023400661593	3.5391488075772988	59.93971658050774	59.991917210119944	59.999789706329054	58.36566900753527	3.4285004422204914	58.94933021182078	58.95978076876038	58.96713108107609	59.21254342173014	3.71424325792731	59.93939108006178	59.96001827735027	59.97343064150691	58.33993150257284	3.388531902708456	58.861035959889975	58.917082060429806	58.938956886886196	59.17373014364138	3.7070132590274305	59.8781975914035	59.909863970948706	59.933730179525085	58.35039743887773	3.39477980157204	58.87575754910484	58.91969345089072	58.9373034988997	58.49363515269942	3.5227675998212207	57.92876104354728	59.920360549016884	59.96242546642496	56.158648393681666	4.083377847601763	54.15593347372903	57.59806357176265	58.82950246691202
5090000	59.54600790193458	3.539377241652145	59.932418657317186	59.98647327835128	59.99927415563875	58.3662236349413	3.4284679396039137	58.94950041167935	58.9600175983156	58.96768035029129	59.21152487885306	3.714012420436953	59.93900339373603	59.95913577473617	59.97329739159565	58.34066734196641	3.3885589286697004	58.861035959889975	58.917095329753714	58.939322872289	59.171658240883225	3.7064558365297517	59.876435100955476	59.908538953776656	59.93323938561282	58.35077779672133	3.3943449346914716	58.87595287121501	58.91971456253942	58.93759095735231	58.49750261120618	3.5240217832203373	57.9269610178479	59.922789158828856	59.96262966226949	56.161135016902215	4.081833650915858	54.15593347372903	57.59806357176265	58.825959258671624
5100000	59.55330651991697	3.5398335972767763	59.93630631813237	59.992364339605984	59.99976084906828	58.36624093021539	3.426451326439002	58.94937121385131	58.96005648314484	58.967592505945326	59.211824535177705	3.7140299561406485	59.9383599227	59.96032871187923	59.97489798144926	58.34099311507366	3.388386104136582	58.861035959889975	58.917095329753714	58.93948319666225	59.17258716459711	3.70662925834224	59.87718320262793	59.9104133761698	59.93468385201463	58.35146656603706	3.3925695659545854	58.87696894428128	58.91971456253942	58.93759095735231	58.50024653023512	3.5197754398688756	57.928211477263986	59.91480242017826	59.96326007302842	56.16704100604048	4.077003813507849	54.15593347372903	57.60139698875088	58.829070621637335
5110000	59.548076230652185	3.5389419867882945	59.92754788438075	59.99212578196462	59.99974085547085	58.365930613747544	3.4258249007753143	58.94888225343388	58.959976419898126	58.96764898652664	59.21289055634794	3.71417861786917	59.93986136290199	59.96058988522141	59.974549044135046	58.34088385852582	3.3879466337067488	58.86141963100674	58.917288812414526	58.93960515042714	59.173823897729754	3.7068411933970733	59.87596109814085	59.90800899742278	59.93655401739998	58.35138642479942	3.3917997268826263	58.87733272337461	58.919873039273114	58.937600509516166	58.502293297949	3.516400137087189	57.9303197913802	59.918581111177254	59.96234593395242	56.1707803333521	4.076024591495154	54.15593347372903	57.60139698875088	58.829070621637335
5120000	59.54823978780607	3.538592001539959	59.92644431603251	59.990412274953556	59.9997244420807	58.36495835803816	3.4271642430507963	58.948708114201764	58.95958088286265	58.967426323636516	59.212614199867026	3.7141751886225824	59.94056431205474	59.961043246091904	59.973075956002695	58.34180427557846	3.3880284457660013	58.86141963100674	58.91782539836217	58.93965094327128	59.17089487894788	3.706270839463592	59.87396291703743	59.90756699776457	59.93229523953542	58.35280086623232	3.3924233003689266	58.8779126022411	58.92015694602148	58.93768747999865	58.50394918670283	3.516882835906171	57.92784361693882	59.923403504329556	59.96365901276921	56.17599185730196	4.073233237464456	54.15593347372903	57.60139698875088	58.829280285982506
5130000	59.54837019000032	3.53905571837628	59.93932512232127	59.99141336668973	59.99975546876859	58.366434008224616	3.4265066630830425	58.948980061982894	58.95972356709776	58.967667241470394	59.21346495682437	3.7142153818906394	59.9409106577667	59.96055718895114	59.97564107671322	58.34118111643793	3.3887038704119457	58.86141963100674	58.917877912256046	58.93978849695413	59.17198785460501	3.7064892697786225	59.8729443272145	59.90917194080669	59.93649087893588	58.35261053270988	3.391948702933364	58.8779126022411	58.92028085224079	58.937625217387236	58.5058152226048	3.513492316056134	57.93038118623417	59.919100876695	59.96291232129854	56.18047483617619	4.069673805880715	54.15593347372903	57.60139698875088	58.82491317944263
5140000	59.54855551970496	3.538998685480254	59.93667359646642	59.99124192896652	59.999774309248664	58.3666146102187	3.4264330605850586	58.95161635533778	58.96082903102625	58.96820898838756	59.213512120262415	3.714181011436496	59.940488801524296	59.960455052634885	59.97541281438217	58.34179262966564	3.3889660051420956	58.86160404501507	58.917877912256046	58.939865967401644	59.17231561515525	3.7065322046744433	59.873658980982675	59.909423940840185	59.93452334231058	58.352779215042055	3.3927538058567768	58.87840865825572	58.92081730007898	58.93786753578041	58.508802529229484	3.5111997842704024	57.93124423192463	59.918852425125095	59.962090471355395	56.183774597577376	4.068242596390578	54.17160494834653	57.60913513258717	58.825959258671624
5150000	59.546730505944055	3.538808356655934	59.92766887842952	59.98979518751771	59.99972403865097	58.36701228310755	3.4273035629381456	58.94999551448618	58.961582802842614	58.968031053651615	59.21350107013354	3.7141987197347404	59.939421365747805	59.960306881167476	59.97566849235541	58.342106760879915	3.3885683740825043	58.861836148675856	58.91816243790019	58.93999802073427	59.172550234428805	3.7064677451122616	59.8751332243275	59.90904503465562	59.93411171715785	58.35324182600583	3.3924134151324066	58.87842545897475	58.921128669419176	58.93803621528164	58.51087855265598	3.510924925609555	57.928938953864275	59.918872924169285	59.9621411802082	56.18603172028448	4.067073809042425	54.17160494834653	57.61977011842124	58.825959258671624
5160000	59.55338729264483	3.5395384693739875	59.95082662648604	59.992628986547004	59.999716584311734	58.36686291714052	3.426993015317252	58.949787277108825	58.9604850985132	58.96814120574342	59.21578895866783	3.7141320056802756	59.94204098419043	59.96099790915916	59.974522846650004	58.342669161753975	3.3883778679358922	58.86316367554544	58.918208382961545	58.93995450734671	59.17376925171396	3.706632335244585	59.87611088883021	59.90970127720608	59.93580502796717	58.35365534901592	3.392369491783827	58.87908535454561	58.9213627465475	58.938020088861336	58.514391704076	3.5114687787362553	57.92644313135304	59.92594749405249	59.964763461419196	56.191876897429886	4.063299734044219	54.1859269171219	57.631313697981426	58.829070621637335
5170000	59.550237254345724	3.5393808876520105	59.935701572204366	59.99070064606215	59.999748590447425	58.36825619901795	3.426443692815917	58.95009924213162	58.96143981326074	58.968229724923184	59.21490097190515	3.713890969920292	59.94044687066233	59.960486579872615	59.97406066000423	58.34231947841973	3.38924750869892	58.86494979680713	58.91841689989437	58.93999802073427	59.17304421579995	3.7064858730867725	59.8744208829299	59.91044098468734	59.935040005434274	58.353156840951286	3.3942440776335547	58.87883395758051	58.921758746495456	58.938256474188364	58.516395115744025	3.5102039550781834	57.92946041021855	59.92116707555236	59.962146815947904	56.19349861498279	4.06072447964274	54.1859269171219	57.631313697981426	58.825959258671624
5180000	59.54793617349702	3.5392301521224634	59.93302839368368	59.99167858676873	59.99975752398464	58.36895906579358	3.4263121901027174	58.951366255644906	58.96159847628101	58.968452196449725	59.2170069102358	3.714207405332527	59.94236920505922	59.96246646329475	59.976893347987684	58.34298225917797	3.388494266877389	58.86494979680713	58.91862049786933	58.940091157977406	59.17387842297062	3.7065941059112735	59.878460007753446	59.90868798725899	59.93489212222569	58.35355884245339	3.392764420723696	58.87942583754332	58.92196155909326	58.938188676631036	58.52014084257297	3.5093830595353723	57.92949712056266	59.92483588640912	59.96446429838634	56.198013172116475	4.059784566114791	54.198576254347	57.631313697981426	58.82491317944263
5190000	59.55169707918126	3.539410839319617	59.94138219480893	59.99305133382517	59.99985985521205	58.36758278312147	3.4275414536603424	58.95086251250471	58.96096280203385	58.9683620272765	59.21563089350048	3.7140038671948767	59.94033203136853	59.96095039243666	59.975123252208704	58.34358623471335	3.3885572322060358	58.86506020374834	58.91899124454912	58.94025416121468	59.174218595219266	3.7066419237826738	59.877000749314966	59.910563031720955	59.93496292672862	58.353887351484865	3.393086364765765	58.87922572987975	58.921892100387666	58.938256474188364	58.52291778242117	3.509792735632574	57.93247911965757	59.92598081503741	59.964290272020015	56.199968344594396	4.058584782128427	54.20259208607672	57.63843298774506	58.829070621637335
5200000	59.54810315112553	3.5388472564667564	59.9380055340231	59.99108848059259	59.99971705469353	58.36937324020619	3.427844831510882	58.95168230012739	58.961239689696924	58.96807813251094	59.2159784363875	3.7139875328551972	59.940780746207594	59.96080002678788	59.97412831633138	58.34430400403509	3.388384623319237	58.86506020374834	58.91899124454912	58.940539415928505	59.173236441244065	3.706340985464579	59.87563285383752	59.90877427256129	59.93457231150066	58.354753924429346	3.392965492760367	58.87942583754332	58.92206309382403	58.938413776550604	58.52466921350475	3.5107182832886767	57.929842480704686	59.92358923185728	59.964667876244484	56.20372410526908	4.057234365349006	54.20259208607672	57.650713905202956	58.823095734170714
5210000	59.54686778633148	3.5387945681899056	59.92688443668782	59.98948341671432	59.999646207554335	58.36856615150432	3.4259005919831993	58.9507542182159	58.96058076871091	58.967871576731454	59.21475455195606	3.713701660465956	59.939783574547825	59.96037733727531	59.97381759047818	58.34459094224504	3.3883052824770856	58.86506020374834	58.91933738668398	58.94071467150847	59.17213260515402	3.7060690393051954	59.87582351054945	59.90720567138539	59.932958284102064	58.35521745777309	3.3929487779966716	58.87930075040722	58.9221532029168	58.93846532687274	58.52770433502179	3.508138725564211	57.92676136681109	59.92232748963754	59.96272672974223	56.20455652955379	4.056784654808068	54.20259208607672	57.650713905202956	58.825959258671624
5220000	59.54803020812727	3.5389361791351237	59.93168024949367	59.99047747052706	59.99960770523511	58.36928161250338	3.425670609139998	58.95015792756154	58.96076650033231	58.96838832879367	59.21584819973618	3.7134366510029113	59.94132135759565	59.9593151186934	59.973005190601455	58.34413420502942	3.3887476594310484	58.86518071937715	58.91933738668398	58.94071467150847	59.17236957538737	3.7058653669908628	59.876842180317595	59.90816590965573	59.933297476823824	58.354929244652155	3.392653380756572	58.87930075040722	58.92210002249463	58.938810163807254	58.53107556832639	3.504841993086214	57.929264548404234	59.92312739278573	59.96234820955209	56.209075112231865	4.052373820631212	54.20259208607672	57.650713905202956	58.823095734170714
5230000	59.548999034160495	3.5393029899645305	59.93792106039112	59.99103045691139	59.999751065246826	58.36801257210151	3.428102983250034	58.94988005839337	58.959944420923634	58.96759047482226	59.21630510336616	3.7135219956159027	59.939890112223594	59.96073376508116	59.973355531806064	58.3445982886646	3.3889269433713993	58.86518071937715	58.919555351661145	58.940986710920306	59.174457560051984	3.7062463830246757	59.87593569651164	59.91072303043662	59.93393462101272	58.3549492922292	3.3943739176054075	58.879891630994216	58.92218733501261	58.93905202375081	58.53428519135091	3.5059036018391323	57.93366387833769	59.92353178195577	59.962585305030395	56.20943666511454	4.052051908254657	54.20259208607672	57.650713905202956	58.82101010180166
5240000	59.54840246160667	3.5395854734415653	59.93794793708847	59.99264116806917	59.99977442000025	58.36863025659648	3.4267059338325745	58.94909120626537	58.960368934936966	58.96792917503733	59.21811020828168	3.7138016518594132	59.93938228314652	59.9604713578551	59.97554470356692	58.34454556377148	3.3891547583954615	58.86567173464731	58.919555351661145	58.940986710920306	59.1747974569765	3.706308287734493	59.87781034655431	59.910478616116656	59.934829380917684	58.355150809673376	3.3934465300987635	58.879600098308124	58.92236394497774	58.939264930946806	58.537452763694795	3.503873424851777	57.93229692069208	59.91477878780715	59.965516758549185	56.21340399271046	4.051878045485214	54.20259208607672	57.65952740485756	58.823095734170714
5250000	59.549408328874094	3.5399960790056606	59.93851696928916	59.99134661150497	59.99974573729462	58.36993853645526	3.4267854910003432	58.94910293989518	58.96056528781905	58.96856930335783	59.217604843320686	3.7136725953701526	59.94123852405205	59.958906824125236	59.97468233601344	58.34590394686669	3.388582684057845	58.86611812500995	58.919660848864524	58.94113120919364	59.17296492404788	3.705961411390361	59.87533260190746	59.9075377560323	59.93603472809016	58.35631550386271	3.393057822191619	58.879891630994216	58.92248903351782	58.93929351222428	58.54394871005764	3.5035818056889005	57.93014873243891	59.92227043287403	59.964747765667596	56.21681817697452	4.050691767697837	54.20259208607672	57.65952740485756	58.82101010180166
5260000	59.55284744159891	3.53996685552026	59.94288081075895	59.992309995743206	59.99977922968091	58.37094073143727	3.4265833270017017	58.94987272889464	58.96022701278209	58.96740500595529	59.21741204057397	3.7136200085378555	59.93921438218806	59.96045048989414	59.974446811801286	58.34592669036272	3.388282571338282	58.86611812500995	58.91978567541849	58.94154968490434	59.17389085830031	3.7061583049546885	59.87673779774693	59.90976463561585	59.93472919893072	58.356558063808315	3.3925205315082168	58.880936877459355	58.92275548847668	58.93978036878947	58.54636456799384	3.5014213485285914	57.927971516846746	59.92211334154814	59.965862520405054	56.219304600924296	4.047917991537912	54.20259208607672	57.66519445724051	58.820353912067475
5270000	59.55001694784645	3.5398028404959367	59.94019771834819	59.992480211840196	59.99966537018504	58.37036165947571	3.4266122705907462	58.94998829925741	58.960922382347846	58.968233860516754	59.21710394570477	3.713481243581705	59.94083730744274	59.960447126249115	59.975396299988844	58.346053914527204	3.388416348040841	58.86611812500995	58.919971898746326	58.94154968490434	59.17435032434453	3.706063452253108	59.87690614650846	59.91038725316329	59.936250707741486	58.356215316180815	3.392793511911516	58.88154432463815	58.9228276689325	58.93978036878947	58.54794282068821	3.5004802291541997	57.929945215619696	59.92790120067241	59.961899709408094	56.22382662536131	4.046264770269743	54.20259208607672	57.66519445724051	58.820353912067475
5280000	59.551174010557745	3.5398812817340675	59.94220595818624	59.991767841749535	59.99978496392483	58.37112561686295	3.426103395743443	58.95045508823534	58.960787471095145	58.968236021015784	59.218903929421266	3.713822782018928	59.942255872561795	59.96031900670949	59.9753522179121	58.34628851293647	3.388359879507605	58.86639838103492	58.92015809098575	58.941603695754054	59.17545090589005	3.7062675886703853	59.87698410197428	59.910924150364444	59.937806813813786	58.356824707922414	3.393746508082865	58.88164425374481	58.9232951391202	58.94017912903422	58.549887230983096	3.5003181057883106	57.932848881307564	59.92489434892529	59.964971390353945	56.226313769208296	4.045308071802465	54.25811342653965	57.66966913876325	58.82101010180166
5290000	59.55262885008416	3.540290272631972	59.945367061203086	59.99269108070361	59.99971804603342	58.37072795042409	3.4254060014080805	58.95022950432597	58.960530713466284	58.96794244128195	59.2176338111844	3.71360382741036	59.94237641354751	59.95947242641152	59.97451234787922	58.34660853209323	3.388324466342309	58.86832497239172	58.92031593590895	58.941624072759566	59.17450251841373	3.706007841505524	59.87880019481241	59.90793310225211	59.934164219716365	58.356794419849074	3.3929460899944917	58.880936877459355	58.923433615722175	58.94029664071056	58.55260374870416	3.497954186200554	57.92969032730973	59.928209389197974	59.965414188966506	56.22717248241936	4.044279693041423	54.25811342653965	57.66966913876325	58.82101010180166
5300000	59.554194609689354	3.54019960174167	59.94675538657922	59.99319191658912	59.999767666386	58.37006345399044	3.4274269830650583	58.951416224334636	58.96063917006413	58.968127565584254	59.218004023236226	3.7136452618116462	59.94109702020924	59.961335634806886	59.97567112539342	58.34669559396628	3.3889412675907544	58.86860880088898	58.92031593590895	58.941742497352	59.17570161396718	3.706187807159674	59.87960575026074	59.91172270793625	59.937023866049984	58.35715880973705	3.394635081915391	58.88180043392881	58.92338244377328	58.940235775868636	58.554932969744954	3.4996808774671253	57.92982814080234	59.93117682685708	59.963374162709805	56.23005400379869	4.040715596865061	54.25811342653965	57.66966913876325	58.824062467371554
5310000	59.548602002254796	3.539740278806832	59.93654631665636	59.991659416259196	59.99967840536618	58.37114945714506	3.4265026913115895	58.95091600161632	58.96096411629101	58.96866858019802	59.21849910639361	3.7137054320456158	59.94139259123293	59.96058155653772	59.9747655760344	58.34669206042367	3.3890653275696425	58.86860880088898	58.92086063956802	58.941828400018785	59.174243555216556	3.7058459120471383	59.87856500576695	59.90872654491794	59.9349911410078	58.35728476018648	3.395229429787323	58.882610301791814	58.92344196361647	58.94031720326399	58.55584539450973	3.4974690175381635	57.93195555390477	59.92700089394309	59.963411932033495	56.2328058309037	4.037344010587533	54.25811342653965	57.66966913876325	58.82101010180166
5320000	59.55051190887396	3.5404710995054547	59.93990748916603	59.99226818495942	59.999793811965844	58.36983696451413	3.42710529907751	58.94974020330191	58.96067685296076	58.96827469507406	59.21774644095938	3.713487074978549	59.940624786952256	59.96083135316462	59.97508022887493	58.3466126578804	3.389215884847677	58.86938356802533	58.921243831451136	58.941929740794826	59.17455631162367	3.705852621076817	59.874693666594695	59.90923031573413	59.936724866965946	58.35706207838392	3.3951660320474573	58.882898411982936	58.923566666863216	58.94044696747928	58.55638756066713	3.4980272282385165	57.93232891650513	59.927223795521165	59.962329717064165	56.2370736760538	4.034225463033516	54.31792882523304	57.66966913876325	58.82287380956811
5330000	59.54820597248017	3.5397420445595555	59.93282130591745	59.98998207799707	59.99972797846438	58.37025373565133	3.4279080693951456	58.95056168002698	58.96093519752447	58.96855489816744	59.216846020301524	3.713268080505767	59.93922566124965	59.959747406401824	59.9738819604648	58.346783313602884	3.3884018124827495	58.86959063822675	58.92128198240325	58.941929740794826	59.17187529772471	3.7053251410174015	59.8712331678511	59.906824063008095	59.93286582254116	58.35684177465253	3.3937275193123613	58.88263973978625	58.92350421076502	58.94044696747928	58.557264870969796	3.49824479953446	57.93052121834013	59.92089102591002	59.964960815793084	56.24142184709225	4.033034217393146	54.31792882523304	57.66966913876325	58.82437862653672
5340000	59.54846190988555	3.5398707999147545	59.938936916471846	59.99138475000083	59.99969954929796	58.37085194845083	3.4270791892260273	58.950884002529264	58.9607207437466	58.968599224599174	59.21783497616453	3.7134309002281096	59.94091262192952	59.96070195647572	59.97390269639365	58.34726823049931	3.3891863236099513	58.86959063822675	58.92133978825731	58.94198881530898	59.17530709087949	3.705949875970279	59.87703384919121	59.91045013506939	59.93468750353158	58.358032963735	3.392943664746219	58.882610301791814	58.923743427193756	58.94049317930444	58.560266725092376	3.496287461335675	57.933223974633336	59.92764820482042	59.96456692072841	56.24417473813118	4.032303633233519	54.31792882523304	57.67183801120353	58.824062467371554
5350000	59.54819645494634	3.5396074400501214	59.930462165043956	59.988047851699875	59.99953283759705	58.3704387900647	3.427569755789771	58.9506500582008	58.96139139114646	58.96862268908258	59.217059512213744	3.713226633158197	59.93923412972356	59.95939739603574	59.97359399922153	58.347200808602	3.389058301292087	58.86981251510298	58.921372996633686	58.9422629899694	59.17291896216179	3.7054320548319573	59.87636508551707	59.90752881176792	59.93149171012255	58.35785803038535	3.393581213067113	58.88324465239557	58.92369786045252	58.940798619283946	58.56197205070177	3.4962771220819127	57.931118063104684	59.924706560276846	59.96223988310032	56.24630096251836	4.0312353279587345	54.31792882523304	57.67183801120353	58.824062467371554
5360000	59.54815496657355	3.5397574252676893	59.935404619799115	59.99101271345809	59.99978182885355	58.370098470218615	3.4284589098728913	58.950614616691794	58.96075840288381	58.96773682993756	59.217248637368336	3.7132744299781963	59.93941194110202	59.96015888558477	59.97392845505679	58.34841543959535	3.3893502410160714	58.86981251510298	58.92177036656419	58.94238588822734	59.17490783395194	3.7058320249813823	59.87696793586329	59.90766571534564	59.9335399464136	58.35875249054996	3.393930772807791	58.88294029424367	58.92407601885701	58.94116342748029	58.56631565698681	3.497160365886724	57.93528480720623	59.92935512577161	59.96453353562998	56.24820860377557	4.030172000550964	54.31792882523304	57.67183801120353	58.82101010180166
5370000	59.54965224840608	3.539543769668619	59.939412934325645	59.99083341320516	59.99974909362182	58.36989726212413	3.4264562960822165	58.949477107410296	58.960409908808245	58.96793337758366	59.21618315512724	3.713081849540022	59.937910825497056	59.95950040102001	59.9734510860065	58.34889202383971	3.388950223919416	58.86981251510298	58.921910874764194	58.94249361855847	59.171862670261994	3.705195032789766	59.873059739252966	59.90513637035107	59.933761252193776	58.35956621697694	3.392786130346769	58.88294029424367	58.924038947237236	58.94110594531103	58.569395838429536	3.4955097687532195	57.9327366172096	59.92710756119049	59.963530847350086	56.25059579019768	4.029174547038614	54.31792882523304	57.68377125298488	58.82101010180166
5380000	59.5533861133583	3.539412461162467	59.94366923857743	59.99241697267125	59.99983591345388	58.37053808222914	3.425508200854258	58.950234164188366	58.95997632843202	58.967985745106304	59.21751054649665	3.713270169560465	59.94097539538303	59.959677473632	59.974912896848366	58.348455386015274	3.3887142381504547	58.86981251510298	58.92230393742575	58.94249361855847	59.176917688176786	3.706122675424202	59.88078008060404	59.91272915791389	59.936256088690264	58.35903738268559	3.3925029771995994	58.88457317117057	58.92404496143941	58.941201957019814	58.57328465350271	3.494977574773749	57.930399199531614	59.92922315410502	59.96374789044636	56.25766006773349	4.022639484044343	54.35186640664709	57.68377125298488	58.822880524536444
5390000	59.54984655818476	3.53892995257266	59.93636216114036	59.991074054861585	59.999734387185484	58.369515662160694	3.4280462004983034	58.94950284532635	58.960464524209975	58.967917564406626	59.21838222860698	3.7133928976869788	59.941798279549936	59.96111981642349	59.974919530441326	58.349346886251226	3.3885051329737084	58.86981251510298	58.92249648229772	58.94255212458291	59.17489111400858	3.705668758184394	59.87483148963668	59.907935836322565	59.93614691206372	58.35984828004247	3.3931222399342373	58.88501233062582	58.924361198391594	58.94124402083777	58.57983056475235	3.494851161197299	57.93236871221565	59.93031341846188	59.965601511068	56.26064173258492	4.021372616734435	54.35186640664709	57.69140267805062	58.82101010180166
5400000	59.54848522747777	3.5391846140799204	59.93796972294876	59.991069246926884	59.999659540995665	58.370652602891745	3.4273699465983882	58.95028609041624	58.96145382196005	58.96865188520618	59.218072592112755	3.7133538201108887	59.94100708735964	59.96010441369874	59.97508176401927	58.34895468178753	3.3888638471537416	58.869976754644966	58.9226854170037	58.942670660170265	59.174211873626	3.7055576790204077	59.87591183349388	59.90950847907158	59.93540992043562	58.35905121075274	3.3932787911721642	58.88501233062582	58.92431424018944	58.941537419690206	58.57908957145047	3.492652558677886	57.93120849912513	59.92823793400975	59.96396082713808	56.2627611285195	4.02050613828409	54.35186640664709	57.69739645783126	58.82101010180166
5410000	59.54988264216972	3.539555795785896	59.938720702504284	59.993454651846406	59.999830698881325	58.37018973639473	3.4261718101522995	58.950325753442	58.960288923151936	58.96826545988041	59.21776241559975	3.713307455064696	59.940281166172085	59.96118470602943	59.976804939308636	58.34925685225851	3.3889631262244406	58.87081338902161	58.922823465142834	58.942670660170265	59.17579108183971	3.705879262350515	59.87772104297663	59.91205442164387	59.93703096977656	58.35959622034642	3.3930998854110337	58.88523918217116	58.92453754359427	58.941670887103584	58.58022670468174	3.4884496800456635	57.929396047216834	59.92318988920888	59.96411789179022	56.26461346899247	4.0203450670152625	54.35188409537311	57.69795040339335	58.82101010180166
5420000	59.54819282440913	3.539108757064886	59.93342952855539	59.992413685683616	59.99977782412242	58.368828659277476	3.4251702901812644	58.94897375181528	58.960090916643125	58.96851775274436	59.21752187231049	3.7132287189469375	59.93869617140953	59.96124694093464	59.97520592618256	58.350183371315595	3.3888711936352145	58.872162344129606	58.92285668566409	58.9427826985758	59.17323771899953	3.7051837944601393	59.87098034128486	59.90786314149707	59.93505640048998	58.36055319851962	3.3928974883817737	58.88501233062582	58.924484584884155	58.94161288709743	58.58633934568114	3.489049523676324	57.93161488493992	59.93213757539545	59.965061444530264	56.26683222360855	4.019228407249921	54.39150125299187	57.7001593331854	58.82101010180166
5430000	59.55087408761062	3.5396219620290967	59.93680119036141	59.990884656415965	59.99966134899046	58.36925873372102	3.4264261883432523	58.94900725340027	58.96101812265286	58.96849064066524	59.220747042204636	3.7133383537114804	59.941391546693566	59.9613431345126	59.975096442286485	58.349824411810395	3.389155464348757	58.872162344129606	58.922924994773744	58.9427826985758	59.17367275700232	3.7052634320062205	59.87556218266947	59.9069596136125	59.934277947823645	58.359804854899295	3.39461034649348	58.88523918217116	58.92453754359427	58.94161288709743	58.58802917229914	3.4881458973838906	57.93449838455855	59.929629077057164	59.96422337310587	56.26923616368036	4.019363043586843	54.39150125299187	57.7001593331854	58.82437862653672
5440000	59.55202258469158	3.5382480824830407	59.93861719766109	59.992266127185474	59.99974647761087	58.37069274044917	3.4268160448609675	58.95050696085728	58.960991318039724	58.968366123557715	59.220901001897104	3.7133732930755388	59.94220009993798	59.96123788121514	59.975351851913345	58.350646463784244	3.389012479492903	58.872162344129606	58.92302125604155	58.94295031136621	59.17538236724397	3.70560432689627	59.87743160058683	59.908800374304576	59.93366868310673	58.360760942830005	3.3936499985059068	58.88628889726488	58.92484151246757	58.941722245115734	58.59108133384755	3.489224152528805	57.932919221440734	59.92983622361466	59.96374650666254	56.273829749208716	4.016411966457811	54.39150125299187	57.7001593331854	58.82437862653672
5450000	59.55075346768444	3.5390589588832913	59.94805124125982	59.99304141235325	59.999797750351746	58.37134346240304	3.4273758929000167	58.950224840634306	58.96097686097265	58.96837670318482	59.22040876948563	3.713236701754873	59.94278604342988	59.96118383129725	59.97568606860033	58.350413685560255	3.38879842307094	58.872162344129606	58.92312612848509	58.94298632966862	59.17661994853836	3.7058372927238863	59.879637625156036	59.91060774608017	59.93570085000933	58.36059730147829	3.392846868705427	58.88591482025939	58.92484151246757	58.941722245115734	58.59130363469931	3.489923346325114	57.93187635512926	59.930528750325315	59.96292722910585	56.27781517938812	4.01335515036082	54.39237035137037	57.7001593331854	58.82101010180166
5460000	59.544863580913514	3.538478785151031	59.922673878473795	59.989848023650076	59.999710983215714	58.37073361482842	3.426960595526408	58.94895076706559	58.96046554734869	58.96798680277568	59.21838489207071	3.712856036679259	59.939328236148796	59.95982543219621	59.97411670855361	58.349923238996055	3.3902080070685705	58.87220104163011	58.92312612848509	58.94298632966862	59.173469773456084	3.7051974117551048	59.87629749609576	59.90799628646106	59.9331242723416	58.36014702575735	3.3945696808826713	58.88655895631173	58.92489632115952	58.941722245115734	58.59511528472658	3.488479413051109	57.9326668434603	59.9264882937707	59.96293312555181	56.280330319751755	4.0129010023017	54.39237035137037	57.70335203389804	58.82101010180166
5470000	59.54872916064517	3.5391868887448266	59.933727585006054	59.99117411539373	59.99969857225894	58.370616892923444	3.427579390724749	58.94875476509824	58.95945115853394	58.967303401210984	59.218121060557294	3.712779535541248	59.93865213832441	59.95891227561168	59.97514763075728	58.35148435329095	3.3887555271602237	58.87220104163011	58.92312612848509	58.943046050046256	59.17306894105563	3.705089645770603	59.87413322702508	59.90571381870119	59.93357360175545	58.36161074997469	3.394187785826689	58.88683664288602	58.924967268450146	58.94183467794586	58.5991144229815	3.4887865595188106	57.9327399736011	59.925140782395175	59.964668570945655	56.28174993963044	4.01264412638141	54.418451452805165	57.70335203389804	58.82529876808869
5480000	59.55157962821515	3.5395333640433804	59.94279206972632	59.99242414107621	59.99978992344846	58.37046686278918	3.426237662961993	58.9483009383074	58.95938223923879	58.96795346002284	59.21993602034618	3.713086595780051	59.94168192584588	59.96118411304751	59.974071877532936	58.350586994806605	3.3897368634937566	58.87295725715385	58.92338252070738	58.943046050046256	59.17462982245751	3.7053367661861443	59.87587113225129	59.90791929388042	59.934042106781774	58.360996942377966	3.3937763543320623	58.88676361256776	58.92494137764942	58.94202550290672	58.60126035536153	3.48744072021343	57.935049865256424	59.93001979178406	59.964093362242075	56.288300669810994	4.0069230176649056	54.418451452805165	57.70335203389804	58.82529876808869
5490000	59.55154294518573	3.539875672241965	59.93796749026506	59.99152700445918	59.99968230835833	58.37075801411202	3.427655381850265	58.948384821781424	58.960039446411116	58.967399367319054	59.218904503226554	3.712848692933526	59.94016228639717	59.95896482748624	59.97442632198285	58.350661354375326	3.3896239457688195	58.873831248537485	58.923568933622576	58.943186238576025	59.17588951343256	3.705560098987566	59.87859439006769	59.909887361827856	59.935809891069944	58.36108441201449	3.3942925070588847	58.88777930486178	58.92517460896908	58.94224120348745	58.604695096921006	3.4886461264836077	57.93509204086574	59.92925144643134	59.96493165833525	56.291782294090865	4.005927909757201	54.418451452805165	57.70335203389804	58.828323302278456
5500000	59.54818973046383	3.5396804886358053	59.93228138509468	59.99307110739507	59.99976552654998	58.37149698794548	3.4260511197644683	58.94869288864606	58.95972024758349	58.96818512548085	59.21956644940291	3.7128829228642113	59.938793444287306	59.95908938425175	59.974781599731145	58.35193090919016	3.38898953090723	58.873831248537485	58.9236916619118	58.94322261213757	59.17426694670424	3.705259337647441	59.87486641061414	59.90891010382792	59.93477000856893	58.362296342411454	3.3941489635729996	58.88777930486178	58.92567699923519	58.94235471076924	58.607200224443744	3.4868093772251236	57.93606368101044	59.933831193638916	59.96585339025618	56.29493309494703	4.003582590939878	54.418451452805165	57.713861310907625	58.8260488624109
5510000	59.54927324948858	3.539732874780448	59.938675635214054	59.99278381576868	59.99970392386294	58.37162803125231	3.4270008186706833	58.94947393464449	58.95967939933755	58.96809661794644	59.21930220870459	3.712832368823564	59.93882400237204	59.96056417600349	59.97436336530359	58.35188306487095	3.389457296886947	58.874721543751626	58.923937080946864	58.94350848172126	59.17368072984654	3.705107767852019	59.877794727450095	59.9080399474596	59.932469045472395	58.36262918640708	3.393342237578284	58.887311002685664	58.925643724189385	58.94235471076924	58.60763504118758	3.4858886036828745	57.93598891630015	59.931254827274834	59.96390036524141	56.2992830301469	3.998352421923909	54.418451452805165	57.713861310907625	58.828323302278456
5520000	59.55288690009165	3.5403148429159703	59.949717001545324	59.99493763006938	59.99985530636801	58.37152771414309	3.4265487682194347	58.95013945351691	58.96092931400797	58.9683794597982	59.22068178152202	3.7131285080313976	59.941247317418245	59.96198997235714	59.97567347777224	58.35118193096138	3.390116383550239	58.874721543751626	58.92409099235535	58.943591021068826	59.17683809907828	3.7056699685923236	59.88114067526627	59.91306682167996	59.93616243413557	58.361707512646085	3.394672356462865	58.887311002685664	58.92579893079355	58.942468902446194	58.60740368329506	3.484346817013535	57.93459546331766	59.92957407356515	59.96438645906158	56.303847121618915	3.9966796751450127	54.418451452805165	57.72736302385683	58.829280285982506
5530000	59.5496045571829	3.5398777501240963	59.93862008764596	59.99249736283559	59.99967784771475	58.3718971365442	3.426200495597022	58.94943234163737	58.96083719616317	58.968275406041286	59.21989968536938	3.7128354282235425	59.94092015649986	59.960179548501586	59.97398391286781	58.352707706803606	3.389298702571957	58.87518634677669	58.92447594694901	58.94364132459725	59.174429253479815	3.705194157707273	59.876892744399285	59.90840747401164	59.93562878465079	58.36323377950433	3.3933535088019773	58.8879122596571	58.92592122189795	58.942505662995536	58.6114685266547	3.484191135256819	57.935785267487404	59.93076569381207	59.964003808860376	56.3085832384366	3.9933792532452848	54.45129759046142	57.72736302385683	58.829280285982506
5540000	59.547974398958424	3.5394337443199135	59.933480342281484	59.99172118636387	59.99979956919121	58.37163642405223	3.4263565081407292	58.950439352293046	58.960689735936775	58.968588350601884	59.222080655768906	3.713201862056428	59.94403833070418	59.96154436258958	59.97691949050122	58.352084112779174	3.3893679965199213	58.875350441978	58.92463567153176	58.94364132459725	59.17727976665019	3.7057096962977076	59.88087412897676	59.91135042406573	59.93575609727091	58.362766428495405	3.3922806249726283	58.88777930486178	58.92599984529372	58.942468902446194	58.61354102371002	3.4842589780066233	57.9379613426605	59.92934401363081	59.96647783848219	56.31219789175838	3.990666186725576	54.45129759046142	57.7327364394235	58.8260488624109
5550000	59.548029781648125	3.5390366545552516	59.93043994521077	59.989647941881884	59.999694374923195	58.37151420524999	3.4271753013033135	58.949813511795654	58.96025365783444	58.967952980703714	59.22028729452461	3.71294346574236	59.93958917872783	59.96106473281198	59.9750943868326	58.35309181330186	3.38925764718907	58.876160784746766	58.92474417038233	58.943863260664926	59.17487040298687	3.705231316526707	59.874380210071564	59.90839935229579	59.935047337404725	58.363463372125	3.3938041697900694	58.88822908142085	58.92624006397024	58.942468902446194	58.61471641623496	3.485078476817436	57.93529919877694	59.93434756421321	59.964220439806894	56.315746567461865	3.9878981653696544	54.49637544850534	57.7327364394235	58.82529876808869
5560000	59.54956787675774	3.53931743214104	59.939244109555936	59.991758838234475	59.999810670711426	58.370903692884944	3.4283603083420955	58.94894478280397	58.960095031545066	58.967722763106096	59.21919786807446	3.712635586120619	59.93942232535944	59.95945936652091	59.97322038223132	58.352439575823965	3.3893024726720373	58.876160784746766	58.92501865452492	58.94392146804529	59.17410601439383	3.705090329609732	59.873329952965754	59.906733740627935	59.9347661162129	58.36262106672611	3.394722429279357	58.88852320621987	58.92618806919219	58.942505662995536	58.61713052372878	3.4858359485294437	57.9360150987197	59.93045291332767	59.96390851990885	56.32025877377424	3.9848402661492726	54.49637544850534	57.73616932369569	58.828323302278456
5570000	59.55011921955206	3.539527034195897	59.93984823540768	59.991636963588356	59.999792571696716	58.372325884803814	3.425493076039063	58.95026340202111	58.960171831758345	58.96821579073446	59.22176657417979	3.7130914258049454	59.9418973814392	59.96239092309402	59.97649900646992	58.352632138378105	3.3893143952795968	58.876160784746766	58.92512972501905	58.94405546128918	59.17631888715352	3.7054525271903347	59.87891611570522	59.90934162514182	59.935415247525064	58.36329071598058	3.392950650402862	58.88928276796595	58.92654703978526	58.94256224991557	58.62089606120913	3.4830398100080533	57.933849163765444	59.93275820797832	59.96558126428599	56.32421979481608	3.983108539155482	54.49637544850534	57.73616932369569	58.829280285982506
5580000	59.54875873708321	3.539018626198227	59.93595911430699	59.99196761192847	59.999673172448624	58.37254307180935	3.426939600858206	58.95034786455828	58.961613418958024	58.96876202829108	59.2196225096927	3.7127213868209847	59.94046731023922	59.96074811803528	59.97458379420332	58.35375403488394	3.389205034744063	58.876160784746766	58.92514185020126	58.94410689037004	59.17574027577298	3.7052199530364094	59.87748122674765	59.90872241503101	59.93558164990664	58.36361390925113	3.392974681771988	58.88824821658045	58.926347043756735	58.9426150297911	58.62220457280649	3.4841874743199504	57.93762197127863	59.93218137844295	59.96533364281707	56.32832347412336	3.979873321566225	54.49637544850534	57.743219607289944	58.829280285982506
5590000	59.55063086994411	3.539201931925851	59.936731109908195	59.989882137522585	59.99959052950044	58.3715976368543	3.426008192728474	58.94942789473799	58.960366902081475	58.9676224711548	59.21891230292489	3.712528961206301	59.94021548077234	59.95843051165532	59.973712908619426	58.35462003084948	3.3885956226083684	58.87659340113535	58.92551421528209	58.94410689037004	59.17423633537841	3.7047518834572952	59.876587714511494	59.90606419675518	59.93104385417918	58.36429428800911	3.3912929027685816	58.88824821658045	58.92627675930571	58.94256224991557	58.62628424100466	3.481437887025666	57.93625608747069	59.933430596474494	59.96339183892908	56.3309681337126	3.97918425547524	54.49637544850534	57.75147321455001	58.829280285982506
5600000	59.54601658426256	3.538881727159434	59.92920719978101	59.99216276610582	59.99971332476102	58.37125066599483	3.427871700890671	58.94951834151421	58.96001361672059	58.96787462324732	59.22020942973399	3.712720817092971	59.93984246835791	59.9603805445376	59.97511073962037	58.35453032220096	3.389331219808739	58.87659340113535	58.92562177373848	58.94410689037004	59.176998223340284	3.7052579408994966	59.87719954212537	59.9108377075905	59.93452750175568	58.3642261494156	3.393942269869649	58.888970544892295	58.926347043756735	58.942505662995536	58.625752164779136	3.4826049635696674	57.940346812095726	59.9325726157368	59.96423532749743	56.332622675961474	3.978020907720283	54.49637544850534	57.75147321455001	58.82647087183621
5610000	59.54782433169345	3.5391245040882144	59.93033903041877	59.991067305054116	59.999818805471875	58.371990021194186	3.4266260403477364	58.950598865038444	58.96094403644588	58.968069305762675	59.22101065024167	3.7129074555970436	59.94149517808928	59.960815112876375	59.97519316610256	58.35398323312104	3.3897165576098773	58.87674889212473	58.92599764365529	58.94410689037004	59.17711820781558	3.7052520567408376	59.877242636578764	59.9085874765279	59.936057619701394	58.36348164981582	3.3945102891664063	58.88936764129714	58.92654703978526	58.94256224991557	58.62782393326311	3.4804625179638773	57.9406311283192	59.9330681157646	59.96482367250525	56.33469971785109	3.977303616983706	54.49637544850534	57.75147321455001	58.828323302278456
5620000	59.5441192399946	3.539068952141898	59.92762416914157	59.990158397932	59.99959953389759	58.37228365765375	3.427916430513268	58.95070356608451	58.960412495203826	58.968062064861414	59.22010521065336	3.7127283305601066	59.94034105870099	59.960531394704205	59.97431388001362	58.354763489319815	3.3898172572999257	58.87723140037458	58.926025010611596	58.94428715763018	59.17513104990829	3.704819547359174	59.87520242976265	59.90723395235039	59.93343032744387	58.364478801675894	3.3948579654585838	58.8899181388636	58.92683709374096	58.94268602619589	58.6277840310664	3.4820287255735103	57.93907483830405	59.93507248610448	59.96450252922655	56.337468570237384	3.9768743367527812	54.49637544850534	57.75147321455001	58.82950246691202
5630000	59.55190129078681	3.539928595370145	59.93918071309993	59.99264290755883	59.999746789358404	58.37127797872126	3.4276236559019	58.95027616352344	58.96024993259906	58.96725611367619	59.21868496346161	3.7124321378873684	59.93731888095593	59.95804212246972	59.97413385834805	58.3547155245933	3.3897628298482667	58.87753344101623	58.92603879505285	58.94428715763018	59.174265519351685	3.7046837689806416	59.87401935595342	59.906144719096766	59.93277387667053	58.3637691308899	3.394774684159195	58.8899181388636	58.92678009673914	58.94281055248817	58.62962593959174	3.4814377769943774	57.935992272510916	59.92714044187248	59.96322008462904	56.33936930739069	3.974505747913546	54.511801509550054	57.75669622706988	58.828323302278456
5640000	59.54934012429165	3.53988450906778	59.93312085603182	59.98781712771826	59.99953588860413	58.370785842879975	3.426181861890674	58.94825009849285	58.95987801125813	58.96793323262372	59.22042591250976	3.7127138889397084	59.93953549141858	59.960324250629746	59.97513165785561	58.3554367572243	3.3897355826323428	58.877807064985575	58.92604560257853	58.94432970629907	59.17583023225336	3.704928174041957	59.87635866717068	59.90743519251623	59.93418811518041	58.36507248071142	3.393441923138971	58.890082236056315	58.92701459258227	58.94274508590166	58.63310492487473	3.4798272427734758	57.9397044461255	59.933384878021755	59.964959745923	56.341867513567465	3.973448853863858	54.511801509550054	57.75669622706988	58.828323302278456
5650000	59.54829185331116	3.5392994251802574	59.93290356665568	59.990495462038595	59.999629032005835	58.37151441221014	3.4268915146569983	58.95059996344389	58.96009932103248	58.967540274498624	59.21997074303943	3.7126114402772523	59.94044695800677	59.96050955053708	59.97352415087815	58.35542388887438	3.3887682275614175	58.877807064985575	58.92606364985417	58.944518267086735	59.17568404021398	3.7048177541609886	59.8759957071381	59.90773668412851	59.933955137159025	58.36489128766921	3.3925191383425495	58.89027087869442	58.926939628130285	58.94274508590166	58.63213306803402	3.478575248450226	57.93482455792516	59.93062348223731	59.96287510050635	56.34562845952799	3.9704226240610705	54.511801509550054	57.75669622706988	58.828323302278456
5660000	59.54717048859179	3.538974890459783	59.93008044225631	59.99146007237006	59.99979220911273	58.371875174320536	3.4265600079728347	58.95004191750889	58.95987648697256	58.96803374017318	59.219266969272326	3.712512742171508	59.93794425093982	59.96007053088212	59.974845478322756	58.356412661697746	3.3884277436453143	58.877807064985575	58.92606364985417	58.944518267086735	59.17490259828927	3.7046238224884274	59.87488130832912	59.907259313006286	59.93454316261236	58.36551486925085	3.392480001617048	58.889746165747106	58.927060656012884	58.94292486098835	58.63565434722358	3.478879687023115	57.93776806527754	59.92994970193912	59.96516167404118	56.34856519561544	3.9690945193915623	54.53520828423814	57.75669622706988	58.82651562171491
5670000	59.54741967733642	3.5390576471315414	59.93207824141405	59.99149450480735	59.99981579981516	58.37304684406382	3.425860543428699	58.95057253741829	58.96048300164476	58.9678493424894	59.220186115454275	3.7126068924654776	59.93947697828204	59.961669338266354	59.97545585698359	58.356698078748195	3.389045122536193	58.87838034718597	58.92613470540656	58.94458724106259	59.17717132890117	3.705032876328222	59.87416173301684	59.908837617319875	59.93707769962856	58.36586489243966	3.3927548212407377	58.89027087869442	58.92703459795882	58.942787564821664	58.63741748071704	3.4776332239440393	57.93784972827194	59.9331439217203	59.96493727850738	56.353786633819915	3.964931592072778	54.53520828423814	57.759457218073486	58.82651562171491
5680000	59.54917151387278	3.538861136229034	59.933532323107535	59.99026752634299	59.99965383330348	58.37302820166061	3.425774541335958	58.95011912890987	58.96037544755892	58.96819452644357	59.21925074237798	3.7124556245523763	59.93988016192052	59.960008519657244	59.97278938112449	58.35693422092045	3.3888093686705014	58.878522941440536	58.92613470540656	58.94458724106259	59.175688703123484	3.7047116004256035	59.87621600094828	59.90783285505961	59.933836526466706	58.365738319798034	3.393000605084604	58.892611053356944	58.927128773366825	58.943030758161534	58.63745838987032	3.4770172967630066	57.93893250836877	59.93459792571678	59.96420050617954	56.35740308985447	3.963117787897806	54.564414427228485	57.759457218073486	58.82950246691202
5690000	59.55063256524845	3.5390658533636334	59.937035451867814	59.991062929150225	59.99975347801225	58.373079243030915	3.426336338807433	58.95160851106112	58.96107778731161	58.968410304786595	59.22104225166856	3.7126939777719214	59.94154860942787	59.96058495241243	59.974201297557926	58.35656100304426	3.389148457232123	58.878522941440536	58.92634528611344	58.94463849833822	59.17496020339024	3.7045850145358923	59.87478311333063	59.90683642570596	59.93488085244958	58.36534519185392	3.3929798194480347	58.89275486594987	58.927060656012884	58.942787564821664	58.639378191456316	3.476595290115431	57.939984248587606	59.93152247163553	59.964735189031465	56.36111028877796	3.962107849774568	54.564414427228485	57.759457218073486	58.829280285982506
5700000	59.55144191405446	3.5393549825978963	59.94178448769861	59.99259448811144	59.99979185588103	58.37333878104716	3.4263588196056913	58.95101850641317	58.96176592907679	58.9686233232152	59.2206328605049	3.7126209400632333	59.94212969604986	59.96020701573467	59.975396075748456	58.356461123101184	3.3895544966137634	58.879020698079465	58.92634528611344	58.944661071213034	59.1777494031715	3.7050701156223824	59.87810629260383	59.90970117444641	59.93665367743571	58.365142810308456	3.3935578587116075	58.892611053356944	58.92723055446457	58.942787564821664	58.64367100442005	3.4760197235858654	57.93869378408492	59.93571429120502	59.96303219436995	56.363889218216336	3.961757591155986	54.61821645783811	57.759457218073486	58.82950246691202
5710000	59.54671041828716	3.538603860882162	59.93322958244087	59.98941511394214	59.99964090240846	58.37367637836423	3.4264177998967185	58.9520016521589	58.961141850815494	58.968723657951514	59.22000180675432	3.712504052080828	59.93873182994702	59.95989537375502	59.9746790121442	58.357163832240815	3.3886753696682335	58.87912921170489	58.92643520932733	58.944661071213034	59.17564134403132	3.7046112139793514	59.87580975277881	59.907374749044116	59.93270074352792	58.366263883818746	3.392438424507419	58.892611053356944	58.92733146310651	58.94294210277228	58.646061702964815	3.475886014417541	57.93743526898411	59.931677849850345	59.96577192439233	56.36578206638676	3.9596361806969695	54.64199842034908	57.759457218073486	58.829280285982506
5720000	59.549024038770625	3.539210281092371	59.93808131125286	59.991228250405825	59.999582121087236	58.37200025103333	3.4261619450250125	58.95108831692519	58.960782518361384	58.968198958675245	59.21991868791604	3.7124404251307475	59.94153002909981	59.95912718400554	59.9734460601598	58.356847102895166	3.3897442492223084	58.88024668078471	58.92657418333623	58.94480631517126	59.17507881033991	3.7045122152156567	59.87733976196436	59.90559954797572	59.93241110918649	58.365507200843	3.3949099553996276	58.89308994233374	58.92751616537991	58.943096472734084	58.647307823014195	3.474783344953276	57.935994873300345	59.93148768745047	59.962872794526085	56.36960243587581	3.956504871275008	54.64199842034908	57.76074488619338	58.83028622557349
5730000	59.54419762829341	3.5388237048656968	59.934433167951404	59.98925235143939	59.99971307884382	58.371730571073385	3.4271351540719546	58.95060600124654	58.960889900308565	58.96781049658259	59.218933917770656	3.712214438593295	59.939698804581184	59.9587478349614	59.97403494507807	58.35778551377479	3.389402443410225	58.88170219831224	58.92660421593807	58.94499066424899	59.174310706723894	3.7041683804294845	59.87211311003666	59.90662181641853	59.932567722359465	58.366520882644444	3.39369449988052	58.89329119839825	58.92741683221473	58.94329684239312	58.652197529071735	3.4756213123082693	57.93899188282706	59.9330040298933	59.96482330586963	56.37249122165113	3.954664491473258	54.65076653497162	57.76074488619338	58.82950246691202
5740000	59.54758730719693	3.5393336544446155	59.93497037816646	59.99130648884215	59.99975956289758	58.372071513295204	3.42676068503595	58.950268607720375	58.96080872303912	58.96873836294862	59.22101986071917	3.7126372569664676	59.94292813942453	59.96093057406993	59.974866166903645	58.358532346423374	3.389497280398884	58.88170219831224	58.92664354377065	58.945034054322235	59.17775298829211	3.7046386066401986	59.87867306024107	59.90990821031593	59.935920967463545	58.36707053225831	3.3945572771403465	58.89329119839825	58.92751616537991	58.943445168447305	58.654707003983674	3.476186117773507	57.93882805195147	59.93202212651971	59.96562391341611	56.374039070204	3.953567684128222	54.65076653497162	57.76074488619338	58.83028622557349
5750000	59.54886674517652	3.5379615411804517	59.93351605770993	59.99134406406025	59.999773818711745	58.37137358113221	3.426467051144916	58.95052048529503	58.960344964850265	58.96766026431642	59.220024894229006	3.7124123507375426	59.93947699484099	59.960570303132066	59.974797314465505	58.357339260983224	3.389598417607998	58.88170219831224	58.92667868497441	58.94509463621902	59.177621511427766	3.70454553755987	59.87953501760029	59.90933656004903	59.93421917465904	58.366073107531854	3.394386618516708	58.894880534800436	58.928017295815465	58.94353220575341	58.661231332783274	3.472451466783442	57.93978409443333	59.9326725673501	59.96564977405523	56.37783502315711	3.949889215479859	54.65076653497162	57.76074488619338	58.83028622557349
5760000	59.54926034345709	3.538078580126192	59.936511995796046	59.991571017072275	59.99962157090015	58.37085462134744	3.426447012154451	58.94916097766301	58.96011580138722	58.96836330435286	59.21887021241572	3.7122776825486024	59.93743919714208	59.9584795308367	59.97512355285523	58.357445801506806	3.3892238214689097	58.88170219831224	58.92667868497441	58.94514253875216	59.17648172772411	3.704298492667416	59.875725040057446	59.907730895563596	59.93299559726887	58.36685976631742	3.3926641771975063	58.89545419234267	58.92791712580018	58.94353220575341	58.66238727593957	3.471523918492917	57.94239990110837	59.935622667601805	59.96456342739813	56.38197639259767	3.9468534886954156	54.65076653497162	57.762847546876195	58.83119414037158
5770000	59.548304544872494	3.5381987574081757	59.93287348152492	59.990835055622405	59.9996979945778	58.37043667915477	3.426676681426526	58.94791490254313	58.95951623540175	58.96721299297953	59.218480067263734	3.712098165574905	59.93710003309152	59.95959023956581	59.9737486925133	58.358997903804216	3.3889020497905853	58.88186753676029	58.926754288713155	58.94515788403536	59.17502455193814	3.7039966281078187	59.872453983325826	59.90587506083462	59.933960135838625	58.367643042132705	3.393283348425744	58.89510998247779	58.92791712580018	58.94362078419145	58.663853805369286	3.471620258686216	57.941993099789286	59.934692046591266	59.96416878956527	56.38428162059335	3.9445809604682736	54.65076653497162	57.77165640292877	58.83028622557349
5780000	59.54662473599194	3.53832063934064	59.931461890806574	59.992004217716726	59.99981076427848	58.371020465969316	3.4258098621728412	58.94846948438982	58.95976588637156	58.96738635562379	59.220609823262905	3.7124693085864764	59.938975110248975	59.96110745633334	59.975014419816915	58.35835219299556	3.3897453154868042	58.88170219831224	58.92664354377065	58.94514253875216	59.177242956304696	3.7044192999446404	59.87783705212022	59.908897766610075	59.93328809107217	58.36763083881469	3.3940577467204824	58.895799279545216	58.92870238187636	58.94402320041794	58.666835642945664	3.4701590318360394	57.943468344101206	59.937965775915636	59.96648142003208	56.38735962935992	3.943706349458299	54.65076653497162	57.77165640292877	58.82950246691202
5790000	59.54925053526287	3.5387467231863288	59.93536979196549	59.990686238665305	59.99952051358521	58.37180460458621	3.426017980348719	58.95023673604126	58.95991874627116	58.96773412600915	59.22061186440652	3.7124492659931176	59.940097804984624	59.96028117255043	59.9759586423777	58.35908448964241	3.3891514354384977	58.88186753676029	58.92664354377065	58.945203938084646	59.17728128182389	3.704427639119804	59.87904045208774	59.90814120661125	59.93240405978412	58.367929267523856	3.3922969863878567	58.89510998247779	58.92844082047071	58.9439465641029	58.66700954393271	3.469097622638689	57.940921672133285	59.93724054324528	59.96520449300051	56.38900401476065	3.9436463136286046	54.65076653497162	57.77165640292877	58.83028622557349
5800000	59.55218588177901	3.5387442565419196	59.93707198501182	59.99369218031609	59.99978839499565	58.3714379986266	3.4259145858770768	58.950610596937395	58.96036282924885	58.96770936478964	59.2209137953612	3.7124436391921427	59.94206284066219	59.96183401345022	59.9758770522234	58.35821162701367	3.3899141281597718	58.88198457234986	58.92685569995493	58.94538256779042	59.178061207210575	3.704551893327845	59.87928332513244	59.910417185767876	59.93604439082135	58.36704657176725	3.3940219492341854	58.89600702519873	58.92870238187636	58.94413925696839	58.669891314537686	3.4683266141837166	57.9410847688369	59.93667849433396	59.9663983341052	56.39150216562112	3.942086446504272	54.652855642532515	57.79025325751558	58.83119414037158
5810000	59.54798955224931	3.5387634157789605	59.93982126351698	59.991639198047096	59.99971266375516	58.37045187802966	3.425193239126098	58.94899332751804	58.960047984850675	58.96812018539991	59.22154687081375	3.7120196182259857	59.940296876034786	59.959330501513875	59.973919288877696	58.35896290634547	3.389935245632902	58.88379221539433	58.92720786006147	58.94538256779042	59.175861565367654	3.7040956091950132	59.87599406343037	59.907493053422954	59.9333959721089	58.36787968032936	3.3941487034454596	58.89611725514988	58.928738169608906	58.94413925696839	58.66932541751998	3.467345778837804	57.93830621751053	59.932678232911705	59.965133868744815	56.392929885384454	3.9411677863046255	54.661392348560014	57.79025325751558	58.83458591718569
5820000	59.54958835660717	3.5394019397339544	59.9395425817641	59.991296146203155	59.99979626639222	58.37383367466126	3.4263751696098406	58.950985856240536	58.96054582213764	58.96829509613013	59.22490536647491	3.712514624975035	59.94493423724071	59.96280790130811	59.975164150350714	58.36001683722038	3.389318940519148	58.884034156972255	58.9273620355676	58.94549573528006	59.17895304040238	3.7046257039065855	59.88017830340049	59.91232342806335	59.936818247088986	58.369164149595036	3.393377389882808	58.89600702519873	58.928738169608906	58.94420240863998	58.671798238931295	3.4691754424016867	57.94074169864153	59.93748437624825	59.96547313240446	56.39470366782276	3.9416072023656605	54.661392348560014	57.810748356085455	58.83458591718569
5830000	59.55052278757847	3.5390091715449663	59.938768253047016	59.99306255948255	59.99982016636767	58.375185519831945	3.426707587619637	58.95124436293004	58.96128045488324	58.96849410366469	59.22314669342628	3.7122804736370374	59.94157574012273	59.961531340251994	59.97533409822107	58.35991857642351	3.389160936373907	58.884112565725665	58.9273620355676	58.94549573528006	59.17765728877471	3.7043362992671955	59.87908026197009	59.909336845463116	59.93487074222013	58.36893432598627	3.3927661633222783	58.89600702519873	58.928738169608906	58.94431431148074	58.67321664035937	3.4685097711368607	57.941076545836395	59.93653598562473	59.965078681260394	56.39655625050854	3.939736753872405	54.661392348560014	57.810748356085455	58.83036064616224
5840000	59.552987629505964	3.5391672709921065	59.94055902532916	59.991841731081266	59.99975030873115	58.37375856795842	3.426417232087056	58.94978951815842	58.96136036884709	58.96747522633316	59.22212281309011	3.7119865673839767	59.94185308668486	59.96029966375643	59.97351531009682	58.35995196926486	3.388460683582861	58.88445037976263	58.92745694448854	58.94549573528006	59.17678105774761	3.7041306264870997	59.8770877631961	59.908169262970574	59.93459462909549	58.36848942877933	3.3924143305809844	58.89569299869001	58.92880757013505	58.94432483157824	58.674880496445866	3.4675962567693106	57.939315219246176	59.935354843089954	59.965594076749625	56.39765518319933	3.938864179137426	54.661392348560014	57.82071874364227	58.83036064616224
5850000	59.55005053318523	3.5395376417906017	59.93793968707511	59.992611209360064	59.99977444528594	58.37390893157816	3.4256083174645777	58.9500556240242	58.96008312513406	58.96765996273212	59.22171484510628	3.711937393962349	59.940741434927844	59.96060340688063	59.97414480395728	58.35966419877178	3.389614911328762	58.88445037976263	58.92789435485311	58.94557621362468	59.17667944828342	3.704098129860142	59.876726428804744	59.9066027381777	59.93497243181511	58.368893462864925	3.3934119158447835	58.89611725514988	58.92891084647014	58.94436886629535	58.67836413076296	3.4659542656357347	57.937891446888436	59.9320104961711	59.964234979236	56.402158351007735	3.936010235473679	54.67470492848652	57.82476331617565	58.83219761909943
5860000	59.54901345911005	3.5374365359040367	59.93510596261466	59.99040768696702	59.999793290246785	58.37323009032514	3.425274522285724	58.95135817165249	58.960719608825556	58.96745864971415	59.22343855194081	3.712184071657958	59.94218682893356	59.96146333252872	59.97558736892052	58.35942393818826	3.389686541625283	58.88445037976263	58.92814484934057	58.94557621362468	59.17656612883362	3.7039796296754117	59.87472342167966	59.90873036215284	59.93488109810432	58.367941739140626	3.393040491028254	58.89600702519873	58.929093696948755	58.9444639621699	58.681967445005355	3.465904024266716	57.942493970900586	59.937892485714876	59.96647127414199	56.403989777041275	3.9349315227577404	54.67850526419769	57.82540025573142	58.829280285982506
5870000	59.54896498717501	3.5356477491620826	59.93582751237108	59.98966240709059	59.99968608341465	58.373879791999364	3.4261126592854283	58.95024230534794	58.96092830377525	58.96880019786801	59.22301433785312	3.712088761813451	59.939922610828404	59.96084474724278	59.97605171449755	58.361273216627154	3.3895326628271136	58.885338919884546	58.928182368842954	58.94578544727402	59.175896531990894	3.703709022863363	59.872738706242785	59.90605305938436	59.93321786008791	58.370310777740364	3.3939134486539784	58.896284786315576	58.92936121049482	58.944617933519496	58.68489516688715	3.4669114467716926	57.944072929050456	59.93831346432452	59.96514957339855	56.40712253021046	3.9338260636720843	54.68356002462003	57.827255534832375	58.828323302278456
5880000	59.54530009296767	3.5366959369544784	59.92244288938449	59.99130729202935	59.99971868347488	58.374293870019144	3.426664187031844	58.94899286201684	58.96112229852939	58.96831731969114	59.22391261701125	3.712162636513952	59.94174741717751	59.96086396318874	59.975001004626925	58.3613939888162	3.3892358031222014	58.885338919884546	58.92858926462642	58.94588265320698	59.176214613887495	3.703777635380377	59.8735089434829	59.90764663607123	59.932834660285344	58.370378653126735	3.394414350621055	58.89667706176246	58.92956794964074	58.944707629349395	58.68562408015384	3.466994145491671	57.94147332076763	59.93541481195541	59.96402235390007	56.41159605090893	3.932423225400903	54.68356002462003	57.827255534832375	58.83219761909943
5890000	59.546782323846166	3.5379268217185156	59.9245114881995	59.99189778256771	59.99977534366998	58.37284097241729	3.425902915072657	58.94833430667741	58.96028980984701	58.96763538590813	59.22205233146124	3.711814936119256	59.94000975670676	59.959487123064946	59.973908985572336	58.36111183356493	3.3900833222411655	58.88475129838108	58.928969387135595	58.94588265320698	59.17657435060855	3.703711594386296	59.8759376988782	59.907072939854956	59.93268974960112	58.37004486969345	3.394487951484555	58.896117965133044	58.92963050266828	58.94469026740358	58.68581887448317	3.4649303117272456	57.94333123362767	59.93626358792443	59.964550605393455	56.41838113342213	3.9272413691475268	54.720775361379225	57.82850159197763	58.83219761909943
5900000	59.54993692476363	3.5390576846388897	59.94180767804308	59.99215096356649	59.999710755015876	58.37381939094717	3.426465270116367	58.949028735297794	58.96028747548467	58.96839523833165	59.22380489297516	3.7121498266784783	59.94124777302437	59.962262971497516	59.97579492753728	58.361164003712446	3.3900531438091392	58.88475129838108	58.92904791349636	58.94638537616542	59.17881084376017	3.704172819059142	59.876763264867385	59.910443087749194	59.935913405899505	58.37024357947221	3.395196273382065	58.89697435759784	58.92984478508337	58.944707629349395	58.689119963188084	3.4644939814447304	57.94243772696453	59.93932713941153	59.965463842571864	56.42191938621535	3.9253739526787217	54.720775361379225	57.82850159197763	58.83219761909943
5910000	59.551065174351336	3.5393209280565205	59.933359010494804	59.990315608176196	59.99966432568354	58.37468166662992	3.4263793437485663	58.95111382726957	58.96088536525762	58.968454122039404	59.22275491338482	3.7119733525641156	59.940639973348766	59.960927945270456	59.97417637412153	58.36079246285371	3.389752048416087	58.88566877599593	58.92904791349636	58.946512232427	59.17588391056605	3.703521040981703	59.87609785434038	59.906746349378295	59.933128340165915	58.370081818498306	3.3940909301680064	58.89799510342249	58.92984478508337	58.944707629349395	58.68712927101432	3.462814656605296	57.943465810653635	59.93265077998369	59.962551210365646	56.42547456087132	3.9236550570933644	54.720775361379225	57.82850159197763	58.83458591718569
5920000	59.54712473674231	3.5392129391754983	59.93685150157974	59.99142783428748	59.999781524504314	58.373880670679284	3.425816380616367	58.95057757930353	58.9612174313563	58.96890215441457	59.222595412308245	3.7118939641751325	59.940247686427725	59.9605219584703	59.97532500626346	58.36182458875159	3.3889624033105137	58.88566877599593	58.929170914385224	58.946512232427	59.17775883737777	3.703820975177798	59.87853605788001	59.90733220141777	59.93470942060739	58.37109461931125	3.3923987128206408	58.89783967388855	58.92998730608713	58.94490256652036	58.68900568498802	3.463720875536393	57.94160034334922	59.93933558619066	59.96575290760242	56.428138339843024	3.922584299059076	54.738419285649236	57.82850159197763	58.83458591718569
5930000	59.55093321692811	3.5382957480085353	59.94286675436796	59.99199555675128	59.99981604374639	58.374859631436216	3.4274656605460767	58.95074634619292	58.961437587185515	58.96833143075397	59.223565110311554	3.7120493413049065	59.94302244124523	59.960410260693095	59.974240305118634	58.3624785709007	3.3895593529229626	58.88566877599593	58.929170914385224	58.94666486584903	59.17822168541684	3.7037575416969797	59.876358161667156	59.9094856268675	59.93434004944137	58.37140465603653	3.394701030439404	58.89799510342249	58.930096670039376	58.94496697751369	58.69080965280525	3.4664196797722324	57.9405451438147	59.93472475588405	59.965252316069666	56.43279851883553	3.9192644645591384	54.82278585282651	57.82850159197763	58.83219761909943
5940000	59.54757166170448	3.5384187442907393	59.92875907595508	59.989944196964416	59.999596838936604	58.37372716273361	3.4260664637737626	58.94991428717452	58.96002498341227	58.96763056805925	59.22125602214153	3.7116155155550437	59.93961163589588	59.95933244660185	59.97331093574111	58.36167842981854	3.389677900703063	58.88583900208273	58.9294617429548	58.94666486584903	59.17705067743767	3.70347735400838	59.873574485862115	59.90741898352604	59.93246342165608	58.37012754787755	3.393536809184299	58.898350042910025	58.92998730608713	58.94496697751369	58.69077653248434	3.4621483742399533	57.9437710052041	59.93487147512273	59.964662845622414	56.434231985349	3.9182393926393675	54.82278585282651	57.82850159197763	58.83458591718569
5950000	59.55092508548566	3.5389557061031547	59.94136766613459	59.99183024747222	59.999752311197334	58.372924133216394	3.425601766904743	58.94804027077915	58.96049466259201	58.9681918103947	59.222573757902246	3.7118410516448415	59.93928020584163	59.95931444747522	59.9745572057495	58.36265491449684	3.3897815652132794	58.88583900208273	58.92976116148344	58.94666486584903	59.17884680832449	3.7037836485593996	59.87621986438067	59.908403690188635	59.93499540538171	58.37034118724298	3.393491468494465	58.89783967388855	58.92998730608713	58.94518592079792	58.69286323957968	3.461662046716981	57.94208112994779	59.93645884483456	59.96539927821633	56.43758563199463	3.916820277225026	54.82278585282651	57.82850159197763	58.83219761909943
5960000	59.55048872734314	3.5388621819211568	59.93835500698227	59.994437907743304	59.99986669784193	58.373099169575625	3.4256725716529566	58.949013301677944	58.96011434629407	58.96826141304541	59.2234324760547	3.7119895919953403	59.941758823916835	59.95987567003627	59.975356488804024	58.36265764306384	3.389676769773636	58.88593233452472	58.93017702812221	58.94666486584903	59.179485617232785	3.7038697385337103	59.87673359506249	59.91013691373785	59.93744003381762	58.37047195926564	3.392971403247141	58.898350042910025	58.930127959437776	58.94516853042612	58.69703144860297	3.462170881623958	57.94059438639535	59.938724061099244	59.96587430320227	56.44268980875425	3.9145462536677305	54.833172188310144	57.82850159197763	58.83458591718569
5970000	59.548443621424944	3.538733824045556	59.934985531761214	59.98858003037435	59.999616703169124	58.37329670920882	3.4263408930840806	58.94924919433633	58.960288521919914	58.96812697613117	59.22151415600238	3.711642352418253	59.93984772614692	59.959216832329695	59.97365030290354	58.36290841612718	3.3892991399091037	58.88610492719189	58.9303268372764	58.94678795062373	59.17859311287513	3.7036864579119757	59.8767433480883	59.90949622344955	59.934006446629645	58.37023515505729	3.3931073607719062	58.898350042910025	58.9304368284558	58.945264451780915	58.70074131975597	3.46125505792867	57.939360347709034	59.93802339441956	59.965651289430554	56.44560831715289	3.913621658583682	54.833172188310144	57.83615042788915	58.834817809862386
5980000	59.54596148481418	3.5388075289916006	59.925531574938525	59.99105929342406	59.99972164136189	58.37408357670702	3.4264470447146276	58.94970067689262	58.96072473139658	58.967831767340826	59.22194617896768	3.7115934887793203	59.94020709890174	59.960071949806675	59.97441533502357	58.36415493772001	3.3896998737202777	58.88610492719189	58.93044489632092	58.94678795062373	59.17950647691508	3.703849484522821	59.878107555468894	59.910458423418774	59.933375401076084	58.371385644572946	3.3942010499705892	58.89865439623945	58.930649366283774	58.945298685039276	58.703733041541994	3.4610105881828437	57.943079496798916	59.938938348764665	59.965603679587986	56.44694713631963	3.9124408792840906	54.833172188310144	57.83615042788915	58.835008814457424
5990000	59.54882322949747	3.539357396664631	59.936526224423986	59.989937620354056	59.999726874511616	58.373091073285	3.42435136424259	58.949234708926056	58.96046108147515	58.96810869425638	59.223671432044426	3.7119492810658317	59.94060469744132	59.96161503749149	59.97508270080155	58.363766759610414	3.3895940057106713	58.886425635859645	58.93044489632092	58.94680931026937	59.17767021931237	3.7034543568234284	59.8749453599109	59.90826976467898	59.93373821706787	58.37107348181775	3.3940663210581747	58.89865439623945	58.93071815370537	58.945264451780915	58.70286918925753	3.4590106067639277	57.94375247553599	59.9351777990913	59.96576213332933	56.45050473359268	3.911067387843014	54.85124725099358	57.83615042788915	58.83458591718569
6000000	59.551581789164466	3.539275237061485	59.93812463871983	59.99164017365369	59.999838328634084	58.37446821673308	3.4262720281651013	58.950984740035615	58.9606435526143	58.968216737186346	59.22241341218944	3.711691927445558	59.93986038611517	59.96050886236822	59.974452130654726	58.36445409074105	3.38973126137113	58.886425635859645	58.93054829726761	58.946727946021014	59.17768522128583	3.7034229579377747	59.87218149949077	59.908692724294255	59.93396726636742	58.371610088338144	3.393042156902174	58.90026062795212	58.930863584380475	58.94534101170077	58.70524313771774	3.4606360090138777	57.94498102041382	59.93863669060157	59.96550984939874	56.45310235778386	3.909003233196647	54.85124725099358	57.83619617647197	58.83458591718569
6010000	59.54827308987319	3.539503110091692	59.93719871516443	59.992938482637385	59.999773540597126	58.37410033482263	3.424328626650516	58.9501308013966	58.96009070129423	58.96814385467299	59.22198643187533	3.7115942357013805	59.94028703435237	59.959159031255496	59.973641010262334	58.36482404320393	3.3894082754909123	58.886593028474806	58.93056141524894	58.94677785414825	59.178551684436655	3.7034001904327964	59.87232492325758	59.90772113601365	59.93428844413772	58.37189811434299	3.3929822217231527	58.89837326551296	58.930761243312524	58.945368549069315	58.70770877307131	3.4588124623362453	57.9426969998644	59.9375116403731	59.96494657509084	56.4568946835582	3.9073513571197167	54.87057886243582	57.84642127739298	58.83458591718569
6020000	59.54620212283785	3.538972087499064	59.9268112028968	59.99165018076616	59.99971509888557	58.37423686845022	3.424363831767285	58.94958467173136	58.96059591360492	58.96805652104681	59.22254051231713	3.711608209904764	59.94052808761613	59.96066932261097	59.974637841412495	58.364789118470156	3.3891645889820383	58.8866143954968	58.9306024191592	58.94686385706073	59.1807228497905	3.703748821174953	59.87670414534334	59.9099232395446	59.93519580097864	58.37216179879286	3.3922911571756584	58.90044346402302	58.93082309015077	58.94563382051147	58.71164668658934	3.4588361842326387	57.94580345981895	59.94021918118007	59.96570648073178	56.46033975949462	3.9070961552399157	54.87057886243582	57.85084985015666	58.83585008174962
6030000	59.54820485085291	3.5389095746976036	59.93765068067407	59.99168089881405	59.99973731582323	58.37369092607049	3.4247358611805594	58.94958138678159	58.96028754848345	58.9679767315057	59.223245610937624	3.711585549055472	59.94176815480559	59.960242503540734	59.974999808196216	58.36453010152073	3.38904885351395	58.88667334722458	58.9306024191592	58.94686385706073	59.17995038593595	3.7033580208407555	59.87529386852373	59.90909878544382	59.93458859800501	58.37156238967364	3.3917520660553735	58.90044346402302	58.930863584380475	58.94566891017993	58.71098363518705	3.4576743913015258	57.944684002754784	59.93442100497977	59.9656674010739	56.46279522519599	3.9063630573590906	54.89365134878386	57.85836673580014	58.83615777402218
6040000	59.54809419713434	3.5385386613150858	59.92999511953699	59.99067496338297	59.99975257563608	58.37438466656355	3.427258703053018	58.95013563545454	58.960680803839516	58.96810836135943	59.22399911614702	3.7117822118091306	59.94273041541412	59.960910226729254	59.975242238104904	58.365603472750614	3.3894267182381186	58.886858858742265	58.93070220846599	58.94700258065995	59.18174482424756	3.703591342228847	59.876826155893156	59.909487575426866	59.93580869684093	58.37194949237658	3.3936243261559804	58.90131810020087	58.93103816173227	58.94578916245344	58.71364415230392	3.4593144046494975	57.94771021030215	59.936970709870906	59.96638037631676	56.466251641402295	3.9045303534929956	54.89365134878386	57.86234128640815	58.83585008174962
6050000	59.54981787713883	3.5387352292525356	59.93690010404692	59.99215859032108	59.99969661127857	58.37472673885578	3.4249572815188487	58.9504462306797	58.960333728962155	58.96784951639552	59.222829954220394	3.711487664268395	59.940839876068424	59.959664876918055	59.97443128814976	58.365304669322775	3.389679419745478	58.88718876668396	58.93102770473106	58.9471544505854	59.179712580885955	3.7031701302707543	59.875379677187816	59.90783368436327	59.932397943388054	58.3716102662185	3.394144918600835	58.90154940261081	58.93128818879008	58.9461992571793	58.716023304393886	3.4554367737545966	57.942773569559556	59.939120592439664	59.96551082487064	56.47016930414058	3.9021474203249267	54.89365134878386	57.86234128640815	58.837300600264705
6060000	59.5506498540645	3.5389942155616447	59.936938364750866	59.99160569242461	59.999581648613365	58.37574093594613	3.426131083502602	58.95158064541008	58.96086764197385	58.967964434128874	59.22300087281319	3.711551002626669	59.94065389940178	59.95908527862754	59.97507458712018	58.36628420845236	3.389341736315854	58.8876766132939	58.93102770473106	58.9471544505854	59.18126911855079	3.703443282513753	59.87736348685346	59.908182082943924	59.9343089772635	58.37274313364731	3.393513890289132	58.90169087898901	58.93144417930782	58.94582992402182	58.71863035931407	3.4562368525904708	57.94467467518289	59.93878156586213	59.96459936709366	56.47285884855607	3.9004446821124477	54.89365134878386	57.874434583832254	58.835008814457424
6070000	59.547764178025886	3.5387434209777293	59.932789088244704	59.990235082509855	59.99981369345211	58.374448963864346	3.425809268885207	58.94929893468873	58.96046053213466	58.968629020967946	59.222790676104864	3.7114873915522093	59.94125123816675	59.96004044304003	59.9736382610193	58.365579657759156	3.3894436564744184	58.887813416105466	58.93102770473106	58.94745216237615	59.18077678445633	3.703310459921023	59.87622339562091	59.90890351138998	59.9339412545591	58.372605046632685	3.3931867092329804	58.902021539000216	58.93152270621745	58.94598466049659	58.720662744685455	3.4567126451284733	57.943703267407585	59.93954029765863	59.965447850033904	56.47503071248465	3.900057983150704	54.89365134878386	57.874434583832254	58.83615777402218
6080000	59.55003065729817	3.539048251511895	59.93987718104711	59.99188976702558	59.99967490270639	58.37331578171071	3.4256729312942538	58.94959248099608	58.96063972172783	58.96838304202958	59.22217050242301	3.711367358175673	59.93978293703823	59.95931217246104	59.97376514149968	58.36658436573466	3.3895535769248353	58.887967137261285	58.93109873957952	58.94727857433786	59.18012624852852	3.7031480758744033	59.87498630218613	59.90629029602401	59.9329459118725	58.373524183754895	3.393337218589993	58.90260254686331	58.93177011755863	58.94627572202504	58.724073463075435	3.4557273657571717	57.94687008753614	59.93878364712583	59.96531905185041	56.475434935111664	3.898062024554698	54.89365134878386	57.87862926120824	58.8314469925435
6090000	59.546553248435025	3.5384655521554276	59.93239655691523	59.99101327297815	59.99971919788308	58.3735514367369	3.4272422544231107	58.950220921762686	58.96044256270011	58.96809555794907	59.223669816517365	3.7116412746603236	59.94310426630611	59.96053723026934	59.97392407086293	58.36567887710832	3.389965316808877	58.887967137261285	58.93122905271673	58.947618974151965	59.17988191932401	3.7031124241732822	59.876576629079494	59.90606147889234	59.933529602833175	58.372721611587686	3.3936427268335665	58.90248998117808	58.93185296954754	58.946579634043985	58.723129447687796	3.455152282461723	57.943231757851436	59.93615110242989	59.96456027976881	56.48095983946146	3.896209146600958	54.89828255152969	57.87862926120824	58.83615777402218
6100000	59.54738576743435	3.538712593231244	59.9301390450895	59.99134331230107	59.99966382310026	58.3744196683585	3.427527280493238	58.95105754613995	58.96089006640861	58.968188238743515	59.22319780203687	3.71153684354168	59.94121730966221	59.96061530760639	59.974156520707	58.36580351747145	3.389585346442788	58.888648895631746	58.931273797480465	58.94746498582312	59.180806144938096	3.703260453683615	59.877725243321365	59.90767474968145	59.93305962752839	58.37270548194015	3.394165141364627	58.90293487951348	58.93198110894415	58.946606673442645	58.72443857401986	3.454796678920738	57.943202639371016	59.935692478742794	59.96483650420785	56.48478520833859	3.8940875700563202	54.89931857195605	57.87862926120824	58.837300600264705
6110000	59.55161341487482	3.539272605635371	59.942715463351206	59.99288840193803	59.999805941973406	58.37306436500018	3.4276724098061675	58.950399620643	58.9607982264952	58.96805996873998	59.222050138943864	3.7112854594712474	59.94037806566821	59.9596598355793	59.97339499795231	58.36644330000426	3.3907129468853294	58.888648895631746	58.93150649623197	58.947717454285495	59.181628257137575	3.7034123807581234	59.876121419574055	59.909367155028434	59.936800799572964	58.37331220173837	3.3949722888077054	58.90253203246819	58.93198110894415	58.94686381776289	58.727126859137044	3.4547547495625444	57.945149322059905	59.93742929980266	59.964726807711784	56.48507551654724	3.893641581439592	54.89931857195605	57.88027238952822	58.83615777402218
6120000	59.549571759578065	3.539099669890994	59.935082633193026	59.9910120261835	59.99967876031738	58.372933286028186	3.42577534315871	58.94983129825888	58.96080487011454	58.967908012717956	59.222894351485664	3.711478867261393	59.939532699759916	59.96092283949645	59.97592020973429	58.36762767071474	3.3896676667326417	58.888648895631746	58.93168690368948	58.947717454285495	59.1813417265854	3.7033418611670186	59.8747804757609	59.90850154464073	59.93318533438397	58.37398174386858	3.3936288091589337	58.90293487951348	58.93199763880398	58.94688664741753	58.730695931911896	3.4540856612241826	57.94736216876218	59.93958674117239	59.96496160991712	56.49024309145614	3.8917582875129466	54.89931857195605	57.88027238952822	58.83585008174962
6130000	59.55018633938764	3.53954411350466	59.94476184476678	59.992313523335135	59.999832488973304	58.37278914619274	3.42548862344838	58.94911137644594	58.96074310582613	58.96833431836488	59.22470392305994	3.7117283197962667	59.94172985428007	59.96135072789387	59.97646704877552	58.36779280044082	3.389248376399673	58.889357387648516	58.931741872442096	58.94765787868585	59.18149512899691	3.7033491927000886	59.87807431156496	59.90733451619636	59.934790270562345	58.37443320986088	3.3933107001821203	58.90293487951348	58.93210232101443	58.94688664741753	58.73076799890807	3.452874673745633	57.949865211704754	59.937725891204295	59.96587420999481	56.49334728599694	3.8910804628845352	54.89931857195605	57.89223627944348	58.837300600264705
6140000	59.549622526093096	3.5394587530371426	59.93750817245109	59.99166812620824	59.99980780101508	58.374370686773304	3.426601288787598	58.951010157454064	58.960837489359456	58.968050725907005	59.22238250906967	3.71130668457914	59.940947949107276	59.961096416202494	59.97421474306362	58.367054565419906	3.389734756682295	58.89031272683934	58.931741872442096	58.94765787868585	59.179501010346364	3.7029426774351313	59.871330379162494	59.90729497429573	59.933006636922364	58.3740420537326	3.3931734341868616	58.90293487951348	58.93210232101443	58.946985293024326	58.733921561326454	3.4531155774427353	57.9482430107857	59.93915345238311	59.9624194538484	56.4970693597168	3.8882833150854985	54.912840157665244	57.90015802434995	58.838052813754345
6150000	59.54854333602932	3.539337791883491	59.93715044778269	59.990698967280906	59.99976616659164	58.374232321927906	3.4264585108978607	58.95041558985602	58.96057887591509	58.96819813096969	59.223757256869845	3.7115769977157123	59.94070426752868	59.9609351768155	59.97533073203833	58.36732439833791	3.389967506321786	58.89031272683934	58.931741872442096	58.94765787868585	59.18155129558134	3.7032705719318155	59.87582134123918	59.908888098832335	59.935920896564255	58.37443742916178	3.393247924150197	58.90371681244255	58.93231599649259	58.947156379325065	58.73668020449298	3.454595886708985	57.94894862216246	59.93925325840685	59.96482145670562	56.50133121002564	3.8848524824214135	54.912840157665244	57.905917767282645	58.837300600264705
6160000	59.5480766031847	3.5391393925241914	59.93766430987367	59.99276846441825	59.9997762865516	58.3751434449082	3.4259543183417227	58.95144933334065	58.96119785796445	58.96886521107544	59.22364526080643	3.711550235036456	59.9404642425066	59.96160663374668	59.97511475765485	58.36802438236208	3.3896973310391902	58.89031272683934	58.93182315441159	58.947717454285495	59.18170411205081	3.703279033753308	59.8762957289352	59.90958002050634	59.9353661005284	58.3747255728257	3.3932058623510435	58.90437391335777	58.932268898302276	58.947156379325065	58.7408835840327	3.452240058330445	57.9512494881074	59.937858150555485	59.96427493238889	56.50474144274397	3.8820205322143986	54.912840157665244	57.905917767282645	58.83585008174962
6170000	59.54733668979868	3.5388736886779837	59.9309774492708	59.99090460586693	59.99965870997121	58.372387508258655	3.429109887915911	58.949792832345445	58.96091962650394	58.96859557162052	59.22322403049873	3.7114245090603366	59.94192470688779	59.96051525480104	59.974457613725235	58.36778190215578	3.3908922253127693	58.890428039683584	58.93197447690895	58.94765787868585	59.182092973012935	3.7033177191281514	59.876356991512985	59.90994663064734	59.93477360107741	58.3743155902452	3.395553485663745	58.90437391335777	58.932364356358335	58.94721447790215	58.73925019639996	3.454760881175285	57.94991732856603	59.93809761716679	59.96520512623342	56.50769248195105	3.8808346731007304	54.912840157665244	57.905917767282645	58.83585008174962
6180000	59.54848333264326	3.5388556766218993	59.935462597055874	59.99035269648246	59.99971906395563	58.37340799334895	3.4264489283322317	58.9498343975169	58.960835033960564	58.968171768572404	59.22256456764303	3.7112691798076622	59.94012227451406	59.960448043477804	59.97486455887136	58.368873067439914	3.3903638875955133	58.89058522196456	58.932229093440895	58.94765787868585	59.18065087106893	3.703032679127439	59.87586733396711	59.90680407913496	59.9336491986159	58.37594975852396	3.394523014311962	58.90437391335777	58.93242451918661	58.947156379325065	58.74399459749929	3.452021829944955	57.95023868231185	59.939780047712674	59.96625318391659	56.51183869565007	3.878876733400338	54.941791953239196	57.905917767282645	58.835008814457424
6190000	59.552395012763924	3.539472556902718	59.94188729330871	59.99254860270766	59.99984810516227	58.37258409716512	3.4266162645085196	58.94934717430148	58.959872802289595	58.96772074778677	59.22335263321217	3.7114509044273016	59.94100184840241	59.96169750833219	59.97508506499091	58.3686783610119	3.389718471591557	58.89084533372453	58.932229093440895	58.94765787868585	59.18156275957395	3.7031503057476063	59.87805135159397	59.908641419150406	59.93511576245467	58.37476548499515	3.394095908227076	58.90324539541515	58.932428315184794	58.947156379325065	58.743803297053624	3.4524153536311655	57.94478264038199	59.9389816633025	59.96582110366134	56.51448679102464	3.8790915491555387	54.941791953239196	57.905917767282645	58.837300600264705
6200000	59.5469781894701	3.538685892292084	59.92636401595687	59.990695774457635	59.99971928372505	58.37382436743508	3.427168415220595	58.95041557077084	58.96069448485842	58.96790159560318	59.22315402347138	3.711381461441872	59.94138042641876	59.96077912147091	59.97427772140671	58.369676691118336	3.38861259332689	58.89084533372453	58.932559521295985	58.94765787868585	59.18091413077375	3.703032194466596	59.87571033058474	59.90753372387637	59.93710035090214	58.37623900529954	3.392661142828	58.90392908097553	58.93247400672264	58.94728638889143	58.74671452044034	3.4515055594327495	57.94731911995208	59.939269140986646	59.96604969722939	56.51687210459922	3.8774068162282176	54.941791953239196	57.91407406676208	58.83615777402218
6210000	59.545729258367366	3.5387693189961578	59.92846772301176	59.98975376666791	59.9997107472903	58.37462352347701	3.4254832218620828	58.9510259161364	58.96015078019357	58.967876112536274	59.22425461121812	3.711544468137443	59.941219363215254	59.96107455070619	59.97516430706945	58.36877307750323	3.3895952685350452	58.89140597653122	58.93268936087583	58.9478479978344	59.181527168876386	3.703141409316748	59.87835451021487	59.91036603158226	59.93575566074853	58.37545517023268	3.3933712730556245	58.90392908097553	58.93276399666438	58.947485477616766	58.75093455679998	3.4502794384447086	57.94803791126149	59.94155264364942	59.96620551316843	56.51893219203363	3.875906320150805	54.941791953239196	57.91407406676208	58.835008814457424
6220000	59.54801981734006	3.5391241999955967	59.934058584498494	59.99015339128955	59.999687361100065	58.37360626464851	3.4268530789504217	58.94979441979043	58.96046838668344	58.96854496171106	59.22353241621364	3.7114163730131993	59.93926574427028	59.96037414994253	59.97529496509666	58.36923914267178	3.390284755523585	58.892763815559306	58.93268936087583	58.947962287546815	59.183325379713814	3.7034349678103284	59.88056485660799	59.91030441130761	59.93455411813308	58.37596259958514	3.394476525972449	58.9031871476913	58.93315885412047	58.94728638889143	58.75200811495441	3.4513563608357236	57.9483766645978	59.93873299694595	59.96338176764833	56.522863987221434	3.87398763879387	55.05169196490081	57.91407406676208	58.83585008174962
6230000	59.54925947301154	3.53957155991236	59.93625562536086	59.99199584263683	59.999851395374115	58.373880643564604	3.427112873178642	58.95088053294346	58.960649974330025	58.968695699065364	59.225117684121095	3.711701475144755	59.94161073287279	59.96268087844432	59.97749775954861	58.369882352258784	3.3897705777228317	58.892763815559306	58.93275201416173	58.947962287546815	59.1843144130276	3.703646134169348	59.87916082491665	59.91164194688232	59.93903281192105	58.37661028024952	3.393091106440055	58.90324539541515	58.933417137608316	58.94754354123792	58.753386946940864	3.4512888368815045	57.95359601776635	59.94035875156631	59.966831674875884	56.524864858343115	3.873063902024117	55.100390988209845	57.91407406676208	58.837300600264705
6240000	59.55123998427084	3.539561082263134	59.941322539706775	59.99210828588569	59.99982192686505	58.37452014511236	3.42553266715696	58.950565480292894	58.96137925266002	58.96876713048578	59.22308314596364	3.711286129647606	59.939224674300064	59.96081498006433	59.975779914528935	58.370455003947185	3.390124141231212	58.89328781219699	58.932813105531864	58.948398887255465	59.179996288897534	3.702765257515764	59.877214681849786	59.90565730487133	59.932385739326094	58.376631888005164	3.3931480590344716	58.90293487951348	58.933417137608316	58.94754354123792	58.753075035502796	3.449324290992609	57.94777497006493	59.93913549479658	59.9655749725411	56.52704661677035	3.8730690142584745	55.10872227556885	57.938474783855526	58.83615777402218
6250000	59.54956671198511	3.5394042345370544	59.94346243306369	59.99111282163393	59.99972010956792	58.37286177220437	3.4270070171152134	58.95036787366542	58.96069621299155	58.96818104404439	59.22352833408198	3.71125564303552	59.94163098415862	59.96082924317742	59.97488261033594	58.370018678583946	3.389492951368909	58.893321017623656	58.932948716893826	58.948295071621274	59.18115579229472	3.702835431166933	59.877288111627706	59.90636639235004	59.93292138692652	58.37600398829085	3.393783927794241	58.90324539541515	58.933527054115046	58.94801118178926	58.75206262326792	3.451891325614353	57.94433629038268	59.94055392728308	59.96740134885466	56.52935372226081	3.872592388253544	55.10872227556885	57.94035511762603	58.83615777402218
6260000	59.546031924012134	3.539057108109421	59.92974390478378	59.98845802415182	59.9996312284002	58.37368922699854	3.426377074904337	58.95061179723357	58.96065541729645	58.96808633340517	59.222363761132044	3.7110751294585196	59.94036619061653	59.95956247256058	59.9741705406246	58.37013730408555	3.390275700285887	58.89347477706298	58.93310085336728	58.94820856487781	59.181012298084376	3.7027858807315495	59.87653479000598	59.90933035957276	59.93365707543745	58.37614960851066	3.393487236871575	58.90392908097553	58.93356539117721	58.94801118178926	58.75605360608494	3.4482945680925923	57.950695475598074	59.939886279992535	59.96496864908032	56.5322657549605	3.871663168672967	55.189146175248936	57.94035511762603	58.837300600264705
6270000	59.55288028712532	3.5397576473727588	59.945556145184426	59.993385848722994	59.999794663270976	58.373018410068845	3.4263667811106076	58.94864643898434	58.96014309296783	58.9687790031029	59.22335357455819	3.711229866425325	59.94111349539411	59.961092443493065	59.97514934535683	58.370760189602734	3.3897375025821934	58.89347477706298	58.93328482167955	58.94820856487781	59.183926583267834	3.703330757616574	59.87881779057718	59.911472382119165	59.93757017226294	58.37726118480076	3.3935470280153663	58.90439809588381	58.933602819671506	58.94802194926587	58.75961038586021	3.4500028561877123	57.95106765244507	59.93879436706882	59.967073176711445	56.53448569265198	3.869976968469447	55.189146175248936	57.9436745479758	58.83585008174962
6280000	59.54748520555322	3.5390701474968833	59.92784370823949	59.99153584453252	59.99976911447808	58.37446478132423	3.426734906290829	58.951273490772664	58.96050553277834	58.96856540627227	59.22432460647057	3.711381289898573	59.94208018656585	59.96102531253828	59.97540723155588	58.37084503214531	3.390098988868839	58.89347477706298	58.933531732627	58.948391237202785	59.18208794995984	3.7029415377690054	59.87506463051687	59.91054011650075	59.93597093703767	58.37707544565198	3.3943389223400455	58.90545764306776	58.93368010346534	58.94802194926587	58.761558405456285	3.4468988613691924	57.94837642410179	59.9398232505783	59.9660436592563	56.53907117571144	3.8688007498997057	55.189146175248936	57.94992793032595	58.838052813754345
6290000	59.54173880342181	3.5390455866447166	59.920924343648025	59.990141753653376	59.9996807187394	58.375194129022105	3.426503772698038	58.9512513247133	58.961089105053816	58.96864033814484	59.224252387589296	3.7113522096300318	59.94245668711483	59.96143541736733	59.97452226668138	58.37158255914841	3.389531728163906	58.89347477706298	58.93364048774307	58.94856369414404	59.1813444600084	3.7027586368099015	59.87845793943127	59.90940286219817	59.93136314285814	58.37801734199125	3.3934986673436485	58.90545764306776	58.93373294824424	58.947674432051286	58.762412967444355	3.4465751848724735	57.948683069390526	59.94025384232559	59.967087661013295	56.54211002821869	3.8660992752331094	55.203216553538844	57.95395523339246	58.83615777402218
6300000	59.545882225617525	3.53920126488926	59.935479520060724	59.99090725721286	59.99978377578078	58.37436927800838	3.4262465747527076	58.950473836207536	58.96023399100474	58.96826035984937	59.22277969392332	3.711026637257138	59.93975369431539	59.959888695623334	59.97276900324319	58.371271125900236	3.3903212123906856	58.89347477706298	58.93372023703206	58.94891725564829	59.17927230029553	3.7023650443995875	59.87286001263668	59.9049932464206	59.93236410376667	58.37792224928181	3.3942953928807555	58.90567168890023	58.93383622846524	58.94786259069273	58.7637209442253	3.446030455672839	57.95008381061274	59.939813617443534	59.966559248343664	56.54659471041975	3.8645042878550995	55.203216553538844	57.95395523339246	58.838052813754345
6310000	59.552185486979226	3.5395843751823133	59.94516325905802	59.99329855833615	59.99974134640281	58.37223625120683	3.4274818062514147	58.94923770197478	58.96038644981205	58.96696772139659	59.22269293004825	3.7110179020155636	59.94019123558341	59.9591154057064	59.97419924219962	58.37163893734874	3.390295881144377	58.89347477706298	58.933741124224085	58.94891725564829	59.17980394483529	3.7024333908082796	59.87547387569397	59.90651397768053	59.931921315088886	58.378599915883015	3.394435618193942	58.90612927596211	58.933958192752776	58.94807640565211	58.76386805866588	3.4469811696540495	57.947205751204265	59.94066491694052	59.96461412141837	56.549204142106596	3.8613395310427294	55.203216553538844	57.95395523339246	58.83585008174962
6320000	59.547432413459966	3.5396763694172715	59.938114926302	59.99045582826888	59.99965661496158	58.37314850046341	3.425822198933956	58.94906246590667	58.9603148734865	58.9678532031388	59.22161738583477	3.710735158534911	59.938872145330784	59.95870175703625	59.97403136581614	58.37261412075784	3.3898971580090773	58.89347477706298	58.93376509406524	58.94895044526941	59.18004842957209	3.7024110558863286	59.874690729599024	59.907159652406264	59.932184333932405	58.37851266294156	3.3929795199976875	58.90567168890023	58.93392936545484	58.948053987700476	58.766545097925565	3.4439485569092607	57.94543309140342	59.941332430895244	59.96625001882248	56.55124953327652	3.8613127005829426	55.203216553538844	57.95395523339246	58.83585008174962
6330000	59.54865453603579	3.5389839932499623	59.93381093935021	59.99074924599533	59.9997624177932	58.37286184881707	3.42544889911313	58.9496129309789	58.9608089095443	58.96785983871934	59.2230309176382	3.7111172262495655	59.941081373672205	59.96081811964687	59.97350245951695	58.372291254892225	3.3896148317410355	58.89361066086245	58.93393159343943	58.94895044526941	59.18121605340877	3.7024927103243566	59.87531349973399	59.90664787335896	59.93133162309269	58.378829844538586	3.3922049512245405	58.90612927596211	58.93392936545484	58.94807640565211	58.77018895452368	3.4429538011077576	57.951780809260164	59.939851871578384	59.96554585277137	56.55496615645068	3.8596079858968504	55.203216553538844	57.95395523339246	58.838052813754345
6340000	59.54547959827314	3.5382362501961184	59.925957446281515	59.990430191151866	59.999738319374416	58.37334779016029	3.4266006173543913	58.94824642502997	58.96056650565729	58.96831882832187	59.22312974080282	3.711014307147262	59.941319285411836	59.960326234466294	59.97442141617459	58.3727084444239	3.389946502442988	58.8937418006948	58.93393159343943	58.949029764780434	59.180745005077895	3.702411722748725	59.87659430098854	59.90643907047688	59.932818850885596	58.37937648677076	3.3918273713052485	58.9065491211289	58.934146145421735	58.948053987700476	58.7703866382235	3.4433738192746275	57.95193249877592	59.939774554704634	59.96425922227635	56.55653207568873	3.8590966216745866	55.203216553538844	57.95395523339246	58.838052813754345
6350000	59.54664715440505	3.538485855352736	59.92735988379425	59.99265523430972	59.99971935566174	58.37417046368627	3.426177494824277	58.94954503282994	58.96036571550711	58.96864234656218	59.22325855116798	3.711110968349506	59.94259987410011	59.95994504831266	59.97473929793032	58.37209570670295	3.3901736484400686	58.89394956999136	58.93389867710046	58.94916752177491	59.18343567129832	3.702902063337385	59.87730635321025	59.91001782007167	59.93441263138117	58.378865806570936	3.3930341623913503	58.90692576219744	58.93430613340627	58.94807216739589	58.77381887655064	3.4422778665759886	57.953848291488896	59.93934441685309	59.96640372399499	56.55820075911201	3.8593306197970128	55.237765317901626	57.954331846067404	58.83844997386477
6360000	59.5495091210163	3.5389396996138207	59.93835743562198	59.99077086510698	59.99971058020956	58.37416089479767	3.4287557920812533	58.950352833959656	58.960880015883774	58.96807331381589	59.22347577186567	3.7110470047737554	59.93984522713532	59.96121163612553	59.97354303518462	58.37228324189603	3.3896350527719865	58.8940956747959	58.93394397897031	58.94927717204136	59.18251298334975	3.7027140253002777	59.87732939250012	59.90862535809791	59.93417370400957	58.3786312536861	3.3931857436849926	58.908140988756955	58.93444365628703	58.94812824584113	58.77615234142071	3.4440537014122485	57.95077293564198	59.93848437407833	59.96552520784931	56.562176828781865	3.857016547902632	55.237765317901626	57.954331846067404	58.838052813754345
6370000	59.54929276644391	3.538918387767638	59.93786812535758	59.992665262881275	59.999791416110334	58.37353156333858	3.4267059374364366	58.94942194390612	58.96024891907115	58.967939755946006	59.22301024947988	3.7109817721949936	59.941102141141194	59.959589609859435	59.974307203261965	58.37311328546734	3.390346251132083	58.894598854217584	58.93412486611274	58.94916752177491	59.18362318526932	3.7028762171359477	59.87778490576494	59.909306062397405	59.9359173485977	58.37921838442834	3.3940535695179688	58.90837515176691	58.93447349716065	58.948174199322125	58.7831810162742	3.4415450046943787	57.951612603050854	59.94184077196825	59.96719733775465	56.5640198840584	3.8560151000807523	55.237765317901626	57.954331846067404	58.838052813754345
6380000	59.55374998828507	3.5395333064165153	59.948924291475706	59.99286136318803	59.99978844872635	58.3743287405422	3.424998960424004	58.95008286556923	58.96053925848791	58.96822804992912	59.22291921306131	3.710912941807643	59.940775256520226	59.95994171148803	59.974152013995344	58.37340423733071	3.3896774865270456	58.89520456847824	58.93426929179968	58.94927717204136	59.18308477986166	3.7027958268122605	59.88011539666381	59.911007228410725	59.935503458618754	58.379697598802316	3.393468630167741	58.90857287470835	58.93446014853163	58.94814761008946	58.78510482923957	3.4398301835046556	57.9527740224947	59.94229523979261	59.96572851880244	56.56700160512772	3.855310251512675	55.237765317901626	57.954331846067404	58.838052813754345
6390000	59.5480849665213	3.538791906555011	59.93261464243298	59.99152819313625	59.999705634408365	58.37400187072891	3.4260164079408644	58.94941904302074	58.9603656738658	58.96828976004673	59.223249681514375	3.7110224161449747	59.941108561546166	59.961777787225486	59.97460106295694	58.3736700561594	3.3897320094519774	58.89520456847824	58.93432055847458	58.94927717204136	59.18266789276772	3.7026316839932965	59.87733982317459	59.90939173417023	59.93459774927907	58.38041191359675	3.3927456441808257	58.90857287470835	58.934559753187045	58.94814761008946	58.78630874697542	3.4388862182634172	57.95093670091893	59.94195234079166	59.96723101493899	56.569402996746085	3.8540272976853935	55.237765317901626	57.9612292420099	58.83498627068856
6400000	59.54555657323348	3.5386700753661526	59.92656121167207	59.989377484072534	59.99974924150099	58.374413529530464	3.4249143891233764	58.94979601902266	58.96028020840198	58.967599983536346	59.22224660025595	3.710792262881964	59.94021908718773	59.95906341646348	59.973199604995116	58.373501024143984	3.3899350853576706	58.89644671580918	58.93432055847458	58.94938293505082	59.18168474811784	3.702356512070425	59.87592473812282	59.90670809927657	59.934153326270184	58.37973310101068	3.392845728488386	58.90821304844643	58.934639153919235	58.948174199322125	58.78727103193838	3.437442978991029	57.95442895294583	59.94261230301025	59.965853372694305	56.57230080753953	3.853045454661724	55.237765317901626	57.9612292420099	58.838052813754345
6410000	59.545514515703026	3.5390972328087016	59.92944254146914	59.9890106176524	59.999536811222484	58.37424364986416	3.425640777039761	58.95070068960756	58.96028694147312	58.967231246378894	59.22296824671396	3.710967596062626	59.941189481647704	59.95995722447782	59.973409793459766	58.37377038624988	3.3907694789193616	58.89644671580918	58.93440126083134	58.94948839936434	59.18216426846592	3.7024119119082326	59.876896926103065	59.90479091022567	59.936030094002795	58.38023910508995	3.3946672257767205	58.90857287470835	58.93466141293301	58.94814761008946	58.78767233461612	3.4378585034765528	57.95344936577246	59.93952332217426	59.965239941873676	56.57472651096274	3.851537568909294	55.245658042853705	57.9612292420099	58.838052813754345
6420000	59.548438173830476	3.5378962083877465	59.93656300541977	59.99215896245569	59.999748231458696	58.37382849723562	3.4261874746158845	58.9504304003828	58.96076359064271	58.96759878700447	59.223227287233655	3.7109304486986856	59.941160870652396	59.96042941167454	59.974444592771256	58.37432258964152	3.3900364747720393	58.89644671580918	58.93446281366677	58.94948839936434	59.18128184051026	3.7022243208705636	59.87657752830063	59.90849330852289	59.93213762700677	58.380244792983916	3.393882465563206	58.907869847967106	58.934727862705344	58.948174199322125	58.79121819160281	3.437627509208245	57.95363481177639	59.94180824221079	59.96624828947661	56.58011958527024	3.849914487935887	55.26504174971019	57.96473368342041	58.839618427139726
6430000	59.54820826526677	3.5383310539862114	59.93242138383588	59.99209376178968	59.99980123125151	58.37423498494661	3.4253512697548363	58.95064256964737	58.960921288259954	58.96817856469744	59.22448952569209	3.711166032953203	59.94249602676952	59.961141463826955	59.975867237088934	58.37499262039316	3.3897486191050117	58.896604660455026	58.9346311724096	58.94953846817283	59.181917921504656	3.702349410151465	59.87631724313393	59.90812302608718	59.933802932071686	58.380507682971206	3.39265573963673	58.907869847967106	58.934727862705344	58.948174199322125	58.79372344545293	3.4369754861254007	57.95406301460318	59.94316497719301	59.967204150752025	56.58426486317613	3.847097192595901	55.2726319465282	57.96473368342041	58.839199091826316
6440000	59.54786714883965	3.5384229949202313	59.9341442965288	59.990189524480385	59.999738407243555	58.37324156813547	3.4275304737341097	58.95048696972819	58.96050426302327	58.96869116734834	59.224234923900426	3.7110992011526327	59.94112510441805	59.960388649453826	59.974871803938974	58.37322350999499	3.3911092131735403	58.89780769417059	58.9346311724096	58.94953846817283	59.182010019327095	3.7023502947616316	59.87645103854345	59.90814943297421	59.93255901632121	58.37931604423738	3.394578831158116	58.907869847967106	58.93501334618404	58.948174199322125	58.79030704879856	3.438284282695659	57.952958143587196	59.94085992563839	59.966184170730784	56.58522561664978	3.8471898085712537	55.2726319465282	57.98208282702212	58.839618427139726
6450000	59.54941685175954	3.5390330446726788	59.94013715690112	59.99249389097521	59.999794396384786	58.37288891647969	3.4276210951731483	58.94983927091464	58.96126343375993	58.967736860687125	59.22398368817447	3.7110509397827816	59.942255168840106	59.96125160131349	59.97570586509295	58.37450350509606	3.3905982570730675	58.89780769417059	58.93473395340455	58.94953846817283	59.18378025069974	3.702698267089215	59.876790406110366	59.91156807478527	59.935873399973374	58.38029697359729	3.3942311508521827	58.90821304844643	58.93501334618404	58.94826785865618	58.79581802261804	3.43835388714834	57.955800893946545	59.94420985563386	59.96724220874595	56.590501384427455	3.845523177804209	55.304126007675	57.98208282702212	58.841020404162215
6460000	59.54628522262817	3.5377019235529774	59.936708684415706	59.992842112422395	59.99974429383938	58.372271249224845	3.428854698534247	58.94940649438013	58.960892775849004	58.96849073937432	59.22381149689632	3.7109910089721216	59.94087218404787	59.962208208926	59.97507249301904	58.37475043848834	3.3898958608631644	58.89780769417059	58.93486780125272	58.94953846817283	59.18435597459322	3.702785042502282	59.87925665958653	59.910822320168016	59.934877100519444	58.38007858194258	3.394765242745142	58.907869847967106	58.935024266570274	58.94831548044	58.79629246931316	3.4375094903895724	57.95269327137598	59.942697533896535	59.966473142521274	56.59273270195853	3.844352146146779	55.304126007675	57.98208282702212	58.841020404162215
6470000	59.54469371900025	3.5381478930432	59.9254508472579	59.989219208439344	59.99972641106649	58.373195094308485	3.4259580122618742	58.94926633819303	58.96050096279018	58.968359715353834	59.22363143284484	3.7109704220257025	59.94103258534717	59.96023935884651	59.97476122582026	58.374279414224425	3.3902499230813206	58.8982017823091	58.934933889866926	58.94956286356914	59.18204254353308	3.7023514585265476	59.87815515872957	59.90825673109311	59.93197666723832	58.37926455948272	3.3940378579989114	58.907869847967106	58.93532787868759	58.94831548044	58.798190791479655	3.433069772976109	57.95456603818564	59.94091606847345	59.96656373938243	56.59484760537803	3.8435418851543988	55.304126007675	57.9879333149389	58.84114052248395
6480000	59.54866220210762	3.5384341909203365	59.93010460606625	59.9909942315562	59.99973283897854	58.37302391067102	3.4262478295229077	58.949259451463725	58.96019922495179	58.96797416884736	59.22261889696415	3.710678912416862	59.938951506674094	59.959987471659005	59.974519279543514	58.37570295178615	3.3894604145393292	58.898425370390534	58.93503226672681	58.94963033139862	59.18130370774349	3.702182827232626	59.871277951731614	59.90696742942716	59.935813522253554	58.380486408127815	3.39298316010419	58.90874029795639	58.935439912089706	58.948403924120015	58.800628974859244	3.4334307798482873	57.95593262143055	59.9388089099229	59.96573247495032	56.598100852755614	3.841414485085301	55.304126007675	57.988013916597026	58.84114052248395
6490000	59.5510552710138	3.5390201423051213	59.94682312052263	59.9920656463903	59.99980945187718	58.3736502459289	3.427149852738949	58.949323097367454	58.960318793582424	58.96745427850446	59.22670214375134	3.7109510129891747	59.94265452216143	59.96005112497122	59.97501364870786	58.37523815752664	3.390393316275605	58.89931625122488	58.935081518509996	58.94981622969493	59.183478686963625	3.7025042698790127	59.87904555703812	59.908701355115795	59.93472504278501	58.38022612053799	3.3946943267431524	58.90821304844643	58.93554673851507	58.948403924120015	58.80274991900126	3.4345424483148475	57.95829447326782	59.942924446278646	59.9665546842785	56.60071234476322	3.8396887785088816	55.304126007675	57.997914749564146	58.84114052248395
6500000	59.546625108553705	3.538995787442018	59.93121210902929	59.99133567725174	59.99969247434621	58.37643400430942	3.4248998794818877	58.95141487608106	58.96094761678469	58.96850698843798	59.22585734335678	3.710796430878083	59.942828068229936	59.96003056866958	59.97555343540776	58.376180338023104	3.3892542616272374	58.90023064628155	58.93513173418846	58.94981622969493	59.18359527842428	3.702384439067989	59.87690475604991	59.910082360955684	59.93412376721098	58.381106116289594	3.392482955832242	58.90901969306853	58.93557948420373	58.948678876374025	58.80405462699792	3.431587112663851	57.95435053945313	59.940950638607006	59.96708290116493	56.60260447964508	3.8389580388457327	55.304126007675	57.99856381238807	58.838504028019194
6510000	59.54819057916975	3.53943992802428	59.94052060980388	59.993127692149926	59.99977634736262	58.376205415582724	3.4267173716553008	58.951407902605695	58.96054573174552	58.96804503443582	59.22482649186022	3.710588275303441	59.939606520274126	59.96060082217148	59.974980953568846	58.37603818087148	3.3907254133513147	58.90127644355355	58.93513173418846	58.949861802550984	59.18367553733237	3.7023857949329115	59.87585851892723	59.908859445771704	59.93493941682046	58.38082730292556	3.394087651186837	58.90874029795639	58.93557948420373	58.94847916248132	58.80606340905086	3.4323582537377164	57.95377265855523	59.94172594083467	59.96719354594856	56.60708811653386	3.8367488034068136	55.304126007675	57.99856381238807	58.839618427139726
6520000	59.55271916345994	3.539931348830556	59.94397290818377	59.99240054628616	59.99977954930124	58.375365508783034	3.427409864538838	58.94881737485608	58.960221692642364	58.96885016853617	59.225379776776016	3.71068358829694	59.93958291731016	59.960221215371675	59.97489141881318	58.37671582992696	3.3902735289342854	58.90127644355355	58.935185482045924	58.94981622969493	59.18419832882499	3.70244867282517	59.87779201491813	59.90814332813828	59.93664515386979	58.38116340441216	3.3946738145763367	58.90901969306853	58.93578282735161	58.94857238865741	58.80803857713051	3.4331644224326743	57.954028419257824	59.94102293788292	59.96730425719541	56.60825698658487	3.836198253826203	55.304126007675	58.02221134860244	58.839618427139726
6530000	59.547860518211515	3.5395355307915626	59.93937287731772	59.990699398895906	59.999756442387714	58.3752651732453	3.426320525323726	58.949259081572706	58.960169149964045	58.967914180825304	59.22449833357114	3.7104959554274846	59.939330461290936	59.95850595139121	59.97358212915674	58.37686795882298	3.38991640872474	58.90127644355355	58.93532306071508	58.94987461619681	59.18165971359441	3.7019504347396177	59.87465605354299	59.90547675432888	59.93216665057109	58.38161841568343	3.39295877315948	58.90901969306853	58.935811606865514	58.94855887829249	58.80875513115552	3.4323963453347615	57.95996004404753	59.94165380467687	59.9653145759317	56.613843416438286	3.834007969831983	55.33854275683649	58.02221134860244	58.84391072776641
6540000	59.552137798144535	3.539709449864826	59.94564012769789	59.99244074154312	59.99982060453391	58.37644184015141	3.4245759147884023	58.95007816328395	58.96114438430491	58.9678448399731	59.22599822235406	3.7107980730240424	59.943366992541115	59.9610001008985	59.974965150690956	58.37734310685215	3.38941730928144	58.9015437271851	58.93535282186374	58.94988922614662	59.18447208983354	3.7024757605630567	59.878728177216196	59.90909997316264	59.93417744690511	58.38220808842463	3.3926826309821574	58.90907518753586	58.936120157752626	58.948678876374025	58.811670496228665	3.429576788948807	57.95650536536316	59.94278709175761	59.967221280774616	56.61779461781775	3.831720285540553	55.33854275683649	58.034223813177476	58.84575884199509
6550000	59.55411219599078	3.539703752203919	59.94633200641211	59.992862248012614	59.999752874485864	58.377125953648296	3.4260683139540085	58.95107124729769	58.96055180471507	58.96850053819067	59.227155324966176	3.710991968910812	59.94349978666579	59.961593405153636	59.97526438806209	58.37684217807802	3.3901827682951056	58.90164523887903	58.93547429576053	58.94990323828247	59.18410501047628	3.702394856420152	59.876046860522116	59.90904724124681	59.934061617653384	58.38165855106215	3.3930260554622578	58.90920269685701	58.936120157752626	58.948678876374025	58.812179714133585	3.4301851228533393	57.955404755805986	59.93926613506268	59.96524412856185	56.62127602239428	3.8297164307833302	55.35391105666823	58.04064106336442	58.84575884199509
6560000	59.55187941416649	3.537320837660024	59.93523143796556	59.99159336578655	59.99972234644417	58.37627655354464	3.4253261800789736	58.9510399474898	58.96118970264958	58.968850307639066	59.224982272015346	3.7105225541528166	59.94008199412361	59.95964236318068	59.97422717798051	58.37700247064922	3.3896776022106527	58.90164523887903	58.93574630279496	58.94988470310919	59.18148600033625	3.7018947918167173	59.87483551027701	59.9063856297668	59.93178505236882	58.38172371944853	3.3926599139328038	58.90920269685701	58.93622507631558	58.94904801894325	58.81427539792104	3.429018063647074	57.95587389322898	59.942943066684975	59.96656067129838	56.623130033592815	3.8274768580629357	55.35391105666823	58.04064106336442	58.8406512954638
6570000	59.550707040988996	3.537691202308061	59.93833210687801	59.99299708622608	59.99980903933161	58.37579089890903	3.4275462789595625	58.950592167912504	58.9609386153401	58.96833556080614	59.225823414845124	3.7106689465752924	59.94327223426435	59.95997577538004	59.9748297741865	58.3780853057636	3.3903436197513175	58.90164523887903	58.93582035703465	58.94988470310919	59.18439415943681	3.702418491636418	59.87852379790622	59.908639015559736	59.935342765588615	58.382769873145726	3.3945230837910496	58.90920269685701	58.93634610392344	58.949091769459606	58.81633228413494	3.4312260433985684	57.9588745326391	59.94309549945599	59.96808023228266	56.62586636115387	3.8257487103510104	55.35391105666823	58.04147673651174	58.84575884199509
6580000	59.550396987665344	3.538523312432129	59.936945987446734	59.99027902861921	59.99965696203444	58.37529399722566	3.427339592321481	58.95061154734508	58.96068474585823	58.96853672279311	59.226667068560616	3.7108408129138124	59.94276969228999	59.96129344001344	59.974668041914065	58.37760181667507	3.390917462764347	58.90164523887903	58.93593672668858	58.94990323828247	59.18358168507154	3.7021987858918624	59.8774247893706	59.90792124565008	59.93184760593971	58.38212411751967	3.3949474689511248	58.90934268913756	58.93639176845184	58.94913917483934	58.8186283994283	3.431665152037719	57.96126466276951	59.94174004301803	59.96600932984165	56.627432881580134	3.825166150913014	55.35391105666823	58.04147673651174	58.84575884199509
6590000	59.54990090782366	3.5391481740057134	59.93649908466875	59.99192871918565	59.999765112252355	58.37668061739426	3.4271659491135247	58.9498450820609	58.96073166960204	58.96850501619887	59.22552989069445	3.7105714324643517	59.94180584862365	59.96052597958534	59.97493444722104	58.37752805442938	3.3905988156279387	58.90164523887903	58.93593672668858	58.949921466954166	59.1839602461612	3.70228000046268	59.87644036416938	59.907942207266615	59.93534652927579	58.38217463140589	3.3947911883035937	58.91003653390262	58.93648987466897	58.9493783656326	58.81791216450318	3.43087993333392	57.955534256115044	59.939946321273744	59.96464212754396	56.6291874798475	3.825052449358782	55.38647093558347	58.04147673651174	58.84575884199509
6600000	59.551503827316864	3.539709942614363	59.94792199229108	59.99372165014349	59.99977311877274	58.376672207266076	3.425642030213349	58.950457593631725	58.96062628668891	58.968291096184124	59.225191880213295	3.7105355092556747	59.940525049286705	59.961365053664835	59.97520427012932	58.37802046372844	3.3899705003277822	58.90172143161408	58.936006356472745	58.94994356081332	59.18164802571319	3.701810049369949	59.873306023151684	59.906439499789585	59.93274707888379	58.38163339320115	3.393842001000356	58.91003653390262	58.9365692315114	58.9493783656326	58.821926826802375	3.4290923861161224	57.96379631640813	59.942640216834505	59.96502439501073	56.63100667688599	3.824618697619783	55.38647093558347	58.04147673651174	58.84411082265616
6610000	59.54972462554359	3.539384134701176	59.94240880779671	59.99088271895143	59.99974066855499	58.37535982705472	3.4264862269149647	58.95011835930964	58.96096646781728	58.96824141254282	59.2249466756303	3.71046514288809	59.94181389162122	59.960693863017525	59.9735288420308	58.377948321625006	3.3901872269728166	58.90178217241615	58.936006356472745	58.94994356081332	59.18315890864162	3.702056891254937	59.87792016719799	59.906530880598744	59.93319043471766	58.38248528164502	3.3938629510461094	58.91009101191983	58.93674517204549	58.949667841849845	58.8225230959368	3.429611034895016	57.96515777918591	59.94258921568584	59.96676274740458	56.63398838354992	3.8221740391297496	55.38647093558347	58.04147673651174	58.84614567575035
6620000	59.5506178147719	3.539486314004013	59.94011517596557	59.9943883880527	59.99985158729546	58.375516786029735	3.426286486197728	58.949381995385366	58.96037552270259	58.968399264869916	59.225419091002315	3.7105257685940236	59.94120932163273	59.960082221083454	59.97457169637404	58.37873107441454	3.3901012116240374	58.901904032501406	58.936102890192956	58.94997859151104	59.184655128792244	3.7023146412466517	59.878849331903965	59.90912779450466	59.93415453969605	58.38289486460384	3.393477690926238	58.91003653390262	58.93688420414811	58.94970386721081	58.82439587289686	3.429553576319034	57.96335582610143	59.94234298780793	59.96637409321757	56.63726974002224	3.820427503308806	55.40107949950472	58.04147673651174	58.84391072776641
6630000	59.551644110479785	3.5386076711685304	59.94162302197473	59.98993264740575	59.99954373364236	58.37610657542262	3.425486174258801	58.94933456992002	58.96035651637275	58.96808179394761	59.2250872442325	3.7104682240191584	59.940429349531	59.95968876133827	59.973734921963676	58.37830497281793	3.3901199424685458	58.9020719647152	58.936102890192956	58.95001192531761	59.18236848141052	3.701847765483855	59.87587067820641	59.90766320985807	59.93373900349707	58.38300573257105	3.393240011094177	58.910269693396266	58.93694129922568	58.94970386721081	58.824198286573015	3.4249508259614916	57.959203987995664	59.93892109901543	59.9659227305259	56.639452731143344	3.819267442724825	55.43642795152591	58.04147673651174	58.84181254824793
6640000	59.5517651940549	3.5394029787371357	59.94464327910818	59.992653559312345	59.9997579312885	58.375785981830575	3.426372676360971	58.950020941151465	58.959898323666536	58.96796276078029	59.225031584166366	3.7104356359016717	59.940656273387816	59.95937175199013	59.97429028856422	58.37856583424979	3.390672465917724	58.902369341313374	58.936447334699594	58.95002473965268	59.182845942139586	3.701939320152216	59.87409810978216	59.90785571307848	59.934198651769705	58.38291127290977	3.3953654338484265	58.910607760423815	58.93694129922568	58.94985991670579	58.82959650243732	3.424399999204092	57.96581818613807	59.941882220681634	59.96684608875394	56.64189805435479	3.8188912814969758	55.47305147915601	58.04147673651174	58.84391072776641
6650000	59.553052499056896	3.5397860485501917	59.944545461249916	59.99350910995258	59.99980050815768	58.37560610318063	3.425139708243309	58.94951949604719	58.96056502278199	58.96799789058941	59.226268000125565	3.710677336951696	59.94029067431792	59.96131016319366	59.976016861655786	58.378480881513546	3.3906822355470045	58.902369341313374	58.93659123587695	58.95001192531761	59.18401916519998	3.702130481220687	59.87755175542969	59.908116077769606	59.93454823827084	58.382628030667085	3.394253953536663	58.910607760423815	58.93694129922568	58.94987134753558	58.832443545213025	3.4223282494730696	57.96302448583747	59.94198565754644	59.965685104175776	56.644360573035215	3.818059380808574	55.48822854661013	58.04147673651174	58.84391072776641
6660000	59.55573809532175	3.5384741276898097	59.949692678664476	59.99461209898793	59.99984188714072	58.375767310131934	3.4251392283175366	58.949703880688915	58.96057876696564	58.96790577323628	59.22591762147537	3.7106201186970047	59.94245464737456	59.96105522267955	59.97465503749093	58.379263659340765	3.389829934028263	58.902369341313374	58.936814404159044	58.95006602180012	59.18391025373787	3.7021122929031476	59.87648739885224	59.90722603463563	59.934021586754696	58.38341903815948	3.393268884869486	58.910702268484926	58.93694129922568	58.94987134753558	58.83535659806349	3.4218805653358904	57.95968991096113	59.944001721259596	59.96617514417112	56.646290007165604	3.8175614243926823	55.492741205734674	58.04147673651174	58.84067616991251
6670000	59.54689249991025	3.537601601746782	59.92609134679729	59.99243492631471	59.99976658845075	58.37484285114643	3.4250110951267065	58.94989986503691	58.960493790010986	58.96840224032315	59.22599141789231	3.7105820851586326	59.94195394066617	59.96079443053884	59.97484419620855	58.37803027128409	3.390626211349288	58.902369341313374	58.936893395136465	58.95006602180012	59.185363200159124	3.702396204579102	59.88201791819822	59.910262392738375	59.93480209227778	58.38256012538237	3.3933910513490515	58.910607760423815	58.93699695936861	58.950012185268406	58.83509901467666	3.4208083873658555	57.968888433007365	59.94264791605626	59.96739535400653	56.64849161508794	3.8163909532166964	55.492741205734674	58.04147673651174	58.84181254824793
6680000	59.548032915713016	3.5377716192226156	59.9284176827817	59.99060586642013	59.999763439804816	58.37552789685395	3.4260760804981136	58.951475119494724	58.96074312066091	58.968003998079254	59.225703044109714	3.7104843798753695	59.94140660997472	59.960055416411535	59.973926011814925	58.37884986792805	3.390488790911853	58.902369341313374	58.936893395136465	58.950120536149825	59.1825938737901	3.7018415862720477	59.876055606946984	59.90748942036464	59.93310585578476	58.38393406717401	3.3937333761343673	58.910607760423815	58.937223517625554	58.9500311873376	58.84091456358722	3.422143668060107	57.96777253609881	59.94451824343373	59.96687285994726	56.649565231394604	3.8148807328898293	55.51530764447865	58.04147673651174	58.83661548975804
6690000	59.54394174976901	3.5376701741433956	59.9262845507152	59.98963605600808	59.999558608579896	58.37562696082295	3.428223728154247	58.950262607601054	58.96108287515997	58.96845693133844	59.22551536826473	3.710524760439372	59.94212993230535	59.961014103648665	59.974964290201605	58.37863613239574	3.3902551741088347	58.902369341313374	58.936907619921485	58.95013602800199	59.183083918061364	3.7019305327591447	59.87454365599704	59.90765761028459	59.934494701922354	58.382999649346246	3.394119429460934	58.910702268484926	58.937331468503636	58.9500311873376	58.84078992511722	3.423918568543542	57.96849434733423	59.944857901687236	59.967368174158565	56.65305549798688	3.8138211888324802	55.51530764447865	58.04147673651174	58.84067616991251
6700000	59.54626042711468	3.538319844715555	59.92966304844622	59.989928550482176	59.99957034453824	58.375061044414394	3.4267335109768324	58.95106309826211	58.960775547880445	58.96821792954793	59.22436643757159	3.7102271557622135	59.9391086496303	59.95967979390706	59.97349233672754	58.37984310154845	3.390268919179721	58.902369341313374	58.93715384412115	58.95013602800199	59.180099882431485	3.701331764186799	59.87442472172157	59.90401360963317	59.93169955116765	58.38403659421237	3.3946449595414294	58.910607760423815	58.937331468503636	58.9499758948804	58.84182637759436	3.4228820520473366	57.96296443172777	59.94281286116336	59.96669686360109	56.65554685978385	3.813179825851203	55.575790729140245	58.04147673651174	58.84067616991251
6710000	59.54874854314148	3.538979697785062	59.93744669017141	59.99139703469568	59.99975312923425	58.37594435380229	3.4264774324948557	58.951165275998264	58.96118517142308	58.96841400079123	59.22610044366807	3.710543591398954	59.94014383753738	59.959906993147726	59.97576252400352	58.38084731115361	3.3897385932619506	58.902700068151944	58.93715384412115	58.95017379961501	59.184063561439444	3.7020357996669166	59.87707874533574	59.90899162371484	59.933666491806285	58.38507158881749	3.392988541192633	58.910702268484926	58.937331468503636	58.950182480376405	58.844796484899206	3.422288971422565	57.96770664173878	59.94319724344997	59.96651847058486	56.65949442007067	3.8102493145482117	55.575790729140245	58.04147673651174	58.84061395427813
6720000	59.55028610423797	3.539273027702451	59.941023473649864	59.991610947117536	59.999629401838675	58.375330133460146	3.4245462797505266	58.95002001947782	58.96081472487717	58.96821155269936	59.22688679127733	3.7106583602829883	59.942746813685204	59.961096966961286	59.97600077970169	58.3795877203484	3.390250146040765	58.902800585339854	58.93720478731173	58.95024173206869	59.18630765701897	3.70244917203368	59.87961716218065	59.91010762028062	59.935952452683296	58.3840346959573	3.3935839012959312	58.91107098523657	58.937331468503636	58.949878132580764	58.84643276079535	3.419712736680235	57.969549784273184	59.94228838343925	59.96542939011945	56.662996338194326	3.8073086694378384	55.60557773251071	58.04193810199669	58.837674921208205
6730000	59.5528684880544	3.5391535780063204	59.942884835616525	59.99346105779317	59.999798193571486	58.375532363819836	3.424774173563961	58.95099042018746	58.9609557518871	58.968010373619116	59.22666051866461	3.7106517966409824	59.94186071155524	59.9612171809365	59.97615113557344	58.37953414037019	3.390353112383585	58.90292395972644	58.93721969356484	58.95045107979393	59.18496705286268	3.702154077144717	59.87960570378336	59.90872223826061	59.93468229014068	58.38380031002365	3.392939396608821	58.910702268484926	58.93758365357071	58.950154461037236	58.847537641300384	3.420149250883331	57.96684640379978	59.94341273878064	59.96745805005726	56.6655003026631	3.805555008530632	55.60557773251071	58.0439504294334	58.83876120086933
6740000	59.549014922879124	3.5389243461929443	59.93929125778654	59.99316390461655	59.99975231440459	58.37554568577947	3.4259091866538807	58.950417456035325	58.96050614593351	58.96763515512327	59.22487579786112	3.7103089485058494	59.93941947449296	59.95947613176462	59.97305666350596	58.38023676889845	3.3902174360574313	58.902800585339854	58.93731123110651	58.95045107979393	59.182787215909656	3.7016969228896546	59.87493998881041	59.906523272076775	59.93139438317519	58.384917981486495	3.393632828601551	58.910607760423815	58.93774202942589	58.950154461037236	58.849092928898294	3.420108578649799	57.9773833951687	59.939783610883666	59.96635006742294	56.667413847507795	3.8044571466184656	55.60557773251071	58.0439504294334	58.83876120086933
6750000	59.55063982492886	3.5375898836949737	59.94094664282994	59.992279225877915	59.999765874098564	58.37583999995394	3.4271550841954332	58.950663190058535	58.96031265722128	58.96769045039224	59.22585306007031	3.7104676706001207	59.94113450488253	59.9600440546816	59.973965613126325	58.38049386757601	3.3905362763173983	58.902800585339854	58.937395250980714	58.95063039267018	59.18286888249096	3.7017194503787327	59.8750573345132	59.908204259349084	59.93410231120444	58.3850441653387	3.3936458997773453	58.91107098523657	58.937790255820865	58.95031379030979	58.8496718125803	3.4212298302427397	57.968364140504555	59.94317595193284	59.965955714406206	56.67126529837243	3.8018170444101704	55.60557773251071	58.046713085205354	58.83876120086933
6760000	59.54620625919917	3.53783730054503	59.93488772146684	59.990355477822845	59.99944576625768	58.375015291320466	3.4269677961538996	58.95052309404715	58.96000122738281	58.96727765386248	59.22491508344002	3.710324601000115	59.939223007862964	59.96080672909636	59.97425099903184	58.38029648208131	3.3901581325072114	58.902800585339854	58.93742223539407	58.950725085563796	59.18194005635507	3.701512296217821	59.877588809340644	59.904966861614085	59.93086772679011	58.38470783407054	3.3933876501169578	58.91156184238441	58.93784520000358	58.95036061086435	58.849222999959736	3.4208034342055322	57.97561690732236	59.93975155811029	59.964815757417995	56.6728466997564	3.8016079343552036	55.60557773251071	58.047813969990145	58.83876120086933
6770000	59.5449113554812	3.5379047157267673	59.930310618460496	59.99002083361472	59.99955272697498	58.37441624643571	3.4269281599222725	58.949778013491354	58.960018238534225	58.96827568921902	59.225494408146055	3.7104080893482236	59.93942655490204	59.96033668684868	59.9753180535731	58.38035384453211	3.3904633704970855	58.902800585339854	58.93742223539407	58.950725085563796	59.18281103202932	3.701659783585426	59.87229956128505	59.9086179824628	59.931939571000406	58.38483432445808	3.3949684033525793	58.91170602128828	58.93784520000358	58.95047138252859	58.853200809392376	3.4206428893689993	57.97085505112523	59.943339621046896	59.96697405154692	56.676018705179644	3.7996663025668616	55.60557773251071	58.047813969990145	58.84548039072067
6780000	59.54927921064295	3.5386225146971286	59.936680664838725	59.991190078893226	59.999706267154714	58.37589124788477	3.426366669216147	58.95117023545214	58.96041616954143	58.96861784424971	59.22606383415567	3.710487318809145	59.94133650729168	59.960515193138164	59.97421646258696	58.38115772932798	3.3905370131888235	58.90292395972644	58.93765123969939	58.950725085563796	59.18528005696678	3.702036104777326	59.8777730894451	59.9097039468995	59.93457919768972	58.385446875666595	3.3944248193639868	58.91194280985885	58.93790450921753	58.95058922903712	58.856314972086885	3.4204306140454603	57.9742683676442	59.94500936169776	59.968054777365495	56.67896735594166	3.7989410078402543	55.62621971674654	58.06059178323534	58.84391072776641
6790000	59.55004026485009	3.5390667949287558	59.93781808324125	59.99076912650568	59.99968941556064	58.37533478994221	3.4251731533727487	58.94933880882306	58.95971317951623	58.96784347462776	59.22457436913532	3.710171402524457	59.940564025458904	59.96002766921163	59.97307035497781	58.38157660812528	3.389935171940533	58.90292395972644	58.93775743937897	58.9507973733876	59.18199080874298	3.7013747249571964	59.87465048671813	59.905956607458045	59.93192663650137	58.38576507508337	3.393528506409676	58.91194280985885	58.937948855354016	58.95054250557069	58.85631191054534	3.418845272128341	57.98530790039824	59.941776474497445	59.9648349923786	56.681614371040865	3.797792341711261	55.63427519876777	58.06059178323534	58.84548039072067
6800000	59.548727486187175	3.5390188118422397	59.938863885147526	59.99269481454452	59.99976946385834	58.374781506803856	3.426865012496284	58.94861946488256	58.95993524336129	58.967638579931304	59.22585332199591	3.7103937222201537	59.94228120170148	59.960356227954	59.97451409664463	58.38179387393169	3.390439964602228	58.90292395972644	58.93777422091079	58.9507973733876	59.1845442778631	3.701863759575433	59.8771584415579	59.90862954168122	59.93577401654506	58.38632858549395	3.3942303412472197	58.91228377177269	58.93818513036018	58.95052661591202	58.862114858349116	3.4215260763908963	57.98491885292342	59.94363663190925	59.966871250364385	56.68442494556016	3.795328756220262	55.66011883258838	58.06059178323534	58.84274118477562
6810000	59.547249478687746	3.5391196071852953	59.92589420661682	59.9909267161153	59.99967216849329	58.3750355927559	3.4264114935883945	58.94938202643443	58.959788494281625	58.9678882938091	59.224713492855635	3.710172131388044	59.939764404862274	59.95970074247462	59.97378124564369	58.38086640095749	3.3904867724129826	58.90327275670623	58.93784037986575	58.95083836165119	59.18239543876385	3.7014110551829336	59.87662814781177	59.90527167128679	59.930394254509125	58.38511273685009	3.3951992005358167	58.91239946457794	58.93832666218478	58.95054250557069	58.86166451658412	3.4193708117777986	58.00573982798116	59.94244032928731	59.965149389167735	56.6866223452804	3.794514938728278	55.66011883258838	58.06859330324868	58.840923499787365
6820000	59.54786377019116	3.539372203449886	59.92960499032081	59.989722084895604	59.99978002920164	58.37554755917239	3.4261397078215032	58.94998186821442	58.96055616405199	58.96770234270128	59.22622971125383	3.71042651678715	59.94141628471819	59.960254495740614	59.97436591442159	58.38104187327197	3.3904502635569314	58.90327275670623	58.93788756491985	58.95100380613822	59.18544958426875	3.7019946036195104	59.87738687527549	59.9091429032236	59.93407819299806	58.38597563362363	3.3930356281132177	58.91280697677188	58.93841789620198	58.95054250557069	58.86211202381325	3.4189092192484125	57.98394039581223	59.943074435829516	59.96707593923482	56.689141876742354	3.7944045431688136	55.673306175640995	58.06859330324868	58.84274118477562
6830000	59.546569282565976	3.539396576672516	59.93275726071198	59.99067707275309	59.99972664972363	58.37622205533007	3.4242017397311555	58.95083144399053	58.96081866735652	58.96828982049734	59.22727526807651	3.710630388692772	59.94287216797566	59.96238322067931	59.97576952001552	58.381295936257395	3.390416243477296	58.904147875161264	58.937959155807945	58.950891936621765	59.18675666296591	3.7022297405422018	59.87954878601951	59.91113561237091	59.9355572761166	58.386622382619244	3.393332977962369	58.91280697677188	58.93849206804683	58.95059019392631	58.86520165329393	3.4172759149285197	57.986146848118636	59.945532615600584	59.96684268105225	56.691986923775225	3.7933306324684466	55.673306175640995	58.06859330324868	58.84391072776641
6840000	59.550373625594794	3.539405323972098	59.93400621315777	59.992491107514404	59.99977896115531	58.37609572198445	3.426242200117686	58.95153960901975	58.96084547380703	58.96764931632663	59.22446405084508	3.7100583837639074	59.94059159433983	59.959457138493434	59.97299861953011	58.382136204541524	3.3904127402893267	58.90447254874868	58.9382676658235	58.950891936621765	59.18241959980044	3.701406549763303	59.87474681248837	59.90738650773338	59.932695314640874	58.386738568790776	3.3941423597987805	58.91280697677188	58.93849206804683	58.95059019392631	58.86679977716795	3.4186864887844055	58.011578437137636	59.943846792943155	59.965955941291654	56.69414399505069	3.792157144604631	55.673306175640995	58.06859330324868	58.84391072776641
6850000	59.54698207550647	3.53921702831604	59.93277527530728	59.99058840248273	59.99965250385827	58.37614250921443	3.4268632275661446	58.951025109123506	58.96114551295031	58.96829989326864	59.22554915116444	3.710272335148274	59.93924205565085	59.95962248248976	59.97494488718459	58.38160250373104	3.391219940562783	58.90447254874868	58.938289309842055	58.95083182964758	59.18232987018504	3.701400876427062	59.874482229465585	59.90705592316826	59.93295307185252	58.38671595786213	3.394549978046691	58.91239946457794	58.938532428278364	58.95059019392631	58.87025902491085	3.4192848962027296	58.018620233920345	59.94151681822713	59.96634440060563	56.69746731627028	3.7895808190252804	55.673306175640995	58.06859330324868	58.84563781180795
6860000	59.54761576402965	3.5394444827847726	59.93664887532465	59.98960061422082	59.999659126777885	58.37566218068167	3.4285040310510038	58.950809239070225	58.96065774298561	58.96789998749859	59.2257179031326	3.710293712034489	59.940635657151645	59.95950432160427	59.973676491408256	58.38235080846591	3.390302475780291	58.90447254874868	58.938414817556655	58.95087780341232	59.18280613240497	3.701429469026631	59.876311272697784	59.906510569553035	59.93152769767364	58.387116291959714	3.3946456655056507	58.91239946457794	58.938575172388155	58.95068968909136	58.873502555875916	3.421657287957826	58.01812674644517	59.9467373275527	59.96758168289011	56.69905566875813	3.7887743310053095	55.678638070887075	58.07147189260324	58.84560875733113
6870000	59.547363684377416	3.5397370217149944	59.935994164822176	59.9900668063345	59.99967591516662	58.37666552831054	3.4257069002039446	58.95131197658936	58.960788999760005	58.96740230219529	59.22532453755325	3.7101799003510885	59.940552963384064	59.96048442038234	59.973862422596625	58.38198875241267	3.3903506025348165	58.90447254874868	58.93848462226034	58.951034244678105	59.185085881348336	3.7018149293292293	59.877144480512385	59.90993079674854	59.933961659232956	58.38715795491274	3.3942223364122133	58.912326212264404	58.93869219572535	58.95071888322969	58.87681261373498	3.418567715303487	58.03894340498376	59.94420128353521	59.9672843524692	56.701054344205076	3.787380308339097	55.678638070887075	58.07147189260324	58.845894767379434
6880000	59.551558205769744	3.5398544495422115	59.947630729455966	59.9911204523043	59.999766356005566	58.37671404112999	3.4257568897182957	58.950684622941644	58.961005639111306	58.96814937679648	59.22525504304503	3.710229413386126	59.939414889575815	59.96036305820985	59.97445769828454	58.38229193086755	3.3900645607143596	58.90447254874868	58.938553285216216	58.95087780341232	59.18430684907846	3.701691885013945	59.874490573401616	59.90852903419672	59.93370936633842	58.3867913340129	3.393740216789197	58.91312171984154	58.938741446536795	58.95074868817448	58.87949019607941	3.418153652990834	58.03476824278464	59.9448214383323	59.96652279958365	56.703251127191336	3.7864569248132667	55.678638070887075	58.07147189260324	58.84560875733113
6890000	59.54650104674319	3.5393487496027682	59.92466174496663	59.99000740576966	59.999675066339094	58.376890569214986	3.427100994005497	58.9504171814773	58.96084651784454	58.96850514330197	59.22553849499134	3.7102031297590594	59.938835562675884	59.9592575550768	59.97511161912185	58.38256596481443	3.3906309588855628	58.905450427198865	58.938562801309544	58.95103283878371	59.18295191369415	3.701432262482828	59.87460353933945	59.90653146568012	59.933227860324855	58.38739398487688	3.394361800838747	58.91312171984154	58.93888669596713	58.950872819625246	58.88032327234473	3.41927039175887	58.030823498222475	59.94298677936739	59.96630679571055	56.70610232127403	3.7843849414052655	55.678638070887075	58.07659833672368	58.84560875733113
6900000	59.548595413903186	3.539531607904305	59.9360625918272	59.99147533961097	59.999733341098555	58.37762291635546	3.4257719237028335	58.950790274797015	58.96156019467027	58.96815379462191	59.22617541708595	3.7104134596271354	59.94095045337615	59.96150936197077	59.97508973530922	58.38237086782242	3.390586972514108	58.905450427198865	58.93872233407423	58.95103283878371	59.184362091687014	3.7017064433672027	59.877416063291996	59.90887668633867	59.93595901067767	58.38723941618638	3.3939559438597864	58.91312171984154	58.93888052116701	58.95084578528794	58.88071512939636	3.4176123829092835	58.05210038851961	59.94610394105492	59.96784330558269	56.71028258337317	3.783141788021837	55.71548306377127	58.08352672551719	58.845894767379434
6910000	59.55441796395522	3.54004317092522	59.94881299413565	59.99269042695633	59.99977056144787	58.37646916823629	3.426277881919315	58.95058143189277	58.960697166378964	58.968445692903046	59.2278930689288	3.710183103604678	59.94226139754198	59.960136511158865	59.974861882390954	58.381923784729885	3.3911415670412315	58.905450427198865	58.93878709346809	58.951101975313804	59.18459124060068	3.7017091316770894	59.87803320026766	59.9078185651819	59.93344164653192	58.38689750041033	3.394514804258101	58.91398480676857	58.93890523660856	58.95090826100594	58.8798330850421	3.4177495122823274	58.030823498222475	59.94325226045192	59.96592049581181	56.711910430481076	3.7824541535065026	55.71548306377127	58.0878252172124	58.84548039072067
6920000	59.54474431867264	3.5389560613532924	59.929494712567724	59.99154273670783	59.99967718971155	58.37726176458804	3.4275892250752618	58.95095505441965	58.96114867263289	58.96904575569552	59.22944964185087	3.710420853759605	59.94319717708169	59.96313845784637	59.975735609221466	58.38335495984734	3.390561373170894	58.90586460881024	58.93878709346809	58.95112753135127	59.18461108906441	3.701696326802692	59.87792494104897	59.90674640305332	59.93382938033507	58.38834973154905	3.3943778171492243	58.91398480676857	58.93894598569156	58.95090826100594	58.88472405279409	3.4192106095459316	58.05675932784461	59.94433237023449	59.96694885917505	56.71540567753367	3.7804926059018666	55.71548306377127	58.0878252172124	58.84560875733113
6930000	59.548899387384	3.539615565708052	59.938397456757336	59.990961412304934	59.99971431559766	58.378032415720845	3.4268422644398004	58.94980358811628	58.960515806776996	58.96859519945387	59.2278912001273	3.710149768635828	59.94118787894638	59.96002886269305	59.974034862947555	58.38265252205344	3.391217794477611	58.90586460881024	58.93887585513729	58.95112753135127	59.18364201422696	3.701415357561779	59.87584841372403	59.90630424733777	59.93128074968077	58.38735865195462	3.396061528856447	58.91398480676857	58.93894598569156	58.95088496305167	58.88375741228798	3.4208130589457975	58.05210038851961	59.94408082636021	59.965296201753986	56.716443367615014	3.779677140792006	55.71548306377127	58.0878252172124	58.840923499787365
6940000	59.55118930723669	3.5398945723330333	59.94453627116302	59.99352839372259	59.999770802916174	58.377924574674736	3.4278918673564704	58.9512892889063	58.96043161341056	58.968525238571296	59.227875740763814	3.710144358779341	59.94025792970349	59.96165371325823	59.97514591659206	58.38273114286637	3.3908756594769613	58.90586460881024	58.93910226939947	58.95119499952006	59.18348746295851	3.7014334775483686	59.87592391660613	59.909074403631564	59.933475349418664	58.387444100017774	3.394639952166348	58.91398480676857	58.939073050600506	58.95090826100594	58.885293288521495	3.4186239848565116	58.06658666239085	59.94226074555251	59.96668733463325	56.72112060985432	3.7780341685460264	55.71548306377127	58.0878252172124	58.84548039072067
6950000	59.54814520352169	3.5394015665364025	59.936474681339945	59.99129846528236	59.999701712994586	58.37841285140083	3.4280604906241523	58.95071628593689	58.96075582169992	58.96847932166303	59.227302976435006	3.7099792587258533	59.93994363750686	59.96021638210121	59.97462580568197	58.38395352672346	3.3913851848791983	58.90586460881024	58.939135829386	58.95119499952006	59.18489887183892	3.7016597803548743	59.876289644753086	59.90916350013737	59.933531785238934	58.38846929371496	3.3959929889178264	58.914388030078904	58.939168335222014	58.951009398655906	58.890248243385855	3.418233375316412	58.082628627500334	59.944580972622774	59.966740285909125	56.723195082642825	3.7764351257193765	55.71548306377127	58.0878252172124	58.84548039072067
6960000	59.5488795285434	3.539742601168048	59.936930849536054	59.99122432200632	59.99972954780191	58.37842234237535	3.426076906776325	58.95023105536626	58.960257632817274	58.96827180275526	59.226356982216146	3.70985389601492	59.94006187894536	59.95931382335343	59.97440572306993	58.38314090312462	3.3910726665221977	58.905923342761454	58.93915908127011	58.95144716150446	59.18351216775274	3.7013591464882674	59.876835725860694	59.90530344603623	59.93146009598564	58.3876711075164	3.394736384342948	58.914704738720374	58.93925085232216	58.95106001889755	58.89325579307308	3.4157665906335164	58.08746927808088	59.943670447153394	59.967002823634324	56.724986484123484	3.7746885137542088	55.71548306377127	58.08950602506663	58.84123243747028
6970000	59.55259792475682	3.540083371580291	59.942573772304684	59.99359813619468	59.99981192027679	58.378873866020704	3.4261639974440743	58.95126503378124	58.9610526407551	58.96832151678285	59.227949123063695	3.710077325839627	59.94193648423847	59.96053239288295	59.97547487921764	58.382696810662715	3.3908679528676964	58.90593206242776	58.939204690850566	58.95169000348794	59.18530823239504	3.7017245143771667	59.87840710239745	59.90918227164391	59.933215922313934	58.387381175898625	3.3939424905184428	58.91490296268779	58.93925455102786	58.951009398655906	58.89463473070373	3.415494234678991	58.089166093166874	59.94417937820924	59.966137065016916	56.72741129592709	3.7744083931940335	55.71548306377127	58.08950602506663	58.84324170606476
6980000	59.549657512032255	3.539363194983338	59.935329818614036	59.99254243443954	59.9997870289819	58.377244385412304	3.4267193314077407	58.950733269089255	58.96087613427132	58.96792269692446	59.22789863201918	3.7100756480311645	59.941003960449414	59.96013260237333	59.974535238406915	58.38415419767488	3.390108359415454	58.90593206242776	58.93926242099505	58.95176023773227	59.184829168197595	3.7015571435387593	59.87589424808796	59.90827140291859	59.93426700929173	58.38904473994194	3.392555350176791	58.91490296268779	58.93925593654849	58.95106001889755	58.8999012029544	3.4168723050072183	58.089755656204545	59.946167870670465	59.967461055861286	56.72897188431661	3.7733551474091445	55.71548306377127	58.09430900449904	58.84123243747028
6990000	59.55178065978057	3.53941163727786	59.9423702311628	59.992688201456815	59.99971063885505	58.378641397767375	3.4270780841667805	58.95043805593481	58.96113051031101	58.96869955771102	59.2277228205023	3.710058531129544	59.94280256135953	59.960202756440616	59.974451250854244	58.38383927849578	3.3909728501796357	58.9060694618813	58.93926242099505	58.95180998169902	59.184283992707556	3.7013936255251116	59.875888966335566	59.907495443047885	59.93401694900051	58.38846893644153	3.3946959934019842	58.91490296268779	58.93925455102786	58.950953644782444	58.901150091624295	3.417125482379793	58.08746927808088	59.94600441228795	59.96695764468413	56.73183202521532	3.771850452521035	55.71548306377127	58.09430900449904	58.84039669245985
7000000	59.54949878653631	3.5390520235529492	59.936204963090276	59.991618427091666	59.999715959746744	58.37847838528664	3.4259122998982536	58.95075121088453	58.961301806532774	58.96821353278301	59.227987311616324	3.7100378113104013	59.942869030647095	59.96010507503209	59.97359251585033	58.38450355338866	3.3905030984925864	58.906336556654125	58.9394346831901	58.95176023773227	59.18268346202603	3.701027506426623	59.87522869463486	59.90469834434444	59.930525087505856	58.388851266722035	3.39363343160816	58.914704738720374	58.93925593654849	58.95106001889755	58.90345061284214	3.4143440458904086	58.0942413051215	59.94499643747868	59.966003034112035	56.735277399981605	3.77117984240755	55.71548306377127	58.09430900449904	58.84324170606476
7010000	59.55196499483048	3.53968346848217	59.941717875186086	59.993815150116106	59.9998393647144	58.37768323463859	3.4264269482091025	58.95088643919334	58.960972390741006	58.968077423080494	59.22913812974229	3.710293475944938	59.94437951580524	59.961204662545185	59.97374535709942	58.38494527275734	3.390721975605387	58.906336556654125	58.9394346831901	58.95180998169902	59.18589015103819	3.701647799297158	59.87862449419804	59.91052111787407	59.93406674570459	58.38937083621017	3.395462904270325	58.91510715371876	58.93925593654849	58.95106001889755	58.904506401525595	3.413897246295686	58.089755656204545	59.94571731176436	59.967524255065186	56.73864865605425	3.7697633262672277	55.71548306377127	58.09430900449904	58.845412291633835
7020000	59.54725360453814	3.5391336110823666	59.93060532342976	59.99134990344833	59.99962196756333	58.376625398415136	3.426696270755628	58.94912618446537	58.960224185824245	58.96744246449136	59.22656348909871	3.7097575158755416	59.938360242416636	59.95978154824906	59.974473343178545	58.38529726221237	3.390063373251149	58.906904770156736	58.939620347451054	58.95182977233266	59.18323048746514	3.7011421312965513	59.871521486859635	59.905861727819314	59.934096171709854	58.38944037467897	3.394542965943179	58.91510715371876	58.93929784639482	58.95103026762999	58.90724165975258	3.414695531608725	58.0942413051215	59.945424088456804	59.967115477999904	56.74114189069498	3.767796030638586	55.71548306377127	58.09430900449904	58.84324170606476
7030000	59.54484343009099	3.538610705867701	59.92559920361961	59.98994209587396	59.99966250208245	58.37790113334196	3.425488982256055	58.94971915346914	58.96106408954484	58.967296318727485	59.22738592831061	3.709917635367657	59.941359160707	59.96013545147533	59.97510047618187	58.38499110495145	3.390537112296882	58.9076759372102	58.93973786225533	58.95182977233266	59.18316649334521	3.700999479048842	59.87515565340043	59.90707280820213	59.93227485321884	58.38904642436096	3.394023274512248	58.91510715371876	58.939526908653335	58.95114706439702	58.909159660493174	3.410612632913825	58.10213715596398	59.94347953366821	59.96730436117302	56.74457207049574	3.765039264635855	55.71548306377127	58.107835864391106	58.84324170606476
7040000	59.54983936961426	3.539205967159834	59.93985999643011	59.9916181364929	59.999747854772906	58.37791644700116	3.4244013105723448	58.95061385103623	58.959843060012915	58.967711180552456	59.22895460033494	3.7102089874697373	59.94295131606928	59.961125892498885	59.975711206464545	58.385799190512216	3.3903094765983894	58.90779521386288	58.93973786225533	58.95181058632125	59.18410852253803	3.701161120644686	59.87628345983026	59.90738444409938	59.93321560099209	58.38932773898894	3.393544627198125	58.915463048611194	58.93958918964169	58.95114706439702	58.912011094276934	3.4101930156004605	58.11521588664564	59.94494697708498	59.96633692660113	56.74580821703843	3.765084798700165	55.71548306377127	58.1182817358586	58.84123243747028
7050000	59.54813675584295	3.538617916758213	59.937165589799235	59.9898513488325	59.99968604125276	58.3770996500028	3.426851842252932	58.950354121737675	58.960451246927555	58.968021556357705	59.22867093399057	3.710126201223413	59.94217918439206	59.96099372365305	59.97514732904723	58.3853556473607	3.3904723406578676	58.90779521386288	58.93979268662388	58.95182977233266	59.185385979337156	3.701264296873449	59.87661942583841	59.907180509846654	59.932566938874956	58.3888647275687	3.394130566188713	58.915716833320516	58.939641563732295	58.951116330477234	58.91287111681622	3.411792422670672	58.10213715596398	59.94641860061385	59.96830908591408	56.74789171888605	3.7643097344300376	55.71548306377127	58.12126573273544	58.84560875733113
7060000	59.55018440506372	3.538952791311679	59.93631625388271	59.991259186639866	59.999837626400776	58.37704929096577	3.426208037140643	58.94918376521187	58.96019642347271	58.96835498187164	59.22709245786839	3.709807612874964	59.93973474609433	59.959266161323995	59.97510173436022	58.38559405129767	3.3907778940593167	58.90779521386288	58.93991585766969	58.95189770120899	59.18622255736398	3.701397678547855	59.87499512541769	59.90743833670648	59.93552654352834	58.38931350217931	3.3943118982430573	58.915716833320516	58.93967683656891	58.95122877512781	58.91302351852044	3.4115108015761186	58.12472561495615	59.945819940754326	59.966991520437205	56.751154060287625	3.76234111097128	55.71548306377127	58.12126573273544	58.845894767379434
7070000	59.5438975473365	3.538930754023492	59.92765357417461	59.99055171054388	59.999629191934524	58.37756985943307	3.4275604159689474	58.94899873122891	58.95970915356854	58.968430439749206	59.22752723520575	3.7099058175104553	59.94126443599848	59.959701926223126	59.9752303905952	58.38564018803883	3.3908055192196183	58.90779521386288	58.93995770681079	58.95201473239643	59.184261132139184	3.701011273683486	59.87489488863247	59.90447076073109	59.93164220420306	58.3895291556275	3.3953594800146587	58.91637388463869	58.93975155709679	58.95122877512781	58.913233645811836	3.4101951087224047	58.11521588664564	59.945603227773006	59.96622655265879	56.75356442310105	3.760847524917617	55.760432706445556	58.12338692950302	58.842091199262384
7080000	59.55290089442891	3.5379994136210984	59.94010190565002	59.993467012537174	59.999720580065144	58.377594860520496	3.4271361406298606	58.94992528602644	58.9599407497095	58.96647762991824	59.22721642812078	3.7097801048796084	59.94015781655253	59.96010424549964	59.973756751543476	58.38547760336374	3.390583852496523	58.90811736266449	58.93997886301454	58.95201473239643	59.185355484243914	3.7012077013758047	59.87936384790334	59.90841968868577	59.930993714526544	58.38941488929094	3.393983317933505	58.91637388463869	58.93967683656891	58.95122877512781	58.91459633777775	3.4097176916288023	58.16819054114245	59.94464910736953	59.96753970543472	56.75707038612956	3.759460418592791	55.760432706445556	58.12507136925877	58.8468955709114
7090000	59.5501605341647	3.5381803830460528	59.93461244133409	59.99171390923893	59.99975783910638	58.37740172726239	3.4268753361758066	58.94935859520744	58.9604235246633	58.96753437602085	59.228232853241636	3.709947364124915	59.94107704671317	59.9609427348884	59.97428967364038	58.38647210868526	3.390135256500073	58.90861592459675	58.93997886301454	58.9521085366906	59.18449288385571	3.7010577178636477	59.87534811886155	59.90652533952206	59.93226025498542	58.39003465228667	3.394534740092212	58.916685851431886	58.940012173590794	58.951311003118015	58.91848302737442	3.409502656719962	58.188354894206526	59.945809751610135	59.967108577880616	56.76043557742261	3.757424176629351	55.782889045459626	58.12507136925877	58.8468955709114
7100000	59.55038111450983	3.5390307505155305	59.93566050892977	59.99237181556343	59.9997319573082	58.37826769142282	3.426934673944205	58.95095839569629	58.959969686383175	58.967771520050675	59.22889504220299	3.710101555837493	59.94264871747696	59.9612526789055	59.975224535653645	58.38641208461388	3.3907030243352523	58.90861592459675	58.94043347494453	58.95219784378316	59.18565452444511	3.701242865555439	59.87724913054291	59.90973946174973	59.93195477294276	58.39001925293474	3.3942211720181263	58.916685851431886	58.940053657299416	58.95141583029068	58.92141803756583	3.40916924303219	58.191870220473234	59.9467570661521	59.96814194191719	56.76426272162428	3.756105769970919	55.7956575542575	58.129699389923346	58.847718388125884
7110000	59.551450825809745	3.5395221472823586	59.93566170764192	59.99318448056379	59.99972733949607	58.37746476310673	3.4271369656037645	58.95137924354892	58.960248170671015	58.96712267193352	59.22741929086695	3.7098113947682028	59.94007150036289	59.96037640222356	59.97386752014748	58.38661668350199	3.390675968841202	58.90892561853712	58.94043347494453	58.95227675898198	59.18636936366175	3.7014096310519546	59.879370999874475	59.90807042778396	59.93401492456499	58.390087747346065	3.39451897953305	58.91734190144908	58.940137379041204	58.95138149485858	58.926809021005184	3.408217807918335	58.23125631646966	59.94692771473646	59.967265916269994	56.76633566735388	3.755406229037256	55.7956575542575	58.129699389923346	58.847718388125884
7120000	59.5513841300831	3.539445094526391	59.9458736651788	59.99412414196405	59.99988429333345	58.37826918767161	3.4243278267403117	58.95075432780717	58.95997001704548	58.967921076701735	59.22789271283272	3.7098902541591467	59.94107645656101	59.960154045062964	59.97390380376002	58.38696588709465	3.3904869883306334	58.90932292174298	58.94052592462441	58.95249006649585	59.185526229025946	3.7012770346179997	59.878409833504556	59.907466404088865	59.933147509060916	58.39085242938453	3.393746525795184	58.91734190144908	58.940192044238884	58.95141583029068	58.93236109125456	3.4050159909548285	58.252342543813306	59.946050042695504	59.96879555682352	56.76968708807918	3.75400659719933	55.7956575542575	58.129699389923346	58.84614567575035
7130000	59.551765253856445	3.539262249140906	59.94165883383564	59.99365069441368	59.999741630705735	58.37816509132067	3.426326628872281	58.950133668279605	58.9603029325883	58.96808960763346	59.2280114158636	3.7099679381506805	59.941045964373586	59.96047538715303	59.97461069977724	58.38670912905727	3.391172946762895	58.90920284150199	58.94052592462441	58.95255404547855	59.18510857314582	3.701147219325756	59.87579383667504	59.90712443879907	59.93208641333616	58.39021931373202	3.394959698329982	58.91781282838015	58.94024640195253	58.951581223187446	58.93567468501203	3.4067317979700946	58.2577044176073	59.94596564942272	59.96751672899916	56.77356177399867	3.7520979668559042	55.819231984393205	58.129699389923346	58.8468955709114
7140000	59.54954842376048	3.5391246529863523	59.9425799854834	59.99083412060016	59.999811907158715	58.37942390385583	3.4252112457558948	58.95073334243102	58.961050932718436	58.968673741377486	59.228947334017185	3.710139007624301	59.941739819272	59.96033873611125	59.975451258043016	58.387158471210086	3.39043272217068	58.910543794289694	58.940753203607315	58.95256844240397	59.18529679723153	3.7011608593412237	59.87661166540815	59.908603826153836	59.93111702927238	58.391082983201535	3.393171772055955	58.91781282838015	58.94027893085065	58.95169546300903	58.936131307066894	3.404922150636046	58.262114369935404	59.94490469913031	59.96750891139794	56.77840075767719	3.749459870496003	55.92505888328322	58.129699389923346	58.847718388125884
7150000	59.549450605294766	3.539063380885436	59.938244480484165	59.9910014482745	59.99969479946301	58.37868123761606	3.424726501665461	58.9501632389224	58.95996854134775	58.96809734108272	59.2297740084487	3.7097861047431446	59.94147173254787	59.96015033498805	59.97504396103031	58.387796304748804	3.389896543410813	58.910400978135975	58.940742063012195	58.95255404547855	59.18504252411953	3.7011140403329708	59.87584713376319	59.907162306698574	59.93466009475752	58.39138842658257	3.3921831373088063	58.91771762820391	58.94027893085065	58.95169546300903	58.938400174992815	3.4044557965815487	58.262114369935404	59.948478344390395	59.96801438870615	56.78012318990999	3.7492209935658556	55.95474390996237	58.13351788910319	58.847718388125884
7160000	59.55282540072912	3.5392684940466	59.939487811538825	59.991322010854276	59.999769517228366	58.379041915910555	3.4260083201901588	58.95022572257332	58.95989196403487	58.96766551240765	59.2296728570575	3.7097634336997367	59.94195522439462	59.959377794510175	59.97366168202578	58.387043429868385	3.3910927327025084	58.910400978135975	58.940834932838236	58.95256030679335	59.18523482680192	3.701103242253638	59.87782003143542	59.90483805253113	59.9331784028782	58.3905010947855	3.3940599109208907	58.91771762820391	58.94027893085065	58.95171131404412	58.938750212030534	3.4053754365825415	58.26583060786315	59.94713680984281	59.96712463918316	56.78235134272491	3.7475428089286438	55.95474390996237	58.13351788910319	58.8468955709114
7170000	59.545664007289005	3.539258461192506	59.93792997377859	59.99261738959057	59.99982894639871	58.379096652483	3.4242514112004483	58.94942073407944	58.96019345983869	58.96801679905656	59.229565887567965	3.7097338396463915	59.942271221354005	59.960967466384496	59.974655188591576	58.387606012038326	3.390921092667847	58.910543794289694	58.94087805549926	58.95276082564998	59.18388386706683	3.700844302362945	59.871122669593134	59.905817736799435	59.93366420835223	58.391145802400786	3.3947985472898536	58.91804794307748	58.94027893085065	58.95169546300903	58.942103861456935	3.403160029947681	58.269565575348295	59.94518654572366	59.96853531304768	56.783376159554564	3.746975705971161	55.970200086602816	58.136265602218565	58.845894767379434
7180000	59.54567802739992	3.538835777561057	59.926054797819376	59.99071267021134	59.999804800743156	58.37993061770138	3.4267385476911194	58.949192636462044	58.96060421756583	58.96818292701132	59.2295805747673	3.7096493846150413	59.94031888062778	59.95959870168197	59.974550633641364	58.38788828616549	3.390498233985226	58.910543794289694	58.94103079551023	58.952809849813946	59.18456437945441	3.7009509670444296	59.87420660746105	59.907211163359484	59.93359367533158	58.39145661080979	3.3941852914216057	58.91804794307748	58.940293538359725	58.95169546300903	58.942629068104225	3.404316978997664	58.269565575348295	59.94569078672485	59.967655269016625	56.78542251810331	3.746160066258555	55.970200086602816	58.14036052334326	58.845894767379434
7190000	59.550272724506264	3.539111220693378	59.94086697235312	59.992689978915614	59.999718680081315	58.38017726480261	3.4251237126049765	58.94861017547049	58.96028677986608	58.96750041008819	59.229966556207685	3.709734395058381	59.942109369599066	59.960477216493075	59.97413698768645	58.38735085812034	3.391116983421423	58.910400978135975	58.94101489126678	58.95276082564998	59.18503942814018	3.7010431438915568	59.87567550009926	59.908575708869094	59.93318843963033	58.39160954740127	3.3942820546394183	58.91874044692835	58.94068620397688	58.95169546300903	58.94366673553725	3.4023210370884627	58.277698411787775	59.94637370819203	59.966701193224736	56.78841175840439	3.744027858920042	55.970200086602816	58.14036052334326	58.845894767379434
7200000	59.54862146961308	3.539200248203427	59.93978254242707	59.99185796447847	59.99973944806571	58.37940010278071	3.4261920214667927	58.94991645366609	58.96031420849256	58.96759592683135	59.22881087470869	3.7094929614023173	59.93952740771383	59.9600606651731	59.97418206927858	58.38699703602453	3.3911002551408713	58.910543794289694	58.94112203121223	58.9528432759662	59.18313277556388	3.700668492439309	59.87320325409453	59.90687171896088	59.9319175671266	58.391334387879226	3.3945231943606933	58.91850321679177	58.9409942349384	58.95184096822662	58.94486820546295	3.4029495320568475	58.277698411787775	59.94710139925439	59.96701756216735	56.790002972891614	3.7428711163020774	55.97362904806833	58.14036052334326	58.84614567575035
7210000	59.551554882326194	3.5397358540872403	59.94460851559788	59.99359712341456	59.9996736816805	58.37961452957941	3.4255146954251514	58.949384919420446	58.96043188600365	58.968307164995124	59.23035682759479	3.7098099315855264	59.941956504980034	59.960758945311014	59.975880792948786	58.38818181083561	3.3908212532206408	58.910543794289694	58.94118440821971	58.95269356536891	59.185994226698185	3.701131127665882	59.88001864581779	59.90851697577726	59.93101465265643	58.391583536897286	3.394594618894875	58.91850321679177	58.941085733561295	58.95187276432092	58.946231709169744	3.4026881199985666	58.277698411787775	59.94814199285825	59.96836107461439	56.7919412234403	3.742299280465227	55.98484875867426	58.14036052334326	58.8468955709114
7220000	59.5474541256965	3.5393023512802535	59.93427229267534	59.989687309343196	59.999708587880924	58.37982637157826	3.426372368947886	58.95053069572313	58.96086210839587	58.96817970736322	59.229324502152956	3.709591355217649	59.942794969070306	59.96018686996864	59.97441112923802	58.38755239574056	3.390824534800053	58.910543794289694	58.94118440821971	58.95283865344685	59.18485802845367	3.700914216309644	59.87429341534865	59.90763821282515	59.932136994899224	58.39169230270225	3.3941784778872353	58.91850321679177	58.941141197788646	58.952062451349605	58.947318942026584	3.402924736838718	58.277698411787775	59.94542849688678	59.9679387484768	56.79385836514409	3.739916533992387	55.98484875867426	58.14036052334326	58.84123243747028
7230000	59.545057447625304	3.5388950253609397	59.93259411251796	59.99075392521988	59.99964315385516	58.38100760437982	3.425183245157603	58.951581254265676	58.96099524712162	58.96843850982119	59.22994642323946	3.7096917419038364	59.94205399808489	59.96037248885196	59.97454102277631	58.38783620738933	3.3900786296700223	58.910543794289694	58.941389035797926	58.952809849813946	59.18448981713107	3.7008947485242794	59.87446992765984	59.9063826087822	59.93376108054527	58.39215028551395	3.3928546698083992	58.9191414561243	58.941141197788646	58.952062451349605	58.94998595266046	3.401283090256559	58.277698411787775	59.94481153206678	59.96839039401172	56.797093606572744	3.738835525604583	55.98484875867426	58.14036052334326	58.84614567575035
7240000	59.54987448526108	3.538279026302219	59.93730150578514	59.99335776045788	59.99968181897597	58.38118755085403	3.426229141163567	58.95183178863343	58.96097794728984	58.96828198671081	59.23024841812658	3.709692939650508	59.94252723929217	59.9617234302318	59.97513259747738	58.38794745230561	3.390304001408871	58.910543794289694	58.94130774570402	58.952809849813946	59.184997334878034	3.7009849847308707	59.87683611085649	59.90813769791193	59.932271030110115	58.39146296253617	3.393731801389999	58.91861207003862	58.941141197788646	58.952084969048414	58.94989514431369	3.4034983909357366	58.277698411787775	59.94708505399001	59.96744088151953	56.800309409511755	3.7388208033367487	55.98484875867426	58.14178753873855	58.845894767379434
7250000	59.54995644339949	3.5387928149136765	59.93811189699462	59.99114623789603	59.99971053099219	58.3797354712999	3.425277925165744	58.95048339895001	58.96119762692479	58.968391261055096	59.22880303827791	3.7094042957826616	59.93789768846629	59.958421663578434	59.973601383310225	58.38782838213535	3.3906828010678045	58.91068512479839	58.941389035797926	58.952845542391685	59.18381679295722	3.7007009925967336	59.875171813713294	59.90428475757885	59.93268403793955	58.3922256029084	3.3939240564274895	58.9191414561243	58.94111057892067	58.95216042885741	58.95178663203354	3.4005457620207054	58.28744491407748	59.94443608135937	59.965742494602836	56.8037095864664	3.7370853122888428	55.98484875867426	58.14178753873855	58.843359549784935
7260000	59.55066153663192	3.5384342967391427	59.941198408514694	59.99199104598331	59.999686674394304	58.38029368421445	3.4259644814193604	58.94991285799536	58.960522058567506	58.96877398075361	59.23040160952922	3.7097053549474435	59.94149695156803	59.95994325846121	59.9750832315853	58.387235149204464	3.3916266615680715	58.91068512479839	58.941452429216625	58.952845542391685	59.18422844190922	3.700761179137707	59.87526694787146	59.90677413820106	59.93140531344409	58.39110977460506	3.3955884078734444	58.91949183905617	58.941141197788646	58.95226653419837	58.957480260753655	3.401013173902348	58.33307504250553	59.94601273254062	59.96866192782534	56.804383377589794	3.7370667502319956	55.98480985091905	58.14178753873855	58.845894767379434
7270000	59.54715675615406	3.5360117964399826	59.93289268235122	59.99091316393768	59.99964289111479	58.38055308592712	3.425547291596033	58.95124477766443	58.96143656019643	58.96829041704886	59.231268520369525	3.709865287302907	59.941489106728255	59.96066467892368	59.97543442736999	58.38880738311452	3.390244303547551	58.91109151693709	58.94146832051028	58.95286205980999	59.18588243480351	3.70102144506743	59.87678781073974	59.90738086629482	59.93313680322104	58.3926800293385	3.3933788459401586	58.91949183905617	58.94111057892067	58.95225376661254	58.96048947930904	3.4007323712966566	58.33307504250553	59.94741687911186	59.96740553534151	56.80786891126575	3.735108512219487	55.98480985091905	58.159420955995756	58.843359549784935
7280000	59.54906713265992	3.536434895536714	59.93512395230691	59.9903217155407	59.9996039521109	58.379645232424856	3.4263598220331786	58.952357956180535	58.9609756735987	58.96829132227117	59.22994806897325	3.709578357368586	59.9399477532623	59.96018894148784	59.97370255086021	58.388508954771545	3.391021373542209	58.91109151693709	58.9414836237396	58.95285968174611	59.18565056377253	3.7009551786988233	59.8753954517641	59.9071354156768	59.93289494729672	58.39243465368085	3.394342086119104	58.91949183905617	58.941141197788646	58.95226653419837	58.962099442501945	3.4012927186638273	58.33307504250553	59.9472331934504	59.9679486729575	56.80937591758794	3.733122347724776	55.99402833877599	58.16181646943503	58.84079934135356
7290000	59.548475025854366	3.537548314669505	59.92879412382351	59.99138423008381	59.999597147496175	58.379233640093865	3.4248274504059264	58.950261959160024	58.95968791939081	58.968083865768946	59.22899415297642	3.70936292495864	59.9403505533831	59.95965080722584	59.97321050110566	58.38854918881423	3.3908789760135707	58.91156169394121	58.9414836237396	58.95283865344685	59.183159250652054	3.700467889174685	59.87406375105591	59.90351313901502	59.93183270410795	58.392680749411895	3.394048966377659	58.919569488599194	58.94144704484447	58.95232218216578	58.96607621571711	3.399628032192182	58.34502630051859	59.94493680623579	59.96652553621857	56.811812841005626	3.7304290341278317	55.99722953183331	58.16181646943503	58.84049208450207
7300000	59.54904369668113	3.5383474573427853	59.94171752935471	59.99136014189166	59.99973712054807	58.37893838154109	3.4250408469288813	58.950584117595724	58.96049093636414	58.967680704708314	59.2303548256456	3.7096006148287106	59.94160039930151	59.96028174503624	59.97447706130009	58.388874289823534	3.39118034578742	58.91156169394121	58.94151704460888	58.95283865344685	59.18407586996455	3.7006493051225573	59.875740263029876	59.904989103260775	59.932899931784895	58.39316751282243	3.394403559891597	58.919603868299475	58.9416849863332	58.952281440273396	58.96806943718173	3.398904763803272	58.34502630051859	59.948048252202824	59.96764112557737	56.81668352920774	3.7276744043479804	55.999615658959044	58.16181646943503	58.83801162631789
7310000	59.54840668203381	3.5385612484626483	59.931958672451	59.991829778262314	59.999832528710385	58.379834170733325	3.4248370000320376	58.95040974600668	58.96091197192498	58.96800692656076	59.23127791321736	3.709805825056729	59.94191008158052	59.96194177230437	59.97558895114862	58.38886206182194	3.390591774296364	58.91156169394121	58.94151704460888	58.952845542391685	59.186478422783225	3.701115754163535	59.877097024187854	59.9084171187743	59.93548714913974	58.393001290793045	3.3928196512660262	58.919603868299475	58.9416849863332	58.952281440273396	58.9704079135161	3.3989381457109773	58.36372898033661	59.94813050914183	59.96821208999103	56.81859964966229	3.727168418575712	56.00116397057059	58.16181646943503	58.83692082171848
7320000	59.549839997832784	3.5390054973202125	59.939665642416976	59.991045850202084	59.99966200011232	58.37964885237892	3.4254196878022816	58.95018298511516	58.960758160567	58.96809497262696	59.2295200554339	3.7094772789366544	59.9401101540794	59.95985119741145	59.97460147490901	58.38934082283962	3.3902970010987312	58.911627591845956	58.941584654055305	58.95286809614913	59.18293812337812	3.7004240696430597	59.871820590267895	59.905285259754464	59.93131669078042	58.39325656516632	3.393164692879789	58.919603868299475	58.9416849863332	58.95232218216578	58.972077802828515	3.400568148145688	58.36372898033661	59.94818326488379	59.96764621837274	56.821318580695454	3.7260694783697326	56.00296502476131	58.16181646943503	58.83801162631789
7330000	59.54723061503312	3.5386302988008915	59.934654306779414	59.99158499762354	59.999653512871134	58.37894992428251	3.4258853301600016	58.950265596305734	58.960836124064045	58.96815711185063	59.230381733575356	3.709620086617269	59.941748252455284	59.96031595671813	59.97479473589625	58.389041352330025	3.3909156357419112	58.911627591845956	58.94164153205854	58.95286809614913	59.18595592918738	3.7009847244188943	59.87688471496242	59.90741490835434	59.9332512686557	58.39325649368145	3.3940895882250177	58.9197104940775	58.94184576382719	58.952554332210795	58.97370211437123	3.4000415448755255	58.36372898033661	59.949844798706785	59.96816558244497	56.824927067512114	3.7253898554905	56.00434921990477	58.16181646943503	58.84206530392904
7340000	59.55083800733342	3.5394092273634454	59.935592747680744	59.99135784397068	59.99966445504197	58.38037912562982	3.4244842099635258	58.951091586410406	58.96215444612682	58.968701689238074	59.23166199730351	3.709832978963955	59.944352226755726	59.96266106854288	59.975154203658725	58.38908955610281	3.390750330697403	58.911627591845956	58.941666309439746	58.952944629289526	59.18589664306544	3.700963947851877	59.87863758591168	59.90772758050319	59.931949799836005	58.39275529859637	3.3944541474397427	58.9197104940775	58.94184576382719	58.952554332210795	58.97416077624774	3.3978438861249405	58.36372898033661	59.94770393668709	59.968687938276226	56.83056470667425	3.722523569891128	56.00458574091223	58.17849493751804	58.84206530392904
7350000	59.55174774610375	3.539692633081899	59.94184123915272	59.99241960600464	59.999741698624895	58.37983782062471	3.4250379002652616	58.949783060285434	58.96056571499978	58.96846342487176	59.2305654743277	3.709685994502105	59.942898366150196	59.96089655643485	59.97411982370985	58.389990609486	3.390151198424827	58.912474966936344	58.94170110482827	58.95308699527716	59.18397688346799	3.700610159909734	59.8754983250298	59.90657111734561	59.931029917199076	58.39391743758245	3.393048387350667	58.92004903457037	58.9418613394498	58.95240196770287	58.9770631373944	3.3990559653063457	58.37040832568692	59.945133263292675	59.96688689162124	56.83300416238528	3.7212255443043527	56.00458574091223	58.17849493751804	58.84206530392904
7360000	59.553156173344796	3.539173897402511	59.94168353989489	59.99285840470789	59.99984828370535	58.37983359200913	3.4248127397720878	58.95021705554967	58.96069918582053	58.968419116154266	59.231173446481435	3.7097978357742982	59.94329230014331	59.96217065910744	59.975826462610094	58.390266390478665	3.389885784624589	58.912474966936344	58.94170110482827	58.953175111209404	59.18814014015174	3.7014155089497804	59.8773123930774	59.91068964583562	59.93798406588055	58.39453150251075	3.3916325128410887	58.920349611402756	58.94204282235983	58.95240196770287	58.981770998805466	3.3975912269235917	58.37040832568692	59.948707277045	59.97018741554941	56.83740544180231	3.7187734910943115	56.00699401142996	58.17849493751804	58.83801162631789
7370000	59.553136708621494	3.5391917289992043	59.941739897663915	59.99294540070483	59.999668920925565	58.38042346594704	3.426594703055634	58.951420872675044	58.96078994856535	58.96937563102064	59.230345450892266	3.7096316167054595	59.94082583038599	59.96083261822932	59.97446641789022	58.389642225126046	3.391425949980796	58.913111972877175	58.941741928435036	58.95339029566259	59.18641111949578	3.701058237935127	59.877820899397	59.90944780158654	59.93390171498693	58.3936822896801	3.3949508026646122	58.920349611402756	58.942075963868895	58.952570992672285	58.982413191123584	3.398335980090802	58.38381378249302	59.94868083371634	59.968732030864025	56.839477241646804	3.7185639329521094	56.009214053517574	58.17849493751804	58.83801162631789
7380000	59.545717882814195	3.538436596175335	59.929560463972905	59.9881437492407	59.99973072302439	58.38071367683502	3.4258824120377533	58.95090139105044	58.96091610264071	58.9685837158636	59.2310977971387	3.709784835778261	59.942643229225794	59.96121156909783	59.97560167585253	58.390134095394004	3.3913030643278623	58.91327005247577	58.941953760552536	58.95327540664719	59.18560910635761	3.7008587041549523	59.87593293847993	59.908506347726075	59.931373087808375	58.39369474827979	3.395350383283817	58.92052156020881	58.942111367959704	58.952570992672285	58.98139104150275	3.3979832147312803	58.38381378249302	59.94713933175317	59.966776208088135	56.84147656055735	3.717913427453061	56.009214053517574	58.17849493751804	58.836403805063576
7390000	59.54769964748967	3.5383505257002352	59.92807377592389	59.99137684346847	59.99978459464114	58.38024979701803	3.425630405886755	58.949713558813656	58.96131564405328	58.968390922119376	59.23020225299963	3.7089697537318895	59.940117879581976	59.96093189848146	59.97475132733271	58.39002251709814	3.3902024335636245	58.91327005247577	58.942022395517625	58.953175111209404	59.18484454623335	3.700691261230194	59.87457217057813	59.906745202693315	59.93208749174981	58.394529079463645	3.392904644157323	58.92062546010397	58.94219436758844	58.952570992672285	58.98487491072715	3.3971886197558296	58.39283028837506	59.9485233772433	59.96823410314505	56.84308634370413	3.717754769656343	56.00660036164744	58.17849493751804	58.83654487505854
7400000	59.54549526206401	3.5383804567729027	59.929771307119346	59.989985532269785	59.99963057451505	58.379633659068084	3.4279759660360973	58.950713326852906	58.9610240309356	58.968426891852374	59.230510931420504	3.709065450193974	59.94355816343928	59.96049351222149	59.97381160835451	58.39001344267708	3.3908497952823735	58.91327005247577	58.9420774635189	58.95339029566259	59.18659825336834	3.701006495992247	59.87714948858866	59.90885925753337	59.93382219368312	58.393815584629394	3.3941420519382617	58.92062546010397	58.942111367959704	58.95264812470067	58.98458559298717	3.399348631153513	58.39283028837506	59.9466669719981	59.96753759008971	56.844597813592536	3.7167080847221223	56.007216714422654	58.18521976359055	58.83692082171848
7410000	59.5541545026334	3.53945411384011	59.938066760668406	59.99125944021215	59.99984455011142	58.37879145474033	3.4259674439579277	58.95015730390848	58.96138709212188	58.968528275925706	59.232122381286935	3.7093328327396287	59.94362732108874	59.96210539664209	59.9754479675589	58.39117076313384	3.3910772999944463	58.913300867446864	58.94196599722938	58.95355977176636	59.187893463916126	3.7012415786476027	59.8802106532642	59.909174558939725	59.93357428579083	58.394927871159304	3.394734875409213	58.9207486046584	58.942112456088154	58.95266969226515	58.98913804230018	3.3970283493651063	58.39283028837506	59.950219194771435	59.96949411092085	56.8475595223917	3.7162191355289083	56.00660036164744	58.18521976359055	58.84206530392904
7420000	59.54858109287876	3.5395148861427077	59.93713698216421	59.992226862188815	59.99981019830196	58.38039259272607	3.425590036532077	58.95054228815806	58.96088865166311	58.967389424701075	59.23036382623378	3.7089746703880873	59.940512468558325	59.96045934473828	59.97447199974989	58.39073528913047	3.390761415427705	58.91327005247577	58.94214229947069	58.95355977176636	59.18453884860082	3.700581752254862	59.875702179794374	59.907148583109134	59.92888673552381	58.394315666257754	3.3937182986852825	58.9207486046584	58.942282886640584	58.95271382304328	58.988402734390434	3.3955697195484977	58.39283028837506	59.94931297762898	59.96788225745197	56.84889968701593	3.715346067721546	56.007216714422654	58.19556932462379	58.83801162631789
7430000	59.54720166250605	3.539698877963929	59.93426261424419	59.993054819618365	59.99979892726627	58.38069738373308	3.427097031010101	58.95120769428865	58.96127981666751	58.968490862622815	59.23162520384091	3.7092187270338215	59.94264217027943	59.961750969400185	59.97553976612427	58.3908147579368	3.3916122655306693	58.91327005247577	58.942368586535764	58.953492876098245	59.18713691955848	3.7010845806598405	59.879559470319506	59.90854544807698	59.933527354942996	58.39411991362478	3.3964261660782546	58.921271798272976	58.94239103023907	58.952729609704676	58.992901474413195	3.3961654927466443	58.405844393137045	59.94749826236733	59.96726947890243	56.85086704410326	3.7142638005629207	56.007216714422654	58.20084267953863	58.83801162631789
7440000	59.5539586673434	3.5405286953617865	59.944674837216745	59.992823888332026	59.99979685416852	58.38126127642928	3.425751213909704	58.95225932380434	58.96158393414463	58.968614244101474	59.2329155896334	3.7094772278295975	59.943225518806564	59.96237106894337	59.97553030963376	58.390987598574334	3.3909947298376717	58.91327005247577	58.942368586535764	58.95345315691405	59.18659295701979	3.700969599648764	59.87791692168674	59.90746898993885	59.934337701382915	58.394384334605036	3.3945213386265856	58.921507904428296	58.94258694028388	58.952729609704676	58.99543535733859	3.3954642734870437	58.405844393137045	59.94947422538584	59.969600830439454	56.85273432407274	3.713520354881073	56.007216714422654	58.20084267953863	58.84230274351239
7450000	59.54744662744867	3.5393951587128334	59.93023664633762	59.991035030318955	59.99965048797775	58.38040470833706	3.42653218711082	58.95056991261694	58.9609231170134	58.9683640806335	59.23095175730944	3.7090337737006744	59.941390532389576	59.95994256008146	59.97502502036076	58.391801399497	3.390442159632783	58.91327005247577	58.94239230470447	58.95345315691405	59.18521953097379	3.7006875592377146	59.87519732992097	59.90717172004241	59.93180555559127	58.39595711093084	3.3933696198196945	58.92144684061033	58.94258694028388	58.95274945323461	58.995980984536715	3.3968599151592036	58.42324838525976	59.9479468877537	59.96763355748206	56.85534956861175	3.7122699189198736	56.007216714422654	58.20084267953863	58.84230274351239
7460000	59.54634169543785	3.539377904620831	59.932253265528814	59.989926621942004	59.99959142750376	58.380213686473425	3.426738365399154	58.95061786671856	58.96039074520141	58.96839914584873	59.230707503478364	3.708960778155304	59.94160088106242	59.96054170149033	59.975525054655506	58.391071677850086	3.3914269672287896	58.913300867446864	58.942368586535764	58.95342179530823	59.18525598109492	3.700715618971062	59.87532770284409	59.90740118983758	59.931295978623744	58.39498903299534	3.395176428053464	58.92144684061033	58.94282562021017	58.95282477786258	58.996335249384664	3.3946261253303347	58.43437954860882	59.944922266617624	59.96671386715995	56.85752716428705	3.711770773531786	56.007216714422654	58.20084267953863	58.841279253438444
7470000	59.54502280570756	3.5391126276141787	59.93039035317087	59.99054522835421	59.999732216147905	58.3789205449668	3.4251709539438053	58.95029808777132	58.9611470462518	58.96860240622158	59.23113237894324	3.709044849765775	59.94253828195458	59.96147636119053	59.97405718104849	58.39055376085596	3.3911129552448736	58.913300867446864	58.94239230470447	58.95342179530823	59.1857311322694	3.700791295901422	59.87594547187116	59.907076469090995	59.93262248070536	58.39482071669581	3.3943038350172254	58.921604660643155	58.94290358874261	58.95298345347793	58.99936806221123	3.3925630313702837	58.43437954860882	59.94805120899734	59.967329401023584	56.85971792364502	3.711313677539099	56.010091334568244	58.20084267953863	58.841279253438444
7480000	59.54995318746748	3.5396366914751427	59.93991664269722	59.99215453976065	59.99974323696748	58.3786111349714	3.426816580333695	58.949916351125985	58.96090316526134	58.967940707930524	59.23120313056412	3.7090210678443944	59.94345968521479	59.9612134325829	59.97499357890329	58.39181451382916	3.3908114860565477	58.913300867446864	58.9424203015798	58.95349112813287	59.18618818121279	3.7008795339784024	59.87576521047205	59.90848625534879	59.934998114119416	58.395424539500574	3.394865841045122	58.921507904428296	58.94286834626339	58.95307011245096	59.00114884712079	3.39394063276483	58.43437954860882	59.94843639612042	59.96820827415324	56.86309142305312	3.71025313384549	56.01122755154779	58.205346618715645	58.846058512319885
7490000	59.55009439706939	3.5402732075104786	59.934686023585556	59.991006349893425	59.99978517377558	58.37893661972165	3.426282368722761	58.950162274585026	58.96055771069507	58.96805388572245	59.231676610293526	3.709116309443842	59.9432302922396	59.96107745937398	59.974071355899525	58.39067139191048	3.392126520186171	58.913482287958665	58.9424203015798	58.95345315691405	59.18614404956377	3.700835450619216	59.87888104985333	59.90782505158444	59.93176891916501	58.39456192786781	3.3961904556347613	58.921604660643155	58.9429204278963	58.95307011245096	59.001624178982986	3.39309890709477	58.436909265949005	59.949755317176724	59.96861201566928	56.86484416178663	3.709016690151409	56.01075247304489	58.205346618715645	58.84248290366219
7500000	59.551818741022934	3.5402705250681863	59.94510914168072	59.9927241219891	59.999792650509036	58.379616692472965	3.4262009920455263	58.95000782660033	58.96084659893634	58.96809953268071	59.230275692371904	3.708822397283716	59.94063299044173	59.96024708047585	59.97411992756152	58.39127624963274	3.390892636582708	58.91414679733046	58.942368586535764	58.953389995052746	59.1856016862499	3.7007181702769874	59.87619364652296	59.90796070214481	59.93076189362097	58.39510063705469	3.395080855092327	58.92211578857542	58.94297365688696	58.95308499095358	59.001984927855965	3.3931023586309608	58.436909265949005	59.94764975443728	59.9679279456496	56.86669974447631	3.7092527049083373	56.01075247304489	58.205346618715645	58.846058512319885
7510000	59.55058461878173	3.5398813128243867	59.94767056051389	59.991986145730806	59.99968030494716	58.37925260017134	3.425825900862288	58.950269269829036	58.96057444955769	58.9680710768181	59.230889858666	3.708935553164494	59.94289733405088	59.961460457495775	59.974225226487405	58.39217596476527	3.3911492394053	58.91479848246261	58.94239230470447	58.95345315691405	59.18657858061466	3.700877384345269	59.87857993144366	59.90943102493556	59.93251556413474	58.39623637324487	3.3946376216729726	58.92211578857542	58.943157582277905	58.953160070969446	59.00631311206636	3.3939445479435055	58.44671378163436	59.948970914415966	59.96978126505941	56.86924596825732	3.7085594581115426	56.010931948313825	58.205346618715645	58.84492869584683
7520000	59.5529381959573	3.5400370206760976	59.94590911494923	59.99230245522569	59.999762460573095	58.379065651320424	3.4260820040322817	58.950050526750175	58.96073246360042	58.96748250818433	59.23080712949124	3.7089554063673846	59.942404598150134	59.9592794604199	59.97477776276076	58.3920328109034	3.3913575649309924	58.91507498199793	58.942416774643675	58.95349112813287	59.18349465235139	3.7002882965010633	59.87288128152228	59.90354266929957	59.931992392427574	58.39587289373653	3.394615671973338	58.92180415441929	58.94318279765323	58.95318645053518	59.00855802870369	3.392612682181288	58.44671378163436	59.94852350536557	59.96737811315092	56.87217502972928	3.7067959511237634	56.01075247304489	58.205346618715645	58.84664187138629
7530000	59.548798440845914	3.5394815248535916	59.94003997888568	59.99154916678161	59.999670225183166	58.379485564653564	3.4278425910924266	58.9516005148409	58.9617148559441	58.96853865549788	59.23187388176982	3.709120341095772	59.94314400205068	59.960972503767834	59.97484054814472	58.3918568255503	3.391217861692018	58.91520075118191	58.94248710763775	58.953521643052156	59.18636814689335	3.700797627206543	59.87748322606634	59.9073408625702	59.932648787421066	58.39584569711293	3.394699124692462	58.92211578857542	58.94322763151625	58.95345971627445	59.006625954931316	3.3934449616846107	58.44671378163436	59.94784171370968	59.96754595606757	56.87408332563543	3.7065238749889615	56.01075247304489	58.205346618715645	58.84695728955055
7540000	59.54662395329547	3.5391268355340904	59.927588798644905	59.991605134252325	59.99965205298966	58.379696670454905	3.424033008005933	58.94996121686407	58.96086667389267	58.968577901420026	59.230239465642974	3.7088216955327873	59.94129617622261	59.95976654734524	59.97386297608628	58.39203233127506	3.3905718333041097	58.91556213590929	58.94252332487943	58.953582552772886	59.18561629755269	3.7006499169522713	59.877307419305104	59.90942309672311	59.93023474077609	58.39585423478209	3.3937075420635177	58.92211578857542	58.94322763151625	58.953471449689225	59.00900697285094	3.3894636460464995	58.451167352380985	59.95021407332666	59.96772296120736	56.877035606763506	3.7056233304049555	56.01058203102069	58.21294815753981	58.84793571106621
7550000	59.550567775057466	3.539224065994833	59.94133545834105	59.989911004044565	59.9997982992017	58.37976429079162	3.4244912548323585	58.94982535471156	58.95997977924996	58.96771959701634	59.23156097590018	3.7090480814686524	59.9416886915093	59.9612798246832	59.975541569691586	58.39347515682468	3.391061062505814	58.91556213590929	58.94256222632329	58.95363309947581	59.18487794209087	3.7004950514826245	59.875550216726836	59.90814999544584	59.93255635881608	58.39732704431991	3.3956008187344775	58.92256366923454	58.94322763151625	58.95348332988339	59.01318676443091	3.390754476292873	58.451167352380985	59.9481965325144	59.96785557380236	56.87818501944136	3.705275341509886	56.00909843867552	58.22009675679182	58.84793571106621
7560000	59.55001123885149	3.53934426983335	59.93556583437072	59.9880123986281	59.99967472284076	58.3806928186807	3.4246159756265606	58.95106112804711	58.96083360342227	58.96784554825043	59.23146635434617	3.708968026922569	59.942637257046144	59.95982533957628	59.9732502532437	58.39332361963777	3.390427030072167	58.91563222649911	58.94249567761793	58.95363309947581	59.18514387987335	3.7005063160902374	59.87598200462643	59.904117692839336	59.93148726259008	58.397471250832524	3.393890391831532	58.92296909302172	58.94358005596051	58.953514238534666	59.01636580667133	3.3900128540785355	58.47557923534412	59.94893159741095	59.96735820385106	56.87915281777415	3.705282637321185	56.00909843867552	58.22009675679182	58.84835239747669
7570000	59.54738618289384	3.538927506782031	59.927359989957964	59.99176032400297	59.99975512053891	58.37961202876207	3.4252462904283987	58.95154007990166	58.96073965420455	58.96815851033174	59.2315230367048	3.709038227482013	59.942811016530555	59.96253715284942	59.975192054887316	58.393052489257265	3.3903885847593296	58.91563222649911	58.94256222632329	58.953654942529454	59.18685519947044	3.700816939862184	59.878263786643956	59.909561510042245	59.932775881552715	58.39691976243583	3.393520026346552	58.92296909302172	58.943598184039246	58.953514238534666	59.016644749728464	3.391478442883904	58.49494964697905	59.948847666983355	59.969057439835574	56.881453315999984	3.7040246039539464	56.01062688585506	58.22009675679182	58.84793571106621
7580000	59.548636300493904	3.539233712335902	59.938010964884796	59.992034991034856	59.99972274970492	58.379710920490595	3.4256483622915175	58.95076934454117	58.96021418564361	58.96779217406206	59.23092385231683	3.708900914635398	59.94232053984062	59.95969628667291	59.97496228181298	58.39323205294932	3.391158002064749	58.91563222649911	58.94267928871252	58.953654942529454	59.184926568656614	3.7004200727262355	59.87529691504024	59.90568178541106	59.931635170204885	58.39727866051143	3.394519401378251	58.92296909302172	58.94370706271556	58.95348332988339	59.01679561353388	3.3907096878628638	58.49494964697905	59.94884200439893	59.96844388798025	56.884042762503036	3.702515038902083	56.01112394386954	58.22283257237295	58.84913730099746
7590000	59.54990552282718	3.5399551344279323	59.93676561338806	59.992096845437715	59.99983747263984	58.38041904847641	3.4247936330007884	58.950035397697725	58.96101933259654	58.968266815540304	59.23112844869301	3.7089189155957016	59.941511241792746	59.962866241878565	59.97583859185811	58.393390483656546	3.3911343059538823	58.91570191379527	58.94291898537813	58.95372404386296	59.18754998777691	3.7009331248843984	59.88055420047074	59.91050800882125	59.93259443683526	58.39733205010904	3.3946949043644103	58.92331501802096	58.94372472961204	58.95348332988339	59.01797351145189	3.38935522300141	58.49494964697905	59.947993531625805	59.9678235438547	56.88693596572227	3.7008607909252773	56.01122755154779	58.22283257237295	58.84968206101746
7600000	59.547232607916506	3.5391638286191447	59.93136641130991	59.9908066934055	59.99969321987986	58.37984144110678	3.4252482185388167	58.949813599057705	58.960751794918096	58.96837055660535	59.23142299283314	3.7087735208969375	59.94144218741331	59.96077755762576	59.974737486614266	58.393475180225664	3.3908041275461716	58.91628301586309	58.94316570884135	58.95374178541981	59.18621607760382	3.7006713484399363	59.87798188340671	59.907305522453655	59.93316673414064	58.39762558854908	3.3943515914111293	58.92331501802096	58.943746288159296	58.95355728632636	59.01894233641217	3.389673528186215	58.50738566731187	59.94830812484407	59.96739338381494	56.88989890295563	3.70007343471585	56.01122755154779	58.22283257237295	58.850101277817586
7610000	59.551555174173224	3.539183602032595	59.94267270306994	59.99437817891801	59.99980656697379	58.37898656645029	3.4252398599376734	58.95038829397071	58.960528173602114	58.96779239849705	59.23172787320892	3.7089330983581026	59.94303539858443	59.96138403602301	59.974902403338	58.39353361555141	3.391031003222306	58.91628301586309	58.94322539383235	58.95374747753626	59.186515952812755	3.700704912945658	59.87762030079404	59.90790990568682	59.93333003974863	58.39810759614074	3.393427332720713	58.923468022337644	58.94388347270508	58.953514238534666	59.02048644473224	3.3897051017592728	58.5179085024061	59.94791325879529	59.968184946844794	56.89260198263932	3.698811306352178	56.01122755154779	58.22283257237295	58.850101277817586
7620000	59.55038769591032	3.537473224427974	59.9396168101832	59.991626742901474	59.99974351662748	58.37975406125773	3.4261742164139157	58.949598711306784	58.96073619249577	58.96858589838776	59.232143450135275	3.708989343174983	59.942056650173114	59.961748055206236	59.97500961378303	58.39350100597719	3.3911930203315843	58.91628301586309	58.94333235097748	58.95378876399682	59.18698027382899	3.7007686795428514	59.87855909740856	59.90738540939467	59.93303446116779	58.39759874780575	3.3940785771564124	58.923468022337644	58.944012265321646	58.95356115711847	59.02233460804851	3.389889568974545	58.5179085024061	59.95158404233044	59.968733397398225	56.89530100241579	3.6974191454943792	56.01181035629878	58.22283257237295	58.84988075944938
7630000	59.55094986811302	3.537968336331937	59.938389474363106	59.991679940170734	59.999717959127004	58.38102511230234	3.4257934325538537	58.950459698538594	58.95998903025343	58.968106993317846	59.23105914361952	3.7087854787825574	59.940989403978264	59.95985399085827	59.973782468582556	58.39440607184498	3.3901414706298136	58.91628301586309	58.943424036272994	58.95385661841605	59.18608070705567	3.7005887185922814	59.87673250085312	59.90678497416839	59.93179594905729	58.39828524961427	3.3943819211543387	58.92374158743621	58.943988260100824	58.953604791437805	59.02162620673909	3.3882379352564636	58.5179085024061	59.94845582992912	59.96765443636382	56.89590439555883	3.696888825953186	56.01318027757447	58.22283257237295	58.84812195441362
7640000	59.54752017890219	3.538628961716163	59.938897169982745	59.99096311775895	59.99973802083564	58.380212029165826	3.425102126495565	58.949988337461846	58.96077344661169	58.96821741988452	59.230617453007554	3.7088124707616967	59.94088566131435	59.96200790273639	59.974925807719465	58.393913990060355	3.390708272663259	58.91628301586309	58.943541038231864	58.95385661841605	59.18491047187001	3.7003906313253028	59.87365309144334	59.908549980884565	59.933674422539404	58.39763497723943	3.3935855934688153	58.92374158743621	58.944012265321646	58.95363411654402	59.02412739004474	3.386827973731031	58.55100059731866	59.948957442708746	59.968063363715174	56.898209171454006	3.6955039303764554	56.01318027757447	58.22283257237295	58.84956849116526
7650000	59.54578639217342	3.538434716141782	59.9198453843437	59.98988180721008	59.99980080735604	58.37977227454847	3.4248585861610907	58.950894868857624	58.96071464729708	58.96912402474099	59.23070616285895	3.708791835584845	59.94171082092079	59.96145454409108	59.97441100627468	58.39523546540055	3.390490910518844	58.91628301586309	58.943541038231864	58.95394223945753	59.18393265319432	3.700171769673764	59.8726647717833	59.90561297353791	59.93209010868843	58.39870542578285	3.3940926945509236	58.92401261096795	58.944055638606855	58.95363411654402	59.02912650124775	3.3872098066706284	58.55100059731866	59.94827870252104	59.96849918635361	56.90004552047694	3.6946461071837904	56.011794758408726	58.22283257237295	58.84812195441362
7660000	59.545785254629536	3.5390342640440835	59.9292882431646	59.9907742381171	59.99954707575242	58.38039088034833	3.4259225613615767	58.951115889499064	58.961529907020534	58.96870988610766	59.23189697324562	3.7089540911483847	59.94196953453518	59.96125087346773	59.97515910910235	58.39425812704527	3.3912907805530206	58.91628301586309	58.94357775001127	58.95394223945753	59.182957637736344	3.6999508724972836	59.87233705036536	59.905195239880285	59.92860822799888	58.397857065607624	3.394714847198407	58.92415584247714	58.94414455328894	58.95363411654402	59.02870316240864	3.3870285159668456	58.55100059731866	59.94776300108286	59.96764851661034	56.90191281959359	3.6946329870719756	56.011794758408726	58.22426556319094	58.84812195441362
7670000	59.548402797496195	3.539458319388028	59.93235402583493	59.99351194213739	59.999858843097165	58.38025540716881	3.4268432601468866	58.95196580247952	58.96075180416442	58.96808545971238	59.23070070687107	3.7087098716872986	59.94113675148354	59.9595417017477	59.974224647681254	58.394070075270676	3.391172450534711	58.9175179665765	58.94366314452161	58.95395505762619	59.185269171845206	3.7004086913596574	59.875712566704735	59.908062629972	59.932824004319755	58.39795935624281	3.394626938304659	58.92425666686057	58.944151783214544	58.95363411654402	59.02945695386963	3.387788594205435	58.55100059731866	59.94873641196365	59.96950706633475	56.90719489283505	3.692187307103147	56.01235660104258	58.22426556319094	58.84905485757486
7680000	59.546949256861694	3.5397341882636213	59.93713296462576	59.99108127270539	59.99956631487834	58.37958762488235	3.42703787590678	58.95034538255127	58.96047284381643	58.96753322692515	59.2299015219288	3.7086181411789623	59.94057182446441	59.9593246878986	59.973542000664814	58.394749821820795	3.3911110633434456	58.917805323308166	58.94376097404876	58.95395505762619	59.18553086835111	3.7004520741807645	59.875968977512656	59.90602045392035	59.930773777852764	58.3987784767808	3.3947787196358847	58.92425666686057	58.94418127569767	58.95359681791943	59.03094390446203	3.3881411288915877	58.55100059731866	59.94690190379447	59.96660554352242	56.91010319233183	3.6913621882506	56.01235660104258	58.22426556319094	58.84956849116526
7690000	59.55410686845886	3.5400047823580594	59.946516359491405	59.9935385825346	59.999869448970834	58.380529507514034	3.4265544054830697	58.95082576676718	58.96043230351704	58.9676718231775	59.23109927913497	3.708882327617964	59.941378498329726	59.96099009759224	59.97528502402621	58.39538736826569	3.3908949203213865	58.917950851339036	58.94388226985507	58.95394223945753	59.1857473529559	3.7004832128400307	59.87444615913776	59.90762839318637	59.932457043729386	58.3989194620876	3.3942040341346034	58.92452073060913	58.944292150953345	58.95359681791943	59.0337205562031	3.387413879562004	58.55100059731866	59.949656060638986	59.969376856012616	56.911378715157504	3.6912758227803004	56.011794758408726	58.22426556319094	58.849260772624845
7700000	59.55297983195557	3.5399453908985175	59.941596605208154	59.992470559111254	59.999640306337575	58.37999592459648	3.4245259458525257	58.949693767958266	58.96029927221982	58.968283646843574	59.230804895302754	3.70880149946271	59.941591978441934	59.959626848072254	59.97519409453942	58.39469919645802	3.3909285875184785	58.917950851339036	58.94388226985507	58.95408136624657	59.18654435336286	3.7006053394936127	59.87783968351299	59.9092668024758	59.931537356126455	58.39865569492587	3.3949896530280963	58.92480713838725	58.944298680039964	58.95356115711847	59.03448990789247	3.3849572491982984	58.55592602370113	59.94963665416118	59.9678673632265	56.913679554014735	3.690984421531462	56.01112394386954	58.22426556319094	58.849260772624845
7710000	59.54833395240529	3.538226486699912	59.92672984377934	59.99267882242704	59.99965886685281	58.3801302935846	3.4263286945649463	58.9498844961799	58.96059726014545	58.968562883809426	59.23057982441942	3.7087920302462276	59.942667618324315	59.961188975084895	59.97410198455382	58.39443648435743	3.3918094590568035	58.91796083201031	58.943934752174485	58.95403013115378	59.185228516163065	3.7002376884187593	59.87536367927286	59.90664902147411	59.931127155561605	58.39849947444631	3.395540779853576	58.92530493929003	58.944298680039964	58.95359681791943	59.03255710188408	3.3852316059173924	58.55592602370113	59.94823074892412	59.96703898443688	56.916285211477145	3.690637280572169	56.01112394386954	58.22426556319094	58.850101277817586
7720000	59.55179541941467	3.538861802207676	59.9430086193001	59.99160097106296	59.999668874379296	58.379846763746016	3.427053386607585	58.95041292960141	58.960612840212214	58.96848392952474	59.23049109875752	3.708752028317568	59.93981349741141	59.95993685981618	59.974164975515	58.39528686858579	3.3907709373454114	58.91812758122736	58.94400987962454	58.95408136624657	59.18486576383232	3.7000344108525094	59.873755944952464	59.90679247098065	59.930760110671805	58.3992345656531	3.3938180309899413	58.92565776143942	58.94436470496399	58.95365544724151	59.03616575248589	3.387175127506558	58.55985662737473	59.94775608583895	59.96743391144396	56.918460069033806	3.6899718078145884	56.011794758408726	58.22426556319094	58.84988075944938
7730000	59.55309203189059	3.539332879920158	59.939338100568804	59.9920657599848	59.99981955348986	58.37937842068993	3.4270341933702255	58.950757003389576	58.960814619131824	58.96823458517355	59.23056255227335	3.7086545475275634	59.94054716722093	59.96019245490036	59.97468230610271	58.39585914246905	3.39117400010957	58.91852710092827	58.94400987962454	58.95411507401523	59.1858042560007	3.7002237352644043	59.876276068913256	59.90756741052702	59.93264169033508	58.399919128747776	3.3941109408714727	58.92584721713128	58.944304615552795	58.95361019598891	59.04241824279009	3.3875514469395163	58.57507424207246	59.950730180993105	59.96886171268709	56.920827844735	3.688983880028949	56.011794758408726	58.22426556319094	58.84956849116526
7740000	59.552512789425464	3.5394909734139985	59.94535565155629	59.99392862757342	59.99983156955936	58.380601919954266	3.424638246639428	58.95081720822127	58.960719790678226	58.96829560802905	59.23229637044745	3.7090520080074283	59.943608410321374	59.96102076129407	59.974975527039504	58.395675441989944	3.3903477544427343	58.91852710092827	58.94419546738224	58.95419098220403	59.18644958802064	3.7003562382739403	59.874953389826686	59.90939892262415	59.93266854326802	58.39982058540215	3.39329031293494	58.92571605742002	58.94440435414475	58.95369996615715	59.045378954806736	3.3836885295649863	58.57507424207246	59.95015738666606	59.96892412183069	56.92203279218411	3.6883333355331067	56.01135605954523	58.22426556319094	58.850101277817586
7750000	59.55260835774574	3.539244879113015	59.942679384886574	59.992561595619364	59.99974263317244	58.3801733432737	3.425082818046496	58.9515366376325	58.961241209527216	58.96857162211124	59.23153632809672	3.7088839524836863	59.942371702906144	59.96136406558199	59.97542098428862	58.3950061979382	3.3911713274278346	58.918550869570964	58.94419546738224	58.95411507401523	59.187136102237204	3.7004527939322203	59.87650406856048	59.91037570765622	59.934121238557154	58.399367442971325	3.3946073630059512	58.92584721713128	58.944439170198066	58.95369996615715	59.04545673622032	3.383528397948398	58.58775085893763	59.95179033219915	59.969084537847195	56.92468087391921	3.6866517200577973	56.01129924553716	58.22495539416537	58.848190592763615
7760000	59.55276369791336	3.539785476041521	59.949504165972506	59.992034292575696	59.99976267823489	58.37914617419477	3.425807094796437	58.95115407492041	58.96032171343701	58.96822406757599	59.23169169009345	3.7089255019554135	59.94249542475515	59.96079283588869	59.97411578686157	58.39563757265531	3.391569916599848	58.918550869570964	58.944048790858844	58.95411507401523	59.184934240493966	3.7000057339002392	59.875149832605736	59.90533853283286	59.93354180360641	58.39949217520994	3.395707262640838	58.92565776143942	58.94444823514296	58.95369996615715	59.04409300022468	3.3832728537134944	58.58775085893763	59.94913141493963	59.96792003230888	56.92755631798345	3.686248882537097	56.01299251226275	58.22495539416537	58.850101277817586
7770000	59.54949212529419	3.53950854546985	59.93814753401004	59.989871394569604	59.999576263231916	58.37897713996068	3.4255844103311612	58.950029490535414	58.96087237063067	58.967790148475025	59.23127975111637	3.708747857756939	59.93985458967427	59.96125224709227	59.97402073849424	58.39582733475374	3.391026900142722	58.918550869570964	58.94405765473351	58.954185500001536	59.18489258391407	3.6999448825324492	59.875012741382236	59.90586855301589	59.932015833144305	58.39968125174103	3.394603352898094	58.92584721713128	58.94447380024479	58.95372119907819	59.04922287653646	3.381345567435019	58.59675069286533	59.949061781665776	59.96795827831648	56.930053160577124	3.68547924881371	56.01437349909767	58.22495539416537	58.84963342918158
7780000	59.55191678415581	3.539523448064071	59.941684436182996	59.992300682039506	59.99979063799659	58.38054307976488	3.424847350536731	58.95083713941612	58.96104319643669	58.96828746732815	59.23130466502557	3.7087587356969642	59.9418318953832	59.96172868052563	59.97532191544453	58.3948801613657	3.3918702345733296	58.918550869570964	58.94405765473351	58.954198062084515	59.186259557645656	3.700191697720976	59.874461494345546	59.90911861601451	59.93246457757557	58.39886090893388	3.3956185322361736	58.92584721713128	58.944443873840804	58.95389966103036	59.05220518485881	3.380515093618391	58.60583899021775	59.95114103479203	59.97043817772587	56.93209690544493	3.683750372468296	56.01437349909767	58.22495539416537	58.84963342918158
7790000	59.55288599809903	3.539577958700477	59.94773363216204	59.99437189929267	59.999863045711464	58.37922866832309	3.426347342773881	58.950643341319555	58.961373420650936	58.96819005379267	59.23146319668806	3.70873880338445	59.942427952927304	59.96126537360901	59.97515227536019	58.39622244048198	3.3898975972214793	58.91870612238669	58.9440810127127	58.95423904644382	59.187392852596176	3.700427380187821	59.879865595442496	59.91042502053877	59.93275555985558	58.4002103836358	3.392524231774308	58.92603012926309	58.94447380024479	58.95389966103036	59.05451460543532	3.3826519065784764	58.60583899021775	59.951129139019244	59.9697315475825	56.93270564508654	3.6828764828879064	56.014562890140155	58.22885737379589	58.848190592763615
7800000	59.54572553990764	3.538723753681591	59.926639831527865	59.99145072709392	59.99976532798848	58.37918053296808	3.4263222802130486	58.94966307277796	58.96163801869416	58.96888376713736	59.23147081077908	3.7086953623654164	59.940202767233984	59.960956277913425	59.97485346269565	58.395885229291	3.3912177878618195	58.91870612238669	58.9440810127127	58.95433595694902	59.186058360439866	3.7001425675188164	59.87499889533768	59.90648635012596	59.93263127989734	58.39960304820306	3.394899501651886	58.92659882227608	58.944545774106714	58.95389966103036	59.05545153757192	3.381743631403388	58.60921191976051	59.94926745669969	59.968178680433184	56.93489772640318	3.682744966088594	56.015573878181925	58.22885737379589	58.849260772624845
7810000	59.550426804722406	3.5393611753269587	59.92915534369794	59.99111576624996	59.99972997769051	58.37914598833901	3.4257489024045786	58.94870253168138	58.960420842906316	58.967601335770745	59.23120705186864	3.7086570669932923	59.942177358664054	59.960120699597695	59.9748624826647	58.39679728920301	3.39081684644898	58.91941528965923	58.944124945606916	58.95435295316511	59.18579283270394	3.7000967020665985	59.8763311200352	59.907657389437915	59.93135170538421	58.400770192220186	3.3943779740463014	58.92630378776694	58.94467269272321	58.95401426004885	59.064184615714275	3.381691895308654	58.64691664781043	59.95157273241867	59.96933286650368	56.93666491849998	3.6817719207173605	56.01627074086336	58.22893971351428	58.84784523840237
7820000	59.54850321731868	3.5392087758906468	59.93562065174942	59.99133189874975	59.999762136559156	58.37870278875595	3.426434991717256	58.94985139228727	58.960485412698574	58.96770235284574	59.23126748305641	3.7086643378389	59.94365305692354	59.96084282480846	59.97453003065528	58.3965718042995	3.3910153709815085	58.91941528965923	58.94423940027646	58.95451142918717	59.18511803405428	3.6999315902174335	59.87368675963573	59.90748365114233	59.931530324342376	58.400199308899055	3.3943905854718754	58.92659882227608	58.94476846001503	58.95401426004885	59.06248225545297	3.38310094190847	58.64691664781043	59.94917797695777	59.96867791413632	56.939296942498466	3.680719870337347	56.01661294542424	58.23715022843221	58.843690477691794
7830000	59.5511673574778	3.5394813735533748	59.937092865043724	59.991508328583464	59.999762686169575	58.380111284238936	3.425796682822184	58.949654348008465	58.960462708722595	58.96793000848207	59.23083791222298	3.708567076926699	59.94068170716619	59.9604804832489	59.974584784460404	58.3976020763734	3.3910297436722745	58.91941528965923	58.94423940027646	58.954572942682965	59.1853517802577	3.6999832022400247	59.876008511514534	59.906359745588276	59.93248071107365	58.401182269095784	3.3947636861500556	58.92659882227608	58.94478917179541	58.95404002723927	59.06966638246874	3.3801659073306043	58.72456492599324	59.95078967318406	59.96759595558736	56.941659736312474	3.6807024899465572	56.01674298001579	58.23715022843221	58.849260772624845
7840000	59.550686852255424	3.539250204086539	59.94222462867802	59.99389526571274	59.99988409458408	58.380620217150415	3.425211604812986	58.951208329937714	58.960509262093424	58.96805630520865	59.2321368870235	3.708709013526922	59.94213815099595	59.96103359040469	59.975605019589736	58.39762003611437	3.3904271369429124	58.91941528965923	58.94434317680326	58.95469521662318	59.18756109663442	3.700399069009867	59.87442988899611	59.90979381133034	59.934774438975744	58.400837896212245	3.3937636320443967	58.92678467393899	58.944823654741406	58.95412017529659	59.076316840813426	3.3796428583067972	58.74781958817258	59.95237519933429	59.969176067980854	56.943998203778875	3.6788254582193405	56.01674298001579	58.245318890409024	58.84784523840237
7850000	59.55121705624619	3.538934887955834	59.93899393073573	59.99327380718424	59.999647248325516	58.37961102466893	3.4263199474024146	58.95172835769128	58.960421013144625	58.96714205450034	59.23143699753135	3.708603824932847	59.942139233030105	59.96232586043682	59.97500968472672	58.397006578414	3.3905990218628586	58.920074545795664	58.94436361684584	58.9546252042943	59.18662271502205	3.700173767171332	59.87598837542011	59.90793881899218	59.93373715907187	58.400455315730945	3.393309576536011	58.9267087067533	58.94484921533877	58.9541257108285	59.076063896680395	3.3797106413956337	58.74781958817258	59.950362713048534	59.96904803996561	56.946135253640556	3.6762395662659335	56.01674298001579	58.245318890409024	58.843385504719144
7860000	59.550436030040366	3.5377011368754454	59.94126757478722	59.99119751195202	59.99967170188076	58.37951557768634	3.426984341184828	58.949643222213524	58.960838267884995	58.96843662541659	59.22938206288721	3.7082155534957777	59.939278551916004	59.9589506299703	59.97378244688091	58.39751166403226	3.391362885891089	58.92050356031309	58.944400283324214	58.9546252042943	59.18434777017098	3.699689997739806	59.876741426436176	59.90390794059918	59.9291867183324	58.40083633272276	3.3956125909604684	58.9267087067533	58.9449712919316	58.9541469250523	59.08007414089983	3.3809117236801667	58.821589683789966	59.94937254755856	59.96873625453267	56.94853244110401	3.6761216287224796	56.01656408251858	58.245318890409024	58.848190592763615
7870000	59.545085711926006	3.538126192509172	59.92355628294656	59.991028073581894	59.99972322228352	58.380080093305075	3.425379458564748	58.949765734128945	58.96032186418988	58.96802866245736	59.231907892237246	3.708731910116204	59.94194015292275	59.96214139380444	59.97590033553401	58.39776799252234	3.3912506325690983	58.92050356031309	58.944562483028136	58.95451142918717	59.18504550832082	3.6998171523426238	59.87577337953235	59.90637358264907	59.93192422826251	58.40129641168733	3.3952643734055727	58.9267087067533	58.94510606756174	58.95419806021578	59.08333038967692	3.3792748663063903	59.38903189881202	59.95201818515458	59.97060189875351	56.951182275122136	3.675840042720882	56.01687499988604	58.245318890409024	58.849260772624845
7880000	59.54516319257052	3.5387676158953254	59.93007735904533	59.990538021016114	59.9996818053666	58.38016458153683	3.425859668967262	58.95074084544753	58.961433150320104	58.96821142034798	59.23075088618635	3.708490574950348	59.94314803607739	59.96021838854468	59.97446858941443	58.39723387344169	3.391071932238093	58.92065723056537	58.944562483028136	58.95447842433472	59.185901359449204	3.6999763023258168	59.876172889946595	59.90881177297575	59.931176368321346	58.40077905685164	3.394164686187796	58.92630378776694	58.94519002408608	58.95426892888223	59.08583927808111	3.3786673026081604	59.57906498756168	59.95145587498517	59.96957527697191	56.95446094347752	3.673673194387549	56.01753486822875	58.245318890409024	58.848190592763615
7890000	59.55111005028997	3.537648370998689	59.93929565543359	59.99333327415957	59.99980772220533	58.379651813832815	3.42678429148594	58.949680926834624	58.960550628337344	58.9682756670448	59.23054874993826	3.7084192379100758	59.93973820719595	59.960076130354494	59.97511873621822	58.39783368542165	3.3905411833898267	58.920799608486284	58.94463567970309	58.95447842433472	59.18623901229933	3.699899375414719	59.87648316448045	59.90712660085684	59.93177036729465	58.401138290601864	3.3938998132455964	58.9269850675379	58.94525105540403	58.95435813205389	59.088808393189304	3.379464121589291	59.62690614917638	59.95189348999911	59.96834307230584	56.95671777930163	3.6723693386235827	56.019123216756036	58.2517136215774	58.848190592763615
7900000	59.55244349601286	3.5383065342886204	59.949992907817226	59.994123800118196	59.99982206203421	58.378710948981386	3.4277039952786708	58.94807684635245	58.959834329188055	58.96753929779432	59.23132782948956	3.7085639044610232	59.94067212214111	59.96081948442755	59.974481821513166	58.398019601168	3.3909569054205067	58.920861025037226	58.94467436428011	58.95446126598025	59.186931089104526	3.699974838513018	59.87454558796257	59.907036921367336	59.93185883055563	58.40128431846795	3.39514579889596	58.9269850675379	58.94530086165958	58.95435813205389	59.090509136661495	3.3807270243200516	59.690314785178714	59.95373369476613	59.96936574112135	56.958829096978775	3.6718045645815867	56.019764259161825	58.2517136215774	58.849260772624845
7910000	59.54492917160654	3.537884738482237	59.924209730061044	59.990695374073304	59.999660769670896	58.38058852032234	3.4244337605867052	58.94999468603702	58.960426979511034	58.96872616622725	59.23109907881273	3.7085250790608457	59.9412911171138	59.961254559868465	59.97444238710508	58.3983465956848	3.3903265703819696	58.920861025037226	58.944700032335994	58.95447842433472	59.186545322726765	3.69988585143105	59.87743849205443	59.90571074013951	59.93243198043781	58.401696038011096	3.3935565752731933	58.9269850675379	58.94530086165958	58.954394292557666	59.09056731446668	3.376459759065068	59.61254740249091	59.95045131890672	59.96804695874616	56.95993713744702	3.671407443460062	56.02009109975155	58.2517136215774	58.84860776379753
7920000	59.54481623419236	3.538615928402847	59.92386730408813	59.99172778546368	59.99974954961236	58.38089054358147	3.4239084468748864	58.95055725718666	58.96031071744406	58.96815188143275	59.23151360575754	3.708560919057981	59.94248970509821	59.961460519054825	59.97409080592707	58.398359179133486	3.390693690166945	58.920861025037226	58.944700032335994	58.954619571416	59.18693843612691	3.6999453292635724	59.87739804827988	59.90777416202162	59.932485962288446	58.401441330549865	3.39390673354605	58.9269850675379	58.94549792456444	58.954420895346324	59.095723980738	3.3759479306937386	59.70423489774507	59.951388489463945	59.969086112350226	56.96295627994947	3.6704116969308127	56.019764259161825	58.2517136215774	58.84860776379753
7930000	59.54992234879696	3.539313544448306	59.94045125981654	59.9928948204948	59.9996762287348	58.38031087294783	3.4256784501391486	58.95017255632841	58.960454811702604	58.968198406700445	59.231023842854974	3.708475482436662	59.940915402434385	59.96046375875463	59.97570325084737	58.39700005389727	3.391794261612412	58.920948387819244	58.94473627138912	58.954619571416	59.18598721535772	3.699757053071763	59.87337644872741	59.90552811675502	59.931899421737974	58.40051592026256	3.395475976923897	58.9269850675379	58.94554188444376	58.95444056159154	59.095123481591955	3.376296343820324	59.69398285593434	59.949124848204605	59.967864048118614	56.96474116834524	3.670062041971323	56.019123216756036	58.2517136215774	58.84860776379753
7940000	59.551040653627936	3.5395614570139147	59.938939364587156	59.9916399118663	59.99974118989684	58.379373807552916	3.4259909713838015	58.94898790735989	58.959331075667876	58.96779008888951	59.23157995175191	3.708607089975425	59.94072451727915	59.96051384710677	59.97516187343981	58.39825408489813	3.391195446515089	58.92106573753544	58.944700032335994	58.954619571416	59.18737677724042	3.699996774639119	59.87757331335542	59.90759810929545	59.93331128105271	58.401527047932184	3.3941635960350114	58.92737772383833	58.94554188444376	58.95446710054873	59.100098024028014	3.376977636509427	59.73332993213573	59.95051107045556	59.968317731361154	56.967562057726816	3.6679613882492816	56.01944817014165	58.25526581041581	58.84860776379753
7950000	59.549384871725614	3.539009138539689	59.936488033433584	59.990029572052535	59.999596190948104	58.37947183623406	3.426317638880387	58.951233047096935	58.960200276790914	58.96749451817665	59.232410271931165	3.70870911910951	59.94176970786733	59.961209961770194	59.97508046624544	58.399411967046504	3.390433445355869	58.92121490713468	58.94473627138912	58.9546548466874	59.18829474327407	3.700124849276863	59.877204057201624	59.90971546186424	59.93420475637603	58.40235376108201	3.3935096954371455	58.92756652775479	58.94569381374504	58.954420895346324	59.102385994668765	3.3769740243985633	59.774692754427605	59.95010182998391	59.96885969146773	56.97047251769142	3.6666952092785237	56.01950076089222	58.25526581041581	58.84799795372315
7960000	59.546235453168606	3.537447987600114	59.92225278219861	59.98835350577134	59.999664009722025	58.37970083995356	3.424387336641214	58.95105630465767	58.9608458337224	58.968157932624145	59.230751448621426	3.708330467285503	59.94175534193033	59.959427234658705	59.97352793004727	58.39920893824828	3.390786292649525	58.92165164059753	58.944785242134344	58.95482368878616	59.18618499899026	3.6996698090694444	59.873954260928166	59.90502806649397	59.93272233579076	58.402338710418285	3.3933774047543035	58.927617994176565	58.945735082186516	58.95446710054873	59.102333415450616	3.3749358318503764	59.71339124996926	59.94996146577965	59.96881940412336	56.97211258272051	3.666251297025772	56.01980455644791	58.25526581041581	58.84799795372315
7970000	59.543711238847514	3.537355843902431	59.92460145331337	59.991571009993095	59.99956035848947	58.37909937110509	3.4263339875303855	58.949060551872705	58.95936423443856	58.96692117098283	59.230097357131406	3.708191693686636	59.938327218093406	59.95865130612635	59.974359330641924	58.39903233449242	3.3908554962057456	58.92187325046971	58.94485310738095	58.954889147969794	59.185917279839146	3.6996249983341163	59.87524682947627	59.90628910063585	59.9311857624473	58.402212658249844	3.3946404747968693	58.928254452208776	58.94575606062213	58.95446710054873	59.10380078385986	3.376145258896616	59.69051571719957	59.95124981446876	59.968467560436245	56.97507548868556	3.6641309274341576	56.019027230809286	58.25526581041581	58.84784523840237
7980000	59.548519996053074	3.538531191108689	59.930622803021585	59.98992031361797	59.99973004480972	58.380553852500356	3.4260583478513174	58.95042630086763	58.95979743008577	58.96774281468375	59.233723532077335	3.7083362808863787	59.941988106566704	59.96041827015827	59.9736466306857	58.39918730646786	3.390796152219125	58.92187325046971	58.94485310738095	58.954945768686216	59.18516583204133	3.6994827110759143	59.87409938044435	59.90479894282893	59.93057945322417	58.40224310134565	3.3944588038450756	58.928254452208776	58.945777279928095	58.95453635203407	59.10395273893564	3.3759204164201155	59.727665190949324	59.95217196420518	59.96941283277633	56.97757029252482	3.663311571462737	56.019027230809286	58.25526581041581	58.84799795372315
7990000	59.54666602090615	3.5387268739228444	59.93197184438972	59.99069707128677	59.999703309528954	58.381618398805216	3.4252925396446274	58.95028136480592	58.96060252728406	58.96806367366859	59.23256054820955	3.7081193078675114	59.94046466622525	59.96041900840949	59.97444703501942	58.39980345070936	3.390907539069111	58.92187325046971	58.94485310738095	58.95507485965406	59.1857970207924	3.699572875943077	59.875721793706056	59.90597054836269	59.93096378597463	58.402899314341916	3.3944569656208174	58.928299462155884	58.945777279928095	58.954536524780856	59.109124821729765	3.3749029193168067	59.77345289883693	59.95250201114281	59.969574857587645	56.98259567942412	3.6617473443203963	56.017973848403415	58.25526581041581	58.84860776379753
8000000	59.55025580458192	3.539047800462536	59.93058503708899	59.99243814630391	59.99984380551166	58.381092200006066	3.4251911204903385	58.950084169636334	58.96059819667653	58.968074666476404	59.23390478479962	3.7083678255781756	59.94269675428593	59.960935520952134	59.9756595416486	58.3986881601634	3.3913517622836755	58.92215523269057	58.9451284751089	58.95513857540481	59.18732336594866	3.6998119784171193	59.877620507973006	59.905923031665196	59.931950286381436	58.40185488303276	3.395205275558112	58.928668142240156	58.94582792048735	58.95453635203407	59.10998819982457	3.3746770404584763	59.76407101920841	59.95304674777228	59.968662177559295	56.98585305753665	3.6602080288565606	56.017973848403415	58.26406479307931	58.84860776379753
8010000	59.550165517137486	3.5391906842839806	59.93539458466457	59.99212590546176	59.99982209115545	58.381654738807924	3.424738495023996	58.95055596357437	58.960836783921394	58.96860558769431	59.23442430832069	3.7084293893586793	59.94370811735712	59.96086385669277	59.97518509154892	58.398934082820844	3.3914564592969954	58.92215523269057	58.9451558316709	58.95517019413191	59.18666154592243	3.699697619228938	59.87518299597312	59.90663387099926	59.93241725485101	58.4023130799119	3.3948623436618117	58.928668142240156	58.94582792048735	58.954536524780856	59.112781185778196	3.373619567893509	59.77577113801155	59.95163764361995	59.96778863092005	56.987627606804146	3.6594863430400713	56.018098108032554	58.26406479307931	58.84799795372315
8020000	59.54762990036267	3.539001710333141	59.93282204298792	59.98949197669232	59.99957516968129	58.38193683973401	3.4260905753609032	58.9494755484876	58.960315495791875	58.967604223973574	59.232021038330956	3.707961629819103	59.94005614069038	59.960799215588494	59.97366653684343	58.399128127703825	3.391010873506754	58.922379887806315	58.94522623924986	58.9551654074601	59.18486053452922	3.699320462181204	59.8760528638977	59.90373627551337	59.92895254882279	58.40220807538502	3.3948465865200204	58.928668142240156	58.945896133289565	58.95457155807186	59.1132563077985	3.374011737178524	59.75342537756633	59.9506449441855	59.96790996082696	56.99061467982642	3.6583712705681513	56.01809773935787	58.26406479307931	58.8497294884113
8030000	59.54202530899373	3.5386316195724543	59.91860952282751	59.988928264542636	59.999518637564094	58.3819463773816	3.4255152918114415	58.950473224129745	58.9607774377682	58.96819441664523	59.23293485835679	3.7081091391732883	59.94016130475103	59.958987025788105	59.97395008811657	58.40003478739743	3.39071076729207	58.922379887806315	58.94537714993123	58.9551654074601	59.184257759966066	3.6992104401154275	59.8727821944302	59.903857742457035	59.92961967130964	58.403141343980124	3.3945487797010987	58.92876023104016	58.945910066336836	58.95457155807186	59.11943253182583	3.373561810884001	59.8133077321771	59.95139748349497	59.96905170100782	56.99285053697732	3.6568792565849897	56.01809773935787	58.26406479307931	58.84929279236808
8040000	59.545958867888594	3.5392076926353835	59.93145241693904	59.99049428014108	59.99956078671091	58.38208732525262	3.4257085768657496	58.95062963060534	58.96083481543576	58.967646448387995	59.23255323402673	3.708107858120094	59.94173154093129	59.96023469634033	59.97383809313718	58.39968628462308	3.3911484740444235	58.92237152475237	58.94553346262002	58.95517019413191	59.18552476106328	3.69943466991325	59.875204588165616	59.905344743014425	59.93120976193875	58.40304556386077	3.3949148991591374	58.92876023104016	58.945975602025335	58.95457155807186	59.122100595205644	3.37373353371895	59.80484549474709	59.95093794300642	59.968847356621424	56.996894173064874	3.6555883588779747	56.01918954254391	58.26406479307931	58.850101277817586
8050000	59.54940814849582	3.5393391272671946	59.92966591104563	59.991531099091986	59.999730606138186	58.382450147285795	3.4249020522580693	58.95102442438421	58.96041345625752	58.968205799896005	59.232136338042935	3.7079895832123007	59.94003640331143	59.9606240107899	59.97479134075847	58.39919749450394	3.391209457955021	58.922450580693884	58.94553346262002	58.95518027292313	59.185123848654705	3.699360671945775	59.873254325383535	59.90474439628777	59.93329861429274	58.402466247344535	3.3946444123890855	58.92876023104016	58.946059895371505	58.95451126765706	59.12119244009746	3.3718590316013315	59.79296001563433	59.949943958926426	59.96751448876745	56.998906657399466	3.6552119536287955	56.01809773935787	58.26406479307931	58.8497294884113
8060000	59.54962701349616	3.539213001624131	59.9320107119227	59.99187558304679	59.99962724532924	58.382548019849935	3.425299530981688	58.951286227464806	58.960827190809454	58.968229405016274	59.233419737568845	3.7081963201810533	59.942941090654486	59.9606356611384	59.97390475682496	58.39908938164583	3.3912744212699857	58.922450580693884	58.94537714993123	58.95517019413191	59.1875482653592	3.69976928942594	59.87719455591047	59.90620506315261	59.931603360195616	58.402316457129814	3.394451256594641	58.92878667208462	58.946121231998205	58.95451126765706	59.12583872825995	3.3723697538438087	59.78961833111476	59.95303594174863	59.968949740331865	57.002015501862076	3.654220313768083	56.01918954254391	58.277376812951296	58.850101277817586
8070000	59.550420604622616	3.5391202930780103	59.935617437850816	59.99114852403386	59.9996191312152	58.38250392206303	3.4247907739456953	58.95065001570116	58.96079731257097	58.96818381374538	59.2322649822618	3.707996600594923	59.938916544481124	59.960214088439585	59.97340241852221	58.39926686892496	3.390912313176421	58.92237152475237	58.94544862313846	58.9551654074601	59.18597480752719	3.699486930270861	59.87571096880645	59.90603513852332	59.93070968346806	58.4028003544688	3.3946102661449475	58.929059158343264	58.946121231998205	58.954536502864585	59.126814294981344	3.371216618515017	59.814608966775396	59.95014228626329	59.96937130651987	57.004194707253866	3.6538193574758755	56.02140372944177	58.29913179980518	58.85026591570107
8080000	59.54646065736529	3.538925338532659	59.93417223964001	59.98872125097595	59.999689563633005	58.38144812247428	3.4244416788012457	58.94945557517981	58.95966515742028	58.968301360624565	59.2327685968063	3.7080768818906895	59.94064887098831	59.959845533497415	59.973634663599164	58.39983671693493	3.390458482550336	58.92215523269057	58.945584225871244	58.955185562333966	59.18518783152507	3.699339838037209	59.87630655593981	59.90401133795325	59.92973497610099	58.4039952105286	3.392835712156402	58.929059158343264	58.94618677532133	58.95454365139757	59.127783179865304	3.3711412007754618	59.79003501891437	59.95181730677505	59.96998433273386	57.007555572992395	3.6526743050450055	56.023114380470886	58.29913179980518	58.8497294884113
8090000	59.55040625098602	3.5396431400096304	59.938454222226845	59.99151387700766	59.99966446846012	58.38136820769684	3.424753884565886	58.95027610753435	58.95983102960254	58.96758647188923	59.232767692276354	3.708062816368157	59.94131892422558	59.95894345935946	59.97406249325828	58.400058994000595	3.391260807708707	58.92215523269057	58.94562035602078	58.95525108001629	59.18651212015169	3.699592655238223	59.87601482962489	59.90737896201813	59.92982430786084	58.40406641060711	3.3941525414266893	58.929791131967725	58.94620862569607	58.954597901078515	59.12895490911844	3.371050527480258	59.80119337420689	59.95184565000524	59.96737016248626	57.00931430965342	3.651396743240152	56.02355228373072	58.29913179980518	58.84860776379753
8100000	59.54925632869125	3.5390561797238753	59.93495661076202	59.98900176596092	59.999663347744544	58.38237745990357	3.426683865610249	58.95047926109001	58.960860899687816	58.96867499365083	59.23355507695482	3.708240364679536	59.94222812178302	59.95995574361784	59.974387837529925	58.39955931384181	3.3906603721729343	58.92237152475237	58.9456412599504	58.95525108001629	59.186241448778766	3.699512921926962	59.87476074591679	59.905164343125975	59.931253811371974	58.40381114803678	3.393678885344435	58.930001509987804	58.946349787269114	58.954597901078515	59.13048254868927	3.3718197543606614	59.79318891783324	59.95174199947158	59.969637728222004	57.01172360263587	3.651148574106605	56.02370283928113	58.29913179980518	58.8497294884113
8110000	59.54780382059898	3.539550361452021	59.93513888099743	59.990411818147685	59.99974300505127	58.38300456543159	3.4248594288540746	58.95057513807929	58.96119015109021	58.9678492392255	59.2319478990498	3.708010619377654	59.94021442206016	59.9602154535807	59.97461165280308	58.40048897711993	3.390936933063773	58.92242419193412	58.945674629288035	58.95531140705776	59.18511727390265	3.699221947036612	59.871412534174254	59.905908520844676	59.932327424706706	58.404367274573126	3.395044025110586	58.93026863961136	58.94640607848223	58.95463613758559	59.130430881719256	3.371501854244677	59.79697684140268	59.950654751781315	59.96892568628961	57.014525687685456	3.649853871764013	56.02370283928113	58.29913179980518	58.84929279236808
8120000	59.549785537628594	3.5398036768219896	59.94158503735751	59.993314301789034	59.99976652326973	58.38292140514067	3.427270169765318	58.9510055885097	58.96059764397132	58.96824002182956	59.23300891568006	3.708235260536766	59.9409871666931	59.96027832699032	59.97379930156933	58.40041135958963	3.39103102278875	58.922679315670514	58.9456412599504	58.95529969537634	59.1862246904639	3.699354846129132	59.87294837000197	59.9069953460081	59.930609660969246	58.4036670972345	3.3958872617837943	58.93020892429355	58.94652236644441	58.95463613758559	59.13202232825306	3.372113285226234	59.80664041717014	59.950580483970555	59.96822550307199	57.01750238969851	3.6484446816756564	56.02201794172419	58.300367563274534	58.849875708191355
8130000	59.55247334144877	3.5398188941205664	59.94584050651566	59.99273992825234	59.99976527667289	58.38199061860578	3.424765048812739	58.95059222522829	58.960345168066624	58.968008658320045	59.23207459700316	3.707973165059482	59.93996974860178	59.959453600014854	59.97336274770424	58.399510865698616	3.391239325474505	58.922679315670514	58.945858027183135	58.95523794690182	59.18776156751636	3.6996569816843596	59.875007759292345	59.90947871716294	59.93271008142078	58.40369996916749	3.3936395084139037	58.93031992754686	58.946635671879235	58.954597901078515	59.13513078593486	3.3694915301081148	59.79131841940387	59.95299556407134	59.970234756623896	57.021802365450526	3.645696981325125	56.02143586487425	58.300367563274534	58.850101277817586
8140000	59.552659124648265	3.5394842411764773	59.94764629614685	59.99251224972865	59.99973992186165	58.38140497724831	3.426444241577212	58.949834331680194	58.96032696997799	58.968076806875416	59.23200983390525	3.7079540738806567	59.938571968629006	59.9602340363831	59.97440096318203	58.40041501808891	3.3907768701776155	58.92296357882609	58.945858027183135	58.9552179992247	59.18727027906497	3.699544650429831	59.87330887693036	59.90694970624909	59.93319897609073	58.40435377494202	3.3942972092912047	58.93081352241579	58.94672143865308	58.95457155807186	59.14035673063378	3.37071625677473	59.83810806324601	59.95298679347049	59.97017784297188	57.02256568001643	3.6454434508985964	56.019491291052915	58.30503734980197	58.850101277817586
8150000	59.54848311133657	3.539007371680867	59.94038037145625	59.990489140117354	59.999698293940774	58.38189968118622	3.4244047644396485	58.94976468264995	58.9601449354366	58.96779336984974	59.23289591883301	3.7081233836296255	59.94078065711284	59.95945170839587	59.97529852237302	58.40022784559344	3.391356439001174	58.92296357882609	58.945858027183135	58.9552179992247	59.18596210135533	3.699283584845349	59.8745494484738	59.905842470368825	59.93132869225125	58.40419404173317	3.3938445426169555	58.93088755879076	58.946757882638074	58.95461248245225	59.14109521862282	3.36881268859523	59.8161745099243	59.95061930820687	59.96878746192431	57.02501878798129	3.643718900885763	56.01976586883209	58.31042774439673	58.8497294884113
8160000	59.54753829039629	3.53888444098993	59.93671563522687	59.99139231802015	59.999654753043096	58.38240296545296	3.426105653247231	58.95121522369381	58.96144977869755	58.968508444378216	59.234728443140426	3.7084473810279728	59.94292155816582	59.96269598769406	59.97580399290598	58.400774823794706	3.3906053431309227	58.92296357882609	58.945972427397805	58.95530366013372	59.18818841605907	3.699710294883297	59.877537059117294	59.90727637435158	59.933345536649355	58.40449074738729	3.3944362496232325	58.93088755879076	58.94678475207914	58.95461248245225	59.14362233036115	3.369658122412307	59.83426409723963	59.95213332338968	59.970743233907214	57.027781671324796	3.643159044447379	56.019491291052915	58.31282209777471	58.8497294884113
8170000	59.55545407582566	3.540201334094749	59.9497096022541	59.99128576726194	59.99974315842445	58.381220268930235	3.4251943667508646	58.94919466053845	58.96041937472137	58.96862071052351	59.233521070099535	3.7081761260367183	59.9416288011212	59.9598927896023	59.9740971874138	58.400375515279514	3.3920567427965658	58.923345143017016	58.94601031934167	58.955331828324574	59.18678617261884	3.699414568799604	59.87602929156864	59.905518920615535	59.93097847098243	58.403761214971404	3.396719907658842	58.93132767666814	58.94689846982567	58.95467968258102	59.14721659964753	3.368749009512434	59.856310718569794	59.95207441697876	59.96984491635687	57.03051710541538	3.64248104454078	56.019491291052915	58.31282209777471	58.8497294884113
8180000	59.54762297944558	3.540014063152492	59.935192630854004	59.99061659565265	59.99964922955897	58.38180965294586	3.4240066085541865	58.950037546506394	58.96071748914472	58.96810859559546	59.23189125593356	3.7078768154034223	59.93977801933556	59.95874986756045	59.97388298397975	58.40021594620925	3.3913611767944936	58.92379476507399	58.94601031934167	58.95538170136196	59.18596067297078	3.6992505261200432	59.87416270659896	59.904454180390225	59.93112805263866	58.40407305024942	3.3945150730077227	58.93144451161887	58.94707743340756	58.95475661479125	59.149890992645666	3.3671628969289547	59.84142489467155	59.95205308780335	59.969020665273526	57.03420612175787	3.640880450310584	56.02189766500969	58.31282209777471	58.84929279236808
8190000	59.54686025931048	3.5396218466654124	59.926756333110845	59.9921900290066	59.99977608111731	58.38095061200083	3.4250732602906906	58.95029307731688	58.960314790253406	58.96756731864341	59.23354101499464	3.7082532941604835	59.94310466894919	59.96054281978758	59.975501091394804	58.40086922323265	3.390972723329379	58.92379476507399	58.946072543110425	58.95538170136196	59.18670562930645	3.699386544893667	59.875796547927166	59.9059190498251	59.93104059503818	58.404541945511305	3.39415070050704	58.93144451161887	58.94717202205322	58.95475661479125	59.15168409244262	3.3684759730703626	59.83294815809153	59.953122679709445	59.970536838011185	57.03567483414842	3.639707020948527	56.02201794172419	58.31282209777471	58.848882649216925
8200000	59.55044748222529	3.5398987780990057	59.93827900054572	59.99309962147491	59.99978513617805	58.38083074417743	3.426473076320051	58.94921241931465	58.95975027195166	58.96799178817436	59.2327523693314	3.708060136077599	59.94039282336945	59.958944497230775	59.97403282414312	58.40074969821136	3.39064635356595	58.92379476507399	58.94611489429872	58.9554615132171	59.18517998010661	3.6991096110243222	59.87136585651609	59.90637917981728	59.930690666998984	58.40469998516773	3.3938221673601836	58.93201560947889	58.9471134819791	58.95476261304231	59.1515102477804	3.369408541286561	59.843060010611126	59.95247449084319	59.96904072607103	57.038207681028666	3.639217297833894	56.02379507009352	58.31521293157212	58.84929279236808
8210000	59.55071604620141	3.538395528085062	59.93782934518212	59.992048353531125	59.99978051228422	58.38184255127254	3.4242723086134084	58.94960085348145	58.959673831446054	58.967917935744325	59.2324475819114	3.7079868575507895	59.94006679128794	59.96093734894956	59.97500126557933	58.40076381928527	3.3919027715588674	58.92379476507399	58.94611489429872	58.9554615132171	59.18697791361836	3.6994553218737343	59.87703496272359	59.90850856296205	59.931675032626806	58.40445655025144	3.395512281250764	58.93191299633482	58.94719695206651	58.95476261304231	59.15559609265302	3.3669482422507633	59.83284948786156	59.9533759653435	59.97070393060426	57.041123450341324	3.6392488734031816	56.02366940159231	58.31521293157212	58.85024320210201
8220000	59.54658363361871	3.538285366292024	59.931009145411984	59.991814154130054	59.99981002572349	58.38160912432527	3.4253135459481947	58.95048626129838	58.96044052128994	58.967879011302976	59.23280917044359	3.7080714183380303	59.94143747636751	59.96094835822811	59.97411672876165	58.40153307445527	3.3912131844303883	58.92409386026187	58.94615641274059	58.9556372275368	59.18639502957313	3.699286748038948	59.87436638843039	59.906740982309884	59.932946145975954	58.405613492140624	3.3946134100545695	58.93191299633482	58.94721591351154	58.95476261304231	59.15670462797084	3.3681659998930504	59.84554457046107	59.95205620582769	59.96997500624663	57.04262846872203	3.639199236539992	56.02292914850354	58.33869374657925	58.850838061139946
8230000	59.546957879488446	3.5368840902976606	59.92689567119831	59.98916050029955	59.99954139944349	58.38067546695256	3.425852297079363	58.94983523194301	58.95985957124053	58.96730165797267	59.23193632391495	3.707911458821939	59.94038207024281	59.959856059224805	59.973985368102674	58.401352194156914	3.3913383950673386	58.92418006362856	58.94629909824957	58.95555465426197	59.18393771089806	3.698744411204301	59.871912256096444	59.903146695285756	59.92877797884126	58.40495394770096	3.3954326961492365	58.93191299633482	58.94735085144876	58.95477777833708	59.158393271093196	3.3683521199483586	59.85796592014071	59.95218794246805	59.9680885635683	57.04445068528999	3.63878698110466	56.02292914850354	58.33869374657925	58.84977502808308
8240000	59.54569301560047	3.5377183829319665	59.92883421175618	59.991255625883156	59.99980686132933	58.38075649692718	3.4255535130504295	58.94935466797071	58.960157879558	58.96739938666372	59.23276421514003	3.7080576987214986	59.94094985847931	59.9606945842466	59.975166406753445	58.40026039866094	3.391911056383132	58.924458550776656	58.94629909824957	58.95557551269761	59.18544740113004	3.6990335089587	59.8716405092883	59.90467387730937	59.931912356101925	58.40436645309369	3.395242010370372	58.93191299633482	58.94738036498758	58.954885220970425	59.16032105477253	3.3670170567119104	59.82925719586802	59.95318962138206	59.969688499289134	57.04689158868786	3.6388333748795363	56.02411181371615	58.33869374657925	58.850838061139946
8250000	59.548492052704894	3.5380831829392214	59.930825674753265	59.99240449763392	59.99970162691618	58.381547659514965	3.4260006928127185	58.94857621059208	58.960434528450264	58.968115746359764	59.23442661668954	3.708357801780864	59.94346533872648	59.96280262582563	59.974539065980636	58.4020823076393	3.3909228326610843	58.92450785684721	58.94631686674998	58.955638713880944	59.18603096217516	3.699162581747803	59.87341227338411	59.90661097801376	59.93202510631335	58.40581261451331	3.394112383001932	58.93191299633482	58.947472611610664	58.954885220970425	59.16218232367333	3.3674921970473597	59.85962605391655	59.952633935110825	59.97036820386516	57.050586355098766	3.6375384693044084	56.02424507449689	58.33869374657925	58.85137123717593
8260000	59.55071567844074	3.538855946412542	59.94222979526809	59.99280083920185	59.999808460987815	58.38066703438329	3.4266712647000115	58.94930759234893	58.960327211976406	58.96847416425024	59.23394612749664	3.7082796784902965	59.94367667877843	59.96116633126817	59.9763423733884	58.401107731431175	3.3918148165696693	58.92450785684721	58.94631802957268	58.95567243696547	59.18870268519101	3.6996716156167153	59.876942683658605	59.90796466405435	59.933670510953014	58.40526602676145	3.3950603308609257	58.93208588411228	58.94745787315941	58.954885220970425	59.16380647433935	3.3677842105797215	59.85687979068655	59.953657912880125	59.969997194465314	57.05339758417881	3.636593897732686	56.02424507449689	58.33869374657925	58.85223740328554
8270000	59.546948999815164	3.53864845248317	59.93054413645757	59.990367890852355	59.999630375210934	58.38173635995888	3.424441777852984	58.94998196318812	58.96068655914584	58.968273222319745	59.23268694583374	3.708024181501284	59.94179636929296	59.96032517522288	59.97326877982879	58.40238971235521	3.3907321516428994	58.92450785684721	58.94633829569947	58.955692883144046	59.18605939942333	3.699137919323181	59.87545668201051	59.905570943292446	59.92956421455342	58.406137346124154	3.3940515470598625	58.93208588411228	58.947472611610664	58.95491240804832	59.16461710161387	3.3651129833657887	59.84576086924794	59.953451470125145	59.96958231237845	57.056679237756676	3.6354136569298316	56.02411181371615	58.33869374657925	58.85478985100781
8280000	59.54881381144927	3.5387202329073233	59.9385288671679	59.990918399694124	59.99961085622198	58.38227378579169	3.4241947268444926	58.950410334890485	58.96080424431791	58.9679973410159	59.233346419530164	3.708097376947359	59.941491526364786	59.96064114147479	59.97469994375837	58.40168729561673	3.39084499860099	58.92450785684721	58.94633829569947	58.95570599614036	59.18557648990344	3.6990561732733234	59.87543123555749	59.904397187605895	59.93128917797642	58.40554266788523	3.394197841264286	58.93213799921598	58.947598401238494	58.954908585025315	59.16627062702517	3.364588389783582	59.83707356550865	59.953682348505396	59.96989819266621	57.06004511306789	3.634288213329883	56.024344642399	58.33869374657925	58.85478985100781
8290000	59.54591965399392	3.5386614819316495	59.93029216223009	59.990186389982235	59.99969132845669	58.38269184094879	3.424736455530478	58.951610725940554	58.961117149321694	58.968042079405365	59.23292822330333	3.7080176584135613	59.940889883704756	59.9601917951338	59.975188330531424	58.401598722099614	3.39105259053366	58.92450785684721	58.9463961636622	58.95568828694591	59.185252072671744	3.698981172662005	59.87235668872632	59.905292444671154	59.9294345072274	58.40533471825698	3.394516872211901	58.932150869372705	58.947628511292194	58.954908585025315	59.16756386414885	3.3655685623975944	59.84474799712811	59.95234080657025	59.96954266927915	57.06144843318567	3.633490538890142	56.02461142257346	58.33869374657925	58.85478985100781
8300000	59.548850127365114	3.539250918211845	59.9269304638554	59.990042600165616	59.99969323734402	58.38252599211347	3.4267242710571737	58.951320541650766	58.96078059030184	58.96809124627791	59.23316676977793	3.7080173372790743	59.9410180370122	59.9602464928819	59.97398516145832	58.40242859242468	3.392493129613933	58.92450785684721	58.94647284255322	58.955692883144046	59.18508004941719	3.698981473516057	59.8727434951503	59.90431010377614	59.93193197441752	58.40613017509444	3.396974982792123	58.932150869372705	58.94770723875185	58.9549419633712	59.17139634622682	3.366019315311745	59.871515137795434	59.95185108919323	59.9697733088193	57.06348629127787	3.6333687627717444	56.024344642399	58.3433061663056	58.85581667560382
8310000	59.55404611663426	3.5398432517685827	59.948508024359406	59.99391597739324	59.99981990856867	58.38299999222891	3.4243577605681117	58.950278067465646	58.96040784788037	58.96812461862644	59.23351395721932	3.708084019302212	59.941292732888584	59.961607196069124	59.97443017048559	58.402604971811954	3.390889041678264	58.924593322269644	58.9465197833794	58.955692883144046	59.18510400567873	3.6989313724437873	59.873741498699765	59.90514182366667	59.929407087857825	58.406942190485026	3.3938144260869856	58.93232860055531	58.94781247622919	58.95499282524814	59.172949887547865	3.3640509828040637	59.87281059222957	59.95207827213459	59.97065618837434	57.063814761338605	3.632791161783928	56.02503815567913	58.3433061663056	58.85468231764082
8320000	59.54657399875479	3.538798973207917	59.931015444664745	59.99154845691062	59.99967003366072	58.38283381326771	3.425436135182725	58.95131597231203	58.96082858477517	58.96879671209539	59.2339635731009	3.7081508269638017	59.942114318797884	59.96051231278524	59.9748852040623	58.40248386081052	3.3909122744399274	58.92491550489581	58.94659381022586	58.955692883144046	59.1877415646885	3.6994246247127482	59.87692508484092	59.90877860231309	59.93249442750504	58.40667003413336	3.393891170284725	58.93239550735761	58.94791341749535	58.955136064667045	59.17477786281266	3.3645556556893155	59.86096600005424	59.95316676570383	59.969529273348456	57.067231624307205	3.6314594442901473	56.02485776150646	58.34538601974623	58.85581667560382
8330000	59.544707177996855	3.53865162467661	59.924613673301614	59.98917658355687	59.99967751235067	58.381771185939854	3.425837701224531	58.95091219659281	58.96087419227317	58.96799986539617	59.23165431569685	3.707721539081843	59.93846226698003	59.959124927099836	59.9730153349573	58.40326680625556	3.391150179499093	58.92491550489581	58.946625029934125	58.95571881915898	59.18440329614036	3.6987686442395233	59.87103435540684	59.90280386231038	59.92870601368436	58.406913554587156	3.395215902254331	58.93239550735761	58.94800675711731	58.955136064667045	59.177720994518886	3.3658021280614236	59.862946107500356	59.95331978301448	59.9688746224091	57.069644033262236	3.6306299372436746	56.024344642399	58.34538601974623	58.85478985100781
8340000	59.5511200831528	3.539524802624728	59.94219432764979	59.992243477812295	59.99984552744827	58.3811214434986	3.4250917172760644	58.94936486300688	58.960173696564006	58.96790558452136	59.2331568896725	3.7079780147796146	59.94112047374911	59.96016507706036	59.97405560869054	58.40275854492617	3.391029390712073	58.92491550489581	58.946625029934125	58.9557574195178	59.18677650734503	3.699221556072364	59.874121330767025	59.90738387353926	59.932500094785766	58.40638373116144	3.3956743373095315	58.93232860055531	58.94806893097978	58.95513862012868	59.17831338250964	3.364556269245689	59.85572661438099	59.95401535457475	59.96869091242853	57.073615837254145	3.6292646233917605	56.02505911117504	58.348054682116256	58.85478985100781
8350000	59.545369755988204	3.539467833262422	59.92170648114069	59.98714564247368	59.99951477179707	58.38265455731802	3.4259181916927246	58.949866793573705	58.96119571920056	58.96869193481892	59.232686204662286	3.7079238996266324	59.94132164180084	59.96056009416665	59.97400400445521	58.40265195256851	3.3913926880739376	58.92551352939939	58.946690740324115	58.95576717206323	59.186634696739745	3.6991691820865515	59.87379256447815	59.90589055563616	59.931034477871165	58.40653825622741	3.3949788754066543	58.932450639525385	58.948098425916186	58.95519141768868	59.17843832670654	3.3654051051747285	59.846829040154944	59.95271859373047	59.969314908256116	57.074538495907404	3.6290332404536745	56.02529548612948	58.348054682116256	58.85268906194919
8360000	59.549833624256706	3.5399896225695473	59.94276048741592	59.9914678088889	59.99949562779885	58.38223191020541	3.426194064820391	58.95042309655308	58.96047296921624	58.96851820291771	59.23337488754828	3.7080699260364196	59.94320170652996	59.96112082722651	59.97383103374377	58.40321276561698	3.3912777458636674	58.92562750128218	58.946625029934125	58.95576717206323	59.186680343259724	3.6991685657878772	59.8784195634387	59.9058050896399	59.93044932677645	58.407020532393474	3.395192272560822	58.93239550735761	58.94811283705618	58.95517623812223	59.181903086189436	3.3641437643654513	59.8588915751499	59.95089795812958	59.96929201542642	57.07579132368523	3.6281718300489048	56.02861836671432	58.348054682116256	58.85268906194919
8370000	59.55164737422056	3.5397650889614702	59.939807623664755	59.99183101079551	59.99971633774117	58.38135293008873	3.427766603108693	58.95088661391529	58.961043003974716	58.9685291515869	59.23388076317743	3.708159008330735	59.94173316342002	59.96024531334412	59.97581123199831	58.40258934640197	3.3916421263784713	58.92562750128218	58.94659381022586	58.95578485584399	59.188901554981044	3.699590213411691	59.87662741070492	59.908747547594274	59.93326200983378	58.406457935510005	3.39501497267653	58.932450639525385	58.948108901385794	58.95517623812223	59.183318693614474	3.3655678488287264	59.85081417459164	59.95481425339033	59.97133468944964	57.077981689142575	3.627800146380772	56.02861836671432	58.348054682116256	58.85268906194919
8380000	59.55078768115191	3.539602687600521	59.93863215863963	59.990324174304504	59.99972800743027	58.382005219942876	3.4266056523847546	58.95066163459767	58.961096226593796	58.96867723228402	59.233836940423075	3.7080801595754624	59.9415890623232	59.960853404999156	59.976182029639645	58.40315751604309	3.3911629188538943	58.92562750128218	58.946690740324115	58.955802772669806	59.18698912434865	3.699247056533286	59.87566640465794	59.908790666688226	59.9335137006786	58.40689416120851	3.39472418745304	58.93291448189319	58.948108901385794	58.95520667936511	59.18434164938821	3.3648012569325685	59.88836333505027	59.953347184665816	59.96994363903588	57.07904226670649	3.627465643713463	56.02945554390575	58.348054682116256	58.851465634220375
8390000	59.54951681708406	3.5395327801519016	59.940965386341404	59.99171716451579	59.99971371494545	58.380789128414676	3.4255399937508066	58.94958317550542	58.960216050324355	58.96770873990815	59.232287704082545	3.707778423796109	59.940170453541626	59.95943313046265	59.97464130396472	58.403764124223436	3.390635479766028	58.92562750128218	58.94683927539299	58.955832849835616	59.18504609859074	3.698833533957938	59.87382970688867	59.9042666119533	59.92922932064243	58.40722892217992	3.394513778925302	58.93291448189319	58.94813686291849	58.95529167438476	59.18376102518588	3.3633143041025946	59.86315132818956	59.952467088701184	59.96924107565212	57.08092506831405	3.6267292632804984	56.02996826679555	58.348054682116256	58.85268906194919
8400000	59.551345943593674	3.5397259634154294	59.93908938508824	59.99055221106961	59.99972576259812	58.382226534040996	3.425165961579605	58.951000791616444	58.9609884430528	58.96837236236806	59.23297634596625	3.7078963608527298	59.94056404584049	59.95998202930333	59.974292567867224	58.404221498447484	3.390580620744728	58.92562750128218	58.94689496677668	58.956004993936254	59.188269808589176	3.699413600360019	59.87649655605728	59.90720894695323	59.93315366668481	58.40773182136972	3.3936993390945682	58.93291448189319	58.94821030555718	58.95520667936511	59.18858051004027	3.362898571809943	59.88729084263312	59.953534397804795	59.97024214082872	57.08310752980357	3.625706332697286	56.03076642698175	58.348054682116256	58.853056417791294
8410000	59.54977090199476	3.5394992546110604	59.93315774625825	59.9913968572943	59.999652743290945	58.38168436285573	3.4269596960365347	58.950012324453965	58.96049708387511	58.96801135614178	59.23297155865823	3.707888037953518	59.942258473955974	59.95955533998534	59.974486766654806	58.4037217931322	3.3914080541575395	58.92562750128218	58.946958657935426	58.956027416703655	59.18496795921956	3.6987847342374964	59.872167820572116	59.904852011184886	59.93068708105843	58.40716441061153	3.3952613519754773	58.93291448189319	58.948269468182176	58.95519141768868	59.18603991791802	3.3644154948933176	59.86966399734284	59.95107374581286	59.96890757514194	57.084462355719104	3.625375303572426	56.03076642698175	58.35762951249086	58.851465634220375
8420000	59.551475566967724	3.539845985988606	59.93384239456311	59.993557345161264	59.99981012736126	58.38221810927719	3.4261777917107294	58.951207811719144	58.960896750860854	58.96798105276839	59.233653471895096	3.708023735113305	59.942816514222045	59.96002229617899	59.973008945666066	58.403845962654245	3.3913496310265425	58.92562750128218	58.947042028568305	58.956027416703655	59.18563383616111	3.6988935009186785	59.872182733799384	59.90613599823267	59.93009467458308	58.40731645440359	3.394497534177345	58.93291448189319	58.948436817945165	58.95517623812223	59.19230965606117	3.362677751148643	59.896368256506456	59.95379856129201	59.96973544096934	57.087488872931	3.623861046288031	56.03217620818894	58.35762951249086	58.851465634220375
8430000	59.55177775083564	3.5397412536014685	59.94314409290512	59.993288249378054	59.999811940004406	58.38140635345922	3.4260201512675876	58.95049913892406	58.960460172187965	58.96773919670273	59.23213809625237	3.7076922134649957	59.93872443783919	59.95992031071711	59.97488364605181	58.40444102465221	3.3916045917324693	58.925827888231474	58.94707415067049	58.956027416703655	59.18846684798144	3.6994247849493243	59.87781783315774	59.909206544317826	59.933560590772984	58.40763827101129	3.3960676332962136	58.93251834938076	58.948322213699015	58.95519141768868	59.19527391074902	3.3625911532580464	59.87829635961372	59.954745264782666	59.97131853755295	57.08919941358808	3.623430746269784	56.03217620818894	58.367548205591575	58.851465634220375
8440000	59.547204201765936	3.539426324461508	59.93102783547216	59.99069657405788	59.999769791262935	58.38205578800694	3.4247772198176656	58.9494374131866	58.960661811248386	58.96750410339702	59.231978113265775	3.7076529694741214	59.938338213986796	59.960475336276275	59.97445798355339	58.40489405886199	3.3914959720129385	58.925827888231474	58.94707415067049	58.956057305790566	59.18562789466238	3.6989013296486086	59.87405651929415	59.90632548550771	59.93096596142145	58.40809152011556	3.3946384440019632	58.93251834938076	58.948269468182176	58.95520667936511	59.196894132018485	3.36161662373632	59.896600304848036	59.954063240761485	59.96984833031416	57.09107149438894	3.6228710351573477	56.03217620818894	58.367548205591575	58.85024320210201
8450000	59.5507140990898	3.5398475210806644	59.9392204848369	59.99111693163097	59.99979584832569	58.38261199112071	3.4248704431602373	58.949877556963784	58.960518896069765	58.9684020059024	59.23393984092431	3.708032604144624	59.943294278555086	59.960659028693044	59.97545007991343	58.40476652127861	3.3913325376373584	58.926616819047695	58.94718159132573	58.956057305790566	59.18618705322689	3.6990033048373583	59.873334245360425	59.90487021395664	59.93094012595718	58.4080309604235	3.394576254378978	58.93251834938076	58.948455969948654	58.95519141768868	59.19984774292481	3.360885780461611	59.90309523688143	59.953045779439876	59.96962307924675	57.09283424436563	3.623002491236462	56.03189850527046	58.37180438464175	58.851465634220375
8460000	59.54875725547967	3.5397041812365844	59.93461010857918	59.99296344407296	59.999798283014584	58.38049042630801	3.4269604666252595	58.95033297155118	58.960801159419134	58.96835059668825	59.233656992009784	3.7078896794519305	59.940527045209045	59.961225019731145	59.97458844624447	58.40441336209673	3.392154881919518	58.92691732861391	58.94726052370148	58.95605248201417	59.186718404074426	3.699096929920368	59.87508648940026	59.90737469017506	59.93276055290253	58.40741828327557	3.3966440367896884	58.93252526797542	58.94856534734006	58.95520667936511	59.1999020204352	3.3620504429519515	59.88156405193033	59.95260929442348	59.97166320930044	57.09486803532166	3.6219620874878116	56.030611153017055	58.37180438464175	58.85024320210201
8470000	59.54482942622662	3.539097360258989	59.92860733448419	59.99010780072483	59.99967643232779	58.38254192089085	3.425566392397654	58.950188046952036	58.96169712800097	58.969092631752595	59.23465854773782	3.7080640271759653	59.942246758565304	59.960808067879796	59.976020879320245	58.40497379998439	3.3912230217741484	58.92691732861391	58.947284435154415	58.95612279003174	59.18697249403917	3.699093038472538	59.87416571391782	59.904851663130884	59.932553883840605	58.40783798492516	3.3945522519081646	58.932528443897795	58.94856534734006	58.95546598953895	59.20087586887922	3.3600795987425145	59.89056138834197	59.95160517696473	59.96992595374947	57.0961116564975	3.6220874847909577	56.030611153017055	58.37180438464175	58.851465634220375
8480000	59.552143251380045	3.539577016519436	59.93840729827833	59.99318063633677	59.999813906767294	58.381643612133125	3.425371663197806	58.950601570691184	58.96072028626725	58.96816485920009	59.232145371658326	3.707597959164871	59.940039026544156	59.959216465738606	59.974337540667534	58.40510876259906	3.3910943466442296	58.92691732861391	58.947284435154415	58.95615677991753	59.18659266091563	3.699033719314172	59.871937539887796	59.90610910278423	59.9323136999297	58.40868773735122	3.394245988692187	58.93291448189319	58.94856534734006	58.95546598953895	59.20521337988349	3.360017167111848	59.901043761363766	59.95468053827324	59.97011750518612	57.096765855223516	3.621354462525104	56.030611153017055	58.37180438464175	58.84989711701495
8490000	59.55010941983765	3.539123017328856	59.93893202928334	59.994056687198295	59.99981966924631	58.38187323600237	3.426907183499389	58.94990960191097	58.960223211160766	58.9681062350007	59.23363814788399	3.7078620041520542	59.94270164773415	59.961416014788526	59.97410667980509	58.40576288145669	3.3905674052492927	58.92712789886777	58.947297198228256	58.956267907290126	59.18644574628404	3.6989883779899158	59.874184471566096	59.905742818804114	59.932242021593275	58.40910457651708	3.394453617801713	58.9330580651155	58.94854635996245	58.95547901190774	59.20658013281074	3.361884294363132	59.902249313502224	59.95371415408687	59.969286198356514	57.09856712522177	3.6205840171681087	56.030611153017055	58.37180438464175	58.850838061139946
8500000	59.554948856062865	3.539920952671081	59.951884501853144	59.99353721784384	59.9998328579462	58.382954169873635	3.4247132953010766	58.95077661324359	58.96103302906239	58.968797470291726	59.235161257360346	3.7081399299821913	59.943979466022626	59.9624399817519	59.97557392003211	58.40545033234724	3.3906264850452765	58.9272793603945	58.94739663221053	58.95630663492747	59.18864567815081	3.6994361809469094	59.87657251336551	59.9086897784796	59.93464212573011	58.40873705568883	3.3940952400525255	58.9330580651155	58.94867390646755	58.955492962578795	59.20820905085637	3.359566361481955	59.900126806064904	59.9547816048901	59.97130836463133	57.09991302297553	3.6184799373931122	56.0315848457889	58.37180438464175	58.849482239164125
8510000	59.5503819139832	3.5396437093580766	59.93729442756121	59.99150530154038	59.9996582328634	58.38341452738748	3.424513560137062	58.951626192267454	58.961724899586606	58.969045180979734	59.23458745498098	3.7080359494003288	59.94275387408432	59.96212931741259	59.97513099056018	58.40582569684898	3.391103041405937	58.92712789886777	58.947427310687935	58.95637584965034	59.18765594176573	3.699188992210893	59.87698413772188	59.90749164938965	59.93223947570378	58.40873817678611	3.394379033455904	58.93312086392989	58.948744901457815	58.95553076836765	59.20992532218364	3.3592466702799455	59.89259388234112	59.95482137574852	59.97109123263786	57.1018183241126	3.6186752868560856	56.03231204008165	58.37180438464175	58.84989711701495
8520000	59.55152574174338	3.5395388897044744	59.93893803883489	59.990519186779935	59.99973555662756	58.38272797004393	3.425025541510088	58.9511820577644	58.96116324060799	58.96851340750206	59.233615257899935	3.707808699482753	59.940880623166386	59.960473401490276	59.97445593899085	58.40507897535076	3.391735554864963	58.9272793603945	58.94736898730898	58.95642231396284	59.18544613530586	3.698794793328971	59.874083796167675	59.90542836484899	59.929892924329494	58.40828944318858	3.394911219682627	58.93364340641503	58.94874598657921	58.95567062324404	59.2072957818917	3.359484866881626	59.89049602544748	59.95391772698554	59.97034211219369	57.10330757861219	3.618897478023473	56.03238445555868	58.37180438464175	58.85112822858719
8530000	59.5544383454133	3.5396203720019397	59.947598623860756	59.991928376896	59.999742798463245	58.382054082224876	3.4253284067910097	58.95065042907363	58.960925110672044	58.96833204351874	59.23279093131672	3.707707279144879	59.942008576546876	59.958741535561956	59.97435952519113	58.40481256139184	3.391565621280873	58.9272793603945	58.94736898730898	58.95646709478386	59.18750154972343	3.6991397168484395	59.87763568048183	59.9071227973016	59.9300305037568	58.408416146918015	3.3942798743068034	58.93397925209704	58.94874598657921	58.95567062324404	59.21180051469533	3.359740330882239	59.89583398197224	59.95537088826648	59.97106993082707	57.10575578653097	3.617389951241866	56.03238445555868	58.37180438464175	58.850838061139946
8540000	59.55151153912256	3.5392131049614264	59.93939843522913	59.993491888463765	59.99978546383697	58.3826741817038	3.4259947165167874	58.95147699523082	58.96042326232805	58.967816022322026	59.23345692278443	3.7078294749414074	59.94155974904835	59.96081494097521	59.97456969687656	58.4056396264061	3.3911781206808453	58.9272793603945	58.94741854391074	58.95649037804663	59.18706442072445	3.69906897261943	59.87607745538018	59.90511999690316	59.929809075028096	58.409019263237184	3.3943855979382946	58.93397925209704	58.9488335799263	58.955710429317975	59.213269124387814	3.3601380905881775	59.90237711738435	59.95519622736596	59.97062687677269	57.10877375617725	3.6160766506535857	56.03231204008165	58.37180438464175	58.850838061139946
8550000	59.548987329715686	3.539549107599338	59.937183096077824	59.99208039454601	59.99986873282599	58.381403550210834	3.426389090310589	58.94971820936536	58.960468931633926	58.96759119842826	59.23438485750886	3.7080152217896996	59.94173752477391	59.96156132839289	59.975856429323336	58.40527217069916	3.392729302022851	58.9272793603945	58.947542801187836	58.95651667207517	59.18783498231518	3.699209795449586	59.87732845425121	59.90756377127367	59.93131387395812	58.40831115731466	3.397099097761385	58.93397925209704	58.94890966770013	58.95570869111136	59.21273859041209	3.3604492474507897	59.89885928738753	59.95408398086039	59.970154099666786	57.112025660709016	3.6146225948166846	56.03184692619922	58.37180438464175	58.85112822858719
8560000	59.55209728124402	3.5400433187543014	59.946169961016324	59.99386979320623	59.99979808730742	58.38180208251933	3.423864883855298	58.94983196461381	58.96081403687288	58.96789188394306	59.235281811536986	3.708158886179021	59.94474764910835	59.96115997716054	59.97523950951305	58.40637461421574	3.391122717105762	58.92739853812351	58.947621095866666	58.95657065683061	59.18759296650141	3.6991636239671393	59.87427699988594	59.9069391851242	59.933772332711584	58.40938459165867	3.3945164598759576	58.933965349972425	58.94896155904034	58.955730328734774	59.214617051072615	3.357867562146787	59.89541405302565	59.95438585009239	59.96975013448104	57.11447757137951	3.613953334975409	56.03184692619922	58.37180438464175	58.85150837751932
8570000	59.54834236924096	3.5396214734815934	59.93771622324286	59.993287160903115	59.999749018992816	58.382155952394314	3.427271701701244	58.95103629640789	58.96077838306863	58.96848542224191	59.23305063896133	3.707715871070878	59.94127205132945	59.96023489183352	59.97429578680505	58.40585082674442	3.3914375352808404	58.92739853812351	58.947830127580644	58.95654220923133	59.185826169743954	3.698818305879535	59.87803917046163	59.90402989017615	59.931277511238676	58.409126145604205	3.395251451717283	58.93364340641503	58.948998724205026	58.955786588929556	59.21561943666475	3.361393794305265	59.900927881932326	59.955476431361745	59.97051891333123	57.114965773904544	3.6134087233636296	56.031462892656585	58.37180438464175	58.84997773373286
8580000	59.54718547055922	3.53960464690364	59.93672426560218	59.99171567683454	59.99973573082431	58.38155014273387	3.4256357472218952	58.950527291507264	58.960646017372326	58.96844725402102	59.23382884125214	3.7078534717579625	59.94154417680592	59.96011212300018	59.97464829277885	58.40652975949628	3.3915552499221953	58.927576028159336	58.9478980312296	58.95657583119492	59.18629361739367	3.6989035945856843	59.87699461627285	59.905941869288	59.929967439220405	58.409978006686586	3.3951556082706382	58.93364340641503	58.94896155904034	58.95582002534465	59.217687257988636	3.359253386395993	59.90805027736556	59.955267271479656	59.97105228225039	57.11728262431368	3.611630416247378	56.03052873120525	58.37180438464175	58.850838061139946
8590000	59.547620456788465	3.5379591600529627	59.93247059798866	59.99182189766864	59.999734367895655	58.38185456549211	3.423710343655121	58.94992790056745	58.96038045727626	58.96813918381753	59.233364167995816	3.7077047261951455	59.94061166449515	59.960431121255375	59.97503894487896	58.40622611628944	3.391101745290448	58.927576028159336	58.94792392233684	58.956616424311335	59.185005134897686	3.6986857870707217	59.8735629844964	59.905799926490396	59.9304543039036	58.409690284113516	3.393823715718369	58.93312086392989	58.94896155904034	58.95582002534465	59.21626207873753	3.3567322112175284	59.888462935244334	59.953149236083505	59.970398620624145	57.119758248949196	3.6111154451659404	56.03209505834687	58.37180438464175	58.85150837751932
8600000	59.5528565825463	3.5387342856188377	59.93738157787848	59.99198998481396	59.999826578130325	58.38245943496059	3.424492382606024	58.94987024524589	58.960703058905395	58.96792519228508	59.23481279887863	3.7080624683334533	59.943369193884756	59.96155482456709	59.9752288423749	58.40589488875388	3.3919608847357954	58.927576028159336	58.94792392233684	58.95667206420651	59.187869984277384	3.6991777261197933	59.8766436142367	59.9078940875395	59.93237319211782	58.40941530012015	3.394705390904663	58.93327479920478	58.94896155904034	58.95582002534465	59.2224313792825	3.3570398348775137	59.90845299074379	59.95673404268965	59.97025454791583	57.121043052546646	3.609935467118953	56.03209505834687	58.37180438464175	58.85112822858719
8610000	59.55189745976887	3.5393391813065342	59.943440946858416	59.99127300731801	59.99969708637938	58.382131892424134	3.4254547887660336	58.95143311401462	58.961501973402335	58.96787197885128	59.2322866401404	3.7076206161068046	59.94107813591048	59.95982694202766	59.97347179107265	58.405864843629075	3.391619239668153	58.927576028159336	58.9478980312296	58.95678701755892	59.186402126216024	3.6988950413618937	59.87196183025317	59.90567415500732	59.93083905571385	58.40894832096829	3.394533228783349	58.93364340641503	58.94902784153087	58.955911344024095	59.22211483836684	3.3579037109772067	59.89882787619479	59.95331352449167	59.96941869951257	57.12347773844062	3.6095234715037323	56.03231204008165	58.37180438464175	58.85150837751932
8620000	59.553397150249126	3.5393184904218797	59.9357229903555	59.99230747718738	59.99980142589432	58.38159159131121	3.4264690021592723	58.950224343705614	58.96105823661638	58.96854486889055	59.23416132594668	3.7078993582089743	59.94320736802879	59.96091475001414	59.97490074008352	58.40687123837372	3.39155037757404	58.927576028159336	58.94796117489224	58.956802229047526	59.18787178898302	3.6991441882150737	59.876660916844735	59.9066479818767	59.931859532113776	58.410095760238256	3.3949445499185336	58.93364340641503	58.94902784153087	58.95600273864825	59.22520443515431	3.3591931720802615	59.90440159518105	59.955067947600725	59.97076498140238	57.12783722202597	3.607084995073651	56.03258493789615	58.37180438464175	58.85112822858719
8630000	59.54925086173734	3.5393261591330543	59.92976401240843	59.992255030025746	59.99980362130873	58.38141103678268	3.426054018581357	58.9506233660688	58.96057079951713	58.96823873967021	59.23381378778658	3.707848519328658	59.93979007481697	59.960790078442585	59.97482779575094	58.40626983818141	3.3915314191589783	58.927795997754444	58.94792392233684	58.956802229047526	59.185978628167106	3.698811690391318	59.87345571819752	59.906459228515786	59.9304042789869	58.40916870680314	3.3959238529135427	58.93364340641503	58.94926038979199	58.95610288416812	59.227231104495864	3.358492215697851	59.90940060237149	59.954143870395676	59.970643480200195	57.130024584336226	3.60638188236317	56.03386058069812	58.37180438464175	58.85150837751932
8640000	59.550601198277306	3.5398488870745153	59.944113216704174	59.992362531947265	59.99967293433632	58.382651867325265	3.425631292092355	58.95110035606976	58.96089769491807	58.96816912509194	59.2344571815808	3.7080158155685763	59.943172409615286	59.96161483804007	59.97585971840746	58.406803088247344	3.3913546108176815	58.927795997754444	58.94798133991998	58.95688648174114	59.18789283065666	3.6991934035085032	59.87812748903352	59.90923908703471	59.93091294985761	58.410131567707005	3.39465345541734	58.933965349972425	58.94928768059745	58.95600931192928	59.22680630328783	3.358710599096403	59.90151674737886	59.95424149732166	59.97157953340222	57.13295977892092	3.604868771666013	56.03386058069812	58.37180438464175	58.85150837751932
8650000	59.54758915191868	3.5398020870792317	59.93664645906014	59.99108433191535	59.999551345798395	58.38292998566647	3.4271045808959717	58.951448610653514	58.9610804364408	58.96800124780572	59.23395394390448	3.7079090726087673	59.94363050042978	59.96111110880527	59.97436767912977	58.40774086601497	3.3910422448350634	58.92831253222886	58.94799347431899	58.95688648174114	59.1874676818546	3.6990763785434098	59.87664036601815	59.90571159466221	59.93139489909788	58.4103053197428	3.3949610143483975	58.933965349972425	58.94931310999919	58.95619028951648	59.22786768476631	3.359605495495903	59.90920827564584	59.955965615080615	59.96990427417725	57.1361238683099	3.6034781235917044	56.036129335561924	58.37443853099339	58.85112822858719
8660000	59.54901575324719	3.5398592622236897	59.93538705075567	59.993197222386236	59.999803422629185	58.38192887341473	3.424548777730854	58.95056081339996	58.96058505036559	58.96808740055256	59.23342081482448	3.7078468452159092	59.94201468187397	59.960065955380784	59.973876152054174	58.4075611624483	3.3910925656306143	58.92896210925414	58.94808609352265	58.9567954833384	59.18727890557316	3.6990696027738204	59.87691619419161	59.90607822352838	59.93156661610509	58.410523274465824	3.3951156409194474	58.93402474430295	58.94934271067737	58.95615536701786	59.23027376322488	3.3572041445164564	59.917605531244206	59.95323537054049	59.970811566990875	57.13843783683334	3.6029484592614835	56.03680582011118	58.37635364473931	58.85135821216314
8670000	59.54634554163277	3.5391271763887007	59.91959307011706	59.99062514588517	59.999703572664075	58.382254291062054	3.42396835937379	58.951442122807556	58.960696403645535	58.96818209933045	59.2344434018071	3.708050538285399	59.94234593878828	59.961815946187144	59.97442418195241	58.40776269994848	3.390904277158571	58.92896210925414	58.94816258515154	58.956806226639586	59.18754187975032	3.699103214385781	59.87564986680742	59.906392062385756	59.931056336109464	58.41088570945396	3.3933295452667362	58.93410048015328	58.9494096129943	58.95619028951648	59.230221143809665	3.3562778172909593	59.9110552642364	59.95553554283542	59.97080952465925	57.14044806707578	3.602647007279509	56.035739943021866	58.38137173022354	58.853056417791294
8680000	59.54661816977624	3.539098695162578	59.928494125886644	59.9911193773692	59.999594650943024	58.38230921353694	3.4255703164529465	58.95089492621205	58.960784894288324	58.967664365204364	59.23289605716956	3.707733610525997	59.94181961902158	59.95950421049547	59.973536099759585	58.40706213849343	3.3916969909306975	58.92896210925414	58.94840415569987	58.95689861871012	59.18466269784819	3.6985640706029845	59.873826551383885	59.90371876517692	59.9277289446858	58.410041551842006	3.3949980802063067	58.93430916853613	58.9494679564987	58.956114938030396	59.230090455028204	3.3575886457498636	59.90828394174724	59.95359944661732	59.96944567626103	57.14223583712145	3.601558722273756	56.035739943021866	58.38401128655383	58.850838061139946
8690000	59.5473089556488	3.5391242744442275	59.93156031664928	59.990927152767455	59.999797107366135	58.38056212142353	3.4251056687161068	58.949811799597256	58.959920938790304	58.96742150855358	59.23247058310276	3.7076619903398607	59.93927297852969	59.95935443518296	59.97426499623051	58.40720098300139	3.3914119450696782	58.92896210925414	58.94840415569987	58.956912192932755	59.18416072090781	3.698475457886363	59.87354543774839	59.90234343090435	59.928882063782225	58.41022078706215	3.3945096905380887	58.93463734186218	58.94954279987569	58.95623934655821	59.2321326607481	3.3564697736570017	59.90935885888852	59.9535075918599	59.97028818579021	57.14402147028645	3.600911825327198	56.035739943021866	58.38401128655383	58.850838061139946
8700000	59.54529618780279	3.5387841979133148	59.92343530488287	59.98961250917587	59.999665253868244	58.38113721601655	3.4271048103874513	58.949938730440536	58.96063822910236	58.96808836756363	59.232309461992195	3.7076178702715192	59.93798496461039	59.96054962849959	59.97373550502211	58.40780381311095	3.3921167021272383	58.929632029839524	58.94842835431338	58.95695340072145	59.1856927964865	3.698750690001578	59.87433970960172	59.90519524608335	59.92930388271408	58.41073172744217	3.3953778743874357	58.93519088733585	58.94954279987569	58.95646744137032	59.23400853493566	3.358914543737486	59.91209122193353	59.95312583670615	59.97008560921642	57.14695553965424	3.5999026787884	56.03680582011118	58.38791148258708	58.853023164619096
8710000	59.54704128708669	3.5392842582667887	59.92637616102347	59.989082120012085	59.99947222801304	58.38195049617422	3.424266597216541	58.94957889240954	58.96058488188768	58.96872842891298	59.232609609087355	3.707697088499059	59.94041926038461	59.95959638339042	59.97403259557683	58.4072553056405	3.3921023532089616	58.929632029839524	58.94844627290071	58.95694135164054	59.18484758967252	3.6985941878332427	59.87460227133074	59.90374987415544	59.92927009881975	58.41035386680081	3.395087008322511	58.93494426605895	58.94959571044903	58.95646744137032	59.234212173715164	3.355592978397332	59.91325987442197	59.95404883844676	59.96895247292447	57.15126196174532	3.5978561280797714	56.03680582011118	58.39550680833324	58.85456412839201
8720000	59.549725363365795	3.5390988149570948	59.93552291193145	59.991927744616646	59.99974763918413	58.38216287762111	3.425094880794572	58.949367852301144	58.960435960913685	58.967485460361	59.23351943660051	3.707893479169722	59.94169569269743	59.961851782099856	59.97401948317709	58.408329460876445	3.3906794246369487	58.93027750985013	58.94844627290071	58.95695340072145	59.187101045031085	3.6990041009146166	59.87785882536791	59.90878588183902	59.931621813369865	58.41135176504038	3.3931422293418443	58.93519088733585	58.949624068134376	58.95653821952001	59.238474566555894	3.357154405298949	59.91514063019839	59.954675867138704	59.97014710891531	57.153172923809265	3.5972151611923175	56.03680582011118	58.39550680833324	58.853023164619096
8730000	59.54931872263108	3.5389575294356534	59.93164249032792	59.99142434054571	59.99973328503428	58.38242835827969	3.4255586481947473	58.9505052848524	58.961245514831845	58.96845495553839	59.23427109134269	3.7079773203238298	59.942834893607696	59.9626265048057	59.974975165925144	58.40762312028178	3.391621813389689	58.93027750985013	58.94844627290071	58.956987568349	59.18670808530477	3.69893855016278	59.87582755560899	59.906781192636146	59.931454047219425	58.410432880726304	3.395272527067302	58.93526760953117	58.94959571044903	58.95653821952001	59.2362703408327	3.3568407847761974	59.91146585881709	59.9542127744764	59.97013179791191	57.156429650970765	3.5966033373150657	56.03592152129344	58.40726849382501	58.85475666713812
8740000	59.55131339595161	3.539090173874388	59.93981033820599	59.99174241468512	59.99969342191017	58.38206507630079	3.425333619536881	58.951378112986454	58.96141409325797	58.96893654641396	59.23446220782277	3.7080469060335313	59.942923462386744	59.96287956465508	59.975066047243466	58.4075283531708	3.391228836760093	58.93027750985013	58.94847324836392	58.95694135164054	59.187581304846965	3.6990582171746933	59.87807159421649	59.90791304678868	59.93322247138329	58.41017032788276	3.393885428976156	58.93526760953117	58.94954279987569	58.95653821952001	59.236846732516135	3.3561155870276016	59.904025849907526	59.95473034201488	59.971891428113636	57.158231071590755	3.5958123098306953	56.03592152129344	58.40726849382501	58.85465690762152
8750000	59.54831639949666	3.5390595768849984	59.9363799062705	59.99139163377225	59.99978792716396	58.3821288615302	3.4281356626303454	58.95145338123092	58.96182032128198	58.96936934959901	59.234683442510374	3.7081038919309934	59.943806442170086	59.96217019065586	59.97505867341053	58.40788309436204	3.392417616535282	58.93027750985013	58.94847930133202	58.95700253113962	59.18769731383407	3.6990679720741784	59.87932863843179	59.90806653960628	59.93154906625987	58.410455243007085	3.3966169470528866	58.93526760953117	58.94954279987569	58.95650499340711	59.23630609323096	3.358598864425376	59.91153340864684	59.95321033963398	59.96952818337466	57.15940113172084	3.596278626396655	56.035772890545516	58.40726849382501	58.85465690762152
8760000	59.55088426237877	3.5394620180749734	59.944058520715906	59.992802626388574	59.999870889669204	58.38231253494863	3.425417030152018	58.95026665864392	58.960943803210725	58.96832492751123	59.233676447627154	3.707914454946624	59.941005912558495	59.96049011082103	59.97462171716734	58.40906744549987	3.3913162277205493	58.93027750985013	58.94872490126489	58.95710818612214	59.18673310311847	3.698900832933403	59.87462528948194	59.90591863325234	59.93195426509858	58.411574617708276	3.394428509631508	58.93519088733585	58.94965014182801	58.95664288704573	59.24008235818087	3.356387647982002	59.917715628176715	59.95489201140577	59.97114885216364	57.16160625235441	3.5948871407200955	56.035772890545516	58.414096685233204	58.85465690762152
8770000	59.55315854910622	3.539173766210452	59.94696377659099	59.992431032139805	59.999778101119055	58.38177283711528	3.4255936240316047	58.95016885942662	58.96011129816212	58.96779641507389	59.23154810368971	3.707519441119663	59.94017360211747	59.9590757440264	59.972801838068115	58.40858345447233	3.391294614233453	58.92970998504385	58.94880643171929	58.95710818612214	59.18457278583516	3.6985274140975006	59.87309380639912	59.90399965411981	59.9280093235306	58.411665531167465	3.3955911178372786	58.93519088733585	58.94971146448309	58.95673552110483	59.23996830927344	3.3566013146206606	59.9091578932383	59.95451796755052	59.970516097623936	57.165368069201044	3.594159201057845	56.03802266565011	58.43340385290611	58.85465690762152
8780000	59.54567691680671	3.538894070385503	59.929370265683865	59.98990581623032	59.999618291715066	58.38175832673339	3.424427363300548	58.94941023288143	58.959875519467815	58.96753867980078	59.23405177382722	3.7079054555601365	59.942036348774934	59.96026125536502	59.97363770587579	58.407690652190645	3.391654843419894	58.92970998504385	58.94880643171929	58.95713419505728	59.18747880351957	3.6990760424258107	59.876141911711656	59.90628835891451	59.933018706304686	58.410820254408804	3.394271360975938	58.93506457989845	58.94981884457036	58.95675777746503	59.238808372335896	3.3547531418292134	59.91270779606845	59.95363774052153	59.969569019377545	57.16720760658881	3.593628727159822	56.038398801504016	58.43340385290611	58.853023164619096
8790000	59.549890104632986	3.5393253180398125	59.937426061459114	59.99303466165623	59.99964495852417	58.38168560357837	3.4249678592856974	58.95055004624491	58.961139317247174	58.96767763784758	59.23344316611533	3.707764954360656	59.93960582963261	59.95937519047011	59.974788208438774	58.40791619696177	3.392355600106558	58.93035403220028	58.94880643171929	58.95718285159825	59.18668268228533	3.6988962511851122	59.87308262264591	59.90649926174771	59.93191868177116	58.41062093877487	3.395261471626231	58.93526760953117	58.94987651204319	58.956761472012374	59.241044307812814	3.3553809311789435	59.916861353293825	59.9555050613648	59.97059306307307	57.1694521626166	3.59375167502765	56.038398801504016	58.43340385290611	58.854690091491214
8800000	59.54773045806622	3.539389055307207	59.94338454315293	59.991672065684156	59.99970449324286	58.381438690268006	3.4262232448932606	58.949885827038166	58.96058936488406	58.968513558138696	59.233936455219286	3.7078572908737244	59.942182827213664	59.96103144140919	59.97427695365215	58.40782540402662	3.3918727395920043	58.93035403220028	58.94889930742932	58.957265003925336	59.187289626594065	3.6990011203417628	59.87507306809473	59.90818759340963	59.93412021274481	58.41051095075237	3.395026798614758	58.93519434337369	58.94987651204319	58.95679577792504	59.2396608197284	3.3565917305489306	59.90925152127484	59.95406936325017	59.97005440695994	57.17168565985367	3.5930734357483267	56.038398801504016	58.43340385290611	58.85533671005328
8810000	59.548864340797195	3.5390610824076325	59.9393421547559	59.99239476478669	59.999700989276874	58.38233897965633	3.426013506233443	58.949963080471846	58.96072968965707	58.96832440330434	59.232984556814856	3.7075680626120797	59.939555790984585	59.96038452649621	59.975486960629816	58.40792093969996	3.391541493364258	58.93067706378565	58.94894444158019	58.95718285159825	59.186004819322434	3.6987021349871854	59.87338759107446	59.90544970627897	59.93277085400637	58.41066027473468	3.3946752526910964	58.93519434337369	58.94999102166847	58.95679577792504	59.24008477720064	3.355641996186996	59.909892682320084	59.95335007355065	59.969174303926565	57.17321405438312	3.592982236353551	56.038398801504016	58.43340385290611	58.85628279951818
8820000	59.55097435060915	3.539345119074813	59.94464181410268	59.992743314241864	59.99979190100181	58.38146636417876	3.4271448528833814	58.950061037541786	58.96108829291562	58.96866704378416	59.23196811948883	3.7074752161145015	59.94031592058094	59.959390344080475	59.974377466394685	58.409267036942836	3.391608236766591	58.93067706378565	58.94894347577731	58.957265003925336	59.18618305886231	3.6987202040401956	59.876174727345266	59.90669956640517	59.93048028134978	58.4117225381171	3.394576128633315	58.93519434337369	58.950108808591864	58.95672958423186	59.24358627842692	3.3576957482578855	59.919772168754044	59.954851039379434	59.97127137208841	57.177037353294175	3.5912241741401507	56.03876525079264	58.43556275200084	58.85767388766521
8830000	59.549782482805306	3.5396482345205444	59.93667812823584	59.99279889362171	59.99979339721075	58.38204725153323	3.426455077012478	58.95077315292219	58.96067849836437	58.96855606960118	59.23417938866513	3.7078401955328784	59.94164474388214	59.962107190702625	59.97525281153053	58.40858583787387	3.3919313007935186	58.93067706378565	58.94900990208578	58.957265003925336	59.187021285497906	3.6989346655174105	59.87585450210285	59.906773182273966	59.932336604256726	58.411269820093636	3.395647973575059	58.93519434337369	58.950128735422126	58.95669752923595	59.24494555152202	3.35570831124224	59.909650216875335	59.955454435781405	59.97091622193271	57.179468289378335	3.5909761799489903	56.03876525079264	58.43556275200084	58.85767388766521
8840000	59.54799680407673	3.539454688197239	59.93777391277561	59.990704855555066	59.999778078952545	58.38107517401691	3.425891182443128	58.95068025700057	58.96093278109881	58.96817999900221	59.23392517713665	3.707764019776076	59.94269598108253	59.95977291664231	59.974559061222834	58.40929856097228	3.3909094897969916	58.93067706378565	58.94903589430335	58.957265003925336	59.186665766221324	3.698805834175542	59.87366569093736	59.90554897401229	59.93048507269241	58.41179321812556	3.39378330124474	58.93536351741973	58.95016297444903	58.95672958423186	59.24535998246395	3.3549693033334607	59.9166586915716	59.953963374062496	59.9696915891683	57.18146067616345	3.59019081706159	56.03876525079264	58.439073788411854	58.85761126090002
8850000	59.54776655953556	3.539262799019878	59.940520978168415	59.99111423073661	59.99967608828581	58.38213523298754	3.427404179950061	58.950523965091115	58.960852792143825	58.96804571811942	59.23317892913052	3.7075608039504475	59.941377591665045	59.959409921806554	59.97370680544887	58.40904186316837	3.3915025862964514	58.931641689239136	58.94900990208578	58.957214311803426	59.18586689932896	3.6986293381258086	59.87468938382817	59.90545071586125	59.92841721007843	58.41174192696836	3.395654686321046	58.9354769422724	58.950198409834215	58.95679577792504	59.24820299806836	3.3561749276523627	59.91533912327768	59.95400687732925	59.96942232662314	57.18281466876857	3.589122882979901	56.03876525079264	58.439073788411854	58.855586787000085
8860000	59.54797320904769	3.539249164517879	59.93520793852071	59.99145196712277	59.99979147812123	58.38213069515771	3.42677270284414	58.95167705740543	58.96097663030013	58.96822022191803	59.2348172032964	3.70795162142715	59.94466101705764	59.96136387435345	59.974912591440386	58.408747662052434	3.3921830023300683	58.931641689239136	58.94903589430335	58.957364000369964	59.18778602173546	3.699010781385924	59.87907728179269	59.90809209173278	59.93067100469005	58.411083848048435	3.3953884774188805	58.93553451312463	58.95020477937207	58.95679577792504	59.24818152645843	3.355257809535192	59.91056608798375	59.95529707386091	59.97015223838285	57.184738222146336	3.5883920657022013	56.042565104229155	58.439073788411854	58.85533671005328
8870000	59.55103084798833	3.539674210705857	59.943332331775835	59.99148351105535	59.99977404911482	58.38157883372172	3.4249946536428633	58.95088837058479	58.96050846915587	58.96777310649364	59.2337623317278	3.7077519317173113	59.94097867715072	59.95979548542316	59.974864483820724	58.40930018645268	3.39080385998613	58.931641689239136	58.94910550939845	58.95740175408278	59.185821633134786	3.6986352513780854	59.87531277222243	59.90768998595122	59.92921723971247	58.4118463330588	3.394516589167389	58.93553451312463	58.95020477937207	58.956817591777046	59.25191166797223	3.353745983531217	59.912332782748756	59.95483730556466	59.96992505326459	57.1861199404743	3.5876699445640967	56.042565104229155	58.439073788411854	58.85533671005328
8880000	59.546535000939315	3.5390917196395306	59.92807487907463	59.990375433959805	59.99961235248042	58.38235456503161	3.424987918888174	58.95059151389136	58.96079938039928	58.96818492521024	59.23278460136078	3.7075796213239602	59.94024994870365	59.961465614049914	59.97536622153767	58.40859910495007	3.3924275568550435	58.931641689239136	58.94906285766332	58.957364000369964	59.18567906649487	3.698620951571703	59.87607556792889	59.90470362268913	59.92904345569652	58.41099382156404	3.396360432185427	58.93553451312463	58.95021870337649	58.95685555725983	59.253690203873326	3.352420421810357	59.90760636817843	59.95440384631118	59.97056050433163	57.18775576380411	3.587179826926544	56.042565104229155	58.439073788411854	58.85533671005328
8890000	59.5502046647051	3.5395075598412133	59.93873572141199	59.99087916516192	59.99960336582431	58.381296167649154	3.4275953202146594	58.95042869324051	58.9601532594412	58.96783169536408	59.232458514833	3.7074743100270195	59.93869188997287	59.959556210496146	59.97504877989125	58.409371255380954	3.3920166981313833	58.932017735534984	58.949158997128194	58.95743153730074	59.18480473900939	3.698494784786323	59.87121732716913	59.90285741089504	59.9323097139379	58.412189534505124	3.3958016820448895	58.935748237291236	58.95021870337649	58.95688670748603	59.25683734158835	3.3551024785383667	59.91226592110967	59.95371236796001	59.969719722406786	57.189848992094426	3.5872977277972753	56.042565104229155	58.43982341780477	58.85731263678564
8900000	59.54931624277993	3.539184757126877	59.93402778646452	59.99098366662034	59.9997079313902	58.38179782410893	3.425831505350672	58.949898665249194	58.96059695487744	58.96785625454855	59.234229969891665	3.707846983472502	59.941112075515356	59.96111045943903	59.97510230150193	58.40981771178352	3.3912518899428954	58.932017735534984	58.949158997128194	58.9573993052872	59.186382939731615	3.698713960426388	59.87587324059211	59.9066535767821	59.931814942953565	58.41218416285456	3.39452939348182	58.93588207145446	58.95022670964521	58.95688670748603	59.25597817097191	3.353012878346021	59.912820461413666	59.95400274565674	59.970446073112704	57.192717792871356	3.5864020180059986	56.04344858807254	58.43982341780477	58.85761126090002
8910000	59.5477073511114	3.5391301733506935	59.924861503627994	59.99101465956036	59.99976585264629	58.382025490559734	3.4252000941436918	58.95115485946269	58.96105462208506	58.96811280039214	59.2343080849672	3.707875704092141	59.94243635354569	59.96180160347288	59.97447476399928	58.409594736528405	3.392230730843099	58.932017735534984	58.949158997128194	58.9573993052872	59.18573565910943	3.6985927405010246	59.873216052206764	59.90507877020654	59.93083295769714	58.41156551424176	3.396063085765202	58.93588207145446	58.95032508796421	58.95711756528884	59.25969604420943	3.3524702662266757	59.915313753565016	59.9546224853181	59.97025761669221	57.19269637771001	3.585396494261156	56.04344858807254	58.43982341780477	58.85257279185272
8920000	59.547824745841275	3.539187706597916	59.93971898508023	59.991856072653725	59.999732432979734	58.38102473533079	3.4260873576319164	58.95022352649557	58.96078193133053	58.96800514959112	59.23252361458972	3.707512820500231	59.94168962115508	59.959512381897355	59.97300867031897	58.40864195981046	3.392110912806897	58.932017735534984	58.94918457399442	58.95743165316384	59.184791483368734	3.698362288861409	59.87240031513709	59.903815846057604	59.92950365137765	58.410882590700254	3.3958138070087633	58.93588207145446	58.95035697778857	58.95715297158818	59.26159154496089	3.353236789409058	59.913643651476704	59.95436240751668	59.970043434745634	57.1951281622883	3.584497064021714	56.04344858807254	58.43982341780477	58.85257279185272
8930000	59.549026303378184	3.539795449067174	59.935380446956295	59.99301582861416	59.999718805955446	58.38100615274619	3.4262814270127713	58.94896340392646	58.96065932384323	58.968073793322276	59.23189421251877	3.707401198409792	59.93858502125491	59.95952096631925	59.97427976611901	58.410484208923954	3.391651938983441	58.93228322244263	58.94918457399442	58.95747336192545	59.18617261556784	3.698593673739211	59.87462226258413	59.906069054012846	59.92969958283706	58.41247710504142	3.3954753702173317	58.93588207145446	58.95040669502108	58.95717212827436	59.26482396948634	3.3530632349673906	59.92129777369489	59.95396280861394	59.97047070213692	57.19717205599336	3.5840114638417275	56.04673082669966	58.43982341780477	58.855882149567336
8940000	59.5472853680287	3.5390259348091893	59.93161023313242	59.99010801450021	59.999772388955805	58.3817427908271	3.4259880935231872	58.950319270114825	58.96088685095846	58.96768940810266	59.23310569515269	3.7076172971646333	59.94144217110518	59.95932003945014	59.974855239366875	58.40978538508627	3.391554141044581	58.93228322244263	58.94918457399442	58.95743334161979	59.18422468140845	3.698236577940644	59.86958546178998	59.90411985005052	59.930126080610265	58.41225682813204	3.394001925518652	58.93614536363301	58.95048732932494	58.95719824104947	59.26522590291757	3.35283540492274	59.922213864611564	59.953465524873856	59.96985954948498	57.19976857418566	3.582559335537624	56.0483332284751	58.43982341780477	58.85522587724206
8950000	59.54847330111132	3.5392034242321286	59.93594759550345	59.99034364980527	59.99966969738054	58.38248483475963	3.425386740475394	58.95106101136321	58.96064714673379	58.96855916540495	59.233504503170536	3.707648606401859	59.94181006209808	59.95964394246532	59.97442960462747	58.409748478057296	3.392084670011424	58.93228322244263	58.94918457399442	58.95743334161979	59.18555303626259	3.698468229090138	59.87223859741435	59.905424681423085	59.930209615332785	58.41178455303624	3.3959690521345918	58.93614536363301	58.95055378311013	58.95719824104947	59.26613513203678	3.3535386490089203	59.91669480647023	59.95510605354282	59.97062247772375	57.20154620890866	3.5814786011131536	56.0483332284751	58.43982341780477	58.854690091491214
8960000	59.550363799149466	3.539465719930944	59.94439427052828	59.99177723514501	59.999694311526675	58.38220536301312	3.4267298482651967	58.9507315950998	58.96026637796027	58.96782058125941	59.23352582178012	3.707612648832449	59.94180076415655	59.96055991711442	59.97404841869879	58.41042476155805	3.3914901710507728	58.932017735534984	58.94918457399442	58.95743334161979	59.18653558875187	3.6986496114982366	59.87349219330294	59.90449419680159	59.93170499567297	58.41279966125261	3.395385010160534	58.93632013471992	58.95055378311013	58.95717212827436	59.26611533300416	3.3527406921664435	59.913188008735716	59.95442119082968	59.96902467835117	57.20429555712649	3.5807790051350286	56.0483332284751	58.43982341780477	58.855882149567336
8970000	59.54901574896762	3.539290121376044	59.934507981820715	59.99309436791373	59.99978503672683	58.38211857125497	3.426537238949014	58.951411964635824	58.96056423273126	58.967783308600744	59.23343248417142	3.707594925298581	59.9422100991092	59.960205383598016	59.974076694145595	58.41018031919257	3.391116750150388	58.932017735534984	58.949330518931085	58.95760262636219	59.18651140882958	3.698642666511122	59.87664943812322	59.90539737392473	59.92901045841694	58.41280328166097	3.394688096661951	58.936421029197085	58.950564518517936	58.95717212827436	59.27115268499821	3.352113826001171	59.919482941640084	59.95433200961125	59.97081480611034	57.20615703878787	3.579991395541275	56.050388573937894	58.43982341780477	58.85551112086325
8980000	59.552210088803704	3.5393234557540394	59.94169847377831	59.992179120698665	59.99977952394817	58.38144747404858	3.4255104807184567	58.94979500965987	58.96075534787704	58.96805804705581	59.233166184767626	3.707520796928445	59.943289004916494	59.96005198627583	59.974744768124566	58.41043312944927	3.391221565919333	58.932017735534984	58.9494360778399	58.957673131310706	59.186040672841955	3.698548340068604	59.875662614819674	59.905763357175694	59.93002598298506	58.41294775723225	3.3940197320900585	58.936421029197085	58.950596909055974	58.957157591206055	59.2730399468368	3.351094952067574	59.9206111630166	59.95540755495756	59.97082235299172	57.20837924911188	3.5787311079535677	56.050388573937894	58.44076544324419	58.85551112086325
8990000	59.55221046832723	3.539160515852311	59.94579212301181	59.99224740127759	59.99985988985997	58.38250061746884	3.4261819879674458	58.95038383466427	58.960857299290225	58.968404636253126	59.23353561381657	3.707567960333724	59.94170407408839	59.961113277904516	59.97447925146238	58.41076714522441	3.3919885663823814	58.932017735534984	58.949452627317044	58.957673131310706	59.18664413118782	3.6986534159043614	59.87608113188242	59.90645249583069	59.930769226379134	58.41269247181671	3.3968226552042124	58.93643923626374	58.95060273178801	58.95713508013141	59.27768960768352	3.352027952470124	59.92529743924568	59.956696642074306	59.970759551217185	57.210490352432195	3.578151107553851	56.050388573937894	58.44076544324419	58.85551112086325
9000000	59.5515789728586	3.539772993141056	59.93830494365153	59.99016138626036	59.99975819256699	58.38249301201185	3.4254583065705546	58.95081491261677	58.96093523402176	58.9683897912799	59.2340398885582	3.707620808495685	59.9413949727342	59.96188325918537	59.97473109232939	58.410180125063974	3.3918429097796916	58.932017735534984	58.949452627317044	58.95770781924294	59.18741612940435	3.698784319809184	59.87770771301271	59.90696427163165	59.93096011536075	58.412738514415814	3.396079383339434	58.936522553568864	58.950642667973504	58.95711756528884	59.27779943554891	3.3510125460712596	59.924296410111275	59.95588268814729	59.97053119514084	57.21356662015512	3.5775220358085993	56.04754541995351	58.44421794970884	58.85551112086325
9010000	59.549374975717484	3.5399093354856634	59.933987093208074	59.99188417037324	59.99976338304215	58.382604454960855	3.4251565289152284	58.94998948509263	58.959859265993174	58.96796220155898	59.23248569759916	3.7073132999462795	59.94054662106041	59.95820256250903	59.973495051959546	58.41078693443396	3.3920535205823166	58.932017735534984	58.949452627317044	58.9576253174681	59.18453038211681	3.698213365429854	59.872771583430115	59.90279071760486	59.92841438413714	58.41299294708345	3.395152381315287	58.9364963025019	58.950620487760474	58.95711756528884	59.28036489074648	3.350492266629881	59.92336075685011	59.954465791498265	59.97001698605527	57.216760573442244	3.5768042978690584	56.04669750696785	58.45164421643389	58.85551112086325
9020000	59.55044467497023	3.5397209871027338	59.940086990451114	59.991994295858625	59.99975520394022	58.382775433719104	3.4255574711485828	58.95091442854275	58.96016781822583	58.96754168630176	59.2335364354421	3.707529317768963	59.941959042045596	59.96034460040589	59.97475746792082	58.411268518594454	3.3911072480489888	58.932042481283375	58.949482221447354	58.9576253174681	59.185388868409	3.6983917535482713	59.87315969413911	59.90501561876849	59.931942926537815	58.413621272898204	3.39448108530979	58.936522553568864	58.95065483667679	58.95711756528884	59.27988348717783	3.350345146070293	59.92059599760138	59.955262695635724	59.9707134813328	57.21810702691602	3.5765723391566637	56.04669750696785	58.45164421643389	58.855882149567336
9030000	59.552206592420454	3.5398338593087644	59.9410103328754	59.99252846463459	59.99980897210983	58.38196863798473	3.425697210098794	58.95118955200517	58.96158873481515	58.968534925538265	59.23292593925237	3.707410893494939	59.94033409124496	59.959987881604135	59.974162052861246	58.410427864571986	3.392188407303035	58.932042481283375	58.949482221447354	58.95766518949463	59.18753125258483	3.698801162610518	59.87478001150167	59.90817624389541	59.93316852281296	58.412672435668156	3.3966260006874154	58.936522553568864	58.95079620732008	58.95705460424243	59.28066819661331	3.35110396184147	59.922947562722925	59.95649288001488	59.97146906631824	57.2220306603	3.573614874724014	56.054777504000675	58.4602143884959	58.85551112086325
9040000	59.548771926332314	3.539302211123184	59.932563549332706	59.99021663290133	59.99969561797094	58.38238018911483	3.4259621677105265	58.951049920016594	58.9611329020895	58.96849856808576	59.23380253974448	3.707606569039195	59.94169689419909	59.96150890562347	59.97518992964825	58.41141341389987	3.391366110497816	58.93230487997744	58.949482221447354	58.95770330799817	59.186037725379116	3.698502148230774	59.87636702516238	59.904276642051855	59.93164730308616	58.41387299753627	3.3947703989891354	58.93660955376748	58.95087011345426	58.957097277371616	59.28257115514582	3.350454504205047	59.92111832049578	59.95603374498979	59.97037134692185	57.22426736053389	3.573320395715866	56.054777504000675	58.4602143884959	58.855882149567336
9050000	59.551628316792275	3.539432639033511	59.94149311749078	59.99253644824612	59.999769606384746	58.38282293434312	3.4245686738373897	58.950782329442845	58.960813800378205	58.968462782132846	59.2336538469867	3.70756081089357	59.94403600769579	59.96069329457569	59.97335704286308	58.41117011075792	3.391158036389954	58.932386253609536	58.949543099813	58.95771558206252	59.18626119938531	3.698501612466896	59.876534190060276	59.906671980838155	59.92909438554268	58.41386333477381	3.39424676548988	58.936522553568864	58.95084995577447	58.957097277371616	59.28704245746401	3.3494603943229273	59.929867688159476	59.955931687919474	59.970817941223764	57.22653839271132	3.572427533909958	56.054777504000675	58.4602143884959	58.855882149567336
9060000	59.549125513077	3.5393800345094357	59.93922462408803	59.99148373811245	59.99976732658314	58.38235722097991	3.425248890908367	58.95086184679463	58.96039192967867	58.9679980513409	59.232423953136795	3.707294668926403	59.93971373693917	59.96076475635169	59.97383881658703	58.41082788665694	3.3919790005733765	58.932811857633865	58.949564540930126	58.95773743204357	59.18660995481953	3.698563101832524	59.8742566168691	59.907612340089756	59.931565722784015	58.413242582469366	3.3958107918635236	58.93660955376748	58.95100952883611	58.957137669300884	59.284921345703346	3.3493133845401672	59.92061140076362	59.95497661925814	59.970791868909544	57.22864169487647	3.5711669749248998	56.054777504000675	58.4602143884959	58.855467183918364
9070000	59.54679114333816	3.53895195693181	59.935524416776495	59.99188140318901	59.99965242035126	58.38264624290785	3.4260042695669326	58.95098917510296	58.960872810136635	58.96772950753057	59.23412349736917	3.707607177051416	59.941580638050695	59.9601792525838	59.973850936581044	58.411552113897	3.391514934523324	58.932975912367404	58.94957050164148	58.95773743204357	59.18627467437332	3.698492525055029	59.874071422626386	59.90515489901703	59.93030364355746	58.414396086211845	3.3944345298090575	58.936762318305526	58.95100952883611	58.95721998555801	59.289781570630815	3.35020655668922	59.92472776514881	59.9549027623656	59.97083630996357	57.23081768246332	3.569479878213646	56.054777504000675	58.4602143884959	58.85571180846223
9080000	59.55127804179816	3.539314289688263	59.93728466773223	59.99452713862227	59.999861575703854	58.38281972621912	3.4266304039798294	58.95081178891593	58.960821375444766	58.96808051680601	59.23448214001566	3.7076717214394503	59.941852160277094	59.96087155905686	59.97515051695909	58.4109668326088	3.3920231226692503	58.933270936171475	58.94957050164148	58.95771558206252	59.18741684991351	3.6987089829212216	59.875016239049785	59.90671864980611	59.93170187014422	58.4135414227566	3.3957583687165713	58.93688478586125	58.95104298521452	58.95723510477887	59.29164630847053	3.350532481346683	59.917860317000674	59.955956416244106	59.971623288403414	57.233248884420995	3.568028208421154	56.054777504000675	58.4602143884959	58.85571180846223
9090000	59.547785245049155	3.539212194682976	59.933477789131906	59.99282403752652	59.99981877070165	58.383191725928334	3.42475365811379	58.953154692511575	58.96149617164886	58.96876216593908	59.23517013721404	3.7078010241965504	59.94412764996348	59.96193024777941	59.97606356742943	58.411081840247405	3.3919071206010005	58.933372001630104	58.949580298607	58.95771558206252	59.187438101124634	3.6986931592876786	59.87647209308454	59.905484213702266	59.93133924603673	58.41330262907766	3.3950629679913455	58.93688478586125	58.95104298521452	58.95725378477265	59.292438501618165	3.3488639810884333	59.92853508676	59.95566303295417	59.97073020762144	57.234947164833606	3.5673138856970947	56.054777504000675	58.46616073529455	58.85571180846223
9100000	59.55216777954226	3.539581765918729	59.94379709004887	59.99297994072691	59.99975460809921	58.382644572035325	3.4259399942165523	58.950842825537876	58.96112176669256	58.96835481105253	59.2336675984058	3.7075030710141377	59.941411917366985	59.95959456734052	59.974581367235494	58.412091065996286	3.3915592667535206	58.933606242609976	58.94979513353093	58.95773743204357	59.185807444472566	3.6984266352955695	59.873397013622075	59.90575163358953	59.931505395847914	58.414474395277146	3.395450544232609	58.937305849455825	58.95107427795543	58.95723510477887	59.291333957266	3.34985326660169	59.92132907849344	59.95458482869623	59.97073201610197	57.23743366710231	3.566280236394896	56.054777504000675	58.46616073529455	58.85489191934755
9110000	59.54839699408011	3.539386753940865	59.93276578252926	59.99007593305311	59.99955024911681	58.382645829084176	3.4270919624502345	58.95065552408033	58.960874994302785	58.968210385670595	59.23264449727352	3.7072522107055916	59.94112811641327	59.96010625262785	59.973158758905406	58.41144416204514	3.392258269788857	58.93368418971433	58.94985867112775	58.957765545796306	59.18497493333661	3.6982684642642414	59.873471776874474	59.90616767273561	59.93061793213074	58.413697340571865	3.3964311984106317	58.937380971245695	58.951086439427314	58.95729374690549	59.28937616037353	3.3501177255782992	59.91206954479518	59.9535746777394	59.96912334669493	57.23988827303478	3.5660628331664688	56.054777504000675	58.46616073529455	58.85571180846223
9120000	59.5482254016749	3.537732873527068	59.9361634014407	59.988516026987874	59.99967798397401	58.38134834268624	3.4267571786162336	58.95005040998163	58.95993482822133	58.96829870219399	59.23261740966557	3.7072503069196108	59.9396206279621	59.95960297616166	59.97427354720513	58.4124101523041	3.391028983074503	58.93368418971433	58.94990695710999	58.95779193224054	59.185354905692165	3.698310015776006	59.87463337603496	59.90334168081199	59.93011368776741	58.414365328840496	3.3942962116685336	58.937448118780885	58.95115021335383	58.957325134320584	59.291947833899656	3.35128214586907	59.922831418727775	59.95479662782	59.971363784590515	57.242416387758944	3.5656374411741307	56.054777504000675	58.46902436970808	58.85639839032951
9130000	59.547130539895505	3.538291407314404	59.9384621919516	59.990910575353354	59.99978296496189	58.381811420072765	3.424368317662533	58.95013880327884	58.961340627054064	58.96829224975919	59.23358763171813	3.707453135796121	59.94275520816608	59.960349925965666	59.97440726065487	58.411665280317145	3.391753222034409	58.93371954384462	58.94990695710999	58.95779193224054	59.185796952573526	3.698386752421086	59.87675090896589	59.904484566360644	59.932637672379926	58.41407856253574	3.3947177363198158	58.93747807767064	58.95115746802893	58.95730484137593	59.29372854185995	3.3478525349196775	59.92287970103034	59.95596877440687	59.96998603871455	57.24449469058548	3.5651756188236554	56.054777504000675	58.46902436970808	58.85639839032951
9140000	59.54785572443119	3.538481268178795	59.93836023930069	59.99159876791788	59.999719898502896	58.38186063494906	3.425361669583605	58.95086145492167	58.960359978469526	58.96812532287509	59.23384637842178	3.7074798130901647	59.94294671897277	59.9607634669938	59.97518844510064	58.41257762264308	3.3917656396552616	58.933777207630676	58.94985867112775	58.957765545796306	59.18539540741817	3.6982900389445303	59.87393742543291	59.90477121043965	59.92976910735188	58.4149933557974	3.3946290679124473	58.937599753933696	58.95116266427673	58.957374515755454	59.29483836553918	3.3493959842101644	59.92386205604421	59.95618790893427	59.97188483843664	57.24757627583506	3.5624128219848514	56.054777504000675	58.46902436970808	58.855467183918364
9150000	59.54938979108651	3.5388925378077825	59.939789122260294	59.991772251851486	59.9997338282786	58.38271228240088	3.4249852248281463	58.949540976093175	58.96072807667609	58.96898257836574	59.23394341513875	3.707500780866874	59.94244564329806	59.96026400411657	59.975495712901676	58.41091329882131	3.39262855751042	58.93371954384462	58.94990695710999	58.95774670589077	59.186329830742245	3.6984710382926216	59.874946260223666	59.90711996799509	59.93012175383553	58.41374520940727	3.3955441446507644	58.93771719823617	58.9511640298143	58.95737792557583	59.293486495287276	3.3481006142040157	59.92305583329114	59.955237741926126	59.96964037114686	57.249974298340746	3.561828912415595	56.054777504000675	58.46902436970808	58.855882149567336
9160000	59.54800902434405	3.53874004756286	59.93260590186207	59.98880718565324	59.999620949944095	58.38222326724098	3.4266846030164886	58.95196371949975	58.96101902673239	58.968685305624035	59.2326778531148	3.7072454699198745	59.93947070879747	59.95926823987948	59.973514783212345	58.41187259475243	3.3916843286132496	58.933777207630676	58.950024729748634	58.95773743204357	59.18524159225788	3.69825747429993	59.87130692226549	59.90328566348977	59.93022534356648	58.41477565538621	3.3954398717627767	58.93771719823617	58.951169187265975	58.95750844697885	59.29346590370422	3.3509875627508614	59.92081363572315	59.9537714876553	59.968742027099694	57.25287982280151	3.5608368324079573	56.07752627702446	58.47598162698034	58.85571180846223
9170000	59.5508520336145	3.5394700580848983	59.93619738090068	59.99243494426488	59.999767031593244	58.382844033739914	3.426854166029695	58.950589818377935	58.96108276220998	58.96829798906161	59.233308129603664	3.707373607506611	59.94208579449535	59.95967120639784	59.97400294211403	58.41166130171898	3.392341575150561	58.933777207630676	58.95004282430687	58.957722760115324	59.18510101944442	3.6982524276651256	59.875753323259374	59.9044515831805	59.929887216529416	58.41429489217251	3.3961689886893285	58.93771719823617	58.95117387629472	58.95751111039809	59.29860689883772	3.349089245565347	59.92606037112543	59.955674664212104	59.9706422479928	57.25621227840568	3.5595500381597915	56.07953445687427	58.47598162698034	58.855882149567336
9180000	59.54967009091965	3.5395606782997118	59.93786804943504	59.99226249344409	59.99981012502082	58.38315050754123	3.4241839494695205	58.95171136980378	58.96101513254852	58.9678012857005	59.234915858541534	3.7076517845421377	59.94262313423655	59.96091040470273	59.975006528078254	58.413224846462306	3.3909961201146	58.93380053664427	58.95006751110597	58.95773873986518	59.18539488000476	3.6983196192960035	59.87297103703983	59.904875454058015	59.930425042193534	58.41532527728127	3.3940411743728425	58.9378974063348	58.95117387629472	58.95750844697885	59.30008064230726	3.3466481335224905	59.928059124913034	59.955706653070514	59.96986352699015	57.25952345558829	3.5580489104960598	56.079784572488755	58.47772242361973	58.85571180846223
9190000	59.55409326490005	3.539702609739446	59.94364274870351	59.99075621888763	59.999639182435544	58.38266689961472	3.424711038047678	58.95076312821324	58.96125365461741	58.96830894103199	59.23336452601157	3.7073674647806247	59.94303978691518	59.9597922040902	59.972687157994116	58.4130097554654	3.390951881801445	58.93381312812676	58.950154667264904	58.957762687116656	59.18543438068354	3.6983014245033883	59.874642960461316	59.90393058610657	59.9280852603418	58.41546385978388	3.393609328878218	58.93818737316451	58.951180661330895	58.95752074706333	59.30232632336901	3.348689836576794	59.92535025843238	59.956588689051785	59.97089316863625	57.261278513321315	3.5572183827116404	56.079784572488755	58.47772242361973	58.85571180846223
9200000	59.54652563433619	3.5391082489566608	59.929340629574725	59.991254663361865	59.99973107297961	58.38286917404021	3.4257108600526895	58.950741543457475	58.960745235008474	58.96822500125715	59.23332988811853	3.707309009976563	59.94121056535885	59.95970982365168	59.97300593851844	58.41266559745191	3.3913969692955943	58.93384753043527	58.95026109354829	58.957762687116656	59.1851168256807	3.6982424172772577	59.872426885837996	59.90444681745059	59.93013968862111	58.41504467795244	3.3953436621601463	58.93818737316451	58.95120745566953	58.9575301981693	59.300884368137034	3.3487772164571026	59.92599017506951	59.95571404479405	59.969764163550316	57.262592803105534	3.5573207054021307	56.079784572488755	58.47772242361973	58.85612940223774
9210000	59.551628269274005	3.5396755211689137	59.94235306499675	59.99237975626319	59.99962116794961	58.38299440499307	3.4256507195673334	58.95106854297256	58.961482113332	58.9687073426627	59.234575022444936	3.7075506098008595	59.94217518747985	59.961210143868215	59.97459172201845	58.411753257792604	3.391604174475986	58.93384753043527	58.9502678589153	58.957782564390335	59.18702696968454	3.6986199159100557	59.875213434958305	59.90663379996994	59.93199712530142	58.41410428957383	3.3949841228654956	58.93834422492534	58.95130388137826	58.95752074706333	59.30426617483963	3.347150835710924	59.92795259552791	59.95604064706049	59.97203641941569	57.26397322951186	3.556974976052334	56.079784572488755	58.47803912727778	58.85612940223774
9220000	59.55130396213767	3.539573681154567	59.94452353505172	59.99368924637616	59.99982447923466	58.382740389789745	3.4253735546532034	58.950828528434954	58.9609477883248	58.96824760268352	59.23400500554118	3.7074359178779943	59.943183146258626	59.96102662709786	59.97429390665497	58.41241125415154	3.392038209648919	58.93401163450859	58.9502678589153	58.95778193529537	59.186790938075305	3.6985310441450925	59.87369404940151	59.90473748082175	59.932236418382715	58.41476452616288	3.3955480438351904	58.93834422492534	58.95130388137826	58.95754777055821	59.304294735366646	3.34730713568883	59.92495569244508	59.95615636086151	59.97139547056151	57.265802219275585	3.5567045439833223	56.1021573469069	58.481695612661724	58.856793375906754
9230000	59.54626719702999	3.5392881606178683	59.92775014639209	59.991595440055036	59.999782828313684	58.381191261492525	3.4255171503417805	58.95017614846149	58.96001908498291	58.96753738753133	59.23227863037684	3.7071112044969783	59.93977811156426	59.95771947775667	59.973957208329026	58.41256727120523	3.392617026659441	58.93426918577724	58.9502678589153	58.95778193529537	59.18552836811236	3.6983102229520237	59.874642927174065	59.903944018806584	59.93031926612758	58.41489053359248	3.3951755034204205	58.938463733324156	58.951344294853186	58.95754777055821	59.304740315794206	3.346842969920731	59.926899837906426	59.955299616240225	59.97128329221849	57.26672913383986	3.5563837826437057	56.1021573469069	58.485624695858164	58.85571180846223
9240000	59.55310359265748	3.540275959427713	59.948915567506624	59.99409484584924	59.99988321991893	58.38117841548131	3.4241067365195614	58.949389651241546	58.960372300930324	58.967735828978434	59.23437786113349	3.707498539688375	59.942922853192144	59.96203079451134	59.97611435505763	58.413076782744135	3.3924895701730238	58.93426918577724	58.95028286591348	58.95774670589077	59.18579112193857	3.6983634520577926	59.87585143570166	59.90545751656636	59.93124323787626	58.41541222971416	3.396099446181755	58.938554132388056	58.9513884018842	58.95754777055821	59.30712521072724	3.3460687634868904	59.928348803990225	59.955509227375394	59.971201262347364	57.26851797073779	3.5545850211182852	56.11845685716924	58.48629311772311	58.855467183918364
9250000	59.54868876316069	3.5398255132111807	59.9342489126127	59.99100060322996	59.99964439033114	58.382322583051305	3.42547526442919	58.94957429414619	58.95993247953962	58.96827385080931	59.232380525336836	3.7071013360682428	59.94064243898035	59.959922251641984	59.97460159309037	58.41299431305933	3.3920076325376263	58.934510801066786	58.95028286591348	58.957762687116656	59.18546542635191	3.698261799522524	59.87480985829029	59.9040468783608	59.927348512032836	58.41574745515222	3.3956527040200295	58.938554132388056	58.95139527210697	58.95754777055821	59.31136504271649	3.3454689322529942	59.920183745362834	59.95353654015488	59.97006123450431	57.27080182489768	3.553639136635194	56.11845685716924	58.48933239694879	58.85489191934755
9260000	59.551532963735525	3.5403725541261113	59.942348947130995	59.99182056515565	59.99976347788557	58.38092757750587	3.424644507502305	58.95123123122073	58.960763142251515	58.96772476724435	59.234173482399825	3.707460205982251	59.94245883579843	59.96169462815213	59.97575422895662	58.412376418888144	3.3918729367084994	58.93469456011007	58.95028286591348	58.95780481680867	59.18573440458357	3.69833298094082	59.872081203928374	59.90591681402515	59.93107414170088	58.41478254339802	3.3951356049453825	58.938554132388056	58.9513884018842	58.95758465736883	59.31232472713883	3.344939146142083	59.927670778996365	59.95476209886265	59.969859028633884	57.27307715316497	3.5520677259565927	56.135597426152316	58.48933239694879	58.85489191934755
9270000	59.54975473539334	3.5399564431338644	59.93752245755721	59.99129502439358	59.999631260793755	58.381617855857705	3.424909902346055	58.95054983215477	58.96055352210149	58.96741763195771	59.233111653195884	3.707270625063872	59.94074389925066	59.95915413088154	59.97407883513494	58.41283779620779	3.39190215204968	58.93469456011007	58.95028286591348	58.95786798832356	59.185059718119135	3.6981610161796756	59.872512533973456	59.904867528105385	59.93004309742945	58.41531665822773	3.3951129497505677	58.938554132388056	58.95139527210697	58.957656150800986	59.314914423890905	3.345170404413125	59.9264202297201	59.956446358395986	59.97117915516368	57.27543295335031	3.5510772684834255	56.156307826549956	58.48933239694879	58.855467183918364
9280000	59.55477481961496	3.5401281022458955	59.944205081066286	59.993389025829366	59.99980637456133	58.38125521828392	3.4257270996432134	58.9506977635214	58.96034746824709	58.967837816034184	59.232966025966704	3.7072535355976335	59.940841888684886	59.96090221423214	59.974354379539776	58.41308620189049	3.391449775798399	58.9347826522964	58.95039617967052	58.95782288987895	59.18649301713286	3.698419930167523	59.87415809360676	59.905610299516326	59.93077529692277	58.415872752279036	3.393748903810439	58.938554132388056	58.95141941114958	58.95766954088722	59.314847335641325	3.347802236168074	59.92680798046521	59.95687834221859	59.97205783807204	57.27758054903687	3.550483488220754	56.156307826549956	58.49231952411833	58.85571180846223
9290000	59.54938701371199	3.539407220312099	59.93695759265983	59.99325208586416	59.99965610493965	58.38267653534149	3.425743596444163	58.95189986842773	58.960858102098044	58.9680123547862	59.23441547052379	3.707510353262707	59.94432138897777	59.96096535751176	59.973867304729175	58.41302185486316	3.3922725076673115	58.93499555536699	58.950414977833134	58.95786798832356	59.18528366675395	3.6981850584331335	59.873433693441726	59.904458233638366	59.92964636005867	58.41521548600979	3.396009938801604	58.93867564660215	58.95141941114958	58.95769384601318	59.31468336977636	3.3458569584275253	59.92506531022734	59.956158066863026	59.971345203004255	57.279693483539305	3.5495579104768122	56.20038701247241	58.49297235149277	58.855467183918364
9300000	59.549485913411914	3.5392425707033985	59.94004682789168	59.9929124410151	59.999779935652526	58.38179865849495	3.42612002878937	58.95091323987178	58.959674100872874	58.96758976994448	59.23257242325173	3.70717407911293	59.942113817774555	59.95944176140761	59.97338001484456	58.412729109251224	3.3919882994535726	58.93499555536699	58.95043676464206	58.95786798832356	59.186650605379825	3.698444993091904	59.87707557007885	59.905850990424995	59.930276355357	58.41541453144409	3.395197295912232	58.93867564660215	58.951462117282816	58.95774720284594	59.3131983228679	3.347380887636315	59.92348870680449	59.95415046996306	59.9703399386416	57.281585381167815	3.5489149754563845	56.215458293738564	58.49297235149277	58.855467183918364
9310000	59.551357491155265	3.539248063955834	59.94172449543528	59.99137626934845	59.999532124852834	58.38207983236986	3.4250746155913316	58.95081351463568	58.9604103161967	58.967875426217624	59.23311722158938	3.7072407583630302	59.94158725058285	59.95879234845249	59.973712275897505	58.413181209914406	3.3920414672933785	58.93511913642946	58.950501495292926	58.95786798832356	59.1863953721813	3.6983789363973294	59.87483840797255	59.905111113581626	59.93049283707898	58.415775310724335	3.394913227525208	58.93867564660215	58.95147889965185	58.95779455659026	59.31752869863692	3.345183712684457	59.927495603450815	59.95582778639751	59.970916863712674	57.282913495054025	3.548544282941577	56.215458293738564	58.49297235149277	58.855467183918364
9320000	59.54621262416004	3.5387549518620576	59.92796939778455	59.988623579095155	59.99968464543522	58.38279693532785	3.4259352825410145	58.9516419852688	58.96113578878597	58.96814769640869	59.23321171256427	3.7072788394434535	59.94348440119843	59.96072641554459	59.973578086601734	58.4132279796024	3.391965067832324	58.93511913642946	58.95057948299443	58.95787953551677	59.186517781764344	3.698370181542056	59.87479859768459	59.90558862170177	59.929808042961625	58.41542034985221	3.3953855664661483	58.93874074190627	58.951462117282816	58.95780303639106	59.3204993137982	3.345376629803414	59.928291241143384	59.9557650361306	59.9702801670164	57.2837799241106	3.54866297854431	56.215458293738564	58.49297235149277	58.855467183918364
9330000	59.545057367995625	3.538560251424923	59.92904145310082	59.99020870286023	59.999708930735764	58.38302902098996	3.425803301065987	58.951499886645664	58.96143132203679	58.968439159210156	59.23452592152753	3.707532976385207	59.94223519486667	59.96119194548258	59.974218473969465	58.41372470955909	3.391612880458302	58.93511913642946	58.95057948299443	58.95788457713582	59.18567976585841	3.6982311301137507	59.8743274706798	59.9068890498746	59.92938333690244	58.41597178913363	3.3942339338832106	58.93874074190627	58.95147889965185	58.95780303639106	59.32061308245164	3.345911568873604	59.92711661205847	59.95554104597437	59.97130527803564	57.286097888188955	3.547137414535947	56.23236358264242	58.49698336154558	58.85436625990827
9340000	59.55529531048257	3.539291465839335	59.94958684966763	59.99414894567158	59.99985674668244	58.381028672403225	3.4255008386024763	58.95095578830616	58.96033001762706	58.96789116271779	59.23368687250105	3.7073712183528835	59.94152773819012	59.960914967375096	59.97399816683005	58.41299704391235	3.392569602413934	58.93511913642946	58.950501495292926	58.95789750693586	59.18709869978324	3.6985073121553533	59.87647020259537	59.907756846380934	59.93221114021827	58.41550118457233	3.395966319616376	58.93867564660215	58.95149726516296	58.957839520131685	59.32079135417221	3.3459516703404435	59.92750873539812	59.95643670959832	59.9705875330063	57.28660550656199	3.54708732678365	56.23236358264242	58.49698336154558	58.85436625990827
9350000	59.546781528459846	3.5388641240612864	59.928233232871065	59.98942616097679	59.99971176118951	58.38058882818435	3.4253989276379064	58.950498415813094	58.95988473300014	58.96725176742526	59.233021856085955	3.707261068116634	59.94174928809163	59.96139361743617	59.97458669465712	58.4142960698122	3.3917632787981358	58.935276305922706	58.950501495292926	58.957905705428225	59.18508349181029	3.6981094272360595	59.87204244901381	59.90531615043737	59.92855170373605	58.41609199016253	3.3951699021912662	58.93867564660215	58.951525168031985	58.95786146879775	59.32266272822057	3.3449889268998763	59.92761183316359	59.95724823526744	59.97158027078565	57.28814997416895	3.54657809512156	56.23236358264242	58.49698336154558	58.85444520921694
9360000	59.547922268341786	3.539110080145976	59.92708283715635	59.993183517393554	59.99972515003312	58.381984381043765	3.427071011539592	58.95108158275818	58.960137830772375	58.967909263292334	59.233371862997416	3.7072712080540575	59.941027857829724	59.96071972874505	59.973802182979966	58.41384589814777	3.392257004609284	58.935276305922706	58.950501495292926	58.957905705428225	59.18459858194458	3.698014218178177	59.874420602258326	59.904369383552606	59.92847449647883	58.41567411733413	3.395960813483487	58.93878754092657	58.951556067013215	58.95789826621001	59.32123685652287	3.3465598548525497	59.92514855725012	59.95475302364409	59.970332893827916	57.292068766467885	3.5445602783324084	56.23236358264242	58.49698336154558	58.85571180846223
9370000	59.54921411779684	3.5395142104268738	59.93412723571023	59.99024448553382	59.99971666411476	58.38170516778592	3.425527963419344	58.95005954745367	58.96109987739264	58.96758425583695	59.23285617714748	3.7071443299806908	59.94039045991839	59.959002520054014	59.97405248954501	58.413789741840084	3.392063993245983	58.935276305922706	58.95045371942355	58.95793609831528	59.18709106978335	3.6984911825380204	59.877296997204795	59.90613989114881	59.931719317142466	58.41568014574565	3.3951903084508115	58.93882751368043	58.951525168031985	58.958015296429	59.32694215793464	3.3444166603696743	59.92996810140906	59.95632765291816	59.97072988409816	57.29286783948757	3.544127485638806	56.240554243580235	58.501193823204055	58.855467183918364
9380000	59.553697190592665	3.539840720233132	59.94902123011647	59.99211235883518	59.99981770733473	58.38151294989271	3.4261055573797896	58.95021577325657	58.960587417814224	58.96839926425524	59.23436445162734	3.7074519685427343	59.94263210628884	59.961319453398254	59.97454088419374	58.41425763825114	3.39212609029012	58.935276305922706	58.95073169027559	58.95801706112304	59.186440084697594	3.6983511469075676	59.874834773414364	59.90519854537051	59.92904233903107	58.416109341642404	3.395780038496317	58.938837658493185	58.95161467362634	58.958020586583956	59.32890728991036	3.3440828663876228	59.928869937353376	59.95709755768411	59.971548686024995	57.2956059429029	3.54282028181964	56.240554243580235	58.50300446537365	58.85489191934755
9390000	59.5501664483391	3.5382508128078887	59.93890133040783	59.99202375444611	59.99979095817568	58.381967326024636	3.425193100860738	58.949988849417956	58.961213014136604	58.968802574197696	59.23337112749815	3.7072510679667174	59.941029791158506	59.961418790593314	59.97427455303515	58.41377641807081	3.393153428937561	58.93567349973539	58.95090234761135	58.95805601312077	59.18594779748675	3.698296811202616	59.874060725505075	59.906776644983	59.93001290452973	58.41595822994028	3.396691373874961	58.938837658493185	58.95168830793743	58.95809071672985	59.33033788495252	3.3428431995809396	59.92432312680738	59.95657760989427	59.97134896003051	57.298638850985256	3.5425102576542247	56.24940735499236	58.50683525685429	58.85581622061184
9400000	59.55052853128472	3.538656635741398	59.93954316255291	59.990073482495546	59.99976366163877	58.38170827876594	3.425687511806332	58.94993401723323	58.960628040501334	58.96841052358966	59.23330677421454	3.707251901093536	59.94203696889395	59.96010746860088	59.974076470655966	58.414071088553484	3.3918323723903683	58.93567349973539	58.95090234761135	58.95804205834089	59.18602741518395	3.6982675455293843	59.87494311393238	59.905234093860585	59.93019279153943	58.415837863730516	3.3946460609087343	58.9388664434758	58.95173049545889	58.95809377165093	59.329853246966856	3.343548453637991	59.92813743964039	59.95682929456015	59.97281379208965	57.299673712238636	3.542561530292077	56.24940735499236	58.50683525685429	58.85581622061184
9410000	59.55000833412681	3.538918723818352	59.93550641183626	59.992376395252265	59.99977798983376	58.38196028329196	3.4257575912035314	58.95019995356485	58.96055327570327	58.96790108382031	59.233831578487006	3.707339642760891	59.94209376950088	59.96003036081429	59.97446888061384	58.415052174827906	3.3914129154778143	58.93626181330315	58.950849965960174	58.95805601312077	59.18516449637248	3.6981223036512	59.87562637325602	59.90573076261472	59.928344811169104	58.41687417136945	3.395521095533682	58.9388664434758	58.95177075583844	58.958100720070924	59.332724789061494	3.3435641529446425	59.928055040044896	59.95681567544298	59.970670333093	57.30252398303872	3.540452009754393	56.32621593703849	58.51179245099041	58.85512444872102
9420000	59.55166497774729	3.539332349839258	59.94350409799689	59.993021252326784	59.999739641970066	58.38178554724827	3.4246179507243735	58.950591525343896	58.96035903865191	58.96802764505064	59.23350341711058	3.707293266518097	59.94188746228976	59.96139909456325	59.97316106667192	58.41489072483587	3.3917712819366694	58.93626181330315	58.95100391755682	58.95805601312077	59.18758828458967	3.6985880866231504	59.87594259848035	59.907178136631956	59.932531367170014	58.41664728303584	3.3952508643795425	58.939088169350626	58.95177075583844	58.95811133162674	59.33297386592127	3.3427064478127995	59.932076746445325	59.95664663305231	59.97182427087264	57.304172020388975	3.5400342774204168	56.32621593703849	58.51179245099041	58.855467183918364
9430000	59.548786425745604	3.5394998443371946	59.93402421178736	59.99229951139657	59.999844550308325	58.38178877098897	3.4254203770547993	58.95059808748637	58.96123237252733	58.968738706872415	59.23485618481641	3.707534653203173	59.942865892149506	59.960995923946186	59.975566991623005	58.41468033439391	3.392540492029401	58.936474169471595	58.95103883747355	58.95818441627349	59.186940798596346	3.6984214914146496	59.87310364476533	59.90664779970656	59.93084279203089	58.41631487567213	3.3968733963818	58.939088169350626	58.95178928327842	58.958100720070924	59.33448971094356	3.3435474980118958	59.93071435860806	59.95654875848274	59.97066724212553	57.307306620244525	3.538691490983865	56.32621593703849	58.51179245099041	58.85581622061184
9440000	59.54809365474711	3.5397493977275896	59.93663069205424	59.98978736728057	59.999682497605455	58.3825139922114	3.4250094697190594	58.951261305216015	58.960604774196945	58.968297559335234	59.234163622857565	3.7074249868057736	59.940828364713404	59.961342259970266	59.97460114268304	58.41422354536491	3.392734277791843	58.9366189029998	58.951194736164375	58.95814958722458	59.18446499068231	3.697962678558059	59.87197622939123	59.90673789484937	59.93058686493344	58.41588813127624	3.3963823292299	58.939088169350626	58.951806197134914	58.95811133162674	59.33563298433178	3.3423458222514606	59.92920007876407	59.9564529735096	59.97091580421933	57.31014910340533	3.5378277583384334	56.343100405562915	58.51454543429475	58.855467183918364
9450000	59.54865592733949	3.5394189238800204	59.93627595830629	59.99030820887265	59.99966939888816	58.38229765390825	3.4247323638051546	58.94970927396711	58.9602408570572	58.968407920880246	59.23297678528841	3.7071618375785302	59.93936483469869	59.960054149861826	59.97355271216628	58.41483200492076	3.3924071687529316	58.93681382750235	58.95138385734714	58.958227483351145	59.18506516064113	3.6980337743581893	59.872734046538135	59.90422995706848	59.92771304761123	58.416893992071586	3.3951991451438017	58.938944243655286	58.951806197134914	58.958142025901616	59.33576485887675	3.3424574269480427	59.928401062790186	59.954740280113434	59.970352339802986	57.31334570802782	3.537005756410546	56.355065110546825	58.516669978228414	58.856596035967016
9460000	59.55238479341406	3.539619004212055	59.93839311176292	59.993441290263306	59.99973579333304	58.38183944096964	3.425516618694845	58.949856396578525	58.96070420021285	58.967792777903135	59.23476625820956	3.707527109421343	59.94321290218238	59.96106722747957	59.97460551408333	58.41460863380301	3.3922879764946527	58.936896758420644	58.951515473566275	58.95827549892644	59.18629404090347	3.698303708198735	59.87604821853423	59.90657247911285	59.93005229620327	58.4159791391853	3.396187822110496	58.938944243655286	58.95178928327842	58.95811856559294	59.337281556823825	3.3428063967174606	59.93081622918639	59.95902831674766	59.97086822983794	57.316611079465304	3.5349650519799733	56.355065110546825	58.516669978228414	58.856596035967016
9470000	59.547974661278936	3.5393926932179203	59.9355534609487	59.990299426469875	59.99959189068853	58.38231989607336	3.425976562466577	58.95074491645096	58.960464735341795	58.96810260765958	59.23217536065993	3.7070354321891203	59.94011487889913	59.959749720548	59.973077479263445	58.414367735267255	3.392202777466684	58.93700839394086	58.95164108668034	58.958320076301455	59.18492324446345	3.698015043202462	59.873472405568656	59.903140492680336	59.92862357493536	58.41620654557603	3.3962989710238967	58.938944243655286	58.95180323057029	58.958142025901616	59.3377065942622	3.3428612714858734	59.930397470543	59.95726157623018	59.97086825272851	57.319044201755744	3.5335349910960443	56.355065110546825	58.522348005994544	58.855467183918364
9480000	59.551432523024985	3.53950775327788	59.938922448622385	59.99163097556054	59.99979553258622	58.38193235496372	3.4245313051019024	58.95054518261853	58.961194555763015	58.968329653951905	59.233890714634015	3.7073799287572204	59.94082319200534	59.96137515493831	59.97537656844068	58.41515907053633	3.3916704094509864	58.93709120560418	58.95166378874783	58.958320076301455	59.18683185551333	3.698390674160723	59.87491162754932	59.90735412198762	59.932341139775104	58.41750386609495	3.394228107625653	58.938944243655286	58.95188964609659	58.958100720070924	59.34057464525494	3.341443382666653	59.93225629850902	59.95737206752439	59.97197874251805	57.32073586698577	3.5328818417987997	56.372812356126474	58.522348005994544	58.856596035967016
9490000	59.54849996790882	3.5392488835832	59.93839189935156	59.991885636175425	59.99980717394172	58.38402467698963	3.4261219348578296	58.95187588461535	58.961557664937104	58.96862943604557	59.234753617290885	3.707516407722205	59.94302280249612	59.96138286242834	59.97565640312675	58.415574857383675	3.39203367267596	58.93736899240365	58.951694329486536	58.95833812854071	59.1850159133315	3.698026788673288	59.87323387049658	59.90384110262562	59.929698371801244	58.417588738034304	3.395043430162185	58.938944243655286	58.95195188314641	58.95826425287593	59.33893755385879	3.3425734744091824	59.92805779149312	59.95701343808561	59.97134075358199	57.32319130151689	3.532641825181634	56.38241822151348	58.522348005994544	58.856596035967016
9500000	59.55380505735503	3.5394623506861955	59.943368773930324	59.993115400323106	59.99974151159541	58.383310055329865	3.425150646638993	58.950687065694865	58.961502428465145	58.96878256587396	59.23284452345212	3.7071859626550303	59.94133107495599	59.96015499967821	59.97413791894217	58.415015170616115	3.39157344002689	58.93736899240365	58.95172482328147	58.9583697333596	59.187651999731926	3.6984810252063243	59.876758963398295	59.906700425699015	59.9319767091023	58.41686259266085	3.395496895129583	58.93927587342928	58.95198264269432	58.95829325261488	59.34020022458931	3.3414790430015007	59.93102199588789	59.95680583760142	59.971502991561024	57.32654648219433	3.5310624683614136	56.38241822151348	58.522348005994544	58.858151948248384
9510000	59.546364922984424	3.5383585996656914	59.92877248206442	59.99018155207485	59.99956563108663	58.383251767883415	3.4269277716230397	58.95081526876585	58.960718609890904	58.96830139856923	59.23386123951686	3.7073113623841305	59.94247665430153	59.96017887553326	59.974552926954196	58.415842739477924	3.3910197977185668	58.93721865566765	58.951739659429094	58.9583697333596	59.18585773706603	3.698132984972935	59.875196505394506	59.905510058657484	59.93014905472848	58.41754634990496	3.393914875132356	58.93927587342928	58.95205458539476	58.958207048123846	59.34019300630758	3.3436180711362704	59.92828366949301	59.95514355866388	59.9708192655335	57.329818087132715	3.5292086718168596	56.39867338891888	58.522348005994544	58.858151948248384
9520000	59.551288175060655	3.5389078368029296	59.935163763701205	59.991686488117246	59.99979230194211	58.38311919123572	3.425834791848801	58.95175554654435	58.96123877342925	58.96826021036033	59.233471373695075	3.7072851809096856	59.94122030847522	59.96109613493384	59.97439487665925	58.4152022429832	3.3920887181906973	58.93721865566765	58.95180955386981	58.958438317808024	59.18548730582227	3.6980774968302024	59.872198306832715	59.905361044139845	59.93119035765628	58.41705706463597	3.3949412197904656	58.939424179049745	58.95208987490102	58.95835408606512	59.34090625620724	3.3417182308031212	59.929130057323974	59.95631261427391	59.97112504062233	57.33304342682225	3.5285030205927668	56.414850379454506	58.52569493312919	58.85981339159429
9530000	59.547361093598425	3.5391931320032297	59.93497464433416	59.991372798793066	59.9996664663901	58.382249143201484	3.429332352081892	58.95077464414976	58.96110260014791	58.969010890783814	59.23506317465086	3.7075915844662553	59.944507952242944	59.96165654796787	59.97473898321579	58.415673635255686	3.39260258287692	58.9374397398659	58.95193630644354	58.9584828491954	59.1861274017238	3.698178976617628	59.873103165230894	59.90653078928487	59.93086276479877	58.41695657975203	3.3967920979598363	58.93946312292722	58.95208987490102	58.95837431960734	59.34147228582897	3.3451459784493447	59.92882359886248	59.955637534555834	59.9708505532936	57.33431542029302	3.5284744171436726	56.43268997661004	58.52569493312919	58.85714764403335
9540000	59.54751367182005	3.539613488668029	59.93266991818846	59.9900174543198	59.999710451597934	58.38144087622793	3.4259446626136256	58.95081637965914	58.9610484208277	58.968351681909176	59.23330089937093	3.7072610515505757	59.94080896437772	59.960571100406	59.97437782975726	58.415491274328836	3.3928628594518524	58.93755361895274	58.95193630644354	58.9584828491954	59.18441828173291	3.697840819381172	59.87140137948776	59.90444829178098	59.92883924239079	58.417334548501664	3.3965963994195714	58.93946312292722	58.95205458539476	58.95837431960734	59.34293429356454	3.342017218125933	59.928696301983706	59.95624476502337	59.970991737778775	57.33718995615869	3.527443319749532	56.43268997661004	58.525867846407515	58.85985273456245
9550000	59.54887555806824	3.539853779966284	59.93520227420611	59.990547426325726	59.999666499886224	58.38215407866551	3.425489203866505	58.95090746358101	58.96050081294099	58.96869712854243	59.23379790015339	3.70738976552616	59.941527420189125	59.961127591739995	59.97498357901249	58.41558201303355	3.3922001601183522	58.93755361895274	58.95193184516476	58.9584828491954	59.186067585963535	3.6981570874502667	59.874702697672745	59.90386350797163	59.93000771678106	58.41750499059643	3.395975848340591	58.939424179049745	58.9520436524841	58.958503508862464	59.345701676797084	3.341563424991088	59.93006962439969	59.95673857244712	59.971342897668066	57.33884649162279	3.526618236458915	56.43268997661004	58.525867846407515	58.85714764403335
9560000	59.54499958058849	3.5397959538689143	59.928928530164626	59.991532050587765	59.99968315740897	58.38286177250745	3.4262024669348516	58.950000740627004	58.96053357751899	58.96834793621729	59.23356606630898	3.7073148190910032	59.941001304127425	59.96044175545263	59.974666813864175	58.41568434690552	3.3924909577530338	58.93761832146469	58.95206979989363	58.958503465822986	59.184048129548515	3.697766972959742	59.87188099123066	59.904031528079	59.92806647531525	58.41684276801884	3.3968235999928504	58.939424179049745	58.952099297765926	58.95854125951736	59.34636602910947	3.3416650488900337	59.93122879214787	59.95658048689383	59.97117724620774	57.34235942770578	3.5248850073985287	56.451186439663175	58.525867846407515	58.85714764403335
9570000	59.54745088935794	3.5399028745774714	59.928766576218884	59.99127767015563	59.99973751537749	58.381900213773505	3.426455762365232	58.95074282069024	58.96051506406103	58.96823819915528	59.23361132817802	3.7073676583431925	59.942426277575386	59.96086034952627	59.975567708548006	58.41546222227385	3.392505711171443	58.9377361387473	58.95211512115108	58.958503465822986	59.18689820192667	3.6982736148594664	59.87743319470198	59.906630127082934	59.93084697958681	58.41724716936509	3.3958879643620388	58.939476898892586	58.95214916395213	58.95854125951736	59.34774108577844	3.341886963034348	59.93367885799475	59.95776348594315	59.971935399352205	57.34404127700969	3.5247131280170083	56.451186439663175	58.52635181174363	58.85714764403335
9580000	59.5466824249928	3.539311484639091	59.92969523148513	59.990830220362255	59.9997162886846	58.38162586281941	3.4270954815504044	58.94994917083852	58.96027899218725	58.968754481515006	59.233555207941436	3.707371800188351	59.94139099363553	59.96092303139058	59.974503204534045	58.41623966712357	3.3915484846153143	58.93793534211407	58.95212776902913	58.958503465822986	59.185845369912734	3.698082046576032	59.87465510016819	59.904077133138784	59.92940411596126	58.41697054218137	3.3952433587865976	58.939513170307386	58.95214916395213	58.95856518911043	59.35007705726653	3.342194126781372	59.933477979202365	59.95759212103801	59.970623657725824	57.345151895623346	3.5239236739203808	56.451186439663175	58.52667528822532	58.85581622061184
9590000	59.54931798717779	3.5395736758002796	59.940080396732654	59.99187693205653	59.99982458652005	58.38232762020193	3.4245022940257646	58.949760773596125	58.96068160240398	58.968184881243346	59.23374475892287	3.7074014438622265	59.94252780677529	59.961064220414094	59.97461775177364	58.41640629354657	3.391882360531423	58.93793534211407	58.95218016452177	58.95853709801207	59.1863715656719	3.6981523031777495	59.87504897833283	59.905664371282654	59.93065745289459	58.41791509154767	3.39521969915978	58.939513170307386	58.95214916395213	58.95856518911043	59.352316658077356	3.3403298203613745	59.93331300287875	59.95718511685715	59.97194215017455	57.348330996829915	3.522601651513465	56.451186439663175	58.53847279642356	58.85552817573759
9600000	59.54866312179034	3.539292158129882	59.93316750350362	59.9920872223365	59.99973797924423	58.38156026588943	3.4261194521361733	58.9504742078092	58.960431513238575	58.96792178835386	59.233634512808095	3.7073022734167176	59.9422051917243	59.959285534079775	59.974760629739265	58.4160475503004	3.392262716384376	58.93793534211407	58.95242010899915	58.9585439595587	59.18683964788809	3.6981984599230566	59.876419604966095	59.905695294024966	59.92859911558971	58.41772431536634	3.3954954261986394	58.939513170307386	58.95218826585998	58.95852873159093	59.35250626706843	3.3406608277281515	59.92964633786097	59.955412723690856	59.97155206573484	57.349895212543146	3.5213534378058156	56.451186439663175	58.53847279642356	58.85512444872102
9610000	59.549582760072646	3.5379857740233662	59.936405225356424	59.99215594490681	59.99971916360419	58.3812449605478	3.425514904666408	58.94974693009722	58.959856168425326	58.967692006057	59.232440042228525	3.7071265639687008	59.9400067188776	59.95959497973334	59.973565631322096	58.41630691317682	3.3919859524475258	58.93809534925821	58.95243642842665	58.95857195045077	59.18591172430465	3.698033988243973	59.873246006922564	59.90551652519221	59.930885443669936	58.41749931900664	3.394719885500205	58.93951877666284	58.952220054006986	58.95852873159093	59.35438451209905	3.340204062587179	59.93156303300864	59.957599659370196	59.9717009421764	57.35270962568821	3.520529442054071	56.46077897456641	58.5462148507996	58.857114818195285
9620000	59.54765013893693	3.53627311552238	59.929008467476834	59.99139532811317	59.99970003465348	58.38293899267663	3.4249571054949217	58.951068212744886	58.96061570336981	58.96797885003076	59.23327512641701	3.7072667272250457	59.94044384756907	59.95922756714632	59.97403905711796	58.41606113285882	3.3917291840960924	58.93828322980054	58.952614880922994	58.95861369705213	59.18555683257287	3.69796992708133	59.87443694602623	59.90293977877654	59.92877186167434	58.41762406046275	3.394405015001163	58.93957830497781	58.95225744337555	58.95852873159093	59.354878796141406	3.339300671507842	59.93328981303214	59.95693746131492	59.97158983918982	57.35674666092129	3.5186822384204723	56.46077897456641	58.551501067100304	58.85581622061184
9630000	59.549905492313094	3.5377090917078644	59.93134218493089	59.99297094002578	59.99970525662864	58.38288291199634	3.426404002320852	58.9510166570008	58.96057942549069	58.96799779196693	59.234033218906745	3.70740472960177	59.94425684592232	59.96073700782921	59.974374315570294	58.41609673406296	3.392230768879242	58.938380282584646	58.95246447367081	58.9586201878392	59.18698960669913	3.6982334414599594	59.87662348165168	59.90615338896221	59.92960824813426	58.41729784908233	3.3955109558769956	58.93991598369808	58.95230124424866	58.95853533614116	59.35691003687899	3.34091640588527	59.93377861321194	59.957071611743906	59.97152451197595	57.35836687935564	3.518486612592212	56.46077897456641	58.551501067100304	58.857114818195285
9640000	59.54910621688311	3.538482082164948	59.936079001398625	59.99227880496869	59.99976718341523	58.38347944821332	3.4252647806603016	58.950913665683466	58.960625162760316	58.96811678935415	59.233757025304314	3.707388041956116	59.94197979926288	59.96089004392938	59.97435028585829	58.416144541576195	3.3923875940714474	58.938380282584646	58.95252661337628	58.9586827014568	59.18591532107868	3.6980414380259132	59.87546546848604	59.905780748240545	59.930181617967136	58.41783446567319	3.395623786091121	58.940058902028724	58.95235697617051	58.95856518911043	59.359444450674516	3.339384369426211	59.929745295830095	59.95822987441536	59.97273216042484	57.360740752499495	3.517892285317338	56.46077897456641	58.551501067100304	58.857114818195285
9650000	59.54744072964353	3.5385971267793606	59.935243591859546	59.99228106258644	59.99981521533813	58.38224262630507	3.4259457826068376	58.95050119124343	58.960638351561684	58.96866605095623	59.233865047854984	3.7073853719745613	59.94230821230128	59.9605059823206	59.973885518152514	58.41592484782175	3.3924874015089515	58.93856279380562	58.95246447367081	58.95877433844328	59.185540132103874	3.697979332343037	59.87460388558207	59.90523564516803	59.931132860740476	58.41777877952005	3.3957050695197557	58.94015989002356	58.95235697617051	58.95856518911043	59.356202796004	3.3398071539741028	59.93058901923408	59.957121796717146	59.97004237149426	57.36300823233112	3.516814865913097	56.46077897456641	58.551501067100304	58.85985273456245
9660000	59.55055138603559	3.538853924675231	59.93961332018425	59.99220068389258	59.99975287273076	58.38270440944166	3.4255384332168255	58.9510039901061	58.96068215302208	58.968676756693476	59.23379846205743	3.7073587431674997	59.94171692375338	59.96060546679763	59.974085684220356	58.41602101511896	3.392026397167979	58.93856279380562	58.95246447367081	58.958801317072506	59.186737175622355	3.698180438205357	59.876047425298744	59.905257254103844	59.93125539086536	58.4173970608596	3.395282329581724	58.94025029733176	58.95252027151891	58.958570611270375	59.3580636553582	3.3392724827740192	59.92879611759389	59.9554709818563	59.9702156106172	57.366070790322745	3.5142087065007117	56.46077897456641	58.551501067100304	58.85981339159429
9670000	59.54969400503945	3.538808643082705	59.93415660562144	59.99266971995217	59.99977943816518	58.381790619091696	3.426746228518851	58.95079907606251	58.960190269748395	58.96782903119606	59.233698580393636	3.7073584207631662	59.94235141813479	59.95971007842819	59.973832035410894	58.41602999160786	3.392444298070908	58.93856279380562	58.95252661337628	58.95877433844328	59.1850792573646	3.6978749245021407	59.87439474290656	59.9044824170687	59.929380391498	58.41766682364766	3.395943681663332	58.940359887715076	58.95254657731665	58.95863192195786	59.36030620057784	3.3404399836553083	59.93282718181557	59.957410397223995	59.972161070719494	57.3678319583404	3.5135865756826354	56.48401537225678	58.551501067100304	58.85981339159429
9680000	59.55217466370983	3.5395436118840107	59.93966860677616	59.99200222510977	59.999680235589416	58.38203435190532	3.4262839340292723	58.950820230133154	58.96152276915788	58.96873651061308	59.23355096205778	3.7073038304849337	59.941563678494724	59.960678204643344	59.97501298840286	58.416476727420054	3.392411007103242	58.938699271057786	58.95266273722932	58.958719105617654	59.185418261271785	3.6979609354369543	59.87075966472358	59.90628950296697	59.929633274769174	58.41807722277152	3.396364786498281	58.940359887715076	58.95259759944604	58.95856715970224	59.361486506012966	3.3400549632719416	59.93158291162646	59.95636645253339	59.97112129340922	57.370017494227	3.5133463677407626	56.51175984957952	58.551501067100304	58.85981339159429
9690000	59.54555639835628	3.5390296746371037	59.93348659137453	59.99307818091171	59.999775722022086	58.38330134660371	3.4240026787243103	58.950798303697425	58.96150765315308	58.968757322813985	59.23380961579136	3.7073565047477235	59.94140934732894	59.959992564354906	59.975477148060484	58.41637655360044	3.39220670473617	58.938699271057786	58.952635460153104	58.958719105617654	59.183716395632906	3.6976276087078292	59.87032779468738	59.903061083244495	59.92909426038237	58.41859390380451	3.3941130716390515	58.940473999133424	58.952575133333184	58.95863192195786	59.36056635666262	3.337315012819091	59.92929921468553	59.956058510875465	59.97142535748452	57.37197435753934	3.5121231113200877	56.52591213736723	58.551501067100304	58.85970829493317
9700000	59.552254658376846	3.5393524597144355	59.941239392330495	59.99295132706836	59.99982131290943	58.38302411872807	3.425955918895022	58.95116918651236	58.96091117888885	58.96869216348901	59.235033663156685	3.707544830712805	59.944051600731655	59.96244321966151	59.97489859801695	58.417028838985125	3.3918472758692317	58.93875523732397	58.95259848624592	58.958678029707826	59.18680560130934	3.6982044188063163	59.87565184858388	59.907040186790226	59.92955867493919	58.41893557950498	3.3949552199204054	58.940547456664106	58.952623655840895	58.95863192195786	59.36346281951744	3.3393645008921227	59.93298736972874	59.95674787197525	59.97124881034297	57.3735257366736	3.51144647286998	56.52591213736723	58.55165939674332	58.85970829493317
9710000	59.54510311327942	3.53908925782901	59.92670565188473	59.989818765230666	59.99969322604546	58.382628831978465	3.4280973163097683	58.95249850938318	58.96057651916988	58.967908442325395	59.233597444529586	3.7073056171468846	59.94121509385152	59.961634475067	59.97468152878056	58.4165755359431	3.3927562768733868	58.93875523732397	58.95266273722932	58.958739234150485	59.185988910843776	3.6980384735617715	59.87377093108704	59.906769099544746	59.9299988379486	58.41816450457985	3.396466097536956	58.940687740453484	58.95263734997006	58.95853533614116	59.36365240239636	3.3408626866636286	59.931972373499484	59.95682328877028	59.971661045192896	57.37609199158237	3.510504377298953	56.53357869252977	58.55165939674332	58.85970829493317
9720000	59.54922392379913	3.53954549860653	59.936545075176106	59.990970485416895	59.99964246618143	58.38195681180646	3.42515613032846	58.950900904580216	58.96108028002432	58.96807317125048	59.23366622464707	3.7072642876239628	59.94080525150282	59.95980560331491	59.974702375396284	58.41605584927913	3.392556328202744	58.938699271057786	58.952646342552256	58.958739234150485	59.18500568750221	3.697861730766025	59.87324901828502	59.90401648888735	59.927928739250405	58.417825267642385	3.3951275969297	58.940740795557836	58.95267000421435	58.95853533614116	59.36755862155298	3.337698218737511	59.93145199555295	59.95688172892483	59.97126380264797	57.37785761235691	3.509431026524696	56.54862429942446	58.55165939674332	58.859436381313714
9730000	59.54860832985807	3.539384376857097	59.93354240559068	59.99239379287025	59.99978482801542	58.38204964525697	3.424888211981932	58.951061108093455	58.960769476357825	58.96856203673535	59.23362696432998	3.70726532396536	59.94029591646679	59.960543188112666	59.97506568600641	58.417211873285694	3.391878843917454	58.938699271057786	58.952700883043676	58.95875952376835	59.185586902278	3.697980932311873	59.87191178244525	59.90320088560264	59.93249414955349	58.41842868413958	3.3950866365642893	58.940867835524685	58.95265127300805	58.95853533614116	59.3677593159416	3.337740933773115	59.93339489473662	59.957215482784946	59.97132917411564	57.37937350993875	3.5097763229844303	56.54862429942446	58.55165939674332	58.859612718362314
9740000	59.55251487490475	3.5391951623429483	59.93776558362133	59.9930133751936	59.999803048784806	58.381665179148165	3.427129750012609	58.950288514968356	58.960465364342994	58.96818107184399	59.23286075513793	3.7071140066250035	59.94138567520477	59.961034116176876	59.97303871672935	58.41647870132982	3.392473226024545	58.938699271057786	58.95276083931985	58.95875952376835	59.18533883836823	3.697913959188646	59.8729117257772	59.904825074079085	59.92806078052001	58.41827957277725	3.3952112902993012	58.94101146401648	58.95265127300805	58.9585462684591	59.367362975502004	3.3397800198765597	59.932568204567275	59.95678301121835	59.97098769325802	57.380479946413786	3.509194515608342	56.554925349661666	58.55165939674332	58.859436381313714
9750000	59.55005450578915	3.5391920982702327	59.93712165738783	59.99000287144878	59.9997079571217	58.38195574590461	3.426364407910673	58.95033078220679	58.960314042999485	58.968063550792536	59.233643437204215	3.7072790861222593	59.94126421151264	59.96027465605289	59.97463884130257	58.416624400413426	3.393060783136634	58.938699271057786	58.95276083931985	58.958739234150485	59.18488073269672	3.6978523286475564	59.87263399423909	59.90430388115169	59.92885944278056	58.41812836785177	3.3964636945318842	58.94101146401648	58.95267000421435	58.95858647828882	59.36834218492878	3.338559742773837	59.93274355020532	59.9575131758248	59.970723427079875	57.382728372893965	3.5080792416000017	56.554925349661666	58.55165939674332	58.857042094571796
9760000	59.55087347969747	3.5394671532010973	59.937648598140015	59.992038297323205	59.99971295588657	58.3819136945872	3.427157818127547	58.951095526817156	58.960670549729926	58.96768166757884	59.23232053056463	3.706994481746745	59.94089690120813	59.95894190148217	59.97386075991741	58.417037713835235	3.3918375015329665	58.938699271057786	58.95273299209377	58.95875952376835	59.18582177298473	3.698036146761574	59.87475418043855	59.90535137024767	59.93097423985258	58.41809703967475	3.3962132743030367	58.94123930737192	58.95265127300805	58.95864883839971	59.371344816724644	3.33995411751088	59.93236172396068	59.957632100195184	59.971894383556204	57.38419818943093	3.5077115005350454	56.554925349661666	58.55554633591219	58.859151949939424
9770000	59.547481118040565	3.5394941577739822	59.929882427002084	59.99088137826848	59.999775742604555	58.38173959086313	3.424597653089324	58.95084921343346	58.96112411198016	58.96815380206198	59.23492025451327	3.7074855603621497	59.94426019190991	59.96103914831288	59.975003401179094	58.41693594163552	3.3920449959080705	58.938699271057786	58.952700883043676	58.95877433844328	59.185585102057985	3.6979771240894195	59.87347072879412	59.904497681880954	59.92871651502668	58.41851640111591	3.3948502823763933	58.941360341582474	58.95265127300805	58.958680340109424	59.37166240760963	3.336939476774018	59.93182983745247	59.95829098021342	59.972028438245566	57.385766855169116	3.507331824603343	56.554925349661666	58.559249140751575	58.859151949939424
9780000	59.54709511594076	3.5382985623734053	59.93548665973232	59.98930971143518	59.999617345467314	58.38077261398847	3.424851423031738	58.949960648598655	58.961101986305394	58.96864521272002	59.233415714716294	3.7071775571303567	59.94255151030746	59.959239468824194	59.97396826948071	58.416039300229116	3.3926022667732605	58.93858124685285	58.95273855431915	58.958815660698036	59.184700961111325	3.6978203435948496	59.87477489671577	59.90416192979259	59.92939495561467	58.41729746770093	3.396049555997286	58.941360341582474	58.952684800451195	58.95870806665465	59.37164924255497	3.3371823674863297	59.93363758501593	59.958056507220036	59.97235831818681	57.3871495549922	3.5072853790591685	56.554925349661666	58.559249140751575	58.859151949939424
9790000	59.54556022344441	3.538872630474432	59.930808890627944	59.98886868787551	59.99968188808836	58.38134836540266	3.4276875985857003	58.95056865245755	58.96058437254242	58.967980931638266	59.23332057877986	3.7071571328564104	59.941264813024986	59.96006391682057	59.97301210776916	58.41682513835731	3.3932225708866204	58.938699271057786	58.95278459111979	58.95885137360115	59.18415678939381	3.697737154814929	59.87375853368658	59.90316665905536	59.928002650553516	58.417501131981105	3.397835433765153	58.941360341582474	58.95267000421435	58.95887493321224	59.370238255851696	3.339315540065958	59.9307560080528	59.95556032064053	59.969760762937455	57.38799972451194	3.5071373079873776	56.591398111746535	58.559249140751575	58.85925749940098
9800000	59.552129019438674	3.5394044897808943	59.94197880367062	59.99318227883944	59.999802119806404	58.38105202368179	3.425307120810418	58.949931131335546	58.95975409055595	58.96800250544675	59.233244157056056	3.70711891546706	59.94056101515995	59.95930319507234	59.97434094751986	58.41761234745683	3.3915469895040826	58.93875523732397	58.95280588383278	58.95888768496951	59.18509095194316	3.6979180093853365	59.874290657630915	59.90311122462548	59.93006200854931	58.418952579493116	3.393843710687292	58.941360341582474	58.95265127300805	58.95887613770054	59.37444579136026	3.33791762773774	59.933437820340465	59.95774119978739	59.97176561271517	57.39185502362214	3.5055170358689716	56.5953694838949	58.559249140751575	58.85988413930415
9810000	59.55004967535332	3.538929622664823	59.93959419904495	59.99163957897878	59.99978780517527	58.381560220477404	3.4245776237031738	58.95044310853233	58.96007870844849	58.96849119779653	59.234317224964755	3.7073233194077964	59.942048317814454	59.96076582961271	59.97419792578359	58.4169520042273	3.3913467243484288	58.938699271057786	58.952793514392766	58.958802827561016	59.1873060935005	3.6983348832382434	59.87716586524836	59.90677408010236	59.93038380053266	58.41892133294508	3.3934934551739833	58.941360341582474	58.95265127300805	58.95887954489909	59.375096387393285	3.3366503693295844	59.93441877532449	59.95873048446106	59.972003624757605	57.39303723185161	3.5056567516781416	56.5953694838949	58.559249140751575	58.86021260905571
9820000	59.55276757648295	3.5389734131891135	59.94438316165051	59.99156487337054	59.99980112780181	58.38164512035662	3.424691849503498	58.95014574311121	58.96079787563651	58.968082623578034	59.23466517549552	3.7073985856570304	59.94253717716235	59.96197438420643	59.97473234817953	58.417901899912515	3.391630522489172	58.93875523732397	58.95281480710575	58.958802827561016	59.186860338322504	3.6982494533387484	59.87621591723744	59.905491423485216	59.93246403906975	58.41957021604904	3.394364295797969	58.941451457781135	58.95265127300805	58.95887613770054	59.376160923038036	3.3362562007976955	59.92956939721115	59.95760008093043	59.97108880541188	57.39580596215832	3.505215670204205	56.61700423945283	58.559249140751575	58.86021260905571
9830000	59.546609447880144	3.538470646578624	59.93313718686639	59.99133217177712	59.999697297137644	58.381222965451386	3.425381687679042	58.948967621740074	58.9602392940596	58.96779816301481	59.23241688250866	3.70696409975517	59.939562459217406	59.95987542027572	59.97362851260426	58.41787447148814	3.391625363868634	58.93875523732397	58.95283838008736	58.958802827561016	59.18565012893271	3.698028315855915	59.87458706458974	59.90527173810995	59.92887026909291	58.41903773335787	3.3955438340639263	58.941451457781135	58.952684800451195	58.95887613770054	59.37685923049353	3.337331566656906	59.931435728141594	59.95828074341371	59.97168526679732	57.39850441752502	3.5041089093869333	56.62774735446261	58.55992552778673	58.86114729020801
9840000	59.55106525179381	3.538955176994937	59.93883509144349	59.99251763108762	59.99972749108233	58.382068779619395	3.4234937961815435	58.95015092331314	58.96057050530271	58.968383673994445	59.235184806366895	3.7074663423520318	59.94573412517806	59.96092255702426	59.97458411080143	58.41753538709209	3.3915585175405645	58.93895747655656	58.95282400487848	58.958815660698036	59.18845755585564	3.6985428054727536	59.877718129179506	59.906540416542896	59.93136277311872	58.41848905313738	3.3948003171052226	58.941451457781135	58.952684800451195	58.95888311590912	59.377133428704234	3.3353362460159213	59.933411822686736	59.95754024291887	59.97202671590508	57.40020621920969	3.5033519099320087	56.62774735446261	58.55992552778673	58.85988413930415
9850000	59.54705120655121	3.538608461825954	59.93278869220803	59.99098422668815	59.99982221767686	58.38251780324502	3.4251364412761443	58.950869092764236	58.96105860909346	58.96827504905927	59.234616854919494	3.7073648392578344	59.942169765510826	59.961637034047925	59.97591161798186	58.41783224879133	3.392348076814963	58.939155801377446	58.95291211363312	58.958815660698036	59.1886554896553	3.6986095160135903	59.87595801370132	59.90863529656002	59.934334348585836	58.41911134285113	3.3951687509781032	58.9416425110135	58.952684800451195	58.95889051221245	59.37765565428518	3.3370276823034644	59.93672957964377	59.958927199671265	59.97334780842657	57.402191340529185	3.503158912771351	56.62774735446261	58.5634651581655	58.86114729020801
9860000	59.55435413474831	3.5388438769708412	59.94830064656503	59.99264285903881	59.99973727000471	58.382783869695025	3.4255105653632762	58.95068957352605	58.96107483256217	58.96903669010571	59.23285488750364	3.707013299085297	59.94091443118195	59.96119276182847	59.9749756818971	58.41750866913212	3.392795974859384	58.93918386916658	58.95290522238675	58.958815660698036	59.187587565039095	3.698388253768238	59.875521985070684	59.906527074409496	59.93237163627391	58.41859609618469	3.3966247505777063	58.9416425110135	58.952750166909226	58.95889051221245	59.37901353897582	3.3373196405907426	59.9338593520627	59.958068453052164	59.97187590209995	57.404381821444105	3.502673858672635	56.654286751439244	58.5634651581655	58.86114729020801
9870000	59.54959012842272	3.5386320649788554	59.93373411052157	59.99082536809007	59.999783356729814	58.3825275749312	3.4248112800345143	58.95141576492574	58.96060053861244	58.96835804616853	59.2346882041257	3.7073649867476686	59.941328250426004	59.9613497485213	59.97468049243755	58.41721186956312	3.3919122624795586	58.93918386916658	58.9529357513402	58.958815660698036	59.18777439809918	3.698432120440741	59.87698017452708	59.906186683413026	59.93091101012208	58.41811681988544	3.39562562510561	58.9416425110135	58.952750166909226	58.95888311590912	59.379372168824254	3.336426325709656	59.93641424106226	59.958680890477	59.97201272286603	57.40649648253378	3.50210802281051	56.654286751439244	58.5634651581655	58.86114729020801
9880000	59.54952986200318	3.538359468423984	59.93655288435113	59.99098478826449	59.99980017448651	58.38229609012552	3.42553426291785	58.95125413043294	58.96028965901185	58.9679137374397	59.23369829470889	3.707210060520345	59.94290346482777	59.959354050654724	59.974305920548204	58.417847535035754	3.3921319833320482	58.93922123239547	58.95299893980256	58.958785748390014	59.18713575701989	3.698315838347036	59.87626290572577	59.90612267726162	59.932139931445576	58.41880527782862	3.3944396729161266	58.94207319301086	58.952684800451195	58.95888311590912	59.37722516690158	3.3367486790661904	59.93333670246135	59.95870798226102	59.97176476584878	57.407759751125916	3.501964855611905	56.654286751439244	58.56953946485332	58.862369931264496
9890000	59.548862238999824	3.538476150319363	59.93367676013331	59.992830044096486	59.99971388910111	58.38200818169897	3.4257766954051805	58.95047832515493	58.960367696764806	58.96793476569541	59.23441253830678	3.7073832697277878	59.94348800335372	59.96136877278655	59.97479994456705	58.41754646971556	3.3918626253802096	58.93922123239547	58.95297107634835	58.958785748390014	59.18527593955797	3.6979499698062397	59.87251944479672	59.90508848751269	59.92713120358212	58.41851182226258	3.394970267025371	58.94214667943184	58.952839808424784	58.95887954489909	59.37836633286003	3.336715787117298	59.93043152741681	59.95578187375037	59.97057083152062	57.409715803064245	3.501395807443499	56.66863098045761	58.56953946485332	58.862369931264496
9900000	59.55336418522488	3.5394764225855258	59.94792486962311	59.99408415791116	59.999812555636105	58.38248011103457	3.4259034153026087	58.94959683831751	58.96079046552364	58.96799649194658	59.23354696956284	3.7072095791046675	59.942259258685624	59.95972499210979	59.97339836267194	58.41754070641364	3.3924328313360093	58.93929516989567	58.9529313413298	58.9589110452884	59.187033608051635	3.6983329229910344	59.87333458333195	59.90738935605022	59.931827211485185	58.418295281466214	3.3961753079470918	58.94218964208777	58.9528428832822	58.95888311590912	59.38035519830196	3.338248043445213	59.93589485075626	59.95791557968828	59.971814275966786	57.411292091657714	3.5011916968231835	56.66863098045761	58.56972113166452	58.862369931264496
9910000	59.54805077198318	3.53863564608197	59.932219230544774	59.99002646981663	59.999647098981114	58.38295349882805	3.425464048931106	58.95118906978021	58.96150665860371	58.96862518727002	59.23370227330858	3.7072451950500813	59.94053395205553	59.960451368633116	59.97518846905926	58.418495158975425	3.3919413616892657	58.93929516989567	58.95290522238675	58.95890258215664	59.18613409390624	3.6981341527834077	59.87371791012159	59.90500703411185	59.929338386498785	58.41936380385803	3.3942392000055914	58.94218964208777	58.9528428832822	58.95889051221245	59.38183083041048	3.3364270141044607	59.934887899195296	59.95739059582191	59.97194500040877	57.41276545075282	3.500688909132578	56.722259504539885	58.57557286339403	58.86114729020801
9920000	59.55083546337561	3.538808740941632	59.9398950133046	59.99268189739932	59.99977003759999	58.3822169354925	3.425559525211659	58.95033310336029	58.96054920914467	58.967596429259665	59.23354292974884	3.707145640814132	59.94187691159594	59.96014026020221	59.9741703077044	58.418264215046705	3.3918462828703952	58.93944917720829	58.95290522238675	58.95891343915329	59.18390811489279	3.6976928663768103	59.873104756570534	59.90391408052733	59.92886327272772	58.41939835534477	3.395110921533371	58.94218964208777	58.95284616642823	58.95890545009625	59.382025888375715	3.336509531599355	59.93421517183863	59.95711243493963	59.97058514351555	57.414575751195535	3.4992545009326617	56.722259504539885	58.57557286339403	58.86021260905571
9930000	59.54783064815005	3.53864538905122	59.93331618039015	59.98954897950665	59.999614414594376	58.381945369797826	3.4260107766933574	58.949448669788495	58.959981161224945	58.967908210980134	59.23256616684767	3.7069567903397886	59.939500371400484	59.95973654939936	59.97384058058533	58.41777940504988	3.3924725387912575	58.93951254003072	58.95290522238675	58.95891930591189	59.183927549574975	3.6976915512131883	59.870416203825584	59.90405001459286	59.929315618705296	58.41901975867532	3.3960297886509103	58.94214667943184	58.9528428832822	58.958919126461645	59.38300106108064	3.3367240291041704	59.93164920132728	59.95670055626697	59.971682307092436	57.416531618037915	3.4984398585724072	56.73366536039417	58.57557286339403	58.859919913053126
9940000	59.54865316397714	3.538820510665903	59.930739103932325	59.99216423132157	59.99979843514936	58.38239796436466	3.4266536162726857	58.95056006468979	58.96048802107707	58.96728797928276	59.234971255388494	3.707425212191464	59.94500342991644	59.96138805769205	59.974032758017806	58.41864819574013	3.391834172840819	58.93951254003072	58.95290522238675	58.958925725127074	59.18555576181286	3.6980505330804636	59.874352853359376	59.905723037388015	59.93015695706074	58.41972388977538	3.3949572681500175	58.94214667943184	58.95291671650152	58.958919126461645	59.38429658259716	3.33783610437848	59.93356089220129	59.95737788266517	59.9711382321231	57.41815957142005	3.498060811421149	56.73366536039417	58.57557286339403	58.859919913053126
9950000	59.54830372105813	3.5390215955243325	59.9361145710409	59.990969895047165	59.99963429797	58.381864440091874	3.4252928153081434	58.95077302903199	58.959712975737496	58.96777300011138	59.233277998237355	3.707059970410357	59.940378399862254	59.960145182171445	59.97391547631027	58.41796242264222	3.3926201737678205	58.93968839004878	58.952982842491096	58.95901504350179	59.18540234290258	3.6979881345056613	59.87365037766834	59.90487832627287	59.92863642033017	58.41910731697372	3.396395563023894	58.94218964208777	58.95299129759184	58.958869044104105	59.38223132916504	3.3359550068744883	59.93319846296007	59.95692913700193	59.970688232600395	57.420652341262986	3.4975882340476447	56.76125976471036	58.57557286339403	58.86021260905571
9960000	59.54808802160819	3.538851900790871	59.9281763606046	59.98695681174631	59.99957577867288	58.381384471382646	3.4258386776183207	58.950290586855004	58.96030732938989	58.967861849561665	59.231993739773436	3.706902733102123	59.940650601534365	59.95886277240052	59.973448842259586	58.41758625470295	3.392813968909898	58.939806056511614	58.953029098778984	58.95907366926005	59.18433601039379	3.697785420677413	59.874103770764485	59.902694470413124	59.927884548464064	58.41871827513252	3.3959956730508103	58.94231250306219	58.95291671650152	58.958920478604725	59.38245821731148	3.3363297816065676	59.93330153755089	59.95533759901186	59.9703567133078	57.42490338925477	3.49617016505912	56.76125976471036	58.57557286339403	58.859919913053126
9970000	59.54410846154363	3.5389027787088043	59.92810577790243	59.99163380549487	59.99977368902465	58.38161846106819	3.426724126210179	58.95096194621409	58.96065562112625	58.96751117770161	59.23433143599954	3.707362930272801	59.94156848967052	59.96196077001888	59.975488478038606	58.418600923729755	3.392453771871637	58.939865236677214	58.95307888596329	58.9591267007077	59.18500540249413	3.697918815526197	59.872155580146924	59.903832443485165	59.92971071795454	58.419414676711504	3.3963390949763856	58.9422909964744	58.95299129759184	58.958948682745614	59.383342173914514	3.336940082794864	59.93331420572948	59.9575153611052	59.971263698136866	57.42662592044261	3.495773988361744	56.76125976471036	58.57557286339403	58.86021260905571
9980000	59.54905269270392	3.5393134290887307	59.93898140273945	59.99184696853693	59.99978595285287	58.38116999037457	3.424617204830365	58.949695419781776	58.96033054977746	58.96767153709365	59.23396597568556	3.707319779229541	59.94224360011558	59.96099033857371	59.974763501021414	58.41887231235992	3.3921632107909665	58.93984568680743	58.9531276082093	58.95913638805619	59.18771213127833	3.6984293725880826	59.87749432382807	59.907976111499345	59.93102167121732	58.42002617995826	3.3945973490256613	58.9422909964744	58.952994947995364	58.95898291639513	59.38517231043104	3.335986079091121	59.93389657214698	59.958559595124946	59.97351025213345	57.42874593707098	3.4950108772195656	56.76125976471036	58.57557286339403	58.86021260905571
9990000	59.54828407935806	3.539137704961093	59.930852413812254	59.991398938116404	59.999809192426184	58.38171481922728	3.425655324340732	58.94943677485913	58.960005880798406	58.96796529746144	59.23353587577649	3.7071856392959597	59.94052553889396	59.96079419803985	59.974374985027126	58.41865352262747	3.39276362300837	58.93984568680743	58.953187918290425	58.95914644825755	59.186117187602825	3.698095191516596	59.876929746264054	59.905804148796825	59.92902363545426	58.420206064127115	3.396150582536263	58.9422909964744	58.95303322487332	58.95898291639513	59.385150587245974	3.3362464876839772	59.93237684165053	59.95706668148454	59.97224186731565	57.43058987432453	3.4944460582421257	56.76125976471036	58.57557286339403	58.862369931264496
10000000	59.55173768379638	3.539146821393771	59.9373912924234	59.99337917716046	59.99986038698261	58.382106758170565	3.4249661949791093	58.95053322177289	58.96076805581599	58.96795716169595	59.23467459377334	3.707419498308584	59.943172310805984	59.961848960923184	59.97518972834363	58.41835355071483	3.392464574905023	58.93984568680743	58.95325813470478	58.95914986296377	59.18837479621986	3.698532695996507	59.88028977270801	59.90712197269411	59.93224213598851	58.4193945717399	3.3960967361979892	58.94231250306219	58.95303322487332	58.958996644525655	59.39091840376952	3.3354612203281824	59.93783924925038	59.959657456549365	59.97272250964746	57.432960489063156	3.493145078540157	56.76125976471036	58.57557286339403	58.86247649574203
