10000	40.91763029396307	17.994918508243185	29.844022646351743	39.51736241011007	59.16733205496093	40.562967513455035	14.682531835428469	30.153914860273535	39.52241394093554	54.61770179450893	31.172681564985293	19.159119609754818	20.02317266308934	30.0430117778089	40.62722977444149	32.17648901050593	15.676416882268631	20.928168797452507	33.20493096245404	40.20786241049423	39.7397912998837	16.44022147152052	29.8604920781483	39.67787875213254	55.566085089195305	28.741575992505425	16.937753337771404	13.12989149889826	32.45431226433614	39.889538322824954	31.48362235490517	19.518780261259394	16.2198112021287	34.206694941698345	48.91421134586178	20.107826682846056	18.667341184340348	3.1307969824649935	13.10767231167178	38.94048391765676
20000	52.99472606971652	14.933528800119623	58.36752225593143	59.31520323225381	59.59989404003873	51.21216117473669	10.994124990552276	50.0595014862766	56.28162785969356	58.10725316375956	38.80565692270339	20.180642720331413	21.076360328879343	40.08598398836833	59.403601485096345	40.159352703264666	15.839682752672315	30.834405028620637	40.208469863677585	55.54229599480126	47.381275198688286	16.692152710227127	38.697765715488316	57.51668428127971	59.21669096000639	35.43239081262382	16.86131861287191	20.10916198141618	39.534332579950416	49.27058802944924	39.02175982876249	21.94978555177323	19.469497763411216	51.90579464931387	58.218093599991676	24.951983095324913	20.92975681140924	5.49625953989816	19.391647448967014	42.43615287438255
30000	55.0240452755359	13.339163493969238	58.98027484536907	59.42799833521402	59.64468415720089	53.88057792967313	9.747971781358908	55.16930171573954	56.79852946931466	58.34166733795417	41.43966280800803	19.00200749133463	24.264091355290837	43.39230051933311	59.475333674537865	43.314887934062455	14.696491387916822	37.48380062964602	44.61713056767917	55.979693073316625	49.81376136362352	15.762636783644421	40.21217300338638	57.71003003488138	59.3756055929427	38.47874704102352	15.550275209121448	27.202729295054176	41.97931355061754	51.37535633530858	41.80972906944451	21.86987167826807	20.361345260155016	57.1325579217194	58.819191885128305	27.89749353803509	21.43030848124456	7.362022226576108	25.095392559355624	55.92260355339347
40000	55.56329439768455	12.548283699305545	59.04584824607535	59.440107607957906	59.65524195047026	54.2773282761185	9.369219597194117	55.31293369650717	56.97829353136299	58.3711198266203	43.18509647645039	17.728158245709604	27.698318120204945	46.44497329199223	59.46950439324758	45.09980183941599	13.542436536569188	38.55112549448454	47.50823420708019	55.9908770822088	50.72215339205316	14.727066158494209	44.29622124073291	57.85577282116744	59.39699434585307	40.70628110647196	14.436534976083959	30.429278277509486	44.82495229631385	52.84090429026828	42.88184617507143	21.25829556007014	21.18748477039164	57.45584739963572	58.979597909208536	29.71300627321036	21.041576590110814	10.106570675185955	28.35078012181132	56.641929610243665
50000	55.752060257448285	12.041542847576345	59.08255390679104	59.463609083089636	59.656646628697516	54.39416865118075	9.233234091674914	55.40414533793155	57.14887198330919	58.39376653544143	44.591794852110766	16.52340332782854	30.795103685959308	48.43733618130298	59.47448838668789	46.516969762831586	12.460130256783959	40.48219123254988	49.470843728113664	56.041393898117626	51.35208927007744	13.801550687874297	46.83195999997551	58.16307775957805	59.393216386969115	42.63284230913213	13.329731259923534	33.58039835427216	47.30448517412895	53.97360932264215	43.65188068095996	20.573927018257983	24.891486657750775	57.47974549313459	59.059830769256635	31.20237687507656	20.69028805848903	11.27434359562276	30.145936565296708	56.66740801934782
60000	55.84240282651646	11.729524952209418	59.12274283009131	59.4610551891238	59.650044511877155	54.428482207150594	9.111636122124235	55.42144167331537	57.04938640641344	58.40498309722488	45.75687570486945	15.554093518009157	33.6955863699335	49.92992775254829	59.475866499231444	47.67930981086633	11.668193518766678	43.12258165462199	50.88977896563563	56.035346092982124	51.74746270067679	13.174933957537377	48.42542525946579	58.03349519963024	59.42110138355519	44.33427955755798	12.440913658518653	37.36081780625723	49.25451970812348	54.522974979589165	44.20695415918281	19.995674557531157	26.598269779722273	57.507547511280336	59.084344672942514	32.40373320635342	20.309689709958427	13.703827156045005	32.68240868370148	56.6493061636433
70000	55.970490870677665	11.360087323484077	59.13337999737419	59.46784508676145	59.66527594275218	54.45749221792765	9.044343904416625	55.402288196915215	57.30449085246218	58.399075534985975	46.75963031298706	14.699458665245276	35.97736822146176	51.26687146874356	59.48901572205521	48.57548879685019	11.086488537632937	45.26304911271289	52.257365857641986	56.012577615154626	52.169269153718574	12.530198024640297	49.26866279798157	58.200046213403	59.42069805620879	45.660215154034724	11.758252252644754	39.36892902618145	50.754063038823276	54.88702479860528	44.686245238473916	19.46941209507437	29.764358052211556	57.49659064407594	59.04543669620094	33.556857526128866	19.911731037851258	14.812243675725199	35.33482223456181	56.666462674415314
80000	56.06046250188409	11.104886310742694	59.17221829156675	59.481879797020575	59.67618786792957	54.49889317492181	8.9282343054528	55.39258628048639	57.22164421251972	58.40539922175904	47.68945856957626	13.968662736875892	38.200082596776284	52.16899087075856	59.48434913431163	49.3607154379632	10.585623093016	47.21490141784501	53.21822767055582	56.05115359942404	52.51983387317698	12.000997759692483	49.900622407050335	58.20039804679351	59.449438571719895	46.72120598013318	11.28107733671209	39.904337101468656	51.99043179522917	55.56641155520812	45.171789985201954	18.97682984203394	30.600247987184517	57.5108313049826	59.05995665245078	34.592396863290425	19.513477608565875	15.897514921252323	37.71639450602339	56.67941330134558
90000	56.19399070941034	10.658949861947791	59.10524461755726	59.45206304830734	59.65830990013776	54.545277729767676	8.818002552388537	55.47126239327667	57.12499382384462	58.4011819361095	48.58928367603002	13.248346404288025	40.22256034083584	53.186547514687476	59.479934474665185	50.03096551021285	10.081036193566778	48.22844912550966	53.937410929334135	56.0341076779136	52.89435524395303	11.430178692546658	50.834015358736195	58.03119606766121	59.4142214349812	47.7169291724323	10.780953296969352	41.77174440333353	52.952351851658065	55.84256269258974	45.581529822258354	18.605962800158515	30.742369418797754	57.50150860171662	59.09364303277852	35.39610803869161	19.25572532424428	16.899376658952598	39.27996610114573	56.69187915644446
100000	56.31443681683233	10.410731709127587	59.138454255691116	59.49954940163599	59.68639971097272	54.64652506653643	8.645494366874514	55.50152124236021	57.3392006155988	58.42983723140677	49.374911847092015	12.723388380364783	42.063035774635935	54.17332659170097	59.50208762842014	50.63336549873804	9.67538151768538	49.404112015246795	54.44134079362094	56.07233481753985	53.179910039638834	11.088073317361046	51.54821869968025	58.157630290246885	59.449223804653094	48.57923827299002	10.351216543262419	43.559766255108755	53.71244837811161	56.049953086622764	46.01063161534967	18.191280724971058	31.750560079481232	57.51475896234082	59.113052645129464	36.13870873547854	19.04701721297229	17.494629887482716	39.515917845522495	56.71003535600275
110000	56.391415841739224	10.21988836786049	59.11559730803877	59.498037279320286	59.685581977161554	54.7059183663365	8.501319753875244	55.5273971377091	57.27477340462221	58.42866419190318	49.92104589739677	12.330543812473007	42.88143864460883	54.64834425521217	59.50020791896649	51.161403105577406	9.340533519348732	50.557446514876126	54.71759587060655	56.11907962316458	53.45254683455491	10.727306386578793	52.322849181177176	58.16094944021732	59.445464172488755	49.2944740392639	10.051610604986474	45.190140697701096	54.30903653811807	56.218866616548546	46.389112461892324	17.78365491185775	33.61783956194523	57.522990596422574	59.11738331403067	36.80270632517796	18.82604824113215	18.069322453084702	39.67129969502414	56.683596936926314
120000	56.494691002109846	10.040266635778822	59.15753552176899	59.49045380273796	59.677174131028835	54.7689509782489	8.408289741818113	55.52429417524728	57.35764187781136	58.4381677261027	50.48119590509838	11.96760673684577	44.230172873686115	55.39647726930965	59.49909941747654	51.59508086616531	9.067999440580811	51.43664024147658	54.87805857768283	56.11108835420683	53.74352586770121	10.364026901263903	53.37658573795625	58.25616542208294	59.443524552876326	49.884891940268155	9.792132842094556	46.22222533450639	54.49711382986796	56.433680542506714	46.75583222941632	17.393357467402417	34.79482879826243	57.5282651074604	59.12897804180818	37.49625925475317	18.48204392404011	18.802716289249613	39.936060363910705	56.704445229411924
130000	56.58728426979522	9.821828345267395	59.195033212067756	59.50462554133551	59.68759710732536	54.81575695977278	8.301038642643917	55.58285335395915	57.357218682795626	58.43060458267774	50.97884264080599	11.60442624813364	45.474166418563726	55.98691320640981	59.507867637872195	51.994630327670784	8.807816170976139	52.144550414954544	55.03033827513121	56.15750590622791	53.959637369853	10.11213005840498	53.815448561010314	58.20193505508101	59.46248928165418	50.44790098483929	9.53983239953953	47.30506198154379	54.58291913934667	56.6226108625354	47.092182220036825	16.975279093940102	35.395266757775275	57.52862790597211	59.06381841993029	38.06249518357669	18.222365336844128	19.321651822257852	41.42930552410044	56.712504413356925
140000	56.707542122109544	9.557138852376179	59.2053785687094	59.515662643367904	59.686505163289496	54.92755439041011	8.153347484473674	55.70165028683276	57.449738863645685	58.42333796006804	51.45000745542303	11.280710371096083	46.63857254600069	56.40571239725536	59.51542766315781	52.34679963431579	8.608763056223674	52.77468278085374	55.19722568519858	56.25522580436531	54.24824744348086	9.813749986900964	54.07545513887162	58.36965759713209	59.46592148312422	50.93603495875401	9.327670622407386	48.462667283833966	54.707392689144356	56.82630297546071	47.412856671996366	16.59736008906449	35.9485910217699	57.54284548483369	59.12098597826336	38.666544781601594	17.916777309666994	20.140211343800303	43.13356300549448	56.717914778137384
150000	56.80989046394553	9.331246000088683	59.20114293244865	59.50966774361855	59.71740294825611	54.97563121049469	8.092348390649239	55.677356610286566	57.356065181115845	58.46794307049137	51.846423677913855	11.03947629331957	47.339793870803405	56.812716439954926	59.52027686922849	52.654790754280334	8.431770955544264	53.20083208545737	55.40271662623162	56.31799774390316	54.455859673241804	9.584469796513128	54.10178653912723	58.41604697871953	59.48589555719399	51.33674736532266	9.131262606313614	48.87893452023804	54.79220233445746	57.01331172034193	47.7301112946388	16.234735836593252	36.3893653011129	57.52955799985443	59.13198227569728	39.15721939185467	17.684500010778592	21.216476021103325	44.27243951694631	56.731080753293995
160000	56.91194328825942	9.118029987214085	59.20765931614485	59.513125789878714	59.705027493010284	55.04578003931131	8.02756729406365	55.73925910044477	57.45204510093231	58.46215998670792	52.219472082050345	10.798158816689082	48.26662470480153	57.11829631817509	59.542888871549735	52.921107392012836	8.29250655459358	53.42491322105822	55.608421481392355	56.39142197732619	54.65010140129746	9.372526959084215	54.28468682100652	58.516060670539645	59.47726396215524	51.712005772326734	8.981471490372552	49.716582785641	55.13658723639607	57.19563454089885	48.023467070120994	15.94070560543013	36.887478739912275	57.54428225664843	59.115720867402445	39.65435547021453	17.432109051980127	22.357656894675596	45.42794422370841	56.73803094885844
170000	57.030621549492416	8.88513591475064	59.228766796423095	59.53250109093007	59.69026017502902	55.14966099990528	7.866096769047184	55.73321488109389	57.457032070605536	58.4533321024703	52.59765866999137	10.510227004480901	48.90880296037766	57.345793031542456	59.53173411661794	53.1822456699065	8.126771046146434	53.640708277998584	55.805847918124215	56.519852963731275	54.887342578328905	9.13623387865707	54.37521635206676	58.578756687106264	59.476979620991045	52.05790150795003	8.78775897755464	50.4638502972034	55.33990996500407	57.332093396242094	48.33158279690427	15.589171942292094	37.239940008710256	57.56186929420786	59.17749849224306	40.0991132071027	17.19026011026456	23.342360414827994	46.2961305174178	56.74659650487212
180000	57.17962850033445	8.60917510408864	59.22652174093104	59.5270140854127	59.71919923042545	55.23569294469185	7.744095293159968	55.818116892801235	57.576615451585575	58.471883474925605	52.95909465611247	10.227850847740465	49.42536319366725	57.64177246727046	59.527800435199595	53.419283889928955	7.97464926853424	53.8655274704177	55.8601829250915	56.58366121732579	55.04190958662619	8.963848453039175	54.43220723199572	58.62183216940759	59.466548421689666	52.36920758158985	8.566643787388015	51.03853818347561	55.54760266705253	57.42706079875858	48.64593135302874	15.243369525881642	37.72144635442194	57.54386457492329	59.16174283304982	40.524455067219364	16.940043137315673	23.891890998325074	47.294541751071506	56.73914256056582
190000	57.32790368828339	8.289607908124868	59.23766274269363	59.51669662466324	59.70134900688385	55.395197907215106	7.4882006616655845	55.84879742172758	57.619605768752734	58.491894442320735	53.33785952653366	9.949812280839188	50.34178929224225	57.845759080309065	59.53641074647233	53.65874221617647	7.811988359508073	54.26687359866318	55.968161334501545	56.701994490272625	55.25237774654937	8.747083000356035	55.57814254966603	58.66483282892753	59.49634551780715	52.70358711312653	8.350891572549443	51.48771927020507	55.75743128828449	57.48146039708657	48.939175908091144	14.94995533080784	37.980931026304695	57.56037757573924	59.099008108906084	40.95053125794364	16.694014579686964	24.79924548268758	48.28753116929623	56.755963952117796
200000	57.45922726030149	8.06051195902168	59.274594797053204	59.539950095231276	59.72426134414626	55.508023749450494	7.347391769070997	56.31975517802001	57.7612126113051	58.498937002549724	53.68865055207003	9.639423091107272	51.170925062908985	58.7532989612814	59.53657019889185	53.9103035499867	7.585407376228995	54.55083150156496	56.06263146598158	57.09675463877325	55.391599219291045	8.646757923255777	57.437732162763	58.860886284142104	59.510478371207014	52.97393543295758	8.152875211093566	51.92335398134203	55.79093628190485	57.57314212412311	49.22842455746311	14.650118976339895	38.31159371666578	57.56903139665798	59.18714636040762	41.31872646537509	16.493783442119437	25.604218733669168	49.11282201052057	56.76500140748853
210000	57.574274644927335	7.779475559710587	59.30698124421515	59.554313655595195	59.71333557065126	55.61475625943037	7.081797207129448	56.510245350524336	57.80533002826091	58.48179690535419	53.99652393770922	9.35152726986737	51.50193954005487	58.90324883743373	59.54430485720822	54.11868482184391	7.332213071720669	54.74607332885249	56.142112122583185	57.298703687666354	55.53618158533917	8.391305358089484	57.453236801287964	58.81036898176124	59.522319685648235	53.25444114018716	7.9413629812351525	52.279581304960516	55.94081651884985	57.6153108185796	49.473427123287074	14.385695358235322	38.5199200871167	57.568793425405	59.22088818010653	41.7011728295307	16.2472967822979	25.90590275063691	49.55260750934965	56.76895765145623
220000	57.825220895624874	7.293243511513126	59.28321056548163	59.57092712943182	59.740360135481765	55.84945528868782	6.644705391303925	56.60555954732163	57.73779457570927	58.51559993383067	54.32023160808461	9.047703723285057	52.115044194697646	59.128651955478404	59.55743122508402	54.412124191811586	6.923532554026187	54.883915517383194	56.215678865241316	57.58554686425856	55.78192552420065	8.039895285721274	57.5142799386245	58.704541199989976	59.51897161545281	53.525198165871906	7.706700673186343	52.59410595804086	56.049442784118696	57.694069197318555	49.81154932713301	14.022834130105636	38.68738102614951	57.58476630843261	59.236655011391846	42.01180958965193	16.109933728196456	26.902116906867757	50.5236546114794	56.79459006074508
230000	57.97803709654887	6.95884900122674	59.31558001156432	59.57468526296215	59.74734867372052	56.003223930208925	6.406787935241209	56.63245095535301	57.89212231073144	58.53362172677761	54.65799350148104	8.655093388070226	52.6228737605749	59.28179208446058	59.570564974083034	54.63287873189183	6.677073507703392	55.02357469190268	56.292131079537796	57.91105125067184	56.01456639683734	7.697025147761979	57.521148197328785	58.974493015426496	59.56575896374581	53.759558197679006	7.581357047738267	52.8319804026332	56.11416160130963	57.780173175550075	50.0596383831475	13.80709642610756	40.00766764570325	57.59053486360092	59.29179977196222	42.35800223682166	15.944734505654516	27.473621557294102	51.37635466370671	56.81888995166215
240000	58.145167652847064	6.5555891226958485	59.321132112147644	59.59424644659029	59.74506746120427	56.16893225964931	6.122125896650081	56.66788993864516	57.96790002644683	58.54889137426096	54.92858715849634	8.402472936121937	53.037739032196086	59.29038556383017	59.57378284715393	54.83557165644919	6.379850027643809	55.08119226508338	56.32770599071682	57.942962456275076	56.25426310412998	7.313592722981166	57.55604372281567	59.04599673396874	59.57767101269371	53.983880244660995	7.367470649591818	53.02025910268445	56.179670184242724	57.82114870291295	50.28740769296341	13.542095865614883	40.454423411802864	57.60153652204069	59.280613498409544	42.70735859793778	15.747095920304949	27.933980288125458	52.05708851043562	57.002601793553666
250000	58.265554042465645	6.3360447669722015	59.35003326171543	59.60301396481937	59.75691073315953	56.33983851351776	5.887560485480275	56.69670386371679	58.11889284858405	58.574417137985385	55.16499118135226	8.197813502031527	53.46997209223873	59.338691913478485	59.56715465664813	55.007157100963646	6.173821858232534	55.20824302091656	56.428401252552696	58.016452115942116	56.468242276911674	7.099444427682119	57.56498110468989	59.14131428800279	59.58130505472192	54.15228113592566	7.287491172517462	53.343989482900724	56.21466457077994	57.91039967301303	50.50181909913858	13.35100983082761	41.242164230437695	57.6051195012985	59.31434415989707	43.13768049574674	15.441442530312047	28.598627227078396	52.286325878878664	57.524644103315794
260000	58.3132804379922	6.251905932369086	59.383598838471535	59.60743549572338	59.74225989321024	56.4263696498807	5.765878486307681	56.71537896898844	58.19196287045514	58.585835937386555	55.37156186737087	7.9871025810761465	53.67534350017243	59.37135886587896	59.58323843195315	55.15223663815423	6.022677864955774	55.29171958705658	56.51588176968852	58.140077911402216	56.58250282163015	6.938100194214993	57.60223601611657	59.20078293387365	59.59600732593908	54.336692902395406	7.081333607679475	53.61105200481221	56.31454127132845	57.98471868991845	50.71440880126711	13.124542111403695	41.90814740145096	57.620129824036724	59.34963311277664	43.46886379823151	15.193578829915273	29.648297367598158	52.49564687340833	57.55327091664784
270000	58.33798609225477	6.137634851155468	59.37134291994232	59.608521262904354	59.77185509989918	56.469760722992376	5.730838419208896	56.718438124011264	58.26286875550561	58.606423628956136	55.555973908753025	7.7804274789746195	53.83447874051239	59.385422315001705	59.57424677249369	55.2746674704831	5.922016500657891	55.439090711423304	56.56176826230545	58.15428006752874	56.67164548192881	6.861212478567494	57.59378237539156	59.26579457008616	59.61913300030843	54.49610151159271	6.910543923712013	53.86174610334977	56.40806546284735	58.0395309196533	50.94119323783693	12.818927374906965	42.527292397701565	57.62401902855647	59.364949207541834	43.79681683817694	14.909788673589947	29.698938423638342	52.70075044775711	57.66952662126211
280000	58.43706068002398	5.905408088921976	59.408943648466916	59.61075840964419	59.76601326514646	56.57135083822936	5.529332918423798	56.7178462430815	58.261343874905926	58.630952213503555	55.74206588291429	7.550227404831167	53.93425093913272	59.39718846650777	59.584242296426666	55.442424672446904	5.669373267019349	55.581445983512495	56.61257397866537	58.162779263418116	56.80982936971625	6.653260529267893	57.59263198340312	59.234245302811004	59.647763866232424	54.6944964193058	6.674771591040528	54.216870198232336	56.48822598936974	58.086549818772255	51.110707042239866	12.593288448293533	42.59026427913864	57.62756354250308	59.39185122656554	44.10887340810677	14.66038748042641	30.409070068921547	52.835969843978276	57.7963695902611
290000	58.53190167922639	5.603197905145076	59.39851849310675	59.62453160993238	59.77180308354354	56.668551965322	5.356710356545669	56.73383780536271	58.347244872211434	58.63402236834209	55.943574454732236	7.278648547422058	54.10130175729906	59.42910156956765	59.58797236944406	55.58894301205788	5.5131222165846046	55.8030339905559	56.65402931163703	58.215692597312184	56.938316669586065	6.497368923834407	57.631680943127996	59.32438295021478	59.63698835063042	54.868448141842	6.446050667274909	54.459892936445776	56.50362533718394	58.13372183017897	51.3280795646771	12.318253509097591	43.327013980057636	57.635950767878555	59.35495367656245	44.40276847355332	14.445588527282151	30.998364363608474	53.11462850745622	57.90850477386037
300000	58.627602077605005	5.322499848197353	59.4110618412357	59.61592291277168	59.762331744946096	56.79284071601407	5.029263150242798	56.74610805853942	58.37324810632755	58.65592265436119	56.12768497100829	7.032423283645137	54.26314492601773	59.45266363695913	59.59559820304467	55.73193235641258	5.244976693614082	55.902637077169494	56.68056334281329	58.21099675856738	57.07525763446338	6.235695579647649	57.6167256428084	59.359937629172535	59.6459666716147	55.06170257284346	6.175209011812607	54.60161005483406	56.58833428975153	58.174677168197505	51.49550247587834	12.12538828586172	44.227276465549245	57.63189682115149	59.3799798327564	44.697312932516404	14.22015896456593	31.533439811802214	53.445708743737526	57.82495020438162
310000	58.71520474080174	5.128760522711415	59.435508485933596	59.64567191121799	59.77310754433442	56.88962856573637	4.826723888484033	56.760070649112514	58.37543938591838	58.65848265116902	56.32238930078642	6.829154262584709	54.70285397993562	59.47264047693449	59.599865566456714	55.84803936419849	5.050166576451175	55.95667755372115	56.711473802099576	58.2431517331343	57.20547311899573	6.014784537632526	57.647456672804765	59.34559615614985	59.6577626624362	55.2247786208003	5.869633853369684	54.6967037418085	56.63087433499684	58.193994626123576	51.688359170545894	11.88993573185597	45.16846299110473	57.64343852052173	59.385231569260206	44.92663901247401	14.065850492687666	32.261559765152484	53.50865185457271	57.92637540724561
320000	58.79823332338301	4.840992252209982	59.443402986605115	59.64987992468434	59.788519434562694	56.99436177656006	4.605379566313191	56.76667567025847	58.41583653109761	58.66543235814609	56.47137153689218	6.619136672185965	54.953051925844576	59.4747300320833	59.60160642712244	55.97487681494933	4.831349810939805	56.00391551125544	56.73513847371373	58.25553198003041	57.33789969899002	5.806849475626339	57.658956770255465	59.41859915392634	59.66760463138046	55.386643738121954	5.604943428412179	54.73855629547044	56.64047525354862	58.23312425496514	51.88426473089065	11.648551628429287	45.42908112978741	57.6545190115752	59.4662863545131	45.2293104036165	13.845067387362302	32.945176802785056	53.62551215109063	57.9665245229979
330000	58.89250624283213	4.6275045901533405	59.47475306361136	59.66338762589882	59.81170663816925	57.07009763127551	4.463341242682031	56.77726506666495	58.4375847668384	58.67786302836306	56.60951896015738	6.45158449941615	55.34561375611753	59.490268822921394	59.60313460748652	56.0861574192045	4.6627511147471115	56.06167190690625	56.75585270499397	58.25692552005857	57.4584640898664	5.653981833908521	57.66808372263927	59.468450977745476	59.68131549975455	55.52947891486105	5.387268829217339	54.84931640319084	56.674498043914156	58.26670206613781	52.027122816295595	11.503224169068655	46.1331631619458	57.65147316436588	59.4584752906711	45.507692065478686	13.63546955982621	33.227939701119276	53.75771181988972	58.12871350401954
340000	58.903441739592644	4.554896783758546	59.45303802771223	59.652501250308234	59.794538846746846	57.15495051018366	4.370004704518621	56.78681327292265	58.46644124539394	58.6807629178879	56.70437498005042	6.354921408800102	55.884554289633876	59.49508457921364	59.597511967405985	56.17763957739405	4.577647730553502	56.0784359230933	56.780567350661926	58.27301769199558	57.55507233335419	5.504376072553794	57.68324367135821	59.46337112171091	59.680071260039014	55.63975719256614	5.291332525460534	55.0155597852322	56.7348937098143	58.29435256049234	52.14703554322328	11.410503828087993	47.06572367970602	57.656845602361855	59.47503362396873	45.75283158329065	13.447316852758624	33.40521003699722	54.00288476269495	58.23999027118857
350000	58.97790004495561	4.321775627718517	59.47279731409668	59.6692295977521	59.80421216781521	57.23646133095956	4.226640712472284	56.807343209902704	58.491109478285395	58.69867315634898	56.87847683829987	6.007240513888935	56.17319317891332	59.50632282826878	59.61293849900259	56.271338913780426	4.450034132532202	56.09706237896996	56.88278460997776	58.28426722964765	57.66161237401509	5.365159625686165	57.696175928907145	59.49172420329137	59.69418636872459	55.77439879571021	5.066021532864563	55.322778907710784	56.81619598834334	58.32863911364689	52.288486854626214	11.234281078191533	47.31626367265717	57.65918665498613	59.48350699154154	45.99975332454017	13.296734644030748	33.44784124794086	54.21318265577985	58.35360048628413
360000	59.05064266200489	4.165042036397297	59.468215344861115	59.66401125771914	59.80752109044353	57.31552067567617	4.0358714927979396	56.80909228058726	58.51917893130114	58.69251979187924	56.99043144080598	5.835007449917164	56.48524407467052	59.50765575702276	59.613935647128095	56.3841114917567	4.252818402332255	56.13434749378602	57.01327220482955	58.292833763440036	57.75965186251537	5.157443429320849	57.713067128345344	59.526471320830055	59.70185242675049	55.91597735016605	4.829887609848438	55.39226699798736	56.90676698904346	58.34593614060959	52.455648037097504	11.022112335436965	48.60459448865994	57.660127117170994	59.51430813219644	46.24607698144504	13.105977848852477	34.18232836667224	54.36369183166866	58.39857443613878
370000	59.066249774607144	4.164719839765408	59.48383279804726	59.67427422412675	59.80804314300405	57.355122718078256	4.014127426285787	56.81627606696847	58.52762754687947	58.702752441841184	57.06935503716506	5.77100346924976	56.78903599624826	59.515178641317604	59.62447056186636	56.46227243389305	4.182850368084372	56.16096704226486	57.12613006813446	58.32172656411871	57.81126359647655	5.075895029660189	57.70642971717297	59.52580081568056	59.71066707380218	56.01416311373653	4.727693907681388	55.702534578857396	57.045639464246975	58.3714515983228	52.62423005698717	10.779928123005686	49.22862021645964	57.67277693600233	59.49737739863902	46.4700440636363	12.919166662601668	34.754341941850946	54.45170571179217	58.42388528386663
380000	59.078748971384655	4.08876030172802	59.49209641547076	59.66430799509705	59.806872425427485	57.37867326707185	3.9707610839809173	56.81217023898484	58.51916336563391	58.706514379464735	57.16220461205875	5.635661084468088	56.93448673900604	59.52389878991927	59.62491797253573	56.526889472443635	4.128705870836315	56.152244028858604	57.27514627688449	58.32391936828458	57.87092130418595	4.962982149161601	57.716398108251944	59.56067673558567	59.70749520862147	56.12214905339569	4.57390247569185	55.82947069430129	57.17229718045191	58.38690706507661	52.74442885760442	10.616270145611365	49.34365258216617	57.67702374387265	59.52324057885554	46.68088822082853	12.716325817527544	34.97814453144852	54.51790036051999	58.40187260427798
390000	59.10337574100957	4.050714848788241	59.517237196226944	59.68545684281882	59.80084563188868	57.42872221318358	3.918899048180597	56.8384839316989	58.557237693235386	58.71445925762556	57.23660548609314	5.546188770509662	57.092765473625654	59.532418301694115	59.629091389651975	56.604568918728965	4.049408945611867	56.19347095857498	57.363354555731874	58.35843546169937	57.93594338291554	4.872313591097867	57.72718436573973	59.582899219027496	59.720787133347294	56.20867959971538	4.487635926688362	55.91015456818098	57.2441480115714	58.39581214525732	52.8492567443856	10.473780798318808	49.48576879598254	57.68221120375392	59.54296153824	46.886179086178956	12.557551022620117	35.63485776304543	54.698754309742824	58.43680395487662
400000	59.138735912170986	3.9690522035857634	59.511604816506825	59.67863886299492	59.81838223663566	57.47517377702277	3.875488198001383	56.844577022086284	58.57323878247628	58.7201576289921	57.29941945560689	5.453917819896428	57.218817432446905	59.53754174020736	59.628656810457116	56.68439726772039	3.9882900112287394	56.24299074397274	57.47719361678202	58.377366779954066	58.01413473478439	4.75391561144737	57.757901414239406	59.591051011202126	59.726942604754356	56.30611261396005	4.3807672561396735	56.06232775885674	57.37265388398353	58.415116235019504	52.99362035470741	10.274461392803303	49.48576879598254	57.6816551509482	59.55575815329614	47.096206229384244	12.397808367032411	35.80735577622799	54.827777197489155	58.45096457272951
410000	59.17058660722888	3.7946235147948775	59.50694012938705	59.69733057654862	59.810704042126666	57.510062255492215	3.7942248561231797	56.856510722822875	58.58351702399027	58.726424116358146	57.37703851322669	5.265775176796305	57.32558007776926	59.54787282334301	59.63926722238989	56.753459354984166	3.941917127478531	56.243171954111276	57.591610650703856	58.405185731708116	58.06720088777343	4.686618371871696	57.75653946550292	59.594927011557104	59.733244325274	56.386351934842736	4.267509869991786	56.14133654011721	57.48411471014265	58.42665430806345	53.10377724141586	10.076933502035715	49.858848339760236	57.67532709405202	59.56624096155798	47.29242654025376	12.211686468293994	35.94815240821078	54.90153205501136	58.4335024948158
420000	59.20346261461043	3.5789393642415948	59.51987672830366	59.68533671249871	59.809995266623716	57.55192464999317	3.637422592508266	56.871953799719975	58.60850173246473	58.72298216295229	57.46810773045071	5.0539159012850705	57.49142563146917	59.54189928381066	59.635663547093074	56.82980532862252	3.7460087671056552	56.3106649500342	57.649522410886206	58.41622980667706	58.10773261141729	4.617426079496572	57.79644066613726	59.59721889083265	59.73057173322118	56.48090383966211	4.05994963451205	56.17916065010178	57.57722311401479	58.44258335399383	53.22434537376604	9.879066772502737	49.858848339760236	57.67957360462357	59.57580538613158	47.460412763760374	12.066053747617925	36.814222535057304	54.95887462503006	58.45917685087096
430000	59.23766456375862	3.5262402437534504	59.519612087554016	59.698786055131	59.81845244807744	57.619359359085465	3.4685649813213395	56.91940666157906	58.63194043192716	58.72909401701681	57.575715066173295	4.880827023324841	57.598842958729705	59.559751613661774	59.638900075791895	56.88612365761862	3.6877415905269633	56.33339530171135	57.78104894964319	58.41238336555098	58.169332964664726	4.46605786163691	57.87887295046833	59.614560329881044	59.737726935022415	56.58722980353434	3.893431177555159	56.2440946524063	57.61696531886245	58.45306687852593	53.35877983345638	9.753339371569105	51.24378489549291	57.69493333205226	59.583269011111916	47.61309681583417	11.921678781299239	36.99002987110776	55.005490746096854	58.48878980046749
440000	59.25137607615554	3.5266542133306946	59.541185360131195	59.703314531982386	59.831461880076624	57.63504034379161	3.4750297286316028	57.12338390012718	58.62652817868245	58.7358219940821	57.62864714503075	4.795800584101438	57.73499027579211	59.56578830706206	59.6457372403431	56.93274476771386	3.673093341682026	56.39317345501419	57.83259406822023	58.4347751465841	58.21125187549387	4.3819125257207565	58.1237381676248	59.64412531272075	59.74468220114204	56.6454964674452	3.8592871308020835	56.32914108034104	57.67785902882923	58.46186758057893	53.460563256948774	9.599746562280878	51.24378489549291	57.69799559402585	59.599885453381205	47.78920514402716	11.756803026644365	37.53342721902768	55.04367705658956	58.47843892988955
450000	59.25791352897499	3.5246209156764063	59.547017664811136	59.71584402445021	59.84255508927755	57.65494746657986	3.4718572251182946	57.6395075484064	58.65081601100325	58.7414591008697	57.679816414992885	4.731550853538577	57.853329721591706	59.55706302527808	59.64552628086521	56.98055998725116	3.6301525877323124	56.443023151167395	57.89524053264995	58.452423073458704	58.2450738795857	4.324602452901436	58.59389935080054	59.64855465944315	59.744580506954165	56.7088453127755	3.8284238843370524	56.31773301167804	57.72680916054341	58.471825740753836	53.57177421180666	9.428171085722289	51.24378489549291	57.686451930998544	59.61947678187035	47.93562810345214	11.61615848543816	37.981299786884904	55.06028428964274	58.47803791834683
460000	59.254928320611796	3.5253526347045185	59.55418058232752	59.70889361815184	59.832639508747626	57.66373277866739	3.4691586520627906	57.73424530323831	58.64862624047273	58.74348041670242	57.73923345658949	4.664157275551296	57.91987637215526	59.57104957691773	59.6531119184757	57.016837183383956	3.612194802736004	56.43578060809923	57.95478216709974	58.46550727509933	58.27418983644762	4.285711579443272	58.66635013525769	59.65571087410518	59.74878112478541	56.767184602413735	3.778319099811276	56.36230833714421	57.79441632241023	58.479905800212975	53.671481223407255	9.299024533434126	52.22634332100201	57.69518996400073	59.64262611797383	48.09506779051203	11.467506937488233	38.216325837975184	55.088158199118496	58.48455275187609
470000	59.24930730772475	3.5240757699958594	59.52855757298414	59.708864681360424	59.82907729511372	57.67877155717752	3.4671607934787896	57.85577469647739	58.65959548825656	58.75092289916573	57.787577933461364	4.5941937131485915	57.94594098335838	59.57347329382233	59.65013536044694	57.07434527551881	3.554461900152239	56.52895700494006	58.0081242421957	58.476488218501586	58.29869249896931	4.243339659997831	58.789373752215866	59.655952332350004	59.752022051639045	56.82230829210939	3.7457757356015957	56.43086528731245	57.831868967648184	58.49683454057267	53.777914573303114	9.140696089276384	52.45664308025679	57.695869071269485	59.63343563921072	48.2555169214686	11.305858908745298	38.57228912186195	55.114065435289014	58.49754949941109
480000	59.27008589159947	3.526899314549934	59.57054071186962	59.71648332308126	59.83849261248315	57.68533612267411	3.463340027419101	57.759058226746184	58.66000849605801	58.74817022260209	57.826915917462166	4.561291691966286	58.06422901010112	59.57542240520263	59.66228480858208	57.10427178714673	3.5437842264021073	56.5329687038144	58.05549265536301	58.49247578599278	58.3325725692393	4.174423738762885	58.68720837461673	59.659135894163924	59.75738870990525	56.87299173917444	3.7098901696662767	56.47469449489601	57.89193697709851	58.504602346562564	53.84073682989249	9.067479637904297	52.45664308025679	57.704638560450874	59.65629579276535	48.407107072042656	11.162740886337001	38.924350732806815	55.12395281978843	58.50770833523201
490000	59.26458544165827	3.526892573486359	59.578030186221675	59.71712031905767	59.828103464881586	57.705189945821544	3.464759524895673	57.842518437862864	58.680119736439835	58.757930345376735	57.87553818732434	4.508547160024227	58.19948648099483	59.585818077067785	59.659849733799575	57.146554458201614	3.51610414644737	56.59482414612917	58.07881590968579	58.50486098732361	58.36434154518325	4.097249283611155	58.73850909427487	59.67328843918359	59.763284833634046	56.92219633311677	3.687911859994049	56.54634378278338	57.91521742739152	58.515217813434745	53.91797310400699	8.97085978515027	52.74703723717184	57.71108253192294	59.648700771394864	48.53794610586324	11.031007245478186	39.015513794033254	55.20096643948092	58.521018918982634
500000	59.28588301289852	3.5267439883912464	59.57949657556856	59.73536596830863	59.85073959507163	57.716912515551506	3.4640584015644373	58.00148459276311	58.67573757163049	58.75766433712406	57.9244484016692	4.452911073701632	58.276788515740236	59.591276063556265	59.66561870691629	57.18508604854221	3.500659037095489	56.6452924184034	58.12173548308748	58.51356195233125	58.390059726390255	4.079553749471302	59.007180147601574	59.673327680514824	59.76133862589974	56.96648235328501	3.668150366241014	56.59564378903222	57.9574095399375	58.52382353694885	53.9881042024165	8.87318182778898	52.96932025180608	57.70703174396577	59.660053665782996	48.67210253612814	10.897564016627678	39.29036671848472	55.2061408854811	58.51961740483539
510000	59.276050288672025	3.52320674213847	59.57441875226019	59.72128186565848	59.8492648872241	57.734274113013164	3.4613828408355225	58.06289445024038	58.68883730005514	58.76117380440038	57.95924006816088	4.397576290449637	58.58958520183764	59.59183665584637	59.66987553528883	57.2153084406081	3.487667853155435	56.665645490692356	58.15750738213892	58.521759492172094	58.41676908464862	4.0531223017733256	59.103072540755896	59.69081607475144	59.76156832897856	57.01351323974826	3.640744747462829	56.59485855768974	57.9972038304875	58.53238194390155	54.07852395610555	8.738763762864547	53.15672932684389	57.715536887010956	59.66766723352903	48.8274627428249	10.717018736481965	39.80788064852068	55.223799594952006	58.53162315700387
520000	59.281265892081144	3.52459564430338	59.57809748807091	59.71974239721762	59.851003470904544	57.747963223222314	3.4601952463513115	58.13083639860887	58.684986005004056	58.76146568076226	57.99092038849898	4.370216799187069	59.11901286344089	59.593081029068316	59.66988722085731	57.25077387476171	3.4799300944489975	56.69634609070861	58.18680762935102	58.52647559547341	58.43562009658407	4.037313615101675	59.14776736261668	59.68539091470571	59.7670595373905	57.05389274189291	3.625367915728083	56.62050470457467	58.01769956761731	58.54526370337015	54.169353192329936	8.602783300492508	53.45224960587282	57.724620757894	59.6572185625122	48.95510242270106	10.596018933301767	40.26765754761655	55.24709926021418	58.552809840294614
530000	59.285466722298395	3.528164574452656	59.58948512766527	59.73035520104642	59.853561128468996	57.766354170762995	3.4581508504611636	58.181420375441704	58.70121112890004	58.76764395574364	58.02890679461894	4.342270551307972	59.22049610691007	59.59289201895656	59.67628018344491	57.29373302567671	3.4688712420543153	56.75143811855236	58.217054388620454	58.539030245044685	58.46295443876937	4.028695950410537	59.154453302806104	59.695311673867295	59.77543424220866	57.09108746888455	3.612770883525555	56.63587044515816	58.053050863271096	58.555618199632015	54.247887334131335	8.471400934969127	53.45224960587282	57.71644573824874	59.66607658180773	49.058161517155824	10.51311935340622	40.37287666796309	55.29523134672061	58.55310799667737
540000	59.28496813240053	3.527271627165114	59.57714286141892	59.73432011455995	59.855091879381	57.774888978011525	3.458656555189168	58.17719985832036	58.70441645469022	58.76543035209295	58.0631143351478	4.27863474348676	59.26285666777569	59.59605001536283	59.66994794937284	57.32666810948393	3.4617222580037543	56.781276474484606	58.249216563119454	58.55311427552893	58.48141942262259	4.00717924474088	59.26167877425137	59.698125969306346	59.77253863676444	57.12356543620727	3.5958408959707695	56.64975266883971	58.07914049629544	58.55949038882919	54.32310806872301	8.352163732400985	53.52933118115148	57.719897566828664	59.66770556845174	49.16989289292347	10.397978716375254	40.68360225240254	55.36120618859405	58.569239183838235
550000	59.30275230453857	3.528305245213862	59.59913697476591	59.743223466830386	59.85783111850626	57.790717266769775	3.458334058977727	58.31628895950526	58.7063881642878	58.77303421141376	58.104893856262414	4.260521454894333	59.42787383928882	59.61364811408516	59.68447935671818	57.354355683591	3.452222931546079	56.78865721060776	58.27635597587143	58.56531067816688	58.51459795363944	3.9800487946998446	59.34997962891094	59.704875348893836	59.779230661496406	57.15905100217056	3.5861505930513884	56.6654220656165	58.15078845590488	58.56833112970397	54.411937640821336	8.23861905202213	53.877416984424066	57.72616850558874	59.68087894443728	49.268440071117205	10.309525317365733	40.9886031585737	55.36775999557178	58.58523394756958
560000	59.29464461700783	3.52811462102137	59.59534658443403	59.735173275958815	59.856184456834605	57.801180441807844	3.4531271062852484	58.31388743328314	58.71069655791524	58.77353699705168	58.12985348736572	4.224371937863426	59.401275979611455	59.60281238000843	59.67821084880053	57.379837024928186	3.443322444773309	56.792825381099	58.29657350158778	58.57023425236633	58.524994783860485	3.95109726620295	59.358247653431675	59.70214736494146	59.77733852698701	57.1976488445831	3.559488452264035	56.681766247185216	58.17494326493079	58.57640878603591	54.47562580121502	8.148501273795972	54.07456747298073	57.72872074879604	59.6948172871841	49.40524208670763	10.156949306095786	41.251824089448554	55.38264335881013	58.57409283284479
570000	59.30100626559867	3.5268500047499973	59.58852652934151	59.74625589511193	59.8631394084151	57.81051662764664	3.4544341883215863	58.34997618982867	58.71280157770376	58.77674928803813	58.17043560450928	4.185043612238824	59.43650084293595	59.61322670326072	59.684623445653045	57.40318214248855	3.440341245650051	56.80965684197794	58.32354136505276	58.57421149835246	58.54265572329021	3.937337648273804	59.36086663580754	59.699276031530104	59.78317511981242	57.22603423855863	3.549949046551667	56.693193664557	58.2000075229242	58.58201583899275	54.53997513695765	8.036213645666267	54.123860395184025	57.72543107871505	59.69602422114504	49.529351711168104	10.029744618922368	41.67989972721716	55.38496348968201	58.580089112098804
580000	59.29284850242828	3.528238944853988	59.5889186450723	59.727753255552145	59.85653833917195	57.82632870727195	3.457530321679339	58.403529274190525	58.72036233200036	58.780811593417155	58.196882841514324	4.162292278228101	59.45069583883037	59.61828466614452	59.6886173482183	57.43262847414492	3.43980324446476	56.82043715053804	58.34555134014484	58.577695846979324	58.562908424204714	3.9351435270408146	59.4048357558627	59.713506196955976	59.787036427970236	57.25663818141589	3.5488685324224916	56.71338332845605	58.22019842078873	58.59242097583147	54.61418431263005	7.941495097209849	54.347791556961724	57.735537826435106	59.699636036482154	49.63679894109222	9.923074806699997	41.81113264579221	55.40694941103997	58.57334915613681
590000	59.305191238537546	3.527411266679209	59.594675540641425	59.75677973996555	59.872157935962214	57.83338345503097	3.455934521017359	58.416457502550784	58.72470052793298	58.78157569502395	58.227070849934655	4.138666124260441	59.47715896937238	59.62899770394429	59.692892726949154	57.45656518398009	3.4362218659320147	56.82923265193928	58.36856818364686	58.59364628822621	58.5776599778166	3.9292125380365914	59.43793830184872	59.72847120439823	59.79012731858442	57.28322330107232	3.5390212840085433	56.71918986934719	58.25197729319741	58.59948013237049	54.697216292159034	7.80437177807255	54.347791556961724	57.73540219794545	59.71197969888623	49.72382844091287	9.841899028024304	42.00227695901219	55.410226354655634	58.60585629629615
600000	59.319238538701974	3.5283201870829712	59.62689035368236	59.76408152001276	59.8672120251439	57.85481519408666	3.455748926709559	58.45962386561628	58.72679843740555	58.78584449463363	58.25241526624086	4.114365928478267	59.491900385441085	59.62853832242846	59.69142925573405	57.47664535518847	3.4367453175622598	56.83411410315501	58.384572284710686	58.60468149387114	58.59519325667617	3.9121628664367605	59.45647218355726	59.725839181678296	59.78949099544622	57.313353206519395	3.532355499613669	56.72976992479198	58.266583454342864	58.610168840087375	54.771965606921185	7.678762005048658	54.66792014889806	57.732671157113955	59.7187906303525	49.8292336835416	9.712227732793828	42.118950226668154	55.43232781862136	58.58556811889536
610000	59.315681721004694	3.5267278316973822	59.621615502839845	59.756655654716155	59.86755881899723	57.86327135046475	3.4527466373455553	58.48887985509091	58.73486373881731	58.787945027864424	58.27147327189758	4.097281459586851	59.49711144654044	59.63054217972985	59.69403484622289	57.49548078371265	3.4306948569058484	56.84723238337429	58.395380085316305	58.607675840708055	58.61281519152116	3.894836675861276	59.474050372522214	59.72644674633341	59.79513831596047	57.3405874312921	3.5251311025293557	56.76277799285918	58.28156261341912	58.61651989045435	54.835091050844596	7.6037536578613185	54.882121712580926	57.74046032170801	59.71191809316444	49.95432422749468	9.57838004012039	42.240556459561226	55.44977100919654	58.609829305251495
620000	59.32845297037016	3.527975688404502	59.63144295244039	59.76812001231878	59.87938612549067	57.87096106939851	3.4504746272321887	58.48646207744848	58.73317075932877	58.78961071931249	58.291633459645595	4.077108773959909	59.49702034695535	59.6266424328652	59.692024747159294	57.5186273568955	3.4291026066328794	56.97246545633257	58.41306829067716	58.61122616133011	58.62862946381893	3.8803763986837048	59.48465706906467	59.7293683003653	59.79751884103898	57.36260371214613	3.5202545831510053	56.76810579176228	58.31585398154778	58.6210313440217	54.899415599403646	7.508921585230892	54.882121712580926	57.743344804412416	59.710686760641416	50.06388561715199	9.465687179691532	42.47820190716277	55.45509018245782	58.59167051199592
630000	59.32237792037723	3.5283823190836348	59.628625656518246	59.767905557751405	59.87990635087976	57.895808289108096	3.4516624364749267	58.53967804842404	58.74210662365892	58.7986057896604	58.32484375120057	4.053933484589025	59.50313778510334	59.63665407879568	59.70336752487886	57.54765038920571	3.4267230179555397	57.06736210392526	58.431619789499145	58.61913486829862	58.65875842933508	3.866852197847447	59.542900772596276	59.739556634298296	59.807115728989814	57.3856625114717	3.5171879997441886	56.85351490833639	58.33181706909791	58.62644887270677	54.96113617685612	7.446976484389318	55.331021168105025	57.749107198480345	59.72904210330698	50.15876267823819	9.371339994454512	42.89841364470136	55.46144005800237	58.60800308513785
640000	59.322573254699634	3.5277049795433895	59.61637739647176	59.77059543531868	59.88764466657617	57.90476028515626	3.451338437024536	58.53407634901693	58.750098061594386	58.800831663620045	58.34157371364377	4.040685986753451	59.51579371986482	59.64124703108368	59.70423934930976	57.56314851004871	3.4240661694200476	57.25092830824748	58.437132422298156	58.62099001277933	58.66518273180246	3.860851693353368	59.50072443193245	59.74488476713627	59.8022808888926	57.40859885628885	3.5103364939261934	56.93855865751576	58.348034360992415	58.63072474427822	55.00204961215311	7.404797277647337	55.701879918781515	57.75039262745609	59.728954483793366	50.251273900504565	9.272711477028798	43.11185721934478	55.464261367119036	58.622886798990955
650000	59.3266034053169	3.5282136474675205	59.6365715082321	59.77785187820979	59.882520530328414	57.90910852250124	3.450091019545146	58.5497855413015	58.74993155284771	58.79969572991021	58.36338629430082	4.026459878566095	59.522858074900206	59.63671917487473	59.704825002911804	57.57840920275079	3.425870525247136	57.304616340225614	58.4591151128438	58.631691876267894	58.683374732776784	3.8536099159364494	59.56384985602651	59.747407479127496	59.80561538681455	57.42981668108303	3.5033787348292442	57.02921322020522	58.384692575392386	58.63813661536024	55.04902290763344	7.32892184651042	55.701879918781515	57.754667509474174	59.723845342001354	50.351975008417064	9.170926766754826	43.44673488954596	55.47734891315143	58.62440652654719
660000	59.34343100633469	3.5263136938293753	59.64925851662108	59.78221205697672	59.887751257211875	57.92038741894318	3.4517515583880454	58.572934027140704	58.75464984084	58.80178275472973	58.382733107214094	4.009226259118164	59.523899213422794	59.648038729727915	59.70366387810121	57.60397836990764	3.4202236189203163	57.372397392216804	58.4689385698472	58.63895245987112	58.69121107283317	3.846634710290953	59.56021860571393	59.75090802917691	59.80609455659479	57.451962838512365	3.4968419966398767	57.05609088437312	58.39209412778186	58.64455682732431	55.12470040936263	7.2486181659650475	55.798845048408396	57.747203974099676	59.7293643429089	50.41272100771654	9.12270923125928	43.49695585600419	55.48247226463066	58.641599693885915
670000	59.33758691095138	3.5288214523775028	59.63039644604038	59.77697642435214	59.88670450452865	57.92313862472845	3.449022352455617	58.539974006082744	58.75111825792702	58.803391819395266	58.40618792726129	3.9975854193286513	59.52341958384495	59.646722204396085	59.71216210113672	57.61448685668805	3.421209993451299	57.47549042258264	58.479007794220976	58.64495629280843	58.70847835949973	3.83336222746317	59.590152330092415	59.75269966991	59.81160509877294	57.47107762249753	3.4934736139138756	57.17797744031901	58.407981401718345	58.65168845374016	55.17208614777822	7.187811980509648	56.1610951856085	57.76115904125569	59.73541125008799	50.498817704396124	9.03704758156464	43.58558574148048	55.4934473621645	58.62429657210987
680000	59.33640062198163	3.5245076623923546	59.64106056732219	59.774951440124944	59.896592858077675	57.932798433772085	3.4459450009359043	58.57404025993125	58.76293634573659	58.80663208502136	58.42417473911573	3.9860984772798296	59.54066981892416	59.649902063316816	59.71392603451721	57.63358223257183	3.4161345098922022	57.57480634008125	58.48764320640268	58.64869597105466	58.704413028196484	3.8292796702964895	59.565993155977715	59.75263317195583	59.81071017224147	57.49427056942547	3.484207228290064	57.223261519580234	58.41719734680066	58.65608384545294	55.21730498617704	7.133488587248056	56.26656377204302	57.75744620162996	59.74121827340794	50.56594347542029	8.986948275786814	43.69685919344906	55.50400906294145	58.65059987052213
690000	59.342041320377746	3.529785823714053	59.64770664642759	59.78348107528321	59.89642934378348	57.94360899699536	3.4477019790151107	58.59372888205887	58.76719240063643	58.80891818072044	58.44086002396886	3.967081008260963	59.527859437656005	59.65302419502814	59.71291789698035	57.65398685504771	3.4181770070141515	57.613506047998946	58.50060964532119	58.658478349707494	58.72150831115624	3.827070457677781	59.595592135552465	59.757737563192265	59.8142129155514	57.510461562940264	3.4838500719174714	57.2844495205474	58.43269943045456	58.662392113109846	55.25679677623074	7.0751791341657375	56.433765707700196	57.76240482409443	59.74316328297043	50.648493282944465	8.916056929407983	43.86202133137758	55.505873847331664	58.63675444021234
700000	59.347114725621054	3.5286342755405213	59.65129616073554	59.783343518545635	59.89788813441982	57.950810272396566	3.450113374159968	58.58888615983741	58.76330447416581	58.81226163716401	58.456181117479034	3.960526989510425	59.53947460253059	59.65202878317445	59.71758904498634	57.66979173353138	3.4166246169526433	57.729113896697264	58.51804786252637	58.659542697505	58.73275889411636	3.821368293502657	59.58515407230854	59.76070287655733	59.82228471353132	57.5330169214456	3.4760558786347535	57.329034203608856	58.45214673536827	58.67095833801434	55.30265331808224	7.036822867023691	56.482825582704464	57.76589115554606	59.736717395562	50.734517435189574	8.829448788803962	44.1571459460491	55.50763808302647	58.65763568924971
710000	59.34466480873124	3.5297740133023323	59.64780852695462	59.77780331980527	59.89074013282923	57.95474869785773	3.4492561711599636	58.601580266573166	58.77013645019399	58.81578483332022	58.473101534474395	3.951494837044404	59.55055370275678	59.66184143733568	59.72221971159921	57.68461873813422	3.414810703408866	57.77014916297579	58.52114847922672	58.66666605831952	58.74077660647326	3.8127023564484914	59.581651394995404	59.76456492123877	59.82200602448145	57.55244542947455	3.4699277818249774	57.37743302735251	58.468873881972016	58.67389747937602	55.35513476474077	6.962700811513066	56.482825582704464	57.77364218209413	59.74986151643556	50.82174551700235	8.728455375898713	44.2187893355357	55.50876460445529	58.66362203711698
720000	59.34376659962986	3.5309717986625064	59.64975146075699	59.79630800708506	59.90832323654461	57.96281182648501	3.4519122638900868	58.59598212169983	58.77550950255463	58.81537916893818	58.49662767201994	3.9421414804284853	59.55659426271828	59.66409258897455	59.72457629037172	57.69483222983509	3.417784797879048	57.79243616429766	58.53634619337096	58.671767289458344	58.752661193951845	3.8085125455185223	59.60210282996534	59.76942967638149	59.82437455848371	57.56593493607355	3.4627309266753046	57.416007663186534	58.47844017283221	58.67672476122622	55.4069812265707	6.866998372551883	56.55436036095854	57.77480581792484	59.75749417641654	50.88330941557672	8.680941082032438	44.496983526490155	55.5116405068575	58.67647916879166
730000	59.35854739607425	3.5317491976987494	59.667882825541255	59.80137413676588	59.911922643621466	57.97181042122874	3.4489827110797724	58.62961084849078	58.77456194878228	58.8188557652712	58.51776444020007	3.9294753348076443	59.56433665834088	59.66686976454498	59.73300134424713	57.7062141605793	3.412508845660441	57.83191154483245	58.53961585279552	58.671629262082334	58.76641877103276	3.8065978858175065	59.6197062798889	59.77396285629262	59.82797563237264	57.58661813423582	3.457764038281702	57.493337648298485	58.49163308094574	58.68020322148208	55.46465254478433	6.793941449887897	56.56553792620865	57.78439787241675	59.75551888313814	50.95616816783002	8.61014071795868	44.58631539116597	55.514306821486485	58.6798665287638
740000	59.35928940577669	3.5301493099812427	59.676313987400945	59.800651722278516	59.90105341994071	57.96968693869554	3.4458463212592996	58.6052651121645	58.777469231518694	58.81790121495659	58.534792374807516	3.9217693655697308	59.57695633611945	59.66834369979981	59.72941210872721	57.71726730284425	3.412076022210615	57.85697543970847	58.54682678100836	58.67531280204618	58.770257431576155	3.8051238557996077	59.64073577679381	59.7735633533072	59.83380169252815	57.60138718304132	3.45664873847329	57.57007824846625	58.50089718334934	58.6843052336889	55.51296008305593	6.720733507208787	56.56553792620865	57.78646389879788	59.76308525040047	51.03786947512155	8.534634740093674	44.73683604558863	55.51930720925313	58.662205992281955
750000	59.36816274941935	3.5326480108998863	59.684304624709995	59.80324203792232	59.897328780582114	57.982057634223544	3.444986565653913	58.638085512204505	58.780354714993344	58.825790625119595	58.54794759923667	3.912200384411724	59.56592594347184	59.66879887980771	59.727139389651775	57.73034838884692	3.4129440516382696	57.91629333469543	58.56017585361961	58.68467027547095	58.77577879377942	3.8033934039741673	59.64591903245012	59.77476900713536	59.82708383521133	57.61858684141584	3.4545242701143666	57.623717360012016	58.51243263910557	58.691574229679205	55.55947263498561	6.640590735630287	56.63733820416775	57.778451549356085	59.757818072727	51.11393463439517	8.447235126928218	44.843410059424606	55.52222342347615	58.67809798117169
760000	59.3658044364432	3.5299168628788107	59.68177023268344	59.803905545864055	59.905440709957944	57.992319910335155	3.443191406562159	58.63348032195102	58.782784135812484	58.82474645921647	58.5663639440279	3.905840876254814	59.58607010712089	59.67462878422966	59.73590917250134	57.74410607050269	3.4073231764872096	57.98382758327996	58.57216641081369	58.68890269416955	58.78991358972444	3.800446285483992	59.657620261630875	59.78134141964554	59.83157481718885	57.63459964685557	3.4467008339351826	57.681887331583944	58.5233297861866	58.69566039755322	55.61770474374551	6.5480406626323555	56.69495102228443	57.776708687145955	59.76361632891941	51.18910231778893	8.367980066587084	45.064435957218976	55.523950562557744	58.71458132384648
770000	59.3705025427638	3.532680546485472	59.682829342663695	59.801793487209444	59.911519328973235	57.99546179871711	3.447827055649339	58.6374741083124	58.788773472478155	58.82616998081164	58.57683776367436	3.895854886894512	59.581096096680156	59.67580605421885	59.73404978472154	57.75840955849245	3.412526287749496	57.987540280931555	58.58267382516607	58.69087278001922	58.7981357952295	3.7953544319486636	59.676045617504116	59.78339091117198	59.8309321563889	57.650206872753394	3.445853916110887	57.68983263756051	58.526222512453934	58.69860277609704	55.67093756043402	6.482146838082289	56.69495102228443	57.79108651544221	59.77511191516155	51.252798127116456	8.304589727441252	45.16897688428911	55.53479812102543	58.672677793355994
780000	59.36733048393496	3.529958118691335	59.677021675822004	59.801987969446394	59.90585911138064	58.00331020224267	3.4473500000109505	58.65454631934949	58.79127998318326	58.83079277811429	58.58411822566009	3.887838533409873	59.571680982247116	59.67305819503907	59.72893363671488	57.766598909716265	3.411192847300922	58.00061534866748	58.58303335960719	58.69692513319108	58.80220536638785	3.7926146565498056	59.663163146161324	59.78181091093868	59.83481559136135	57.662210653461955	3.441065523221195	57.7004822405706	58.53444094152004	58.70281061799529	55.72431155636263	6.40555270385524	56.69495102228443	57.7906234857968	59.77234997357676	51.30714646994082	8.254094161560571	45.25019074432107	55.53545825308561	58.70115749857484
790000	59.366335517497504	3.5299013191274535	59.68802283862588	59.797876559944484	59.90425896006512	58.008555206059185	3.4452615402248448	58.64980258253135	58.796103548812866	58.83514982215489	58.60444535653073	3.8835002675103336	59.59585567319918	59.68485609931196	59.742987679730156	57.776212223460625	3.408481718252814	58.04544274468699	58.58579200146026	58.69845965367475	58.809326507642254	3.7921573834881714	59.67374564367845	59.7891994110191	59.84279435010176	57.67581546639653	3.4382784172167895	57.77594041580091	58.54275080212498	58.7062180979054	55.746582928703475	6.360383728312979	56.69495102228443	57.78902898366404	59.77616791036412	51.374218604663035	8.199337974213044	45.26199088296539	55.545928933862804	58.71484273434717
800000	59.37740197783166	3.5310115735481107	59.691268357845374	59.827568956200665	59.91703282596781	58.01044006523079	3.444494025569699	58.665560367091864	58.79501700873752	58.832659724930004	58.6062115082408	3.879860870046786	59.588251409406205	59.68303631345269	59.73880381073682	57.7917732916858	3.407141620747498	58.08501621065654	58.59648167436731	58.70437816406301	58.81771752418662	3.791259541387646	59.675102784018534	59.794002270458634	59.84223333141697	57.687911111905365	3.438294802239142	57.796476757600885	58.553767593914	58.709046911064135	55.7846146570449	6.312686907735192	56.69495102228443	57.793589936584354	59.76904128345924	51.432428305844546	8.117613889498713	45.30637680663292	55.546347598464365	58.68141054419095
810000	59.378909826121784	3.5297897924729726	59.69832571241694	59.81149322770102	59.91038721112712	58.02240269364694	3.4437180883483314	58.676803429081495	58.80019420483806	58.83582672472892	58.62267893571797	3.8737248408065375	59.595504600573676	59.68687639924049	59.74075104656849	57.805665133680314	3.408790398981663	58.146878717915804	58.60469053832668	58.70844692420408	58.823403881522864	3.788630467144237	59.68940783144063	59.7912944231202	59.8417998528124	57.701978725483244	3.434645510981663	57.80921925981105	58.55724417235834	58.71415460984594	55.82745255424955	6.269185534951007	56.69495102228443	57.792250207812614	59.77927482480466	51.49849341694253	8.06312414262177	45.61202298074061	55.55309450916674	58.71763030468348
820000	59.383759068964466	3.530125459406328	59.70480210857175	59.81479255863934	59.917067618348256	58.02118754002338	3.4427711812212722	58.66947577245707	58.79747006857302	58.83544615895141	58.63818772218346	3.8674201306727336	59.59739865464684	59.69229769952041	59.74747199448729	57.815522067453124	3.4083496941679727	58.15909481479669	58.60660063691592	58.70897509949256	58.82819468840154	3.787312842270849	59.68701511084696	59.79855117057978	59.84366484341925	57.71738927408178	3.4352697504953937	57.83043486503645	58.56452659384341	58.71748903112106	55.866586125995816	6.232878217899055	56.69495102228443	57.79913745690928	59.7880852281616	51.57173722012692	7.980853535300908	45.77502698621484	55.55678491952611	58.71638304508816
830000	59.38669338302144	3.5311987700021255	59.714001816903945	59.82078402066028	59.925367480721405	58.03443835043875	3.442422010061109	58.70078406806202	58.799533776337526	58.836340012711766	58.65224705790026	3.8590470720086114	59.60617207723072	59.69441835712961	59.74711669078505	57.8233255715524	3.4045965288475495	58.161870065769506	58.61110665485956	58.71435902318301	58.840024353809255	3.7846508289518783	59.69479494362569	59.79269057207783	59.84595767165379	57.72596283003148	3.433917132927929	57.92578930386707	58.57344104953201	58.71904418922404	55.88581236300322	6.199132729687504	56.943000635864074	57.80568635395632	59.78838515246153	51.633469313613936	7.928440411987267	45.96018367312991	55.56155982540491	58.713699832478405
840000	59.385155212193396	3.5338746676196893	59.70379719574795	59.82356637436231	59.925849839577694	58.0430223299271	3.442629239709564	58.71507596049619	58.804957620915005	58.84067118881011	58.66571160340062	3.853692009325862	59.614074165869944	59.69489202590105	59.751882652593636	57.834518736298556	3.406875209186335	58.22369319162537	58.618305830189975	58.71772062050702	58.851193213811385	3.784091815939526	59.70540166501871	59.80191677836383	59.849274000879646	57.736457635890076	3.433230562144938	57.937056042150644	58.576182671580966	58.723403493247254	55.927175938052564	6.155416491199231	57.10272415301378	57.799909292979834	59.793624227621265	51.697295317527214	7.866967751948041	46.173010965017184	55.56844491814677	58.72979366114639
850000	59.37521349733996	3.530389644449922	59.687170194640224	59.81304468064997	59.909745097365885	58.051190202972265	3.442585049140296	58.71805742594897	58.80902925781219	58.84349836907275	58.66836356159119	3.8469852237993574	59.60654482686186	59.69327908526394	59.74709636376622	57.841361414927384	3.4056906014854817	58.227863974471624	58.617518665296664	58.720281617919554	58.85665399298361	3.7803590596401717	59.70352990198839	59.803336445531585	59.849335896462975	57.746297462871155	3.430668574227347	57.95151591611455	58.57873699386314	58.72577856148203	55.96184638660533	6.09759887875971	57.12197447602171	57.79814077617638	59.79672796168639	51.76024003267075	7.804585740310246	46.24001474652961	55.57437057124808	58.732789354052315
860000	59.38918972082558	3.5313903277871024	59.70714575763295	59.830492196011555	59.92465555509226	58.05098257199269	3.4442162645496217	58.711820461637416	58.80460971466061	58.84426242352312	58.69149934252093	3.8430964491052158	59.626285806475785	59.70326829890916	59.753477778570144	57.8520247679257	3.4059785657375112	58.239073643751254	58.623335210975895	58.72466104062175	58.859878131604425	3.7790193565082912	59.70854784528599	59.80238732884039	59.85400282367249	57.761129600461594	3.4298954498621517	57.96344945687602	58.58902233582677	58.730195435978665	56.00237133083277	6.053020337402005	57.12867506638529	57.80481952476704	59.80116813316573	51.83245674128629	7.723152752871447	46.43789328110497	55.57830649808962	58.72373992549975
870000	59.398554401500014	3.5309941498359603	59.7132733930935	59.82727858727337	59.91796690594787	58.05803131869736	3.440597215486315	58.72006794601079	58.81230380499959	58.84752148768479	58.69755406031165	3.8392990686082036	59.61888438080421	59.699806323656254	59.756065664345414	57.8564414762271	3.4041521734949596	58.27197709347794	58.625134012486626	58.72454630059983	58.86861494627571	3.7768622333720003	59.71843928101896	59.808386021716245	59.85366758254547	57.76939455892999	3.4270972969264726	57.97558321679542	58.599093113391014	58.733011782833955	56.03789694544695	6.0043142628822626	57.12867506638529	57.81480448726464	59.79524732956487	51.89259337831747	7.663645699159642	46.47401347464212	55.580510522281294	58.7378281775537
880000	59.394009844993455	3.5297172063982862	59.71533777384608	59.833236209161015	59.928580380044274	58.065998478218845	3.443991725848054	58.72047066358596	58.816184569945634	58.84825832124707	58.7087097670014	3.8360588975401835	59.628479200904664	59.706390568475	59.75843418779911	57.86423807460299	3.4028714567072265	58.29557895401502	58.63387505559662	58.72544744053679	58.88007922246527	3.777564765296591	59.733371968353765	59.8104542444197	59.85652107890493	57.77793929218709	3.42650909001518	58.018439146288934	58.60419072732224	58.73469853055781	56.0674904704336	5.974401519486549	57.12867506638529	57.81997080625699	59.79825958600443	51.94329028459441	7.606589247145545	46.550647143925474	55.583571511840304	58.70429900677037
890000	59.40397775628548	3.5315751469849634	59.71776560252071	59.83839980067541	59.93631742009739	58.07211866291696	3.4429941958056665	58.732163410706555	58.812609765419396	58.849244618437574	58.72303185019173	3.8309686975595416	59.6397008673592	59.71261084297192	59.76582641881951	57.87450813917295	3.4047089645430506	58.306083040553915	58.635581988695066	58.73151223761921	58.88469809362362	3.7755994142986005	59.73385096790405	59.81261579710382	59.85807623407176	57.79095675462409	3.4234924651812433	58.018439146288934	58.60816200315919	58.73760365658566	56.10353089620178	5.9290266769281486	57.12867506638529	57.81456537981962	59.799279550521504	51.99480107761144	7.566015841437078	46.65132358501011	55.58838745233441	58.70992712823481
900000	59.396861378954966	3.5316668334807098	59.70750552663934	59.83705465209319	59.930797759698216	58.078155784588276	3.4415944036946957	58.72815186258281	58.81531043600833	58.85042557082964	58.72472403008092	3.82599715191329	59.63711993514322	59.707106316550025	59.75474802604115	57.87926019883892	3.4022512606270108	58.31511700209304	58.63860121500463	58.734554052347704	58.89361370580392	3.773690449762174	59.73895637510989	59.81142170228306	59.85405204258652	57.79902089544556	3.4205001953288754	58.043002514431926	58.61672362284759	58.73959127215805	56.137572893565974	5.875605482210139	57.12867506638529	57.8121287743853	59.8073452798253	52.042807404161756	7.522439120505322	46.933580024924055	55.5908676354987	58.71980349102637
910000	59.394698102677374	3.528147894869665	59.706354526260775	59.830254609611345	59.92144663276433	58.08814645885721	3.438952603406485	58.73730911888638	58.822584387212125	58.853213192626285	58.73320803577514	3.822586051578548	59.63614245448274	59.70773039664583	59.762420083760425	57.888956223346696	3.400916334950702	58.324776068021514	58.64125445570972	58.737271987472674	58.90054375322049	3.7719036223118785	59.735612766006085	59.812693993228805	59.85990549023286	57.809908124362956	3.41817153623548	58.060081982479524	58.622057264290916	58.742992255486655	56.177007851092554	5.826385006947265	57.12867506638529	57.81616469520688	59.80833177231767	52.0945860674405	7.461200708834615	47.09306312266318	55.59430038605129	58.70943262541209
920000	59.40502306793937	3.5323673520195187	59.72145585644553	59.84365021328759	59.9382664105552	58.09489294730836	3.44224995359861	58.755844063020504	58.824070112316676	58.85554078866726	58.74325724057236	3.8207019848783883	59.644460911189675	59.71238956123579	59.76617549542243	57.89427917401561	3.4069897712260278	58.346988998384134	58.65143439226486	58.73951133896571	58.90981336176589	3.771307624515547	59.746215828444825	59.82188370269398	59.864563029485815	57.81905319378335	3.418377102353321	58.06117846194503	58.62711560039415	58.74624388605701	56.204757028468116	5.795591650078065	57.24122434851253	57.83189823435052	59.81366820843695	52.15326347725336	7.407680990827436	47.1095757387987	55.60011139654766	58.73105044901238
930000	59.40409572146486	3.5328829804183868	59.723758082541025	59.84530024611596	59.927944678519665	58.10294251544685	3.4400332717419384	58.75967867319719	58.82557555253162	58.85578216269019	58.746515000969545	3.8168672284919754	59.64374795505468	59.7147775783102	59.76656662579365	57.90273683109649	3.4039406222465014	58.350467968117286	58.65682788254581	58.7421486034278	58.9164525483984	3.7688719240134008	59.748062356033884	59.81929192924008	59.85921397113477	57.83016031140613	3.4145342251516793	58.07190542464748	58.629608729177434	58.74921773995149	56.213738682794556	5.7808088134909115	57.337114623546086	57.82924288283057	59.80731894411987	52.20907733819652	7.345317037569046	47.143219913687076	55.606347179996675	58.73556672686267
940000	59.4061136725658	3.535268919076549	59.729285164947626	59.848199679907204	59.937632069941536	58.10648950256949	3.4410255947928685	58.74806243959827	58.824873329370405	58.856123316983215	58.755552570154016	3.814546525166874	59.64554015901463	59.71732402824356	59.76775324661105	57.907183052099015	3.4041984560240333	58.36537224889554	58.657878395950135	58.74377121513351	58.92170843953564	3.7678358982345608	59.75152673258212	59.82082300489134	59.86301227585023	57.83837976016582	3.4128527455857243	58.09127038304621	58.6369805589987	58.75059115639576	56.24110485212005	5.7476238142666505	57.337114623546086	57.826225799885975	59.81460600213883	52.25991386251443	7.3086619554068495	47.328150625970714	55.61054535545428	58.73539977414664
950000	59.41526238225767	3.535711398634945	59.74266617191306	59.84921928649342	59.935490518097126	58.117980315763	3.4393470068383123	58.766820116368855	58.83284097735083	58.860964404161734	58.7642748473381	3.813962601255507	59.6511097633135	59.72209865683352	59.77352263599069	57.91332057545394	3.403319191623119	58.37928902934527	58.661458304235566	58.74547982979561	58.93109988232342	3.766353682422284	59.74496074608138	59.82468199780973	59.868778334545496	57.84552374633736	3.4142001788343617	58.10813942087034	58.64324482035684	58.75589850732449	56.274476601238334	5.703371688513546	57.3589333597498	57.83598254173882	59.81158386017836	52.30481682980227	7.26169868452633	47.34911068675058	55.614288009740946	58.73447256344016
960000	59.40429239897649	3.5324450040687903	59.71210383466247	59.84366083721218	59.93260099154024	58.11830897714091	3.4384027215130426	58.762712212590486	58.82898430644769	58.85924787133328	58.76770316376468	3.810904080654616	59.65128708516173	59.719677197655784	59.771547553708686	57.9201506892215	3.4019398905599916	58.39029750830038	58.66414738576995	58.74842765993055	58.93452286373459	3.7645168971646337	59.750384944590294	59.82674776816834	59.86462412643052	57.85511104580394	3.4120239107414823	58.11895401420799	58.64733378078127	58.75810078372849	56.30645446917178	5.668042535384562	57.3589333597498	57.84876669843388	59.81820470350344	52.36654024716228	7.195337201407722	47.492117613825066	55.621281921613544	58.69914768984182
970000	59.42493141761522	3.532382801848994	59.75090221857082	59.86426867315119	59.94496897582172	58.12520422207079	3.4397230464123862	58.77439333983853	58.834837010712604	58.862843141558585	58.773819083543785	3.807030496653447	59.65160690229306	59.72212627387199	59.77321589108601	57.92478100332817	3.402307923410794	58.393277551081496	58.6721034793172	58.75130222980988	58.94622990454644	3.7623192274371644	59.76143859291108	59.829780482220826	59.87133513747909	57.86297655826753	3.4104932686394065	58.12880131245429	58.652078918657715	58.75991696862481	56.3310538878972	5.625528742090255	57.3589333597498	57.84062264166155	59.82696023145881	52.40954705487186	7.1669361097118705	47.54983084546812	55.62983320660024	58.73923361504669
980000	59.41968837498739	3.533893805888348	59.753817207973036	59.85542341006999	59.94789224583494	58.13230918978027	3.437568949574046	58.776135394382074	58.83590503926429	58.865998377447546	58.78650619545569	3.8059233129870607	59.65757966793849	59.73328726630655	59.77908484342599	57.92963412224516	3.4019819114854775	58.40669859896152	58.676844423455336	58.75492640011337	58.954455259258076	3.7604815654448736	59.761916748909314	59.836102092416695	59.87477186568851	57.87047531339223	3.4074398042032406	58.148396904622864	58.65780183197896	58.76067705327747	56.353159591564946	5.592170115300761	57.3589333597498	57.85310678667717	59.82783621895172	52.44760538162941	7.130523884848887	47.58303477262609	55.63152431961584	58.745918491144096
990000	59.420865885978756	3.5330679361448505	59.74348613021549	59.85271528022815	59.942682314743976	58.13522065618377	3.435730338182518	58.77232346654197	58.83716006630486	58.86489610196776	58.793003401783125	3.803858350474426	59.66144632576666	59.73197567871054	59.783378804644826	57.936832047253496	3.4013793122794644	58.420293929995275	58.678445700684065	58.75643693532541	58.95822936848813	3.7605435266757197	59.76712565811795	59.834691298699454	59.87547392199221	57.8788720936808	3.4076208101421828	58.1822621232362	58.66230127117441	58.76286494354085	56.38443286639554	5.561144300714861	57.39166040104958	57.839958375225265	59.827423979989206	52.49955903143314	7.077840025799057	47.78254825745414	55.63559610249409	58.7100855435005
1000000	59.40499092423922	3.531660720692814	59.72311663074207	59.84166928705112	59.932993199502974	58.13601767871476	3.43839862336704	58.78359927785849	58.839663778015904	58.86594293654158	58.79606102635641	3.801887720152415	59.65898697408567	59.73307975360309	59.783286730001045	57.941739907278645	3.401803077921765	58.41380534404119	58.681754526000205	58.75856556280395	58.95750720177939	3.7582487137690093	59.763792581484736	59.832063022553086	59.8727927724897	57.88544601647437	3.407602267507484	58.184393111286916	58.66445843588611	58.76525672881697	56.430027573801276	5.494325590162496	57.39166040104958	57.854426407791046	59.825374938834635	52.5382629385778	7.041097720296757	47.82665709904808	55.642861874895786	58.759082695072294
1010000	59.4226650771856	3.5329448602072335	59.754563199609336	59.85465465529697	59.936454341764126	58.144101913735035	3.435416214663861	58.78313494210121	58.84132297199142	58.86999550381301	58.80290569921093	3.798781052758873	59.669921160672786	59.73851764124771	59.7818823818822	57.950470904966345	3.4006992083841365	58.43040604167477	58.691475601656734	58.7626140641992	58.97000258604469	3.7560410338782937	59.772388908471704	59.83825885227469	59.878534387108786	57.89299814161947	3.4059731234410107	58.20068554265021	58.666913875454114	58.76695617021474	56.451377096327654	5.474257076192064	57.39166040104958	57.86298493545924	59.82666053966334	52.572995383064885	7.012410409023814	47.8570236864313	55.64860205943671	58.73379000713853
1020000	59.41869451187922	3.531921412081983	59.74221817318463	59.851827907337416	59.940946934457706	58.14810202658229	3.434387618625816	58.78354368363655	58.84294092438479	58.87207146543148	58.81044498784032	3.796829927984214	59.66508790404964	59.73365541474048	59.784287144436554	57.95383380834262	3.4003954401779937	58.43040604167477	58.69089162530646	58.762949925303275	58.97132895559421	3.7554492090238445	59.778955439418986	59.83839863722863	59.875630346363394	57.90035578299954	3.405622690231997	58.209999492467496	58.67180267218828	58.77119247726176	56.48015419149257	5.438402819443863	57.39166040104958	57.84969279681965	59.83696771241831	52.616722664529924	6.97180836050935	47.889650198404155	55.654767006300126	58.713338437993514
1030000	59.42244897348128	3.533572162879904	59.7489129364045	59.85988626021704	59.94326435044006	58.153991494326874	3.4361636992637	58.795772597097276	58.84498994836005	58.87409767112137	58.81963083156687	3.7934169872331833	59.67426942726806	59.73840951215297	59.78589724029489	57.95873914916487	3.3997625877852595	58.43655983874123	58.69431185112552	58.76583115088914	58.97908369999302	3.7553008476010237	59.78024378772962	59.84172024132903	59.8825153639213	57.90875441109636	3.4044870625014125	58.217374747277745	58.67814296729704	58.77193163669195	56.498079862459136	5.417069166261313	57.49125556704957	57.86821184103553	59.833439371499786	52.660384812364136	6.932048786727728	47.920861713990874	55.65322212073495	58.76077897833226
1040000	59.432234449913835	3.5354327819750515	59.75970598797705	59.86571438754707	59.94989743655753	58.15636358481173	3.4348107901691485	58.79683328266694	58.84470515575724	58.87244829472381	58.826471657443996	3.792040988359654	59.67684527423838	59.740311461437216	59.79236593856679	57.96536533264304	3.40064678146983	58.45081166388318	58.69582019861042	58.7692621781909	58.97938367148963	3.754104502110737	59.77671839296032	59.843454172075624	59.88059177866839	57.91492227295563	3.4044202665287404	58.217374747277745	58.68246300303949	58.772765865582855	56.51905078946124	5.38832364270135	57.49125556704957	57.858302589047426	59.83643681548759	52.69342658537967	6.902411107251307	47.967888415843824	55.66109832948759	58.74926088732157
1050000	59.42753722454865	3.534102176891026	59.75222760684909	59.866638448798696	59.94887011780396	58.16436989823007	3.4340548438854896	58.79916683668612	58.84974474674932	58.87651300047847	58.83046985757489	3.789008325193331	59.67866207391225	59.74170470995348	59.789257335867966	57.97012029098243	3.4000956840228884	58.46263833819511	58.69925323033283	58.771847670407816	58.99029247659606	3.7538124722689563	59.78374684844312	59.8471351913653	59.88336291970735	57.91983379740916	3.4046352055579354	58.22500641012728	58.68508004533365	58.77603631751032	56.544533572841225	5.360004296526572	57.49125556704957	57.869996917416856	59.84029213153672	52.73179529325282	6.863162872320929	48.05338751317363	55.6631828710491	58.75629538301276
1060000	59.428639968218185	3.534545501817771	59.75535767131809	59.87590974587337	59.95476360572236	58.167660432837934	3.4353730242728897	58.80223000882475	58.85171793817455	58.87896647137673	58.83325348511184	3.7889405422265985	59.678005602151835	59.74466867921427	59.79327337042604	57.976300287810055	3.4000185521502018	58.46044279816067	58.70540589420209	58.775019306525685	58.99750551958189	3.7545176326144647	59.79832334106704	59.848694439644845	59.88962198701025	57.9273382916404	3.4026278944331514	58.25680260327159	58.69040716517899	58.77942371281026	56.56813422263955	5.330597402136028	57.49125556704957	57.86802636816468	59.840713500574395	52.77246632853323	6.828629005574283	48.06219519385996	55.66736023139961	58.76295511883492
1070000	59.43762268382295	3.5350703417533054	59.77087161096398	59.87695733573872	59.94633601874449	58.17047053203551	3.436624849756774	58.80483405802465	58.85333361740216	58.87796391627641	58.83887323396005	3.787096794646609	59.681603088671416	59.7495310997533	59.793843059506926	57.98362621162516	3.3987905144465653	58.46970154525329	58.70661036175177	58.77554006851759	58.997642111347794	3.7534620276148316	59.795134425758306	59.85047629581618	59.883991981507066	57.93478420370944	3.4014506833433904	58.26406592949279	58.69338477977014	58.781132660807465	56.584106268408334	5.32154083316016	57.49125556704957	57.854312875773786	59.84104306278043	52.810681764166155	6.787206591589913	48.08732299492606	55.671299076911325	58.72688069239926
1080000	59.435020983351	3.533361845952208	59.766131671312706	59.86812175777813	59.95635296747342	58.171896244692235	3.4338268006782213	58.79906720847859	58.849548239333544	58.87699912673902	58.845955106428256	3.7860403148210344	59.68365126779943	59.748712663721946	59.794679504336486	57.98732788183995	3.399578507923502	58.47776482791586	58.7068696536773	58.77807224378253	59.00352942755485	3.7518365047308975	59.79284091322893	59.85014671349309	59.88820869080331	57.94011628756499	3.4023593873786435	58.278820474223885	58.695922933930206	58.783241358990054	56.6009146873431	5.302606481823932	57.49125556704957	57.86668844627383	59.84832037218857	52.84891684688854	6.753436227734018	48.13173540334907	55.67753070320981	58.71259617552468
1090000	59.43730771918771	3.529089388519604	59.76356495398456	59.87445662256786	59.95590180455175	58.181841907074684	3.4340318062964856	58.808149507915665	58.85497231408621	58.880446988539674	58.85537865279053	3.78389387921991	59.690979081157046	59.755180258872464	59.79801272478179	57.99283190898216	3.398595807461926	58.48187979677686	58.71197543257495	58.78027130448413	59.0112107036864	3.751262777959703	59.79815143552317	59.85360755477991	59.8872857462936	57.9467661282659	3.400421693979216	58.28587416066861	58.69972093582065	58.785938571044106	56.62897012791227	5.268383408569522	57.553356559017246	57.86848895015562	59.851422557914134	52.88190314993992	6.726764988904792	48.20065538144511	55.67984502774945	58.75713954855216
1100000	59.430505542280095	3.533434758438405	59.76625653240464	59.87766276393441	59.95180120454723	58.1823499811428	3.43236468279443	58.81484155685118	58.856424846078426	58.881673660371106	58.85650599880868	3.7825964149385	59.69369780055968	59.750497192817754	59.797948762941004	57.99680915895005	3.398298035370395	58.484162348478485	58.71244114029463	58.78265827952377	59.0098440947832	3.750225918312074	59.79805883597933	59.85309183454237	59.887677846522465	57.95229496670818	3.400590408867406	58.30122867874573	58.703115709113376	58.78752175958763	56.639231938447104	5.2498054272086625	57.553356559017246	57.857937920666686	59.84839628316458	52.93131606279945	6.669775108008947	48.43252923441221	55.68280689479634	58.76717899937124
1110000	59.438887197827384	3.533612151640243	59.77250191735976	59.875264414094076	59.95525565799771	58.1854679781288	3.431658142174343	58.81088232655193	58.8575327094771	58.88113591289407	58.86015430505142	3.782077488807837	59.69439568458385	59.75277940916424	59.79975946217995	58.002397092537564	3.3983041037790227	58.49280402904969	58.715490795904756	58.78358403036766	59.01057642295904	3.7501057370877438	59.79618164062291	59.85216493227945	59.88972598775597	57.95775163692822	3.4009078960183343	58.314339967338725	58.706881873944866	58.78871440436389	56.66364305338809	5.226873935299195	57.553356559017246	57.888984920879246	59.84879824181626	52.96340296175441	6.634395394778817	48.545067583164354	55.6884175830769	58.774177543511954
1120000	59.43710620455951	3.5325677634176107	59.76886623557112	59.868798405829175	59.95540582583086	58.187194431152726	3.4324808846373744	58.81628877199987	58.85969334565851	58.88420853575724	58.86463477953341	3.7819101167706566	59.69688976437163	59.75839682389871	59.80271538693361	58.007077335713845	3.395865469183433	58.49694225976727	58.71789888664429	58.78449903198863	59.01681258486458	3.7502584382992645	59.80487773403587	59.85873525576996	59.89459180938904	57.96368458234498	3.3985442813106874	58.316971216364166	58.7129841383708	58.79152341930967	56.67719341788509	5.2088941928874855	57.553356559017246	57.87169907042261	59.851412937731396	52.998348840123704	6.605383480880413	48.59035799484526	55.695370049327245	58.76401555790753
1130000	59.437554726154936	3.534527517353449	59.76691261215247	59.87577903549485	59.95548619776115	58.184850325404796	3.432151225404579	58.81289266482219	58.859264853916	58.88493504196225	58.86743342919876	3.780593933406348	59.69764605663764	59.757872462981524	59.801505886022724	58.01201276743721	3.397964459334748	58.50595240832769	58.721643035885876	58.78638105180227	59.01707051251527	3.749733864460203	59.80738112374354	59.859643496812964	59.89224215081267	57.96842196386895	3.3984764760239963	58.32074105982953	58.71343771942966	58.79242137573951	56.68912295164377	5.197873505540171	57.553356559017246	57.872479096737436	59.85292104853916	53.03982854733149	6.56249134012205	48.747566968633144	55.69995817064906	58.77662667680714
1140000	59.44169127588816	3.5336274575412947	59.77455854464741	59.87322697141421	59.95988625507204	58.193604737004705	3.436490403154258	58.818480639129454	58.864109699175046	58.88761429464622	58.874922489515505	3.7804492986035596	59.69710796105798	59.76282473604708	59.806414668466374	58.01805444329821	3.398395620559256	58.52951562874725	58.725561884350206	58.78804657131127	59.02173202296711	3.749467560193721	59.808110100358405	59.8600414062751	59.89548853532862	57.972212158666466	3.3991098341054724	58.32882363643972	58.715526305998814	58.79526504399678	56.7075639505513	5.1644781148713435	57.553356559017246	57.907333625130136	59.85421385422762	53.086921819923944	6.517237010337867	48.77070742496736	55.704852178680106	58.75061315862345
1150000	59.4494772151548	3.532520766413124	59.78919112285958	59.88952801176276	59.962989375283044	58.19605951442607	3.434153489995658	58.82737567721961	58.86671169760773	58.88996579145783	58.87841815640379	3.7798989016873676	59.70262105873865	59.763992730319494	59.810006898318356	58.020983869160254	3.395975502360669	58.5439804643846	58.72618713406377	58.78962724654787	59.02563216128713	3.7490243115929034	59.814684982718376	59.86384129080915	59.89764971592546	57.97868488148596	3.3966884110860347	58.343449666949276	58.71992746461141	58.796822604741905	56.722093575544015	5.143105956859126	57.553356559017246	57.885176227508225	59.85913169000455	53.11115032515513	6.502180647725374	48.824888902200314	55.704852178680106	58.73980358094387
1160000	59.44706489108279	3.5326252210310254	59.78208242068677	59.88259930347538	59.9566437549247	58.196829231569296	3.4343479695636563	58.82323816185309	58.866049954804254	58.889743245079586	58.884567891470105	3.778051587853483	59.708382977317925	59.7627426807623	59.80965862549688	58.02571411774178	3.3988682157138146	58.545171805251144	58.731954491698964	58.79112698718676	59.030300621512936	3.7481782468843856	59.80944290874752	59.861134601386794	59.89857496730538	57.98227019551946	3.400208941588108	58.34912324582862	58.720822511763444	58.797747363623024	56.740884871414536	5.120950055890679	57.553356559017246	57.887912107700785	59.85819206524054	53.14379992806384	6.470899345590382	48.824888902200314	55.709740736733565	58.76078228122109
1170000	59.44728082046884	3.533250135774237	59.78305426320058	59.875547359577084	59.960500233085085	58.202885933074775	3.4336596197600424	58.82101185852552	58.86608943510976	58.89160192221514	58.887364922671026	3.7771855722087904	59.70733982125218	59.766188419503855	59.81146632351941	58.032416012751874	3.3966858540530613	58.563239786790945	58.73628765024848	58.792398998441286	59.03534911958654	3.7477708400575507	59.814924548860176	59.86367184152952	59.90064621644273	57.9871627972308	3.397986464565924	58.353053022374596	58.72317555475515	58.7991501938169	56.76081336053908	5.0931693465331325	57.553356559017246	57.89050763706801	59.86091497677482	53.174735791859554	6.441255098466637	48.8313278461436	55.7171409986318	58.75984459301236
1180000	59.4542505254312	3.534553450749208	59.79964510696014	59.89645294606096	59.96278913731818	58.205395091578126	3.434240410132976	58.82427993679716	58.86900377774367	58.890897936057996	58.89393604316732	3.7775019508819088	59.71386068215572	59.772103965958514	59.81768167395695	58.03459236066988	3.3984319122505915	58.56680856519549	58.735533204079815	58.794107321213446	59.03877356305986	3.7479377529588103	59.819201545803324	59.868790270996946	59.90148856328254	57.99310248731695	3.3985683458369738	58.35637757625044	58.72686564034816	58.80039274620272	56.769617430304734	5.087953677519243	57.56059509846355	57.87826087585988	59.8640185651464	53.211652544812715	6.408343470311193	48.92203886644164	55.717723177563215	58.74654416415315
1190000	59.44927674699354	3.5355773975023386	59.785005609545124	59.882891602868945	59.95865070860215	58.207351775478905	3.4334192563952173	58.829760941404494	58.87082389412236	58.893738526584656	58.89417366843557	3.774883498877419	59.70769237254091	59.766188400627314	59.8092577589318	58.03838132773552	3.3966799843868523	58.56680856519549	58.73739678889672	58.79682865943182	59.039944817779315	3.747295112314751	59.81912448944847	59.86818084546147	59.90455529688678	57.998005536913695	3.3966613716172476	58.36276815449235	58.729282780710925	58.801461150657204	56.78224224009193	5.075928376932578	57.56059509846355	57.90099564684431	59.86357197990392	53.24669812479674	6.373523398428672	48.96108479965257	55.71812061905739	58.75912578675526
1200000	59.456272954323815	3.535904490430692	59.79398509711308	59.89070035757842	59.963078879511734	58.210956908507335	3.433363517934447	58.8316787947269	58.869991551377645	58.895773886823584	58.89939803359836	3.7745592499795784	59.7112120841279	59.772494413911744	59.8156581887272	58.04435959165874	3.397557689051703	58.56431749588198	58.73970978091977	58.79860878846922	59.042221411078025	3.7469990064075622	59.82180575541155	59.867997203720826	59.90288889739516	58.00542146647719	3.3953760709347933	58.37795336944379	58.734298854535936	58.802756108430174	56.80143844875216	5.0608183077212665	57.56059509846355	57.89007021019906	59.86461619636225	53.28507823828041	6.329885915115799	49.15963162762552	55.72100588236722	58.747860436844704
1210000	59.45681257249094	3.535740306832554	59.79145717919033	59.89680591281682	59.965696105909295	58.213326876434614	3.434060684763984	58.8325821290903	58.87156337830386	58.897189504178364	58.9064348655023	3.7738804722949615	59.71630027755961	59.777603948851954	59.81947361488672	58.047213012322764	3.397720304003554	58.57461799773594	58.743801476024245	58.79931391665894	59.043941161299905	3.7468578311273926	59.82282931763356	59.873503806117235	59.90423822974149	58.007986233028404	3.3970835359463463	58.38400727393007	58.73796265341494	58.80380069478527	56.81143339670835	5.034782793041514	57.56059509846355	57.89602116054937	59.86345623112697	53.30850332436096	6.314003357082515	49.33471365702042	55.72839464112805	58.7649565668605
1220000	59.455079400996354	3.5352689841224745	59.789647173889406	59.8980031016135	59.96683543995974	58.21800501995713	3.432356547683391	58.837190942580875	58.87697354587201	58.896828561188585	58.91158516848041	3.7728044970544397	59.722054123703	59.77872955081929	59.82097590398634	58.049720741452155	3.3961252496203214	58.567991726482624	58.744989803088544	58.8015003817407	59.05069304805823	3.746589124602634	59.82599970578298	59.8747611229341	59.90585237605677	58.01392588186091	3.3950433027282045	58.4036426178906	58.74177167192944	58.80581732764607	56.83218865766107	5.013909298001701	57.56059509846355	57.904235615756015	59.87142315818731	53.336175505185786	6.2971735966618905	49.36463974195227	55.73515777211019	58.79192761731449
1230000	59.45773878154895	3.5373085604838215	59.79942320236671	59.89480225464605	59.96752906381054	58.21914346767944	3.4363834961538653	58.83697650494028	58.87535121320592	58.896432192894224	58.913295123999404	3.7707279794745006	59.71806780770875	59.77973581637748	59.820096536824636	58.05735367922689	3.397124888616018	58.58109670190666	58.74588305700549	58.80271197742457	59.05151825496836	3.745963134199192	59.824220924243434	59.873158254515914	59.90516873733734	58.01834909480071	3.395976632089203	58.406161294364054	58.74241433260032	58.80747585167103	56.848477067111205	5.005766831772496	57.56059509846355	57.89848320229784	59.86421616473869	53.36395557110147	6.260820254714797	49.381403895877185	55.73743456547424	58.75249995319587
1240000	59.45779431609927	3.53659787215725	59.79671756089662	59.896704795031056	59.97021162565757	58.223853153143786	3.4363037289868648	58.84395554832787	58.87855594412438	58.89965425703912	58.9162897286701	3.7698281582243394	59.718665257299044	59.77765097421154	59.8230747964735	58.06060611468064	3.39823023268905	58.58286187774058	58.750692339817604	58.80409819302504	59.05861603378484	3.745627964514183	59.83076616677945	59.876686615529024	59.90756830051018	58.02349115828119	3.3960139510362715	58.41974524248743	58.74355718049523	58.80949290880661	56.86418698897828	4.9926402573937825	57.65570031041646	57.906168448132306	59.86726902379958	53.39574725330679	6.229438156397524	49.428736130198374	55.73999833570174	58.7906217316335
1250000	59.45432232471262	3.5346256971470322	59.784630050123134	59.89027136994132	59.965765115916014	58.22707622052785	3.434533957398754	58.845799751748004	58.87737534832566	58.8985316847458	58.92193400677031	3.767430697245889	59.723915978540084	59.78277446420279	59.82285000090895	58.06440082491861	3.396001647588834	58.58202955471411	58.75136616981627	58.80571439748166	59.05842693517266	3.7447999026057412	59.83097347845978	59.87658213956631	59.908446868811154	58.028569387591915	3.3947793772605555	58.42468290406891	58.74554629407085	58.81097886998209	56.88162735824922	4.9767936615538195	57.65570031041646	57.88537538753442	59.87213427528031	53.422152132067794	6.206152641398773	49.44114084218248	55.74286794026355	58.788182118985276
1260000	59.46663778993384	3.534842633519419	59.80924636660441	59.90932690700926	59.969086863224334	58.22720021167175	3.4347728000161184	58.845165912695045	58.87854883206584	58.8997344874251	58.927049199434556	3.766543731231383	59.72544159519104	59.781238083191	59.82411595362227	58.06589007971505	3.397243659451636	58.59459610119639	58.754345652609246	58.806365865936634	59.06050633939679	3.7443819406395993	59.828836703648655	59.8761964449938	59.909734654862824	58.03114812595681	3.394312262170017	58.4379618852749	58.74985220285372	58.811644994984896	56.90011355835074	4.958359403465794	57.65570031041646	57.914600113598866	59.872236779812326	53.44899650468775	6.188517780531704	49.569986103909336	55.74760898647095	58.79737943391507
1270000	59.46437811130834	3.533951383541101	59.797311656494635	59.90524322177862	59.969696542254304	58.23118694777862	3.4336112262709357	58.844006965627585	58.8812685847178	58.90115877094078	58.92904906570293	3.7660108436783517	59.730698137095885	59.78647224232722	59.82526801125805	58.07088297412662	3.396105221172829	58.59554603978146	58.75675594377438	58.80744299725784	59.064499210700085	3.74451930557114	59.83287186571384	59.87778102798216	59.910381939267154	58.03627810171997	3.3939208052404397	58.44354698556621	58.75138930757659	58.8123559858317	56.91636300615999	4.935708562969905	57.65570031041646	57.9084629348293	59.870086874407576	53.47456396855093	6.168168808458981	49.569986103909336	55.74958568334063	58.762616290110564
1280000	59.464033524095804	3.5340038570976007	59.80164845293106	59.90297355695247	59.97577576127748	58.23288447739625	3.4339148527132064	58.84664956551286	58.883187972324194	58.90446000146785	58.9351865767686	3.7655103593529886	59.731690103571026	59.78641459911853	59.83153904533793	58.07544786396808	3.3970757176100514	58.595665617948654	58.75819517786861	58.80823073275635	59.067909456206195	3.744214408207658	59.83613692539943	59.87971691268296	59.91223070912806	58.04069310460758	3.3939665844971914	58.44537932254397	58.75201385072165	58.813376927427896	56.93303199625003	4.919484735461819	57.67781667052294	57.904306887996015	59.87466365351729	53.50391375306373	6.135588463809352	49.60874532220012	55.75567931222138	58.789243703054936
1290000	59.47085424050317	3.5342875964452793	59.80441916212345	59.90774360654467	59.97497215726646	58.23537507528055	3.4322351782298206	58.85115537282075	58.88256251456416	58.90425415429776	58.9353175313793	3.76445122968592	59.73196110706163	59.78713568481652	59.82777993640721	58.08212630064856	3.395922965704969	58.59765207459051	58.76164251455407	58.81062609778397	59.06588492326076	3.7431163531145306	59.83563599369834	59.881328546528955	59.913215946137896	58.04571911489841	3.3932971606186975	58.45974113841055	58.75360908428774	58.81596788123845	56.94810076216725	4.895952268175003	57.67781667052294	57.914294001844446	59.87366614741144	53.52261125210845	6.1218766526108	49.6205866866874	55.757403018989436	58.78772403961227
1300000	59.46339876397944	3.5350474606735673	59.79709530768835	59.90254852880135	59.97758038622804	58.23471020577602	3.434503385294488	58.853059362175955	58.886097942725414	58.906181669086514	58.940395982981414	3.7639045910111038	59.734970290857774	59.78960695473474	59.83285665676904	58.08297093453146	3.396175676666729	58.598950039002354	58.762647008462835	58.81296642667925	59.07030357070389	3.7417640519769946	59.83971006487578	59.88483981468103	59.91331876997749	58.04827780370207	3.3937042227011016	58.461059331686336	58.756261090132504	58.81744048769146	56.9644684979896	4.876885462058884	57.68158965628952	57.902302272064766	59.87888815161874	53.55686024931143	6.0910031729980645	49.6205866866874	55.76121417076457	58.80500035220234
1310000	59.470794005440666	3.535591956005429	59.80778136196	59.91446268101136	59.97699386487374	58.237111351346634	3.433858741034816	58.855111044315265	58.88447135626815	58.90449448557971	58.942972024268265	3.7637173967077295	59.74020477647371	59.789308658650114	59.834354084025875	58.08763066043044	3.3935641989197483	58.598815131034854	58.76340065674808	58.81454044437521	59.07152498224952	3.741545428305056	59.843546602198	59.88427748154524	59.915843647941855	58.053509783470616	3.39106299585412	58.461059331686336	58.757534288819315	58.818764914536885	56.976589855914256	4.862993744205997	57.69161680386938	57.88433759231236	59.87876823597912	53.58340441378314	6.061552125853392	49.72682798997327	55.763047658272214	58.770947543430125
1320000	59.45902193784486	3.535944389614273	59.80133622553995	59.90049058561293	59.97259204741954	58.23953399302713	3.4334650450111805	58.8532054610262	58.887091374705484	58.90829554437532	58.944850024336475	3.7620613327063728	59.735681276230466	59.792714563788834	59.83421755253461	58.08944454080712	3.3948089237066887	58.6045565045623	58.76513221512428	58.814723954233465	59.072598679173055	3.7405070230008786	59.83996118457995	59.88212906121251	59.91492949876768	58.05619192856852	3.391916132524913	58.464532004145326	58.757534288819315	58.81980441469969	56.98886878365111	4.840246421807376	57.69161680386938	57.92998334305196	59.877602013229556	53.60880418307791	6.035315385758656	49.792931094169504	55.76694331432511	58.769700226432015
1330000	59.47440708620606	3.537555129333728	59.81637447642502	59.91168002018749	59.97702877104233	58.24412203271651	3.4360699603298497	58.85832459059356	58.889139402857644	58.90845434244926	58.95115605228898	3.7619243675354355	59.74186050294924	59.79554357595802	59.836956885905856	58.09371144128618	3.395750839617749	58.60982967932292	58.76922820877434	58.81580205955486	59.07862147811901	3.741044182418551	59.8452985512621	59.88794157988556	59.915207146638735	58.060775616953435	3.391341596356057	58.465707003722166	58.757852993612815	58.82083041649445	57.007080500145946	4.827941283838689	57.71365696943904	57.90499123994863	59.88023093661985	53.63058562372478	6.013922729767257	49.807491458958395	55.769067233043415	58.755670806710334
1340000	59.47355507989169	3.537836439282513	59.81895645958557	59.9109725140476	59.977910068215095	58.24572332875949	3.4322705787126395	58.857988110593425	58.88935495896787	58.90817686017003	58.95183665835465	3.761707049460161	59.745930042426124	59.796654848195736	59.83794461800742	58.09630977299271	3.395769675570472	58.61083915609453	58.77168035645437	58.81662878651138	59.08073613647749	3.741009253700302	59.84569304650141	59.888806349030816	59.91925932759648	58.065106777158114	3.3900754741958736	58.472148531791476	58.75843991171427	58.82125321072019	57.01809466611193	4.8108565226247215	57.747030806316445	57.91001106801962	59.886218111200634	53.652496572556686	5.995261370743369	49.87711561495505	55.773855398181	58.77637550259344
1350000	59.470577016198305	3.5365267376315463	59.80823235017385	59.90787886934096	59.9757219508346	58.24870661534412	3.43111606258313	58.85940993650386	58.890664676774044	58.909456469173776	58.94937103101343	3.76092363290373	59.74242873537763	59.790795283271315	59.8351552175604	58.10099184997759	3.393409240326494	58.61452123749713	58.772276410354756	58.81795820456339	59.080777655698	3.7400038157984032	59.84225892923249	59.884632084601975	59.914658810164674	58.068008929053654	3.3899796166628007	58.47592519440331	58.75933881402026	58.821449231954986	57.03484317591024	4.798790767208182	57.72660678974189	57.93062060139566	59.88675477773282	53.69424928075556	5.9457019665693105	49.932874326610495	55.777191371280146	58.78039861868392
1360000	59.47946848133323	3.5378976799938107	59.82319367942844	59.92017444739257	59.981796086049414	58.25235089261876	3.434271229702732	58.86318507481997	58.891113031441236	58.91150994572964	58.95574406362152	3.7618903649756468	59.74342428091717	59.802038785931444	59.83676780326602	58.1007164221404	3.395619528951786	58.61285500014793	58.77168035645437	58.81834385042631	59.08589035256425	3.7402526274453614	59.84761063734513	59.89191998569539	59.9190470702007	58.07075602075838	3.390002083500022	58.50176164041143	58.7623418927045	58.821659688732495	57.04049435740507	4.788965376950921	57.73245442662667	57.9531211464694	59.883522691465814	53.71929382760322	5.927562433352329	49.953409419193896	55.779566061013554	58.787709462515885
1370000	59.474637744969044	3.538343888918052	59.81318506528112	59.915246427147196	59.97739870781669	58.2503561229572	3.43228400373951	58.85919114322623	58.892475616831675	58.91171443797907	58.95647504594079	3.7610624681146847	59.74588005392731	59.801987679097905	59.83903860011475	58.105971865471446	3.3951328585560634	58.625162727879626	58.773376746336375	58.81967643794911	59.08815826992484	3.739765529472002	59.84898471333531	59.8902420386366	59.91816244837381	58.07382428820703	3.389925852211402	58.50828529056539	58.76269775524413	58.82322668908212	57.049840085864645	4.780467222411881	57.74366640036373	57.92950041561237	59.88435815696394	53.73637683634708	5.913755008858829	49.967269581621764	55.78016661528907	58.75058930738028
1380000	59.47856603143012	3.538066474558656	59.81808560276137	59.91995479357587	59.979144692435796	58.25722178705179	3.43131161517852	58.863399122925856	58.894064242154364	58.913299038744874	58.961898181231874	3.7600798441830934	59.75412906258463	59.80385887014347	59.84372302993136	58.11061568968944	3.394268892312578	58.62393171462424	58.7772526711176	58.822096388653655	59.09370840542182	3.7395546666401422	59.85448043474301	59.89278821064271	59.92486144049437	58.07905436199847	3.388588422558462	58.51048910874486	58.76404158543483	58.82453860231529	57.07925848724	4.748345519867611	57.76385009038197	57.97007645988533	59.892013322372236	53.76639835728126	5.884414203174649	49.99859034764398	55.78355182049292	58.79019917357892
1390000	59.48311455550955	3.537962447297888	59.824748239350555	59.92486004194514	59.979490695976736	58.258019648551354	3.432738711114467	58.86651310866102	58.89489323484422	58.913446468157154	58.96265469977208	3.758569882068959	59.750353595547764	59.8009722517349	59.84248648761687	58.113235384752706	3.3942998862222673	58.627079242511584	58.778885913979266	58.82263363427646	59.089596924301865	3.7382216995520565	59.846829956836494	59.8901698994447	59.923424033353434	58.08154706386605	3.3889038539753638	58.51390977542699	58.768401200168185	58.82558951196817	57.09340663719268	4.72200324280944	57.75234346102138	57.93477871962418	59.88801665410994	53.78925568413512	5.859345241413509	50.08501735603386	55.786734553393494	58.80976340157174
1400000	59.47877398194197	3.536130859764962	59.816903412619865	59.9178333037942	59.98091113082432	58.256769524538726	3.4312812391105805	58.86447988382517	58.894939503217685	58.912918843151346	58.96685912771281	3.757934333498875	59.752138078822945	59.80421123350649	59.843554215993414	58.11470875170034	3.392798143223887	58.628060743222974	58.779795011149105	58.82319089311646	59.09267352793511	3.738202086292511	59.853091294394375	59.892903762968714	59.91907694653149	58.08562244625961	3.387521894986899	58.51805045469996	58.77025906408139	58.82612976100717	57.107580735518916	4.71162697576842	57.7678934893623	57.955824132585974	59.88911697717599	53.813609462901425	5.838319319512803	50.1279458373003	55.78715067831719	58.813218171920944
1410000	59.480096417984335	3.534889337076477	59.820621064646936	59.92170782332195	59.9808212650904	58.25838097287137	3.4297573862678985	58.86879300365576	58.8967062033019	58.914738604892534	58.9669385683024	3.757423307978799	59.75359964954397	59.805662274647645	59.8414755774535	58.11809305360484	3.392316803105567	58.63341681716085	58.7814351759005	58.82594920440811	59.0976577384397	3.7382482010581177	59.85805604718591	59.894392819915474	59.91988135608626	58.088036071466874	3.387337509787866	58.527781213267524	58.77025906408139	58.82762481589734	57.119424330618834	4.704338824233194	57.76141843066752	57.941270668683785	59.888346091435565	53.84501509489583	5.802524032344754	50.18318384816135	55.78661930321166	58.78181765059235
1420000	59.48378183956993	3.5364870313678636	59.82474134278461	59.9281105771263	59.98010867119885	58.26389182140523	3.432200980285024	58.87097619232605	58.898292645505435	58.91526461820869	58.9722658511884	3.75817345056629	59.75911535448677	59.80569762670165	59.84574598445769	58.120592025836025	3.3931616505443136	58.63341681716085	58.78196652924301	58.82689986323762	59.10017144488026	3.738363728707479	59.860251863169026	59.89782913708394	59.92187292245505	58.09101423010633	3.3875933640530134	58.530341159166326	58.771748276640054	58.82922191991833	57.13126536287005	4.694144830405151	57.774620076259	58.028316398594086	59.8941597359987	53.86556430877444	5.7872476198754725	50.216320697198704	55.78741201588266	58.780724679324706
1430000	59.48600559148044	3.537429592398955	59.83389232234745	59.92316605512213	59.98157774017538	58.263236354493145	3.4303679777010654	58.87206741118453	58.89969714519255	58.91725428314639	58.972094203073134	3.7578801705685683	59.75566001813438	59.80960108739359	59.84875548040787	58.12416824715867	3.3923484479593844	58.63917950492292	58.78327674367843	58.82779908827524	59.09660469611808	3.737768982748646	59.85778315374727	59.89710571676453	59.92435540148392	58.095427892925485	3.3864365990488245	58.537649403393715	58.77421355534557	58.830051170526154	57.1417653948696	4.671562615606533	57.77572255814971	57.996578083497695	59.89150715778063	53.88789259753817	5.774241284684859	50.29207990471438	55.78708076271966	58.74724721179663
1440000	59.485773299170496	3.5372753987864956	59.829608562579566	59.92481495528261	59.98434599812607	58.265852796225815	3.435767741489211	58.87449468012512	58.900044642468416	58.917953146511366	58.97585520049196	3.758455765739447	59.76700923205822	59.81294258273925	59.85162121775389	58.12619625903106	3.39420177385592	58.642431559696924	58.785115415856716	58.828798172706705	59.10164524429732	3.7378449280240833	59.8592250872363	59.899711424178335	59.92649466015625	58.09792882369247	3.38721432513026	58.542896879534126	58.776873847323614	58.8310612670015	57.15721883854726	4.664951631247374	57.78079249257766	58.03003397035425	59.897032186682566	53.909080467830385	5.757759804142165	50.31848328845794	55.78984674652171	58.79386061073464
1450000	59.49015841498877	3.537761347380608	59.833686199861724	59.93695502870517	59.98728437529408	58.270562304028516	3.431115067801817	58.871268198199616	58.90292177316348	58.91928245854669	58.97638157799455	3.7578256877363456	59.765950849851535	59.814087842868204	59.84808047927016	58.12775026645232	3.3929677495497326	58.642431559696924	58.78570231629903	58.82995187959868	59.10725421830065	3.7380804878170366	59.86460431114891	59.90119896148539	59.92716786545206	58.10084957182041	3.386308286150234	58.542896879534126	58.77986057846405	58.83171152987321	57.16887304944462	4.645183172691126	57.76987156524006	58.01830401006056	59.89566966237317	53.929882662281315	5.737694050952582	50.36642582867245	55.79427532096983	58.79412560016744
1460000	59.484973206334075	3.537380484342917	59.830130580551234	59.92808860321071	59.98412207208894	58.27078256477469	3.4320821995081365	58.871476636880956	58.90304365406696	58.919441899541326	58.98119298172591	3.757751834869771	59.766209924060895	59.81554588982499	59.850083519477934	58.12971047433722	3.393256132327176	58.64365921366093	58.78731177138091	58.83085707521421	59.10452539308792	3.7374163215559797	59.862892640464864	59.89981128097861	59.92442651265171	58.103243989574175	3.387330714510392	58.545172103970124	58.78171665921486	58.83277367330608	57.181140114066686	4.629627460545051	57.772050182691316	57.984571867156895	59.896539509676536	53.94913554462371	5.721206985946192	50.40816605798225	55.799420932040455	58.77687679413535
1470000	59.48470541847034	3.536506996121545	59.823680143195666	59.926306818103626	59.98622898629543	58.275282432530176	3.432301474138434	58.88044450422232	58.90478714499784	58.92198403288138	58.98371888903756	3.757769943379112	59.7676479112538	59.816256849703706	59.85251871755153	58.13086701669668	3.3933791539126497	58.64571327124882	58.78911098998375	58.83165229758745	59.111018699955956	3.73840023455456	59.868468371481704	59.90439663980641	59.93004445913379	58.104762950898845	3.3866416917250457	58.543935877766174	58.78171665921486	58.83380227875777	57.19265943306831	4.620005808350419	57.78865781946817	58.089710521032856	59.89949383578325	53.970141043826104	5.706045928103497	50.41183884363085	55.80142100229841	58.7862598302046
1480000	59.4871318142502	3.5365666326551604	59.828588162989305	59.92474683708691	59.98603562403886	58.27424860578439	3.4331314857593744	58.87855714555069	58.90479974264964	58.92256263460138	58.987192256421345	3.7578159347487987	59.76860419883354	59.817576561145685	59.8575620408145	58.1341163416723	3.3945297887308747	58.64919478842207	58.79120228568661	58.83273782053031	59.10952371244979	3.7378652941397874	59.86455350016948	59.903346114302565	59.93161170897769	58.1085148150052	3.3874650146984564	58.54624673862804	58.78211099215211	58.834600710313055	57.208092888929315	4.615296152504445	57.785956551824924	58.108013312338954	59.89944596292949	53.988400279022855	5.688371292191673	50.41183884363085	55.80273384297532	58.730693278396856
1490000	59.49449180373893	3.537896554659787	59.84097174456109	59.93543589103767	59.989058647723155	58.27581099244175	3.4315381859936527	58.877928454250835	58.90827729147014	58.924507372592046	58.9903194274554	3.756403388769133	59.77442195371573	59.82171546084465	59.85968891518025	58.13641872602002	3.3927841412126427	58.65568506926156	58.79215370785434	58.833656786319644	59.1132374685885	3.737729700759551	59.87212436483007	59.90767502466841	59.93060215714936	58.110517101427924	3.386619939904325	58.549586500288086	58.78308344127089	58.83501848386514	57.21997462343633	4.601620064120211	57.79715011369263	58.12071208343179	59.90526199423823	54.006968981170445	5.6742502718575265	50.439794224374545	55.80273384297532	58.76630224515296
1500000	59.49467205695926	3.538354823971129	59.84070470634096	59.93703604304231	59.98906091776577	58.27476572635647	3.43129155992251	58.87774530521528	58.9051204843954	58.92181491184286	58.988842246225225	3.754808423521118	59.76945905267458	59.81848110572774	59.85808790776905	58.13770143320908	3.393923508327862	58.65568506926156	58.791939837286364	58.83431394764416	59.11169585276874	3.7364091128236137	59.868029268495306	59.90200399541247	59.93108526217581	58.11428589231497	3.385727533300661	58.55100005263539	58.7854232969582	58.83614635511651	57.22896313494433	4.591404999737549	57.78954777710571	58.12071208343179	59.902464098106186	54.02961698372261	5.649218891213643	50.51087950437626	55.804377140395104	58.800334078372416
1510000	59.491884687863106	3.5358269703112244	59.83385619304672	59.933687136006164	59.98502762900743	58.274804124275065	3.431784861802056	58.876256590903985	58.90548530692407	58.92300149478508	58.99405455099288	3.753481347857258	59.77951352825099	59.82393126114029	59.85711580275653	58.13919979505705	3.393110967817963	58.65720218312625	58.79359599526953	58.83539311022995	59.113752813434175	3.7362162309534352	59.86644259735433	59.90394772375359	59.93156409974301	58.115993497163075	3.385673044686411	58.552288492746115	58.785653286302185	58.838127286323726	57.23504080231354	4.581917904682007	57.79941664458394	58.19680213457809	59.899644588566304	54.054257415024274	5.624664837022742	50.58795214684888	55.81076161674805	58.75072187834928
1520000	59.4903191111735	3.537311775795952	59.84071513336811	59.93772246285927	59.98852940771675	58.28011132442943	3.4325164179017027	58.880019628056495	58.9084997759591	58.92402595829298	58.99621132090348	3.7533092597538604	59.7800577251192	59.825452591411604	59.86059431868742	58.14257981559295	3.393948716459575	58.65835510169981	58.795285762245456	58.836741907396146	59.11618759519309	3.73631124089819	59.871007702218	59.90720668641907	59.931838633838666	58.1196066912999	3.386161746869996	58.57107996355435	58.786536429110214	58.838429235870436	57.24433690368749	4.578117876202367	57.79107116444602	58.19680213457809	59.90074643636052	54.072151394056476	5.6121478114114005	50.68937920477164	55.81076161674805	58.80222057504226
1530000	59.49625468221744	3.5374871296774675	59.84509944684194	59.94078721842833	59.98999854406904	58.281732193110074	3.4302726149064156	58.88618435988621	58.909647329635305	58.926447381719	58.9946796421014	3.752616019147391	59.77231191497337	59.82379046603842	59.863309754472745	58.143821613167894	3.3903707155350316	58.658922672618374	58.79555870991459	58.837870390395196	59.11844912846425	3.7365401638813145	59.87337802975147	59.90671744921505	59.933823455129826	58.12213106666853	3.3836720528497573	58.57135298249265	58.789964252669115	58.83905381978109	57.251835100045724	4.572672722982293	57.80123871778349	58.19680213457809	59.904385294042505	54.0907685892421	5.592568993259383	50.73094186382317	55.81311791451857	58.80301742489621
1540000	59.49147803549372	3.537795656253605	59.83823879380749	59.9381849847787	59.984230855331	58.28372858107742	3.429509683406811	58.88499322137669	58.90964008158297	58.92470571162107	58.998210690938215	3.75199742810286	59.777027329930505	59.825000839535264	59.86194200561414	58.14939108678806	3.391390577272384	58.664080213220416	58.79606810628961	58.8391884086668	59.117375299208085	3.7355117240592066	59.87212503902884	59.90668990156196	59.930757394752405	58.12582828345761	3.383899361343481	58.57181046057133	58.79187757350438	58.83991219326713	57.26545339236692	4.5599297252327435	57.798636191686285	58.19680213457809	59.903467247478524	54.10762165251287	5.575734058608589	50.779823229419804	55.81615874431347	58.77329326127952
1550000	59.49771809764253	3.5372413976572865	59.84554660000079	59.94261787945558	59.98994468082072	58.28421631547384	3.429238376389089	58.88777648432092	58.910285798237915	58.9254135330592	59.00323911894924	3.751959039890393	59.78304778063749	59.82879439743212	59.86487385489637	58.15165528026222	3.390033468781605	58.67082983441841	58.79655357417093	58.83972563437559	59.121818260991475	3.7356541564714445	59.87458293771586	59.90961245097675	59.93512450132358	58.127219436306696	3.3836408010068815	58.576398758379604	58.79264596758265	58.84098033722485	57.272739731889175	4.554558883118425	57.796635554820966	58.19680213457809	59.90865390243117	54.126086559334574	5.559586274240018	50.8182162636176	55.81974796488885	58.74940185650521
1560000	59.50019590529369	3.5372444238624117	59.84685229488089	59.93889353898673	59.98862990154023	58.287256453117635	3.4316235818105345	58.89013485632717	58.91337568915817	58.92785055918469	59.00659100519357	3.752323045963678	59.786321304868935	59.82982860383841	59.86851208753197	58.15711234152235	3.3910058738045654	58.67129147560935	58.79901725077142	58.84067023736094	59.12565966295301	3.735709310172596	59.878412944423154	59.91231140261131	59.93556430883162	58.13148947543517	3.3828744007066454	58.58347100200759	58.79356906693661	58.8414291976644	57.29036116805651	4.530575559456298	57.81469361588978	58.19680213457809	59.90703667647036	54.13991140750683	5.549081627285034	50.8182162636176	55.82158067915153	58.76527937091733
1570000	59.50154188733625	3.5382253017807033	59.84718049607755	59.942897326332826	59.99063307011478	58.28986507545448	3.4299340692342106	58.892679597427865	58.912881762206005	58.92856956345673	59.00832696660567	3.7509883687421244	59.786873822534446	59.83175981867066	59.87089750658442	58.15851833210648	3.391139648023318	58.67363224220805	58.79853238275142	58.841578350556404	59.12956169581747	3.7354502325038945	59.88292518145957	59.91417676113671	59.936369124580104	58.133455677575135	3.3841896721468174	58.58640096872756	58.79459246857833	58.842909786463764	57.30375688773497	4.518224088837307	57.81239020232024	58.208953523799096	59.909399729049234	54.16143820978933	5.534652555305547	50.83532916146048	55.821583738292766	58.82416950133855
1580000	59.49736540344977	3.5380063471879146	59.84369479626972	59.936317601695805	59.98713989257122	58.29124601936112	3.4326659927277454	58.891991449914606	58.915020480453805	58.93045068004593	59.00983514460106	3.7508259304979874	59.78589948747409	59.834944093524015	59.871421263131026	58.15939800456151	3.3918925044280557	58.67129147560935	58.800162092289916	58.84234964810402	59.12971024024405	3.7352016014250617	59.87801775491112	59.91515245516327	59.93717377416042	58.134919705654205	3.3848348594970523	58.589693621461095	58.79530988789466	58.84430071570364	57.31056667659636	4.512959476060857	57.81142251178927	58.208953523799096	59.9080913424733	54.18143839976657	5.51914818254765	50.85669562722075	55.83082486025876	58.80699405054789
1590000	59.498824700398785	3.5382864498351116	59.84063612539829	59.94179413898344	59.98944047274854	58.292917132248455	3.4289468375748897	58.89171356091319	58.91452201591433	58.93023247108072	59.00924176193428	3.7503464121625503	59.784455578581394	59.833745096707524	59.871716117629056	58.162019259683824	3.3912048382046915	58.673192824618	58.80158704386116	58.843516046726506	59.128439115257954	3.7348969844135516	59.878306674312526	59.913782910798815	59.93821027959959	58.13654519914126	3.3849236546968915	58.58842836944291	58.79530988789466	58.84543753006397	57.31849096099963	4.499363752966543	57.81354180439846	58.208953523799096	59.91322974289178	54.19935083715694	5.501043583866985	50.890015265122855	55.837212822802044	58.79842831722259
1600000	59.49859829686304	3.538430061588981	59.847805986063996	59.94227271873443	59.99002596607042	58.29359004906718	3.4298780236046755	58.891800947098005	58.915927725433576	58.93150780257541	59.0122866530093	3.7501312519194454	59.78548954179641	59.83445734553695	59.86931675698041	58.16320788283262	3.391339776523959	58.67767273375638	58.803463118880195	58.84348134071243	59.13109246352813	3.735238470517807	59.882947146728924	59.91568015865772	59.94092911668412	58.1380685335264	3.384532023119964	58.59200267774081	58.796711310936665	58.845962435377274	57.33076675123175	4.491211486303727	57.81743071636168	58.2949658686684	59.91320263485439	54.2148331027517	5.4865163839909075	50.93740751156813	55.837212822802044	58.740748174060485
1610000	59.499840138577525	3.5382017572806737	59.852065297904645	59.94563692805519	59.990464024846844	58.29549370634635	3.431048218060395	58.8950014272503	58.917404366973024	58.93179656291787	59.01644961299254	3.750519765743615	59.79227931029388	59.83753523162862	59.87390307640071	58.16863060643735	3.3910160863144685	58.67839470334617	58.80481862822742	58.84491653014944	59.132877526232264	3.7353015537224112	59.884676628085764	59.916946643321566	59.93986281548038	58.140008302417165	3.38457747662975	58.59251246030371	58.797648683375954	58.84677456320737	57.3381978176895	4.481152822941406	57.812554416629965	58.2949658686684	59.911143462333456	54.23490907024592	5.468730514080475	50.9412130824885	55.84010038497142	58.80301742489621
1620000	59.50308879870796	3.5383405731789286	59.85869571950544	59.93979799885916	59.98922205168384	58.299041017548724	3.431882480279283	58.89820593425175	58.91866149968851	58.93272540275866	59.01629021929144	3.7502893526670413	59.79219193887347	59.84014425791539	59.87189908145424	58.17044559617377	3.3915327806515445	58.67839470334617	58.806199940517416	58.84534445166213	59.13429442278273	3.734818411237602	59.882399389188194	59.91567890288466	59.940744870589434	58.14248595848345	3.385054720756859	58.593627046824295	58.79952953188064	58.84719395686045	57.34926714636003	4.471614591081583	57.821285578409395	58.2949658686684	59.90893596066533	54.25137562915402	5.456612542672862	50.97611909742006	55.842402405091796	58.80687790493249
1630000	59.4978402114156	3.5376849359713605	59.839591598208	59.94250796730343	59.99049406353314	58.30048070723407	3.4287232466051574	58.897054105203225	58.91919622848326	58.9329752538586	59.017521746967695	3.748665758245574	59.79266958767076	59.8366899500172	59.87359094709782	58.17253724329361	3.388797905848508	58.67839470334617	58.80651611495552	58.84685277663513	59.136993315765025	3.735395359357239	59.88797523319643	59.91810809743646	59.940607589867696	58.145141939322336	3.3837459056772947	58.595285535089275	58.800544586947495	58.847625859870355	57.35884040775912	4.463523530946227	57.8167016028375	58.2949658686684	59.91590777127978	54.25956952040872	5.450435836291017	51.03114796021539	55.84543759562779	58.788999571228665
1640000	59.502862186316726	3.5383046029556944	59.84742168564347	59.946959774011134	59.99254925114323	58.30211342769185	3.429762148603726	58.89999092813608	58.9213750266957	58.934046101481435	59.02163026874993	3.748416628331187	59.79821326391288	59.83867449725847	59.87468674461354	58.17347670560485	3.389417632400162	58.67839470334617	58.807142756713716	58.846709077886814	59.13889776178627	3.7350155767849937	59.887347684116314	59.91982179814855	59.94415376089557	58.146969578351815	3.3842516174088817	58.595285535089275	58.80125608734824	58.84816072236831	57.36749894123001	4.460155045730034	57.82456457046464	58.2949658686684	59.91856254539047	54.2713701816761	5.442056630673306	51.0497888168582	55.84771921734662	58.802754049067055
1650000	59.50800165782458	3.5389446411053553	59.8622714667422	59.953130683200826	59.99266288771726	58.30144520458287	3.430760173688993	58.89800503093947	58.92188352389278	58.93492154466454	59.026683464310906	3.7486173564287126	59.79922279037365	59.84436738300789	59.878855452158774	58.173942672970036	3.3920515617379556	58.681766331226854	58.80888523151068	58.84855763835782	59.140348867422304	3.735160379044706	59.886490168894724	59.920600126639854	59.94331200000922	58.14794171538656	3.3851734577654824	58.595285535089275	58.80286572254832	58.848710974380296	57.37685166588191	4.4522289949217155	57.81097977949738	58.2949658686684	59.920348179995656	54.2820173936187	5.430931122137608	51.11400499674282	55.850348733320004	58.741070279252256
1660000	59.51223566092397	3.5371896391838233	59.86572834897028	59.95382003626708	59.99273682754234	58.30277089199421	3.4311659788416367	58.900963586074965	58.921430329014655	58.93460841551166	59.023838445307085	3.74774249935943	59.79815355446176	59.84241506851015	59.875926070518055	58.17893346494555	3.388617506579644	58.681766331226854	58.809184786919715	58.84879018219356	59.138974011304185	3.7347612492116333	59.88748453530833	59.92016149013892	59.94050587260948	58.15177376926902	3.3834898565473104	58.59890544433476	58.80484092763379	58.84947873163542	57.39032075896513	4.440571704286635	57.81934397558662	58.2949658686684	59.91954788873095	54.298224373754415	5.417017447135961	51.1566865033668	55.850348733320004	58.758071639809
1670000	59.50514529384948	3.5372083778173704	59.858467881675864	59.94677725366381	59.992537650221905	58.30765287017239	3.4283648736514247	58.901806945893384	58.92301811717899	58.93640936817721	59.026243909193866	3.747472289177475	59.7990558703016	59.84507512011206	59.87747883875613	58.180232373389515	3.390992804356935	58.683254101159065	58.809587490062974	58.850111485438035	59.14194914344867	3.735153968522331	59.892201090816066	59.92039991278301	59.944049817623785	58.15378605268923	3.383810613926809	58.609403378095564	58.80497265003764	58.85074929385943	57.39501790762244	4.426073599844148	57.82730645883414	58.2949658686684	59.920140303376925	54.30728403838853	5.410927608715111	51.1566865033668	55.85125835121222	58.776566620047134
1680000	59.50881799599622	3.5380425732110607	59.85385190355472	59.95382713927565	59.99324890962155	58.30660041318434	3.4290297052971854	58.90493513123535	58.92399964043735	58.93599624936418	59.02860685274848	3.74760573817037	59.79808717824584	59.846516990059996	59.881249635806675	58.181236490099046	3.3896310305795003	58.6852885433066	58.81066811172425	58.850111485438035	59.14188835367093	3.7352117055687515	59.889512884638506	59.92359586306314	59.94595993126626	58.15509121057401	3.3837996117407187	58.612372235116986	58.80555682587456	58.85142463828774	57.404299275476035	4.418725966241033	57.823054079926486	58.2949658686684	59.91896998752424	54.320253308935456	5.402526804647825	51.1566865033668	55.85466279636362	58.74851164748311
1690000	59.51525005806058	3.538842511045127	59.87368167145629	59.96481580210889	59.99552689805478	58.30508047442635	3.4286357914949326	58.90225896101823	58.92231703386256	58.93620426454714	59.030360212653825	3.7476969310448767	59.80564645799456	59.84608748005179	59.88329795909552	58.18337168016993	3.388472263454071	58.68682102734174	58.81066811172425	58.851514519431795	59.141679134375934	3.7348302943851874	59.89106445646267	59.922457832151096	59.94482896656096	58.1567488627572	3.384043617392018	58.612372235116986	58.80731797361774	58.85263393352656	57.411266546487134	4.413568087293784	57.81094161561831	58.2949658686684	59.92029945802677	54.34065026604574	5.3840696888924136	51.18250530735832	55.85752189557724	58.770095770353514
1700000	59.508156769009176	3.5380964915419586	59.86122471650671	59.95813921156044	59.99298216151527	58.30745614061434	3.428179227337435	58.90275731493337	58.92473081126101	58.93803388586958	59.031941421153114	3.747771450558633	59.80425278918002	59.8484350783222	59.88118732960026	58.185698149634526	3.388042950508265	58.68682102734174	58.81165964574378	58.85304902177744	59.14398847870155	3.7349825513593635	59.892051477136214	59.92382314539551	59.945615022981364	58.15872123070681	3.3828686616737302	58.612372235116986	58.808557407036346	58.85342579063401	57.424404731760156	4.397464459755526	57.81471394066583	58.2949658686684	59.92203702244213	54.35384230638344	5.373845383434607	51.18250530735832	55.85983528416519	58.741070279252256
1710000	59.5106392936383	3.5348604766625	59.86289777226365	59.953412832861616	59.99066290566761	58.30881595453571	3.430322029908248	58.90428055798913	58.92414111088481	58.937684560082275	59.03407416032835	3.7476842818719005	59.804281901629906	59.848486983509844	59.88344733110138	58.18597715051609	3.38942774618125	58.68737031029643	58.81284722478453	58.853958423688056	59.14286507314092	3.734643711066832	59.888256757353176	59.92273778502895	59.94629084607139	58.159467440457355	3.38390093576156	58.611588118626734	58.80879275614919	58.854324982130905	57.43131161977274	4.381946670821397	57.825307123697826	58.29521508376013	59.920697072238376	54.36538640856286	5.370629675973812	51.18250530735832	55.864415456839794	58.770322179021605
1720000	59.51326518706534	3.5360817769254242	59.86392509970547	59.962490686334704	59.993252510376	58.309223272374695	3.42879343044786	58.90376666448731	58.92539756321757	58.93955937099203	59.035795465140524	3.747240551290858	59.803971333954365	59.848943423498085	59.886828166681056	58.187591218015655	3.3882852593549155	58.68858384424668	58.81165964574378	58.85329735198365	59.144655127331376	3.7347398347407403	59.89369085144407	59.9247004324627	59.9463459085537	58.16198164425133	3.383407387197805	58.612372235116986	58.81015697900398	58.85488867971245	57.44380837768555	4.368213238507594	57.83757911758472	58.29521508376013	59.92078174338974	54.377993099071	5.36316743115316	51.19542574706696	55.867328616503755	58.804146516723605
1730000	59.5152633906838	3.5373311116807393	59.87378813600137	59.96000546115428	59.99395295965204	58.31174956194098	3.4291242814962404	58.908807823857195	58.92752565083104	58.9399116705965	59.03888840957586	3.7468534930168924	59.81091724978968	59.851735005206464	59.88341203851466	58.189123966791584	3.389234611822545	58.68892052365209	58.81370439655794	58.854233076246196	59.14683113671359	3.7349337353433896	59.89861433745034	59.92464524029042	59.94584906289509	58.16324712601811	3.383580788423643	58.62028619363055	58.81036716916882	58.85512876220871	57.45590285573444	4.358046755077938	57.83181657384318	58.33216364599858	59.92245734521966	54.388930067888836	5.3570870463779485	51.19542574706696	55.86889087753997	58.77514835336077
1740000	59.511923524593776	3.5375028153775947	59.86864478395992	59.95936272843403	59.99498789762856	58.310892144058194	3.4298819653814765	58.90703448181993	58.92816727699048	58.9411987408454	59.04314156166759	3.7464365042713634	59.80682002621211	59.85622715989399	59.892665127354476	58.19055656766315	3.388228706389353	58.68892052365209	58.81565218276896	58.85560775127635	59.14720767938512	3.7347213903123095	59.895037358898016	59.92700761630314	59.948951088883135	58.16468775074722	3.3828982894294275	58.62028619363055	58.81055317204765	58.85530519045783	57.46576268025078	4.353421751840261	57.83606691798624	58.3596130843824	59.92397096790931	54.39957091294802	5.349898955041981	51.28755989902963	55.8696246202771	58.8132280114979
1750000	59.51439771469955	3.5370191615339217	59.86938718067958	59.95769191774046	59.993918272241345	58.31239327475249	3.4301230279662467	58.90837492829755	58.92954772059841	58.941992984144434	59.04105288047771	3.745774684443718	59.81034860125869	59.852465846916886	59.887422492137546	58.19133829000114	3.3891706063545346	58.69081503559008	58.81615006333671	58.85658514083164	59.14823020043486	3.7346452537559376	59.89858671290188	59.92671769233933	59.948642610457625	58.165743339032765	3.384271304658535	58.62028619363055	58.81081096212566	58.85639123466591	57.47376524934973	4.333851062574819	57.83860139370534	58.3928098543131	59.92501307533705	54.41118866060643	5.34018999438912	51.28755989902963	55.870620215878205	58.81305308797381
1760000	59.51535977846147	3.5375207890727394	59.87377878551634	59.9615266790167	59.99451603472692	58.31323055083585	3.431415225467167	58.91286165585847	58.929817755728365	58.94241247227709	59.042701861346615	3.7458164340000297	59.810616656227225	59.85244000928713	59.890975857839884	58.19267554712937	3.3888537017054268	58.68892052365209	58.816941487072924	58.85730591286786	59.15044995047832	3.7347229150125334	59.89756177104117	59.930501417575115	59.94947051038717	58.16703875482966	3.3831385346131406	58.62231944087868	58.81210539774911	58.85711923369686	57.48354254802281	4.32625517150229	57.841004148093454	58.414361261215134	59.9253680122335	54.42230379560108	5.3334632973469445	51.395788250517064	55.87179983764035	58.77642018179254
1770000	59.512865270916166	3.5378392955826916	59.86690154513588	59.959246631655994	59.995510950964174	58.31110985073848	3.4279910219178142	58.90969810811757	58.929530931320485	58.94204537954734	59.04656088986013	3.745270818615193	59.812960847127535	59.85846462235701	59.888848789599535	58.195230266509775	3.3883861481041087	58.69303831019815	58.81844844221803	58.857633774693355	59.14818724321953	3.7341588245870154	59.89530651192795	59.929135849812994	59.949344783969934	58.1697494274031	3.382573209233433	58.62400953105143	58.81269119505997	58.85774482638607	57.492650926349384	4.3239850402731985	57.84293580482395	58.414361261215134	59.928625921454	54.43628711815674	5.310833348089435	51.43133177722082	55.87686367055966	58.762821051526316
1780000	59.51722635712655	3.5380569502840715	59.873069849080636	59.964260220157854	59.99608980353696	58.313262126316715	3.429979817842507	58.909631492450174	58.92901120593527	58.94229222190053	59.04720593667615	3.7447876801162883	59.81196865801246	59.86037765749775	59.89117710633472	58.196589111243114	3.3891074766150373	58.69352875544595	58.81950333517523	58.85768312060289	59.150573518087114	3.734453093892274	59.899037498008376	59.93169922228708	59.9519513872167	58.17123470080995	3.383804218463882	58.62400953105143	58.81303227936634	58.85850147343128	57.494770892056	4.32126117360833	57.84405818065444	58.414361261215134	59.92761573010741	54.448025043523124	5.303024749333108	51.4434178707401	55.87686367055966	58.8132280114979
1790000	59.51666134417438	3.5381235422231168	59.868338453950344	59.96507661022884	59.99432425624285	58.31663248090602	3.431022798189944	58.9131647027957	58.930988076034566	58.94467795912011	59.0483924684931	3.744164152882463	59.81585747434771	59.86126981025548	59.8910488248313	58.19825330454347	3.389018991791722	58.69447015898576	58.82035195749185	58.858900158406165	59.152217183394484	3.73396221645699	59.89798136979869	59.93028427936697	59.95116358539231	58.17201575156819	3.3837867037008773	58.62690153384062	58.814817244465964	58.859240988658875	57.50280490056792	4.3120310529136825	57.848477791104166	58.414361261215134	59.92836222407056	54.46493105723555	5.287880765426174	51.45889217632481	55.878867533348824	58.770519242017116
1800000	59.52219974820993	3.53916456713468	59.882246753634206	59.96968522096964	59.996150427798185	58.31932541051498	3.430704330972777	58.91468821428459	58.93330260150513	58.94524644817584	59.04918020818257	3.7439548522364046	59.8140154733482	59.85805051041585	59.891697018124056	58.200241461170805	3.3894864199923926	58.69677747846405	58.82057579497288	58.85950675650675	59.15348458135601	3.7340795361710164	59.899668395661614	59.93193635152463	59.95176250408715	58.17489363476299	3.3834821484375737	58.62690153384062	58.814817244465964	58.859615894191904	57.50801645734956	4.301179573923655	57.84437297848996	58.47075774889207	59.92630775164457	54.474662581360796	5.2819048124409935	51.493554484868525	55.88085690262744	58.8067549408226
1810000	59.51762077742385	3.538605533197512	59.86750350065002	59.96451020288967	59.99516383888948	58.31837441617926	3.4299763313769924	58.914937497178435	58.934105675443796	58.94557536605476	59.04981857224508	3.743630347463806	59.815927746654495	59.86130206661201	59.89421040102352	58.20104872519532	3.3879731531932666	58.69677747846405	58.82184819656317	58.859942869127465	59.15402110849308	3.7337165420132488	59.904696993894376	59.93222034675862	59.952272974716706	58.17676242801928	3.3819645717807405	58.62684321692011	58.81510260625443	58.860327596826764	57.516773557764964	4.299296166721137	57.84480610645885	58.476536470107916	59.92902377377668	54.47950567480067	5.279819922637916	51.493554484868525	55.88085690262744	58.774836843754
1820000	59.52004160229349	3.5386348124746343	59.88109546689694	59.96789258136799	59.99626812852494	58.31881626312622	3.430033001669987	58.91756478708807	58.933836639910474	58.945402694887065	59.052553404447856	3.7438973917983946	59.81698927799352	59.86283800971701	59.89413873478356	58.202867570725914	3.386909518015625	58.69794772718122	58.821998635176165	58.860539261523904	59.15490354714244	3.7336802976767	59.903856593063786	59.933141127299244	59.952538990325934	58.17741469234656	3.3825773310640734	58.63609351747648	58.815458620624355	58.86128152358757	57.519829635925426	4.29434221171404	57.838146551710956	58.476536470107916	59.93220339235238	54.49273151695568	5.272585604280389	51.493554484868525	55.885822576965886	58.80597183794187
1830000	59.52784898500745	3.5389072781192015	59.899941092193714	59.96863496636804	59.99691860387718	58.31868658596774	3.4290204156217707	58.91526526283311	58.9343059645615	58.94573262185446	59.055020642386474	3.744407824533852	59.821860065645794	59.867943699573836	59.89840935731672	58.20286569557669	3.3872998325618613	58.69794772718122	58.82329818430516	58.86095014764243	59.15600254976746	3.73356670680448	59.90511003644026	59.93302505155227	59.95378153323348	58.1781405650666	3.3827972443384486	58.63609351747648	58.81715976368291	58.8626139969205	57.52411826995284	4.291537194496259	57.84770125310847	58.476536470107916	59.93024990652362	54.503801712618014	5.262631129142474	51.53748647883141	55.887613254792214	58.76517001613696
1840000	59.52464261242606	3.5388536572735068	59.889728744032766	59.96950430937314	59.99621827954495	58.31926598500434	3.43062108230209	58.91609654525507	58.93380465827272	58.94560515264553	59.05388144166897	3.743876850366595	59.819930484715925	59.86123313144254	59.89564612912094	58.20423261243222	3.3891258626085845	58.69794772718122	58.82332830364987	58.860768997248684	59.15406556763414	3.733094746029774	59.90275216049085	59.93255648790815	59.952691171361735	58.18084158444487	3.3834688624896483	58.63609351747648	58.817385668029104	58.8633204760454	57.5338880825295	4.280586752905674	57.852543986596125	58.476536470107916	59.929636378691605	54.518895292886	5.239141832495505	51.54078435855649	55.893289030709724	58.76336589270065
1850000	59.524193101279984	3.538820907127693	59.88912829979507	59.96795772593019	59.99651705831174	58.32123884374349	3.4310098783955487	58.917356309948005	58.93514294528701	58.948021473964204	59.05671237702767	3.744221520495794	59.826257549668156	59.86613209336927	59.896365545008024	58.2059958653201	3.3880850984748117	58.69925038035177	58.824530742447365	58.861424548404095	59.15826962758305	3.7336960368879697	59.90846783446983	59.9355789792111	59.95480944221329	58.1828819961009	3.3827619364362933	58.63786555709003	58.81889610849097	58.86389485428635	57.5378921349	4.278637727451745	57.84811384149742	58.476536470107916	59.93265721488588	54.533000296816915	5.230036076370444	51.57027857157056	55.896327133208615	58.81885177200262
1860000	59.522946882649286	3.5389123095933908	59.884093295338666	59.971373204669	59.997057679895725	58.322072389868325	3.429880247830142	58.91815707208851	58.936255837541545	58.94754114551982	59.05905653188225	3.7439709160540513	59.82903239675933	59.865491377239735	59.902132539468596	58.207111111025675	3.388080839950839	58.702025829411625	58.825263231602705	58.8621261152042	59.158219791821146	3.733642068629251	59.90729563374508	59.93593857316171	59.957327896499045	58.18390998854423	3.3829584759342564	58.643734039474985	58.81965000303685	58.86461101514488	57.54494205151941	4.275068293836013	57.85141018209135	58.476536470107916	59.93240258142566	54.541339846952475	5.2277860625516706	51.60927699004887	55.896327133208615	58.77990847350036
1870000	59.520144782253105	3.5388502757789877	59.88264316322001	59.96789957414258	59.9964317471921	58.32298393782093	3.4290491704117514	58.92022232427976	58.937428042819036	58.94888551834316	59.05953677550651	3.742978018745781	59.82643207587985	59.86777486024546	59.898991765381375	58.20847626675666	3.3895948046305864	58.702025829411625	58.825263231602705	58.86271232848769	59.15844782259363	3.7335444827090236	59.90989387942392	59.93761872995533	59.95755010664598	58.18539595778872	3.383165852297659	58.64308745320773	58.81926465899683	58.86525097914878	57.547764691608066	4.269345205051831	57.85281808998473	58.476536470107916	59.933913343476505	54.55148429435071	5.221804474731025	51.66181471880111	55.89813761733904	58.80638613611072
1880000	59.52677130712648	3.539372922241472	59.89280491961482	59.96928798159718	59.99778697198812	58.32232381416659	3.4286814779306	58.91940337629654	58.93784189879561	58.9491533806354	59.06027484466168	3.7428362649949567	59.82577323446583	59.87008662000099	59.8990272842376	58.20981825284436	3.3879451321113123	58.7040858079627	58.82869283203101	58.862391446952934	59.160176131898616	3.7337038551853836	59.90799119927468	59.936976439784274	59.957592198888804	58.186180804078575	3.3833240292739273	58.64453722947672	58.82007995035504	58.86590324651131	57.55690925255027	4.256976489715409	57.85690362098933	58.476536470107916	59.936230575123446	54.56538449866985	5.2094019018005335	51.66181471880111	55.90122251442179	58.82756310262682
1890000	59.52273440598095	3.5361163934319944	59.87798503469746	59.9695697790314	59.99713105298372	58.322998869695425	3.428793503710237	58.92138809874294	58.93886599801387	58.94827685383503	59.06464192863564	3.7432554853039846	59.82939899819241	59.870878847971916	59.90323560185496	58.21091583629854	3.3879465436023035	58.70607870724052	58.82869283203101	58.86304070301378	59.15959085327223	3.733401602250819	59.90695423334416	59.93820130123684	59.95932689114476	58.18735605295599	3.3828784597024053	58.64453722947672	58.82080126768825	58.86653677446423	57.56624763756005	4.250739371105963	57.855520969574414	58.476536470107916	59.937826404228794	54.57097591478798	5.204861548710812	51.66900960462903	55.90289364349985	58.79454995743302
1900000	59.52869362690944	3.5376992154860796	59.9004803132724	59.97257246149695	59.99694666911996	58.32227484307368	3.4302917302573177	58.91938686514827	58.939325365295666	58.9489282301066	59.064888263715666	3.7419330158265693	59.83046877457126	59.87174258991468	59.904957282577584	58.21206956961921	3.3890943502862716	58.70846564705372	58.829881569691125	58.86442423049497	59.16153098848344	3.733662096054693	59.911617534489324	59.9386139812371	59.95753434457238	58.18884958236679	3.3829638686293384	58.64453722947672	58.82102081901804	58.86692108920299	57.56836767960343	4.249208672695525	57.849157812583755	58.476536470107916	59.93604024865681	54.58351106652179	5.193642261522449	51.66900960462903	55.90659065841308	58.81914347658375
1910000	59.52381247847845	3.5382111606074886	59.88800503186438	59.969335509039674	59.99706976499644	58.32426299429304	3.429751060577547	58.922694346760856	58.93793699598087	58.94901899375942	59.066720855471495	3.7419749365678565	59.83226891475846	59.872117427150656	59.90368751192068	58.21182243676151	3.390396538204665	58.708650432536345	58.83015523653815	58.86495279031756	59.160749671881945	3.7333261275002703	59.910271367108905	59.93707637655865	59.956734444564255	58.18969451319092	3.383345578246456	58.64582389831258	58.822191889285044	58.86754288415553	57.57046058694852	4.244792627651943	57.85807939432706	58.476536470107916	59.93410060007228	54.58883661272545	5.188297819853979	51.66900960462903	55.90659065841308	58.762821051526316
1920000	59.52624596878308	3.5387640404955314	59.89225376682835	59.97088509399656	59.99756405071811	58.324600637740666	3.430318939123605	58.92102431245705	58.93918763883837	58.950953065787274	59.066911743195824	3.741782635971584	59.83224769704647	59.871287413465126	59.90476248453747	58.21450980195706	3.3893600846120178	58.71018421895501	58.83155947442293	58.86557410974787	59.16205727413781	3.733460935984008	59.91084201307689	59.93802742014486	59.95958445772041	58.19241827668373	3.3831064069147865	58.64582389831258	58.82249903527911	58.86830556605444	57.57532811531667	4.245846325821775	57.85066001648971	58.476536470107916	59.93758029120879	54.602252456590065	5.176579337157649	51.6762425462653	55.90905621638716	58.77146504305462
1930000	59.52631649395886	3.538798908894793	59.89823108521092	59.971975256538116	59.997859563654195	58.325893020362486	3.430539150347509	58.92402909926362	58.940336162468185	58.95178569859294	59.069256909807024	3.7421710686270515	59.83380389394263	59.8751215932093	59.902378850643935	58.215207738549	3.387939365178428	58.71087646368797	58.83148213713078	58.86594254441896	59.16237665406057	3.7335245418502794	59.912667245616184	59.94061236552382	59.95741761652244	58.19362085306054	3.3827333494758096	58.64582389831258	58.82294830284005	58.868563513583524	57.5831804680748	4.235258220308373	57.853663631688406	58.476536470107916	59.936918444841496	54.613478317658426	5.1687788789198335	51.7182442529463	55.91193603217141	58.77146504305462
1940000	59.531820306233946	3.5393226788966072	59.905544573063445	59.97234157435709	59.99755482214242	58.32636710687681	3.4307243344550558	58.924279610924664	58.94182654324058	58.95203073558034	59.0717885495838	3.742299894106044	59.835425363186566	59.8761099169316	59.90741370835215	58.21591145702918	3.3874888924230975	58.71121485559838	58.83173227513008	58.86594254441896	59.163618612438995	3.7335520796705692	59.917589142206886	59.941007278904266	59.958293895115744	58.19428260861503	3.3829877194514286	58.651400361838014	58.82388829911289	58.869241551185176	57.58989040030954	4.228747857952557	57.85977109255994	58.54477815239166	59.938204781325794	54.62524876982121	5.15830125718971	51.7182442529463	55.92349226161259	58.762821051526316
1950000	59.531534951561085	3.5392613445583514	59.8985436273382	59.976210534365144	59.99833040650496	58.32725959241548	3.4304445865501165	58.92518070988607	58.94117773105185	58.952670227555245	59.07274064043176	3.741761060955215	59.8354895888263	59.87673423482954	59.908270418001024	58.21656968882783	3.389960962100597	58.711315021460294	58.831940674353504	58.86657767767162	59.16476541062603	3.733108470497408	59.91395552144226	59.94229215132292	59.961115527216	58.19571406476624	3.3833113927479617	58.654898128404525	58.82523831271569	58.87007320041263	57.5988416582752	4.2183280884782794	57.86380681717114	58.54477815239166	59.94041456400115	54.63189219349189	5.157703602731999	51.74680329547095	55.93332391107939	58.81914347658375
1960000	59.52969474720346	3.539228258265094	59.897328855242165	59.973894210892894	59.9969907075646	58.330442925557776	3.4291093370423096	58.92701214832739	58.942850483431386	58.95306697503351	59.072078617867895	3.7410020905523824	59.83394522034261	59.87183338782308	59.90574599073409	58.217610268765476	3.3884000134988996	58.714717779944756	58.83329296342597	58.86844449012318	59.16667348209777	3.732682677090667	59.91332442982225	59.94060487946527	59.96035851805034	58.19680348796094	3.3826831082266877	58.654898128404525	58.82574067106757	58.870738542708736	57.60355345563765	4.213291551744596	57.86364453747404	58.54477815239166	59.93994337356145	54.64184973123215	5.151186353959805	51.79835039573686	55.93332391107939	58.79073586731349
1970000	59.532085245995454	3.5380169322952644	59.90005867466368	59.97551521844579	59.998107191109	58.33159764254479	3.427772427215698	58.92673319393705	58.9432016550018	58.95437576687425	59.0757793925889	3.741291499282813	59.837705415291715	59.87660023796709	59.90791759081516	58.2187895571847	3.387366480302416	58.71740072755084	58.83394743973155	58.868838837337634	59.16764307573249	3.732838225336133	59.914161790434186	59.9439753721675	59.96034744613574	58.198007364561185	3.3824437485537966	58.654898128404525	58.82627924999189	58.871208882042886	57.60624967583375	4.204111620440496	57.86457274625465	58.54477815239166	59.94182963674734	54.653484045023625	5.131453315551908	51.79835039573686	55.93332391107939	58.761073766032254
1980000	59.53597750981563	3.539626476507917	59.90708841501759	59.978717755658494	59.99835632898173	58.332926956360026	3.428719404486122	58.928829784891924	58.94303030626383	58.9537322695552	59.077341284094025	3.7413256722287467	59.83934075871363	59.87977807793955	59.91161865076482	58.22053221134376	3.388340109125892	58.719863313025854	58.83497238157409	58.87033088912047	59.168334141731286	3.7328466616553775	59.91824100766788	59.94130220022821	59.9598675331589	58.199380055075586	3.3833360231086664	58.65671641131078	58.82693911872113	58.87141396016038	57.61826840481979	4.1956615680263125	57.86841429913138	58.54477815239166	59.94054587269774	54.66277228693751	5.127246050064255	51.79835039573686	55.93332391107939	58.80222675780881
1990000	59.53177092218522	3.5389838264094724	59.907400342824026	59.978944935136624	59.99868922365655	58.333406098403756	3.429231380690224	58.92835950669979	58.94431126076431	58.954756522581256	59.08179090654911	3.7419784594936814	59.84305081098812	59.883338838675854	59.914614980620414	58.221814681075564	3.3879687345025817	58.71992966607998	58.83589027874575	58.87002235342132	59.17026666483145	3.7332353981743687	59.91809492522427	59.945778156437925	59.96297324280909	58.20052937660353	3.3825028995599973	58.65899424274937	58.82908847952356	58.871656597377665	57.62210633949495	4.190051649982872	57.8629494467684	58.54477815239166	59.94312631104972	54.66982762458158	5.123560384115059	51.79835039573686	55.94422303251248	58.801027014321924
2000000	59.53775833576721	3.539389084557235	59.912794651731815	59.9796566771563	59.99804528947983	58.33335774724504	3.4317394000770536	58.92915534911371	58.94421666458746	58.95461250775566	59.08038969419768	3.7410325138436815	59.84271209729178	59.88162400257753	59.91116348218742	58.22304799400929	3.389333396409691	58.72398969589216	58.835999344181985	58.87161363515486	59.168734752408696	3.7327337992321614	59.91878072849395	59.94317458584413	59.96045239826606	58.20223558332549	3.3827272905973036	58.65899424274937	58.82919720567426	58.872350728777086	57.6273043629067	4.187121992940038	57.864840361817116	58.54477815239166	59.94113686584549	54.67694655977164	5.117685957469568	51.811316118272444	55.94422303251248	58.801027014321924
2010000	59.528841272058735	3.5389042624257843	59.89689884961863	59.97760408761721	59.99839816211606	58.33445677002395	3.4286228761746838	58.93003104705468	58.944860392580495	58.955590701733605	59.08037182247902	3.740760773018721	59.843012973385235	59.87893086702706	59.91093038488651	58.2227491858216	3.38870931408474	58.72589996406249	58.836816029875855	58.87215796266953	59.17092118280157	3.733164243302207	59.92074649013405	59.94606392332997	59.962715126488995	58.20154154192399	3.383100738709043	58.666552213588375	58.829681755892906	58.87278920576847	57.629240181290506	4.183554357822466	57.863649428446536	58.54477815239166	59.9440904810562	54.683309166782514	5.1131109190006425	51.82570917342466	55.94422303251248	58.770594179914404
2020000	59.532717160659736	3.5389979711565553	59.90648627676811	59.97943265561714	59.99860081364178	58.3338731434834	3.4274463474087455	58.92902224206725	58.94560597486639	58.95587670197544	59.08161970684979	3.740225532641347	59.844247828095625	59.87966808963029	59.91045091591776	58.224832355500595	3.386606641537462	58.72589996406249	58.836816029875855	58.87235752545137	59.17057740015419	3.732945466519303	59.918084732566676	59.94516786233965	59.9638736408348	58.203647894410814	3.3822466868480285	58.666552213588375	58.82978444556631	58.873120476109946	57.63328149902584	4.1816790432852375	57.86722819482242	58.54477815239166	59.94427156148507	54.694062840493174	5.1064456701316665	51.831472769097736	55.94422303251248	58.7907107348954
2030000	59.53696027564364	3.5386477151830302	59.90964977713906	59.981631706297705	59.99852636177884	58.33424024438387	3.429386966588996	58.931338482651455	58.945415985591815	58.95601152824755	59.086696363559454	3.7404348619507166	59.84900811869451	59.88336072678939	59.91449998973164	58.22627961256512	3.3872604561853383	58.72718937735955	58.836816029875855	58.873129815644305	59.173559307387194	3.733321308895314	59.9239069187388	59.94800277121675	59.96493974275131	58.204496550672246	3.3824226394325887	58.66687520872515	58.829914758532325	58.87334404899626	57.63713012113042	4.182383738652856	57.868350099525045	58.54477815239166	59.94471175308391	54.701303301434436	5.102542717268287	51.87198175676741	55.94422303251248	58.7907107348954
2040000	59.535660768482394	3.538637645973106	59.90160938765698	59.98014591384137	59.998504947289874	58.336077316621584	3.428709549042077	58.9303613961366	58.94644581650776	58.95622590354161	59.08625464996988	3.739805211831554	59.84626358196645	59.885767937566904	59.91448173456241	58.22647051884215	3.3874292366075904	58.730419121713865	58.836816029875855	58.87307187723327	59.17007867827157	3.732497329861348	59.9184098027129	59.94425222227229	59.96277193630265	58.20586422369566	3.3826250645895426	58.669981023495374	58.8311397260139	58.873440094776555	57.64134909635596	4.176293151447368	57.867508794587636	58.54477815239166	59.94557092869225	54.709792882268225	5.092674237664674	51.90848120358336	55.94422303251248	58.770594179914404
2050000	59.53830578057623	3.539106855349571	59.921187733293294	59.983629108621216	59.9988486044316	58.337941965903084	3.428839742961698	58.933979976868685	58.94723899938366	58.95741702757891	59.08899893604576	3.7403864415198855	59.84575072759651	59.88614722158427	59.91791998243777	58.22729998176027	3.388531638884851	58.733536124927895	58.83824088127142	58.873129815644305	59.17321536602781	3.7328690783401965	59.92304385103067	59.94780161839209	59.96507974317162	58.20704267763024	3.382694575934504	58.669981023495374	58.83122564140163	58.87520599800946	57.64712723636928	4.174143212817964	57.86561362943658	58.54477815239166	59.94512036308937	54.72010697732188	5.090574915894501	51.91466742308138	55.94422303251248	58.770594179914404
2060000	59.5334711345313	3.5389534867649766	59.89799926645116	59.97811204419343	59.998794172703235	58.33847455582528	3.4295745638273076	58.93410046367875	58.949015763290475	58.95747594645734	59.089149390977646	3.739893355430511	59.84810543687369	59.88529514126648	59.917636218624764	58.22847614852953	3.387687907183545	58.73420775058275	58.83953557580735	58.87444395309	59.17456703241796	3.7330032051279587	59.92378646678524	59.948794536134486	59.966142013680404	58.207633208445856	3.3823519144606378	58.671420724129135	58.83263792275631	58.875835149662095	57.6515899844233	4.173524365008879	57.86964094143085	58.54477815239166	59.94762192145626	54.72983067192043	5.0856680290774525	51.97822869341981	55.94422303251248	58.770594179914404
2070000	59.53564220874348	3.5394176007297236	59.9126421845301	59.98040734220457	59.9989029479393	58.33839858801067	3.4277757007668885	58.934114122753954	58.949265708340164	58.959001168246765	59.09236693872685	3.7400656375572137	59.85267487002098	59.890902074599865	59.9190550319215	58.22948572913231	3.3880565654630432	58.740397606682194	58.839915376880825	58.87482494111219	59.17418869987455	3.7327077063400123	59.922570905685966	59.94740786313852	59.96617581710892	58.209963278342634	3.3825494714314295	58.67340719345577	58.8328382884477	58.876449487685775	57.661792167967285	4.163101378229293	57.873673390823605	58.54477815239166	59.94889279159792	54.74003814204293	5.075749242591143	51.97822869341981	55.94422303251248	58.790105313391166
2080000	59.53950984989719	3.53950355317375	59.909421183970274	59.985264867636616	59.999195835710694	58.339202031042554	3.4285890697166725	58.93381062488234	58.94896905765496	58.95942756386405	59.092679510527944	3.740122814752455	59.85146316890182	59.88941980065721	59.92082242481754	58.229195596091344	3.387458425975121	58.740397606682194	58.83997352125297	58.87506877506093	59.17486376746059	3.7327484238459965	59.923635264597806	59.94797153456897	59.966875301281206	58.20946861134468	3.3832468026631575	58.67706476795301	58.833236832751126	58.87687750500511	57.668907184051186	4.159345275471444	57.869956801466415	58.54477815239166	59.949611769701065	54.747458698242845	5.069664920049458	51.97822869341981	55.94422303251248	58.7907107348954
2090000	59.5412376681962	3.539322326185057	59.9141014001639	59.9849726676795	59.998849045239226	58.34018329131167	3.4294656565156627	58.934315761868866	58.94900176355737	58.95937639189609	59.09457154784963	3.740269775860223	59.85171215869769	59.893074672882676	59.92001613183679	58.230085522870624	3.3878291797981963	58.73957353713252	58.84035109373377	58.87474835121509	59.17467637226951	3.7327071413273543	59.924263773535934	59.9500402629954	59.96703168497958	58.21097093399439	3.382452724191226	58.678269288867796	58.833690989637866	58.87705969239421	57.66948692445103	4.156699649748375	57.87743126975391	58.6065930623859	59.94911412323107	54.75597335456674	5.058208825365091	51.97822869341981	55.94422303251248	58.78730313734451
2100000	59.54148236072746	3.5394481375859344	59.92293702263049	59.98342121345675	59.99904730904534	58.34013998789355	3.428966995068703	58.935311427006596	58.949403710357345	58.95912742158608	59.095128754486176	3.7399846119419156	59.85540081339796	59.89054428730731	59.91978154158708	58.231059360585746	3.387888574321689	58.73821182633898	58.8409458723244	58.87528606307365	59.17567657657092	3.7326899749209557	59.92560964365924	59.94817701755266	59.96609655659492	58.21219256497121	3.382727864553667	58.68395213697435	58.834794435068105	58.877221206545855	57.67462707085731	4.148650794471754	57.87755538783814	58.6065930623859	59.94814690404355	54.76315374853335	5.053994767656495	51.97822869341981	55.94422303251248	58.770594179914404
2110000	59.53991305935652	3.539320973021593	59.91936107883293	59.98594640329763	59.999151500863036	58.339377519717225	3.428856835491614	58.93604552230293	58.95013018604396	58.95986304245627	59.09625721377214	3.74015030798792	59.85652798559049	59.89071441321952	59.9219636699265	58.23271465359673	3.3864191803016768	58.74043370981401	58.8409458723244	58.875964190775676	59.177758222330176	3.732952989779272	59.92881274475596	59.95138387672739	59.96775128851622	58.213582818468545	3.3823972604191024	58.68395213697435	58.83517671935964	58.877864520681946	57.680416910159124	4.144093723540174	57.87753978587904	59.07642336294815	59.94676206799588	54.77196583020566	5.050824283235302	51.98434372040027	55.95781551107831	58.821821820984304
2120000	59.53981802318818	3.539367904990361	59.91751609638741	59.9884524945265	59.9993411508208	58.340345839143126	3.4302164059732303	58.936512982756454	58.95137447816516	58.960808408978714	59.09814691897354	3.73982792567743	59.85446432591462	59.89421567119432	59.92242813164922	58.232747639134956	3.388544378470352	58.74043370981401	58.841001508623066	58.8760162705173	59.176184139143025	3.732505524479507	59.925985742640606	59.949915658488706	59.96706231320305	58.21433650939212	3.3834620116027736	58.68460288897613	58.83574942741001	58.87828628782151	57.68754783716139	4.143667462996204	57.87798955154573	59.088388301059084	59.949589724102985	54.779895581422025	5.046390288202461	51.98434372040027	55.973981527896	58.770594179914404
2130000	59.54035495361051	3.5387071720832806	59.91460379918826	59.98577869045795	59.9994070972632	58.341393990969095	3.4294808333552513	58.937785632969955	58.95144201656669	58.960880152829034	59.099467715686174	3.739865560468229	59.85574871511904	59.894625433258284	59.924422013131306	58.23266166909273	3.386355552691848	58.73957353713252	58.841632796704204	58.876222903001135	59.178159507212705	3.732654774100041	59.92663477842778	59.95158713181722	59.967320608303	58.21456496599413	3.3830984923787417	58.68615211286385	58.83635775644805	58.87843190525499	57.69246238142851	4.13324998325955	57.884525043919126	59.06702759037911	59.95115599409063	54.784743703159485	5.044357546883754	51.99997140363881	55.98138771107069	58.77986496219069
2140000	59.542428406618804	3.539382664692092	59.91823043799722	59.986204381992536	59.99932185234464	58.34245659546338	3.4296997162562417	58.93953412361033	58.95241345664614	58.96136176602772	59.10130140182251	3.7400474140952156	59.85797817242607	59.89675240176771	59.924075351068524	58.237101651477964	3.3862011640487357	58.74215488757954	58.842642356162436	58.87658606651543	59.17968107293627	3.7330452125943028	59.9312206848132	59.95426875639171	59.97002892702773	58.21616910253592	3.3823147262046547	58.68662492253968	58.83635775644805	58.878722582066295	57.69702067159454	4.130047636786333	57.88597324102075	59.07863220733813	59.950516808935745	54.789840369071115	5.042618572910478	52.00854148678227	55.98138771107069	58.80346240885196
2150000	59.538943987165545	3.538704901147643	59.90524735243724	59.986323665861676	59.99938994245445	58.343646108246986	3.4287946197840578	58.941523952490456	58.954194637921105	58.962224212444994	59.09997612255992	3.7396064354055882	59.859583787526645	59.894635101045665	59.923798193236124	58.23771844341809	3.3855295900334266	58.743647836387154	58.8433623723262	58.878413598268	59.180635446133394	3.732985040732537	59.93247521161603	59.954242214958256	59.97047591387496	58.216275812111036	3.3823591924882512	58.6874719485906	58.83635775644805	58.87884317325891	57.7022211707066	4.124336586609546	57.88250909520583	59.09725570582786	59.951477126946436	54.79500263527822	5.038301191021414	52.00854148678227	55.984732231998606	58.77864180807832
2160000	59.53810461640227	3.53847385178733	59.91391097051285	59.9835686472438	59.99926315265286	58.3447049229969	3.427521338331148	58.93999959480842	58.9527137759732	58.961874938574894	59.10002801706208	3.7394149797719676	59.858854339207426	59.894192978092576	59.923085361598396	58.23802428644511	3.3856460859234363	58.74215488757954	58.84345789917628	58.87887636358225	59.17775257389971	3.7322918421175415	59.929306666441136	59.95091665135513	59.96927944514748	58.21721805505702	3.3820723393870753	58.69293526417244	58.83662759891588	58.87930542545886	57.706837767120916	4.113626669593919	57.870930750439975	59.11106143279547	59.95246229910527	54.802971292129804	5.030898958288007	52.0370924576825	55.99735809857012	58.793591500395166
2170000	59.543889076765154	3.5386708201828743	59.920968309852924	59.98908177101688	59.99945808101596	58.34477300500935	3.428391685538567	58.94012181939098	58.953776799128434	58.962624172844194	59.10804423678897	3.7408334871190108	59.86673815430355	59.900338009639825	59.9269499084819	58.238541693040936	3.384875370315842	58.74043370981401	58.843744086279315	58.87937612189173	59.18139643178933	3.7329529889028374	59.93161266013913	59.95458105957539	59.9695244409295	58.21749761286662	3.3825821636161186	58.69293526417244	58.83793440579631	58.879401753061536	57.71222802953975	4.1118524143352175	57.88259967418767	59.02485253399507	59.953264342986046	54.809659601014076	5.024125986585023	52.0488746933942	55.99735809857012	58.776345279811885
2180000	59.54145378107753	3.538356118782666	59.92040850327611	59.98443697906396	59.99924258453382	58.34583780469549	3.4293566271187963	58.94258621849163	58.95492721482097	58.96363043172655	59.10632574787058	3.7404646163577606	59.86532310741853	59.89993737305841	59.92491277853179	58.23877477490031	3.387165259046487	58.74043370981401	58.84354261159406	58.88129800518189	59.18121439327561	3.7325850259079782	59.930397011014904	59.95342805546558	59.969746221776234	58.218433022225454	3.3825742048586322	58.69555173280848	58.83859828479907	58.87973851053247	57.71822724926993	4.103716952389287	57.88631749248519	59.116873500115986	59.95135236430076	54.82123810282932	5.011782468297705	52.06943585592112	55.99735809857012	58.82602382494437
2190000	59.543223366476596	3.53910173082321	59.925227004133134	59.98803258267519	59.99953035322876	58.3470326472937	3.429282750596136	58.94244502586672	58.954809811699725	58.963736276534505	59.10976516634058	3.7410600606550535	59.86559410409084	59.90374450381515	59.93011805720941	58.239703429257645	3.387726742019031	58.74043370981401	58.84424032118865	58.88119681547565	59.18227312984309	3.732746956888965	59.93343351734063	59.9567140798042	59.97112366769345	58.21982947922742	3.383053604059892	58.69555173280848	58.83901826559064	58.87990571129142	57.722309028274054	4.101135461769966	57.88845389268169	59.116843938708826	59.955093841224134	54.82860406622208	5.001895941144614	52.11113793386066	55.99735809857012	58.77986496219069
2200000	59.54286050996572	3.538845532356807	59.926684909786616	59.989794226645756	59.999679429986585	58.34595877911491	3.4293954136557536	58.94347557828393	58.955291525124	58.96329632288602	59.111044005045905	3.7412997390422236	59.87057594502055	59.90316502684212	59.931097224481725	58.2403437221079	3.387153005989648	58.743647836387154	58.845352368527664	58.88170017847807	59.18286490611838	3.732851212845183	59.933631573743064	59.95582320497239	59.97261929905242	58.22072860008452	3.382516102628645	58.69600380316611	58.839466238554735	58.88047308944968	57.72319284710264	4.099788842188202	57.88328187127474	59.08482377312143	59.956197402710195	54.83775324798907	4.990898364841568	52.1295179461316	56.0144959032648	58.793591500395166
2210000	59.546479830977155	3.538958014057008	59.927291005476064	59.988838308382746	59.99956041775812	58.34759186378569	3.4288019864972252	58.94437472114121	58.956153619157575	58.96401618978141	59.109277148674636	3.740470547401668	59.86504647666389	59.90207905090156	59.92860284505978	58.24160831098418	3.3857094212728267	58.743647836387154	58.845485621395696	58.881758986213484	59.182849715907736	3.732836576007247	59.93488241397228	59.95443456095563	59.972186105379166	58.22147547431836	3.382957909631002	58.69861827421034	58.840255823011574	58.881036449530654	57.72859168841496	4.098428889730405	57.88824574498469	59.179654600963715	59.95221491600084	54.84579769487836	4.979752471847566	52.1295179461316	56.0144959032648	58.77986496219069
2220000	59.54513414406781	3.5385390509472536	59.92698133349859	59.98847236151254	59.99963276061928	58.34746730804358	3.4289767643397804	58.94318561081111	58.95596111121162	58.964689604390095	59.11043385318705	3.7406408670405202	59.86853139366079	59.90183111299879	59.927872878827856	58.24156947723594	3.385760250286486	58.74403122979449	58.845681920233375	58.88215718458842	59.182529394404206	3.7325626223143007	59.933260467567315	59.95553258668217	59.971170670667114	58.22151667392952	3.3825643358249686	58.69891006635804	58.84069080409305	58.88176720687134	57.726948156611215	4.095443885526205	57.88257468442192	59.07414225804048	59.955311993329474	54.85374562491085	4.971355869304858	52.1295179461316	56.0144959032648	58.78550091728524
2230000	59.544852464367246	3.538712074476844	59.92829593406377	59.98933292161536	59.999531106138136	58.34879712038563	3.4294745887489726	58.944572155590116	58.95646905640536	58.96515332543439	59.11229588312841	3.740902697387806	59.8723481257691	59.90406651344371	59.93214415450027	58.243189068495944	3.387417778834062	58.74554227501191	58.84656364941816	58.88279785263561	59.183526297545896	3.7328114820490326	59.93393501606138	59.9556595279616	59.97187917770836	58.22293899620247	3.382746228033037	58.69946366703145	58.841324551206505	58.882278221205034	57.7358301708796	4.090557703389474	57.89113365799305	59.23273657553915	59.956437701925466	54.85910052166592	4.967655121592147	52.1295179461316	56.03074170805229	58.78873056236194
2240000	59.544383014000914	3.5386431757892813	59.91927789349831	59.98723504980562	59.99943779872181	58.34885862893651	3.429553574054814	58.94536676735308	58.95770992499983	58.965554949797756	59.11175037474944	3.740657302258946	59.87037277353137	59.90281865937174	59.931253587830405	58.243687845009184	3.3872532431444653	58.74554227501191	58.84780575340369	58.88284090057408	59.18394776732068	3.732584453692495	59.935915529128955	59.95676927937515	59.97104877717794	58.22413453027079	3.3826477184093364	58.70268758050448	58.84201731159446	58.88266949759616	57.74028844256462	4.088300345160236	57.893987661540905	59.23329224253663	59.95656227178179	54.863956044586565	4.963907951761871	52.1295179461316	56.03074170805229	58.77945820101407
2250000	59.54941319788737	3.5392604096848346	59.93653993294336	59.991965650120974	59.999801533898086	58.35033570981028	3.4296529051533016	58.94682791247923	58.95753900885852	58.96571016371776	59.114271816932735	3.7410984059002947	59.87394624074737	59.907367326335375	59.93349493676134	58.24469087369075	3.3862278145495313	58.74554227501191	58.84780575340369	58.883481567664774	59.18650151420982	3.73306562928817	59.937823458413355	59.95935702490746	59.974562290024814	58.2248364466231	3.3824145522484113	58.70415396443132	58.842251122440786	58.882895311267035	57.74529735961976	4.075358462853001	57.88899026088126	59.10993818206296	59.95920347220198	54.87255859712898	4.961189790399247	52.15288580673646	56.04196605569532	58.83483980958296
2260000	59.54537746384706	3.538667619482129	59.933590066302926	59.989198692504935	59.99965101792005	58.34966339163556	3.428936158737733	58.94625488209732	58.957953121436354	58.96666532355305	59.1130951397844	3.7407189052029	59.86822001026658	59.90645284039249	59.93367060424505	58.24552228791502	3.3847961845269907	58.74873269186697	58.84827612178371	58.88386370527221	59.184400177307516	3.732681136023267	59.93445681550924	59.956534282579426	59.97397601100384	58.22603448819081	3.3818259906530375	58.70522672250368	58.84335413332046	58.88340351530315	57.74974877403189	4.071613637429553	57.891402107625396	59.235661398517834	59.9591300293756	54.88234505157538	4.9500418508425765	52.15288580673646	56.05280418769019	58.78179669590478
2270000	59.548412031939826	3.53893929552936	59.935977688573914	59.989045389737754	59.999639079436456	58.34990717273421	3.429528962119505	58.94702818464097	58.958445550552696	58.967178877956435	59.11316057838934	3.7407318453510134	59.869440924198784	59.90572891674209	59.93492124358113	58.24638110004017	3.3864881317591498	58.749567659472014	58.84904205583011	58.88386370527221	59.1841384069593	3.732577438673146	59.933982373385746	59.95797608309887	59.97256695117824	58.226761675257066	3.3824708305353597	58.70522672250368	58.843638025574634	58.88370016618888	57.756093397926904	4.064891208081544	57.895300915375785	59.2617947105365	59.957740654815616	54.88775799523098	4.945704711326491	52.15288580673646	56.065538777999166	58.78179669590478
2280000	59.545326113822966	3.53875600951887	59.92637929175457	59.98891769120043	59.99979658441723	58.34928306058571	3.429300607422049	58.94574436663696	58.95853172717944	58.966376308913155	59.115351127451255	3.7411405130041473	59.87535826245893	59.90982853893014	59.93438341341866	58.246761507828175	3.386294382437468	58.75008195612069	58.849234011430156	58.884086411424455	59.186327441566746	3.7328013878671986	59.93775734070177	59.95860818363525	59.973470762516975	58.2271496260582	3.3830595349868107	58.70522672250368	58.84413646303172	58.883827159115626	57.762521399696574	4.0540160268795	57.89639146231525	59.266058295110916	59.957262475956256	54.89351203242203	4.9434516561173885	52.16620079391295	56.068898218059104	58.78782433313949
2290000	59.547974302142975	3.5389729047843344	59.93196197559386	59.99052531064436	59.99954804083871	58.350171238610145	3.429656123214659	58.94615007552825	58.95889394494989	58.966935691283595	59.11541342906704	3.740752722080025	59.87695257824836	59.906835228087694	59.93189561869988	58.24791794346999	3.3875923216505726	58.75008195612069	58.84999384920031	58.884537928714536	59.18539302981721	3.732601953694351	59.93791363401587	59.95831539645884	59.97296047258858	58.22848554525608	3.383069042028899	58.706146857655085	58.8442677030676	58.884395201296655	57.76823469087139	4.051693430662023	57.893775491558195	59.301975471491176	59.95958579827274	54.901753234850744	4.936145199125166	52.17230175250688	56.07335305945344	58.78607237421205
2300000	59.54685078739238	3.538219152400719	59.929151066060086	59.98850595609035	59.99963891191709	58.35136533833303	3.4286009190597055	58.94805267384343	58.959772336735845	58.967614478496166	59.117447529598124	3.7411442898339886	59.87751015991588	59.90923109594763	59.936146047412045	58.24833646888949	3.38716522433952	58.75292405348392	58.850121320872034	58.885025287413086	59.1868631772731	3.732747662984073	59.938234573066524	59.95948983733971	59.974991184573106	58.2286829296909	3.383156020713622	58.70643613393031	58.8442677030676	58.884907595842684	57.77196582879808	4.0471434333601435	57.89565898155159	59.25610731727878	59.95756567719347	54.90926371613049	4.932509580375732	52.20046124374965	56.07335305945344	58.80928423056277
2310000	59.55088076066179	3.5392295377696628	59.93663122356188	59.991756396201794	59.99970937769733	58.35111177753765	3.4286579210481665	58.94718057789082	58.959493491759524	58.96730866464125	59.11759866683343	3.741097778535946	59.877878156262184	59.90852119340103	59.93509939280362	58.249056818664044	3.3868853980900084	58.754334054519845	58.85053194970733	58.8852285682298	59.18526690534382	3.7323224259720917	59.934251658802594	59.95867003682694	59.97500255618927	58.22936749005366	3.383041755317498	58.70643613393031	58.84551409015438	58.884980257649154	57.77608130673867	4.042874600031512	57.896138439638165	59.27976728645247	59.95805996942598	54.914107646630725	4.930388322482092	52.21939695461447	56.07335305945344	58.835250540701665
2320000	59.548010833023326	3.539190951777575	59.93491018578976	59.98961674792375	59.99963497017992	58.35156250399737	3.4299356527110954	58.948256148156034	58.95954006667094	58.96708899496944	59.11643900095632	3.7404961746145977	59.87229281655762	59.90781029327601	59.93485884888906	58.2498508870015	3.3865801285961843	58.75500102524751	58.85063698246269	58.88559198585799	59.186678217387566	3.732555344543701	59.937469245068606	59.95933037788372	59.97472168491166	58.23058136072385	3.3823140472041167	58.70643613393031	58.84569208301276	58.88511740187391	57.779943051947505	4.042780200118304	57.90009191383872	59.503929176919584	59.96044095588695	54.91877923228946	4.925467789737254	52.2245346106584	56.07335305945344	58.80217459138624
2330000	59.550689879531504	3.5389488061848366	59.932752143191905	59.99270923429361	59.99978662658786	58.35149175091796	3.4288352314814836	58.94825997657902	58.95977793796301	58.96730783733993	59.11823830107974	3.7407512252200337	59.8768367274748	59.90991309131368	59.93647969645146	58.25085350816597	3.3852698479645573	58.75524677463952	58.850613555482674	58.88559198585799	59.18691418531709	3.7325853760544137	59.93816446585007	59.95870226231065	59.97335156074365	58.23191861715195	3.382127658459198	58.70643613393031	58.84569208301276	58.885280792554994	57.78444196454315	4.039292162581932	57.89662429967262	59.63707776453487	59.960475941405214	54.92717691179866	4.920526433633712	52.2245346106584	56.07335305945344	58.835250540701665
2340000	59.545490365564305	3.5387717135160996	59.93519492639021	59.99221718923832	59.99978150113881	58.35210805791035	3.428948264215185	58.9482382340976	58.96006673655876	58.967924467903046	59.117862377523345	3.7405507498963892	59.87725262230252	59.90834950810705	59.93628455283388	58.250903116210445	3.3872442548061477	58.757944338090105	58.85153259762075	58.88566498115769	59.187199569044964	3.7324974673351012	59.93967134700715	59.95920687166637	59.97341403330524	58.23240990232423	3.383128611096872	58.70643613393031	58.84594025004773	58.885707892480596	57.78442177201709	4.038894726077176	57.89705930638207	59.609539599506135	59.95914766625705	54.93303931669835	4.915376090149965	52.2245346106584	56.07335305945344	58.82264512940838
2350000	59.55167494331281	3.5391736438209174	59.93750004340076	59.99273043922228	59.99975218392683	58.351786822588124	3.428331382033985	58.94744032310283	58.96035579364614	58.96772436571756	59.11898926991856	3.740677476283139	59.87633417411763	59.90948859608065	59.937541352264205	58.250869569291865	3.3870984023952166	58.7585344445928	58.85153259762075	58.88566498115769	59.187292536197845	3.732497130885544	59.93959516963622	59.960060059973436	59.97389452441078	58.232231370526584	3.382983324266848	58.70643613393031	58.84658916247585	58.88611366232812	57.788107982053575	4.03265806215121	57.89641973042407	59.65654333996905	59.95895311770174	54.938529031462195	4.911054414360274	52.2245346106584	56.085336032014396	58.789425817256586
2360000	59.54748995978788	3.5391527957400934	59.937135340262415	59.99160003213608	59.999784752067555	58.352250809629105	3.4299653824844607	58.94894138540626	58.96021565502963	58.96779825978894	59.11724846034778	3.740132175575899	59.872283644134356	59.91020017737278	59.93661425698274	58.25136201087606	3.3877451154202434	58.759095695316276	58.851878250542136	58.886134129346196	59.18737957535518	3.7324750807982183	59.93978627556886	59.95958875842513	59.975329867129375	58.232790919256054	3.383072901071593	58.70643613393031	58.84658916247585	58.88611366232812	57.79476991685181	4.024122917190309	57.90289470273255	59.654643812851845	59.957575495318494	54.945680489465246	4.907706026028314	52.2245346106584	56.09395142335702	58.835250540701665
2370000	59.549895986488565	3.537246301622156	59.943116014058056	59.99389764294897	59.999865520605134	58.35237365734678	3.4279579069212307	58.948121119999726	58.96005638607386	58.96771309113205	59.11820229748136	3.740307445103193	59.875459914027296	59.90914408392328	59.936738040747315	58.25311101235149	3.3863637380778537	58.76131976917243	58.851878250542136	58.88667106522435	59.187392859766256	3.732291847028659	59.93982010741227	59.960095333088645	59.974053915720376	58.23418217627459	3.3826404409838133	58.70738326191195	58.84664701997117	58.88642988467845	57.797426262615	4.021999993187073	57.89849183174244	59.64019336907111	59.95715668734137	54.95482719855376	4.90084632229577	52.2245346106584	56.113565658418025	58.80217459138624
2380000	59.547251010906635	3.5380852938557417	59.931933119229114	59.98887765935444	59.99956032297619	58.351649886672845	3.430986300384203	58.9487220097233	58.959480758219044	58.967207566292885	59.11516930108779	3.7395869311282395	59.873572663422394	59.90761861802746	59.9328623942895	58.25308782326219	3.3868294716021836	58.76131976917243	58.852258364047785	58.887651149152106	59.18563797979216	3.731954488921137	59.93721964802323	59.95763818839931	59.97355249499662	58.234786179416005	3.382652740356095	58.70951564011466	58.84688510743738	58.88662053287487	57.80121226435058	4.0203644953834905	57.89956207038885	59.68855156119886	59.95889550153834	54.960392808548285	4.8945805569174	52.22745156522055	56.113565658418025	58.835250540701665
2390000	59.54659562252706	3.538864803964733	59.93842285695747	59.990118709269225	59.99951668848951	58.35253944819182	3.429779301876215	58.949231130667144	58.9604158038408	58.967964727785855	59.11828963386507	3.7395448370449533	59.87679662781401	59.907900882311964	59.93440453304178	58.25379625266162	3.387729735435721	58.76131976917243	58.852258364047785	58.88774109039568	59.18712703805863	3.7320156993443585	59.94067717211985	59.959607865953906	59.97365739723964	58.23516485040529	3.382784263527001	58.71015809235826	58.847697408346434	58.88693818831462	57.80454986902553	4.015571635053344	57.898463207915455	59.646634305243396	59.958837637228584	54.96672523828215	4.892567142206876	52.25151056634686	56.17330463315312	58.81062528834185
2400000	59.548602161081924	3.5392454719516153	59.93395115421442	59.992725030817724	59.99986911897627	58.3523983967452	3.4279882406024944	58.949069128327345	58.96060452249771	58.96850122249306	59.122217089215795	3.739004731881485	59.88002400694273	59.912805047071885	59.936989634034234	58.25459614567903	3.386714855118136	58.76131976917243	58.852024724572985	58.88812298607604	59.18757006655071	3.732164773043335	59.93958363341093	59.961445649612024	59.974256102898835	58.23597206296932	3.3821387936049097	58.71068598012339	58.84893991718005	58.88743712010779	57.811421350049294	4.008916133691187	57.89899324815413	59.664782384356116	59.95992467652941	54.97601830749627	4.8804886153193	52.268379000831246	56.17330463315312	58.81010974010509
2410000	59.54912481592091	3.5393039584802426	59.936927795366344	59.99053031384328	59.999758227445554	58.351921332054744	3.429500599833019	58.94922441684999	58.95994267791468	58.967574656128356	59.11959697957402	3.7384247274890368	59.875937565343	59.90896603354949	59.93483296280479	58.25556333743694	3.3874830673328584	58.76131976917243	58.85271289972216	58.888362880255826	59.18787194431108	3.732174399341975	59.93915035914016	59.95930785935975	59.97369171619794	58.23699182789535	3.3826019993389296	58.71068598012339	58.849540462766115	58.88776664628048	57.81265342984774	4.00887256964432	57.89832886832673	59.643487982286985	59.95815900457589	54.981121185367925	4.873839368471125	52.268379000831246	56.17330463315312	58.79885070657556
2420000	59.54797808092425	3.53932345114096	59.93127376113168	59.9906211893514	59.999737298343256	58.35231935620869	3.4289435980610974	58.94897168296444	58.95991302291404	58.96713041242816	59.11878641530488	3.7382656852637113	59.87236551266899	59.90937853076264	59.93507694409373	58.25660989098392	3.3861636663134442	58.762829020874676	58.85286907769646	58.88850498741483	59.18651285155836	3.731789970670755	59.936269587799444	59.958598247954356	59.97402884925046	58.238009853791894	3.3821194713919636	58.71193528329758	58.84989519385111	58.887834082560495	57.81710979527932	4.0062621566092895	57.898658033885646	59.63053750755467	59.95715179616083	54.98606703230348	4.870395610246589	52.268379000831246	56.17330463315312	58.835250540701665
2430000	59.54532456542044	3.5391370482133673	59.925963076593106	59.988074892418275	59.99963446965472	58.35240443253464	3.4301237115820786	58.94788871443778	58.96016005934544	58.96805605581163	59.120637645967186	3.738309779839528	59.878351627055565	59.90983792103239	59.934194440622555	58.255665529973804	3.38609397468555	58.762829020874676	58.853018458142614	58.888784209204246	59.187273766489525	3.731912662764522	59.93771816233105	59.959348970948184	59.97441281432833	58.2376220770949	3.3826364482728706	58.71442923493031	58.85019115985946	58.887965196448505	57.818085554822325	4.005271334641184	57.897230317363636	59.68447989706375	59.959344529994226	54.99214501567938	4.866084486017918	52.28746969132684	56.17330463315312	58.835250540701665
2440000	59.553994246269895	3.5399333375282236	59.94001144287424	59.99126149845772	59.999812636404016	58.35060596366289	3.4290557851272268	58.94657875085686	58.95980787615314	58.96786400148313	59.11899642678809	3.737908863408926	59.87293970626416	59.907620162737615	59.93517976946306	58.257649304619875	3.3870198379037295	58.762829020874676	58.85371703747802	58.889485632472926	59.186074755969315	3.7316269300350764	59.935031972822685	59.9582902702865	59.97394277987643	58.23819436322525	3.383048885468073	58.71442923493031	58.85067945233676	58.888090551958406	57.82177139652122	4.003648066301309	57.89535642597684	59.691587303546726	59.958014451431474	54.99499865123674	4.8611060152006935	52.300593353855845	56.17330463315312	58.797633129343616
2450000	59.55101228824127	3.5394591967014435	59.940397222282826	59.99243963026467	59.99969720218021	58.351773387628505	3.430327198080559	58.94747459516086	58.95964938274808	58.967402141910995	59.12269324051981	3.7382631245040114	59.87707339292345	59.91055134954547	59.935704373281055	58.2588283608742	3.387341365002475	58.7657084759543	58.853922143798236	58.88891804151347	59.187883983584	3.731980165053468	59.93802486463157	59.96049665879001	59.974158787406694	58.23918287056721	3.3825731923923312	58.718094670399665	58.85067945233676	58.88832989472644	57.821520536363366	4.002319509747795	57.90226353408795	59.58323844433177	59.95759995080299	55.00203189625941	4.856472263420351	52.300593353855845	56.17330463315312	58.81248924552735
2460000	59.5436910799281	3.5390774227944455	59.92417871134548	59.98976238733846	59.99975768012113	58.35231324881508	3.4305576028203646	58.95076502802782	58.96040994644966	58.96778073099457	59.12461029319655	3.7378638738732937	59.87860099312806	59.91071233758596	59.93601500051707	58.25915368047504	3.3879140112419703	58.76699116209164	58.85456840281348	58.88972326518064	59.188907119935536	3.732073088879318	59.94145249563132	59.96095535539262	59.97527143712141	58.23955819238743	3.383633216692981	58.71942434900021	58.850795298937506	58.888450036093495	57.823114380134804	4.002488343524713	57.90456826168617	59.62299570918613	59.95949903825064	55.00854437492136	4.8543347712567755	52.302469934006716	56.20029052200357	58.835250540701665
2470000	59.54815292212696	3.539123128983616	59.93241054210241	59.98963239336808	59.9996092619803	58.35187594512798	3.429013929700549	58.949053117218966	58.95898039596568	58.967168130418095	59.12217364284623	3.73727477922196	59.87531237267787	59.91049661363556	59.93427850004037	58.259892069537436	3.3866271258600142	58.767604280444736	58.8546022674276	58.89008706850328	59.18647350556583	3.7315287130078163	59.93754015433071	59.95870231602744	59.97309651657047	58.24015239211069	3.3826299171493224	58.71942434900021	58.85152806780908	58.88958497513965	57.82723713941349	3.997200099510167	57.90217069431142	59.63905957427093	59.95823654725986	55.01587098434371	4.84907870615089	52.302469934006716	56.20029052200357	58.835250540701665
2480000	59.54834055934258	3.536914104230181	59.92833161310056	59.99064830488307	59.99972094466385	58.352270569860636	3.427858393350849	58.949248654683295	58.959843226234696	58.96801203207933	59.12248236370967	3.737027976388504	59.87542052367427	59.90902693099038	59.93458490929219	58.26057733668246	3.386157961373672	58.767481320946814	58.85533765826831	58.8906912301863	59.18633992548164	3.731434662432261	59.935131881343274	59.957503521908876	59.97429493099738	58.24081818178816	3.382738620960416	58.71942434900021	58.85292514945216	58.88972419424936	57.83036858455198	3.99514723153888	57.89605703191473	59.65950975703892	59.95941721251751	55.02064568464563	4.844497893678788	52.302469934006716	56.20029052200357	58.80780936909228
2490000	59.551871408749534	3.5381920876913244	59.947776656093	59.99218352235867	59.999788664627886	58.350972844193876	3.430516445730224	58.94751068015087	58.958796038098626	58.968152833215775	59.12257062655245	3.736751526527708	59.87409417757374	59.90740972410465	59.9353295869823	58.2605885045108	3.388108819206308	58.767481320946814	58.855626556694915	58.89073004369102	59.18685939802409	3.7315531648730795	59.93812195075357	59.959118016633624	59.97307638796014	58.24137870575785	3.3836087740738523	58.72327266109142	58.85356273003305	58.890620252750935	57.83064481197271	3.9971323253878066	57.89765718129737	59.61622892031738	59.95818059916951	55.028570159208776	4.838579351537229	52.3287367573169	56.20029052200357	58.80217459138624
2500000	59.54599837847059	3.538442635260716	59.92822489202189	59.99144782489985	59.99973066320526	58.35169224065483	3.4290394795878973	58.94813892946553	58.95950884644447	58.96756757847413	59.12408968582653	3.7370071725756593	59.87560345546101	59.90993082165062	59.933980912308805	58.26133091099646	3.3865623774660154	58.76765845914136	58.85616596830599	58.89073004369102	59.18729474549005	3.731473449468506	59.93701316042789	59.95868477404247	59.9740188810775	58.24195766254169	3.383052518268525	58.72590134673682	58.85386221759963	58.89100649120153	57.834483269556365	3.9950972020947506	57.89822363847851	59.66588952579959	59.95939851435684	55.03611559988493	4.834319161306904	52.32968663879779	56.20029052200357	58.80780936909228
2510000	59.546666178353846	3.538809431344528	59.940275742099175	59.99005870111581	59.99960300972228	58.352171683315895	3.4278086871940983	58.949214475001014	58.95974150626937	58.967191643701156	59.12267358510665	3.736626857097902	59.87532951030856	59.90867422460045	59.933158572860506	58.26169746662492	3.386757268039694	58.76765845914136	58.856320159344676	58.8906912301863	59.187528192108694	3.73137936007566	59.93794405417194	59.95940107794104	59.974102014798994	58.24316489141788	3.383081165228565	58.72795513736237	58.853974581962945	58.89104980900858	57.839647511867874	3.9858162046363876	57.901395065068485	59.634235284822765	59.95798729441218	55.04320181412211	4.827319549781839	52.33013109438636	56.20029052200357	58.80780936909228
2520000	59.54729026097408	3.538660155590059	59.931236646096835	59.99121575131758	59.99965708429543	58.35136300518678	3.429648763137053	58.94880493973014	58.960057971851796	58.96749874514202	59.123338916161536	3.7366787685855787	59.87800090654537	59.90909627791906	59.934723901630335	58.26288746860922	3.387197869168735	58.77180466475012	58.85721723461245	58.891316618890436	59.18901673765989	3.731542887681064	59.93951011065462	59.959821148728594	59.97579055214629	58.24393533974907	3.382714691142455	58.72795513736237	58.853974581962945	58.89119758948372	57.84182207995623	3.987643425934248	57.89830508590035	59.6726430326288	59.96089945070016	55.048864434520596	4.824459236897508	52.34077450540575	56.20029052200357	58.819778533751716
2530000	59.546835881095184	3.5375088061970343	59.92611097923016	59.99089973176155	59.99978080475824	58.350848010336	3.4292661104104725	58.948503633970354	58.959779520606034	58.96780538200381	59.12380296579273	3.7366780720185218	59.873384669825434	59.90850510909735	59.93682629032114	58.261505046608846	3.3883204730477865	58.773504574084896	58.85722373318305	58.89101628025413	59.188358939088346	3.731248611066792	59.93903441327939	59.95883376346433	59.97386368730359	58.24301493082744	3.3838309805272573	58.72795513736237	58.854433277741386	58.89174288418927	57.843375009135244	3.9841010303093625	57.90124325907209	59.64237665401873	59.959108583608156	55.051838681700694	4.822100934628486	52.34684722174026	56.20029052200357	58.81068264467051
2540000	59.548280353369115	3.5387758184060303	59.93788070015151	59.99057370400473	59.999696907606335	58.35056057867344	3.4275826896900767	58.94709666789704	58.95978519412188	58.96782164854261	59.12413559104734	3.7366949294887997	59.874635706650615	59.91040093645863	59.93546555069806	58.26298372844703	3.387747840213873	58.773504574084896	58.85722373318305	58.89175065819384	59.18817680771118	3.731179812077332	59.93829477238842	59.960482475465824	59.97534221728965	58.244107145301044	3.3834567389385217	58.729219104605434	58.8549413960614	58.89207561881818	57.84604339068113	3.981862763126263	57.89838802699023	59.693100341175	59.95898382059912	55.05892707082701	4.816514038438265	52.34684722174026	56.20029052200357	58.819778533751716
2550000	59.54727504769271	3.5385117954750176	59.92999456457	59.9915258979524	59.9997095772578	58.350945008028575	3.4297536292736974	58.94840772737304	58.95987611247982	58.96805455560123	59.12429139712083	3.7360143697223505	59.87572981529922	59.90590639349092	59.93437851993396	58.26319859232246	3.3869745079672406	58.773504574084896	58.857301640107394	58.892338224884156	59.18855765456521	3.7312371275456835	59.93931302573666	59.95996217008834	59.97463792856537	58.244822597210465	3.382809359783378	58.73092022255766	58.8549413960614	58.892674168378846	57.85002283516847	3.9822458651840367	57.900399959025265	59.6362617250262	59.956781305456325	55.06526109655717	4.809875517759372	52.36921167095391	56.25453034548643	58.835250540701665
2560000	59.55289160079797	3.537744973752955	59.94506523334853	59.99261229139984	59.99962960896122	58.35117645884112	3.4296655425461116	58.94822613815923	58.959153933538914	58.96706390507593	59.12397411392726	3.735822826175113	59.873908787819104	59.905689062120956	59.935234070588336	58.264062274651536	3.387563178335755	58.773504574084896	58.85748633070463	58.89260554931652	59.18850607423347	3.730777394392322	59.93835414028504	59.958467006164355	59.97366310501138	58.24560099050051	3.3834857596989543	58.73092022255766	58.85520128841139	58.89276151536567	57.85289616949358	3.9823724673389895	57.900542807994285	59.727927367936516	59.95847371869953	55.07157140569084	4.803048146026435	52.37758949905697	56.29219626068105	58.831144210517856
2570000	59.54746477829196	3.5379780340069185	59.93093212833862	59.99227585831873	59.99970386206924	58.35280560437446	3.4284846741175636	58.94904749004007	58.95995797957405	58.9668177188024	59.123635409468115	3.735676805242081	59.874708226653624	59.90733717606376	59.93430592663218	58.264368573773055	3.3874432567763275	58.77675585205202	58.858136071430394	58.89251945056368	59.18742365966129	3.730620178080353	59.93774399921069	59.9582347737854	59.97316421001042	58.24611309423074	3.3837525378895648	58.73092022255766	58.85553160838808	58.89342276321488	57.8545990686446	3.9779858576053195	57.89624337913144	59.62984686584606	59.960421059699236	55.07630946086938	4.799711372645203	52.37758949905697	56.29219626068105	58.835250540701665
2580000	59.547101155572776	3.5384758546178494	59.93209504397197	59.99175742173492	59.9996561633212	58.35203952847668	3.428820850952994	58.9497695274611	58.96003063280067	58.96729800860881	59.124244879192936	3.7356404271302814	59.87454627886355	59.9087070005633	59.93619018375905	58.26558907185135	3.3869062392770597	58.77793825835758	58.85846639470434	58.89283718123748	59.18926428993796	3.730844728478366	59.93812059414146	59.96074027434962	59.975307384753165	58.247261573779916	3.38331532543973	58.732703631711594	58.855892824338426	58.89441498152203	57.857870618842625	3.9768438838459543	57.901852787407776	59.71460633575997	59.958629700796386	55.07925188544951	4.799065621219161	52.37901715757546	56.29219626068105	58.80217459138624
2590000	59.54796015503162	3.5387608618258284	59.93690069468617	59.99114892777328	59.99977785107311	58.35200994949371	3.4306273991345697	58.94791760369136	58.960441152213264	58.968131631174636	59.127022046013245	3.735501831095351	59.877868661255135	59.91100162406633	59.935706318754676	58.26555634944478	3.387794028330195	58.77798272329356	58.8588450047081	58.892668757630084	59.19067192837811	3.730670480397122	59.93938881742456	59.96031307002682	59.97526287936721	58.24778738721498	3.3830190790285273	58.73454407351557	58.85663110065539	58.89453353105041	57.85873848526644	3.9768501869741764	57.90075685153658	59.69399247761881	59.95890895093564	55.08569756355794	4.794392574052995	52.42210607352428	56.29219626068105	58.82010742399031
2600000	59.55076886433401	3.5394183552511196	59.94102741829445	59.99141545551458	59.99972362338698	58.352626294840775	3.4283423359220824	58.9483042067733	58.95978941392662	58.968264020964796	59.126512621496865	3.735168070087259	59.8739249884274	59.90693981627449	59.936895380251755	58.266731583822825	3.3883389840119773	58.77798272329356	58.85961895292737	58.893335954638665	59.19038270004698	3.7304716444974444	59.937792099986666	59.95943370312992	59.973282823532784	58.24824918598328	3.383742238003826	58.73454407351557	58.857172386912794	58.89468704580352	57.863996334098196	3.971728892078394	57.90371875356749	59.69729578458319	59.959496249494606	55.091417104340216	4.786314094440443	52.45236417075568	56.29219626068105	58.835250540701665
2610000	59.55179615824016	3.5400317613833923	59.946121912691574	59.99280082672469	59.99975076986196	58.35287591526503	3.4279128547809337	58.94810866093357	58.95935349195071	58.967678819507135	59.12602290944566	3.7350005370721884	59.87395278951698	59.90682054931541	59.9364812743252	58.2665089079679	3.3867623641814117	58.77805870898974	58.859855648043265	58.893727677938756	59.19115837966521	3.730646562662083	59.939692270829426	59.95958274967903	59.97418142730871	58.24846364637091	3.383396580946441	58.73454407351557	58.857490456196224	58.894919417580674	57.86621429439078	3.966342001054922	57.89690132901946	59.686334761818486	59.96097832722964	55.09618622928744	4.780173430060285	52.45236417075568	56.29219626068105	58.81930561582121
2620000	59.546522220080185	3.5394106785797708	59.928328579289975	59.990996916471474	59.999704685987986	58.35378869321604	3.428985954305955	58.9498581455734	58.96052959548116	58.96732833407631	59.12717383043629	3.7342868417791775	59.874148668851475	59.91060012304624	59.93483777085628	58.267635321308234	3.3871549228843882	58.7810555792832	58.860945715448764	58.8942462878175	59.1919198548715	3.7304745485584334	59.93929692108531	59.960047030015986	59.975844969545044	58.24942134075905	3.3832011048170254	58.73616340248236	58.857583094122155	58.89498162826557	57.86927417915677	3.966498034788877	57.90263652949388	59.714165677851085	59.95819560353422	55.099841927674625	4.77837320394545	52.47830440885826	56.29219626068105	58.81140287494627
2630000	59.54844677977464	3.5392696511507604	59.933145632749884	59.98948691168694	59.99963401050528	58.35396260005576	3.4290424635605277	58.94933541663005	58.96052717448909	58.96827689415251	59.128270406410785	3.7344857905969917	59.87608730529162	59.909452666100805	59.93804906555515	58.26833126499173	3.386574801693833	58.7810555792832	58.861173313675536	58.89464815085525	59.19051149161875	3.730181609247183	59.93786401469398	59.958939474079955	59.9745448291749	58.250063960107404	3.3834443644680015	58.73616340248236	58.857665261181936	58.89512480973674	57.873699563625166	3.9641475026277133	57.89932217627815	59.74343545956594	59.95904716636424	55.103953119003336	4.77601960985679	52.48395378380198	56.29219626068105	58.8103010337269
2640000	59.55214207556257	3.5376628868187874	59.939638933477916	59.99204591068526	59.99966301481261	58.3543640515196	3.427787599885517	58.95005253485326	58.96002413438187	58.967970654028946	59.12655563085873	3.7339951804491656	59.87546142434455	59.90810602852905	59.93287387034793	58.268921952401286	3.386965364730606	58.78123090307432	58.8615997981051	58.89480841200196	59.19002440968951	3.7298910099770053	59.93798513268366	59.95929394280131	59.974470300317186	58.25052964775012	3.3836766834128853	58.73616340248236	58.858600011176605	58.89538067853893	57.87816262431156	3.9601517744572443	57.90570985068273	59.72358176310569	59.95764203906255	55.109105307496385	4.769141160101048	52.48395378380198	56.309548807168696	58.80657744163549
2650000	59.55060192708249	3.5374586390592917	59.93622303080035	59.99305184710451	59.99978035482857	58.354533518891934	3.429366878457514	58.95012089709357	58.961707041081056	58.968459205944406	59.128668475662515	3.73399958543651	59.87614089034413	59.91077449051305	59.937884311977726	58.26896792985435	3.387791096256205	58.78286142917487	58.86206213803075	58.89514887182134	59.19025687166702	3.7297645375294324	59.93937639150002	59.96041564781238	59.974650579118546	58.25085257678064	3.3837087726018384	58.73616340248236	58.858600011176605	58.8955702189891	57.88046286294623	3.959546439020585	57.898801186480284	59.73738430613005	59.958959522199876	55.11475779036531	4.765193941982045	52.51246931318369	56.309548807168696	58.82275064864055
2660000	59.544219495730644	3.5375377506715866	59.920307970957595	59.991589748845705	59.99973399317701	58.353494647636545	3.428867110488063	58.947858412264864	58.959888129954365	58.96754191376165	59.12663331533261	3.733251851718904	59.87567390944996	59.90769444230406	59.93440420404531	58.2703302801907	3.388115886011233	58.783363571631405	58.86323273482306	58.89512409585596	59.189813465358036	3.7295741928143538	59.93647511520255	59.95895409536685	59.97342083436036	58.25213439303486	3.3839385967308964	58.736926617114975	58.858872987909265	58.8955702189891	57.88155341210134	3.958782697185637	57.906262267638894	59.69610877856901	59.95948667847688	55.12114502931995	4.760245601270231	52.53356461768982	56.32543477674333	58.81239357990921
2670000	59.5529051753174	3.53888728754202	59.93979819773909	59.99225974754859	59.99981220001396	58.353660800448665	3.428730771489899	58.948141520475815	58.95979295357898	58.967800310221996	59.127094120343116	3.7333065709994413	59.87496038794909	59.90787015661361	59.93535319153366	58.2697225521009	3.38786696170913	58.78391122485708	58.86381065396599	58.89567740719515	59.191074186132916	3.7298540116391417	59.93838815570873	59.95987481786396	59.97345218691642	58.252004514575084	3.3836752485053587	58.738318965362964	58.85918400493367	58.89561631115761	57.88232602272304	3.957879686940723	57.90790228090827	59.721797150751165	59.959412382637325	55.12601269124196	4.758067012516164	52.538041989532374	56.34623188480356	58.805766839814375
2680000	59.54934139298554	3.5387066440428843	59.93718259483879	59.99084411991785	59.9996382740875	58.353196751776814	3.428765719556975	58.94744640860805	58.95954543199112	58.96779177369897	59.127936271215454	3.7333399322152583	59.87369311839521	59.91039639274105	59.934047911815384	58.27062204259893	3.38817818080258	58.785402416872934	58.86384568263291	58.89567740719515	59.190591650935346	3.7296802975424175	59.938231635305286	59.959664230530926	59.973579207823676	58.25278169883929	3.3841413723201046	58.738318965362964	58.859379327914255	58.89578516376708	57.88720578190777	3.952842090818271	57.906171999993376	59.68542290375541	59.959950818530196	55.13046057211428	4.7571477539510285	52.538041989532374	56.353645764195974	58.807739142026136
2690000	59.54849171608354	3.5385949839939577	59.93479715637444	59.991109693854135	59.999751067370745	58.3539213806914	3.428785483182246	58.948662027946924	58.96073562608501	58.967931059954374	59.12664446350909	3.7326665623982316	59.8747304555742	59.90865724020216	59.935359964419504	58.271141408178785	3.38843869407224	58.785402416872934	58.86408235580826	58.89612451171331	59.1908048399613	3.729749064545768	59.939741332834174	59.960546339145765	59.974402932047525	58.25346891701725	3.3838706421054168	58.73901434238394	58.85955118990206	58.896508380563205	57.890304832891985	3.9475217878592224	57.902438722852665	59.703555777321675	59.9573755881346	55.13553283093208	4.753266417994647	52.538041989532374	56.353645764195974	58.81239357990921
2700000	59.550563108198375	3.538805768993156	59.94069427507278	59.992162302908156	59.99976342671095	58.35452365433243	3.4288437683068897	58.948746217548965	58.960588858217434	58.96813141448238	59.12882225497454	3.7328780573355447	59.87576189438815	59.90822713740896	59.935621063543834	58.27144898452724	3.387542171797081	58.785402416872934	58.86392760423317	58.89612451171331	59.19263466654376	3.7299264396051615	59.9416720619726	59.9611547992139	59.974660981045744	58.253818343454554	3.383635915081911	58.73945188610419	58.859983757059	58.89668379585079	57.89463554409446	3.9451153652776765	57.899940134769125	59.75825545025083	59.959092950512066	55.13882137134981	4.750985681617094	52.538041989532374	56.355376365373694	58.81239357990921
2710000	59.547469768078614	3.539215756902115	59.92923527443723	59.990865955806775	59.99973513483842	58.35408800393025	3.4289354254628295	58.94953366584836	58.960622156185444	58.96767797602177	59.13079600114138	3.733202722149342	59.876314297614606	59.91139802109845	59.93797019309579	58.2714938743475	3.389253920136255	58.785402416872934	58.86458344233638	58.896765171925054	59.19064753897947	3.7294166738951735	59.938204457463904	59.960059912822196	59.97390064028693	58.25393193632389	3.384420678446604	58.74002456898414	58.86022932359232	58.89729437951869	57.894606297823145	3.9390174445253043	57.90701548657672	59.71610087329823	59.958037591572975	55.14177119544755	4.749316257617067	52.538041989532374	56.35591138440421	58.807739142026136
2720000	59.549514479417844	3.5394027299874256	59.936405571142295	59.99156044284277	59.999749489404024	58.35427013935659	3.429301858495229	58.950533790040836	58.95995626359868	58.96785953592909	59.12908518684597	3.732745105286697	59.877136130263004	59.90951786561799	59.93431809595657	58.27206003959421	3.3884785831832542	58.785402416872934	58.86449238958845	58.89629007661536	59.1920828953942	3.729485815786626	59.94021638680843	59.95878869267034	59.97384920226507	58.255136088895036	3.3837209998846505	58.74002456898414	58.860277297435125	58.89871284819222	57.897756157486455	3.938057892409561	57.90366346787572	59.66267741532434	59.95953225923559	55.1451117369695	4.748613931933714	52.538041989532374	56.35591138440421	58.81239357990921
2730000	59.54433665416772	3.5389493866876416	59.91981565849848	59.9906428295195	59.99970956767682	58.354091454715416	3.4276010473247704	58.94856612251243	58.9601581428642	58.96835822813786	59.12827194778238	3.7324797369232074	59.87188235158557	59.90778467426253	59.935799046564625	58.27264306927613	3.387581848532365	58.785402416872934	58.86471994129106	58.89651072335622	59.19259377566479	3.729455581451095	59.9393299834446	59.96077332019088	59.97494891064565	58.25535620837012	3.383437885007081	58.74002456898414	58.860392811292556	58.89887004072596	57.901219836126565	3.9349577002238063	57.90839608998892	59.72195277100302	59.957741646185845	55.15310907274268	4.745733740724359	52.564590702036924	56.36854219691701	58.81239357990921
2740000	59.54978625790227	3.5398322365602506	59.936327823786954	59.992217581520045	59.99979654201757	58.354243311231	3.4286127617339908	58.949973139972315	58.96148596304382	58.968934724289085	59.13061889837121	3.7328279730685545	59.87632244872589	59.91042543938547	59.9374269073426	58.273179710087625	3.3894593005172173	58.785402416872934	58.86491660804383	58.896765171925054	59.19234032186185	3.7294582000560585	59.940756819185836	59.960949593569666	59.97439707787798	58.25602465945531	3.384595816550431	58.74002456898414	58.860392811292556	58.899079999282236	57.90515329954327	3.929418791463965	57.90635610178427	59.694291539934596	59.959621730208774	55.15955018610506	4.738046675363766	52.57704851467251	56.36854219691701	58.81239357990921
2750000	59.54374631219342	3.5390276169990798	59.91895664701013	59.99137258410363	59.99974678532888	58.35531654839384	3.4306028760590714	58.95007451453136	58.960652062461236	58.96826849919428	59.13048520595771	3.732639771211102	59.8772651417204	59.90928063108797	59.9361040655065	58.273761651102184	3.3876585038881766	58.785402416872934	58.865476796799385	58.897110103012935	59.192898789493995	3.7294179941132524	59.94112394410392	59.96002666057077	59.97518564740207	58.25635862515859	3.3836049638692365	58.74002456898414	58.86045080220764	58.8991687368509	57.90646856266132	3.929927210837025	57.90111318106416	59.71177676926101	59.96128034648671	55.16460159800164	4.736094815117367	52.5837174835257	56.38372038564971	58.81239357990921
2760000	59.544448006096935	3.5390769606021717	59.93473510553946	59.98963040842074	59.99967958478268	58.35378325394799	3.4289668379436877	58.948927602591766	58.959920557452314	58.96821290160994	59.12800465185082	3.7320358031257173	59.872687574873055	59.90486368566376	59.93460507377739	58.274742490716434	3.388116288226803	58.785402416872934	58.86563510205643	58.897241461878124	59.19164455039152	3.7290919481200633	59.93809384237892	59.95885771550954	59.974200852785046	58.257081577114825	3.3840103034352835	58.74002456898414	58.86084322585046	58.8995278962383	57.91027669965944	3.922610326428707	57.900000410277784	59.66783908035005	59.95901030593617	55.17106753968814	4.73024836495845	52.605606335374894	56.38372038564971	58.80880007405523
2770000	59.55138420061024	3.5395264356198095	59.947299213147886	59.99204825759561	59.99976372705516	58.35372397440797	3.428375039975526	58.94868579436327	58.959560335496796	58.96728679444834	59.13066817730278	3.732235517094627	59.87575719807657	59.910109708621405	59.937139467540845	58.2752166638455	3.3882944985852337	58.785402416872934	58.865797163865636	58.8975355898968	59.19221251971232	3.7291421680474057	59.93776589963975	59.959787378986775	59.974328343767894	58.25762464561451	3.383736105314411	58.74091487500392	58.86119696031148	58.899745855153895	57.91293685148809	3.9219784430835305	57.89787207726339	59.72630781806382	59.95923785326086	55.176621110638024	4.724175233637166	52.605606335374894	56.38372038564971	58.8220131595274
2780000	59.54603034877681	3.538995419110604	59.92499952914602	59.98910511968066	59.999739862426	58.35453261228506	3.428361794173703	58.949344794311386	58.95993450034548	58.96727900177915	59.12910261597528	3.7318489513001007	59.87482366558771	59.908802442627184	59.934164585827816	58.27572153372355	3.388134316596297	58.788330165467514	58.865797163865636	58.89894392791448	59.19265457375952	3.7292027649525874	59.941500168648226	59.95962416681846	59.97349041501662	58.2586802436875	3.383481232378276	58.74091487500392	58.86210815765466	58.900393282935184	57.91300837936952	3.9220216244057062	57.902522079635375	59.71248288923681	59.95979610677734	55.1827441129155	4.721363517134511	52.605606335374894	56.38372038564971	58.8220131595274
2790000	59.54427840736939	3.5393068176312106	59.9246945356646	59.98748431094036	59.999521309967776	58.35461814397198	3.427964642374313	58.949707194535364	58.96008647268729	58.96757718807943	59.12946425210112	3.7318655643942935	59.87482513676633	59.90858489269134	59.93412824097467	58.275508978332226	3.387713461973605	58.789536324666734	58.86601845283357	58.89946806903254	59.19133545728957	3.728895297408333	59.93719203859931	59.959890562356364	59.974436170337825	58.258161571633075	3.3833704507665736	58.74091487500392	58.86245446890081	58.9007184497392	57.91340122326844	3.918014275346703	57.90390860722445	59.710785503571884	59.95899641114006	55.19014071637302	4.711564051925959	52.61872633351151	56.38372038564971	58.8220131595274
2800000	59.54886454382561	3.5393130894394664	59.927918360668514	59.99204318615612	59.999662680355165	58.354104654763745	3.4281092733122214	58.948761078682296	58.96079085253763	58.968117662545396	59.13011615736512	3.731945311394631	59.877703333183376	59.90779818040025	59.935559478003896	58.27726048016023	3.387977388538494	58.79084457188564	58.86619440809933	58.89999054891639	59.1927551215969	3.728558192157914	59.93829411692282	59.95929457817773	59.974965046744	58.25926644550543	3.383988744659937	58.74091487500392	58.8627144650375	58.90089535055474	57.91780346813271	3.9142366099919226	57.9054505924703	59.6996392340921	59.95981353279622	55.19401806881988	4.708339431893922	52.61872633351151	56.38372038564971	58.82199129897864
2810000	59.54877740052855	3.5394009980052843	59.93096639857549	59.991854474672934	59.999796421249016	58.35444630272545	3.428185433083866	58.948475923494726	58.96019058559229	58.96824974547289	59.13327806470736	3.7321933272173937	59.8769931091014	59.911350646824076	59.9364990627746	58.277082335153935	3.3872312385764265	58.79084457188564	58.86634407230941	58.89972264288198	59.194594340467255	3.728653029970922	59.94104032838773	59.961184894478194	59.975811726898115	58.260177196046406	3.3836325845317554	58.74171820154041	58.86312128465343	58.90106144598725	57.92638156399843	3.9059185532014014	57.90014817717032	59.723047641050655	59.96176321895349	55.200105430394416	4.704401145471432	52.61872633351151	56.38372038564971	58.8220131595274
2820000	59.54519450136376	3.5392106867377096	59.924432876943094	59.98972040624399	59.99965415359348	58.354919411625005	3.4291504575190115	58.94885715098508	58.960122173901354	58.96813995274016	59.13092426563106	3.7315837353449117	59.87538662617359	59.90788218543111	59.93521443052535	58.278037390974234	3.3881447970709333	58.79141841796606	58.86646242324578	58.90029121270518	59.19281125275717	3.728117933116545	59.938291753840346	59.959085160931586	59.97419638113695	58.26063570596444	3.3839772974487126	58.742866757231866	58.86365300904173	58.90112966306889	57.92846257508237	3.903213137792526	57.906524690744604	59.722261855672016	59.9594471748416	55.205043653484346	4.702210888060828	52.61872633351151	56.38372038564971	58.8220131595274
2830000	59.548998338935576	3.539371466144841	59.931182668141446	59.989800686816565	59.99960379853569	58.35531505882207	3.428059398999198	58.948491357687075	58.96007657224098	58.96773646657554	59.1314822108699	3.731677615353982	59.87786876207255	59.90867280764816	59.936095572645534	58.27778365395342	3.388151871134346	58.79141841796606	58.86717286630814	58.90033375798188	59.193235892028724	3.7281736903811873	59.937563000023616	59.95844229026427	59.97517514862335	58.26034696279487	3.384765887425955	58.742866757231866	58.86490505700425	58.90125206059192	57.93101138037031	3.8991837220060264	57.90630224261401	59.74415955826658	59.95808627870711	55.2078896393293	4.700398282861022	52.663083556443574	56.38372038564971	58.80650362239542
2840000	59.55154661970065	3.539647976549457	59.938379279380314	59.99262777273039	59.99980451071308	58.354335682739865	3.4279247926494643	58.94798321711226	58.9602280318534	58.967611802103136	59.13172734750266	3.731692595417081	59.87579033591768	59.908909944400605	59.935556130067674	58.27823612677247	3.3878476585544175	58.79190715512393	58.867283240378086	58.90033375798188	59.19277647904673	3.7278985744563826	59.938513619578025	59.95821356313035	59.97499434113658	58.26103335740342	3.3837615951597937	58.74494502957604	58.86505017988458	58.90167555698322	57.93725591081701	3.89176570327131	57.90147058575771	59.74253172709456	59.95824411749969	55.21391786826508	4.697026961487301	52.663083556443574	56.404006535885856	58.83392984611107
2850000	59.54572605736501	3.5391218383155185	59.92856440411434	59.99120417627932	59.99977683570327	58.35503245520885	3.4281218986606263	58.94946939292712	58.95995301261519	58.96802052978452	59.13389894647005	3.7320567496400163	59.87595391981044	59.910878578813325	59.93838972112354	58.27891865832229	3.3889739367969445	58.793135147023264	58.867588567130156	58.901133980011934	59.19425298628832	3.7282074890067514	59.93963423366877	59.960619568602816	59.976420800298044	58.26181647044447	3.3842701954885364	58.74494502957604	58.865162231655006	58.90186200091076	57.94352726946969	3.8866587145030183	57.90762452392811	59.721548122444936	59.95910329696002	55.2211597835925	4.689073549524275	52.663083556443574	56.42551624924995	58.8220131595274
2860000	59.54757674543216	3.539496308897222	59.93737901427726	59.99318787357356	59.99982700709757	58.35328899541611	3.4276567896934496	58.948735084534775	58.95991967882409	58.96677621138512	59.131978128152475	3.731526789013732	59.87577816585588	59.910557809066034	59.935449378370784	58.279653743017896	3.388527985092896	58.79416884714915	58.86813297549484	58.90243485805839	59.19353078160623	3.7279542120836076	59.93914228449751	59.9598012766821	59.97491217234413	58.26288360017065	3.3837879965517423	58.74648961857562	58.86527821703238	58.902238099228185	57.946926363500104	3.887688056020054	57.90442494342236	59.70708269540073	59.95924287351752	55.22413115224687	4.687668623771288	52.6745455769272	56.4604934600635	58.81284966994289
2870000	59.549063507756074	3.5394968113261656	59.93038748236687	59.99212402685133	59.99963959892561	58.354176165425	3.428807719112889	58.94786658777202	58.96039268018026	58.96794117666799	59.13300670288878	3.7317345357565554	59.87705892722368	59.911565902580726	59.93624540548449	58.27909295918555	3.388629164349349	58.79428527897082	58.86847819496133	58.90132487489751	59.194638778667894	3.728118024872342	59.94347007327393	59.961829075241845	59.974751236988446	58.26222463615368	3.3844396126395053	58.74925186758089	58.86618766961983	58.90233849382899	57.948786071021146	3.8831990665054597	57.90584776406057	59.73574557119049	59.95794036004033	55.228389943912354	4.685586908182446	52.6745455769272	56.4604934600635	58.8220131595274
2880000	59.54521523186543	3.5394847668128584	59.927381575231124	59.991343200264	59.999706456544	58.353350947260545	3.429085688516566	58.9480259662985	58.96017853619851	58.96804786610948	59.13196207742288	3.7315099167766825	59.87564634923629	59.910172347659284	59.93615560634626	58.27998495127352	3.3901516112366603	58.79459393665397	58.86876413600328	58.90149908690874	59.19316270476095	3.72765004244974	59.93778869238211	59.95990319879256	59.97498651351324	58.26389175612021	3.3847381657132076	58.74925186758089	58.8672725220385	58.90266819844823	57.95029616924768	3.882934089199769	57.90151098761292	59.72615761484403	59.96001352244629	55.23390356274001	4.684865562974774	52.68382268388525	56.4604934600635	58.825507765932485
2890000	59.552442885247835	3.539820173853529	59.943655454846954	59.992657142615	59.999804325116834	58.35490149684087	3.42894684259707	58.94873037538606	58.9604806686181	58.96837075301687	59.13383107427947	3.7318430298266265	59.87729103327048	59.910783946662605	59.93704627948004	58.28112151060347	3.3887339081225196	58.79384630599348	58.87001601791782	58.902891354530325	59.19325027297794	3.7275811339734153	59.93855570700879	59.959759908984644	59.974838605817304	58.26486991254228	3.3839732445740798	58.74988249158246	58.86731511644576	58.903216525783606	57.955511931242974	3.8780908875017763	57.91286973273662	59.743833838615096	59.95957280035435	55.24024260535059	4.675144273184604	52.68382268388525	56.4604934600635	58.8220131595274
2900000	59.551574385953195	3.5397826728815542	59.936357642997514	59.991534862489885	59.999633468484504	58.354882643686	3.427912918490565	58.94802485074179	58.95981382688137	58.96670570456847	59.13297773600787	3.731537750517384	59.87795885252061	59.91000358707275	59.93463956548871	58.28109893402536	3.38851387157539	58.794835702982176	58.870268650326615	58.902891354530325	59.19287776277525	3.7269301106887958	59.936965745587926	59.95823216921345	59.972778406544734	58.26420480630924	3.384678898189628	58.751333856905006	58.86761882747666	58.90342637894993	57.959038142247344	3.8695823302485755	57.904758657168735	59.75971281477254	59.958673677336826	55.24765652160196	4.669448077860511	52.68382268388525	56.4604934600635	58.8220131595274
2910000	59.54765745573556	3.5394157061403493	59.93113739363631	59.990923208485846	59.999666971845194	58.35402781683619	3.429494866327234	58.948787715221584	58.960224862557396	58.96799950557149	59.13199484183152	3.7311760023764964	59.87567931762293	59.90954087533015	59.93643602929968	58.28186220774121	3.390027424836694	58.79459393665397	58.870618907280715	58.90281367345502	59.19472334969686	3.7269375824149886	59.93977593498362	59.960365996141476	59.97418288363215	58.265904859530536	3.3843371738690613	58.75189309526267	58.86797274676411	58.90364973625009	57.96023940152415	3.870941481783107	57.90369512102617	59.74346511572675	59.959681677909174	55.25465827700886	4.66553904150515	52.68382268388525	56.47532310518661	58.81357056578216
2920000	59.546185337178805	3.5391483029905424	59.93068142268134	59.98808390114819	59.999630913779185	58.356049869222865	3.429382688221005	58.94885653747997	58.96031224270886	58.96872288325232	59.13061515094877	3.730855313843465	59.8743030926028	59.90807644842703	59.93602264335178	58.282672450276934	3.3885003480255795	58.794835702982176	58.871403445585386	58.90336750451059	59.196117524567136	3.7270776705101873	59.9406003958185	59.9610091685814	59.975130590575674	58.26590220251525	3.3845642005137377	58.75189309526267	58.868502308383114	58.90391586653737	57.96395598697401	3.866179382442769	57.90467498126803	59.72977737076923	59.957348126054576	55.26128170043115	4.659564660062225	52.68382268388525	56.47532310518661	58.821921034673366
2930000	59.55032356503982	3.5393881377532597	59.93954190519112	59.990350304774836	59.99971052117696	58.35661915931603	3.4279099751675357	58.949874968573944	58.96096011161473	58.96831767942915	59.13192773696404	3.730988364939432	59.875969104264854	59.91072638788509	59.93528303239811	58.28344595652943	3.3875367085779677	58.79538977850129	58.87151810152121	58.90313253501902	59.19377885280539	3.7266451236995537	59.938476974696414	59.95957028082596	59.97417123835938	58.26697153355143	3.384207531260469	58.75270449001545	58.86885339439735	58.90476412671737	57.96820727002129	3.8585610079245574	57.90902512661556	59.7148379876009	59.95817243760193	55.26511276338261	4.653353030092691	52.68382268388525	56.47532310518661	58.80384918525124
2940000	59.55100134096188	3.5394534090913368	59.936354693229674	59.99175614589135	59.99970715903129	58.35608136367565	3.4279538891189705	58.948742637619745	58.96018231399377	58.96792255130345	59.131277052578575	3.7307556662103476	59.8732328695466	59.90827576185707	59.93478696180304	58.28393306379864	3.3881585736148145	58.79986725885137	58.87203963725399	58.90336750451059	59.194973561876786	3.726666727980216	59.93886477948196	59.9602046517269	59.97394664705165	58.267225441173274	3.3838710008549318	58.75270449001545	58.86909865726251	58.90487566419187	57.974230455671204	3.856433429983065	57.9056122716713	59.78022405435743	59.96038698718915	55.27014015008391	4.649937363940229	52.716425097577655	56.47532310518661	58.817235477366935
2950000	59.54937418540669	3.5390230641660403	59.93152620934279	59.99099681474222	59.999740303612946	58.35639309514151	3.4296111181347984	58.94904343465995	58.96012753303029	58.967929173087484	59.13371372747079	3.730760538912495	59.8768930406965	59.91094384377172	59.93567569541737	58.284132209762696	3.3899799230419854	58.79986725885137	58.87203963725399	58.90339476645331	59.19556917116993	3.7267567536686386	59.93983040833709	59.959156079192454	59.97496960570329	58.26776499775244	3.3845610897717022	58.75270449001545	58.86933702539276	58.90512279348548	57.97785808962216	3.8551290182427675	57.90787435335325	59.7579482759561	59.95983436206708	55.27685751230156	4.643016016176798	52.716425097577655	56.50431064910171	58.81011596914228
2960000	59.54747571515188	3.539252223556821	59.93862324368467	59.99007124434917	59.999784948083665	58.35504944975823	3.4264340270224363	58.94788624886408	58.960208967936964	58.96763476034161	59.13374759101075	3.7301122490243803	59.87602842521587	59.910982554500066	59.93583968528398	58.28493794331902	3.387448894310995	58.80040280991192	58.87256370012854	58.903184513721484	59.19414955242111	3.7264729834274632	59.93882283756268	59.959167619645086	59.97387826930236	58.268360381740266	3.3834767780136596	58.75270449001545	58.869441301845	58.90545441316361	57.98087998497942	3.8494910297667264	57.905253460928925	59.74269788446426	59.96210246356131	55.28461455334583	4.637239949320704	52.76202329371863	56.53277017435231	58.81096485526706
2970000	59.54849390046782	3.5377607060831533	59.934890856817375	59.9913447042227	59.999685456845825	58.3565557437741	3.4276850648921817	58.94782598002543	58.95969102394572	58.967940422026366	59.13398039628361	3.7296017492170437	59.87496522529872	59.91098128151613	59.935692810095865	58.285527113041105	3.38833385139118	58.80040280991192	58.87272091679438	58.90351062012471	59.196403386299856	3.7263173727884493	59.93897905859294	59.95824794648924	59.97350442578107	58.26899854462974	3.3841595731595695	58.75270449001545	58.86967249082794	58.90565632126692	57.98299218222377	3.8476376299409907	57.90324784317088	59.7525121350813	59.957667699851	55.28894160228269	4.636227300300334	52.76202329371863	56.53277017435231	58.81818866965861
2980000	59.54764019351134	3.538150337873577	59.92904825232173	59.99068628751892	59.999625694079924	58.3590782340288	3.4290174031501435	58.9494090811565	58.96060095965643	58.968039093245295	59.134907665876824	3.729715842464115	59.8761869605976	59.91004832255287	59.936523327961396	58.285975503207155	3.3894016390611323	58.8011785249404	58.87272091679438	58.90351062012471	59.199163947600525	3.7267215527374966	59.94217665936314	59.96203165368563	59.97535188004635	58.26904518695702	3.3845342830443745	58.75402807191719	58.869784801645466	58.905795645207654	57.988425202609776	3.8441142825900605	57.910216713463164	59.76511816167524	59.96037112643061	55.29302429503158	4.6337494313994	52.76202329371863	56.53277017435231	58.81818866965861
2990000	59.54695614703246	3.5395242698928393	59.940381728465965	59.99147247497356	59.999805069376734	58.35874029722304	3.427370980912142	58.95038962696714	58.96103423144128	58.9682503042981	59.13588964046914	3.729660117971593	59.87669389186743	59.910597209950026	59.93624884406701	58.28739843936417	3.3896630849724407	58.80409406528692	58.87276986132307	58.90360205516396	59.19702216413531	3.7262180990459774	59.9385908106303	59.96103907424888	59.975188533159	58.26904640877823	3.384455887950758	58.75402807191719	58.87023226845821	58.906202264549776	57.98936924072887	3.839849604091551	57.90488559048575	59.73239576191329	59.960913349087136	55.29684077774214	4.632455573327609	52.76202329371863	56.53277017435231	58.8220131595274
3000000	59.54847355355443	3.539450139611167	59.93274497717104	59.988661310662074	59.99953999469486	58.357039592689944	3.4282409668201255	58.949559165431296	58.95999999025878	58.96730250447988	59.13456846185205	3.729003363558573	59.87586964190306	59.90910580506416	59.93115430927292	58.28794304350742	3.38801813898933	58.80409406528692	58.872963055585245	58.9036999492845	59.19654534479517	3.7260803801806195	59.938199979172595	59.95914699524114	59.97287955151806	58.26944139787671	3.3841680504249982	58.75479470735184	58.87023226845821	58.906432092539674	57.99589280809535	3.8335071082248677	57.9064153723141	59.79806334757852	59.958686705829535	55.30089815771097	4.628071182878333	52.766521137135285	56.551647095785725	58.81011596914228
3010000	59.551982760985915	3.539657480173665	59.94337156775588	59.99315056651898	59.9997968338794	58.35614242944365	3.4277023970922422	58.94787033118991	58.95959838931746	58.96743944488047	59.1379553209012	3.729407442270678	59.87676593006072	59.910718637426626	59.937564516990705	58.2877415398342	3.3886998899954297	58.80628301744035	58.87348086328993	58.90417121198953	59.196701789469046	3.726043184688418	59.93870273897625	59.959186956025235	59.97459048253418	58.26999405364461	3.3847862148309553	58.7569952958085	58.87023226845821	58.90676297329141	57.996365219858106	3.8291659188858316	57.905487503417916	59.7405423091907	59.95969832359781	55.30604014561914	4.626233807769955	52.776947749001124	56.551647095785725	58.812376232940366
3020000	59.550255734286985	3.539482527611982	59.93593633479309	59.99178383673798	59.99970466747873	58.35773292324002	3.4271768501951536	58.9486206511566	58.9598538515995	58.967441453414565	59.13713589107525	3.729149785177782	59.876898492035515	59.90969909189683	59.93526297787208	58.2885924125199	3.3882302401196047	58.80718488814145	58.87412122573407	58.90512698162698	59.19798437708688	3.726252157249489	59.94160384526351	59.959927622654305	59.97416822241661	58.27104693814615	3.3846005437115827	58.75828369474543	58.87055354941731	58.90679134517178	58.000009216855766	3.82408016370534	57.90846702830987	59.774281197638345	59.95744303188937	55.312382298775674	4.624491517782512	52.776947749001124	56.56920617949119	58.82032073567002
3030000	59.54831884283116	3.5398269455120857	59.93421158967644	59.99229262855039	59.999718897468256	58.357739906758376	3.4281888911518212	58.949135497719666	58.9599757146542	58.96813064047861	59.13846410668377	3.729360011611772	59.88041055138399	59.91147241717594	59.93650493877841	58.28941466906129	3.388844817350024	58.80628301744035	58.87423972881597	58.90534459093069	59.197815959793125	3.7261626698312917	59.93891200906305	59.960266382184756	59.9748101099644	58.27182677396198	3.384362063179742	58.75828369474543	58.87055354941731	58.9069082034761	58.00478451594497	3.822027715198088	57.90592589555955	59.77958335860774	59.95891056365913	55.319102673597044	4.6172309247979895	52.78254291989621	56.56920617949119	58.82032073567002
3040000	59.55066138315193	3.5402162464549427	59.93592956656201	59.99366592623527	59.99982502517095	58.35770155508849	3.4277418840068834	58.949924830940425	58.960413235172304	58.96811235724493	59.13957977875769	3.7294037182070046	59.87977674377406	59.912376582498496	59.93715924497825	58.29104172364186	3.389728157166089	58.80718488814145	58.87423972881597	58.905355732222716	59.19830176197933	3.726203787886111	59.94043972612093	59.96099175155523	59.9752457847087	58.27272930575302	3.384733351611891	58.75828369474543	58.87132613769159	58.90706090486716	58.00887271336058	3.814660283175747	57.90477287036322	59.75514894417099	59.96099940374023	55.3240507308334	4.61327308932273	52.79736558697408	56.58212841541133	58.817596671531
3050000	59.546920205058555	3.5379082207221213	59.933599977737124	59.99008812466245	59.99973913492853	58.35711150188217	3.4274497293207555	58.94994115176284	58.96054761297307	58.968050893778276	59.13816867847908	3.729056007083508	59.8754043081685	59.908247334175755	59.93493757348511	58.292171857601296	3.3874789373558203	58.80961582042139	58.87470437485807	58.905355732222716	59.198448314151285	3.7261734709843792	59.94055293438679	59.96009335182436	59.97590922624997	58.27279630651907	3.384223996009524	58.75828369474543	58.87168181224481	58.90762887361371	58.01178634319129	3.813444967187032	57.91028681194214	59.7268651290308	59.96083432729225	55.33367735204154	4.603809222368047	52.8050764120172	56.58212841541133	58.812376232940366
3060000	59.5476647329183	3.537564818888621	59.928799918528256	59.99000468373123	59.99970394015661	58.35860051710567	3.430242995255143	58.949716250350285	58.96064961740521	58.967792749625914	59.136522336658885	3.7286845262692903	59.873472094111754	59.90794683274659	59.93448872294926	58.29246363897836	3.389000686624445	58.80961582042139	58.87566601235045	58.906477445073435	59.19694012850918	3.7256629029790065	59.938527312410194	59.9595198963235	59.97368881226602	58.27274986518596	3.384477777681311	58.759747862372976	58.87227467659595	58.90818163230708	58.014682613248354	3.814749372071371	57.9059575022692	59.77875541462156	59.96083304562944	55.337832487918234	4.602881942722904	52.834360935708744	56.58212841541133	58.81011596914228
3070000	59.547567776679365	3.5386766565474987	59.934640989057186	59.9910613122063	59.99968655668479	58.35750930241263	3.427521286169366	58.949628019960926	58.96032335873027	58.96796322525383	59.13704138253319	3.7287540239464896	59.87495070923852	59.90685640009365	59.933522219338194	58.29258448609137	3.3883542023109166	58.80923687063792	58.87566601235045	58.90571831674761	59.19761526553126	3.725729058247039	59.93881457364485	59.96065615912301	59.97554464112129	58.27342322428257	3.385166276856996	58.76095524387841	58.87298198366007	58.90839544758081	58.01908646332998	3.8046914233690936	57.90638418764446	59.74871352452239	59.95926364978379	55.3427752188143	4.601284037798452	52.857679846675076	56.58212841541133	58.81011596914228
3080000	59.55023009717718	3.5394945230985675	59.93276490287534	59.99148321991022	59.99972165701201	58.35779755226267	3.4287840008288093	58.949972521464524	58.96101872189935	58.967863805648534	59.13947326127991	3.728867229437055	59.876873434448214	59.91068950681165	59.93889562391864	58.293161389747766	3.3903243429325283	58.80961582042139	58.8758082117219	58.90670966164886	59.19797228421705	3.7257915533445876	59.939205946780916	59.96100918904308	59.97622414871215	58.27382636526548	3.385868261569057	58.76218321370219	58.87351318904413	58.90848761004437	58.02408668843673	3.8040389086027004	57.90747421340978	59.77535910449373	59.961734245379176	55.35036494976289	4.593431068833609	52.857679846675076	56.58212841541133	58.814457290461924
3090000	59.55119115344385	3.5393906555579004	59.939564731199965	59.992736269736895	59.9996268914578	58.35832042793628	3.4285057572262327	58.94924198086385	58.96073721118698	58.967638022042095	59.13759342566356	3.728368347982727	59.87553335777501	59.908181334734664	59.93496730030527	58.29430853392306	3.388317417859244	58.80887804408998	58.87600458573612	58.90670966164886	59.19764752310627	3.7257202764042003	59.93953677685509	59.96003961355463	59.974180832301045	58.27460812511602	3.3844401682015275	58.76218321370219	58.873722499546254	58.90943411638064	58.027170096314876	3.8025148910933626	57.91178465466362	59.78844358429738	59.96013745852251	55.35593472906554	4.587438028381541	52.87588626290375	56.60446158778694	58.80875495644994
3100000	59.547198584814566	3.5376252730564652	59.924657253611244	59.99083426465901	59.999467329777445	58.35780256567777	3.427393374056751	58.947445886673236	58.95960900283703	58.96743552349287	59.13842477013722	3.728529265677113	59.87535718566356	59.910708872053746	59.93543647979596	58.29434965010401	3.3873695738051106	58.809081901042404	58.87613418244869	58.90690606793536	59.19846367426321	3.7251618360583123	59.937130380848735	59.95941432756743	59.974251926743285	58.27513999791357	3.383946218890768	58.7636061772273	58.873957049872736	58.90943411638064	58.026733237733495	3.8010292416942364	57.91024773147675	59.767079903578804	59.95967787236681	55.36437906188793	4.5817452321038905	52.87588626290375	56.60446158778694	58.812376232940366
3110000	59.55119045031039	3.538580748847095	59.93851255158036	59.992462405888794	59.99973896854854	58.359434128326036	3.4270118047626723	58.949252186316045	58.95900568827211	58.96748590902593	59.137902238322276	3.728313868658687	59.87413268385022	59.910123409172556	59.937849624627304	58.29409028279567	3.3884997967947124	58.8071991257832	58.876188764285445	58.90735863439562	59.200622037820146	3.725484159638237	59.94093562073077	59.95962837014599	59.9742719042529	58.27571885407449	3.3843494808001986	58.7636061772273	58.874619760851274	58.90945646237277	58.02735515806766	3.7995772618475865	57.9088522648547	59.76039176719619	59.960060334670075	55.37307058482665	4.574711767023469	52.89458642241315	56.60446158778694	58.81770502548729
3120000	59.55182988771928	3.5392019217957023	59.945003112012465	59.99276815570737	59.999751860663324	58.359626979077234	3.428461551501483	58.94846394671368	58.95945046988266	58.96747522519095	59.13821957449053	3.7274741217907708	59.87403692806389	59.90818911432366	59.935847756423215	58.29469356689234	3.3897869314315923	58.81161508687158	58.877555841114656	58.907733258783054	59.199715591981594	3.725262086208647	59.93971931925466	59.9590951629438	59.97503938785815	58.27587945674844	3.38508149930014	58.76548871688398	58.874619760851274	58.90947623014165	58.03042028048342	3.7998640690763326	57.90713379875505	59.77783433215084	59.96077890043805	55.375099917491205	4.573735466529368	52.89458642241315	56.61745615479094	58.81011596914228
3130000	59.55087138672072	3.539378615400421	59.94210053508365	59.99075406469616	59.99979749899611	58.35970422464917	3.4277486792803233	58.949244717144836	58.96033975679124	58.96781817357043	59.138222292508004	3.7273961890297347	59.87541143828873	59.910132152763495	59.93517489727321	58.295526235101256	3.388769727689565	58.81161508687158	58.87749497760599	58.907404539611065	59.19988351091713	3.7252030187243235	59.9395346820875	59.959644046770464	59.974557061384374	58.27695037682347	3.3847351503409393	58.76825464031889	58.874619760851274	58.90956589254901	58.03344551433609	3.797254016332501	57.9037513186793	59.79486456133534	59.95860371858349	55.38059820615504	4.570680377924687	52.93227935341454	56.61745615479094	58.81770502548729
3140000	59.54717447645657	3.5391007989787986	59.93383905171049	59.990967168072586	59.99973207706576	58.359456327587	3.429603136429306	58.95028355646874	58.960500830036835	58.968174393758076	59.13942079284508	3.727532267372957	59.87677181455781	59.90868532169409	59.93694177837645	58.29591788014436	3.3902564968366637	58.81178118713005	58.87761841390738	58.907733258783054	59.20032150562028	3.725190517085788	59.94104557793587	59.96041654612904	59.974242415273906	58.27705251320812	3.385504853030503	58.76911063911423	58.87508836601815	58.90972652448217	58.035699776446855	3.7977120339880646	57.90638405392592	59.781055039246866	59.96156835512001	55.38442305569243	4.570072190856082	52.93227935341454	56.6182547324389	58.81770502548729
3150000	59.54452119097119	3.5389434531050585	59.92512131402354	59.99093347313272	59.99964730714824	58.35993464841543	3.4277906423129854	58.949730906369375	58.96073418083662	58.96799901935038	59.137781912540696	3.7270757844232985	59.876283802839126	59.90687705709756	59.934250916311456	58.29567430744374	3.3888980209885884	58.81198265176972	58.877576163000235	58.90757958910035	59.20007600110889	3.725200883432731	59.93961292469529	59.95994564340601	59.9744672626506	58.27724583155781	3.385059140406546	58.769782764319956	58.87529208581978	58.910057867234826	58.038742618463175	3.79374052107897	57.90498307557634	59.7687206931713	59.958392351649216	55.389351706482586	4.5657850105513225	52.93227935341454	56.6182547324389	58.81011596914228
3160000	59.548316588640205	3.5391800525727874	59.93356797106048	59.99133019581012	59.999652568453506	58.360127448881244	3.427378633563203	58.948745571698375	58.96050796107231	58.96851130735824	59.138115418833955	3.727049634979854	59.874478525059345	59.90785299804486	59.933006761829375	58.29628357509189	3.3880985786388713	58.81198265176972	58.8780617269679	58.907817345890415	59.19996608220853	3.725144262525426	59.94044269157096	59.96033883352631	59.97443080254395	58.27815321205635	3.3847199453506844	58.770189794312586	58.87529208581978	58.91018140724753	58.04397254391962	3.790808638758094	57.905454372943126	59.78040459241493	59.95915986958682	55.39639736645945	4.563041582008367	52.96231015109853	56.6182547324389	58.81011596914228
3170000	59.54936668769643	3.539086714889302	59.93043251814913	59.99014767972997	59.99965553239326	58.35822088611749	3.429309685629395	58.94873475803661	58.95986420982126	58.96717126234132	59.13900323660793	3.727119117964569	59.875307235470885	59.90864892245943	59.93535034554802	58.296659511449796	3.3891303248886944	58.81198265176972	58.8780617269679	58.90796756965318	59.20003303543679	3.7248379179019326	59.939146307185894	59.95991846813508	59.97465131457571	58.278559686500905	3.3847642281025547	58.77266669425768	58.87569465469316	58.91028503937493	58.04771643647085	3.7880197460532954	57.902103907048755	59.78797512327774	59.958711024296996	55.40183383332458	4.561207388708301	52.96231015109853	56.645481837875366	58.812376232940366
3180000	59.54420592338792	3.5390372449603618	59.92961412947537	59.991026319909146	59.999745518313205	58.358656913398264	3.4263711970076085	58.94828629547848	58.959755364078035	58.96702112411941	59.14030230127813	3.7273672920959635	59.87814969457367	59.910050048592325	59.936865306749425	58.29757910214582	3.3880004250943543	58.81238434856043	58.87861541241488	58.90806865399293	59.20061202562616	3.7250613830437915	59.93902641905723	59.95987071604144	59.974472513680226	58.27928602925267	3.3849087375412688	58.77280667239133	58.87590416851072	58.9105658446684	58.052898840082854	3.784431717856807	57.906909243330716	59.778903980510165	59.9614255723284	55.40457664713395	4.560391484747892	52.96231015109853	56.67947202875923	58.813621432032406
3190000	59.55144918114459	3.538366391531684	59.93918700061634	59.99215763383228	59.99957513987481	58.3593732822613	3.427718812925689	58.94981970981023	58.95971479238023	58.96703311642467	59.138782977770184	3.7269578182347938	59.875859359720906	59.90833075873588	59.9353805886626	58.299114328521235	3.388826421096975	58.81238434856043	58.879360567712894	58.908368157706434	59.199492862422474	3.7247272039230905	59.938121894018714	59.95910845266887	59.973998151337994	58.280644322821374	3.3846941422831542	58.77280667239133	58.87605714026189	58.91146213385449	58.05420988208932	3.783109543180058	57.905012405104586	59.79747460287043	59.96177906628455	55.409404403037506	4.555605175652294	52.96231015109853	56.67947202875923	58.81279740023667
3200000	59.546708409707804	3.538224197113227	59.927195765306344	59.99207179644584	59.99976613375331	58.360270433750514	3.428005177889643	58.94869272658894	58.96019953946801	58.96833805478281	59.139227953305564	3.7270452751742664	59.874647352444086	59.90988157173844	59.93554300603696	58.298387860051875	3.3886294973616082	58.81317213185131	58.879360567712894	58.90825537371161	59.200358515973	3.7248446164096043	59.937514904175515	59.95931328883461	59.97477101693238	58.279955373123144	3.3849399950496664	58.77341444191512	58.876280091884766	58.91146213385449	58.054280435471895	3.782663179892677	57.90928236634264	59.77600799171992	59.96011710913192	55.41310500211171	4.551187825157866	52.96231015109853	56.67947202875923	58.81770502548729
3210000	59.549031601150446	3.5388241305560624	59.93720768213312	59.99167029258446	59.99981596225271	58.35918379890827	3.4277314837017236	58.949201860438095	58.96013878188104	58.96764647897369	59.13946820833236	3.7270301648169735	59.87351157795825	59.910502739743094	59.93909074483594	58.29870585089783	3.3895502387311334	58.813029342303665	58.88020074404537	58.90869322789446	59.1996732864437	3.724683302156215	59.93888347023001	59.95914004184691	59.9738387750899	58.27984239340369	3.3854043502033906	58.774926946368595	58.876387409270855	58.91176302668065	58.0588352163294	3.7805896115147943	57.908606113332375	59.81189639143284	59.9617780023084	55.42121284775988	4.544318506948554	52.98906199479346	56.72350502679098	58.81097725408031
3220000	59.54989569236326	3.539145431097	59.93645192012525	59.992183266232615	59.99974349541314	58.360204029018256	3.428217669084829	58.94853019280071	58.96003362748005	58.968454008137634	59.13955150698955	3.7270282136580466	59.87666541402966	59.911006615792274	59.93570585109079	58.29989226455615	3.388649162963445	58.81317213185131	58.88032732645402	58.90869322789446	59.1990950308097	3.72448104700173	59.93715946117199	59.95880967731621	59.97404230436485	58.281566149229086	3.3845713313131687	58.775862128093635	58.87693424369765	58.91176302668065	58.063286280062044	3.77638159594612	57.90671947819506	59.81459245110812	59.96021110722185	55.424832791790834	4.542911732214856	53.00806325573429	56.72350502679098	58.81279740023667
3230000	59.54991991723119	3.5391092933806085	59.93742332839688	59.9925583026356	59.99979047859828	58.35999812582397	3.429004600360167	58.94979999689741	58.96060595816613	58.9685093708498	59.14002628829653	3.726800374494431	59.877412840531704	59.90877234948759	59.935730265409845	58.2998849068447	3.390180635966138	58.81385216053275	58.8811577218862	58.90869322789446	59.200416774822386	3.7246970607703833	59.93916239830079	59.960332303166226	59.97465812845715	58.28177513065038	3.384756035473213	58.77640685857817	58.87758999184817	58.91213845935078	58.066865239781656	3.7722938155252264	57.907596119286936	59.807946107771	59.96007751318067	55.42878143442971	4.542217668512114	53.00806325573429	56.72350502679098	58.81279740023667
3240000	59.54897525797715	3.539162671539441	59.938042022297694	59.99212441657603	59.99972475667752	58.36013724319663	3.4274515427488845	58.95021766578388	58.96059107692001	58.96804364546534	59.140774441566016	3.72672419426278	59.87624017004533	59.912011028470495	59.936368131833646	58.30023744196037	3.38864613981372	58.81436709018549	58.881320891918634	58.90879436057966	59.198910974029175	3.724330790979645	59.93916575352135	59.959150017400624	59.97422036746818	58.281880212448876	3.3850907962465318	58.77677515986218	58.87824251129818	58.91217123351788	58.066996847572625	3.7668186942580895	57.90991456180076	59.76359900763213	59.95946133946498	55.43383728261256	4.537237344425456	53.00806325573429	56.72350502679098	58.81279740023667
3250000	59.54939570301343	3.5392337119975266	59.93983517367473	59.98997792053083	59.99964721079462	58.35849567465302	3.4283464517734035	58.94955287772519	58.960524806238105	58.967400305459904	59.14009724976336	3.7264485993277248	59.87638220532178	59.9088790683538	59.93594891433635	58.30070978897564	3.3891870470566774	58.81438530237296	58.8811577218862	58.909416389992685	59.19990145698314	3.724443127660145	59.9402609615192	59.95855688786645	59.97433593934012	58.28262149287861	3.3844671464609313	58.77931471937206	58.87836921047022	58.912239460224335	58.07032714394421	3.7682720308082596	57.90954847147416	59.77095508857049	59.95940559488096	55.43737651584967	4.536290061874944	53.00806325573429	56.72350502679098	58.81279740023667
3260000	59.54921724239576	3.53905298816574	59.93866774265416	59.99237432757422	59.99973764095802	58.3592356625298	3.4281041128417775	58.95007331762201	58.96044263489624	58.967827593657276	59.141769816482686	3.7267040480360607	59.87634779207086	59.910432946024216	59.93644739993123	58.30132440521811	3.387977084497747	58.815406025101545	58.881430664943075	58.91043453648296	59.20120367290018	3.724645649034279	59.939601346088445	59.96040999181701	59.975539389189606	58.282633723686615	3.38498936069965	58.77931471937206	58.87836921047022	58.91234641538658	58.073131939977024	3.7658440397720097	57.908957388864444	59.8091756150945	59.95966717819787	55.44407153156032	4.5329913174865375	53.01640598114878	56.72350502679098	58.81279740023667
3270000	59.5497782472666	3.537927438257513	59.938736549436584	59.99115755272863	59.9996338362592	58.360377092673524	3.4287020188393895	58.950268407391675	58.96112283861139	58.96877851301367	59.13949551011959	3.726035722964058	59.8739439704675	59.9068527626323	59.93339587154967	58.30201657725195	3.388138519323395	58.815406025101545	58.88152188566981	58.91043453648296	59.20079040629881	3.7245160717039107	59.93962076113098	59.95944222797287	59.97504367613388	58.28344320674603	3.384556907900822	58.78044402231338	58.87875192433886	58.912400941451004	58.07709647044665	3.7649026822262943	57.910470216137455	59.83168997635899	59.96096339999945	55.45010277580105	4.531022656754647	53.02246977235978	56.72350502679098	58.81770502548729
3280000	59.55031080120838	3.5390187451387694	59.9394267526879	59.99082608671729	59.99970717110499	58.35846396374724	3.427777558672971	58.94756293134705	58.95930274960871	58.96733125914526	59.1408644902725	3.726272763492032	59.87749389333692	59.9088547594196	59.93503796995007	58.30263489194905	3.3890768219204093	58.815406025101545	58.8816597015416	58.91088312531008	59.19922842496593	3.72410709119592	59.93699215279359	59.958282378920984	59.974473274850695	58.284112637788226	3.38469546374021	58.77677515986218	58.87891867589593	58.91270635024132	58.07932367654937	3.761159869616007	57.90704399123593	59.78303134108729	59.96083092302734	55.45256798705338	4.526788998766076	53.034952091425836	56.72350502679098	58.80929391043645
3290000	59.54783733789226	3.538684156757422	59.93241324484528	59.98983919787885	59.999523773652754	58.35947591231774	3.427409086716933	58.94853884135769	58.96011842096256	58.96787204281415	59.14024203962042	3.725567146092787	59.87565105877238	59.90937320948758	59.93563988416621	58.30256809204805	3.388406300152664	58.815406025101545	58.881320891918634	58.91066145080234	59.201066593968996	3.724350402617561	59.94067397066016	59.96024735117932	59.974845800117436	58.28410159104793	3.384500843758205	58.77931471937206	58.87913973712837	58.91282068246687	58.07835983472419	3.760327027892377	57.90614110308448	59.78946395502257	59.95790279508235	55.457042653762095	4.52496448619888	53.034952091425836	56.739882157194415	58.81279740023667
3300000	59.549342510800045	3.539292774646478	59.93881446954824	59.991651031587566	59.99978409959873	58.36004340984575	3.4277601221623937	58.94912941321845	58.960897967896535	58.96778634726515	59.1421918730477	3.7257989381493837	59.875430080511244	59.90997011409024	59.93765595429258	58.30296237918539	3.388825668578353	58.815406025101545	58.88180032209024	58.91131063669404	59.201642654835965	3.7242009367948974	59.937885339950945	59.96196046451476	59.9761496371547	58.28430937665695	3.3851283567077215	58.78044402231338	58.87939220395153	58.91324891742576	58.084301990916316	3.7580896676090934	57.905274292317245	59.800297195427504	59.960280555811465	55.460971495687225	4.520830554225298	53.042759405312836	56.739882157194415	58.81097725408031
3310000	59.54747387838528	3.539488987018573	59.93114077954333	59.989708679187686	59.99975675188979	58.35883036976629	3.427157668544241	58.948462606657564	58.959674438459864	58.968028392113965	59.141876411977805	3.725627672695149	59.878327566105476	59.90947975082427	59.93593790995919	58.30394281169918	3.389478512925888	58.815406025101545	58.88235372576328	58.91169142195557	59.20107044517301	3.7240051567592642	59.939771199273146	59.95949313113768	59.97322968030038	58.285428805965104	3.3855784306224646	58.78044402231338	58.87956543171472	58.91345720989676	58.0863573299219	3.757160462410004	57.910730984666884	59.7897218278545	59.960572985608835	55.46464494521947	4.517233034266725	53.045230776404495	56.739882157194415	58.80929391043645
3320000	59.54668360870482	3.5399573842584107	59.932525347557615	59.99057229566524	59.99964650504275	58.358342586469774	3.4281345253329203	58.948113337314766	58.959707306666886	58.96733891645659	59.14084311504503	3.7252849602013858	59.876829078092406	59.908609241412435	59.933748705826474	58.30373216024147	3.3899226484551623	58.81642321013355	58.882483440001266	58.911362492050515	59.2002702334651	3.7237310475366385	59.93803373674453	59.958444081756724	59.97391601841803	58.28583250973209	3.3852381405433665	58.781792633591	58.87965637776274	58.913683959212726	58.08812622951254	3.751875588420843	57.90456774306866	59.779069088841766	59.960110018136334	55.46901750059571	4.5149041479448435	53.045230776404495	56.739882157194415	58.81011596914228
3330000	59.54609150326523	3.53997534176939	59.93235676294541	59.98932525477669	59.99963538590164	58.35979858413792	3.428669463385911	58.94881065771483	58.96013060056468	58.96798277945667	59.141278257732615	3.7253032359927953	59.87640826340641	59.90747469559321	59.934653307587574	58.304920497755234	3.3902252920382976	58.816614026509086	58.88236151917586	58.91168074692014	59.20026193027139	3.72373271946364	59.93912744947794	59.95939045267855	59.97463201088682	58.28678839991803	3.385059021828154	58.781792633591	58.880174217150326	58.91410454028923	58.09369907540831	3.751105811284012	57.909727859174964	59.79863024763361	59.96075197263912	55.475231655613385	4.5112814997152615	53.04658305070747	56.739882157194415	58.81011596914228
3340000	59.54726559020282	3.5400733576767354	59.93445206282013	59.989155812324825	59.999643656971955	58.360009467134155	3.4273867244907343	58.949415610734775	58.96047980163095	58.96786106790678	59.141231529671295	3.7252694796173405	59.875265427609946	59.907549959132815	59.9355391737693	58.30449721717577	3.3897526100226365	58.816614026509086	58.88236151917586	58.91206355866089	59.20050193710346	3.7236754446762474	59.93766357894839	59.959922647890295	59.975220927380434	58.286621456888106	3.3853165654829396	58.78230103001807	58.8811829441474	58.91410454260051	58.09354395978927	3.7485363880270257	57.9094597220788	59.806794695440836	59.95856823405127	55.48089721349352	4.50930085451589	53.04658305070747	56.782875941534144	58.81011596914228
3350000	59.54818346806346	3.540507075924257	59.941787245810985	59.9919853993365	59.99970883107994	58.35975025416718	3.4285813433483936	58.94892345069306	58.95998107021883	58.968168567886295	59.141208036384576	3.725217990397169	59.87627942203867	59.90966814613179	59.93688848814313	58.30402379987204	3.3906697872541542	58.81692020233968	58.88242650240106	58.912033357091126	59.19992411509537	3.723508765891327	59.939015714351676	59.95928976507015	59.97387021122059	58.28635895730871	3.3858837190991404	58.78270625792453	58.881742255454505	58.91410454260051	58.094647926303224	3.745061739844506	57.905854206534656	59.75943628726114	59.959161032570876	55.48856424123911	4.502052868330557	53.05848389084628	56.782875941534144	58.81671513560036
3360000	59.545362100613396	3.539661413755652	59.928958600119465	59.98995764170513	59.999647504443956	58.36073396774574	3.427739848074479	58.94907571659037	58.960365511578985	58.967818738966535	59.14090853093521	3.7249463113478036	59.87583402174581	59.90741649647072	59.93536041411214	58.304781560621706	3.390460836793459	58.815406025101545	58.88324859857246	58.91265214398048	59.2006449215102	3.7236240815250348	59.94037013339827	59.95790584940005	59.97253093895593	58.28710991431623	3.3859497427254404	58.78442951259474	58.881742255454505	58.91420204245864	58.10146071197923	3.7378282009788264	57.9035993073606	59.79743159577103	59.96143214303237	55.49136771295015	4.499716050289762	53.05848389084628	56.782875941534144	58.81279740023667
3370000	59.548981547032945	3.5396423865709803	59.93858629334468	59.992000136387176	59.99975787012607	58.360021706521465	3.4280415375772564	58.95005547037124	58.96036237692356	58.96844416235976	59.144499374258686	3.7256196019352243	59.88043318337006	59.91184059935054	59.93567460068797	58.30554600255332	3.38998370887278	58.816614026509086	58.88266021700633	58.91257365243096	59.20237232492056	3.723711843531175	59.94119378592181	59.961444663883896	59.97511949479423	58.28825941180179	3.3855739485888545	58.78726932732089	58.88261109801979	58.914521873172546	58.108046845973675	3.7361891447623026	57.90757350879177	59.828829700497984	59.96026985952082	55.49740455187062	4.49373810927902	53.05848389084628	56.80768263086995	58.81724416367037
3380000	59.546253308566534	3.5391141161340784	59.92939605685998	59.99069422701015	59.9997980541687	58.36036702007714	3.427618394504915	58.950748929181906	58.96007356282276	58.96794593535395	59.14528886885395	3.7257094845834007	59.880309813745896	59.911120407299435	59.93805273542923	58.3068581163047	3.3888658676849412	58.81692020233968	58.883898970598736	58.91270999604593	59.201230581127994	3.7234477531851686	59.93856654031651	59.9605931983037	59.974851232377695	58.288693123065066	3.3852251476803175	58.78917078088082	58.883075553032945	58.915062876630174	58.10990766990894	3.734984890669327	57.91010502600408	59.80797370182262	59.963393760213854	55.50257839352379	4.489997501934181	53.05848389084628	56.80768263086995	58.81460979002598
3390000	59.550193597849976	3.539532218188242	59.944306515184316	59.991729294251755	59.999791011266204	58.3605598765145	3.426322185395489	58.950722821809485	58.95989921809211	58.967785903838696	59.14490876900243	3.725581773226239	59.879008420046056	59.911921290755515	59.93762898983992	58.30631950330502	3.388009641805899	58.815406025101545	58.88398082868522	58.913178841233005	59.201984022063115	3.723354367722887	59.94142672169837	59.95948709493078	59.97516942531129	58.288549192339794	3.3853827510984176	58.789665556875775	58.883075553032945	58.91520416282652	58.10961130002242	3.7317123209976413	57.91125029907502	59.77929298676945	59.95965057030637	55.50742854370109	4.485509921396291	53.068534854272045	56.813224907506815	58.81724416367037
3400000	59.553147577385744	3.5396817700441776	59.94795865466705	59.99187541432508	59.99969600858589	58.36057061560172	3.4268932961402276	58.94973007962636	58.96126815249025	58.968290345010985	59.14402771314302	3.725140632069826	59.87847939747725	59.910971055703314	59.93422755639278	58.305783264809214	3.3892341179368897	58.815406025101545	58.88415202096713	58.91283481467226	59.20079513665295	3.7232511497776617	59.93967005123865	59.95988093248863	59.97481647123399	58.28818417505732	3.385699057613212	58.79038369653237	58.88394600408656	58.9153392457346	58.11494339193253	3.728353537680579	57.909549969587104	59.820631756367476	59.96097155067514	55.51312918908631	4.482066633394023	53.0730494368055	56.813224907506815	58.81460979002598
3410000	59.5509891686756	3.539782060625481	59.938319575333644	59.99267652140044	59.99974322553402	58.36062865986526	3.4282742838550586	58.94898409808869	58.96006295555766	58.96818620066598	59.146389440235076	3.724703154360025	59.88049941705212	59.91256265649	59.939204962967914	58.30606211896391	3.390222611782974	58.816614026509086	58.88527496422826	58.9128046508389	59.20196532887757	3.7234070530094843	59.939857299945075	59.96055932517754	59.97514663229525	58.28897884097768	3.3857436383186026	58.79038369653237	58.88408815838902	58.91548918856952	58.11502073461127	3.7279965987330175	57.90858105009414	59.78303855871546	59.960304031016385	55.51765939654075	4.479157140616443	53.0730494368055	56.848702958919034	58.81724416367037
3420000	59.551886560543736	3.538486766838538	59.94422940452467	59.991794675689405	59.99977476937832	58.36091422585709	3.427829934090506	58.950818009836865	58.960906958346285	58.96875822281914	59.14613106373357	3.724512042545993	59.880185772175665	59.91306397949879	59.93933997149395	58.30766192681622	3.389098325101454	58.820284922803076	58.886356561427164	58.9135610502474	59.203851478731096	3.7237145574463058	59.94381195952998	59.962734890725905	59.97646589681216	58.29032634917068	3.385015723523887	58.79064544145246	58.884136431434115	58.91555050657189	58.120576011964	3.7264083652746858	57.912333788322954	59.79928789110052	59.961648526198886	55.52229304411878	4.477353818349738	53.08800414686176	56.856969075967626	58.81097725408031
3430000	59.55405016168435	3.539224367223525	59.94424892607565	59.993961508125636	59.999826425070296	58.36040917832783	3.4277331711335126	58.95086466924188	58.96114389608067	58.968190376922706	59.14664535052164	3.7241842439478745	59.879246225617656	59.912490425669	59.93769056196771	58.30742197723473	3.391256762527861	58.820284922803076	58.8862292640092	58.91317984818879	59.20204024924645	3.723274098552463	59.9396064538545	59.96065211280859	59.97476772950489	58.290138397385164	3.386088324101007	58.79064544145246	58.88441698042069	58.915719748582944	58.12212741964178	3.725797745156102	57.90927072950281	59.80273128513686	59.95960060641924	55.526446081215944	4.472559460858443	53.08800414686176	56.856969075967626	58.81460979002598
3440000	59.548506099159944	3.5378142232305576	59.93922415406157	59.991474484560825	59.99963940210728	58.35992294704982	3.4278326466145366	58.94965681854104	58.96062228701403	58.967843093683754	59.14645202125303	3.7238795095523023	59.87916114671827	59.911119172787025	59.93449203104177	58.30699752727338	3.3895423095185055	58.82181477593888	58.88585842257752	58.91345976749146	59.202423976139414	3.723344035770655	59.94172310307287	59.96097219989889	59.975140745829414	58.289799214974494	3.3861813901509406	58.79147619725751	58.88512824199955	58.915719748582944	58.12624869417037	3.7230402940532508	57.911400260731206	59.79065193140873	59.96017867624776	55.53325749468544	4.4648808694849675	53.08800414686176	56.87367255891917	58.817131481499274
3450000	59.54882531756603	3.538536692936432	59.93947745800879	59.99300166704977	59.99978800995988	58.35997623226953	3.426016065026269	58.949964522506946	58.96047796179873	58.9680567947571	59.145735631039685	3.7236641373727726	59.8760194061016	59.90963661220067	59.93521409878364	58.3076883714791	3.3895197568754956	58.82181477593888	58.8862292640092	58.91423307090548	59.20116566544527	3.7231156355394006	59.93871645767	59.96040239002589	59.974482857016355	58.290524809852414	3.3858743354130545	58.792207472791596	58.885456199454836	58.915748929035644	58.128669869760735	3.7203308784638516	57.911965764271834	59.80494549451866	59.960665305643374	55.53783151602168	4.463520871082264	53.08800414686176	56.87367255891917	58.81460979002598
3460000	59.54925823209367	3.5389590602671706	59.93389027823851	59.992356147425326	59.99977430218718	58.35909631253387	3.428624986019226	58.94844218260075	58.95979877736643	58.96789327365764	59.14562375497127	3.723341508290984	59.87542409081317	59.907458638904885	59.93697789705544	58.30791286274624	3.3900102690554768	58.82258460159454	58.88678172657832	58.915107106803376	59.20140804930596	3.722565106313406	59.93700294606391	59.95937788778273	59.97452001150153	58.29090316882073	3.385452032093681	58.792207472791596	58.88561068732831	58.915846012665675	58.130881631814844	3.7167553322632565	57.90613348596601	59.79690738637812	59.960260849193595	55.54188167350582	4.461676371720944	53.09438703560001	56.88959548733605	58.810860488170825
3470000	59.54916674466585	3.5391796809359644	59.930151901189014	59.991340223373456	59.99971902480654	58.3606810985208	3.428123374480703	58.94850068399184	58.95980535247625	58.96827701557476	59.14641523608888	3.723441229820334	59.88011816528023	59.90923650700349	59.93624497137878	58.307553713466206	3.3899365525791008	58.82297586301333	58.88693973958941	58.915107106803376	59.20484170179874	3.7226821715167544	59.94078049581646	59.96076164603739	59.97545877088339	58.29037963852116	3.386776565412275	58.792207472791596	58.885808953411534	58.91597457572968	58.13464244191536	3.7152860938315855	57.90605767219571	59.80505267358471	59.9602148808752	55.54803660061688	4.457933680747992	53.09438703560001	56.88959548733605	58.81724416367037
3480000	59.552566432657244	3.5392014812708705	59.94133232885129	59.99261762306119	59.9998232852561	58.36348211755102	3.426067161669549	58.948087434997255	58.95965726931448	58.96793259203222	59.1474483879558	3.7235144077001383	59.877961728201115	59.909692928804134	59.93677359222363	58.308897686308846	3.3892177451148497	58.823054422333875	58.88708612476968	58.915171322218676	59.206854676272386	3.722910203283441	59.940932454854696	59.96158286072114	59.9748063092215	58.292352965504584	3.3855096063757375	58.79310384681341	58.885808953411534	58.91625521244607	58.136988924054336	3.7142423999651415	57.91229116003972	59.81396356222868	59.96180895075834	55.551492719932426	4.45306936360206	53.09438703560001	56.88959548733605	58.81460979002598
3490000	59.55067570257002	3.539188649115229	59.93695995094799	59.99319315580301	59.999759397446454	58.3640929734323	3.4267331804953858	58.94977057920208	58.959863466839664	58.967622792363684	59.14496546795793	3.7229763378123035	59.876063692353725	59.90672956061218	59.936441061752895	58.30972353225378	3.388022263255367	58.82223109295626	58.88708612476968	58.91521544795895	59.20522204099126	3.7226260647635336	59.938436425203	59.9597199729888	59.975048248006814	58.29293631039806	3.3850487243966128	58.79310384681341	58.886363545152165	58.916652120500984	58.13836928508879	3.7141941879377622	57.90906756677897	59.84079213187357	59.96024365778995	55.55656050915641	4.448930448221451	53.09438703560001	56.88959548733605	58.818454506047935
3500000	59.5463971868797	3.5386374012752824	59.93032719390898	59.99027561628321	59.9997590294404	58.36446649494284	3.425400832728076	58.94956692168277	58.959339607727046	58.9679768322782	59.145911721119134	3.7230371935968134	59.876212880598516	59.90720976062859	59.934944709806956	58.30974634616257	3.387158482692734	58.823054422333875	58.88703083410857	58.915171322218676	59.20561700873906	3.7225862002004457	59.93970130343679	59.96045274436628	59.97573621366209	58.29307311962412	3.384764431843802	58.794463589968935	58.886607535454004	58.916652120500984	58.14032254827063	3.710043011102056	57.905855105906255	59.82435344761431	59.96101324681701	55.559228792580804	4.446982365242669	53.11907971788126	56.88959548733605	58.81718167209992
3510000	59.55165980581824	3.537886780068668	59.946417243688074	59.99237118072138	59.99976749285379	58.364267233801996	3.427381228592874	58.94991738014377	58.96063214395254	58.96772909630498	59.14585322699781	3.7229830615460626	59.87493746729322	59.91011312954875	59.934899202419444	58.3103819759201	3.388758237727983	58.823256723905665	58.88717088874495	58.915272784432425	59.20521057655983	3.7224233815874808	59.94094859010689	59.959908575017515	59.97422151431438	58.2933563022336	3.3859949337590045	58.795244357947865	58.887347267954524	58.91673365131477	58.14100398184625	3.710928710743817	57.90659801256038	59.81087278974695	59.961843365791154	55.56410427216881	4.443709429923683	53.11907971788126	56.892695312521845	58.818454506047935
3520000	59.556137075381216	3.5393239983284728	59.95177466371268	59.993694861423116	59.99987128795996	58.36426041816802	3.4271457898293423	58.94939701968271	58.96037008684637	58.96818694922041	59.14606250872967	3.722886789320747	59.874410275103074	59.907700194247035	59.9370840602576	58.31107263673501	3.3919270309711353	58.823256723905665	58.887382814423916	58.915272784432425	59.2052728586616	3.7223846021489453	59.93850653768587	59.95984986042133	59.97372488622228	58.29447096730364	3.386237836412029	58.795244357947865	58.887679964532566	58.91680326039553	58.1465326673681	3.7094232660318696	57.91353349559734	59.81521971527762	59.96177378064168	55.56802365755968	4.441743482156838	53.12994646601455	56.892695312521845	58.81097303145047
3530000	59.55203098941458	3.539703590560342	59.94452040482122	59.9918396843065	59.99974155469121	58.36416447297532	3.4275561406535413	58.94782950843929	58.95952530909747	58.967640511263646	59.145954230251796	3.722817725739185	59.87397901812389	59.908351908545846	59.93692057326612	58.31061571585864	3.391623173664033	58.825817267115575	58.88779463729871	58.91557887905955	59.204433101046575	3.7221956909038822	59.93781900226925	59.95881037610654	59.974117479938585	58.29409234629673	3.386031090344533	58.79505784638246	58.887679964532566	58.91727639773542	58.14654766148862	3.708298749651273	57.91272558365984	59.80710381286676	59.95963350575756	55.571629545339995	4.437798074087834	53.12994646601455	56.892695312521845	58.80929391043645
3540000	59.55227719464299	3.5395759227485835	59.94005381423463	59.99208177362331	59.99979559346152	58.36425049517225	3.4262675638448656	58.95075197293333	58.96096193672155	58.968817615796006	59.148479728323416	3.72328264799688	59.879965508782206	59.91318397754192	59.939409630983896	58.31159946256463	3.388797932143921	58.825817267115575	58.88792504487648	58.916044928029166	59.20591836530653	3.722482691341568	59.939760543383656	59.96110188063972	59.975593847553526	58.29479569540577	3.3853806806010627	58.79505784638246	58.887953913609756	58.91745863477341	58.14995126698678	3.703695375313344	57.91289929704926	59.80173797094389	59.961221764303374	55.575352212742985	4.43689183913894	53.12994646601455	56.892695312521845	58.81835540625515
3550000	59.548842292622815	3.5395134114349354	59.93604183350142	59.9900065550935	59.99963211287752	58.364829634895216	3.4272364893450895	58.94886556900733	58.960682370958885	58.968547545151374	59.14414702088055	3.722091477018566	59.872622040688725	59.90636987070364	59.93288313703317	58.31192292418781	3.389570559479624	58.825817267115575	58.88792504487648	58.91604203834342	59.20518386125752	3.7217467098598127	59.93690754106902	59.95804112446016	59.97399447713294	58.295154608785964	3.3861272332912806	58.79505784638246	58.887953913609756	58.917919664624826	58.152296411913994	3.7033590968154684	57.90752691526265	59.81965735848132	59.96042431441425	55.57788973897454	4.434390479213034	53.1857968335576	56.892695312521845	58.81868522330514
3560000	59.549677283890176	3.5396721545967336	59.93427156594345	59.99258211013529	59.99978939642727	58.36488436555936	3.426091914486148	58.94808315462194	58.96019021673274	58.968005435628704	59.14820941922799	3.7228347398305477	59.877612613253795	59.91064218412656	59.93839835996885	58.31299789833745	3.389539678441765	58.826958896821786	58.888727720092604	58.91653539519488	59.208554268462805	3.722347870496517	59.94108532531122	59.96140058182644	59.97465598336323	58.29649760946473	3.3856543047336483	58.7963129455378	58.88847653080619	58.918172895212614	58.15630620364769	3.699930189194415	57.90687509132588	59.82839099886922	59.96187763056041	55.582107399367366	4.432874904608933	53.22484925434445	56.892695312521845	58.81807054998341
3570000	59.547724746597744	3.5394484693830264	59.93205577268371	59.9925101749999	59.99975632765091	58.365711750723584	3.426965824601494	58.948052260621026	58.96048093363838	58.968235192824594	59.14840349311161	3.7228507494528627	59.875927595929156	59.91088350168749	59.9371288474616	58.31276648558381	3.389541893761826	58.82783881707761	58.88860590699593	58.916273330603055	59.20857411820159	3.722313227548132	59.93991691706468	59.961279652889914	59.97619499164239	58.29657651723595	3.3854043794786244	58.79733932303035	58.88851475075486	58.918294418582136	58.157763114444286	3.700573468415321	57.915127592256894	59.8121314077201	59.96165810347875	55.58738266035345	4.428282482888756	53.22484925434445	56.892695312521845	58.81990226887501
3580000	59.55127418665685	3.5397634431258815	59.941694236105306	59.99311855591569	59.999736007041484	58.36569738685216	3.426972329295661	58.949714278448155	58.960642972216384	58.968309329851365	59.149170714240526	3.7217688487502634	59.878854703346775	59.911093395837966	59.9375238281188	58.31312651269908	3.390009789417906	58.830385182474316	58.8887483423405	58.91653539519488	59.209039709530266	3.7223224223602682	59.94291674779624	59.95969983958898	59.97473300670886	58.29684895313425	3.3854431763568757	58.79755723287867	58.88851602338995	58.918294418582136	58.16048867354556	3.6994709916293598	57.911884656956595	59.80789228089919	59.961062349484784	55.5924884511076	4.422966208271642	53.22484925434445	56.89711485567586	58.81724416367037
3590000	59.547608380276216	3.539052887320368	59.93054272984193	59.99122669568894	59.99971338753397	58.36559034542055	3.4262673631233196	58.95068138582769	58.960990496829325	58.96774034463137	59.14638800122767	3.721165987878374	59.87336890585264	59.90950045840174	59.9341557788167	58.31446405869687	3.389157239785226	58.830385182474316	58.889146979820154	58.91734742772647	59.20810652132563	3.7220396882853635	59.939473214387846	59.95901557009681	59.97416767241467	58.297834240599556	3.3859499690616737	58.79780412913589	58.88945920930334	58.918172895212614	58.16139038783128	3.699525628993688	57.91114039653514	59.8347226685286	59.95925914157351	55.59814672086048	4.417974503983105	53.22484925434445	56.89711485567586	58.81990226887501
3600000	59.55202605566232	3.539524634359653	59.940989560672996	59.99153631239545	59.999708940539804	58.36738389557614	3.426067200661997	58.95070554347046	58.961598719238715	58.968248096836135	59.14717066507583	3.721278569158798	59.875842650866076	59.909106537669224	59.936958215754544	58.31417674455901	3.3884955843736555	58.828951674469764	58.88881051929876	58.91734742772647	59.207976159966606	3.7220186752481106	59.94140831410475	59.95965442497962	59.97408071759055	58.298201641004525	3.3853176292121954	58.79780412913589	58.889643291616125	58.918294418582136	58.16448182659041	3.69596057059987	57.91162717507399	59.832982695050205	59.96157748671446	55.60154919164501	4.41490636348831	53.22484925434445	56.89711485567586	58.818350777321605
3610000	59.550409620268375	3.5381013193798774	59.93300549315392	59.9917781350928	59.99978491472868	58.36575520797388	3.4284097850533906	58.94877752975683	58.96003415414121	58.96783128438355	59.1484165178121	3.721429421193474	59.878125662987344	59.908399255331474	59.934810514867884	58.314101081192774	3.388434683581779	58.829566795741606	58.88934864770933	58.917408467251576	59.206332093447124	3.720951300885907	59.939150510467236	59.95831353887903	59.9733936690034	58.29812822097413	3.385108636956108	58.79780412913589	58.889706058658405	58.91831303940657	58.16376253036674	3.6967727641864743	57.91145208715986	59.78688504825212	59.96091645052128	55.60677975079899	4.410001091717889	53.22484925434445	56.89711485567586	58.81990226887501
3620000	59.5507984491554	3.538554463489616	59.93042634269124	59.99270109345441	59.99974144017557	58.36688817045416	3.4264965230310094	58.95148180609421	58.96141977043398	58.96840661091784	59.1492474288669	3.7205254267703154	59.880506157862655	59.90977651377565	59.935556950528614	58.31436032255777	3.389407761737458	58.829566795741606	58.890068054076124	58.91762624621068	59.20859722242216	3.721424532423196	59.94031664629239	59.96091173536002	59.97470100140117	58.29792627458431	3.385765134514708	58.79871170935783	58.889706058658405	58.91833183239805	58.165094106802265	3.6944884283315256	57.91125278568646	59.81138806289752	59.96170347664677	55.609091811068346	4.408776577349661	53.22484925434445	56.89861273135415	58.81966795011452
3630000	59.55220723352334	3.5388004141992333	59.945990519995824	59.99223892681614	59.99980090556082	58.366268564050365	3.426928741724484	58.94961154380029	58.96077159018773	58.968626497965836	59.1487547591316	3.720379165136064	59.87575068552311	59.90879550268646	59.93520108858121	58.31523279601215	3.389167225318565	58.830385182474316	58.89016211355678	58.91810734828733	59.20766726309394	3.7211855178435136	59.939763260430745	59.95917749437996	59.974019847825154	58.29904596700262	3.3856737401582877	58.79871170935783	58.89039931235254	58.918519493120684	58.167314976493515	3.694896013923303	57.90896989285644	59.83214997667375	59.961268452988655	55.61327689668996	4.404772453814975	53.22484925434445	56.89861273135415	58.81724416367037
3640000	59.552139405036414	3.5394533894584788	59.94811178709178	59.99256774906312	59.99984587976033	58.36754664613037	3.4267476536879715	58.951375271471974	58.96083415984264	58.96791305062096	59.15087139227097	3.7206938016184963	59.877670619676664	59.912901398728195	59.937374629616954	58.31642603976503	3.3897459777551116	58.830917366350015	58.890168459522705	58.918131678876634	59.209349446794675	3.721528785709172	59.94032294428743	59.960719031596696	59.975238863523	58.30000163465984	3.38594748182331	58.79871170935783	58.89112134296974	58.918873317965264	58.1688382968151	3.6942382081557614	57.91530011825767	59.82437089469762	59.96058924365431	55.62060138544843	4.40108343833246	53.23344535549411	56.90433081974805	58.81990226887501
3650000	59.55190049003436	3.5397073494903335	59.940592618370786	59.992584702796506	59.99986702166328	58.36653103537517	3.427497818385688	58.950018529590906	58.96081561340988	58.96838272087265	59.15117537229231	3.7207140185795686	59.87867262066715	59.913058483485216	59.939193472384304	58.31593176568315	3.389683640766475	58.830917366350015	58.890595641741804	58.91862415112984	59.210007790464154	3.7214493458663873	59.94034010822966	59.96150624724875	59.975403829408336	58.29954372179417	3.3862067964833034	58.799788334276656	58.89112134296974	58.91863841578078	58.173155325416445	3.6952433901617625	57.91130546307411	59.837429770450186	59.96312479646047	55.624713915574226	4.3972152425557995	53.24130154055481	56.927931943176375	58.81868522330514
3660000	59.55112785677956	3.539534929368571	59.9396331524829	59.9917202385236	59.99980850493512	58.36547714937446	3.425578495785203	58.95037948025815	58.96023204662323	58.967650942085996	59.14858470867914	3.720130274487258	59.87547306229132	59.909582840968476	59.93608297478165	58.31679034639936	3.3883756645556686	58.83323458724003	58.891368912189876	58.918454919467635	59.20801287693158	3.7209963425811363	59.93967868947705	59.959316571563775	59.97432694559386	58.3008743015025	3.3853744085461748	58.80358689471335	58.891221706216825	58.919001861265954	58.177048595240315	3.6917891074197384	57.91482778593203	59.825015733726175	59.96092833140676	55.62890646382364	4.395295183160151	53.25887001984142	56.927931943176375	58.81807054998341
3670000	59.54783426384568	3.5394675475656063	59.9341500060566	59.991292241854076	59.99978989448851	58.36461156127536	3.4260888812745667	58.94804569454312	58.95965555510661	58.967720596782726	59.14784645999487	3.719889569028561	59.87543835352734	59.90833474045983	59.935518134126674	58.31677954539648	3.3891731823779043	58.83323458724003	58.891633091446025	58.91862415112984	59.20717985098787	3.7208517859750696	59.93780356612334	59.957223017735686	59.97468086312871	58.3009568277971	3.3862333478527575	58.80358689471335	58.89185714185674	58.91910603026169	58.17838306394908	3.689971633237543	57.912037415490985	59.824536012554695	59.961398832765084	55.632794236364184	4.391463357675802	53.25887001984142	56.927931943176375	58.81868522330514
3680000	59.55066964676873	3.5396389858290163	59.93858307317359	59.99361085681366	59.99983386104426	58.3660965286212	3.4269052104761313	58.94940689010065	58.96062825620253	58.96809479009482	59.149185979595536	3.7200535096240954	59.876430153684026	59.90864185711565	59.93655349197151	58.31688434379672	3.390704723225216	58.83347292489256	58.8921891640423	58.91900241170271	59.209295997577826	3.7212051978080547	59.93997942367239	59.960322670883166	59.97457065587808	58.300746920042634	3.3869553296499664	58.803957919309894	58.89201161575154	58.919425508566576	58.18067406567278	3.68934291310279	57.91265458405181	59.811059875581705	59.96159441716615	55.63758227899508	4.389161588757806	53.25887001984142	56.927931943176375	58.81724416367037
3690000	59.55249237086689	3.5399987779041417	59.9407644266992	59.99122381279127	59.999776149722834	58.36653917790067	3.4260018168113793	58.9509641892919	58.96038803343612	58.96796705106244	59.150685367175406	3.719927611025587	59.87825643186649	59.91032138343335	59.93630547358542	58.3170348232068	3.3904550394514343	58.83347292489256	58.89236045970638	58.91900241170271	59.209980029205944	3.7212541495328177	59.94119156164121	59.96135042914334	59.975472438446715	58.301410421945235	3.386573891656854	58.80730017734804	58.89201161575154	58.91953855334934	58.18368139221617	3.688100617226777	57.91259904184138	59.846920253703004	59.96103723276526	55.641244450209925	4.387995068840851	53.25887001984142	56.927931943176375	58.81990226887501
3700000	59.548991803013955	3.5391530527950925	59.93514436392175	59.99002437124544	59.99960089402438	58.36519480905093	3.427150627894061	58.950004585342036	58.96056464929982	58.96857694047738	59.15059584820822	3.7197966739221107	59.8777627789332	59.91081245176802	59.93794348910623	58.31702130233003	3.3902922632135684	58.83323458724003	58.89236045970638	58.91901625803501	59.209169067486904	3.721065468807291	59.94133638811648	59.95988721342229	59.9750725402715	58.301625533874	3.386389960243677	58.80754070310635	58.89227960089666	58.91953855334934	58.185009570365395	3.6884665414921214	57.91297187900533	59.821180724503655	59.96260339988989	55.64675196649668	4.3832810056993985	53.25887001984142	56.927931943176375	58.81807054998341
3710000	59.55210006410462	3.5394737544103148	59.936295038068586	59.990641598197804	59.99974099613267	58.36624195762307	3.4275419141327386	58.94990944520754	58.961047464304855	58.96832891695452	59.149349875239466	3.7195342909883475	59.875469950932676	59.90922340163531	59.93468282742573	58.3186823807144	3.390085346389623	58.83404964961062	58.89327345181688	58.91970786066214	59.20888334854399	3.720971510552657	59.938890946426426	59.959885300868095	59.97452511844007	58.30345017451635	3.3856341242401475	58.80754070310635	58.892957785132786	58.91986535610175	58.190414319337144	3.688381737516842	57.91279786690294	59.86380508227846	59.96282378692335	55.651468852167675	4.38145173958118	53.25887001984142	56.927931943176375	58.81990226887501
3720000	59.55249388109592	3.539475167828264	59.94068058344636	59.99340729665774	59.99975330721153	58.36641285918693	3.4270774889689193	58.94870630298597	58.96033231585894	58.96768709068505	59.1503370624135	3.7196465811129884	59.87915443262255	59.91020967749961	59.93509189988596	58.319225434876365	3.389403674379269	58.8338918671331	58.89375332736434	58.92031122015624	59.209781277062355	3.7211593865599797	59.941126228852085	59.96087031943131	59.97529399009897	58.30269102974902	3.386198480075621	58.80754070310635	58.89315814940426	58.920325219280905	58.19174939456898	3.685903468303443	57.913233297996854	59.81881768029145	59.96216193979356	55.65430993256201	4.378014269450263	53.25887001984142	56.94794584835155	58.81565324348298
3730000	59.546347873079235	3.5387962074244093	59.92862133531182	59.99120079637014	59.99980950214125	58.366177559168584	3.4271129339538944	58.95083849449289	58.96038412299386	58.96786715216882	59.15105833745953	3.719821456144368	59.878454665991974	59.910769431020185	59.93554391186205	58.31913035868372	3.3885868892731827	58.83404964961062	58.893497130874835	58.92025662466047	59.209590624445795	3.720930294061015	59.94059149515964	59.961741461950936	59.97532901296762	58.303164177485165	3.3854787289725405	58.80754070310635	58.8934890909154	58.920325219280905	58.19513820623488	3.6850603423325716	57.91472500117304	59.845606822436544	59.96270538666427	55.65987559047092	4.372628412508508	53.25887001984142	56.94794584835155	58.81062654589708
3740000	59.550829771426585	3.539282359554052	59.93672359515002	59.99059867644471	59.99966734100046	58.365914152343144	3.4269352542674585	58.94957873813719	58.96032618833247	58.967774502306156	59.147495036289975	3.718687421369979	59.87444703224215	59.90732577410211	59.933055236444716	58.320368832021714	3.388714245577431	58.835738394784286	58.89332443600644	58.920245107002664	59.207972070547754	3.7206014643524963	59.938696662508384	59.95824815311777	59.97273929609267	58.30441366843257	3.3851345334803202	58.80754070310635	58.8934890909154	58.920325219280905	58.20027272855463	3.677239789898561	57.915335216991934	59.851841556172175	59.95989354112278	55.665786345044594	4.368042861455527	53.27476505569342	57.02060830069135	58.81807054998341
3750000	59.5496613957177	3.5390974157052075	59.93396760015541	59.99136723297731	59.999803926163366	58.366150387025314	3.4246962029578976	58.94935615037181	58.96017434664177	58.96779385905815	59.14964837061371	3.7190706368768356	59.875996241720046	59.9102444652313	59.93500809578718	58.31887832916719	3.3889813291188076	58.8362956615944	58.893497130874835	58.92031122015624	59.20929231169556	3.720854982218896	59.93954280314586	59.96038409441154	59.975172937328125	58.3032052883928	3.3861479782895203	58.80754070310635	58.89368897283152	58.920325219280905	58.20335485382352	3.672510759097458	57.912908318740634	59.843595629500484	59.960012483353815	55.67503188308765	4.363351146196872	53.303362867040924	57.02060830069135	58.81807054998341
3760000	59.55712060840986	3.539925099644129	59.95014061961273	59.99479756565269	59.999830563103416	58.36689055324199	3.4271802331729284	58.95012978450088	58.960711605780205	58.9682987225355	59.15446103428354	3.7199258650849805	59.88497213937266	59.9134515883102	59.93818972586655	58.319640684074	3.3895048125330027	58.836468921258486	58.89423115610363	58.92052835798596	59.21105660579107	3.7210942557055575	59.94432026867927	59.962773822591515	59.976877922716824	58.30425624514848	3.386049580026342	58.80754070310635	58.8937843276897	58.920718527082	58.208629791919236	3.6736208468867027	57.91573421212016	59.86295739618979	59.96132303109394	55.68259056915468	4.357203728329109	53.303362867040924	57.02060830069135	58.81990226887501
3770000	59.55114941209456	3.539365499519756	59.94125716401343	59.99268753355198	59.999762756078	58.3659184856917	3.4268873330075915	58.95018459813015	58.96063460844965	58.968243838875885	59.1517367888826	3.71923013485232	59.88224242602237	59.910757069151884	59.93435697808954	58.32037918018524	3.3885645493118455	58.836468921258486	58.894485940890235	58.92052835798596	59.20987294454038	3.7206993344800527	59.94199351428096	59.959475599870316	59.973509929878325	58.30488403206122	3.3861017376716323	58.808190543630765	58.8937843276897	58.92084246619917	58.21062658711134	3.672187601650919	57.91764635172636	59.85444958717961	59.96063960794926	55.686718798546806	4.353509481785382	53.303362867040924	57.04266030472735	58.81807054998341
3780000	59.5513371965968	3.539203556636068	59.94354309968472	59.99275533107442	59.99979904493126	58.366814889020105	3.4260423545693928	58.949903281677976	58.961279956162485	58.96829162492813	59.14938649810206	3.718755172750432	59.873326603974846	59.90996111459985	59.93563015124617	58.321251340222645	3.3880171056945043	58.836468921258486	58.895047602520606	58.92108399327584	59.20924141767203	3.7204734365941974	59.937338637908326	59.959560145803806	59.974296876580844	58.30609307267274	3.3852487598223395	58.80809690745874	58.89398834061025	58.921231246822295	58.21200434811208	3.6711609151496845	57.919728322108796	59.82836120023559	59.9612580548904	55.69094485283861	4.350058092449348	53.303362867040924	57.04266030472735	58.81807054998341
3790000	59.54860507830414	3.5390442807434512	59.93679480913663	59.99146090551123	59.99968211729508	58.36690313793492	3.427438860042966	58.94908684652087	58.95999355627075	58.9684094840241	59.15117370730356	3.719080560674885	59.87867740868546	59.90890911443505	59.93580527594057	58.32115487255951	3.390886843504079	58.83717031621494	58.894995327268326	58.92087457746622	59.208365921975776	3.7204548265006094	59.94071598860627	59.95929623445589	59.975069490573354	58.30566553299632	3.3865027802884535	58.808190543630765	58.89412060225173	58.921393297899826	58.21298022212337	3.6730128658926855	57.913180720078564	59.850966359291476	59.96068714285112	55.695716601904905	4.344559600565424	53.31422303230377	57.04266030472735	58.81807054998341
3800000	59.54977236242459	3.539171200167727	59.935910563512984	59.99320206683754	59.99977283193604	58.365992510809534	3.426752473667778	58.94932022520955	58.96061184565728	58.96766236954798	59.15034731429028	3.7188485302802685	59.87530737547621	59.90972636637706	59.93404335734667	58.321797637209016	3.389744779232554	58.83863476028171	58.895432220311406	58.92103271071695	59.20819893853914	3.7201457884661355	59.93911232840384	59.95800873178621	59.97475486056622	58.30669063442978	3.3860985855274257	58.80824828959539	58.89412060225173	58.92165123736995	58.21431552670901	3.6695701662212343	57.91467807873709	59.841399908101806	59.959404573571035	55.70065608206663	4.34313920644306	53.40294232808232	57.04266030472735	58.81868522330514
3810000	59.548595181488444	3.538887524278564	59.932308483826986	59.992255711876254	59.99971373468407	58.366061181950705	3.426441814332477	58.94933319981757	58.96012258110308	58.96766047153618	59.151914777181375	3.719156866431378	59.87635626707535	59.912213207815164	59.93723345504846	58.321739275759796	3.3902113495341	58.83895388467426	58.89605583276038	58.9217728676527	59.20858006755035	3.7201404632527977	59.93769774797873	59.96090939993866	59.974455307404135	58.30618647381831	3.3867609861696453	58.80824828959539	58.89412060225173	58.921758689037375	58.216506885816834	3.6683106598475024	57.91617740380682	59.83671785282631	59.95945387799643	55.704542570204175	4.339978699833045	53.40294232808232	57.04266030472735	58.81868522330514
3820000	59.547179418760976	3.5387432783958372	59.92500999271533	59.99115182371964	59.9997129957429	58.364740667527066	3.4269946753483467	58.94890177962956	58.96059229012744	58.96793266638438	59.15059211348749	3.718779647189693	59.87693123098411	59.91020596792178	59.93555268355834	58.322207211359135	3.390868876963896	58.83883550247907	58.89605583276038	58.92173153489478	59.208575581565164	3.7200412116734087	59.93813435362791	59.959419693348636	59.975184889681046	58.306310428088345	3.386803705357729	58.80824828959539	58.894510993636736	58.922012172940754	58.216872173789426	3.6672244946973573	57.91403150682462	59.8239278075265	59.96099542527281	55.70848573695012	4.33929759363515	53.419050390451304	57.05800677850813	58.81990226887501
3830000	59.550273036188905	3.5391303560235383	59.9396423829475	59.99185431784859	59.99976686369955	58.36641412709821	3.4279096552038406	58.94936953209607	58.96030678651344	58.96745108341065	59.150374538727284	3.718521411802402	59.877162013978	59.90675495855361	59.93402724753625	58.323013590251925	3.3894830821593396	58.839908913505084	58.896146951830175	58.92173153489478	59.20925089059054	3.720119730481151	59.93943294882023	59.96081427746823	59.97470103462884	58.30755115491514	3.3866435001383692	58.80824828959539	58.89526967521559	58.92202928597712	58.22080253768626	3.6665868079834207	57.9141556476102	59.85973814225693	59.95943064224251	55.713747725645675	4.335511720086287	53.419050390451304	57.07854382335242	58.81868522330514
3840000	59.55212292678367	3.539519737075049	59.94262134020236	59.99222786980603	59.99975852139128	58.364842675324766	3.427922413941337	58.950908098818296	58.96049973871385	58.96718127859978	59.149906088565984	3.718408385957929	59.87297041768842	59.910392857499694	59.93557912151803	58.322350327509206	3.39090888764946	58.84028675463956	58.89650976624614	58.922063655958745	59.2089180813605	3.719944840889691	59.9393850201566	59.9598365212029	59.97469741090955	58.30688148159381	3.38714298534547	58.80824828959539	58.89526967521559	58.922283378068066	58.221310223896985	3.6646121993574665	57.91629042534232	59.81880937834792	59.96066444211162	55.71698173392101	4.3323271849687535	53.419050390451304	57.07854382335242	58.81990226887501
3850000	59.5477232185138	3.5394961434159296	59.93446818704293	59.9903031135332	59.99966041111328	58.36361342581011	3.4274683905031753	58.947799962262295	58.95956604345168	58.9675507196694	59.14751250325698	3.717753271086662	59.871295221432106	59.90515205752382	59.93322880701934	58.32303116220225	3.391470147781041	58.8409958132811	58.89674318572464	58.92188468459187	59.20865702806561	3.7198764873639583	59.93777333898805	59.95975961301823	59.97321229318634	58.30809410861861	3.386993668734453	58.809208320782965	58.895545124795156	58.922414338734804	58.22295678537286	3.662135882364647	57.915954194200026	59.819846759189026	59.960230247508235	55.71903967262598	4.330646028794217	53.433721976858365	57.07854382335242	58.81662643391209
3860000	59.54936428129262	3.5400640507659746	59.94001401467192	59.99273825003965	59.99965635394593	58.36496054819459	3.427169549914826	58.947865724557715	58.96043889434036	58.96780680145815	59.15052509163701	3.7182732699341496	59.8767445289173	59.90884380607061	59.93513961663423	58.324760633180155	3.3902386779081684	58.841297118065356	58.89726130635913	58.922063655958745	59.20903541244382	3.719998867776708	59.938761177163855	59.95988688132199	59.974999200981536	58.30918463328284	3.3860796191323614	58.809208320782965	58.895931861681106	58.9226418663919	58.226148346673355	3.6621458776336477	57.91302980211421	59.825506013343336	59.962243333834806	55.72433621040747	4.327468011480046	53.439746026190626	57.07854382335242	58.822019690801525
3870000	59.54347408119536	3.539269438553172	59.92113769170058	59.99008958334838	59.9996967566115	58.36524673501589	3.427861749802969	58.94858914205046	58.95963205882239	58.96776888212236	59.15064668945062	3.7181916042073597	59.87593316886357	59.908668758997706	59.93483662890357	58.32433448126481	3.38989585286278	58.841297118065356	58.897396341203944	58.922063655958745	59.20884732076688	3.7197830892554573	59.93978917887762	59.95977459514914	59.974127533683244	58.30939976831843	3.3866340835172615	58.81143105653623	58.89594812916224	58.923138426496685	58.22704604579772	3.6615231675752664	57.912045015388635	59.821717903663334	59.96185485246183	55.72684656710615	4.325659957946188	53.439985509087364	57.07854382335242	58.818454506047935
3880000	59.54546642215332	3.539237277967946	59.931714791506806	59.990347675010625	59.99961050573585	58.36589109962007	3.4275134375061347	58.94988326221159	58.960157384396595	58.967941389887926	59.15275181097084	3.7184494605796203	59.87650638682116	59.911424417902	59.9379657503534	58.32467599018094	3.3892837843105235	58.8409958132811	58.897396341203944	58.92282730622962	59.21052535966321	3.72016547958179	59.94081119523353	59.96031228610481	59.97547958711515	58.31023876093726	3.3859728692717677	58.811619572109656	58.89633899289664	58.92317908095089	58.22751378952263	3.6597088126299244	57.91313749565396	59.83251622876673	59.959880206809544	55.73050438672008	4.325273686685269	53.45411927702749	57.07854382335242	58.818454506047935
3890000	59.5519150579585	3.5398461676909974	59.94967200066296	59.99242209583759	59.999693796585966	58.36637687158906	3.426279361939414	58.95021924717081	58.96029648849371	58.96802009858944	59.15179336333866	3.718225192844255	59.877239379354876	59.91004023171001	59.93508015593886	58.3238731381444	3.3910527503676104	58.841297118065356	58.897835997320165	58.92267219673937	59.209018189955806	3.719797054447067	59.94078228970881	59.959831031492236	59.97373805071488	58.30984071538955	3.386473860180769	58.811619572109656	58.8966556737047	58.92324514075217	58.2314207743688	3.655923125282221	57.91504480848174	59.819848756860594	59.95991297004153	55.734949309945954	4.324367735443921	53.486329253716264	57.07854382335242	58.82413684757937
3900000	59.54948576411172	3.5380828255265473	59.93921031469436	59.9938278254012	59.99983086575559	58.36514932245543	3.4284628748669137	58.949993123103035	58.960128071531855	58.968109880322565	59.153074166499145	3.718329007458793	59.8785830045696	59.90967437697206	59.936535714612305	58.32477535309074	3.391036718226842	58.841813398157214	58.898854742841905	58.92306791347589	59.21087395968993	3.719881874613673	59.94158188589875	59.9606351990657	59.97515531850719	58.310463866541156	3.3866396797269207	58.81273659606553	58.8966556737047	58.92339519558036	58.235272551983044	3.6572572528214007	57.91452859248151	59.838355595527325	59.96082179798167	55.73872594825344	4.321994663372235	53.486329253716264	57.07854382335242	58.82062151769284
3910000	59.55084504379526	3.5384995857423367	59.93650651577945	59.993061211891956	59.99979567930458	58.36519005978702	3.4266277306539794	58.94920662668923	58.960121921888074	58.96709778537033	59.15042756348424	3.717809344423608	59.87622451832187	59.90942618508653	59.93412168783222	58.325728635368804	3.390078023309486	58.84284405330682	58.898617515235344	58.92318880994904	59.211688419271724	3.7197456018550903	59.93793950141425	59.95964137508292	59.97433828982785	58.3112736089019	3.3862234012375803	58.81401678429812	58.89692307309829	58.923832455472386	58.23857379856239	3.6580788382941183	57.91618816640253	59.861949951407	59.959633494958034	55.74378698285236	4.318700102329254	53.486329253716264	57.07854382335242	58.81990226887501
3920000	59.5491794172983	3.5386256470599777	59.93196062554644	59.990619109384554	59.9996561959162	58.365579479239344	3.4264529076857615	58.94759910842521	58.96001750161136	58.96785606092126	59.15146881961169	3.7180190498373134	59.87560361277202	59.90890374615113	59.93568875805437	58.32523050291797	3.3900447272134384	58.843554018360436	58.898706693777186	58.923364296500885	59.209760929506	3.7192771715028203	59.93565894558899	59.958723159677604	59.97387262276447	58.31146519243508	3.3859270327811672	58.81455608255162	58.89698992451388	58.92397360724537	58.23938433598081	3.655902613406121	57.914128407865114	59.854301256862506	59.961679578619815	55.74653851059396	4.31835931765882	53.49091362916784	57.09535776949251	58.81990226887501
3930000	59.546024500253964	3.538842513028386	59.92988167206937	59.99169677758745	59.99976012016382	58.36592553592301	3.4254114100069746	58.94857607080631	58.95914987989423	58.967736582605575	59.151892039149274	3.7179109829833075	59.874818275767346	59.9114823472278	59.93593135422387	58.325419141637596	3.3894596703054343	58.84477369139504	58.89904420770815	58.923364296500885	59.21159884340034	3.7195701493110813	59.940769175530136	59.96044628769396	59.97444676717257	58.310650649908894	3.3867678113155506	58.817287462339166	58.89716862308549	58.92398041072447	58.24215362038483	3.6535080343530995	57.91603532972779	59.834029924678816	59.9619281021738	55.74949561719322	4.317282988509119	53.49091362916784	57.09535776949251	58.82413684757937
3940000	59.547936585299865	3.538932815122055	59.933893766603575	59.99278798235244	59.99980226919732	58.365742663056906	3.427000390906701	58.9486074985414	58.95919110732406	58.96641953970779	59.15127059921877	3.7176574382647343	59.87643130502229	59.906838400738586	59.93457458764156	58.326305215679334	3.3900006050960267	58.844947257981815	58.90026742255371	58.92347773428774	59.211314476644	3.7193462911698387	59.93890775877401	59.95872698154187	59.97394623768463	58.311776583698986	3.3864282765393394	58.820021287622396	58.89737576452647	58.92411443711295	58.24484697523494	3.6496633351053456	57.912678205022075	59.837490244228164	59.961473552822795	55.75180487277768	4.315058001533997	53.509758704496576	57.09535776949251	58.81463964869653
3950000	59.550878623631135	3.5389728787751857	59.930672538053926	59.990958000306975	59.999755477984976	58.36617004535353	3.4262987410535373	58.948706795053404	58.95992549153715	58.967295190610486	59.15385455398894	3.718029052802835	59.876440914742524	59.90910940989726	59.936866165313916	58.32735046069838	3.389269284234407	58.844947257981815	58.90026742255371	58.92394774848798	59.211432419495715	3.7193916520760917	59.938874922798135	59.95941013000889	59.97434999701015	58.3125681681837	3.38629408302918	58.82056261891501	58.897445917233235	58.924157946852475	58.24890855338612	3.647133645378183	57.912528680696525	59.853893816888586	59.961065731963835	55.75515791464446	4.314912537891989	53.52405859336551	57.09535776949251	58.81990226887501
3960000	59.55168231810921	3.5376005492599942	59.94331751737103	59.99158367392667	59.99962083071661	58.36660753723257	3.426748680289166	58.947980765941665	58.96001423486917	58.96794757885571	59.152739465685286	3.717443399927823	59.876401549780326	59.906532868811766	59.932677611464115	58.32828280840399	3.388533826228136	58.84603932256538	58.900031432431895	58.92388049392338	59.211270965589364	3.7192741866874615	59.93957036396317	59.959453364125494	59.973303811419015	58.31338905523131	3.3854208603486033	58.82056261891501	58.897445917233235	58.924244196285464	58.25208961089426	3.64668998495998	57.91636313046246	59.87140911767294	59.96285132631943	55.75912629554985	4.311951628633521	53.52405859336551	57.11573416445663	58.817918336212564
3970000	59.55318919797408	3.5384211108436987	59.945858235214686	59.99182362331487	59.99974962328266	58.366892177897746	3.427081510176971	58.95028236339686	58.961028552459496	58.967975507436236	59.155398967385004	3.717861885594706	59.87565449393656	59.91260931425872	59.937876845046304	58.32709779538751	3.3921364612161415	58.84633688807	58.90036426520572	58.92394774848798	59.21314396457682	3.7195678340556513	59.941604325820016	59.9608512938144	59.97592368353713	58.31322045210835	3.387381760068596	58.82056261891501	58.89782234073644	58.924336264080274	58.252117025049394	3.6462305738458887	57.91837233890864	59.86118434712235	59.962057817601575	55.76355636658968	4.31161273715977	53.53593876638214	57.11573416445663	58.82062151769284
3980000	59.548718807109985	3.5384120205186407	59.93644161868571	59.991563744596846	59.999624025012146	58.36667750397311	3.42608946930161	58.94877105414548	58.960623408769365	58.96751381281262	59.15335496614953	3.7166328321414026	59.876230472187885	59.90997755319472	59.93440973608763	58.327765286335655	3.389590367324756	58.846113680503805	58.90043376222957	58.92394774848798	59.21131186654293	3.7191945705858362	59.93918438674066	59.960547054764554	59.9737514926943	58.313749399183074	3.386117743315588	58.82056261891501	58.89798637987073	58.9246562293152	58.25325499201266	3.6425754345031103	57.91631667829509	59.861470843656406	59.961464357101775	55.767622607354895	4.309471770956228	53.54121340800774	57.12874937087855	58.82062151769284
3990000	59.54785118385971	3.5387304742689363	59.933491286293844	59.990692515286696	59.99981897937016	58.36728320322302	3.4262587700396234	58.94945830672317	58.96034729975206	58.967868215557665	59.15540137890747	3.7170274123351166	59.876419681914705	59.911515234172484	59.936777994069836	58.32822377184558	3.3901000092363502	58.847314827327274	58.901592984992334	58.92394774848798	59.212603129018405	3.71931475193352	59.940755063683845	59.96103121630112	59.97504219322982	58.313985059960146	3.386519851105729	58.82116132188442	58.89798637987073	58.92473879130981	58.254989404123606	3.639700181343548	57.91102785209561	59.83443187349003	59.96016348469145	55.77149077675467	4.307431614652452	53.568052214205906	57.12874937087855	58.81990226887501
4000000	59.55035306563127	3.538929560430827	59.935920240287246	59.99141194563346	59.999723300084845	58.36921167997156	3.426934524527947	58.95075749356079	58.960864797813215	58.96851115080534	59.157646514593864	3.717338794634762	59.87975385980378	59.91315658187379	59.93888739918417	58.32828884668262	3.390576610606942	58.8469989602038	58.901636628388836	58.92407335095946	59.21453522312938	3.719660582797292	59.94484322261821	59.96307621293489	59.97594941768167	58.314333664819166	3.386658357317563	58.82148547952244	58.89798637987073	58.92485848445511	58.25945710093011	3.639859175077699	57.918656489074685	59.8596544235792	59.96249244100416	55.77397911402527	4.306962105878213	53.568052214205906	57.12874937087855	58.82413684757937
4010000	59.55218759857436	3.539300556158423	59.941758439803635	59.99151910898743	59.9996768389072	58.36887078261965	3.4262573868017965	58.95018185524063	58.961230052662145	58.96830397275397	59.15642645088766	3.7170475196944053	59.87895933467677	59.91275557194041	59.93647282147427	58.32887103800876	3.3904793390980172	58.847314827327274	58.90170520523546	58.92463956426265	59.21150251102414	3.7189626144125416	59.93847743459621	59.96062970088084	59.9758206624208	58.314471419214755	3.3870319564642397	58.82148547952244	58.898327557853	58.92485848445511	58.26228814061603	3.6357778679717643	57.91611009502159	59.85691908301867	59.96242438882624	55.7822922845033	4.297268960632956	53.568052214205906	57.12874937087855	58.82413684757937
4020000	59.553420338442145	3.5397216541416427	59.946869948280636	59.99176127005292	59.999718815588714	58.36736465520161	3.4270965053136626	58.95017774658663	58.96115152617935	58.96844280902481	59.15428565506352	3.716635192535585	59.87567168520577	59.91040898521599	59.936418351007845	58.328834512313	3.3916751505365896	58.847353258670196	58.901794180909704	58.92448548161779	59.21194234397085	3.7190501073957054	59.93937317044439	59.96035075271659	59.97483516409376	58.31494025618944	3.3872444139011013	58.82148547952244	58.898327557853	58.92485848445511	58.26366218266285	3.636677147599421	57.91759738000095	59.85757992557107	59.95958710667366	55.78719238553184	4.294263224892949	53.568052214205906	57.12874937087855	58.83120784789351
4030000	59.54785934159133	3.537490154955666	59.93129806224674	59.9931806752963	59.99978131834157	58.36690056990241	3.426636763205622	58.94942439532043	58.959718227675545	58.9676446019665	59.15389695391343	3.716500213815818	59.87525316559108	59.90908128283266	59.93640641679589	58.330106620387944	3.3915088098211656	58.84849763320416	58.901794180909704	58.92463956426265	59.21040367079329	3.71863039956201	59.938289217130325	59.95769488338607	59.973414617172104	58.316041941900075	3.387171623493198	58.82148547952244	58.89890831938358	58.925092889457105	58.267388115819195	3.6362713073365147	57.9139468827857	59.86139313196955	59.96210886586159	55.79100356983376	4.290312027574534	53.570698083555754	57.144569833002095	58.83087894631181
4040000	59.54816795709714	3.537504387704798	59.9347536944	59.99205282690398	59.99962875718559	58.36676546700546	3.4260166719295446	58.94845053866128	58.95933750202232	58.967127567477235	59.15294633617869	3.716164530344726	59.87553373609212	59.907341013405805	59.93352914381108	58.330650033536266	3.3907848574328496	58.8490453482141	58.902062806204796	58.92464546876178	59.211689619839426	3.71887803882395	59.93944539123253	59.95962401586375	59.974435477128324	58.316406011421186	3.386675824888245	58.82148547952244	58.899045517872736	58.925092889457105	58.266842372755804	3.632353073847669	57.91693460926036	59.850107326567255	59.95999513326756	55.79494629779676	4.28821829189079	53.570698083555754	57.144569833002095	58.82413684757937
4050000	59.55239491822961	3.538633322919949	59.93914769216093	59.990109202192386	59.9995994643359	58.36796769532591	3.42657530359517	58.949328855456244	58.95927907526442	58.967250887507355	59.15409408500962	3.7163335074953556	59.87721485374951	59.9087535748436	59.93416165915677	58.33098283860008	3.3913052801090244	58.8490453482141	58.902610133105114	58.92502111519384	59.2116743149711	3.7188538335332115	59.93993307920094	59.95941656064431	59.97357880866106	58.31682508960126	3.386870799963168	58.822937221543704	58.89912380969335	58.92533931699063	58.27206629423352	3.631601640224774	57.91548076748303	59.857935209740575	59.960730783675345	55.79901195434622	4.28726378682952	53.575962424892374	57.144569833002095	58.83087894631181
4060000	59.54857918640725	3.5388480049803706	59.93437205252601	59.991100974407544	59.999824268852045	58.36797280328555	3.426413423743958	58.94978322306021	58.96082249060309	58.96814748585602	59.15679792283945	3.7167479807191453	59.87717415653066	59.91043186499988	59.938304579760455	58.330907494037056	3.3903789632997205	58.8490453482141	58.90228832265184	58.924930089679016	59.21114182373963	3.718563416354897	59.939480227994125	59.95905425235928	59.97389970569673	58.31693496067272	3.3867184106881973	58.82384741961768	58.899368776280866	58.92533931699063	58.27438488340435	3.6301966130397103	57.91726332513762	59.85778210092704	59.9623691107272	55.80170632793532	4.286712966224849	53.584401266424614	57.180379647433796	58.830044581645076
4070000	59.54709839329045	3.5393728518160033	59.93127900116358	59.992063278135646	59.999758366240385	58.36722588057324	3.426297583971585	58.94907352661267	58.96045121613711	58.96792031211867	59.15465425202192	3.7159965791024425	59.877230539993796	59.90967842201775	59.93621708578104	58.331821157957165	3.3901233919242775	58.849669934718065	58.90228832265184	58.92481557825573	59.212050907787344	3.7186707397184273	59.9387061682591	59.95984591387311	59.97431091764986	58.317815659865616	3.3861912189880754	58.82413406673844	58.899417662533416	58.925502401646156	58.27931590762444	3.629645806576936	57.917990307848484	59.858458598451335	59.95869534240075	55.803003439757994	4.28514281946312	53.584401266424614	57.180379647433796	58.831104530130816
4080000	59.54778021593566	3.5388898829977427	59.934972752759435	59.99115169798955	59.99972682913874	58.36573154845496	3.4254680096612997	58.94789150856668	58.959698779760146	58.96718246225867	59.15441668914397	3.7159218231127618	59.87664399128016	59.90945621432584	59.93317229640405	58.33136041416744	3.3895461491122223	58.8499570505399	58.90301086510509	58.92502111519384	59.21045129315069	3.7183704628996024	59.93976195354385	59.9594187785426	59.97429856111023	58.31679666194706	3.386192462134988	58.824344969665034	58.899417662533416	58.925502401646156	58.28066293333226	3.6261297252553075	57.91542571072788	59.86656256423428	59.958919608017624	55.806506106165706	4.282708596527952	53.594448689294694	57.180379647433796	58.831104530130816
4090000	59.547973284370435	3.53870924823406	59.93351247068842	59.99150341621717	59.99982454076256	58.3667959775066	3.427081134376394	58.949237019455836	58.96011414198203	58.9675180038289	59.15714131461404	3.7161770067084556	59.87842642321278	59.91135838611878	59.93594117601881	58.33172275754784	3.3890910930442866	58.85028334737755	58.902610133105114	58.92524600456388	59.213547367146184	3.718878922898093	59.941849609832275	59.961869097015345	59.97532594622253	58.317840928745845	3.3864297149607188	58.82514584775103	58.899417662533416	58.92615396985937	58.28297914934496	3.6274904657806673	57.91747627407223	59.863235701027286	59.9614210619875	55.81358990440537	4.278120106971917	53.594448689294694	57.21476738022011	58.83393652571273
4100000	59.550163993281195	3.5389045888671586	59.93164917726238	59.99137723777763	59.999785437054605	58.36806344181962	3.4267501791267465	58.94940757511007	58.95971244787121	58.9673907503236	59.15424644721448	3.715553845741833	59.875372196535736	59.906808205982486	59.932700603245124	58.33242697044734	3.3913509257796974	58.85102170439423	58.9036296406896	58.92524600456388	59.211564046302364	3.7184753487414066	59.93968004722312	59.95930362770248	59.97391562374151	58.318265559797844	3.38704685217322	58.82514584775103	58.89983122154192	58.92623183350312	58.28471781943074	3.6267332957312615	57.91699009755162	59.879384199190575	59.96062932158023	55.815364762186206	4.27623524019069	53.60086336180323	57.21476738022011	58.825135607797236
4110000	59.54767289210983	3.5387342818876393	59.932376852422166	59.99227979259227	59.999644338855305	58.368204455561106	3.426414022685825	58.949738377337866	58.96008922424311	58.967118225313826	59.15587680897763	3.715813042160827	59.87579717724782	59.91160074435779	59.936256464749114	58.3324840987112	3.3904169319597237	58.84984955759363	58.903244966208405	58.92524600456388	59.211796135409784	3.718346180771914	59.93939310689243	59.959108832390555	59.97418822132753	58.31893597670634	3.3861158202866015	58.825808387516794	58.899885193682394	58.926570386801146	58.28733014101989	3.6254434170308585	57.91918773724919	59.862775205446354	59.960714760698984	55.81859175607622	4.2749902562083575	53.60086336180323	57.22040486065957	58.83087894631181
4120000	59.55241179532996	3.5397158694535795	59.94564377120372	59.99342267056595	59.99980830060218	58.36778590895182	3.4262443253627093	58.948794827563844	58.95915387410483	58.967187499246755	59.15465642701656	3.7155069153754026	59.87556909130289	59.90710326617851	59.93466251317226	58.333744872814165	3.39105052296645	58.85113641315594	58.9036296406896	58.92511915191127	59.21130046598815	3.718299346514355	59.939603219251005	59.959652670441805	59.97349478439005	58.31965818047363	3.3871290849410234	58.825808387516794	58.90000135126682	58.9267028985465	58.290079407284786	3.624403714259767	57.915448757345196	59.87554526515585	59.96118930479713	55.821536705677076	4.271977687307738	53.60086336180323	57.22040486065957	58.82046610029113
4130000	59.552964928373285	3.539716056554855	59.9453287199546	59.99262526400395	59.99977473504146	58.36831074807182	3.4266847888906367	58.949636429845086	58.95988669785136	58.96781563301685	59.15684403874519	3.7157394991942416	59.87689344200882	59.91214988916373	59.93817222570213	58.33301631753112	3.390104687945419	58.8510529586686	58.90364398110086	58.925036401661956	59.21218636010392	3.718420189180323	59.939227701448004	59.961475991727056	59.97547730115296	58.31915010685711	3.3868933552455673	58.825808387516794	58.90008980781988	58.92718335666723	58.28925534380013	3.6238918370970135	57.92071639376969	59.85752903087517	59.961626343097905	55.826962654669096	4.268398604987319	53.60871840082761	57.2249062215829	58.83087894631181
4140000	59.549743928683284	3.5392977276011384	59.93659353750269	59.99139541378848	59.99976430838772	58.36680875257671	3.427573533931228	58.94951327869469	58.96068873910782	58.96744176931536	59.15560138701644	3.7153560116561715	59.877760882550334	59.9096874553709	59.93372432801514	58.33377027829582	3.3905264448358188	58.85138143652411	58.904233257496124	58.92581605292391	59.21303510497275	3.7184070060767946	59.94113259769762	59.960341618617505	59.97372958479285	58.320021084428745	3.3863842385117255	58.825808387516794	58.900790254285496	58.927253562665726	58.2912826389124	3.6244994583905052	57.916627794645976	59.86903597971806	59.96301607006944	55.830311060277815	4.267162225409242	53.60871840082761	57.2249062215829	58.83087894631181
4150000	59.547311344512025	3.5393632832182647	59.93394586229212	59.991238931539996	59.999660711741626	58.36740036155791	3.425616195062013	58.94951520908741	58.96024381048346	58.96806955325472	59.155858116526794	3.7151424936110837	59.87735327601661	59.907728599523644	59.93237742033217	58.333949988110675	3.3904771281604753	58.851672103798144	58.90433926537909	58.92524600456388	59.21235479450563	3.7182316599533753	59.94160005227855	59.959557084705594	59.973764410919784	58.3203587199102	3.3866277597066894	58.825808387516794	58.901018169407834	58.927374672735084	58.29336395017085	3.6200687622765813	57.91124859142712	59.864622999148594	59.96062756462129	55.83486164644775	4.264610278228245	53.60871840082761	57.2249062215829	58.837300012278924
4160000	59.55097222643612	3.539347640423607	59.944547817132246	59.98992431704758	59.99969153442271	58.367563061389696	3.425742793693613	58.94887885607636	58.96032533096901	58.96748924730186	59.156394626276686	3.7152452119218924	59.877113945208215	59.90942948190995	59.93453744367848	58.334815958231005	3.3902193542429404	58.852476622987396	58.90470442761131	58.92615337846496	59.211642033592575	3.718010061069344	59.93771588070255	59.95991224295555	59.97426247772225	58.32121192713361	3.386327714600874	58.825808387516794	58.901377097309066	58.92747375483842	58.29545862235257	3.619997979941821	57.91672385136162	59.8701849158212	59.96257209734045	55.83990103605268	4.260750433077008	53.61244602095013	57.2249062215829	58.83393652571273
4170000	59.54801427266691	3.5393087936063603	59.92733078793694	59.991152808103536	59.99973942433265	58.367617335794826	3.4269225497419593	58.94990992656608	58.960589445002526	58.968034378559096	59.156436891687875	3.715176240067844	59.875325440145495	59.907976880650466	59.93549741952468	58.334311202515345	3.3912877417866016	58.85219170909902	58.904763793202136	58.926265078124736	59.21270994828411	3.718263470933431	59.93893897368613	59.96077836374115	59.97581375984263	58.32052155325633	3.38731013432395	58.825808387516794	58.90177445744891	58.9276169907717	58.295490336891916	3.619644482587371	57.91524536835041	59.870935654324796	59.96162522074521	55.84425694360121	4.260851652501778	53.61244602095013	57.23396421558605	58.835863135949026
4180000	59.548971910496164	3.5395772056207604	59.9303135846489	59.992238737629485	59.9998364524408	58.36741225841469	3.4256376650468328	58.949298940723814	58.96050466854837	58.96798723651347	59.1557510969636	3.7150190672163252	59.87496090723663	59.9073468430977	59.936142308464554	58.335444927531235	3.3915768719053037	58.8528595114212	58.90490557850663	58.9265033253677	59.21153001751087	3.7180632720120346	59.93803882006037	59.960687009578294	59.97447414924659	58.32143788425817	3.3868295212746116	58.825808387516794	58.90202514820098	58.92832004436492	58.29912975080592	3.6171681305077263	57.918955319455236	59.88168453992452	59.961002135783446	55.84768985154315	4.259119851094106	53.61244602095013	57.23396421558605	58.83639052740054
4190000	59.54927052179816	3.539645738794628	59.93789506281473	59.99217280422904	59.999619329442844	58.36777059682114	3.4267462560717896	58.950763589144415	58.96074572323869	58.967351603767334	59.15583342447111	3.714900848894448	59.87645485882831	59.90888221752914	59.93578752210557	58.335059379092314	3.390294228046096	58.853381753912906	58.905435127646	58.92651600869834	59.21316574667466	3.7182656531191656	59.940844925742134	59.96044816511561	59.97458003914969	58.321084110060674	3.3871413575554348	58.825808387516794	58.90247254211377	58.92860444435398	58.30052767589918	3.614639390835992	57.91858855199084	59.87293544444324	59.96130546385468	55.8519046925568	4.257001044688901	53.61709672214002	57.24863235314345	58.83639052740054
4200000	59.54733406127317	3.5394618518265384	59.9348234104895	59.990311611618424	59.99971211428712	58.36745563766277	3.4265787552535083	58.95138270460945	58.96084110103426	58.967602070045146	59.156794422573974	3.7150419238556283	59.87771224935619	59.90934356703161	59.933868991618546	58.33598295500176	3.3908025676495046	58.853381753912906	58.905522443943276	58.9265033253677	59.21248971071183	3.7180087052887814	59.94066306832386	59.95950201409755	59.97433890389261	58.32233074081825	3.387265627908714	58.8265910448423	58.90279324939593	58.92860444435398	58.302304139439144	3.614293537477126	57.915775343984095	59.87724679609468	59.961752607207096	55.85791274711859	4.254087099590203	53.63401778643967	57.24863235314345	58.83639052740054
4210000	59.55008733483555	3.5398265195296297	59.93887383402314	59.99083994406841	59.99978248758748	58.367316140229256	3.426808717016325	58.949739157984105	58.96029311080978	58.96758846030738	59.156273326104944	3.714953763542367	59.874476517789006	59.91012835735068	59.93339036930414	58.3361958910742	3.3907522638380834	58.855240341758254	58.90550073989023	58.92682949275821	59.21295269653069	3.718177209471942	59.939735628818966	59.96023989611809	59.974604994905945	58.32221948860185	3.387283033322101	58.8265910448423	58.90279324939593	58.928813112994796	58.304278580574284	3.6101349908498452	57.91666193009701	59.855359519036526	59.96134441448587	55.86187064709589	4.252021606217221	53.63401778643967	57.24863235314345	58.83639052740054
4220000	59.540934237738696	3.5391471537864434	59.92615436759921	59.98674563606845	59.999627520315286	58.36783529085507	3.4268486527929887	58.94999720592649	58.9608557418183	58.96845663421797	59.15613221353206	3.7148923274957526	59.874162725544295	59.90880926879435	59.936016398180776	58.335734855565775	3.3905951204300973	58.85495160855519	58.90570937597852	58.92682949275821	59.21290039110898	3.7179864097554267	59.94079491209855	59.960950899650996	59.973801256130784	58.32224490160471	3.3874561138366177	58.8265910448423	58.90333928392329	58.92896976687061	58.30797255938257	3.6066584447933674	57.91901312350625	59.85113664084615	59.96054543555587	55.863859638754334	4.250787660124639	53.64266298613694	57.24863235314345	58.83393652571273
4230000	59.54738540414325	3.5389200772536453	59.93551047024862	59.99172208771517	59.999686383160935	58.36710851193093	3.4271141628139947	58.94938904594789	58.96030288720316	58.96824939376507	59.155636276717374	3.7147932823524847	59.87338334803442	59.90750378735796	59.93692167275999	58.33679468223517	3.389978178071043	58.855240341758254	58.9059377321846	58.92740646617966	59.21241054417292	3.7179450756885672	59.93931523341765	59.96016997361765	59.974969945877874	58.32287649185413	3.3867285889877103	58.8265910448423	58.90355988242658	58.929205193024615	58.30974372048216	3.6059555148477904	57.923084195580344	59.86736144290617	59.95948354316649	55.8678939020241	4.2482731400198555	53.66213848670098	57.24863235314345	58.837300012278924
4240000	59.54947787929908	3.538917660292212	59.93836415345268	59.99223820370533	59.99983078787338	58.36777534358088	3.4257129843963594	58.94978660836857	58.96043568168609	58.96749044501156	59.15810296038715	3.715196612153577	59.88128410627125	59.91042492505213	59.9360430143323	58.336965682270346	3.3888790620459286	58.855394183633585	58.90601397223179	58.92752085474554	59.21347550552801	3.7181927000283284	59.94182945811963	59.96001943495389	59.97610250420966	58.322718581323834	3.386276446602882	58.82701904380607	58.90379973113532	58.929337148926834	58.31123925739495	3.603582587942622	57.92159023135653	59.819961713483664	59.96159152721864	55.87335831676316	4.243626817266486	53.69297137786566	57.24863235314345	58.83543879522979
4250000	59.55026118596604	3.5390319153007543	59.93081060364716	59.99022545312219	59.99972769747075	58.36662895977771	3.4275568875252387	58.94895796708033	58.96023807565351	58.96821833518656	59.15696457229989	3.714865029232078	59.87577342338659	59.91052124390658	59.93445065363085	58.338140431098765	3.388846189779559	58.85677389660213	58.90663438018306	58.92768322528184	59.21325488465389	3.7179629420774463	59.940196933678244	59.96008882319535	59.974432608928865	58.32377730760321	3.3866348120655894	58.8280027215548	58.90384132514992	58.92960659528626	58.31351092309009	3.605608609454937	57.922200356468714	59.86756371192194	59.96176374695936	55.876028191107764	4.242068495604708	53.69297137786566	57.24863235314345	58.83393652571273
4260000	59.550640568144544	3.539224985080982	59.936399848338624	59.991719102231514	59.99976208178661	58.36691892531982	3.4272173370772983	58.9488619178037	58.96010958757394	58.96744670983016	59.15593601483835	3.7146656950820645	59.87585758250542	59.906582657295	59.934859885978675	58.33675106794523	3.3908129978220645	58.85726946285979	58.90601397223179	58.92756618573576	59.21237035790859	3.717748980595044	59.93936057447962	59.96116367956165	59.9739012892626	58.322604950413194	3.388004794743234	58.82968506053024	58.90386381401245	58.92956361452855	58.31310389672656	3.6038154241189306	57.92007000646791	59.850430122522454	59.96114244442597	55.8816617892338	4.238044750961598	53.69297137786566	57.262692566225155	58.83639052740054
4270000	59.54468012510089	3.5386702000113335	59.92694029331538	59.991346672231614	59.999667390456295	58.36744711496824	3.4257022032680675	58.9506610669325	58.960395812213164	58.96802565897788	59.15825957001688	3.7150957577480157	59.87766308495712	59.91195007291418	59.9352830645403	58.33764325159888	3.3898540916982167	58.85726946285979	58.906131061325844	58.92768322528184	59.21374066726691	3.7179168847597746	59.94173600337343	59.961249732057766	59.975114277752496	58.32372765167071	3.3867371657254974	58.82844042489613	58.90391509374662	58.92972032446633	58.312753863340056	3.6019198156783836	57.91667220558652	59.85449231948409	59.96093290499849	55.88685859500173	4.235337990934749	53.72426018318406	57.262692566225155	58.840600239535874
4280000	59.549284159794915	3.537270385578584	59.92957103292218	59.991179592501695	59.99965898061103	58.367755160340124	3.42754736216908	58.95098022462432	58.96068578856943	58.9683648820721	59.15447053337112	3.7142943908364314	59.87292691279866	59.908505160345044	59.932268595832156	58.33796966647372	3.3916679014899462	58.85640246005943	58.90656211466287	58.92775105053795	59.21353412513778	3.7177943822446764	59.941141777096774	59.961333685775806	59.973824365240816	58.32395895344625	3.3875417979399973	58.82844042489613	58.904084026675086	58.929882857863205	58.31558336215322	3.6025053257373583	57.918837871398395	59.84368960533836	59.96105942528828	55.891258567829624	4.231958299558948	53.72426018318406	57.262692566225155	58.83586264124935
4290000	59.54821220426097	3.5378632165873363	59.93205210051272	59.99127190194642	59.99979010653347	58.367446052150584	3.4270673923235657	58.94974028256787	58.96083793621759	58.967943926115225	59.15780320653004	3.714730044929165	59.87806444120376	59.909030034358906	59.938138034714584	58.339292896259344	3.391772629777783	58.858190561974794	58.906991406273036	58.92877790597672	59.21326637161758	3.7176330156769355	59.9399989521166	59.9600589297955	59.97463972974864	58.32472889742974	3.3880957022570946	58.82968506053024	58.90422349979214	58.92991749563351	58.32294968301265	3.6020862695189373	57.91709100008193	59.87307965422782	59.96198051055188	55.89520571650535	4.231202130329728	53.741138689729894	57.269232215034286	58.83586264124935
4300000	59.54575120523848	3.53744598757146	59.932692086197754	59.991988029573385	59.99969587640267	58.36664417090109	3.4264320014415572	58.94933221473006	58.960415739199135	58.96753471618148	59.15756773516816	3.714688553590844	59.87570994245179	59.91028373814	59.93569745803406	58.33896182211348	3.390915855739924	58.85853169440748	58.90677833211187	58.92934112154737	59.21393616546386	3.7176824197227516	59.94381102901264	59.960373741377495	59.97444361426752	58.32474498779132	3.3868072601265546	58.830494536958184	58.9044001360089	58.92991749563351	58.32725739636434	3.5977585224262745	57.92199593026616	59.87447196237175	59.95864103440655	55.89831881226752	4.228513935443383	53.77913181030734	57.269232215034286	58.831670194267446
4310000	59.55104363874386	3.5382574254747783	59.94039900924969	59.992476288457006	59.99976967047898	58.366989736671044	3.4276312146206815	58.94953759824857	58.960201082682566	58.967325205067844	59.157187653207465	3.714556504644461	59.87520332042789	59.90872674029902	59.93650423958611	58.339338390306374	3.3919809190594803	58.85794300850522	58.90743200217253	58.92884281257709	59.21274898650639	3.7174367841415243	59.94027047806294	59.9596572774127	59.97404365275505	58.3255481534899	3.3876600035153563	58.830494536958184	58.90462605946908	58.92994138895367	58.32851460828891	3.598896777391506	57.92155077219313	59.889767667413565	59.95980452539625	55.90097601273329	4.227648321817131	53.782588316699844	57.269232215034286	58.83639052740054
4320000	59.54834188307138	3.538336930843409	59.93084110170866	59.9911552533532	59.99979103285935	58.36615741036326	3.42600117385244	58.94802945904458	58.96033595511946	58.96809447381788	59.158579132778804	3.71462441082587	59.879381740138044	59.90881890979662	59.93632451122804	58.339300155776975	3.390101008299322	58.858111129941776	58.90770131653063	58.92875631093656	59.21315882319429	3.717557566021959	59.94167847812962	59.96054155185848	59.974549946981064	58.325760124331495	3.3866722547382517	58.830494536958184	58.904729082647755	58.929958977170706	58.3317841706996	3.597073928657775	57.92044496847583	59.88825653965435	59.96109055735938	55.906062840158725	4.2255714555008765	53.782588316699844	57.273899638025014	58.83727882064244
4330000	59.550867598936776	3.5387430283965293	59.93737086310811	59.99153061850066	59.99976750340083	58.367554674121	3.428148232536105	58.950221926370304	58.960683436614715	58.968041055543424	59.15819805283576	3.7143334603750655	59.87820719750661	59.910733394837365	59.935000754220965	58.34009902987862	3.3910443975723727	58.85853169440748	58.90784907427212	58.9288302308243	59.21402222759234	3.7175931751106424	59.94266438617077	59.96069995332307	59.97405364905245	58.32656985175076	3.386997385072607	58.830494536958184	58.904741388243366	58.9300546144229	58.333749052427564	3.5979155753542633	57.92187444731088	59.874960017474216	59.96104317039429	55.9094830350451	4.22460692253129	53.782588316699844	57.273899638025014	58.839960439707575
4340000	59.547535662192814	3.5386940252439536	59.92896552300891	59.98896434221987	59.99967348376307	58.368709609706315	3.4265747353636877	58.950527169679496	58.96080278893622	58.96849260719664	59.1573916565841	3.7141889001703925	59.874822901518264	59.90849809725173	59.934109517103494	58.34003644864364	3.3907702982126495	58.85853169440748	58.90759133501219	58.928752117018966	59.21267989533628	3.7173567721403304	59.9393155115987	59.959563463476	59.974331602353566	58.32714087813873	3.3871367758775914	58.83074640259055	58.90507080429869	58.93011380703919	58.33417381624121	3.595027082341331	57.92114206198802	59.88100812601901	59.96118834821287	55.91153394756615	4.223328759171695	53.782588316699844	57.273899638025014	58.83639052740054
4350000	59.548519039195064	3.538775467481837	59.9377017844341	59.99204648176568	59.99979464693067	58.36696375625873	3.425892637245532	58.947853567071135	58.959926415014436	58.968093791253374	59.158024588738094	3.7142142827811044	59.87819945198062	59.90885277365864	59.93608396148249	58.340845290163074	3.3916178152968106	58.85899207573298	58.90829044397084	58.92934112154737	59.21219672003944	3.7171282417914675	59.93805359131457	59.959660995778066	59.97374575217047	58.32794244281181	3.3869910377549584	58.83094892501256	58.90535904089039	58.93013173214272	58.33606805571335	3.5948882747850712	57.91744595994308	59.89616803809399	59.961704925877164	55.91269397842688	4.222291879673033	53.79953930626541	57.278980655206496	58.83639052740054
4360000	59.55259408196092	3.53934011187931	59.945962506474366	59.99421273102877	59.99985697265815	58.3671930057555	3.4255819395292932	58.94936036900475	58.96025254489018	58.968226866288504	59.15944867105231	3.7145134833755176	59.878291774703	59.91139126943059	59.93655132581347	58.341338108708456	3.3907584793255383	58.85913869950997	58.90853270425619	58.929197946351735	59.21431518224528	3.717525220411673	59.9420528283452	59.961250979606305	59.97667975562232	58.32809131883296	3.3872340457027335	58.831139030787966	58.90568930890185	58.93026779130915	58.33825276615461	3.594665750575654	57.92326543406247	59.87668911055159	59.96208680738141	55.91832883036369	4.219034313221616	53.829319742982925	57.278980655206496	58.83586264124935
4370000	59.54790466529607	3.5388062031507777	59.93315153710121	59.989710523417	59.99965675905225	58.3681082596045	3.4269488633063947	58.94876954231371	58.96013087972739	58.96807666686963	59.15706382128828	3.713933018592964	59.875693132640905	59.90802979022392	59.93318712799173	58.34133363865665	3.3911180080136485	58.85934069018948	58.90829044397084	58.929494795988845	59.21186330492769	3.716953542287594	59.9402106920189	59.958423638704055	59.973305481347026	58.328277840997536	3.386517540328573	58.831139030787966	58.905867060205985	58.93026779130915	58.34068264921582	3.594809369769138	57.921451661555324	59.88891137113349	59.960782529077015	55.92148286201646	4.217133810332748	53.847607058332514	57.278980655206496	58.83586264124935
4380000	59.54856234425758	3.539387006292549	59.93359990723318	59.99033876111566	59.99962119806192	58.36845230852888	3.426636164878683	58.94975671058907	58.960779812695556	58.968379143698115	59.15835174615638	3.7141218121073023	59.87641146243474	59.90920633220493	59.936324653776886	58.34074098937155	3.391291132237306	58.858865706151484	58.90843129610151	58.929494795988845	59.21274796966543	3.717132254550479	59.94048255262148	59.96021621996884	59.9750987335972	58.32813993365931	3.387033537561316	58.831139030787966	58.90594098782091	58.93038492595389	58.34084508787617	3.594812125636692	57.919775994220785	59.878839251514464	59.961916557505425	55.92443055280722	4.213992963030421	53.847607058332514	57.278980655206496	58.83012350249672
4390000	59.547681454160724	3.5382605051723686	59.932411660249095	59.990307471873344	59.99966596994746	58.367284317053	3.4262560083013227	58.94994161963774	58.96095756256196	58.96815235293025	59.1582956894101	3.7139931251257683	59.87638785329273	59.90913695835443	59.9334926408102	58.34213330242014	3.3909196388449105	58.86025798485343	58.908910039806	58.930109570765495	59.21336994335348	3.7173063529969634	59.94019327430502	59.96079772936331	59.974610606743965	58.32846094266345	3.386976761945556	58.831664585445594	58.90603890661622	58.930473477791026	58.341666572353205	3.591729300848334	57.924703389465996	59.86207685063715	59.96046107375763	55.928344389331116	4.213636630172663	53.847607058332514	57.278980655206496	58.83727882064244
4400000	59.54606158515906	3.538152279673779	59.925313612610786	59.99071236172443	59.99975710223734	58.36858461560433	3.4260226696969283	58.949181207764475	58.96053058862598	58.96877139427619	59.15876895873138	3.713868643101778	59.87726434637262	59.908254622653715	59.93444675627723	58.34234056501154	3.389589522702776	58.86025798485343	58.90916836564803	58.929737630503766	59.21311213806966	3.717213391354568	59.94023439625998	59.96040888498481	59.97373074721706	58.32893310181771	3.3864584768999584	58.831664585445594	58.90603890661622	58.93114934196504	58.34312999577583	3.591725057660893	57.92123191078831	59.8899634888898	59.96219816015437	55.93258282402094	4.210312599068029	53.84996304777384	57.278980655206496	58.83586264124935
4410000	59.54948727165537	3.5386997008058008	59.937796366837006	59.9897953180046	59.99963985295097	58.36694977547122	3.425856653850524	58.948887366360516	58.96099523099822	58.967909386086134	59.15874249090686	3.7137582750052838	59.87856960827676	59.90892357876287	59.933832891685	58.34218656466019	3.390658114701891	58.86025798485343	58.90941129611134	58.92979694511848	59.21326586033841	3.717217266559988	59.93995369725111	59.95927325636488	59.9742000159024	58.328870659681776	3.3870185523296654	58.83237402266194	58.90698280129088	58.931393822248126	58.34796046911915	3.589498168311434	57.91970036588747	59.879780109123075	59.96137403297138	55.93691783647459	4.207392684959674	53.84996304777384	57.28260408530287	58.83898470221426
4420000	59.553621118153174	3.5396326131763978	59.94921984131504	59.993493035509275	59.99979158891091	58.36537249078262	3.426006128376041	58.94833536922617	58.960310178260954	58.96817152095035	59.16088404596721	3.7134403204743585	59.879261069617186	59.91211121098638	59.93591624119253	58.3418633005537	3.392061599354807	58.86025798485343	58.90929782182806	58.92997846454217	59.21454682209665	3.717312643624676	59.94136483945365	59.962184629537575	59.976348385760865	58.328462351280784	3.3882575129168417	58.83295258654849	58.90698280129088	58.93167874121129	58.34909715093928	3.588958496361461	57.91912288803387	59.86277341951079	59.961799081166	55.94029766170591	4.206605928485364	53.92130175760165	57.28931991158987	58.83639052740054
4430000	59.54804703883993	3.5393993531239745	59.941307590615615	59.99205346496703	59.99979015458835	58.36572076765919	3.4278089897900466	58.94783789628727	58.959183906619415	58.967792910792085	59.16123588255551	3.713501607507003	59.880295193255606	59.91173405370218	59.93522281653294	58.34220468636143	3.3921509595545554	58.85989497929012	58.90904110862335	58.929737630503766	59.2122014305837	3.7168714689372413	59.93944174781717	59.959751057041814	59.97378005669517	58.32962627071006	3.387852617078877	58.83295258654849	58.90724480499631	58.93190251946624	58.35343419734864	3.5904621022794245	57.92345443296742	59.890211104638524	59.962441499545506	55.943808084856066	4.204906082613911	53.92130175760165	57.28931991158987	58.830865737049784
4440000	59.55176222125096	3.5381019833347995	59.93732101059902	59.99325525040733	59.99970168954756	58.366792050878175	3.428327203018028	58.948469898637775	58.96002881531072	58.96737793750637	59.158390252246114	3.7127359976595824	59.87540395353593	59.90738071444545	59.93375269759635	58.34289972250813	3.3919338748768637	58.86090686376484	58.90970932976082	58.930109570765495	59.21287297890166	3.7169113323535408	59.939823127970655	59.96080719739536	59.974525967681174	58.32987384585741	3.3873429950294125	58.83295258654849	58.90724480499631	58.93209483895122	58.353390533666484	3.5901298286782866	57.92324727368717	59.87101934729404	59.96079051686432	55.94810315994523	4.202779548454642	53.940421077980126	57.29813279971246	58.83695915459115
4450000	59.54638641596969	3.538569808843729	59.92865037014593	59.99096955107869	59.99974359100524	58.36787415731651	3.427764345017334	58.9495194385779	58.960624167646955	58.96734493462621	59.156873298775466	3.712416281939292	59.874242597441764	59.90633573466379	59.93545992529593	58.34248269775712	3.392233023300954	58.86025798485343	58.90970932976082	58.92997846454217	59.21157745950427	3.71663365357651	59.9383442489311	59.957862689449556	59.97287412128587	58.32985242600987	3.3879961323996812	58.83295258654849	58.907717996454394	58.93209483895122	58.35575089792835	3.5878124892270593	57.921041731407556	59.87730828255681	59.96132768524646	55.95120417099201	4.200521063265819	53.940421077980126	57.29813279971246	58.83695915459115
4460000	59.55370628083782	3.53950602343602	59.94328760715899	59.99411694923748	59.99984882825659	58.367893416201554	3.427068477850111	58.94983583403456	58.959750533348995	58.96767566344259	59.16163969624721	3.71321573761072	59.88050692411459	59.91115873555365	59.935567598513565	58.34359757684068	3.391636426891053	58.861115155157236	58.909973140737094	58.930109570765495	59.21468366800448	3.7172684627290713	59.94404640618385	59.96233472601283	59.97485813977626	58.33077394469301	3.387195079142376	58.83295258654849	58.907717996454394	58.932203833287126	58.36026711634823	3.5870364578076814	57.923768164518926	59.882506981162145	59.96169714308991	55.95392608556332	4.19933642491741	53.940421077980126	57.29813279971246	58.83264973445053
4470000	59.552006814532604	3.539059159973351	59.934116671200215	59.990175970281776	59.999669521581296	58.36873614879555	3.4270546797399377	58.951149226138526	58.96112463046151	58.96845271253966	59.1603643475596	3.7129724831215167	59.87714207373525	59.9093875364635	59.935514333820095	58.34314100128058	3.391400691351118	58.86121570561501	58.909773077177306	58.92979716554626	59.213661249991304	3.7170106111205756	59.93982386615306	59.960603232627776	59.97448876424795	58.33069873586635	3.3872420551498816	58.83295258654849	58.90786508551056	58.93239490951293	58.36254895929359	3.588724837649078	57.9217730099211	59.89663105421887	59.96189424531599	55.95678405774499	4.19800071953947	53.952741579042275	57.34019773710607	58.83528993101858
4480000	59.55284474154603	3.5384386720061176	59.94519200817875	59.99189029058322	59.99975346045473	58.368722115960026	3.425869266560023	58.95153281300936	58.960920080556456	58.96857852653932	59.16037315886413	3.7129635674739907	59.87698742012496	59.90946595967132	59.93673528919048	58.3443536889693	3.389577186493783	58.86195037269258	58.91018487586962	58.93023234643386	59.21415330144546	3.717066686201907	59.941128413240584	59.960871352928315	59.97438703958527	58.331805947616914	3.3873382432810506	58.83295258654849	58.90796091290163	58.93244767298216	58.365510874108764	3.5850657720154113	57.92263161909444	59.90703067308229	59.96293919980389	55.961388061481045	4.195998750439404	53.952741579042275	57.37132741137515	58.83695915459115
4490000	59.54642833112243	3.538622722238791	59.92391059391636	59.989417075687	59.999597448843005	58.36854209844064	3.4263670356935076	58.951201726251874	58.96051747352708	58.96782869047405	59.16008838838061	3.712854091794925	59.877156907473285	59.90880612622193	59.9356930526718	58.34444487800604	3.3907811526849536	58.861633400737944	58.91024872535287	58.93032379547645	59.21397133557548	3.7169429650309525	59.94053287660329	59.95997226509245	59.973815840380446	58.33162613978139	3.387455878291803	58.833595496020315	58.90799452837662	58.93239677680113	58.368414908875394	3.580091774456855	57.92358640539416	59.88288612569068	59.96098570785969	55.966197561057065	4.194005574067811	53.968317007025206	57.387668375475386	58.83898470221426
4500000	59.55027913349526	3.5394765399883275	59.941876113547686	59.993564637278965	59.99978030130626	58.36640275216133	3.42635782490072	58.94998621524972	58.96002154400521	58.96789456658452	59.16020295459366	3.7128612787691906	59.87773702583742	59.909836047801136	59.93455359277105	58.344892021324426	3.3920924998909214	58.86244830476794	58.91026335991596	58.93053123305289	59.213770757509735	3.7170111489815065	59.94151841669879	59.96098654668721	59.97383668677945	58.33202910442996	3.3875337319862298	58.83414444576636	58.908438119115615	58.93257310678877	58.373559719445964	3.5803606888606385	57.92445602465908	59.89778723067608	59.96250064829995	55.97014218465027	4.191214391006763	53.98153852653	57.387668375475386	58.83233582260977
4510000	59.5478439372027	3.5393663014360457	59.93544152048596	59.99048128749433	59.999689938665654	58.366839303080205	3.427416701544876	58.94934986605685	58.9603571444787	58.96819681923344	59.156796694324825	3.7121825404560984	59.87355632168496	59.9054634137992	59.93425186454371	58.34402343658289	3.390702461865367	58.86275579749144	58.91051451508402	58.930645876195996	59.21314507123918	3.716784751515433	59.93872674485243	59.95934176319653	59.97454741007973	58.33154529747851	3.38752989239026	58.83414444576636	58.908622403314084	58.93270987754787	58.372185694617585	3.5791153628791554	57.92024293094166	59.89827756546808	59.9599692277534	55.973155341630196	4.189483576134878	53.98153852653	57.387668375475386	58.830865737049784
4520000	59.550845467671344	3.539506322417211	59.93912455896258	59.99259358087763	59.99984301621297	58.36739890011721	3.425963400646705	58.94929198057671	58.9607786685587	58.96825502282125	59.160274994258444	3.71285395360792	59.87788836191474	59.90963603346068	59.93661388594878	58.34488436033669	3.3898851070168	58.86329049434593	58.910979594843134	58.93074739486326	59.21417786987692	3.716887447934232	59.94126184782295	59.960550310231326	59.9757922722227	58.33243496002617	3.3865255030593575	58.83414444576636	58.90871393319145	58.93280619088911	58.375773701178495	3.5778821623615187	57.92303575476978	59.89161089737819	59.96222873380607	55.97611265745943	4.1884404557421835	53.992568848909194	57.387668375475386	58.83301643501129
4530000	59.55066579735545	3.5393853334043	59.941267477239066	59.99254739974492	59.999779250362174	58.36741737175339	3.4266920654031967	58.94914066104397	58.96068266974529	58.96857659740671	59.16027878129407	3.7128446303021234	59.87686227178359	59.90881843241692	59.93648572554245	58.34543942458617	3.390931889382911	58.86361967302906	58.910979594843134	58.931242003639795	59.21315212492343	3.7167791676924624	59.93857851596546	59.9617338460597	59.97464539963697	58.33302013828063	3.3871744876446828	58.83544188872317	58.90892582580325	58.9329366545077	58.37819028013807	3.578020163261632	57.92338854679988	59.902343818878016	59.962498708609914	55.978661708268326	4.187916880666936	53.992568848909194	57.387668375475386	58.840465079312324
4540000	59.55014621561414	3.5391535487455363	59.94161940504947	59.99159294971889	59.999800831708086	58.36683333595776	3.4262385045225154	58.94847842317352	58.95985026726669	58.96779518432028	59.15926889407047	3.712591708708033	59.87494527690792	59.908459271388736	59.93564124612531	58.344765858352105	3.3899588735546167	58.86582672057014	58.911076747124696	58.931381395779916	59.21365081909686	3.716850583614082	59.93977096764313	59.96001072641016	59.97463549893514	58.33155112217824	3.3876816101368736	58.83544188872317	58.90897650888478	58.93296626339603	58.378104950172485	3.5752045591346375	57.92748920615641	59.8628576128023	59.9631992597579	55.98456430311471	4.184997154423153	53.992568848909194	57.39812189937262	58.83898470221426
4550000	59.55350579383941	3.5395653399466998	59.94359773995656	59.99179570256692	59.999807962191326	58.3678523468104	3.427442930523277	58.95010872542049	58.960287977114255	58.967740437587686	59.16241745649399	3.7131416416515295	59.87779006770329	59.912394368190846	59.937476205221756	58.34613300796826	3.390870223511255	58.86582672057014	58.911210995254905	58.93154296001597	59.21327478917476	3.7167944849736103	59.93883134293665	59.9592624435759	59.975249733399394	58.33377577589442	3.387420855891459	58.83737087463425	58.9096684463281	58.93306114072434	58.38444349464252	3.5737187552168517	57.92590362792444	59.89982833671615	59.96327032582502	55.986822733931305	4.183977392606043	53.992568848909194	57.39812189937262	58.842280844369704
4560000	59.549599238982786	3.5389278263585893	59.931494532990904	59.990623760649825	59.99971084841064	58.36849004793167	3.4264541942714724	58.94986963820444	58.96033599824398	58.96831460500417	59.160356164896214	3.7126602915006655	59.87604464175394	59.911042863841445	59.93784078059572	58.34590970282397	3.3905939098806632	58.86712228183642	58.911829071975056	58.931798333475676	59.2147083632976	3.7169247376794377	59.93852384892787	59.962202797908596	59.97674661206292	58.333252141789124	3.3870050596137866	58.83737087463425	58.909767442297856	58.93320535836116	58.384303546022025	3.572429268448837	57.921082053115654	59.89277603895942	59.963197341588796	55.99056860975122	4.182626912372272	54.00470881876177	57.39812189937262	58.84313307178135
4570000	59.55126520081245	3.5395422750243144	59.94022006878563	59.991495430583925	59.99968108424467	58.36837323729341	3.426559651288228	58.949929986297086	58.9609400720329	58.968398670277175	59.16002384487587	3.7125379934064626	59.87735206487983	59.90782437452093	59.936337044406656	58.34709964121542	3.390224701265861	58.86755663144909	58.912111589641825	58.93198217590907	59.213684965941034	3.716703562719752	59.94021435201564	59.9611118985029	59.97407564543482	58.33439915892239	3.387551448793938	58.841680306928495	58.909961286810514	58.93328289829249	58.38882098753374	3.571561565878308	57.92309204600382	59.90492669939158	59.96325297548081	55.99379860393574	4.180634144579765	54.00470881876177	57.39812189937262	58.84514902114732
4580000	59.5526274076051	3.5392460386068363	59.9383501519649	59.99270743916903	59.999813395622	58.368728474322225	3.4267654485958507	58.95001539234282	58.960569763955	58.967540320831326	59.16183340239939	3.7128095300215085	59.87978169395126	59.91295143133209	59.935403864912075	58.34755189203934	3.3908304364051016	58.86768443059493	58.91222816842891	58.93185623457754	59.21474234509874	3.7168446371551527	59.94218890539393	59.96074928024408	59.975624152298735	58.334878839230974	3.387121709981645	58.842885687426076	58.909961286810514	58.93336260103057	58.391849581246994	3.5703296950869294	57.92130401603223	59.894043109196	59.963206941046536	55.9998721773763	4.176057098234844	54.00470881876177	57.39812189937262	58.84514902114732
4590000	59.54671023427431	3.5383844305252112	59.93170557481218	59.988654883717786	59.99957524611327	58.36751380267659	3.4265197106618723	58.9491325457595	58.960482659894836	58.96845465022361	59.15972777785099	3.7121911558446543	59.87645714217444	59.90774186498561	59.93504773508319	58.34667433112742	3.390272329565188	58.86755663144909	58.91142832494989	58.93185623457754	59.21286966774238	3.7163779044885628	59.938813461405154	59.959359935947624	59.973719227960146	58.33452454958313	3.3869127505851786	58.842885687426076	58.91048716733083	58.93342760620157	58.39537632834961	3.5697507474090644	57.92395759895181	59.89359381767833	59.95970676764897	56.00263418820089	4.174965881487844	54.03095513589574	57.39812189937262	58.84514902114732
4600000	59.55062249970079	3.5390079343671377	59.937641798818085	59.99224187179446	59.99976153728633	58.36647801574407	3.4252556550847917	58.9490368285076	58.95947254592713	58.967430402087395	59.16161774425115	3.712529491134899	59.87794935131257	59.909881055345366	59.934529781503926	58.34693295043992	3.390802794985562	58.86755663144909	58.91158149586758	58.93217058459623	59.21259884675451	3.716340215314788	59.93881884400012	59.95883361501522	59.973834786174734	58.33505385192871	3.3877390305384636	58.842885687426076	58.91048716733083	58.93363194434154	58.39683668892759	3.5685677442592922	57.92440520157248	59.9022608814184	59.9586678223302	56.00507327631398	4.173437804052765	54.03095513589574	57.399116130602636	58.842280844369704
4610000	59.55664408515355	3.5393773339504224	59.94779995134895	59.99213468288997	59.99976900461039	58.36779060872146	3.4284486918351513	58.94968755001453	58.96029626402126	58.96823246470854	59.161302888945876	3.712332723405933	59.877522381639636	59.91005586731765	59.935564674577286	58.34676832971564	3.3926510243091363	58.86763767783692	58.9123671289925	58.93242255661512	59.21413019904413	3.7165075682327924	59.939822216832155	59.96031428606883	59.97594440162914	58.335452267874636	3.387453541358988	58.842885687426076	58.91048716733083	58.933746952436465	58.39981867651587	3.5726629970298993	57.92381730782913	59.906616140571145	59.96402723977333	56.008939000244595	4.170571504660626	54.06008818024115	57.399116130602636	58.84387099415453
4620000	59.550784241262384	3.538766015886524	59.9322094773927	59.992314088208545	59.99981214556698	58.36890560790777	3.427157171974906	58.94958544727465	58.96050151896688	58.967806874300564	59.16021075890635	3.7119973874317544	59.874401259756354	59.90833191442545	59.93745034104213	58.348171517244545	3.390636335061733	58.86809458485793	58.912511073869545	58.932429808171015	59.214383818586896	3.7165929524303514	59.94146365424111	59.96083115164742	59.97564737843763	58.33616942834335	3.3865508814906717	58.84320015330413	58.91048716733083	58.93398132384053	58.40104545342444	3.5694865689144257	57.926578235036736	59.898189580608346	59.962462699958536	56.01041546284535	4.170427973596696	54.06008818024115	57.40058853133256	58.844171974723615
4630000	59.549334350922564	3.539433519461825	59.9392976741855	59.991839476094086	59.99981400020357	58.368741320814536	3.4283301187704964	58.95108922671281	58.96124506073308	58.96862352517774	59.161254731214676	3.7121346474852897	59.878069695326175	59.908657403928345	59.9356674163284	58.34801277792484	3.393314545532411	58.86900732073039	58.91222816842891	58.932429808171015	59.21534511929612	3.716810994055441	59.94277022774334	59.96212467189049	59.97585641478576	58.33550563618203	3.388998960729751	58.84320015330413	58.91048716733083	58.93427860603834	58.40336951563358	3.568301622475877	57.9250217799403	59.89849187735594	59.96300262373835	56.012965733389656	4.170074602855775	54.06008818024115	57.40058853133256	58.84641818170751
4640000	59.5514708563944	3.5397081062204507	59.93947052536684	59.99242629619404	59.999794605333264	58.36852083711244	3.4261582540911557	58.95027756270875	58.96107391639684	58.96910337050987	59.16187169160488	3.712211296533342	59.87883018582044	59.910923195728735	59.93519597311071	58.34913964337044	3.391284569420631	58.86891893995886	58.912511073869545	58.93257428791436	59.21356207476778	3.716431031737524	59.941242092139746	59.96022596327546	59.97462563047735	58.3368982298699	3.3875565957361333	58.84320015330413	58.91048716733083	58.93431556127412	58.40890257290701	3.5630828442967046	57.92457912354347	59.89423272130876	59.96395134731784	56.014503711803336	4.168491900706736	54.06008818024115	57.40058853133256	58.842280844369704
4650000	59.54962335848927	3.53906488331095	59.936689666018985	59.991884085096274	59.99973563739363	58.36851285494122	3.427797552101918	58.94927841359495	58.96140152054761	58.96899217480902	59.16169014034827	3.7121947983545	59.875994640389905	59.909473375803074	59.936233038416596	58.34881742340252	3.391302595600789	58.86866128490037	58.91283919545101	58.93286607710097	59.21385706690447	3.716439241685806	59.93952892227462	59.96000883722398	59.97458773340233	58.33676278150893	3.387558797633572	58.8432879951952	58.91073123314017	58.93431556127412	58.4122213705623	3.5635964033363767	57.926411059929364	59.90403949373237	59.96335757879064	56.01954379191593	4.165972196703432	54.06888056274255	57.40058853133256	58.84539814589147
4660000	59.54768767992121	3.538854223413691	59.92704862827306	59.99087551387624	59.99979443120547	58.36753613289523	3.427277544733441	58.950342980907806	58.96063016046827	58.96832989025184	59.160978882654284	3.7120314674170136	59.87903081420194	59.90907574905727	59.93358901259951	58.349614298749586	3.3909865117357776	58.868955901861206	58.9123671289925	58.93286607710097	59.21326260142879	3.716353167561783	59.93997962585587	59.95980831894523	59.97491682177619	58.33754306702437	3.387709311983421	58.8441090393313	58.91087597569137	58.93438289205024	58.4127937167321	3.5629825883390147	57.92680287015904	59.89740364811382	59.9642782548045	56.023908093223405	4.1636272455238394	54.0749097024326	57.40058853133256	58.84806175069642
4670000	59.5484063427384	3.5393023135365707	59.938687509560076	59.99061738324275	59.99965431961374	58.36883851487529	3.426534312624135	58.950695798053125	58.9607857585447	58.967921332375376	59.159978120629084	3.7117851831623576	59.87686511610842	59.90908548994585	59.93396445369032	58.34986308531837	3.391920443516455	58.86908693744081	58.91289596354672	58.93286607710097	59.21461898194823	3.7160174496297063	59.93944428893582	59.959535848347755	59.972988909897225	58.33798441784338	3.3874624484076397	58.8441090393313	58.911532158375806	58.93465650846607	58.41309852262648	3.5602075206915367	57.92238155571437	59.90017440924845	59.96158868424133	56.02767162311488	4.161394240394373	54.0749097024326	57.40058853133256	58.84487124980703
4680000	59.55360302152176	3.5397550761636705	59.94037060272264	59.993793985427445	59.999871233757034	58.36889174319643	3.426222717985711	58.949764697528074	58.96010482640935	58.967584854710665	59.16119147722907	3.71203864990319	59.87894215323376	59.91002271848309	59.93654500241212	58.349457909394644	3.3915848879582406	58.86909315644746	58.91315193443927	58.93338950844217	59.21656479030676	3.716323363435041	59.94137788366999	59.960155782628306	59.97516989919913	58.337450361144356	3.387930504071415	58.84574178393062	58.911893294237046	58.934712921482706	58.419174558397586	3.5611652071584152	57.92213040087763	59.9033013690997	59.96428455586528	56.030848784412825	4.158664963682206	54.0749097024326	57.40058853133256	58.84641818170751
4690000	59.54655595508552	3.5391796552865027	59.93096724650895	59.99241538851803	59.99959465024517	58.36865254922507	3.4274258066550454	58.95077103886764	58.96089416742802	58.9682716833511	59.16090486656853	3.711867057234488	59.87361659009434	59.9070566591613	59.93651837332143	58.35025273671674	3.3919124574793043	58.86947664155663	58.91326951351412	58.93347566458726	59.21587802979375	3.7162718499916547	59.94187543125665	59.95919736675765	59.97383806567059	58.33757761258801	3.387966668628444	58.84574178393062	58.911893294237046	58.934712921482706	58.419896344784796	3.5599273499631026	57.92344887800678	59.90163513449568	59.96093049054619	56.034885182375056	4.158399593416086	54.0749097024326	57.40058853133256	58.84969859497424
4700000	59.546167960381666	3.537961378288437	59.929201294291765	59.99130037640905	59.999733738649766	58.36910056986009	3.4251905682504917	58.949131063562625	58.960095025377925	58.967722590027975	59.16126743458321	3.7118909938916467	59.87754610959283	59.909242486932285	59.936252678172245	58.350132166303176	3.390331354747186	58.869914487515786	58.91330813552136	58.933644229449	59.2147407957316	3.7159985643953233	59.939135803519264	59.95923676795249	59.97389455320111	58.33774056608889	3.3876367733060837	58.84574178393062	58.911893294237046	58.93472163544635	58.42595026499756	3.5541008654155206	57.92327754355758	59.91163410381249	59.96193416808874	56.04114031757985	4.155205939272863	54.087409414626094	57.40058853133256	58.84806175069642
4710000	59.55058609731805	3.5387069309484023	59.93500443331561	59.99183364066923	59.999802036626505	58.368725798672706	3.4266262069900324	58.94970530353418	58.961253212669575	58.96778154706976	59.16247640781433	3.7120502811010163	59.8788987776894	59.91232105376179	59.936176288013705	58.35018509249983	3.3910643160199347	58.87000262675774	58.91382766146306	58.93372877627619	59.21783057682277	3.7165282886532855	59.942611280995706	59.96302610563171	59.97555153867031	58.338079011971416	3.3877628538465627	58.84595329480997	58.912283035234076	58.93472163544635	58.42810546415756	3.5538452979107205	57.927351614228115	59.904829989439314	59.959965944162654	56.04431047837354	4.153023491726787	54.087409414626094	57.40058853133256	58.84641818170751
4720000	59.54943329096435	3.5385978081631215	59.93533440103926	59.99309888524531	59.999728738400854	58.368847333925075	3.4274104451081064	58.94885604139422	58.9604206125985	58.96798091103181	59.16082551925947	3.711661699540404	59.87667198147613	59.90941978700212	59.93434873104691	58.3503909333864	3.390777674695	58.87006667135628	58.913790822292526	58.93369881957901	59.216663248760725	3.7162376059804156	59.94041270744333	59.96094576153652	59.97476835208493	58.338298952921804	3.3875619782996464	58.84595329480997	58.912283035234076	58.93472163544635	58.431605246581924	3.5537281455789658	57.92467964266353	59.90829385293566	59.96147626301773	56.04645826472642	4.150450289768908	54.087409414626094	57.42277327997576	58.84641818170751
4730000	59.54893572474145	3.5391238758699153	59.9413586872	59.992905629988435	59.99980322658101	58.36872740650994	3.427652674341035	58.95002580608224	58.96048456910687	58.968386132657216	59.160528872722054	3.711511878045892	59.87327960043353	59.90858410401077	59.93478324426788	58.3501445793076	3.3919188809043224	58.87000262675774	58.91330813552136	58.93381282382309	59.21615147166681	3.7161345612535235	59.940721243467436	59.96096972145381	59.97512775041761	58.33853884005036	3.3876018560909853	58.84595329480997	58.91235708002387	58.93474155512296	58.43191462886212	3.553377127800066	57.92630255513881	59.908564736147184	59.961309958967064	56.05143265943934	4.149040061560971	54.087409414626094	57.43542864023158	58.8497687252572
4740000	59.549873817848216	3.5391107749939184	59.93996136984681	59.991668497788794	59.99975240161018	58.36964135079451	3.4273834094365676	58.94992702914924	58.960427492788085	58.96769092817449	59.16317272156002	3.7118045184165966	59.87759695012221	59.9117220127483	59.93742054934272	58.351009422777075	3.391716330020623	58.87006667135628	58.91384512495925	58.9340619697559	59.21572565791586	3.7160413313977605	59.94012096524057	59.959917508567045	59.97450528012084	58.33936382816648	3.3875824979911475	58.84607706776622	58.91235708002387	58.93501252934642	58.43534392601634	3.5512227481883145	57.92677180397652	59.911979744362654	59.963521477086644	56.05342711715535	4.145958279356655	54.087409414626094	57.43542864023158	58.84806175069642
4750000	59.55096739279939	3.539053955402437	59.93748661366073	59.992184700435885	59.99980997530413	58.36904313238233	3.427099266515934	58.95011967950358	58.96001028192311	58.96748483234115	59.161545039368804	3.711474114357721	59.876585921001606	59.90729159558913	59.93631341524702	58.35142012085046	3.3919283971366427	58.869914487515786	58.91395312152537	58.934042028180386	59.21602630772414	3.715991598731176	59.93992345969298	59.960156042286215	59.97558523393731	58.33986932843132	3.3879992917759694	58.84713387241171	58.91235708002387	58.93530060329297	58.43737543581579	3.5505450952389155	57.92283723050582	59.90699372538248	59.96114697981178	56.057503817163656	4.142563861490252	54.087409414626094	57.43542864023158	58.84969859497424
4760000	59.550198115894354	3.5391124535004965	59.935259298498636	59.99257877411618	59.999786974739365	58.36849672067325	3.4265684775572853	58.949131537292985	58.95974751447214	58.96778036433776	59.1613330310919	3.7113949339577355	59.87493332243108	59.9074307588647	59.93400090400911	58.351602003723684	3.3922961608211133	58.87015200419279	58.914085892431586	58.934015237559436	59.21538617541622	3.7158209543681324	59.940447434453525	59.95969939409781	59.97429224595299	58.34016496899484	3.3878180694870954	58.84803568545943	58.91271793284007	58.93588988890654	58.44302723280276	3.5473837500428695	57.92560292908234	59.91829620858268	59.96262823279557	56.06144708624529	4.141416115207128	54.10983040284636	57.43542864023158	58.84969859497424
4770000	59.54670867618714	3.539226491041816	59.92392865265636	59.990537869993055	59.99965035879288	58.36866052226509	3.4261961634512086	58.94927431331784	58.960194492843	58.96834533933701	59.16084731864381	3.711256246298191	59.87578180141889	59.90860147892168	59.93416923829945	58.35136540473511	3.392962623855851	58.87118754840617	58.914967404336586	58.934162001979125	59.21643953094852	3.7161075846709375	59.9411537865495	59.961351156797285	59.97474316147821	58.34011164111312	3.3887065282072144	58.8513031228583	58.91347894826947	58.93588988890654	58.44353645381606	3.544390867213987	57.92358722375437	59.91283052574476	59.96342638851363	56.0651248557235	4.140223691186399	54.11483088801495	57.43542864023158	58.84969859497424
4780000	59.546063902137995	3.5389423958540465	59.92570044389376	59.98955628648977	59.99970842156625	58.3692044659345	3.426107302945169	58.9493591190811	58.960658375591166	58.96804788278284	59.16195353850552	3.7114636727458157	59.878384727021924	59.90969758013155	59.93284197327673	58.35254649244506	3.390255657183372	58.87101043835733	58.91513999467165	58.934499005489435	59.215998355494534	3.715988158202871	59.94105021832587	59.96012244307529	59.97482057837936	58.34071513860128	3.3871407273184455	58.85220603263266	58.91347894826947	58.935849692751326	58.4449871141698	3.542538984664596	57.92583002041804	59.90986987323272	59.962076735612584	56.06857440827735	4.138774199116692	54.11601897363982	57.43542864023158	58.84806175069642
4790000	59.54779143567294	3.5389425778666	59.93684219372374	59.99004061470592	59.99962919505223	58.3699980101302	3.426456173877252	58.9497346329476	58.96050206843748	58.967634193739514	59.159860400694406	3.711051915137779	59.8760019206206	59.90679362010755	59.93158610221041	58.352838877423565	3.39093659994989	58.87146406743619	58.915161068734434	58.934810623929856	59.215686465414294	3.71579761431541	59.94036148423999	59.959868130556046	59.97352984152486	58.34098911689401	3.3877587899135992	58.85220603263266	58.91354793867612	58.93592961023335	58.446082186675994	3.5418250245698633	57.92656966255273	59.9119892339598	59.960284299828196	56.07482185538229	4.1333133974915635	54.142587853978206	57.45211499507883	58.8497687252572
4800000	59.55202674278857	3.5380079947552865	59.946417906024166	59.99203846224246	59.999689014358886	58.36838220293497	3.4254219807885895	58.95040377607358	58.960494124362306	58.96818156615589	59.16287653869344	3.7115839377469135	59.87742417524679	59.90950375757174	59.935429866314074	58.35332714709214	3.3897410307418596	58.871239895425916	58.91513999467165	58.93496985603668	59.21528193114746	3.715732973861542	59.94016810969256	59.96029978432906	59.974472316446516	58.34141356746272	3.3875008828390514	58.85220603263266	58.91354793867612	58.93592961023335	58.448526123707786	3.5415692063120816	57.92844398331842	59.90828728960345	59.960792249649984	56.077448265860646	4.130603733243207	54.142587853978206	57.45211499507883	58.84806175069642
4810000	59.54993614257821	3.538046239636871	59.93430765968198	59.99034999508473	59.9996755359912	58.36905144420246	3.4260226444884254	58.949355826916566	58.95953577032394	58.96719394364967	59.16194863284225	3.7113738637736478	59.879393526398474	59.908189577727	59.93263438435636	58.35317961200042	3.390895984725325	58.87146406743619	58.91542160284693	58.93514726060489	59.21544315368979	3.7157434849195825	59.939300535083035	59.9586308649311	59.97339509042103	58.34095048035211	3.388073459514309	58.85220603263266	58.91354793867612	58.93617952421128	58.44879533075158	3.5398114789159925	57.923933358106446	59.91931420019306	59.9637629491247	56.081255850488915	4.127142780304651	54.142587853978206	57.45211499507883	58.8497687252572
4820000	59.54850235898214	3.5382728066261953	59.93636250094219	59.99028278988531	59.999681243501584	58.36927005539395	3.4258981160744275	58.95089823723678	58.959756082956176	58.96729181945622	59.162862973782296	3.711516855223145	59.87668981618574	59.90774215495763	59.93621749617951	58.35365706591626	3.391075318496909	58.872349738939164	58.915161068734434	58.93505376140912	59.21482126057499	3.7155020238133174	59.938471664288585	59.95982164564393	59.97393092110742	58.341962077331516	3.387739219924216	58.85292615003472	58.91394938019395	58.936339288836024	58.452887330389906	3.538519492365248	57.92835673068549	59.91110303537988	59.96364513349764	56.08717720852426	4.120829290565572	54.142587853978206	57.47637385506409	58.84245172697689
4830000	59.54984804420942	3.5391887744499653	59.9417278455813	59.99220963545296	59.999782433848836	58.36901691415589	3.4264785412697507	58.95012950147354	58.96039696417114	58.967882340810206	59.16342559679296	3.7115079109369606	59.88156305928163	59.90896974170104	59.93472857398143	58.35342809079034	3.391972732869763	58.872349738939164	58.91542160284693	58.93530785421065	59.21710366164058	3.7159544348262497	59.94151554360814	59.96175769631819	59.97514392447384	58.34175700803697	3.388131561017457	58.85292615003472	58.91450702540939	58.93635054040764	58.45242065056906	3.5375602099977046	57.92229431385789	59.90589281652086	59.96170686446206	56.09244243625209	4.118797628399224	54.142587853978206	57.531539228656385	58.8497687252572
4840000	59.546867753223786	3.5392182639816436	59.93523382397478	59.99034453526801	59.99976083757881	58.36922342001862	3.426809570052052	58.95012126163328	58.960691859479944	58.96759000682009	59.1603477248674	3.7107339695802706	59.872844752913	59.90850692698128	59.93438813197727	58.35397257691581	3.3918270783712328	58.87364244034299	58.91531102009975	58.93526065133874	59.216442854598654	3.715792525196146	59.938659332045994	59.96104963568721	59.97458463075812	58.34235723961423	3.387450954672106	58.855141725505604	58.914790801775304	58.936457666021546	58.45282009891519	3.536860896481831	57.925814757217466	59.89780016878029	59.96130302006972	56.09840224990886	4.113610399318329	54.17008644866719	57.531539228656385	58.8497687252572
4850000	59.55160313667972	3.538250311218667	59.943256580340744	59.992954095624285	59.99981459203019	58.36966624341124	3.4271543142392784	58.94986806440711	58.960181135542015	58.96803119183704	59.16396392720007	3.7113432603642167	59.878717573025185	59.91042547609089	59.93696136826628	58.354402173714256	3.3913168595244296	58.8732264358145	58.91554481915331	58.93539374527566	59.21754860998057	3.715973873833033	59.94066019886173	59.96210489716438	59.975064197186136	58.34297891149203	3.38769726651214	58.855379478682735	58.914790801775304	58.93660245696385	58.458335644207395	3.5381739772093628	57.928890737010974	59.91477954645232	59.963757210847255	56.10090155736514	4.112775593345582	54.17008644866719	57.531539228656385	58.84969859497424
4860000	59.54949214451146	3.5382978293441107	59.937016873398534	59.993405147689316	59.99977859389092	58.36898379161952	3.4263345877218834	58.94945095567097	58.959943585933644	58.96778924767681	59.162946266100754	3.7111308768275784	59.8789047892769	59.90998933629329	59.934475909914234	58.354650473668876	3.390193123898316	58.8732264358145	58.91531102009975	58.93580806958166	59.21609956363398	3.715691787555582	59.94077364399659	59.9608218621226	59.97540683326862	58.34288398745206	3.3872614512391412	58.85575954229422	58.91490360263683	58.9367036937358	58.459036586004665	3.5364602718811735	57.92494591695443	59.909488592563875	59.963192214472386	56.10218152977789	4.1122512870484655	54.17008644866719	57.531539228656385	58.84813197511748
4870000	59.554221194764146	3.5386064775478707	59.94415162563544	59.99261696452997	59.99974739651906	58.37017895246593	3.42561792551871	58.9488063360417	58.96060453747992	58.96790106632739	59.16503074889474	3.711486583572971	59.881578088837315	59.90937660850881	59.9364670716578	58.35457324855605	3.3909764587463096	58.87427747817102	58.91559040741809	58.93594434678322	59.21746720420128	3.7159112175007305	59.94177428555289	59.962412231514875	59.97522134992822	58.34318975049186	3.387593108361947	58.85643810859024	58.91501026536869	58.93682319949835	58.46219648154289	3.5353304613240213	57.92685197537087	59.915798987817844	59.963241854158554	56.10640645757123	4.110718499850413	54.21450612693598	57.531539228656385	58.84969859497424
4880000	59.55057455578504	3.5387735342097635	59.94327944650591	59.99267926341555	59.99975905718489	58.37057014295617	3.426337147597754	58.95018858280804	58.960834706539686	58.96783437043422	59.16309567115813	3.7104473028383547	59.876946977234056	59.90791060520398	59.935336897335084	58.35521036392568	3.3916854126555314	58.87364244034299	58.915820924222714	58.93618671370424	59.215478577001704	3.715534990459619	59.93908147033696	59.959372753878384	59.97498426877738	58.34401540372412	3.3881227255694535	58.85668826915107	58.91504703455572	58.93689212020368	58.46725023034587	3.5362075225824365	57.927834459337035	59.92091939971984	59.962851270053406	56.11093919686461	4.105397923987709	54.21450612693598	57.531539228656385	58.84463860116615
4890000	59.55218492969768	3.5387704997024607	59.948469261614946	59.99466579839793	59.999842782202364	58.37033762088294	3.425919800327696	58.94991255025789	58.96086233688705	58.967930912509004	59.16461767261293	3.7101191660365354	59.87626987688886	59.90876621133219	59.9355969223289	58.35606975433148	3.3891705401680428	58.87364244034299	58.915929477176334	58.93597801008805	59.217397643435184	3.7157828261719748	59.942024062667954	59.961505352927006	59.97529883619583	58.34496928522695	3.3862348355065373	58.85672700115312	58.915442239867076	58.93707451420614	58.46964720373603	3.5357300141777555	57.929742035134424	59.91818799286612	59.96380152780802	56.11405713726677	4.1038001215982565	54.21450612693598	57.531539228656385	58.84401574653103
4900000	59.549386628345246	3.53823723750617	59.93201859493301	59.990879536791255	59.99973435635867	58.36988125814782	3.4256239329401823	58.949470343275706	58.9608207002493	58.96839351114982	59.16423450594753	3.70998414416518	59.87565851109911	59.909141269188055	59.93797286843167	58.3550549093601	3.3916542082253684	58.87364244034299	58.916259809303	58.93618671370424	59.216521022723335	3.7156884437484154	59.94052533966811	59.95995622916511	59.974866548686016	58.34472551871663	3.3877509033097883	58.85668826915107	58.91559598166463	58.93707451420614	58.47146826717311	3.5325277484368254	57.93027478284935	59.91644430516382	59.963096416482806	56.11820127258087	4.102711711340528	54.232574363685615	57.531539228656385	58.84969859497424
4910000	59.550079563850225	3.539106518897699	59.935424898744294	59.99101536659158	59.999775704643106	58.368987517971874	3.4256754847699593	58.948842326100284	58.95968678376062	58.967632866791405	59.16453880965863	3.7100391683645966	59.875616642342855	59.90936643641692	59.93665891678645	58.35641057069529	3.3917442365748607	58.874724752103745	58.91675513794301	58.93623453598873	59.21607206648624	3.715505363912683	59.939898411709876	59.96011722241278	59.97544152873233	58.34602813459488	3.387862574671919	58.85672700115312	58.91559598166463	58.93713886466037	58.47368465173748	3.5325923655830365	57.93055804542224	59.91142444868406	59.962487462359256	56.12211123971492	4.098402811248166	54.232574363685615	57.531539228656385	58.84969859497424
4920000	59.55285969383984	3.5394992727875185	59.94185482798386	59.99419937577347	59.9998585942034	58.36951206669355	3.4267549176845664	58.949228214035514	58.960328818529945	58.96878864002576	59.16382698364187	3.7098860319169438	59.87654295192724	59.90835964068603	59.93265045543517	58.35485920763672	3.3926561258518717	58.87364244034299	58.91680489489171	58.93623453598873	59.21619585431036	3.7155178581814	59.93920933618604	59.96122174456709	59.97503501445779	58.34480396679772	3.3887448970545684	58.856816595430246	58.91562308728361	58.937248913142945	58.474654374284526	3.532644928133367	57.92682457495055	59.91369656608698	59.961866079204405	56.12696766696585	4.094724267754759	54.232574363685615	57.531539228656385	58.84463860116615
4930000	59.5502709751268	3.539451980276386	59.934971536358496	59.99125513994329	59.9997822082497	58.369481626877025	3.4274731181962306	58.94986887149906	58.96069125352668	58.96783801321365	59.1649875051483	3.710150804756426	59.87710505921801	59.90986830240308	59.9360741331691	58.35576756322473	3.3919216259724188	58.87503794901353	58.91683446450465	58.93618671370424	59.2170086489397	3.7155596047297195	59.94010556718964	59.960846852148464	59.975666996618834	58.34579404852958	3.388075925782672	58.85730504962643	58.91559598166463	58.937248913142945	58.47873975376393	3.52969685246142	57.92842749519389	59.916233514052706	59.96196169787279	56.13065017643086	4.094070460857371	54.232574363685615	57.531539228656385	58.84813197511748
4940000	59.5461775552536	3.5393227383792416	59.93286674888246	59.99218847350309	59.999755365731374	58.369537149091215	3.428428482055799	58.94993014155785	58.96068268330269	58.96825196627938	59.16504309114441	3.709942169647783	59.87813200714517	59.90937977067208	59.9343888313012	58.35539881581735	3.3932744913516037	58.874724752103745	58.916965241845574	58.93632444745543	59.21616689130938	3.715451240311397	59.94221674174627	59.961140101892276	59.974382604784644	58.34546535966915	3.3882037996413117	58.85867398925894	58.91559598166463	58.937248913142945	58.48065825727354	3.5277588516530183	57.92857963915389	59.914944379535186	59.961911489332536	56.13375197690734	4.091871658567634	54.232574363685615	57.531539228656385	58.84969859497424
4950000	59.55238786503334	3.5388135268953542	59.936161389967076	59.989955407442494	59.99973214953465	58.369557284522976	3.4280815090563235	58.94933553855988	58.96071543064315	58.96853839048097	59.16356934157791	3.7096401632948193	59.87457643095506	59.90650958117713	59.93355403902556	58.35559210210028	3.3926204859712366	58.87531473510404	58.91700724586357	58.93632444745543	59.216514121969034	3.7153993403440047	59.93944288267451	59.95974149226552	59.97520027317067	58.34655417289281	3.388361351491975	58.85867398925894	58.91559598166463	58.937248913142945	58.48184219314752	3.528508465269155	57.92445898101265	59.913139994802165	59.962790260638165	56.13738770597164	4.089404829453295	54.23629452259723	57.531539228656385	58.84969859497424
4960000	59.54880274178418	3.5392829369405616	59.93515996115092	59.99160097255029	59.9996947956633	58.36979316140641	3.426191358747649	58.949380169975726	58.960353218522705	58.96821437905639	59.164156391643616	3.7097775153710923	59.87506324752926	59.90869670973357	59.93543742344222	58.3568904473604	3.391806085809216	58.875798922914086	58.91732419422326	58.93657992405099	59.21521947650642	3.7151991768312236	59.9379549544317	59.95886150477057	59.974713469708746	58.3467124101524	3.3872408269798537	58.85867398925894	58.91567853225301	58.937487957152555	58.48378953120071	3.524442153873919	57.92809056671719	59.91256898227881	59.96209493533063	56.142175414764935	4.087562512333978	54.23629452259723	57.531539228656385	58.84969859497424
4970000	59.550617383566085	3.539757534720509	59.94735166939287	59.992952026116704	59.9998255015913	58.36994891780861	3.4286041516638806	58.949151829294536	58.96019337750526	58.96778673543613	59.165797705095976	3.7101301406117613	59.87755429999448	59.91126115902362	59.93580178627908	58.35717933084915	3.3931264129820136	58.875798922914086	58.91744571264796	58.936848051020775	59.21706131346228	3.71547520482815	59.94077102903494	59.96082300033386	59.97553271271585	58.3471284077245	3.38789864034968	58.85867398925894	58.9157291978712	58.93750662194324	58.485601623651995	3.5269675203871103	57.92784834175737	59.917313507787924	59.9631965123063	56.1466848145129	4.082251671649855	54.25554981915711	57.531539228656385	58.84969859497424
4980000	59.548143715828026	3.539840676220408	59.93439076241823	59.99113522795248	59.99971138170567	58.3699197292892	3.425142076162563	58.94926926336321	58.96072414430901	58.968726735636785	59.164981208310664	3.709953323553979	59.87735596550985	59.90937358287607	59.93340068870279	58.35741653965073	3.392438256202663	58.875798922914086	58.91766410041524	58.936848051020775	59.21618376709631	3.7152343899643188	59.93912647036992	59.95957235725748	59.973748960756105	58.34731320110815	3.387668041765506	58.85894322506941	58.9160016836621	58.93783896441879	58.48743053397005	3.5223440545383613	57.92995992721347	59.91501743748963	59.96245561932821	56.15022137876884	4.080419780028792	54.25554981915711	57.531539228656385	58.84813408210486
4990000	59.54961667492674	3.5382777553069618	59.93710790453844	59.991348323206594	59.999702127827064	58.37081264206599	3.4266838306713074	58.9519215379565	58.96110363034758	58.968004214283134	59.165072513226846	3.709954675438475	59.877113967884576	59.90964857552315	59.93645036958459	58.356853104338484	3.3910008013481865	58.87531473510404	58.91749803483497	58.93699766139688	59.217853049212025	3.7155118411162533	59.94063472296742	59.96139569293024	59.97564887032555	58.34660337849759	3.3873314111539163	58.860812216435676	58.916215776277134	58.93758916821625	58.48966135835265	3.5225474674436636	57.92857356791393	59.913014200888895	59.9641861526725	56.15361877951351	4.079176021169452	54.25554981915711	57.531539228656385	58.8497687252572
5000000	59.550326932760406	3.538714205185752	59.93900174191285	59.99288586181668	59.999782124246195	58.369294752776675	3.425883409616743	58.950237289506354	58.96114851026819	58.96795642747156	59.16420498498808	3.709804537742975	59.875545518180424	59.910484655690325	59.93507700635574	58.358481913692486	3.3908006432179127	58.875945805188586	58.917576655179516	58.936699351757596	59.215971629698075	3.7150861496702983	59.94109011837756	59.95990872564906	59.973395513987164	58.34762331906788	3.38767589370131	58.860812216435676	58.91605808711867	58.93799177681219	58.49301333134576	3.5227480641780247	57.926382878981165	59.922871563544575	59.96363585647181	56.15754854954848	4.077173093648144	54.25554981915711	57.56262468863048	58.84813408210486
5010000	59.549146778651945	3.5387734284210866	59.935936489277566	59.99061113865933	59.99957716740388	58.36992547359702	3.4274781538997745	58.95116510330558	58.960961944119255	58.96837248415718	59.16487049502209	3.709794642066028	59.8776837351429	59.90872314629183	59.9360624717203	58.35793554842861	3.39262485367001	58.87694057817055	58.91832100569796	58.93728706873038	59.217288249424264	3.7153315660325545	59.94097582931553	59.9612732594599	59.97510227457957	58.34741372799998	3.388235135408323	58.860992171819035	58.9162936524593	58.93799177681219	58.49416644956259	3.5229346943504023	57.92923143646031	59.91480131496391	59.96351164308071	56.16544359303291	4.072274374411796	54.25554981915711	57.5779050599283	58.85024796262827
5020000	59.546471975009695	3.5386403608038473	59.927057134731925	59.98986609959978	59.99969420011818	58.37032869255589	3.426959487145276	58.95031304753706	58.960377400154194	58.968264296006474	59.165985138383604	3.709973153704987	59.877331365780435	59.908998770943626	59.935060283186914	58.35827808127062	3.3915231579397607	58.87716777991022	58.918443735095664	58.93743404419887	59.21696146735433	3.7152157896668028	59.940700266190305	59.96047668325474	59.975051187766276	58.34784465066796	3.388015769223493	58.86164532266519	58.9165546506741	58.93812605266116	58.49544864272343	3.521511534295205	57.9250439972495	59.9125127026193	59.961009050263755	56.16966159778989	4.0714052792192925	54.25554981915711	57.5779050599283	58.851474867994824
5030000	59.543245698562515	3.538645870026667	59.92734869999845	59.99010477252305	59.99981573259434	58.369205152472624	3.426214460412639	58.949088857526654	58.96026911683167	58.96801255224315	59.164355957137595	3.7096406147675394	59.87535656070834	59.907816329643424	59.934351594706676	58.358658802469286	3.3919528122869114	58.87716777991022	58.91869342715469	58.93743404419887	59.21667870876201	3.7151400161455843	59.9407314820022	59.95849867899345	59.97474253444592	58.34842061630078	3.387764772337294	58.86164532266519	58.916654333958405	58.938231643665596	58.4976594713808	3.5212013290082687	57.92590143267055	59.91947136386813	59.9643722721693	56.1721847175005	4.070364513726867	54.25554981915711	57.5779050599283	58.85024796262827
5040000	59.550375661481446	3.539141464806243	59.94054829673762	59.99156922592856	59.999841615346035	58.36958302429991	3.4254406059409908	58.949959891430396	58.960521156584335	58.96807035567526	59.16313449037055	3.709417997105154	59.87376587521035	59.90813847249034	59.93340740059514	58.3584724936637	3.3915332018157267	58.87725547800737	58.918810833237785	58.93787201749968	59.21606956920888	3.715023696201164	59.9397009459478	59.960798430706625	59.97375854922811	58.34794762060146	3.3879369565213238	58.86294611326292	58.917240054838665	58.93826303798998	58.50141630426644	3.5199949372775987	57.92459344797854	59.924475994896234	59.96292886064184	56.17501057900208	4.068573340105435	54.25554981915711	57.5779050599283	58.8497687252572
5050000	59.553449220460706	3.538828541627135	59.943495190417025	59.992016640161964	59.999629758223634	58.36902441376246	3.427326128413732	58.95016875571329	58.960945315212996	58.9678838403466	59.165974842093036	3.7099606392667575	59.876527844543	59.90841466565304	59.93676923655829	58.35890582685394	3.3909675331965015	58.877371578759536	58.91918333555754	58.937943930171166	59.21751154819465	3.7153111195919104	59.94088197298139	59.9600553978935	59.97589940961113	58.34793404059237	3.388107953710452	58.86347365296588	58.91748186436416	58.938417311593994	58.50021532571616	3.520454338911729	57.9270983612967	59.9166671276778	59.96126781129624	56.17923642982216	4.066389647008474	54.267134580537395	57.5779050599283	58.8497687252572
5060000	59.55079800803897	3.538939829824976	59.93844185553123	59.99356143174331	59.99983481363203	58.36959095406364	3.426394300025912	58.95003608071381	58.960815500699816	58.96797010536893	59.1657684543147	3.7099071368837238	59.87479339719392	59.90825599026873	59.938564513044064	58.35958521710971	3.3912013475058154	58.87742790600413	58.91931071347283	58.937943930171166	59.21746625672164	3.7153353670738434	59.9411290494692	59.96187760162549	59.975158524141634	58.34899736546863	3.3877096438792496	58.86347365296588	58.91832806427361	58.9384472069855	58.50264520880142	3.519273125986804	57.93068857560401	59.917183892704045	59.963138009813065	56.18160086969243	4.065375941681418	54.267134580537395	57.5779050599283	58.85004662694249
5070000	59.54719088438991	3.5385843862313813	59.93045586059043	59.98924915170666	59.99967221006986	58.3699291465849	3.42774866861656	58.9504863068087	58.960984748921504	58.968421407026774	59.1652778804516	3.709661161051472	59.877456993391306	59.90770167631409	59.933974488745974	58.359364124868705	3.393067049004594	58.878127699165475	58.91945584236913	58.93778754407193	59.21677641058799	3.7151120592331623	59.94055335420209	59.95966805117339	59.97424817803614	58.3485630983255	3.3885491002711974	58.86347365296588	58.91882722920596	58.938498986695706	58.5044682341191	3.518820924174854	57.931299192399564	59.9139823367339	59.962860354088065	56.18514530525138	4.062763773554582	54.27045721851651	57.5779050599283	58.848888451763614
5080000	59.54784423499911	3.5392838033754126	59.93337563512213	59.99117088728606	59.99960775308435	58.36993038781183	3.4263278100292887	58.949533625128936	58.960560345167025	58.968359406485796	59.16189795717833	3.7089570008124655	59.871755343806996	59.9059832765533	59.93430025673676	58.35974284977042	3.3929941406756936	58.87847899080934	58.91945584236913	58.93792854831166	59.21529056487319	3.714760431068828	59.93908049891394	59.95762957219863	59.972624733292776	58.3491823643106	3.387559243454136	58.86347365296588	58.91892555349541	58.93866908763332	58.504276774108185	3.517056311578379	57.92495390001151	59.91610782034459	59.96290196262261	56.187251652736926	4.060937252185722	54.27045721851651	57.586072187962856	58.84779170295954
5090000	59.54657293403074	3.538994189325224	59.92905697042353	59.988375720168634	59.99959951533184	58.370034392156825	3.4253154066492066	58.94907677832875	58.95964287773252	58.96776254115788	59.16345226791025	3.7091771909386044	59.875658632647315	59.906097667851135	59.93410809461106	58.360340706619596	3.3912546237140146	58.87799743679525	58.91950774323339	58.937943930171166	59.2151066286235	3.7147812476345545	59.93893873891479	59.95876966174609	59.97511705199469	58.35003960596736	3.387660623399019	58.86347365296588	58.91896393096719	58.93887592344099	58.50995734140493	3.5176109332042125	57.926623404500276	59.92055682037661	59.963695326727986	56.19065051679934	4.060362381017997	54.27045721851651	57.586072187962856	58.8497687252572
5100000	59.54983498719013	3.5391863559836065	59.938091643166544	59.990780222160225	59.999615876489514	58.370013904157474	3.4258000167101588	58.948926260181274	58.9597820424616	58.96834206170639	59.16487974240035	3.7094226710906146	59.875961137576695	59.90753876912271	59.93642407858834	58.360770518341255	3.390630978320503	58.879590484947244	58.919636170489234	58.93800743199162	59.21749416323029	3.7151725864067955	59.94155606983432	59.961690507399624	59.97486553316383	58.35088877359132	3.387056107605692	58.86353792372542	58.91906220571216	58.938934129659415	58.510417602418215	3.5155400013091764	57.92729754642663	59.91742218934704	59.96280859788263	56.19527960776582	4.059236215883872	54.32701622973832	57.586072187962856	58.85577953205778
5110000	59.55060269382227	3.5389813020679193	59.93662980783431	59.99233465091067	59.99968566380844	58.371059578429076	3.427078641779696	58.94990443552868	58.960973543384966	58.96842175924779	59.16535450081552	3.709452610233454	59.87892191587651	59.91001211486416	59.93474694470369	58.361155365791426	3.3923240202598075	58.87983106427551	58.919712421774236	58.93800743199162	59.21847842057789	3.7152733589837124	59.94232232964437	59.96171748837164	59.97508613309304	58.3507376461437	3.3877705008497707	58.86347365296588	58.91918375746022	58.93895496054597	58.51463282874958	3.5163511757415415	57.92793555152913	59.92008831838403	59.96314876579497	56.19794141305721	4.056463201850027	54.32701622973832	57.586072187962856	58.848888451763614
5120000	59.54864494625655	3.539613974963722	59.93709299459641	59.99065153321489	59.999726635256266	58.3694725193113	3.4260749690095516	58.94946000651805	58.960101642622746	58.96777345047324	59.16437198390606	3.709258514276441	59.87505947952336	59.908833788951725	59.93472218264205	58.36158609722425	3.393628211801988	58.879590484947244	58.91977120237366	58.93833429431646	59.21662448088046	3.714890150649756	59.93990761171155	59.95958379586459	59.97331640487337	58.35144229558888	3.3884845406565733	58.86347365296588	58.91924711483957	58.93904581086372	58.51480706229373	3.5151439492648735	57.92853910258746	59.91787775372283	59.96344112549653	56.2012851755977	4.055208172675855	54.34744062564301	57.586072187962856	58.85109246688217
5130000	59.55137999302715	3.539666693799145	59.94647019252462	59.99272373958735	59.999744587548044	58.37034455223054	3.4258591931795177	58.949316297614274	58.96058359656228	58.96822811171498	59.165329226388714	3.709379124956491	59.87538049541417	59.90942855032588	59.93444814406181	58.3615828363166	3.391091635120668	58.88010712289461	58.919747908458106	58.93840798958104	59.216148539291176	3.7147905589611008	59.938792019343154	59.96064888737571	59.97401795688384	58.35134610553437	3.38817966759236	58.86353792372542	58.919396490718924	58.93904581086372	58.51666831541826	3.5143244029312446	57.93194164963447	59.92016076469237	59.96263689439545	56.20499442338365	4.054060603160987	54.34744062564301	57.602214405175914	58.85109246688217
5140000	59.54855571622422	3.5391044146694592	59.93363271803472	59.99142230144251	59.99977839174288	58.36970113641071	3.4276251352582805	58.949667021339344	58.96074773159851	58.96848808484273	59.16589938874893	3.7094777003002606	59.87767773605554	59.90915475593887	59.937705210153126	58.36127592557604	3.3933834926877195	58.8802339094456	58.91977120237366	58.938480211600464	59.217625747598206	3.714935294145659	59.94177613883419	59.961327939546834	59.97591619889531	58.3511552531985	3.3886869019245727	58.86353792372542	58.919573779072834	58.93911051086701	58.519198771573926	3.513576464967967	57.92880718050084	59.91890041333563	59.963488259571875	56.20952861530298	4.0530041082026385	54.34744062564301	57.602214405175914	58.85480464761973
5150000	59.54962931219313	3.5393189314473754	59.934199927943176	59.992989952515586	59.99984051902369	58.370296175483084	3.426768397082377	58.95099536534891	58.960945542374176	58.96851946500299	59.16730490607463	3.709741124339063	59.87887615282527	59.90979223291106	59.93707547642194	58.36157697490156	3.3928735705362176	58.88010712289461	58.92006424975045	58.93840798958104	59.21765862786401	3.714902288407428	59.9435196782828	59.961646521651105	59.975326984743866	58.35138347922964	3.388110492325532	58.86353792372542	58.919573779072834	58.93918327973813	58.52228898647745	3.5119242492663236	57.930123247055775	59.91689810596486	59.96186071361641	56.21277122774531	4.051746796324936	54.34957418786942	57.602214405175914	58.85109246688217
5160000	59.548952374829305	3.539276205903972	59.93648131160333	59.99082845573583	59.999687181263816	58.36946504681792	3.42788458094825	58.95083850899172	58.96067065157651	58.96815623252793	59.166518604873964	3.709429971129349	59.876509510838964	59.908708712510006	59.9353363208671	58.36076867706548	3.3933266672472056	58.8804138502316	58.920513878100806	58.93861294022274	59.21687140428207	3.7147945914393055	59.93867179620223	59.960437043529225	59.97505291863645	58.3509198296364	3.3892446373084737	58.86561420287498	58.91962480815151	58.93918327973813	58.524514582298785	3.512897775007271	57.93156007486749	59.91965932522871	59.96216012494139	56.212800980274636	4.051002569418787	54.34957418786942	57.602214405175914	58.84576979211046
5170000	59.544137086405456	3.5392234047111515	59.924237943908906	59.99010656484835	59.99968139559622	58.36922976061256	3.426645145662628	58.94894248715429	58.96017352639346	58.96855446904109	59.165787909964095	3.709273240303592	59.8750511338529	59.90932674978293	59.93381488786544	58.36311367669795	3.3918110199878915	58.8802339094456	58.9207941044839	58.93916302032792	59.21552248759108	3.714550469884816	59.93975609715197	59.95961227200675	59.97529686012543	58.353037996082385	3.38814207741566	58.86561420287498	58.919742446008236	58.939254796278014	58.52739824149385	3.512623257118217	57.92742013417089	59.92113487258003	59.96353201472762	56.217051159081045	4.048402510324672	54.39505043304249	57.602214405175914	58.85480464761973
5180000	59.55194193773057	3.5395357615329877	59.935202341862215	59.99130908017078	59.99974648978039	58.36901068733646	3.425680915333676	58.94780891728006	58.95978077017717	58.967406415014736	59.16632458520254	3.7093592432643696	59.87674846086501	59.90777887100923	59.93497629107202	58.36185988836409	3.3924576264564466	58.8802339094456	58.92073825732848	58.93914452928087	59.215531553185805	3.7145053457750055	59.939483889864796	59.959854603082306	59.974239931864396	58.35173237920665	3.3888693593061485	58.86561420287498	58.919742446008236	58.939557177797596	58.529251968827225	3.5105969515861295	57.93101548914463	59.91847144926515	59.96346391710924	56.21933610789601	4.04623749869982	54.41337005722602	57.602214405175914	58.84982508510397
5190000	59.54803047133041	3.539000307616941	59.930886110861096	59.99061400655994	59.99982097202921	58.36884867772496	3.426055173240254	58.94876579518943	58.96006593614181	58.9671332844068	59.16473287892465	3.7090401221464635	59.874191541265986	59.90737711013091	59.93361223295157	58.36361369238268	3.391549877068667	58.8804138502316	58.92086266356064	58.93923400222194	59.216750008659254	3.714629128533322	59.939765989825304	59.960586966752736	59.974333704498534	58.35331770655904	3.387817208712963	58.866505144072114	58.919866394594834	58.93968849113601	58.53253215293633	3.510885362857729	57.9310462922312	59.921060896042604	59.962307583807245	56.22300950060196	4.044294282294432	54.41337005722602	57.602214405175914	58.84982508510397
5200000	59.548256298756876	3.5393198182122427	59.93746717199156	59.990441877255364	59.99966188906565	58.369257136532646	3.4259280788977855	58.94976587552557	58.95923349672674	58.966884573995486	59.16364405486772	3.7088317814777074	59.871213815948565	59.908272889921804	59.93269544684421	58.362487488104925	3.3934966407740443	58.8804138502316	58.92086266356064	58.93922752030163	59.215281818577054	3.714354665471568	59.93845249475939	59.95772062150728	59.97329148323983	58.352438937381585	3.388681387266929	58.86688612600008	58.92016208945321	58.9396973418507	58.53385061244452	3.5097911347395043	57.92976630313734	59.92396563056269	59.96254016133742	56.223526297498836	4.043512817485834	54.41337005722602	57.602214405175914	58.84779170295954
5210000	59.54605470743774	3.5392322869289816	59.92634182568834	59.99219867950916	59.999801271260395	58.36907115493642	3.4260015617661033	58.94959064064467	58.96022842597995	58.967986303987416	59.16816349608422	3.709673618452051	59.875025289407375	59.91184706170179	59.93654518313256	58.36292353224286	3.3923390664765614	58.8804138502316	58.92086266356064	58.93922752030163	59.21768440524595	3.714836118835443	59.9404059980143	59.961911184522	59.97547648305288	58.35311835602681	3.388161095656293	58.86698637489228	58.92036412898857	58.9396973418507	58.53785796783598	3.5101787946421688	57.933564346779534	59.924708052903576	59.9643592744066	56.22727286607953	4.042954905831908	54.42953711187045	57.602214405175914	58.85109246688217
5220000	59.555309976727905	3.539909035405081	59.94902281509542	59.99310549986233	59.99981948462131	58.36896907118802	3.425539685948106	58.94899309304819	58.96034285668242	58.96814632357483	59.167177062672074	3.7093296570724403	59.87493800764603	59.90843809254032	59.934530795327674	58.363262189507566	3.3916746397273587	58.8804686063698	58.92095601901778	58.93922752030163	59.21682818793577	3.7145645726212453	59.93891246569104	59.95954124235	59.974668291867395	58.35317650165756	3.3884789617196556	58.86698637489228	58.92036412898857	58.93984302570401	58.54237563469773	3.5074937497979173	57.93089651740587	59.91827407327082	59.964081900985214	56.228725400267024	4.041559441834224	54.44588837017835	57.602214405175914	58.848888451763614
5230000	59.54529962850161	3.53899525575986	59.92868768024539	59.988488881453584	59.99942900382516	58.36785654450327	3.4270632107935457	58.948768597176915	58.959827469568765	58.96765378452952	59.16540664671234	3.708924335978377	59.87473859822363	59.90676774210948	59.930704681282286	58.36315743289451	3.392768897220621	58.880678270786774	58.92125419091278	58.93936257037047	59.21592262676678	3.7143251499181664	59.93877306540882	59.95893259489566	59.973489590800625	58.352891354828714	3.3888854138415168	58.86786467503977	58.92036412898857	58.93992403739819	58.54368587677491	3.5077452126204096	57.93260998113594	59.92376382517183	59.96158975709306	56.23253695347274	4.04061264779936	54.44588837017835	57.602214405175914	58.85109246688217
5240000	59.54766836782477	3.5394897415806206	59.9386832203137	59.992604662697346	59.99980919121725	58.36911249483232	3.4267383721216276	58.948851821913124	58.9599288105376	58.96660297496202	59.167985502740024	3.709394065528979	59.87777148950364	59.91004538624288	59.93385493321437	58.36395017273539	3.392377893672005	58.880678270786774	58.92155889052714	58.93961546822787	59.2182017573568	3.714857981637036	59.94139548967904	59.961442792104776	59.974963319919084	58.35408945153975	3.388593129082701	58.86955659408906	58.92058928679907	58.94052425753743	58.54744234384256	3.5064276635348075	57.93131239267174	59.92102528450049	59.96248955240561	56.2360647647949	4.04025529545369	54.44588837017835	57.61463334974955	58.85109246688217
5250000	59.545288040177525	3.539262581028261	59.933228861026834	59.9902531460363	59.99968485657466	58.36931093934611	3.4266457031924444	58.95009225417513	58.96049051664195	58.96884033084466	59.16671123349636	3.7091573478085627	59.87324093402382	59.90921201941009	59.9367376710929	58.363372157764275	3.3915252454093903	58.88050972183035	58.92140877734451	58.939468412980766	59.217196287045894	3.7146326080443726	59.94105524349227	59.960294406189874	59.97494676285909	58.35376123110596	3.3884191294278625	58.86955659408906	58.92060363043393	58.94052425753743	58.549844788888386	3.5037080696672622	57.934931915556845	59.91649018359055	59.960678986936294	56.23788966577557	4.038989557350869	54.44588837017835	57.62202616444452	58.849723702551984
5260000	59.550031526387464	3.5394199294458963	59.9434491723411	59.992976402945956	59.99982422379359	58.36943257724601	3.4267217725334778	58.94995844825496	58.96051825609011	58.968175545008314	59.1681041849521	3.709362254716707	59.8761133290421	59.910265060714934	59.93758712720408	58.36404474662325	3.3927593158008804	58.88116014157305	58.92190760701711	58.939837178929196	59.21779285954269	3.7147366036543814	59.94150893001185	59.961032535491825	59.97534192368245	58.354515570867505	3.388957076595644	58.870147003589565	58.92069391027515	58.940698649006194	58.55559957281705	3.5050137396835996	57.93275207359904	59.926317458437715	59.96339794678329	56.24079871593956	4.037717662213882	54.44588837017835	57.63644410207608	58.849723702551984
5270000	59.54780450697966	3.5394353113506245	59.93412440242167	59.99218122938605	59.999761606319964	58.369884299929076	3.4274583442941045	58.949915243574026	58.9608810699378	58.968045911694226	59.16824326504908	3.709183295286376	59.87831333142585	59.909398363559475	59.93356855561468	58.36431503889853	3.393026690808846	58.88116014157305	58.92172576861199	58.939837178929196	59.216535467235325	3.7144130836638345	59.9406125634086	59.96012295207806	59.97391999557653	58.354951518922704	3.388758430042519	58.87054798932515	58.92082673735187	58.94052715746113	58.56000525327562	3.504961941377725	57.93371216944993	59.927641394983354	59.96369209061011	56.24261937269731	4.035315947771013	54.44588837017835	57.63644410207608	58.84779170295954
5280000	59.54959285368867	3.5395855262960034	59.939625882824934	59.991877146891355	59.99964082777264	58.36989193285806	3.427848869882863	58.95035507078151	58.96018236635457	58.967281160664314	59.166685965680486	3.7087711133067804	59.87555313263406	59.907352440526395	59.93224138696559	58.36480508806618	3.3926053546863084	58.88214567204674	58.92190760701711	58.939837178929196	59.21551814534943	3.7141987992338956	59.93848414143921	59.95932027111446	59.97358043809615	58.35549978287551	3.388383504725048	58.871878546528706	58.92097433626833	58.94052715746113	58.56118532344147	3.5049188655199814	57.932156171195345	59.928488459632916	59.964292703635266	56.24620554413294	4.033448043712844	54.47010174824121	57.63644410207608	58.849723702551984
5290000	59.541582292570745	3.539304923878951	59.92028688588876	59.98843407579113	59.999561712963114	58.369262988277235	3.427187339343206	58.94950287267747	58.9602859371618	58.96770194922283	59.16544220746249	3.7085341548650574	59.87335911833292	59.90710240472802	59.93341090589988	58.36375670955608	3.393269070759001	58.88272852963129	58.92225342440957	58.93986697285495	59.216057995599144	3.7141965768124723	59.93733600968204	59.95897546855349	59.974956877648715	58.35452091075245	3.3898653105909546	58.87260381786075	58.92121560249056	58.94052715746113	58.560991356422406	3.5021359752696264	57.9300173370185	59.92272204939853	59.964032560939366	56.24848117091377	4.032213975972287	54.47010174824121	57.65462763879273	58.849723702551984
5300000	59.55516906218864	3.5404477911836554	59.94285736101632	59.99403409969727	59.9997451832453	58.36915358837713	3.426913124533009	58.94881610556211	58.96035585676909	58.96861507650427	59.16737642094	3.7083766110979317	59.87650119602864	59.90951978268987	59.934663653193304	58.36545473704375	3.391678513343462	58.88272852963129	58.92223945838358	58.93986697285495	59.21696276311699	3.714393136641831	59.940993103291895	59.96011487669516	59.97451309575724	58.355876091720745	3.3881239946297574	58.872795396889096	58.92136225268629	58.94099390950818	58.56687240240982	3.503010930105072	57.9331157873575	59.930877536679446	59.96492954086378	56.25167484995226	4.030172645995589	54.491677964800644	57.65462763879273	58.849723702551984
5310000	59.54944247938708	3.539631372328698	59.93477264567181	59.99216395651338	59.99979406735592	58.36999617154079	3.4265735139882727	58.9500524053048	58.96096078986274	58.96788208585276	59.169118571970806	3.7087062289704327	59.87740229169546	59.91065893825194	59.936306296021876	58.36518393097567	3.3919238826055853	58.88391473299178	58.92259742385093	58.9400790369795	59.218680296881594	3.714667662677378	59.9432989512967	59.96122349608868	59.97572820993614	58.35597791822459	3.3884327251347433	58.872795396889096	58.921471995017676	58.941086654820886	58.56624242985115	3.501391557191488	57.93295893825058	59.927065147791296	59.96333884240222	56.25285054462302	4.029867263213163	54.491677964800644	57.65462763879273	58.848888451763614
5320000	59.54806898166538	3.5396422100144243	59.9357114573736	59.990802832883205	59.999675171104855	58.36891516693083	3.428080510226903	58.94983725433875	58.96026108885964	58.967749828694735	59.168438231265185	3.7084832422717753	59.87367078619246	59.9080199367544	59.93733051808463	58.365405352679744	3.3937313515275145	58.88429112653827	58.92259742385093	58.94010798339414	59.21692590631497	3.7143214534025906	59.939918032078886	59.960833385810574	59.97462816289291	58.35625617286777	3.3895619588695234	58.872795396889096	58.921471995017676	58.94109867711717	58.57045466763098	3.4999351515686024	57.93137329232631	59.926815269412145	59.96322565706695	56.2542120789594	4.029459672452732	54.491677964800644	57.66957253043584	58.84576979211046
5330000	59.548321042972354	3.539813421537936	59.92882367642203	59.9925006069101	59.99973301965641	58.37063163509009	3.4267578140002897	58.9501673388717	58.96087800491819	58.96812039905804	59.1680111518111	3.7082952928539097	59.87350680668905	59.908585235231314	59.93305670917887	58.3662694258907	3.3910982315661826	58.88359374206154	58.92259742385093	58.9400790369795	59.217485447213505	3.714427634833391	59.941341151042394	59.96063849202609	59.97497569972606	58.35727993269881	3.3883074900135983	58.87256854423965	58.92169361359028	58.94133110122949	58.573102048227284	3.498360910832035	57.93468273312606	59.92905810945567	59.96269883172925	56.257929793744516	4.028170589822669	54.497647808056726	57.66957253043584	58.849723702551984
5340000	59.546482440591575	3.539581571624861	59.92830283013393	59.98982600225918	59.99970420905642	58.370374581276494	3.426725949726775	58.95049250182468	58.96010038998395	58.96742422762971	59.16906189949823	3.7084332183600472	59.875613666461874	59.90940293613839	59.93549433201675	58.36623593737061	3.39307725320875	58.88441116495849	58.9229230839932	58.94020014742645	59.217629379097474	3.7144477498334934	59.941054212585655	59.959935020962845	59.97458497539023	58.357279705789914	3.388541707331566	58.87256854423965	58.92172672976862	58.94133110122949	58.57546110555687	3.4981500290384377	57.933270696189396	59.929098231798946	59.963028189951046	56.26377788052439	4.023711846550961	54.50940681767794	57.66957253043584	58.849723702551984
5350000	59.54821777952474	3.539885724085536	59.93668664499595	59.99113115674864	59.999742706828016	58.37051463339848	3.4266373458862818	58.950264805959335	58.96066077930922	58.967776032785196	59.168486685480275	3.7083130405146605	59.874245514918435	59.909270828761784	59.93565928848512	58.366362778753846	3.393044039561937	58.88363146443661	58.9229230839932	58.940110829227876	59.21646843992519	3.714189244824057	59.938551617123466	59.96046399934457	59.97485880418276	58.35768429930525	3.388578393032743	58.87256854423965	58.92180426350606	58.94144444520968	58.57940785819878	3.4972142419249987	57.932045808363554	59.928164393445286	59.964012587938775	56.267291926353025	4.021237816877363	54.50940681767794	57.66957253043584	58.848888451763614
5360000	59.54790895162445	3.5398461924863502	59.930108968716546	59.98986510785734	59.9997308796559	58.37032948719098	3.426141678602614	58.950699018077415	58.96091140919532	58.96773152880301	59.1692496389733	3.707831290442333	59.87754639987337	59.90820158458767	59.935843234136	58.36605489453753	3.392769781483383	58.884480067108626	58.92332856551192	58.94020014742645	59.2180501156062	3.714426228263942	59.9410718458865	59.96177543817754	59.9753178507147	58.357179092410654	3.389244567613685	58.87256854423965	58.92185393629688	58.94147824065901	58.58218313281844	3.495353348800671	57.93263434340211	59.930184489446866	59.96458136328005	56.26896543566329	4.020097161373783	54.50940681767794	57.66957253043584	58.84410779058667
5370000	59.546157201464126	3.539804096028384	59.932803087789196	59.991807519757415	59.9996189373463	58.37010370868904	3.4251378651670477	58.95066816441583	58.96066906138015	58.96782030085306	59.16717063940827	3.707024211402581	59.87501645430976	59.904655808555525	59.93276940481646	58.366103743956955	3.392558320397474	58.88441116495849	58.92316212198652	58.94020014742645	59.21542851645163	3.7139958937222204	59.93872911925335	59.95858040377652	59.97250159516274	58.357440253148646	3.389025610104546	58.872795396889096	58.92191648982423	58.94175525306654	58.5859581924342	3.4936199896591633	57.93151137300865	59.92681796586378	59.96380869563641	56.270743431231196	4.019789512789762	54.50940681767794	57.66957253043584	58.84576979211046
5380000	59.55034286449118	3.539997207387863	59.94246537728405	59.99296380724783	59.99981106359473	58.36985814440639	3.427890672902948	58.95044809056209	58.960795461570626	58.96772818619564	59.16898510481745	3.707396794411162	59.8769309275805	59.906438276354656	59.93327565253026	58.36625929208413	3.392683457149552	58.88441116495849	58.923410220148455	58.94095092437077	59.217123790212405	3.7142394495116733	59.940776836630626	59.9592434639403	59.973772665419624	58.35744338393114	3.388792065791552	58.872795396889096	58.92217142442318	58.94205539400157	58.5878949957836	3.4968643344012307	57.93259717748763	59.92935217647546	59.962590350098694	56.27261860400571	4.01633790195615	54.50940681767794	57.67943956296451	58.84239665540416
5390000	59.547863854488256	3.539327185483443	59.93379620766703	59.99079437273882	59.999725807441486	58.36948902701459	3.427005411708497	58.95055281844971	58.96030994045803	58.968002853308036	59.16616690434889	3.7068346151734652	59.8730263978477	59.90482795978265	59.93385577236866	58.3667922205942	3.392649817177981	58.88591879023069	58.923721933317594	58.94095092437077	59.21640450406792	3.714095712517951	59.93704523619723	59.95878133429382	59.9738876352353	58.35759062480272	3.3889857329868778	58.872795396889096	58.92217142442318	58.942053639932745	58.5911150292407	3.4946975597523195	57.934758122737954	59.926679265131725	59.963405324480846	56.27764465937724	4.0138174025337605	54.50940681767794	57.67943956296451	58.844770423374264
5400000	59.55003849039873	3.539548390432888	59.934468241465325	59.99070474380669	59.99965646871328	58.370501543202636	3.4262009944604936	58.949652293786755	58.96000924055823	58.96813149027027	59.16802091747714	3.7071693431020663	59.875051215421806	59.90700208251987	59.93475436025814	58.368079668530555	3.3922747561307727	58.887258634295776	58.924254246145814	58.94112548350894	59.216799196911516	3.714196372450881	59.93980394940314	59.9596979501375	59.97397677326926	58.358627236946106	3.3885156188293237	58.873073310302644	58.922696781939706	58.9421109481417	58.593900280033566	3.494315374062643	57.937393492004176	59.92820609326391	59.96249623912699	56.28032698855503	4.012723862784833	54.50940681767794	57.67943956296451	58.844770423374264
5410000	59.549587364545296	3.5394462191667833	59.942977987576676	59.99357543805638	59.99984142001297	58.36932933881255	3.4275454139696	58.94861962099813	58.96045638604569	58.96799896432641	59.16908189598883	3.7073607103350987	59.87398020225301	59.906623681269735	59.93594682393074	58.36796881736734	3.3918134829977	58.8852054715886	58.92410794112817	58.9411825279706	59.21677833773969	3.714157279158817	59.937588116385335	59.960618032979994	59.97603179307863	58.358632776815526	3.3881161314852113	58.87399383704358	58.92273360930133	58.94233651294366	58.59609849055137	3.4950554953808037	57.934451285550864	59.92714722803167	59.96439507797663	56.284845708892846	4.011805752298441	54.525809383342434	57.67943956296451	58.84410779058667
5420000	59.545779285575705	3.5392853025470847	59.936804965166814	59.992399286337736	59.99968872572107	58.368344747425986	3.426346690152588	58.948548254415996	58.960168981685925	58.96744542131009	59.16564355189847	3.70672335178079	59.87167818294874	59.90349110523684	59.930422489353056	58.367963968963224	3.3924946395065203	58.88591879023069	58.92419484184964	58.94121987908862	59.216618164549175	3.7140475676674316	59.94020146239966	59.959869095539986	59.97333671257998	58.35873172124975	3.3890767263491126	58.87399383704358	58.92280155938889	58.94244829088524	58.60059208826398	3.4944333621867205	57.93591571418274	59.93251830767612	59.96401801756303	56.28766462305148	4.009854467461579	54.539854173219595	57.67943956296451	58.848888451763614
5430000	59.55012178398938	3.5393154294319107	59.9361595583112	59.99221923132439	59.999792075802155	58.368446635719	3.4276126612283355	58.94893753849822	58.95968182179441	58.96755003201567	59.16848276052237	3.7069808789723346	59.87342106897172	59.90779117011408	59.93229977357613	58.36794868140262	3.392840202047708	58.8858550281611	58.924254246145814	58.9411825279706	59.2164174055483	3.7140161738640316	59.93939372495101	59.959819249240404	59.97494824770164	58.35898828509854	3.3886498567206655	58.87399383704358	58.92293350345784	58.942522983027565	58.60199080123106	3.493432234011813	57.93587658648009	59.931274119196594	59.96286400781283	56.28874887793826	4.009062239474239	54.539854173219595	57.683979153504694	58.844770423374264
5440000	59.551084336716656	3.5377891332592184	59.939159169363684	59.9932300508441	59.99973442382678	58.36964811686912	3.4269555104135514	58.9503223137356	58.960281248141044	58.96776245546285	59.17039382600413	3.707281687546692	59.874815801712074	59.90800983123519	59.93432946655162	58.366755411641	3.393215903970339	58.8866466170152	58.92410794112817	58.94121987908862	59.218133365654644	3.7143587246053045	59.94183252568476	59.96166234126616	59.975581497197	58.35837110728799	3.389246816168059	58.87399383704358	58.92293350345784	58.94269108726021	58.604331613897266	3.492132454997536	57.93564070916524	59.92894153894427	59.96391098084099	56.292166109457725	4.008087672265393	54.539854173219595	57.683979153504694	58.844770423374264
5450000	59.54761552808006	3.538379566235965	59.935429994862695	59.99106495902676	59.99972492185407	58.370085623356886	3.426958114603483	58.95069138890713	58.96120854094615	58.96878240833231	59.17108264948284	3.7073807487484722	59.87744984239808	59.90865039768735	59.93560729825001	58.36802481220441	3.3923319432847365	58.8873230393126	58.92431668514179	58.941324376678075	59.218754503702016	3.7144544462945452	59.943916546775625	59.95999103170206	59.97493178964088	58.35899833843379	3.3889143414942535	58.87399383704358	58.92299965734063	58.94273199566471	58.60799486905529	3.490337861402471	57.936484319565295	59.927327973527596	59.96428788838838	56.29508204799675	4.005502579280439	54.542108247481366	57.683979153504694	58.84410779058667
5460000	59.54891707352018	3.5386402391313005	59.93704297078688	59.99251579011137	59.99973243226275	58.36994256399676	3.4256821221702642	58.95031738777742	58.96062245556746	58.96830891887337	59.17128379243172	3.707322382149778	59.87448124640467	59.90935174492367	59.93558921959572	58.36842537593659	3.391681654319345	58.8873230393126	58.92427204742774	58.9411825279706	59.217484758939094	3.7142192413412234	59.94226736401937	59.96045708151814	59.97460698183759	58.359282606189566	3.3890523671797377	58.87399383704358	58.92299965734063	58.94282157557773	58.61042096746955	3.4889370620884814	57.93269356646267	59.934067453932684	59.963550682626234	56.29857306297787	4.00495054844134	54.5532890396765	57.683979153504694	58.84410779058667
5470000	59.54778186821955	3.53858884856105	59.934179434325884	59.98993987788295	59.99971050690493	58.36950624947227	3.4276894349847824	58.949313501079615	58.960924321454485	58.968718957249685	59.17080710229819	3.7072166182164756	59.87724662729893	59.90796825968293	59.93349280552268	58.36761002977216	3.3922887999444145	58.887258634295776	58.92450573233535	58.941324376678075	59.21704808558335	3.7141057004016993	59.93979759111947	59.960280586187054	59.97590784632183	58.35887578024652	3.389188056928281	58.87457542914516	58.9230609612067	58.94291341138382	58.612651832516406	3.490832498563534	57.93383636619809	59.93137956810372	59.96407133472287	56.300851242862414	4.0045148147050345	54.5532890396765	57.68541795536543	58.84410779058667
5480000	59.55288404056289	3.53894026049939	59.945446261661544	59.992665828525496	59.99968240940624	58.36983627090994	3.427212407541252	58.94940317739066	58.960370696004716	58.968261955675914	59.17160414895771	3.7073584554392234	59.87642232992465	59.90788505346386	59.93464591980301	58.36917033693911	3.391704712874619	58.8873230393126	58.924616813826745	58.941440544358464	59.216952287929274	3.714121941304001	59.94022790860829	59.96087874464532	59.974382469455	58.36090301640054	3.388354407465889	58.87518254495628	58.9230609612067	58.94298214754822	58.61517696829667	3.4902715966260147	57.93550321197146	59.93095855738291	59.962711948415084	56.30268359550848	4.002334371748348	54.561395755146386	57.68541795536543	58.842395571391805
5490000	59.54779103566904	3.53910384189335	59.931081909800476	59.98983832715875	59.999594626005724	58.36992941860079	3.428601566715224	58.949561911155676	58.96058754134351	58.96807247862752	59.16890866272194	3.7068395376094543	59.87257835481107	59.90499209695962	59.93510543285833	58.36810673806357	3.3939430369020336	58.888863753648955	58.92490946980508	58.94198325725509	59.21614322016033	3.7139596827929036	59.93739439439901	59.959098341125575	59.97485014115604	58.35972111776239	3.389844231601894	58.87518254495628	58.92311831432512	58.94298214754822	58.61801136103216	3.4899105477458052	57.93427863834807	59.93080724468607	59.96380298341121	56.305245549667596	4.001943835858329	54.58317072711115	57.68541795536543	58.842395571391805
5500000	59.551297414105015	3.540183331051575	59.94275082129905	59.991952811016546	59.99977363834178	58.3689298620309	3.4273131009196085	58.948144927260884	58.96022356759582	58.96786495542234	59.16978053709337	3.7069173295027027	59.87370533287618	59.90809649157987	59.933968274962325	58.36856319002697	3.3944266061645587	58.88839324722927	58.92490946980508	58.9417644765732	59.21577400428873	3.7138291656365943	59.940559816728154	59.95922069587236	59.97371338520858	58.360899929411644	3.390143053757538	58.87518254495628	58.92311831432512	58.94306187001456	58.622617793974186	3.488521231447328	57.93414671007529	59.93414777074169	59.96461767109647	56.30693429733609	4.000849629726327	54.5943705354337	57.68541795536543	58.842395571391805
5510000	59.54580281334521	3.5395761499567566	59.93281938897382	59.99035446236741	59.999719828470504	58.36982119744421	3.4258994298999994	58.949698218161664	58.96042443286484	58.96789723688574	59.17201843127519	3.7072365126922184	59.876704361816586	59.90924891074844	59.933652891968336	58.36868679449803	3.3930935041162327	58.88975629749221	58.92527044428382	58.9417644765732	59.217542025909374	3.714097358176118	59.93944097836665	59.96000191710454	59.974426595363326	58.36059208784023	3.389186879034236	58.87639591574883	58.923306679901486	58.94314022980676	58.623484645883714	3.4852445762254107	57.93601261967437	59.935393675238245	59.96499433025114	56.31049203504337	3.9980711463822924	54.597081878745904	57.704044296815155	58.842395571391805
5520000	59.54811598248931	3.5395880418391563	59.92927925075445	59.990852455430314	59.99968439769594	58.36973910976769	3.426993632766886	58.948997766565945	58.960532110481054	58.96835585527828	59.17139712492525	3.707097805052771	59.875265294830236	59.91031422854648	59.93578857744019	58.36929321118099	3.392684636593535	58.88975629749221	58.92529461006589	58.94171769637973	59.218502305935104	3.7142542219427654	59.941969526188885	59.9599255001403	59.974835305437125	58.36075333780112	3.389073158406425	58.87723058903731	58.923306679901486	58.94317610488218	58.625137673110416	3.486797419026109	57.9371849490691	59.93247516765521	59.96426348771982	56.315376346376816	3.993347517699338	54.62141111041842	57.704044296815155	58.841318235490654
5530000	59.55112532525243	3.5399535567583498	59.933074726937285	59.993727677834	59.99980726994193	58.37063183380352	3.4271319069973565	58.95062818788826	58.96122942506858	58.96826628502923	59.17327382360781	3.7073951479752663	59.87855460617895	59.91017639798931	59.93715374596027	58.36987093065467	3.3922612274760864	58.88975629749221	58.925340660459455	58.9417644765732	59.21935387042009	3.7144445943053634	59.94387400239435	59.96204559407491	59.97502904477951	58.36151648421758	3.3887377649827637	58.87786775760441	58.923541841364354	58.943220194528195	58.629019130075	3.485388433825865	57.94016602389241	59.93215994427953	59.96464744579384	56.31847391294826	3.9929203128336486	54.64721724538881	57.70958095719614	58.84177965258758
5540000	59.551496265833286	3.539684644837322	59.93793954137469	59.991258156220745	59.99972972025348	58.37005408538215	3.4263762273126654	58.95016159296397	58.96145497176952	58.96848645760732	59.17237927386055	3.7070453632868716	59.87761058813542	59.909552288643816	59.93483227218468	58.36989466864465	3.392860260421367	58.88948644988275	58.92552297195957	58.94183514318211	59.21748929961163	3.7140666140082796	59.9411121273987	59.959634587859625	59.97452515869577	58.36087823664152	3.3892228609935233	58.87812419441006	58.92411585892256	58.943306585623475	58.63069070140439	3.483669171908681	57.93956719569227	59.930732407196146	59.96427247487195	56.32177115526713	3.9908322074526463	54.671662197926366	57.70958095719614	58.841318235490654
5550000	59.54961716835289	3.5393018584167937	59.93224781038972	59.99130735890691	59.99967175019312	58.369745582220965	3.4262832976159605	58.94956902369765	58.96035088826436	58.96813526097331	59.16993685802524	3.70652692242059	59.876998433395094	59.90577857930239	59.93214703098366	58.369693850938965	3.3933755999463666	58.88948644988275	58.92552297195957	58.942407422404344	59.21679419435974	3.7138740157717978	59.938848327483015	59.95912079645968	59.97338300855341	58.36160590015597	3.3892870138040285	58.87812419441006	58.924179149976794	58.94339349110259	58.630561584767555	3.4835178260412207	57.935326427880625	59.93045415298893	59.96419261709641	56.32545986643112	3.9893418505764453	54.671662197926366	57.70958095719614	58.84184972787896
5560000	59.55065189829783	3.5394311090164585	59.93929049390392	59.991995297881246	59.999674267420744	58.36891369381639	3.4272969507096995	58.949963850376676	58.959570051561016	58.967083296686134	59.17069798159538	3.70671226048962	59.87652144206385	59.90835265767798	59.934797363754434	58.36985584353675	3.3934796989389757	58.88975629749221	58.92573455386816	58.942648204953734	59.21724830650303	3.7139705275012322	59.938279170459296	59.96006363566795	59.97437367958834	58.36166501269591	3.389260266780226	58.87812419441006	58.924179149976794	58.94339349110259	58.634911168261425	3.4864237987265465	57.937231340791065	59.93268194090635	59.964582866803404	56.3298023584819	3.98577950824339	54.67905879984178	57.70958095719614	58.84177965258758
5570000	59.550395155591715	3.539306077649636	59.93508577494973	59.9919131635106	59.99978062110586	58.37001709579656	3.427779331331646	58.950724018367694	58.959776367407045	58.96768089400227	59.171475928320866	3.7068261198118604	59.877730446131736	59.90829400307979	59.933626183156754	58.37014614295673	3.3925300620917076	58.88948644988275	58.925790465386534	58.942560096671954	59.21758408150085	3.71393823798542	59.93889738073426	59.95939251370717	59.97488923787917	58.36149822139524	3.3889144783836063	58.878539384539614	58.924360249934814	58.94339349110259	58.637112475751884	3.4866222191490346	57.93483825009372	59.93420195661528	59.96425231229801	56.33296534212548	3.9854844195300836	54.692585734624714	57.70958095719614	58.83912682133962
5580000	59.54876920269525	3.5389774333346895	59.93374082690202	59.991665263123636	59.999754752465876	58.37126438484774	3.4262709859661835	58.95089632181907	58.96089201729093	58.96826907452043	59.17092452309514	3.706657167728563	59.87690857251936	59.90803740201751	59.933503941678644	58.37152540241049	3.391574837157992	58.89051995444615	58.926228172908964	58.94318530773572	59.218923417861575	3.7141654989355497	59.94198242627745	59.960040931547226	59.97412310342288	58.36231900598757	3.3884788776628953	58.878539384539614	58.924360249934814	58.94360193499123	58.63765322814797	3.4833078785643443	57.93714369585637	59.93363953185106	59.96335788099226	56.33698477548835	3.9818971546879136	54.692585734624714	57.70958095719614	58.846947276265084
5590000	59.548349285547424	3.5390264596265375	59.929791284040746	59.99120314755455	59.999651480278885	58.371440611061296	3.4253523467428915	58.951242219005266	58.96099519759898	58.9679011457869	59.17054480780713	3.706545027610933	59.875262890807086	59.90814566176364	59.933193999310724	58.37063690015425	3.3919719048273897	58.89024444565504	58.926254247526956	58.942648204953734	59.21949964691853	3.713721268818678	59.94055270870803	59.96064008051869	59.97436842881607	58.36205413531792	3.388312035566617	58.87872050866159	58.9243746350346	58.94362495488978	58.639187637128025	3.4826511937620492	57.935174218037695	59.93039803830705	59.96570517922902	56.33900071143858	3.9805070662673456	54.692585734624714	57.735325655732396	58.84558589806505
5600000	59.55307634622019	3.5392802531302308	59.94062168703029	59.9935435497531	59.99974597482285	58.3707907604435	3.4259158987051475	58.94934052600396	58.960701850154535	58.968441326004466	59.17160187304154	3.706729145544321	59.878803108860836	59.90965771174065	59.93291096484065	58.37214963565111	3.392455723055635	58.88948644988275	58.926294799204626	58.943169649077184	59.21896113370663	3.7136026341620516	59.9410288317152	59.95966656805124	59.97363566485371	58.36302178263333	3.3888728511657304	58.87927601696688	58.92491252022316	58.94365951536892	58.643124896420744	3.483186621449951	57.93509049452453	59.935417291538755	59.96474220061663	56.34362337536032	3.974401201685817	54.692585734624714	57.735325655732396	58.84341201051619
5610000	59.548560404099845	3.5390104916711285	59.92895708757435	59.99192940675748	59.9997243946836	58.37149436109594	3.426806064817523	58.9484809497282	58.95991846674765	58.96728053756159	59.17179275545422	3.7066420610856405	59.8775027595134	59.90887395958851	59.93619513864305	58.37117027440605	3.392258580459246	58.88948644988275	58.92622621005265	58.9431846035422	59.219389703466994	3.7135456974400776	59.93889021361943	59.959801998000216	59.974634294705574	58.362652080827644	3.389374454780859	58.87927601696688	58.92497564786176	58.94365951536892	58.64385638706541	3.4830186131193206	57.93425623352524	59.933824134199895	59.966467227408415	56.34644191835081	3.973132059390708	54.692585734624714	57.735325655732396	58.84268978395246
5620000	59.550471925067306	3.539042622077616	59.93643976726021	59.992685710864464	59.99973923831682	58.37176021934467	3.426262718043631	58.94988064340742	58.95990254425637	58.968080432930066	59.172097727639574	3.7066189376567524	59.87650271045655	59.90830508816448	59.93524335478717	58.37229498482855	3.3916953736955	58.89054021700721	58.926254247526956	58.9431846035422	59.21913531523448	3.7134307365801575	59.94133926375973	59.96053573759802	59.97279757560678	58.363171687614326	3.388836374477224	58.87943778499998	58.92497564786176	58.94374374510532	58.64479253038486	3.4806538623812577	57.939245587642866	59.93386115043625	59.96406904178565	56.34909477835957	3.97298687350707	54.70461353662972	57.74964805727609	58.846947276265084
5630000	59.54712626579122	3.5387757887335214	59.932972045379216	59.99151206992819	59.99977049908197	58.372270667577006	3.42588723033915	58.95046457134551	58.95984856418603	58.967922414225846	59.171361101310666	3.7064878060440685	59.874251650804396	59.9085230678298	59.93546843040402	58.37346217955794	3.3906586515461505	58.89089723478442	58.92682068420051	58.94297701525405	59.21973233385958	3.7134984311171904	59.94072619821728	59.959994308792126	59.974624012524785	58.36440745296763	3.3879463818707642	58.88199141778234	58.92520546552597	58.94388091928166	58.64779140939881	3.4810233133477864	57.93417604317804	59.93364357742424	59.96463970226109	56.351323886177624	3.970939119242301	54.70461353662972	57.74964805727609	58.84268978395246
5640000	59.55093362135641	3.5390230376734944	59.943531819778414	59.992591129269776	59.999698889542564	58.37165608599199	3.428112870728089	58.949641711483935	58.96079408076238	58.968372294866306	59.17152145290176	3.706500653101729	59.877410408559875	59.9074308989244	59.93441897569666	58.372652006941074	3.3936334050075865	58.89149323128447	58.92732072986068	58.94320762572772	59.219951213157835	3.713470005152906	59.94089134482284	59.96075295527772	59.97502850316767	58.36400942436607	3.3887108965118387	58.88247231405869	58.92542987441377	58.94400040700492	58.64879865888974	3.4830422884617067	57.93698914590697	59.93509240867343	59.96586414807078	56.35418343905532	3.970284563103881	54.751055701087026	57.74964805727609	58.844770423374264
5650000	59.54567692345226	3.5397844099288145	59.92981391430444	59.99122741492613	59.99981694444903	58.37243827667867	3.427434960587391	58.94989281475092	58.960787050700674	58.968231178155214	59.172499197838725	3.7063744133019383	59.87601128502797	59.91010663310345	59.93475494906431	58.37245808101573	3.3947401848707583	58.891265672388286	58.92732072986068	58.94329405686271	59.220983989540834	3.713611161216885	59.941631235080166	59.961300883597715	59.974775749542076	58.36332774755603	3.3900932863479363	58.88247231405869	58.92550730510882	58.9442269885442	58.649223502962386	3.479138063514597	57.936147816838485	59.935058198407305	59.96574894341233	56.35757536285048	3.968855074364722	54.751055701087026	57.756155465797335	58.84268978395246
5660000	59.54565354991025	3.539705706331924	59.92830169059971	59.9898711452758	59.99969463029673	58.37276365100882	3.4265858294774825	58.950157515291586	58.96056634843773	58.96863454347904	59.171593509821335	3.706242602380853	59.87456047059851	59.90745574904541	59.93510862654685	58.37336310066525	3.3929143031989724	58.89151823997191	58.92738377742109	58.94329405686271	59.21942164412247	3.713301707425307	59.93897975862582	59.96000530794206	59.97510413299263	58.36467750518705	3.3888194406144794	58.88253249102189	58.92562078044573	58.94410926007514	58.65401480217979	3.4770817478346308	57.936777023540614	59.93461982100317	59.96616603233205	56.36175255233272	3.9681025825789797	54.751055701087026	57.756155465797335	58.84520728643453
5670000	59.54832232145022	3.539980952128891	59.92840211548689	59.98919987745846	59.99964604960182	58.37343139638098	3.4252802664171207	58.9503527664464	58.96025626861351	58.9683397570817	59.171810013731786	3.7062461027240583	59.876651159503304	59.90828182679246	59.93356582099783	58.37314368817496	3.3930671186983714	58.89142677524134	58.92738377742109	58.94329405686271	59.21971145911438	3.7133055515819415	59.939665062841485	59.959678486895385	59.974316170031244	58.364358865285624	3.3897725026192775	58.88303445302061	58.92574962839751	58.944078024867636	58.65565833857271	3.4743151880479943	57.93766607847142	59.933128388680366	59.963825668883764	56.36438644585307	3.967060788730825	54.78232342404643	57.756155465797335	58.84520728643453
5680000	59.55125846196287	3.540471630179831	59.94373444528545	59.98979443775055	59.999629866569734	58.37263968175907	3.427081593431625	58.950383691239736	58.96037094525866	58.967765904318824	59.172136792336424	3.7063280911288454	59.87509826880712	59.90957969211949	59.935234224543066	58.37324866781875	3.3940986561838833	58.89184458596746	58.927569845098915	58.94335322161772	59.219284202716885	3.71323129336245	59.938852424922956	59.96014868603184	59.974560144535985	58.36426963682531	3.3894644241729512	58.88303445302061	58.925873157408276	58.94424688583989	58.656321127065716	3.4748077784418845	57.93961859786466	59.93330588132019	59.963475763208436	56.36840766973524	3.963532758689829	54.83641876830669	57.775418803293995	58.849723702551984
5690000	59.54950223688476	3.5403951071890547	59.94132292526319	59.99242034001382	59.999603305658596	58.372603188471295	3.4271164699034413	58.95100655504872	58.96023244501118	58.96806498231326	59.173495982503006	3.70632324096737	59.87750529635991	59.91099419505828	59.934520322650144	58.37348362552241	3.3941520570510533	58.893044669202936	58.927760850690966	58.94329405686271	59.220264877025606	3.71334582965494	59.94137852409156	59.961991051405114	59.975507736832185	58.364606327712174	3.389566283045432	58.88303445302061	58.92603703390685	58.9442269885442	58.65678017961573	3.474574346981359	57.9404118727666	59.93245112464088	59.965008488166696	56.372848929245585	3.9600635329353633	54.88853653976854	57.775418803293995	58.848150273621684
5700000	59.548442812027126	3.5402283029426904	59.93497041569022	59.99097594860256	59.99979140563073	58.373190117222535	3.4266170340584012	58.94984714818785	58.960513167165786	58.96802878510046	59.17097140729717	3.7058040524001012	59.87462329437537	59.906454267708575	59.932594230812285	58.37418149802696	3.391853228091944	58.893044669202936	58.927760850690966	58.943323164211144	59.21997114530444	3.7132396343909226	59.94006388631731	59.960547731975154	59.97542588240141	58.36483780608246	3.3891553044644627	58.88409666745009	58.9261468903144	58.9442269885442	58.66000302237125	3.474456100328173	57.93653102122846	59.93364290816481	59.96418187783199	56.37445692911304	3.9595196571860996	54.88853653976854	57.775418803293995	58.844770423374264
5710000	59.54542951720035	3.5398102327287537	59.93494121719875	59.98963131246256	59.99949096352688	58.37347523849635	3.426592514597089	58.95168312107488	58.96075469100001	58.96759814021237	59.17266377957794	3.7060889490216433	59.87740025984242	59.9082062733802	59.93395069755499	58.374445084422874	3.392457160813595	58.892792469029565	58.92788731505421	58.943323164211144	59.219492594589205	3.713145218606738	59.94000681007625	59.96010002336475	59.974911524014985	58.36542667327848	3.3888811442019597	58.88409666745009	58.92632403574851	58.94437209205046	58.66170873504016	3.4740904020045273	57.937792047508296	59.93069854019336	59.9631693841005	56.3797135644821	3.9559642390863976	54.93285878455734	57.775418803293995	58.845645427193084
5720000	59.54951545551889	3.5398138537484534	59.94090135098827	59.99393194860415	59.999844534003856	58.37214486474025	3.4271455803958046	58.95092946358083	58.961279436629766	58.967819821467614	59.17156052529838	3.7058896776144445	59.87575269092215	59.90958953687547	59.93469120846768	58.37371578111139	3.3934282450477884	58.89310960804443	58.92792540438027	58.943323164211144	59.22016111115856	3.71320180006661	59.9415457691157	59.960762558699614	59.975618963880954	58.364442865694365	3.3898034657945284	58.88495453891126	58.92646638302671	58.944594682326795	58.66459387612302	3.474482306592601	57.93697778676628	59.93632354654217	59.96631571437926	56.3820295436642	3.9544058954484442	54.93285878455734	57.7835371756493	58.84700092058655
5730000	59.55220069118329	3.5397595643105424	59.94653728106305	59.993957528248075	59.99981502742753	58.37240781912811	3.4266997662929155	58.95062453805439	58.96091181329556	58.96836145684804	59.17307938544037	3.7061085069536057	59.87827910802586	59.9088470524233	59.93379594475179	58.37530069152919	3.3927611002950386	58.892792469029565	58.9279898290487	58.94335322161772	59.22080882420408	3.713305832084913	59.942514991048455	59.961070885374795	59.97484665535892	58.36587153864671	3.3891898228857924	58.88563725865839	58.92646638302671	58.94442614551052	58.667399421897876	3.4745513308095366	57.9400066953024	59.93700495157009	59.966185883138635	56.384236483868946	3.9523539527316576	54.93285878455734	57.797176895368594	58.84520728643453
5740000	59.55053597641421	3.5390673031474953	59.934741957696524	59.99169718464418	59.99961699725173	58.37224835284381	3.426278998632433	58.95137412473123	58.9610330099899	58.9679453334769	59.17240037598491	3.7059041133855763	59.87675812555284	59.90840257756025	59.933507287248155	58.37495287674091	3.3913964706798385	58.89252671397575	58.9279898290487	58.94335322161772	59.219362048759436	3.7130832359645636	59.940840206936564	59.9601405200159	59.97420071015163	58.36580753230624	3.389160884934289	58.88563725865839	58.92651850173826	58.94442614551052	58.67007884681438	3.473546990880903	57.93823585929707	59.93479199146484	59.96562265592402	56.38855686222713	3.9520381866370244	54.94535328879266	57.83130833954282	58.84700092058655
5750000	59.5493414187884	3.5369833834665134	59.93629951870461	59.99022362938868	59.99966244967395	58.37160688305094	3.425932355834165	58.949284488117705	58.960687072377155	58.96825918408998	59.17176530869182	3.7057862002978115	59.875563017288805	59.907358620323976	59.933799361593564	58.37552345424527	3.3926626343822437	58.8934274844631	58.92830147351708	58.94339965812092	59.21859967646592	3.712817801510847	59.93922900884371	59.959237436005196	59.97215850185428	58.36645081309107	3.388924865642724	58.88594088343484	58.926716408419566	58.944701584060795	58.67155510934691	3.474271196708774	57.93986542565193	59.933708736937305	59.96643690539145	56.392108131895206	3.949553026298785	54.9466488591698	57.83554031849674	58.845645427193084
5760000	59.54998454016506	3.5385573387433102	59.94064753744259	59.993002405651936	59.99973156527541	58.37046019005258	3.426039162289692	58.94809556413259	58.9596504996437	58.96738696887266	59.1723681510732	3.7058902515183614	59.875867756358055	59.90703922414022	59.93304884061194	58.375320054232475	3.3933747286117066	58.893367374047656	58.92821248347553	58.943323164211144	59.2200873168915	3.7131302478412054	59.941217436595224	59.96098126017409	59.97366120380385	58.36686252410313	3.3894640460548144	58.88634764947109	58.926716408419566	58.9448975900734	58.672957021035636	3.4740758544387362	57.934804547702775	59.93770142650234	59.965628957555026	56.39573687846919	3.945319863668212	54.9466488591698	57.83554031849674	58.8427548750803
5770000	59.54929972948615	3.538523403413222	59.93644896650207	59.990619539647476	59.99978250258558	58.37245766211096	3.4277945440598314	58.94939279949315	58.96063193450769	58.96841710592169	59.17302797852745	3.7059863248643308	59.877862123909075	59.90919009117978	59.935100827830475	58.37592396575332	3.392974442350191	58.89402519351896	58.92821248347553	58.94353939613618	59.221242000289564	3.7133490454969693	59.942834302838946	59.960874134522484	59.975326418377556	58.367118709478234	3.389170812504487	58.88634764947109	58.92692774928982	58.94501354189149	58.673752105402606	3.475308345074843	57.93953276825299	59.93821356779036	59.96471596849479	56.40053434432698	3.944361005966446	54.9466488591698	57.83554031849674	58.848171151053265
5780000	59.55017533412174	3.5389963059194205	59.93741143293654	59.990194228969685	59.99959367851179	58.37252226369091	3.426376964816655	58.95059976119334	58.96102341593466	58.968467423819696	59.171561591230486	3.705663104493049	59.87566686881198	59.905333080708296	59.932144500150535	58.37541452980614	3.3927033166303215	58.8934274844631	58.92838803091272	58.94353939613618	59.219856097872494	3.713061788037078	59.94246947080993	59.95967413386184	59.974710172646056	58.36664816331447	3.3892975835462624	58.88634764947109	58.926891271284056	58.94501354189149	58.67361687529458	3.472764358101707	57.939426179397415	59.93585859698939	59.96506033218202	56.40331413141232	3.942817827181789	54.9466488591698	57.836554519669384	58.84700092058655
5790000	59.54852709988546	3.5386977634069097	59.93427447383103	59.99199596061333	59.99974137991879	58.37199689045392	3.426179337210056	58.950060428886616	58.96101322563816	58.968229645283074	59.17179913368044	3.7056525503504263	59.874712844943346	59.908518790084855	59.93377972541502	58.37589452070955	3.3910368449445594	58.89343232734575	58.92846646199021	58.94379020763648	59.21991912273526	3.7130555814159654	59.93949438499452	59.9602688933944	59.97468778888866	58.36728826462272	3.38847513233516	58.88634764947109	58.92692774928982	58.94501354189149	58.67864396110354	3.4705338089443525	57.94149821563845	59.9369259016627	59.96538451722721	56.40754294077728	3.9415800252241735	54.953909004479506	57.836554519669384	58.84693198424687
5800000	59.54980006705668	3.5390280491197195	59.93913747544789	59.992430316316536	59.99976227005604	58.372119164500646	3.424959548291892	58.95111348510376	58.96134881512874	58.968320968520146	59.17327250327297	3.7059285679486944	59.87744098542631	59.907185667456545	59.936146359700174	58.376079156918614	3.3927192079463993	58.89343232734575	58.928526398541685	58.94379020763648	59.22104320269815	3.713191075347606	59.94270896235182	59.9606936063389	59.97544424914881	58.36760678296227	3.389319160319695	58.886432291488376	58.9269541084887	58.94501354189149	58.678889261673824	3.466709927698729	57.93998341248663	59.931825107649296	59.96495739418802	56.40944319388221	3.9409284491021244	54.953909004479506	57.836554519669384	58.848171151053265
5810000	59.553715775546074	3.539482627645836	59.94817499824751	59.991610992385034	59.99967504544563	58.370171308946915	3.4268673541066366	58.949430486846666	58.96025563231847	58.968298149949476	59.171829547667706	3.7054577510752003	59.87509633808521	59.907294502266716	59.93340961985789	58.37541369456636	3.393522674615223	58.89343232734575	58.92857360557829	58.94404460701289	59.2183655206477	3.7127026614280254	59.93973154375301	59.95904252849756	59.97287381277069	58.367033319599905	3.389850718325604	58.886432291488376	58.92700036869785	58.945087832256945	58.67891224584153	3.469043590727616	57.93963248377571	59.93673002531119	59.964566870968355	56.41294945831771	3.939061580736383	54.953909004479506	57.836554519669384	58.84700092058655
5820000	59.547034990693895	3.5386628609222304	59.93453609516497	59.992593219365446	59.999710976848405	58.371992554446095	3.426977370785569	58.950545951426136	58.96059360603202	58.9680322229942	59.17325728462547	3.705633176143098	59.87369414926714	59.90762538915588	59.934344394248136	58.37617600815105	3.3919149991802415	58.893367374047656	58.92890213281319	58.94404460701289	59.21981921572067	3.7128737982918407	59.93955666463785	59.9601637221311	59.97378488350943	58.367658296662064	3.389635625733437	58.886432291488376	58.92704858232709	58.945198936002186	58.68175526837871	3.465986699637313	57.93905855345597	59.93353979620373	59.96260046096036	56.41464421537815	3.9379660799892116	54.953909004479506	57.836554519669384	58.84700092058655
5830000	59.5503083077195	3.539612295953138	59.9422958916186	59.99045322283203	59.99977420787732	58.3731279892847	3.4266655462695184	58.95107920023278	58.96087308189931	58.967791510160204	59.17302227818557	3.7055950177976618	59.87618533239676	59.90794859980927	59.933475079938326	58.37672986626954	3.3931695737372602	58.8934274844631	58.92913940046917	58.94419468902339	59.22091277410287	3.7130901863011383	59.941495753888354	59.961048562351365	59.97472897395848	58.368661206088774	3.3891946226133034	58.887006434707956	58.92730496954485	58.945198936002186	58.68628346834979	3.4668972011708066	57.93734610065685	59.934402533676824	59.96518588195774	56.419315553405404	3.9357942033861733	54.953909004479506	57.84382247481791	58.849723702551984
5840000	59.54539465975468	3.539243492257248	59.92638962192156	59.990554445677844	59.999799199700036	58.372534995597356	3.4250781202954546	58.950756933703964	58.960321117058896	58.96810303211762	59.175100298010086	3.7058764204566477	59.878823753923896	59.90929929016971	59.932656404950464	58.37609036391687	3.39261820205148	58.89453657353193	58.92901975437689	58.94415461056972	59.22101413964258	3.7130300906437292	59.941775452938096	59.96020685450835	59.97494275619234	58.3679702340845	3.3897090073818674	58.887006434707956	58.9274576729338	58.94546558646858	58.68799968815286	3.463308328319194	57.94063873230467	59.93589890077688	59.964156800811686	56.42180937617369	3.93470460905526	54.953909004479506	57.84382247481791	58.848171151053265
5850000	59.549192875517846	3.539231346744029	59.93515909895245	59.99140091471975	59.999760610419635	58.372426011154324	3.4266629836299174	58.95125546994849	58.960701595958014	58.968151828917016	59.17265625619154	3.705342415835762	59.87396817123033	59.90778684462141	59.93290541533639	58.3765064416681	3.392081658648535	58.89453657353193	58.9292943145209	58.94432877468336	59.220174546605804	3.7128181307738672	59.939261892582564	59.96036945892655	59.97409804365464	58.368231779463386	3.389807239213082	58.887006434707956	58.92755413961771	58.94562220401092	58.69137014498438	3.4643135603916235	57.94031176298062	59.93732909320883	59.96414780294643	56.42396537376472	3.9336745210029282	54.9668676690004	57.84382247481791	58.84700092058655
5860000	59.54918857151042	3.537498661507967	59.929949346185445	59.99175497361779	59.99975345081317	58.370815484996236	3.428965070307371	58.949674900510104	58.96124117292045	58.968085057352944	59.17259717373979	3.705305388348431	59.875839558264985	59.90700641498012	59.93312962452612	58.37640410772233	3.3940059877021524	58.89453657353193	58.92938772835089	58.94432877468336	59.21798750144007	3.712456496406993	59.93799123713957	59.95903992111814	59.973877753194316	58.36853028271733	3.3896053187764505	58.887006434707956	58.927658700499904	58.94562220401092	58.69431396830007	3.4659320921754544	57.937835322219904	59.93767877276856	59.96556599547729	56.42812533814272	3.9297992012295455	54.9668676690004	57.84382247481791	58.845645427193084
5870000	59.54694616160657	3.535001703876909	59.93377333376173	59.988727086926104	59.99965419564691	58.37120200528047	3.4273016408031656	58.94991395062104	58.96081067792101	58.96782818723078	59.17460346799787	3.705678640944962	59.87864953931307	59.90922888557152	59.93659996440686	58.37739528307522	3.3937493959317933	58.89402519351896	58.92944401681349	58.94435050743992	59.22097772372082	3.7129253540350327	59.942249130796505	59.96063640659311	59.97414789085086	58.36935264646699	3.3896907986789033	58.88823819726536	58.927658700499904	58.94565395495742	58.696558990641364	3.463716683705247	57.94193908009032	59.93464894154299	59.96441452051046	56.430540751318105	3.929582588381128	54.9668676690004	57.84382247481791	58.84700092058655
5880000	59.54766876426206	3.537111774772981	59.936317488753495	59.99062638351605	59.99978859925598	58.37218103444476	3.4273628383742665	58.950425953674106	58.96050149002946	58.96815966991449	59.17630272331021	3.7059647806150857	59.879429110170044	59.90951524700441	59.93533012404275	58.37731027274836	3.3922690228756345	58.89478307526916	58.929631231349745	58.944421682723956	59.22099760996024	3.7130164182762035	59.94377511704268	59.96107626742959	59.97545026076744	58.36897353154751	3.389191379927652	58.88823819726536	58.927675105900846	58.94562220401092	58.698252781789044	3.4632677166330703	57.945739481681414	59.93436102008216	59.965542964037326	56.4332756000021	3.924981689707001	54.9668676690004	57.84382247481791	58.84700092058655
5890000	59.54872032074394	3.5374460863737007	59.92712856172282	59.99148216789689	59.999786905905054	58.37152769687629	3.42648241475403	58.950423741719305	58.96127546628502	58.968238488139406	59.17440806973368	3.7055810371079145	59.87476325084729	59.909234771377996	59.934827883212876	58.376334619788025	3.3929591529326735	58.89543981630645	58.92978099711563	58.944450068245786	59.22177235570399	3.7130597978594864	59.94190470323963	59.96165372996442	59.97600061002255	58.36845653733662	3.389138689438461	58.88871014182385	58.92789036715824	58.945773100215064	58.698308727898244	3.4616231242046225	57.94306019629538	59.935657329497644	59.96517393480972	56.43445261536134	3.924682369979768	54.9668676690004	57.84382247481791	58.845645427193084
5900000	59.55164327197274	3.538160406209038	59.94065568055554	59.99252659633021	59.99977627723329	58.37171875447773	3.4265123753031355	58.95043635839421	58.96015336487703	58.96767335758314	59.173072169054734	3.705184938256144	59.87450336294559	59.90748973593932	59.93311211915354	58.37773681002184	3.39339155719185	58.89776141079873	58.92992584482976	58.94443978855401	59.21936761222717	3.7126475644248216	59.941577967125546	59.958934803518154	59.972608793417336	58.36987734102807	3.3891191421209768	58.88871014182385	58.92801990696239	58.94564522833617	58.70057998325584	3.463345985068821	57.937274626324374	59.93674716426527	59.96604189098299	56.43864972860903	3.9214390750630095	54.9668676690004	57.858345288045804	58.84700092058655
5910000	59.5509259713827	3.5389274935793975	59.93903963548121	59.98953309138916	59.99975835932746	58.37130820010785	3.428663878375896	58.95017729151318	58.960564643518204	58.967586705572046	59.17402870556764	3.7053512143868197	59.87572977897243	59.90845501634966	59.9359520504627	58.37698550570135	3.394053392789173	58.89719115870052	58.92978099711563	58.944420775481035	59.2193610996994	3.712600293596569	59.939891359010616	59.96035270037037	59.97405347026344	58.36917084067307	3.390062880474509	58.88896256497928	58.92829469301934	58.94576140773361	58.69944538605793	3.4634171369360205	57.94059302083318	59.934838113491374	59.964261779907375	56.44053335047656	3.920193708372715	54.9668676690004	57.858345288045804	58.843264371990166
5920000	59.55322973961705	3.539381717980961	59.94630978756113	59.99153864936484	59.99980448729344	58.37113580735837	3.4259466718400606	58.95004749976148	58.960637572125265	58.968202988020316	59.1751416689332	3.7055321672864623	59.876537954621995	59.9089124072017	59.93487633035121	58.37710037745129	3.392364287700737	58.89789483536365	58.930145339132025	58.94450341737033	59.22044774055186	3.712779484632805	59.94120429977558	59.960484128293906	59.97541972072615	58.368722180782534	3.390121794853128	58.88896256497928	58.928325833989774	58.94576140773361	58.7018144109125	3.4576296038033405	57.93965318879146	59.934999032956455	59.964213876705344	56.44371345675401	3.9197466698245202	54.98859935326766	57.87039918921056	58.848189937668856
5930000	59.54764805493576	3.537897724786305	59.934039623396146	59.98869102490248	59.999597888381885	58.37221105227605	3.4273272582978773	58.948825630109624	58.9601191810229	58.96747652917315	59.17332986639769	3.705117230372201	59.875521937640215	59.908221221552594	59.935234458525365	58.37789622249148	3.393307282839933	58.89789483536365	58.93008416146141	58.94443978855401	59.220564322098824	3.7123404834426403	59.938501753665136	59.96013627175512	59.97451084462243	58.36999455213976	3.389985327783307	58.8894371410193	58.92835872346569	58.94593345986231	58.70488653354211	3.457121531868644	57.939276223209376	59.93332591368993	59.96411786451132	56.445152791717355	3.918468390462475	54.98859935326766	57.87039918921056	58.843264371990166
5940000	59.544830910837355	3.5386973729343705	59.93105405043209	59.992989387304405	59.999805717503314	58.3726570738729	3.4265607108567577	58.94936373319156	58.95982290019421	58.96789788709562	59.17305190231626	3.7050631669199907	59.8742534568843	59.90790127356135	59.93265270585211	58.37800500059371	3.3935040690356995	58.89867016077332	58.93056463232416	58.94449226116149	59.222794189773104	3.7127038863363393	59.94195268756579	59.960158414463265	59.975476371971276	58.369713772487415	3.389806201894622	58.88943488881501	58.928297952216084	58.94593345986231	58.70631713144953	3.455527563219549	57.93967762869284	59.9364789225807	59.964527438900944	56.44844272602939	3.915815691659793	54.98859935326766	57.87039918921056	58.84700092058655
5950000	59.54701533434956	3.5390728634158655	59.933630897326424	59.99278923930628	59.99981602529656	58.37296102907501	3.4262391239886734	58.94969592983151	58.960001989668555	58.96812593256714	59.175702388984035	3.7055991752092434	59.87954259404772	59.90920243280638	59.93604431892149	58.37814365495029	3.3931897455474904	58.89894636642051	58.93045285624583	58.9448464778624	59.22196176323202	3.7125110730872626	59.93939270509823	59.96104859589245	59.97469737986934	58.36933101273186	3.3899912396028054	58.88943488881501	58.928325833989774	58.94593345986231	58.707540348127964	3.4539601480337665	57.93972169458378	59.93598338855203	59.965054066918164	56.45334992890413	3.9125247620061496	54.98859935326766	57.87039918921056	58.84982508510397
5960000	59.54805806429004	3.539301445466038	59.9348279351332	59.99094166967667	59.999585899817674	58.373366880129375	3.4271802236093336	58.94881441645039	58.96037242634575	58.96821568251046	59.17269158213116	3.7050009453634845	59.87449306585013	59.90539432325217	59.93287949938459	58.378960524449624	3.393835169692835	58.899166579621706	58.93056463232416	58.9449134176222	59.22175931919715	3.712461392263823	59.94040349243916	59.95970236427104	59.974752265936075	58.37065327223489	3.3902448107447642	58.88943488881501	58.928325833989774	58.94593345986231	58.71064179640539	3.4542174780711066	57.938477389734345	59.934034922009275	59.963403565482466	56.45720138018869	3.9091737075455653	55.00529048276006	57.87039918921056	58.845645427193084
5970000	59.54881633626182	3.5395548038748323	59.93584617642614	59.99275732656335	59.9998707612515	58.37371578584828	3.427017667884953	58.94945875097503	58.96038035721117	58.96846901413993	59.175506940929154	3.7055242074383936	59.87919012374189	59.90975959390465	59.934391660353675	58.37875607214144	3.3937634320050187	58.899166579621706	58.93068701451753	58.9449134176222	59.223635455063956	3.7127850769251776	59.94283693091523	59.9616518825064	59.97584452469229	58.37090219577327	3.3903188584932415	58.88965655896868	58.928427018116324	58.94608636837669	58.71656588136484	3.4523934448738944	57.94236037432782	59.93656279766306	59.96503702855353	56.46021738404652	3.9081035308890613	55.00529048276006	57.877556616623366	58.848189937668856
5980000	59.5485983587537	3.539033177452714	59.935413542449844	59.990336186465214	59.999714591905324	58.37332115986092	3.426624683892805	58.94972112217994	58.959536164639786	58.967658798874275	59.17332700932472	3.705055961033433	59.87457474838573	59.90700408760364	59.93183076554176	58.37873761470217	3.392817853768642	58.899166579621706	58.93068701451753	58.94503849889755	59.22080265466104	3.7122537591819156	59.939157651799135	59.958798428360055	59.97335925427988	58.37074301839111	3.389243995531344	58.88981525929389	58.92867257395804	58.946093924147796	58.719385449590334	3.4487293073153595	57.94082638046341	59.93869315742144	59.96494572650259	56.46163927344048	3.906735887182845	55.00529048276006	57.88628737669754	58.84982508510397
5990000	59.54502286292801	3.538463078951129	59.926485357398285	59.98908633749383	59.999686624737436	58.37225113541974	3.427469202798794	58.949805173335555	58.95988512200774	58.96786424883405	59.17312407789388	3.704882093535644	59.87691636407779	59.90821472644339	59.93002300259525	58.37826361141608	3.3936964289874267	58.898967743540325	58.93090236086769	58.94526144375953	59.221954073408455	3.712410785488188	59.939877828355385	59.95968291186963	59.97494081286044	58.37045747286678	3.3898635316972654	58.89046174423005	58.92867257395804	58.946125154007774	58.721130122890415	3.447267103080283	57.94155798339861	59.936777315841795	59.96457009762937	56.46332890388833	3.9055334837803852	55.01534831602541	57.88628737669754	58.845645427193084
6000000	59.546483034291136	3.53920947941162	59.92842501407385	59.99176891039188	59.99975722908059	58.37314866268795	3.42691704565904	58.9491205319116	58.96011859117477	58.96787208844639	59.17510513052557	3.705059434007503	59.87794142937216	59.90979764492379	59.934136063324345	58.379447736901945	3.3933852320976423	58.899379936887975	58.93095320699196	58.945220108786714	59.22123652055716	3.712257364442549	59.93938321533295	59.95979727418123	59.974275058243904	58.37166440439227	3.389667487855249	58.890871563415416	58.92890565908417	58.94620957464036	58.72454310352922	3.4472991565992457	57.94117846494514	59.938986610609376	59.965703782534916	56.46821531233158	3.9026116494321603	55.05107579568845	57.89886809183142	58.845645427193084
6010000	59.54675541549424	3.5387958605205148	59.92978788930329	59.98821343951572	59.99970041154507	58.37388040717899	3.426614537351891	58.9494153140192	58.96026056441458	58.96732116075703	59.173246969536926	3.70470019901396	59.874618403044686	59.907609591802135	59.93364516438493	58.37989319250789	3.391891111663349	58.899379936887975	58.93117002071593	58.94531419407339	59.222814606400156	3.712058365772082	59.939731067434764	59.95905220519009	59.973983749415865	58.37180917337476	3.3892718862448716	58.890871563415416	58.92929782228063	58.94620957464036	58.72524217283051	3.4465100353323024	57.93611309707869	59.93669247933752	59.96644283304332	56.47098978961417	3.9014145555365443	55.05107579568845	57.91209112458551	58.842652741765946
6020000	59.548571499848734	3.5387638383584314	59.93244025901452	59.99114478959553	59.99969309048127	58.37456884306451	3.4255910430159844	58.94949880442253	58.96031750737042	58.967986394107086	59.1735528225178	3.70468075746798	59.87579119122881	59.905952974043466	59.932933355302055	58.378917229077054	3.3922826923544185	58.89980319021758	58.93113731158341	58.94530265065858	59.223916254157494	3.7120861410529877	59.94022813151244	59.95945405742361	59.97476966560166	58.3705948040228	3.3905266970410977	58.890871563415416	58.92929782228063	58.946272834186715	58.72731426191873	3.4417058504948823	57.941398375678716	59.93448191997451	59.9651183755416	56.473495208552755	3.9006229971585196	55.05107579568845	57.91209112458551	58.84700092058655
6030000	59.553995563280715	3.5387845823523367	59.94726020766213	59.99438988040484	59.99983944678029	58.37505968961203	3.4254498047398316	58.949388829082274	58.960192629419026	58.96766710338056	59.17449196750364	3.7047524245765997	59.878836926616714	59.906893258793986	59.93323578303465	58.379942634589455	3.391625055342673	58.8999104335995	58.93122146299922	58.94538437834724	59.2245741043813	3.7119167276945944	59.94118103915285	59.96062845303819	59.97423935298826	58.372172132563435	3.3891391975745893	58.891097255708516	58.92922301760954	58.946272834186715	58.729859068659074	3.441369323429811	57.94564279850227	59.935734746750654	59.96448855679401	56.476410564681565	3.8982727911405703	55.078901532552855	57.919274146767705	58.845645427193084
6040000	59.549559267195	3.5386760968789392	59.931108134835505	59.99142311457018	59.99972589842572	58.37657695876972	3.4257679733394903	58.9498937326842	58.960920398062164	58.968049645054606	59.1745302957205	3.704743934553161	59.87376297193717	59.90792794600874	59.934124871993866	58.37962771285109	3.394048844887122	58.89980319021758	58.9312721870825	58.945413955610405	59.227040522970654	3.7120953120911393	59.942486822694434	59.96077238788439	59.97549593320075	58.37164658923632	3.3902944209115153	58.891097255708516	58.92938466394106	58.94643042136487	58.73172361170187	3.44137047994177	57.94118874000797	59.93676133601793	59.964873327168924	56.47967570666928	3.895518563825169	55.078901532552855	57.919274146767705	58.84700092058655
6050000	59.55009248251389	3.5394395239736287	59.940002731037346	59.99200444106515	59.999743209468186	58.37747614885134	3.4271303417179633	58.948435552995186	58.96039417760339	58.96823845685851	59.175995982133806	3.7050468798525364	59.87657562184898	59.90907527376986	59.937127106184604	58.379998258577515	3.3942577967623566	58.900010020150944	58.9317850049132	58.945413955610405	59.226464824070085	3.7119772394784434	59.93987394317965	59.96025710227632	59.97457356525517	58.37227325963817	3.390571551944506	58.891097255708516	58.929656077096	58.94643042136487	58.73356354233699	3.442058122238679	57.94458218569535	59.93749888073585	59.96701940304928	56.48348540092218	3.8920968615306153	55.078901532552855	57.919274146767705	58.842848633667664
6060000	59.54744334289312	3.539237040673797	59.930690811309546	59.98916616158759	59.9996093641006	58.379059088106594	3.4268403016318953	58.95052577575163	58.960540606935226	58.968206367196686	59.17442436558562	3.7046771923974324	59.8775954855259	59.90877450031623	59.93281061612369	58.380106436027525	3.393698151348375	58.89980319021758	58.931575283177	58.945573251018644	59.225119240616856	3.711721064576899	59.941015024813424	59.960386857451596	59.97306568912782	58.37244915770441	3.389782980825701	58.89176488530901	58.92992603662695	58.946459513994384	58.737477774625354	3.4410899266611708	57.942424634403956	59.93741707381295	59.96545429946858	56.488439746938326	3.8894482475492658	55.078901532552855	57.919274146767705	58.846105340870125
6070000	59.55277617080849	3.5397315098919457	59.94463280549472	59.9926811953967	59.99971193182313	58.37777378285861	3.4257318752763157	58.9504752052721	58.96055618657482	58.96853467644622	59.17640355129841	3.705009976458522	59.876350336228	59.911096052047256	59.935730262320924	58.37992808239237	3.392768367043532	58.89980319021758	58.93172673567545	58.945573251018644	59.22791955343948	3.712234758398047	59.94340177483002	59.9611878500942	59.97467355397242	58.372329105729605	3.389849850083746	58.89342407919373	58.9301597526411	58.946594664071945	58.74314527206198	3.439830669810684	57.94165043388763	59.93891998167332	59.966462494694795	56.49071754890966	3.8893049185303696	55.078901532552855	57.919274146767705	58.84700092058655
6080000	59.55340099090323	3.5395088971623245	59.941358038962456	59.99125786906785	59.99976960307437	58.37707097589219	3.4270824132460573	58.95010970119443	58.96081304816219	58.96864499982485	59.17649355581241	3.704970452407587	59.877903491524755	59.90976932379871	59.93540256542842	58.37989549807238	3.3932553078764105	58.9006930883469	58.93189688236199	58.94561690744647	59.22761560308223	3.71210081586545	59.941960714849984	59.96105663551896	59.97624302973239	58.37194282326415	3.390308434626314	58.89342407919373	58.930379659896786	58.946594664071945	58.74341116381281	3.440489570405721	57.94088678476266	59.939037401936154	59.96663544086485	56.49379523993176	3.8876835955620077	55.078901532552855	57.919274146767705	58.84700092058655
6090000	59.54968877086439	3.5392052088700914	59.94589080662689	59.99313699001726	59.999814022219425	58.37695358604372	3.4267329176783634	58.94968093565544	58.96045326848611	58.96815159417106	59.17538560904384	3.704769881250168	59.87554555850078	59.90733927027992	59.935118580470714	58.38073654465799	3.393111724587289	58.90088825172411	58.93184544668411	58.945573251018644	59.22627746257177	3.7118652611487644	59.9402574853221	59.9603678723239	59.97487272670624	58.37313376390356	3.3896389244543514	58.89342407919373	58.930855986310604	58.946594664071945	58.74567618665988	3.439168040983069	57.948469341271355	59.938556719034494	59.964721319812625	56.49561520066022	3.8869610956875746	55.078901532552855	57.93167117518462	58.846105340870125
6100000	59.55080694375883	3.539411517504246	59.94110188990673	59.99228071057031	59.999772900333944	58.37865047973676	3.42553070388243	58.950318540103815	58.96082908936094	58.96763102016317	59.17566609573473	3.7042821233360486	59.87678180226443	59.90803519341891	59.93558100781664	58.38064908045289	3.393041536737354	58.90073548521252	58.93184544668411	58.945573251018644	59.22589660860878	3.711719115621041	59.94137475329393	59.95920638111909	59.97500002963366	58.37354126346866	3.3895053019116412	58.89342407919373	58.930855986310604	58.946594664071945	58.74477365883564	3.437916537246339	57.94458151460226	59.93733317681666	59.96535682299681	56.49880048972067	3.8866785233164047	55.086970902076416	57.93167117518462	58.84700092058655
6110000	59.551724401190114	3.539426885070385	59.93951797237707	59.993053611758775	59.999779591197495	58.376835324371605	3.4255282662676354	58.94954918185419	58.960165674046635	58.96746073049973	59.17678744178869	3.7044840131033476	59.878583008363904	59.90866923569711	59.933404028254586	58.38095899338832	3.393465419474219	58.901106853284084	58.931962990495634	58.945573251018644	59.226943843748415	3.7118884451045515	59.94168659204121	59.96052799297803	59.97497820278059	58.37372491432577	3.3897162146864837	58.89416329307977	58.930855986310604	58.946594664071945	58.7492797954677	3.439041470731548	57.9450753762529	59.942421704699804	59.965794534143924	56.50063962634816	3.8847293532973293	55.086970902076416	57.93167117518462	58.847101626460216
6120000	59.547188351302445	3.539198656151816	59.930519017531815	59.99059151700861	59.99974088271112	58.37695187797537	3.4263167871445046	58.95015399404815	58.96004908486155	58.96767890498502	59.17682945136303	3.704452740864877	59.87686190736629	59.90971494787489	59.93489724228084	58.381129490729535	3.393156097919562	58.901106853284084	58.93189688236199	58.945573251018644	59.226904848054026	3.7119045199608753	59.94049767587319	59.96066916285265	59.975822854179086	58.3740561343846	3.389621959394565	58.89416329307977	58.93086506293498	58.946594664071945	58.74849145562562	3.438686964158925	57.947160689071964	59.93488777840588	59.96471358042486	56.50225945081178	3.8836771967885557	55.086970902076416	57.93167117518462	58.84681483070922
6130000	59.548776415254714	3.5387318758358175	59.93592512032408	59.99104606082522	59.999763471319376	58.376394004617175	3.4262621013575347	58.95029853838014	58.960720986107596	58.967986673810216	59.17658877362832	3.704384048800255	59.879199838983595	59.90939300124855	59.93243658273008	58.38129957891775	3.3925189558905973	58.90127227451934	58.931907302786286	58.94571673549618	59.227019551473646	3.7118146147900846	59.94290776296097	59.96121435117202	59.97437364698048	58.37432223086789	3.3893109626854594	58.89416329307977	58.93091017368843	58.946732042434455	58.751018186739564	3.438629384169	57.94366510089311	59.93734434497841	59.963326954417234	56.50661267510151	3.882286354730876	55.09549934850352	57.93167117518462	58.848480971464035
6140000	59.54811486233006	3.539147556122746	59.93487468876072	59.991644883311736	59.99979026248331	58.378361888740315	3.4261277120539315	58.951138358746675	58.96096626978364	58.96870444845592	59.17768834338082	3.70458693762416	59.87960729238357	59.91154387134674	59.93490475619371	58.380857884425616	3.3939655663947415	58.90127227451934	58.93196298170906	58.945671934907296	59.22614760746573	3.7115888513899105	59.93988676422323	59.9597453444578	59.97476085046492	58.37421187665675	3.3897445737416554	58.89416329307977	58.93119913670208	58.9469818596056	58.75593471716023	3.438136070480776	57.94759083109176	59.938660181551725	59.96742395988618	56.50825489889391	3.8815211383154296	55.13326220604287	57.942937541929744	58.848480971464035
6150000	59.549040581311296	3.5391121067516016	59.94050292216273	59.991933680719015	59.99973311636657	58.37844907311359	3.426870545356859	58.950579945704646	58.961087422406564	58.9684758254562	59.17718070777093	3.7044480246057065	59.87666995022557	59.90916106141223	59.93685993310517	58.38168424377855	3.3925288361459365	58.90127227451934	58.932090793760864	58.945671934907296	59.2273173431591	3.711817784693471	59.941281046812406	59.961585389744144	59.975674631278785	58.37481755256488	3.389404731926162	58.89416329307977	58.93124156340683	58.9467983216866	58.75721196215035	3.4382624548086316	57.95057446198472	59.93826555682746	59.96609056958794	56.510669541913636	3.880820365629476	55.13586970920844	57.942937541929744	58.84982508510397
6160000	59.54942375069811	3.5392167569539725	59.93443317894212	59.9921062977282	59.99972511624827	58.37853381419339	3.427508441465145	58.95144272537319	58.961263885785904	58.96832281759927	59.175114289035044	3.704039544697081	59.877057088327184	59.9086956280725	59.93354227925268	58.380771459258405	3.3953995256060567	58.90180337428489	58.93220826661487	58.94562582463814	59.22703207193848	3.7117215002264463	59.94194497835886	59.960965721325856	59.97436907786125	58.373880240461226	3.390272171125669	58.89462388118845	58.931323390864975	58.946988095027436	58.75967207784814	3.438319286287619	57.9495011409699	59.9384804952618	59.96424130520144	56.514304618683354	3.8788359348153674	55.14697111643365	57.94648209484409	58.84681483070922
6170000	59.550562924215605	3.5395164940023727	59.9366403644811	59.9911758578624	59.99972727353166	58.37618436678741	3.42596355748466	58.95072321585214	58.961088966905024	58.96829348053264	59.1748936735397	3.7039932750956543	59.87752679480874	59.90707661923297	59.93325436489511	58.38161087020002	3.393360820819907	58.90217729548043	58.93226852490418	58.94575096656868	59.22719392961493	3.7117866637678096	59.94103878842073	59.961253432632795	59.974814027176116	58.37454487714553	3.3899134653013085	58.89462388118845	58.931323390864975	58.94699684217063	58.76203784756065	3.437129222439029	57.94742219865673	59.93881794112681	59.966480035374204	56.51820987690444	3.877889826591919	55.14697111643365	57.946574998008884	58.848480971464035
6180000	59.549400499698585	3.539822702347374	59.94143449172902	59.992110326854274	59.9997526694124	58.377676649238275	3.4269623347977043	58.950724443515696	58.96167860360016	58.968626711425074	59.1770591752739	3.704389970570967	59.878916453917796	59.909906486613984	59.93555838060884	58.382093092690354	3.3942591247993334	58.902056042506736	58.93241593893055	58.945766378599046	59.22755903582606	3.7117562034633615	59.94192350469856	59.960070901720854	59.97535018150495	58.375093733843734	3.389798334197355	58.89487645342596	58.93159325355879	58.947024465944345	58.76253788543314	3.4367859609048224	57.94466194357162	59.93903278593143	59.96580201564498	56.520965285452775	3.8765563457476317	55.14697111643365	57.946574998008884	58.84982508510397
6190000	59.5489977396982	3.5399228617038396	59.93942964666914	59.993123111298644	59.999803997111655	58.37686251728619	3.4255816277565723	58.950325031450745	58.960374574750055	58.9679851823003	59.17706608937833	3.7043438624152034	59.88018331796668	59.91019010576538	59.933861458412004	58.38239389197975	3.394748004988776	58.90248818424244	58.93241593893055	58.945798256422776	59.22657664031046	3.71150881471131	59.94151689619368	59.96032221639905	59.97409708177332	58.37520160698789	3.390557958846303	58.895068480647915	58.93167674559656	58.947024465944345	58.76347195432477	3.434220975089154	57.946530650121666	59.93966491425685	59.96553584739372	56.5239146338355	3.8752865311098694	55.14697111643365	57.946574998008884	58.853120717506954
6200000	59.552602324186566	3.5401864117349415	59.939587605733955	59.99268649718408	59.99980626193659	58.37781078479326	3.425215782373011	58.949634679785305	58.96050275215661	58.96836591309581	59.17523534508442	3.70389736148212	59.874366721039166	59.90718309714002	59.933807095048294	58.38241183046461	3.394083650230096	58.90237979053671	58.93233454919769	58.945819287416384	59.227083448955696	3.7116418584659825	59.94050094684006	59.96014274382127	59.97570487310159	58.375618541407256	3.3896963457387024	58.895068480647915	58.93175251293749	58.947087255713335	58.76899138982233	3.434210580626686	57.94762271399729	59.93712250037696	59.96553508920708	56.526426640818975	3.8739643143103724	55.14697111643365	57.946574998008884	58.84619213184054
6210000	59.551718987958516	3.5398782466339425	59.9413275605736	59.99327138874417	59.99969747520506	58.37788774193116	3.426820736765489	58.94949083473027	58.9612767262703	58.96873940603077	59.17646407882471	3.7041016251432666	59.87644828542015	59.909928692992274	59.93402182516743	58.382125341442226	3.3923517631224867	58.90248818424244	58.932483419725045	58.94590590302276	59.22683976915509	3.711532955304768	59.94102557714203	59.96083752032327	59.97462847480456	58.375531974610645	3.388905832990517	58.89529785488551	58.93215585875607	58.94724182091369	58.77162927055937	3.4339645580273057	57.94711089119337	59.93928397944252	59.96771037724193	56.5284852255858	3.87310397560653	55.206716020059325	57.946574998008884	58.847530962163184
6220000	59.54559263065502	3.539314884369236	59.93094003303302	59.98855717367704	59.999696943605386	58.37717235593574	3.4249211846734444	58.94974335936788	58.9605547238758	58.96784638466378	59.17226745089932	3.7031452482819165	59.870421433742194	59.905820972228085	59.931867745218184	58.38270227566642	3.393561920219158	58.902219024684165	58.93256078765606	58.94588169834133	59.224352876144316	3.7110341455312685	59.93776838935336	59.95869282969747	59.97362311176883	58.376162885440856	3.389844188684224	58.89529785488551	58.93232915160792	58.947357537595984	58.77155293928711	3.43192446365525	57.94701432376043	59.93801544837277	59.963478897717195	56.5313239545364	3.8722466986261788	55.206716020059325	57.952629166582696	58.8532285041588
6230000	59.55305229731651	3.539535126199217	59.94000050333223	59.99297909595354	59.99981009999907	58.37719117097947	3.4261052737952373	58.949003486992886	58.960013084389516	58.96753106686138	59.17572758503278	3.7037553451462593	59.87649056994739	59.908317260141374	59.93391961139578	58.38263481379211	3.3927827539530084	58.90267501026614	58.93269608259229	58.945916893976175	59.22731688304147	3.7115659092861297	59.94138866176272	59.95986433050961	59.97438378705129	58.37597040254793	3.3896608481392643	58.89529785488551	58.93238602702423	58.94753230732295	58.77341707552646	3.4330739509831227	57.94920676693364	59.938835970412725	59.963521811083204	56.535023020493114	3.870701897949188	55.34833023620512	57.952629166582696	58.8532285041588
6240000	59.54602784375542	3.539076804550187	59.93407119179576	59.989679189052126	59.99973750506057	58.37612958645107	3.4263305552383976	58.949179505128356	58.95973017285673	58.96796785187524	59.17474982432371	3.7035686227631626	59.871542624606306	59.90800769780063	59.93376405228021	58.381709403797856	3.3942123110175824	58.90248818424244	58.93287224874262	58.94595335912619	59.22704978674817	3.7115030520061754	59.93865355098901	59.96080055547837	59.97502876831638	58.37541657012638	3.3904442183588137	58.89529785488551	58.932514476638026	58.94755122237724	58.77158172213994	3.4326182013897824	57.94894068547933	59.93650559482172	59.96560890457529	56.53705632588606	3.8705802814513053	55.34833023620512	57.963690177628436	58.85059536174774
6250000	59.547676650885954	3.5387172209677233	59.92744281282147	59.99059606286501	59.99972919253513	58.375053999615275	3.426014091057744	58.94867520233919	58.959676331143655	58.96743745682878	59.1746793168132	3.703491955342739	59.875283543415904	59.90577905226964	59.93036603896261	58.38283336896106	3.3917828177174054	58.90217729548043	58.93311566488096	58.94601279609594	59.22710889248364	3.7113970385866897	59.94083095377667	59.96016422235127	59.973238843732545	58.376458983279896	3.38950526779507	58.89529785488551	58.93295286062923	58.947596565763305	58.77486562416792	3.432181664263411	57.94534594467084	59.93847366216919	59.965044156427034	56.53891247888399	3.86846500687746	55.34833023620512	57.963690177628436	58.84982508510397
6260000	59.545748117927296	3.538507055714809	59.9271953101145	59.9899080147001	59.99975291129478	58.37715923912023	3.4252602707514153	58.95002286705224	58.960237427401225	58.9678348179464	59.17404275328459	3.7033648419494023	59.87207342717418	59.90397402442403	59.93081404536992	58.38292299392778	3.3942332108482667	58.903181759063045	58.93343486517803	58.946166902812955	59.2266417184859	3.7113072122251154	59.941411715175924	59.95945750864084	59.9737469859677	58.37643896869766	3.3904557596665224	58.89590742177934	58.93301013440555	58.94760265570925	58.775252804401156	3.4305681922057123	57.949187750170665	59.9383684680288	59.96398289644872	56.54260950998347	3.8668451585180654	55.34833023620512	57.96460584519322	58.84982508510397
6270000	59.54754084447994	3.538871434498441	59.9338913290331	59.989279934213414	59.9997299107519	58.37721968825519	3.4244560484674706	58.9500331126762	58.96020301312267	58.96793344388628	59.17601229974024	3.7037438587521883	59.87596264723945	59.90890072850432	59.935435890896684	58.384303511935606	3.3918289261377863	58.903181759063045	58.93339848776252	58.94629844803147	59.226715055405286	3.7113638659849206	59.94199831936692	59.96007979202477	59.97543808535836	58.3777540677239	3.389342852403703	58.89629188342431	58.93299664442892	58.94762386641763	58.78258554582391	3.4293031245485777	57.950140116201965	59.93956497745967	59.96604481639717	56.5460016087617	3.865865343902647	55.36029917683462	57.96460584519322	58.84982508510397
6280000	59.545574695814736	3.5392178318058356	59.926778669865904	59.99055690088076	59.99968045813913	58.37863963784092	3.426044996347158	58.951640824779105	58.9611074902933	58.96818624174615	59.1770064779441	3.703781860607626	59.87702189479994	59.907701348931965	59.935237988457395	58.383620967653606	3.3941762087532594	58.903181759063045	58.933411943021014	58.946604227177524	59.22772527631091	3.711475960906221	59.94167871603399	59.960634043226726	59.97606139466611	58.37723806147641	3.390389553737085	58.89629188342431	58.93305691409877	58.94762386641763	58.779364188190186	3.431260173451205	57.95155262745159	59.94234941891938	59.965575669580545	56.548796960560495	3.865040106400755	55.36029917683462	57.96460584519322	58.85628410665916
6290000	59.55201667026448	3.5396705600571035	59.939805224003116	59.993401096444885	59.999752807729095	58.37944993291427	3.4249741997928567	58.951280276303166	58.96121286560275	58.968235407948484	59.17717145500761	3.703821575013627	59.877357654948455	59.90944436111687	59.9345581942195	58.38387904445278	3.3922020554890766	58.903181759063045	58.93346829903611	58.94702940817603	59.22768447553013	3.7114678540641	59.94282656844733	59.96141087713339	59.974851792062424	58.3774849099501	3.389630398589256	58.89611931636419	58.9333166231725	58.94760265570925	58.783720885057484	3.4288681359930173	57.95218760302441	59.93711181754985	59.96605271421545	56.55412670768801	3.8605132463052643	55.36029917683462	57.96460584519322	58.85628410665916
6300000	59.54730926562702	3.539009374885698	59.93690184633162	59.99154889985637	59.99978628332043	58.379041697497776	3.4262238439761425	58.95155447123523	58.961187137110045	58.96892133507412	59.17605696974765	3.7035329029477175	59.877369463237635	59.908543777447235	59.93377869513702	58.38341312800834	3.3938302404617318	58.903181759063045	58.933423743812284	58.946974818959475	59.22695414314762	3.7113311000146036	59.94259086843319	59.9604217544014	59.97376198620075	58.37703897330212	3.390146592575566	58.89630682053011	58.93333615778597	58.94766818671784	58.78157292523827	3.4301445082190454	57.94735032660812	59.93852885691656	59.96526403660057	56.55658543867716	3.8577685476544583	55.367424777124434	57.97556150694767	58.85486874715539
6310000	59.54951552001756	3.538929625992724	59.934317540894355	59.99217038020974	59.99974105269158	58.37665524378625	3.4251026844116548	58.95013952378313	58.9607509436623	58.96775459746078	59.175171946939216	3.703276392733801	59.876376121300254	59.90666847760403	59.93049983532097	58.38446915543324	3.3921239271830426	58.90415200621935	58.933519070963435	58.947350146833145	59.22614189892154	3.711154059809353	59.93865051426698	59.9607719554422	59.97426211465573	58.37771236991651	3.389538472994982	58.89732276540099	58.93337915956189	58.94771574156053	58.78469566344459	3.4287465024452235	57.95177881406557	59.93700998961297	59.96624029609641	56.55867938943914	3.8566294595432407	55.367424777124434	57.97556150694767	58.853047734997624
6320000	59.5470049339904	3.5387326730870265	59.9282415505577	59.99143589847576	59.99977501368417	58.376485518487364	3.425281872630576	58.9499822414309	58.96010683087197	58.968048171067956	59.17545807818663	3.7033241699881945	59.872338959910024	59.908868813226334	59.93465599884592	58.383728518130354	3.3930813920524434	58.90415200621935	58.93355547399881	58.947350146833145	59.22706033558852	3.711231853066238	59.94004349428288	59.96045829584135	59.9746295309554	58.37674001010109	3.390132440890149	58.89732276540099	58.93343754383509	58.94771574156053	58.78602476731355	3.4265780854320447	57.95284466630352	59.93478008540592	59.96426831018993	56.56387796139718	3.854724469153091	55.38766283935853	57.97556150694767	58.8566000400889
6330000	59.55236953746728	3.5396640189639603	59.938858708697666	59.991743737372744	59.999633742412435	58.37696573770895	3.4248524041972686	58.94995988534105	58.96029775220658	58.96825997869034	59.17631881514034	3.7029622950104386	59.87411790877596	59.90590220574335	59.93378483503454	58.384628349107956	3.3934122073961506	58.90456588763296	58.93371214180921	58.94740603013008	59.226768753087185	3.711215565160476	59.9391139764531	59.960093663687545	59.974963481407094	58.377693672519015	3.3902779706988686	58.89732276540099	58.93350853552068	58.94776510319888	58.78958319263046	3.426265008349768	57.952530842251655	59.939977256165285	59.964848297843474	56.56673389337642	3.8530508602087674	55.38766283935853	57.97792606966649	58.85560292166746
6340000	59.55413041376829	3.5397428060194294	59.94495382436984	59.99308231630249	59.999744882815136	58.37722904807749	3.4271685370308917	58.94976200488772	58.960753669962756	58.96782805642749	59.17833825409128	3.7033371090446034	59.876363524337904	59.90883006023233	59.93497834177727	58.38448041059876	3.3945645762007755	58.9050945675345	58.93384582403804	58.94740603013008	59.22655592907743	3.7111341955395853	59.93906879201093	59.959786363603456	59.97491859831711	58.37765006047725	3.39046591885417	58.897601464419964	58.93343754383509	58.947806708757966	58.79130887953997	3.428489982637518	57.951918283521294	59.940295220154184	59.96629796223019	56.56934091547205	3.851575713992159	55.38766283935853	57.97792606966649	58.8566000400889
6350000	59.55219864739614	3.5396547508812795	59.9421271470071	59.993112982993324	59.99985765052227	58.37770023155613	3.426762521825947	58.9501130911893	58.960292619462535	58.9679298667174	59.17625509073879	3.7029248138977375	59.87565126061853	59.909167316240456	59.931163835029686	58.38514174420956	3.3945475902962468	58.90532508571528	58.933758545508866	58.94746232642467	59.227466144049366	3.711245394502148	59.941054133151795	59.961573974571046	59.97382467350643	58.378637349729594	3.3898813585122256	58.89789891576146	58.93343754383509	58.947932416992316	58.79390486669527	3.426615952066782	57.94985681991658	59.93967426206342	59.96472501090199	56.571041653769775	3.8510273116087173	55.38766283935853	57.97792606966649	58.85635754430891
6360000	59.54994636039562	3.539474245606097	59.94271047989023	59.99220921324773	59.99976033148155	58.378199273718785	3.4263765186446165	58.9507263095649	58.96045217692174	58.967697657419336	59.177082207957675	3.7030671552970564	59.87476183919396	59.90776455118246	59.93496811436877	58.38485537931202	3.3939173572978465	58.90542098934794	58.93384582403804	58.94746232642467	59.22691773370091	3.711202999116083	59.940394161074344	59.95970365514677	59.974993770815026	58.37807568327921	3.390238388264065	58.89826352995806	58.93350853552068	58.947982518013504	58.79590745112526	3.42568701130965	57.95048669660477	59.94090034640209	59.96576277840921	56.57173762758815	3.8500534226456353	55.38766283935853	57.97792606966649	58.856121177491424
6370000	59.54716756484226	3.539401403522645	59.92670260335926	59.99083745276491	59.9997726015756	58.37713507305361	3.427470835095973	58.950742180255645	58.9605261732386	58.96752976678709	59.176301448890634	3.7028983631278254	59.87576308077969	59.90600275975939	59.932173603685946	58.38439940295587	3.3961405964963065	58.90566581904343	58.93383122301496	58.94756619797975	59.22653031562462	3.711082377942705	59.94026857125426	59.95979599040821	59.97405258798916	58.37840539461216	3.391004460617439	58.89826352995806	58.93369436895526	58.948014124943796	58.800688072076156	3.4265300668658885	57.956297360846385	59.94085001000643	59.96557161969923	56.574024215915024	3.8485982235046645	55.38766283935853	57.98711184991727	58.85479232423237
6380000	59.55128073106962	3.5399894676226396	59.93983933582888	59.99312957516176	59.99979161267031	58.37725206588329	3.4257686403471346	58.94900453229447	58.960137333551636	58.96798853161849	59.17884627758311	3.7033296447175053	59.878734880711846	59.91060043093623	59.935102465724285	58.385200961251655	3.3933665923187544	58.90585797573205	58.93387996995333	58.947575753864086	59.22718970397572	3.711158535146247	59.943756511069054	59.96054535864447	59.97376963104155	58.378640603595485	3.3899050096084995	58.89860659517421	58.93396814987105	58.948014124943796	58.80203811078185	3.4259569953866658	57.949925880027735	59.94081829771278	59.9658837689662	56.57553495756362	3.8487685141634915	55.39926030203121	57.98711184991727	58.855761291548234
6390000	59.54269785844072	3.539345063107524	59.92545235425884	59.99007312549584	59.99973869361582	58.377269634138656	3.4262257667708287	58.94962724581054	58.96017582254531	58.96833671099485	59.17731666403743	3.7030455039452836	59.87539231948713	59.90891196868374	59.93457000208173	58.38566796966045	3.393589475990075	58.90641666944438	58.934061617612514	58.947629158134646	59.22641475024241	3.7110336861681246	59.94020581195256	59.95919662007851	59.973830761011186	58.37858690774245	3.39035031711606	58.89876119989169	58.93398953030105	58.9480478846859	58.802707377605046	3.4250906114298796	57.95168445290548	59.940194066461274	59.96578849622887	56.57935030102095	3.846649181938507	55.39926030203121	57.98711184991727	58.85518178586987
6400000	59.54539780938637	3.539485865533135	59.92545984653613	59.98960621919416	59.999712043789074	58.37799315440013	3.426292346438019	58.95028352131782	58.96069254169994	58.9679019102607	59.1760416997867	3.702738133861221	59.87278584777648	59.90759433088842	59.934407636941444	58.38642171330911	3.3934192888219816	58.90641666944438	58.934474508835166	58.947730475054165	59.22691130978112	3.7110691255042147	59.94177251298719	59.96061278889613	59.975223452939964	58.37970684957506	3.3897168197960514	58.898906265600445	58.93408106420385	58.948077716362306	58.80548060094861	3.4253169063928626	57.95391484043236	59.94170133444648	59.96627969383981	56.58140004332983	3.845878398044477	55.433060811467456	57.98711184991727	58.853047734997624
6410000	59.548722577490366	3.5396357322625165	59.937216030651555	59.99059942408317	59.999725541968424	58.3783296024178	3.425659266999108	58.95091323782149	58.96074825455439	58.968341037469465	59.177545162632065	3.7029905997696417	59.87640905118648	59.907691545499446	59.93419945018023	58.38552181198877	3.394512552894785	58.90641666944438	58.934474508835166	58.94778751311587	59.22751442109265	3.7111800589434187	59.942163829913184	59.96124485356928	59.97420426215467	58.37867416425694	3.390344103177027	58.89910639654664	58.934435131757056	58.94823500333038	58.80454760038451	3.42428026977767	57.94842875062982	59.93806576372101	59.966901971698206	56.5848687968132	3.844464801848116	55.433060811467456	58.006172606074145	58.855761291548234
6420000	59.54983198054676	3.53795935840085	59.93909387052639	59.99255043916101	59.99983533880483	58.37766148679093	3.4256961186251873	58.949890235348164	58.96054431692224	58.967923669862685	59.177148616162334	3.7029329151850945	59.87568342598357	59.90942540659024	59.93348221498048	58.386723582033895	3.3936703149401093	58.90566581904343	58.934474508835166	58.94778751311587	59.22588490466438	3.710860624530472	59.938587357565424	59.95990002667114	59.97424707518525	58.379377292416656	3.3900636139588007	58.898906265600445	58.934435131757056	58.94832254211092	58.80853159921812	3.423127314500088	57.95188537628294	59.93949012855046	59.96533925324313	56.58818897392259	3.841816337531747	55.433060811467456	58.006172606074145	58.855761291548234
6430000	59.55079669380554	3.5384132994040565	59.93781493118638	59.99280987722278	59.999781996182136	58.377134458561514	3.4258425438884434	58.94844709012612	58.960659380511544	58.96838853536562	59.176088176358874	3.702683739948689	59.874422894946164	59.90670387403377	59.9333940432014	58.38630012665469	3.393796743624016	58.90566581904343	58.93455205875837	58.94778751311587	59.227246472468885	3.711052960999176	59.94044336715563	59.9602017386987	59.97479488096852	58.37957317258565	3.3900347300325944	58.8992206223297	58.93463874964242	58.94839123359097	58.80818773195692	3.4230392471827678	57.951255601127144	59.94006997322764	59.96645576714647	56.5919191665336	3.839844131469253	55.441904734590466	58.006172606074145	58.85790442275398
6440000	59.55215747058797	3.5387032222834587	59.93621242505235	59.99130231980816	59.99969088587164	58.37770930888575	3.4287379854599624	58.950309669329116	58.96047085331013	58.96798251325965	59.17526231438105	3.702527835366075	59.86953670984553	59.905811853846004	59.93275328165134	58.386505783187985	3.394946706008911	58.90641666944438	58.93482007621712	58.94795476003197	59.22644966815514	3.7108530935879545	59.93871387093167	59.957968876285506	59.97466988476006	58.38028583791164	3.3903651900867047	58.8992206223297	58.93463874964242	58.94840754165481	58.81062502051346	3.4249107539094625	57.951262779515865	59.94077202275112	59.96631435490231	56.59519541634823	3.8389565604061326	55.45196215664534	58.006172606074145	58.85809315373033
6450000	59.546439464400045	3.5386429409461617	59.928032343764166	59.98978015641864	59.99970321923304	58.377216320905795	3.4258968070061653	58.949312624069066	58.96000974769065	58.9674100834271	59.17624729078931	3.7027245509975684	59.874652846402704	59.90705398565463	59.93264647460536	58.38665471500255	3.3934144684017817	58.90585797573205	58.93483266460527	58.948072865534925	59.22692927467575	3.710924422250115	59.939749011537074	59.96084670058504	59.97474348088599	58.380031822269444	3.3895265067181657	58.8994942595188	58.93482907822036	58.94840754165481	58.81110925453603	3.4218342873040744	57.95154826773607	59.93978117643946	59.965846763224626	56.59694552429182	3.837647689825318	55.45196215664534	58.018992533232925	58.8560244390033
6460000	59.549791074500604	3.538183428320535	59.93664863202494	59.9920424612356	59.99979397687987	58.37627134014791	3.425036456156681	58.9494062170469	58.96031012892559	58.968148942740434	59.17825079069479	3.703152516453492	59.87601216502366	59.90947555593498	59.93585248965897	58.386356399159055	3.3936726726761384	58.90585797573205	58.93483266460527	58.948072865534925	59.22705649396173	3.710961618651566	59.93929353242224	59.9588087052617	59.97459493562629	58.380060250017145	3.3904677942196297	58.90007477901089	58.93482907822036	58.94840754165481	58.813939000812205	3.420847497099154	57.952179284808565	59.94259343154641	59.9656333120754	56.59893812511386	3.836928132046405	55.45196215664534	58.018992533232925	58.8560244390033
6470000	59.548155070141505	3.5384189540419744	59.93082928352315	59.99141038045584	59.99982489983698	58.37744654478355	3.4287529277673707	58.9502623555672	58.961066424494824	58.968415407856064	59.17770407238482	3.70307562634931	59.87680996920402	59.910252541773204	59.93450063785326	58.38683802665842	3.3949982940050716	58.9059399208712	58.9350784745408	58.94808600704808	59.228423608216474	3.7112038385522665	59.94264914146438	59.96140083828267	59.976754408829535	58.38033803828505	3.3899953952329644	58.90007477901089	58.934960460076866	58.948502214858095	58.81720576874328	3.4238498690226375	57.9513697819053	59.94062635083387	59.96702217947427	56.60140875369345	3.835949259171648	55.45196215664534	58.0317838351957	58.85809315373033
6480000	59.55009031896784	3.5391892354638506	59.940034410071725	59.992249000679315	59.999752881588535	58.37736097068226	3.425949101862293	58.95060915995485	58.96136803226452	58.96859139559729	59.17649436824603	3.7027821099267078	59.875977705496204	59.90617415080388	59.9325518789323	58.38677469368146	3.394642232077475	58.90641666944438	58.93504185891581	58.94813705566195	59.22765308617569	3.711096805670499	59.94013359283363	59.96141069961553	59.975030350542845	58.38067361874134	3.389905759897267	58.900234636433396	58.93537091128156	58.948618655497	58.82056751440842	3.421341893000959	57.95173136698925	59.94295668387817	59.96626088589516	56.60130701566627	3.835591561111809	55.45196215664534	58.0317838351957	58.8560244390033
6490000	59.549930694378084	3.539112001731392	59.94117388065966	59.99359224222184	59.99977714299688	58.37823155532897	3.4274596192182387	58.9502762789662	58.96089831080827	58.96799125810262	59.177362931474114	3.7028211369861492	59.874939638717414	59.90786617031392	59.93473632174435	58.38640683836802	3.3942866355449994	58.907238889863706	58.93514010732997	58.948151751308636	59.22870181545726	3.711216037592157	59.9424412120308	59.9612042042597	59.974214364740995	58.38022729060411	3.389973607216824	58.900234636433396	58.93574632783497	58.94868818610081	58.81964863751489	3.421401688900883	57.950099042104334	59.94163401780324	59.965234258301116	56.60444928070294	3.8345010875671344	55.45196215664534	58.0317838351957	58.85790442275398
6500000	59.543806696252915	3.538656520662035	59.921470786750014	59.99163225827485	59.999722530664954	58.37898557935588	3.425845161478068	58.951099474685066	58.96066444919238	58.96805763212556	59.17672213888872	3.702694881110786	59.87308729524607	59.906557799972525	59.93340393334903	58.38689103166152	3.392719121833918	58.90641666944438	58.935199859494645	58.948151751308636	59.22839554139967	3.7107211406117657	59.94040112481435	59.95983610726762	59.973354787395806	58.38020563499638	3.389750761831538	58.900234636433396	58.93587675230367	58.94864939890106	58.822294647907306	3.4189158646864386	57.956561159283545	59.94228379316123	59.96698726476785	56.607142408932	3.833121986171261	55.45196215664534	58.0317838351957	58.857155477278525
6510000	59.5478099664995	3.5390366593038594	59.934758564081484	59.989581136689566	59.99964931225382	58.37934159121319	3.4249970763934194	58.951856642430556	58.96070852194167	58.96752789665511	59.175992224880545	3.702584401057485	59.87335686353316	59.90498470107596	59.93254013526179	58.38778098888846	3.394007359543028	58.90747121442588	58.935307569826534	58.948151751308636	59.229580338814515	3.7108428273796275	59.94194198444059	59.95950795142227	59.97480980224222	58.38096812067854	3.3899007034494693	58.900234636433396	58.93587675230367	58.94868818610081	58.82366237387584	3.4176047308875295	57.957742987202884	59.93976580374736	59.96610357100654	56.60898841650467	3.8333042644766393	55.45196215664534	58.0317838351957	58.857155477278525
6520000	59.55140250707982	3.5395778963435998	59.94452153700962	59.992010705319785	59.999700072663146	58.37802177744101	3.4260307357214095	58.949786467810554	58.9600152201977	58.96673936379436	59.17719480378035	3.7028100501662626	59.87559409500764	59.908253383316676	59.93272040292591	58.38758762894155	3.3953192012262874	58.90754165295846	58.935260810586605	58.94818227984901	59.228298047822754	3.7105657591062307	59.93961341963259	59.95986522099054	59.97437235134135	58.38131029294729	3.3902423865642617	58.900234636433396	58.93587675230367	58.94868818610081	58.82443555451776	3.4191039328230195	57.953325042193306	59.941243026956165	59.9660177003138	56.61114711700847	3.8319502038297526	55.45196215664534	58.0317838351957	58.85811947862092
6530000	59.54563943605474	3.538982106506079	59.92700594616044	59.99015422135083	59.99962034720383	58.37860868083756	3.4258394928331155	58.95023343998842	58.96068091348971	58.96774720285721	59.17640337862094	3.7026584469475066	59.87143510747882	59.905831815409286	59.93313184097818	58.388440838676175	3.391976879947385	58.90779366491196	58.935307569826534	58.948295346714325	59.228957451316695	3.7107101501156747	59.94150695175368	59.959956801329234	59.973629193682804	58.381747303722136	3.389618884373869	58.900234636433396	58.93599581622488	58.94878935505848	58.825176460115905	3.418634877153484	57.95611118362878	59.940861743686895	59.966882930852904	56.61380881441048	3.8300443465476866	55.46876806782204	58.035326774562954	58.85319150501623
6540000	59.54601317680004	3.539011641839231	59.929442462249085	59.988765108331165	59.999665159093425	58.37995276504867	3.424864281292236	58.9505325312638	58.96106053043485	58.967969079194404	59.176709436530786	3.7026981680624225	59.87431473742007	59.90739535638845	59.931417464663824	58.38818607018975	3.3922732169669674	58.90779366491196	58.93541551730158	58.948416949501805	59.228952036746314	3.7106649040889397	59.940678820207005	59.9602456239772	59.97472223877787	58.38168335047301	3.3892697599623856	58.900234636433396	58.93599581622488	58.948796696126216	58.826267473419975	3.416376089288874	57.95448303830767	59.939820953992296	59.96620597512469	56.61724549853829	3.828984948991682	55.46876806782204	58.035326774562954	58.85578806739734
6550000	59.55128910537522	3.539160800837345	59.93921518814201	59.99143900236879	59.99977749139609	58.38017178701405	3.424970187956274	58.94944385379385	58.96010167362647	58.96794857985268	59.17650732367899	3.702681825994476	59.87642764938933	59.906587621051386	59.93290794818232	58.38837984247128	3.393117602792223	58.90762092288611	58.93536659852216	58.94847267083116	59.22796276408016	3.710469465871068	59.93936664026696	59.95871152536921	59.97317247445099	58.381986903162776	3.3897371424056195	58.90028632005256	58.93601530407081	58.94883739537735	58.828922945483995	3.4166610594118625	57.95913814753532	59.94124411778181	59.96506186405109	56.62111986779353	3.826614610710946	55.46967229672293	58.035326774562954	58.857155477278525
6560000	59.547822352262074	3.537284182641512	59.93477670064641	59.99172208411532	59.99976869477862	58.379285408228384	3.4247495103606926	58.949976024437454	58.96009657321261	58.967090442539885	59.17639717440473	3.702683837649763	59.875654386809245	59.90660610269475	59.93242614692289	58.389195274451204	3.3924682955247443	58.907947192245096	58.93543163847377	58.948499875169674	59.22948631236792	3.7107110203574627	59.940745573028025	59.96076019047581	59.97570944802105	58.382623994705156	3.3898589981141876	58.90028632005256	58.936122040681994	58.948979831557786	58.83171095123401	3.4156642899291185	57.95430376246553	59.941915563954225	59.966225668128516	56.62472796420147	3.825259581368212	55.500747723482775	58.035326774562954	58.858050623692804
6570000	59.54873028037868	3.5379304875383135	59.934002351139185	59.99143126860526	59.99979823609429	58.37881179192412	3.4260187323370235	58.950208740798935	58.96082156537581	58.96813641242923	59.18039069620172	3.7033950933366735	59.88206231464239	59.909987630528065	59.93290028719707	58.38798383372225	3.394228779629888	58.90823035092701	58.93541551730158	58.948499875169674	59.23083105636268	3.7109324241693695	59.943405370409536	59.962185929671165	59.976506227448695	58.38201879343238	3.3897389782469385	58.90028632005256	58.93615711013901	58.948979831557786	58.83437836946865	3.4167275309559315	57.95661193639328	59.94241682292838	59.96804257666783	56.62573901625548	3.8245000050174847	55.500747723482775	58.035326774562954	58.858050623692804
6580000	59.55090820403139	3.538804155447327	59.939945323312294	59.99239379126021	59.99979754682	58.378743379336	3.426441391419615	58.95061183581633	58.96057318818177	58.96788417311991	59.17923407261993	3.7031932415079933	59.87614792350812	59.90848064159758	59.934945999230415	58.388722454993015	3.393890461626556	58.908161309906276	58.935453740321904	58.948693081234055	59.23008992569339	3.7107838077433875	59.94182986556814	59.96000464705591	59.9737058853283	58.38259179896995	3.3900131091504067	58.90028632005256	58.93615711013901	58.949005147711816	58.837700195383384	3.4161627132204035	57.953425466315366	59.944421461250485	59.96586902432684	56.62805474347304	3.8241159091190386	55.500747723482775	58.0419881907831	58.858050623692804
6590000	59.54836644735958	3.538736904013017	59.941621645361664	59.988274156542495	59.999486114704546	58.38014032399151	3.424628167079046	58.95015691626217	58.960024626058114	58.968123424195696	59.17668940457757	3.7026603212014653	59.87290701245507	59.90737243389484	59.933814947781585	58.38828113761813	3.3939843522557434	58.90924362688081	58.93563889559012	58.94879945083631	59.228560149250455	3.7104788811400273	59.94082718159659	59.959966765089206	59.97431554240019	58.38205240999912	3.3899960643322684	58.900589409476744	58.93622883868545	58.94903534504556	58.838592028891	3.414488221526059	57.954977921950984	59.94277823035746	59.967067408267404	56.63139716352769	3.824146733543942	55.521704913504536	58.0419881907831	58.858050623692804
6600000	59.54631315463726	3.5390868654212393	59.93586209858896	59.99389447412399	59.99975832584956	58.379770023485726	3.425211943337834	58.95075420508102	58.96091879669592	58.96815686897222	59.180222773925685	3.703307837164298	59.875611059732535	59.91158491240789	59.937636704397455	58.38874887681524	3.3928266316723605	58.90819057069924	58.93598720222241	58.948858488973194	59.23048459274479	3.710825809978076	59.94125739377267	59.96120448049325	59.9763207963766	58.382815167691675	3.3897545660170136	58.90079549802982	58.93614233570041	58.949057998544575	58.84088290139691	3.414665768727778	57.955820274426195	59.94486096031049	59.96690201352516	56.6312555394147	3.8234375695380023	55.521704913504536	58.0419881907831	58.85790442275398
6610000	59.55278862651498	3.539395113064657	59.938151833507405	59.99321642266708	59.99975346230191	58.37900235584978	3.425173056528748	58.9502800935495	58.96081170015293	58.96825525275	59.17948755790377	3.7031519733877714	59.875003771537166	59.911047847223095	59.93594545997877	58.3887238850783	3.3945071208296853	58.90819057069924	58.936032548901984	58.94892126676056	59.22886196058018	3.7105010566927485	59.94125100341856	59.96037047452839	59.974308758574224	58.38301811692744	3.3901097824133513	58.90079549802982	58.93614233570041	58.94907663179284	58.841724744764726	3.4142709033127776	57.96032296454695	59.942997636797195	59.96626460266715	56.63248098246995	3.822395696599932	55.521704913504536	58.0419881907831	58.85790442275398
6620000	59.55031346345675	3.53923713650234	59.937080811594384	59.99215874727196	59.99975002387895	58.379449493674606	3.423525097500374	58.950282674709776	58.96037795976033	58.96762530416538	59.17726613841065	3.7027066692531885	59.87048645986596	59.90727700629746	59.93429313139134	58.3887773117208	3.394244610582208	58.90924362688081	58.93615210701975	58.948858488973194	59.22892799398567	3.7105419027930764	59.9396297966397	59.959460151927004	59.97466838623485	58.3828683239461	3.390589205701392	58.90096434479011	58.93635576180922	58.94910437596784	58.84362453757206	3.4115130254617734	57.95590423908857	59.940470075159055	59.965711548024245	56.63451669815724	3.821456515122771	55.521704913504536	58.0419881907831	58.8560244390033
6630000	59.54710939850097	3.53812127636643	59.93435404890945	59.99191292944279	59.99978024338384	58.37955189109405	3.4243473779079876	58.950641026791324	58.96057028711498	58.96826656228484	59.17728358361771	3.702710653522645	59.874980207972676	59.906236835877394	59.932495199120766	58.38933821025909	3.3934773065946646	58.90924362688081	58.936392601572635	58.94904900694107	59.22964132906031	3.710576552597444	59.942500226992465	59.95988083207554	59.974216702684316	58.38333063274594	3.389735476896437	58.90096434479011	58.93647773285406	58.94916944023676	58.84622532859072	3.4119652751096097	57.95683062493575	59.94335278070971	59.9663577511989	56.63781697633798	3.8215714975457455	55.521704913504536	58.0419881907831	58.858050623692804
6640000	59.54898158099383	3.5387136560651378	59.93745731291948	59.989521286216196	59.99969129960486	58.37981513501605	3.4247828280670123	58.95067557832992	58.961009649814095	58.96821524867428	59.17822863081587	3.702869593933112	59.87700655301745	59.90642860828689	59.933522359921206	58.38933013819992	3.3936886124616428	58.90850773633231	58.93654445060321	58.94909647981398	59.229537951428284	3.710520899899937	59.94242878182581	59.96108910955032	59.974718986841324	58.38370713246401	3.3901749695042036	58.90096434479011	58.93647773285406	58.94916944023676	58.84710955593652	3.413579164769404	57.96278918824043	59.94205684444561	59.96722720819992	56.639017296667426	3.821302200585346	55.579871276696664	58.0419881907831	58.85836023456427
6650000	59.551535367483204	3.539059723856656	59.93744793931383	59.99148244479064	59.999645766019285	58.3792754135391	3.427559023779102	58.95037299159696	58.961029243396254	58.96829154841294	59.17810202532764	3.7028213873825946	59.87694594711174	59.905764063766824	59.9340903234985	58.389869105155604	3.3941997479337593	58.908636884592184	58.936702970976214	58.94917518602641	59.227876577059696	3.710197395958971	59.93980395401316	59.95927564605579	59.97342740720368	58.38393834923854	3.3902035742364913	58.901244765981176	58.936553965467525	58.949187073903246	58.851643385215596	3.4144546411140246	57.96348630986171	59.94153976176761	59.967629029050045	56.640435065438474	3.8197820940103324	55.579871276696664	58.04813076363636	58.8560244390033
6660000	59.551581216952286	3.538250887928143	59.94596214484237	59.99325195298398	59.9998321658404	58.37961425495051	3.4239014691110348	58.95026897565565	58.95966821214792	58.96766695063084	59.17935048912608	3.7030595685575114	59.87722882930926	59.9096538120571	59.933572819201814	58.39024792767144	3.392885938788153	58.90924362688081	58.93704820323928	58.949256752840505	59.229984882410996	3.710558788955339	59.94284341590421	59.96065605807513	59.974735132857546	58.38401230416419	3.3897596729777173	58.901244765981176	58.936553965467525	58.94940173018662	58.852338159411595	3.410515992244624	57.96475254062522	59.94212627295575	59.965917920501894	56.64167429121754	3.8195111933505492	55.579871276696664	58.055694271854264	58.8560244390033
6670000	59.54621670986279	3.538085715540064	59.925496350671175	59.989034774682125	59.99953148312311	58.37818246808632	3.4256218818519715	58.9496234701471	58.96055659963032	58.96776362734079	59.177324290071375	3.7026442162304183	59.87517366556187	59.907189131317	59.93073822032777	58.39030973665913	3.3932406100933954	58.90959988001752	58.93710780155527	58.949256752840505	59.22863258120733	3.7103097554951954	59.94182297663035	59.959682333103274	59.97417025019371	58.38415564997203	3.390296241155702	58.901244765981176	58.936553965467525	58.94942783740112	58.852500714379886	3.412132262154165	57.96362798938987	59.94009116978417	59.96566687786323	56.6454162413204	3.8183444940566846	55.579871276696664	58.055694271854264	58.85790442275398
6680000	59.546392098431156	3.538530996340831	59.928331465931564	59.98948378676897	59.999651281696046	58.37909307291258	3.4255014931944188	58.95010035123895	58.960456674974424	58.967527035179344	59.17742300339722	3.702652855900804	59.8764366769543	59.90631887503456	59.93137962942052	58.39072563455023	3.3933183071360653	58.90924362688081	58.93712786495199	58.94926473380973	59.228518199226684	3.7102652680026798	59.93984118159574	59.95944413758848	59.975030731626454	58.384731340893815	3.3899529929980186	58.90178582602892	58.936553965467525	58.94975816497658	58.85573146740644	3.4106620373002396	57.96399490325598	59.94176051051781	59.96443125294316	56.64778593801275	3.817010890054731	55.579871276696664	58.055694271854264	58.85790442275398
6690000	59.5472572808886	3.5389626405050785	59.929570357475775	59.990414549886026	59.999774898235486	58.3798166628759	3.425579320125387	58.95034769496204	58.96041560080426	58.96795868496923	59.17688871597329	3.7025501329804404	59.873700995303835	59.90607645678642	59.932165362028115	58.39096332318295	3.3937000039140277	58.90924362688081	58.93712786495199	58.9495255926032	59.229929459877695	3.7105418706557742	59.942442983192244	59.9608289625937	59.974801214239484	58.385138169958154	3.3898105772457594	58.90178582602892	58.93661000441564	58.94976751544371	58.862069737862974	3.411505956229483	57.96393331716533	59.94502183085207	59.967101412270736	56.651809905617206	3.813520585098878	55.59748872537848	58.06232400703486	58.85790442275398
6700000	59.549628131874556	3.5392122458047166	59.93359134326349	59.99064343887379	59.999693750992236	58.37943254380358	3.424959183143189	58.94994034317628	58.96076587789285	58.96836320835705	59.17887504097624	3.7029041678327337	59.87697928215162	59.91075553441567	59.9335280309698	58.3903992774679	3.393653158792681	58.90924362688081	58.93712786495199	58.9493123715359	59.22878958900256	3.710342339672807	59.94006431703216	59.96025124396405	59.974256551248445	58.38512604604821	3.3899983360212476	58.90178582602892	58.936701380908744	58.94978869927052	58.860999959960516	3.4105907767174566	57.96253324813004	59.945291002380316	59.968087797072116	56.654706845308326	3.8127717224809996	55.59748872537848	58.06232400703486	58.85790442275398
6710000	59.550138586522294	3.539070175987407	59.936729030930486	59.99087452819465	59.999663618964505	58.37925383729602	3.4248313955430567	58.95023195358975	58.96051409108061	58.96784001853305	59.17620129567583	3.7023567089890586	59.87141212322448	59.9069372097465	59.93379658815486	58.390468153878835	3.3927886146550503	58.9092831424792	58.93740452350092	58.949379627919555	59.228985496955275	3.7103253950392086	59.939372139361964	59.95970596118126	59.97324626772784	58.384866190136535	3.3895988989271415	58.90178582602892	58.93690986696925	58.949796448344166	58.86042682721557	3.4103043632039367	57.960556543589995	59.940305279692666	59.96667332362176	56.65752430133243	3.8106515526179754	55.59748872537848	58.07523092329067	58.85790442275398
6720000	59.55224366575227	3.539350561542105	59.93786692501287	59.99517219617347	59.99986396215202	58.379374794194355	3.424995073181218	58.95075996311464	58.96075315707206	58.96840770038926	59.18016243043884	3.703094596603767	59.878277564197916	59.90895281819064	59.93708284695318	58.39149925247891	3.3929258606899855	58.90959988001752	58.93740452350092	58.94961113042005	59.23072570620666	3.710681578957708	59.944209804091464	59.96202771810114	59.97556676202667	58.38585885186417	3.3895546383409516	58.90178582602892	58.93686953103307	58.94982155430701	58.86750247738238	3.4095828563067534	57.96954395271552	59.94243136673579	59.9666852452082	56.65984875379494	3.8096953654129595	55.59748872537848	58.07743739638063	58.85790442275398
6730000	59.547709143025685	3.5389873596548598	59.9313677805238	59.990797702557785	59.999789127092	58.37952733717844	3.424465311064548	58.95006543650083	58.96076774296327	58.968272704410204	59.17967022049791	3.7029624896162328	59.877133673936555	59.9085592499504	59.935533690050946	58.391598155771774	3.3933908030993427	58.909667625582166	58.93740452350092	58.94961113042005	59.22978419156591	3.71043171290571	59.941886502335976	59.96100997991478	59.97451768235984	58.38596250260506	3.3899445784395916	58.90208545597639	58.936850206417496	58.94982155430701	58.870233132941415	3.4083686224054404	57.97663115542681	59.94386509490797	59.96729013531192	56.66388003305039	3.8079252449985397	55.59748872537848	58.07743739638063	58.85613933330688
6740000	59.54626927576026	3.5395466954142454	59.93197618752568	59.99209098537393	59.999783522291025	58.37939259788095	3.4259311358751523	58.950154786459066	58.96090247672227	58.96828665115626	59.17954645984812	3.702806587237717	59.87693220810654	59.90874553229855	59.93528550321441	58.39125119730969	3.394573365459057	58.9092831424792	58.93757940198289	58.949797311197244	59.2294551292587	3.710371447309899	59.940425703985866	59.96031247851906	59.97511799136389	58.38540246825971	3.3907561129933335	58.90208545597639	58.936889844257195	58.94989540983465	58.87144259806121	3.4092134713270723	57.968747705251886	59.94109003271676	59.96688337520198	56.66842103759613	3.8059947604881996	55.626906465649235	58.07743739638063	58.85790442275398
6750000	59.55079164832434	3.5382764058190306	59.94435211885086	59.992831323074824	59.99984071291672	58.37882096545246	3.4258094854549572	58.95035716825457	58.960467038669705	58.96811154608843	59.18038718571621	3.7029702212850135	59.87848399487413	59.90986491340062	59.93489290802884	58.39101518993048	3.3933238179530423	58.90959988001752	58.93767787492516	58.9498826218783	59.22891657550887	3.7102992575570743	59.94142942667454	59.96076044114183	59.974421217839364	58.38526482327673	3.3899687266541543	58.902646083315425	58.936937806793395	58.949872038249225	58.87416835757435	3.408419363371496	57.97608263628179	59.94421873337724	59.96751417254415	56.67118755326605	3.80471342107103	55.626906465649235	58.07743739638063	58.86245738796015
6760000	59.55028313310383	3.538247481806735	59.935151065000774	59.99221386172357	59.99982739215113	58.379097545224965	3.42466864606903	58.950599413849545	58.96071610375439	58.968323040675074	59.180882609760125	3.703045347296616	59.88021680545259	59.910431956953914	59.933197470619774	58.39202626921074	3.3911446965107173	58.91028176945007	58.937627876487134	58.949845944397275	59.22993144890283	3.710434125883309	59.941647073241654	59.96113489009588	59.9753459097588	58.38600499319026	3.3893457934089906	58.903239120052774	58.936937806793395	58.94989540983465	58.874752926837814	3.407546163831811	57.9734718098444	59.945176180460166	59.96845006748741	56.67479019187031	3.8040167992303378	55.626906465649235	58.08211941577281	58.86245738796015
6770000	59.551218188846384	3.5390686883271716	59.94069098244213	59.99170944114188	59.99963889927174	58.37886925817581	3.425880871431437	58.94982742573741	58.95971065027374	58.967764355548034	59.17789976286791	3.7024355834082567	59.87417426796584	59.90914469323251	59.93089930354003	58.39120508720289	3.3947341135199967	58.910898027541144	58.93771781554763	58.94976811455818	59.22978440329984	3.7103683478452627	59.94106572827997	59.959654387376546	59.97404470298105	58.385918903772776	3.390347748692084	58.90368659548727	58.936937806793395	58.949963025825994	58.8765145045651	3.4085685213894847	57.96738758524517	59.946373123227254	59.96743382419603	56.676149936933214	3.8027851344942674	55.626906465649235	58.08211941577281	58.85908322674277
6780000	59.551981444204515	3.5396451616464026	59.93913114916946	59.993200850653494	59.99969654642927	58.38005632138675	3.4261162468504773	58.95094604312055	58.96028504381208	58.96774615743473	59.178998587025454	3.7026514780012216	59.879061352381	59.90702705652335	59.93226272744507	58.39188335711204	3.3936808108357264	58.91097718374277	58.93773919234893	58.9498826218783	59.23122913746281	3.71063095999776	59.944795062035226	59.96115666791869	59.97373223848324	58.38614085991558	3.390243729004865	58.90368659548727	58.93697726571689	58.949971399875075	58.87731139113007	3.4080139071366586	57.97378838727573	59.942970455031436	59.96692390503533	56.67778811193978	3.8020752708839582	55.626906465649235	58.08211941577281	58.86245738796015
6790000	59.54899020035932	3.5392290986876684	59.93782325231985	59.99210163230594	59.99976103798032	58.37995944519077	3.42498032985496	58.95032927169946	58.960555512385454	58.96826222963857	59.17975174934418	3.702793571181062	59.87582414836843	59.90866625719009	59.934389128089414	58.3920239020848	3.3926312031632775	58.910718057979125	58.937740582196454	58.94991318327796	59.230924170682016	3.7105923654817854	59.94395983076505	59.961710952975594	59.97619530312406	58.386368194862506	3.3901636103775474	58.90368659548727	58.93731660173762	58.949971399875075	58.88050196309227	3.4058454485183027	57.98486137934173	59.94291796280521	59.96608251420219	56.6794933215436	3.801385201875546	55.6645411609357	58.088150758978145	58.85908322674277
6800000	59.54733821951865	3.5393950262597214	59.93341117233878	59.993072862370894	59.999769793754155	58.37903907633897	3.4256000225454124	58.94959471927265	58.960646427341274	58.96807702129383	59.18008011189238	3.7028421367644824	59.879217900093764	59.9095958856268	59.93391082058305	58.39188508941738	3.394313849858888	58.91097718374277	58.93776355467143	58.9498826218783	59.22808303740296	3.7100825287806587	59.940009968366674	59.96026124125805	59.974386691918966	58.38659851266975	3.3903142646741573	58.903877543716455	58.93741600384075	58.94997259816872	58.88481841643036	3.4068757198637263	57.992966646529766	59.945057777908694	59.96798168311799	56.68278483139694	3.7981270890393652	55.6645411609357	58.088150758978145	58.8545537004709
6810000	59.548919499372666	3.5392432632831365	59.92721088541187	59.99154408910951	59.99978129076767	58.37799393915203	3.4252146002959316	58.94892888019361	58.95967811186661	58.9678303033058	59.177575075866336	3.7023668747852567	59.87423671714534	59.90802505044512	59.93373441565626	58.39237432821034	3.393579489550007	58.91097718374277	58.9379219675047	58.9498826218783	59.22949308736692	3.710318774283059	59.94125690500858	59.9618816591727	59.97490461428411	58.38734902060975	3.390198763369223	58.90410118836502	58.93741600384075	58.94998556560917	58.88701715059395	3.406002835244416	57.993242410489515	59.94353150293107	59.96649298051473	56.686663734217845	3.7962565810573343	55.6645411609357	58.088150758978145	58.857730158436624
6820000	59.54464871320046	3.539184358289923	59.926530131273715	59.9892217078435	59.99966563605501	58.378618905129834	3.426714625023117	58.94849092413044	58.960454442252185	58.96802159099918	59.17995754347035	3.7027713831743596	59.8772495841239	59.908659205577834	59.93391698394296	58.392306024582645	3.394662752039164	58.91097718374277	58.938183070523465	58.94976811455818	59.229279931734055	3.7102542123738544	59.94011857520643	59.95955221856015	59.974880149821054	58.38710921086318	3.3904050232564624	58.90455152914515	58.937610937021006	58.94998556560917	58.88729019848266	3.407362686281417	57.997219414354774	59.944708884840594	59.966768547041895	56.69081324239107	3.7947904856881634	55.6645411609357	58.093365217110815	58.85790442275398
6830000	59.5454307712552	3.5393599544007874	59.922925699695305	59.99007635109132	59.99975397789408	58.378572860081974	3.4263521000224633	58.949076619022286	58.95985290383031	58.96727489446812	59.17786938915347	3.702314681202669	59.87578656732082	59.90728257560946	59.931828690554134	58.3922838442562	3.3935071219241215	58.91097718374277	58.938266511055	58.949845944397275	59.229605755626444	3.7103052587818732	59.94102597702351	59.96057136484896	59.97414519926003	58.38744581773982	3.3897875554260866	58.90455152914515	58.937610937021006	58.94998556560917	58.887258913814776	3.406826431699665	58.001836378923976	59.941886408674975	59.966660013390836	56.690946578583635	3.793773916339593	55.6645411609357	58.093365217110815	58.8545537004709
6840000	59.54935751666523	3.539876906460648	59.93155540698472	59.992062683202334	59.999766310212564	58.38020677394522	3.4259901746476578	58.94950475284484	58.96070164883296	58.96804234069079	59.17714991147857	3.7021664762261137	59.87415425520864	59.905102043182545	59.93268397022069	58.392792612535565	3.393759956347107	58.91118257868538	58.93846305416824	58.9498826218783	59.230252971926625	3.7104169526101645	59.94201492081939	59.96101765035584	59.97421534144954	58.38798605208359	3.389821341772566	58.90455152914515	58.937610937021006	58.950210620844906	58.888050682756706	3.4058970885148407	58.01353870814497	59.94209345085969	59.96616627218683	56.69492221540322	3.7919792660283016	55.6645411609357	58.093365217110815	58.85543732029983
6850000	59.54990094904487	3.539748196916903	59.938270191565096	59.991245934217346	59.99968783187917	58.38035265646705	3.424084700662528	58.949709510892994	58.95993743530067	58.9677983277156	59.17692574081971	3.701978929883753	59.874417725295075	59.906729069976734	59.93027122035767	58.393281867702406	3.3923917592804465	58.91118257868538	58.93853978775274	58.94991318327796	59.22873429779872	3.710078777865775	59.940171998339636	59.95997031953037	59.9737648893679	58.387940851607084	3.389848614273248	58.90461520298515	58.937610937021006	58.950421257042656	58.89115244642139	3.4042975149867427	57.9968410649429	59.9407264013669	59.965568516773956	56.69752805170648	3.7904301843787107	55.6645411609357	58.097235672718064	58.85543732029983
6860000	59.55161441825316	3.539391428262568	59.93331781131464	59.991024044423995	59.999713399533206	58.37860492007141	3.4259801221855017	58.95012627081137	58.9599062187526	58.96777048186317	59.1789903369438	3.702383508244457	59.87597280137315	59.907236816430796	59.93301985507199	58.3921738004768	3.3943800861584443	58.91114271990311	58.938528201141764	58.94991318327796	59.2302395867573	3.7103112017171944	59.93993444281772	59.96097214340114	59.97514126411401	58.38721138206034	3.391213885512183	58.90461520298515	58.937610937021006	58.950421257042656	58.893751916548645	3.406338357036359	58.03067507466882	59.94278391043993	59.9674087951515	56.70051188492422	3.7888681572426233	55.6645411609357	58.097235672718064	58.85543732029983
6870000	59.54707935030945	3.539189036424143	59.93243734225925	59.98822017557852	59.999569979114334	58.378746810073395	3.4244893029108283	58.94968861022841	58.96021116330345	58.968269026409956	59.17748394327062	3.702036842566167	59.87507979229483	59.90749994220196	59.93044407752739	58.39335192469604	3.392471101820709	58.911383257139065	58.93853978775274	58.949954906564145	59.22951176488846	3.710176801497303	59.940963746815186	59.96026344474733	59.97439397781034	58.38795146474141	3.3896270718530883	58.90461520298515	58.93764898482257	58.950421257042656	58.89811841309009	3.4044453655997646	58.04702097115512	59.943877013115014	59.966134734026824	56.70249207177622	3.7880254960405018	55.6645411609357	58.097235672718064	58.85395847677279
6880000	59.54537979639406	3.538693594122554	59.92705574099247	59.98965676978163	59.9997162830568	58.379674797353395	3.4252244090372264	58.949861090344356	58.96055406022393	58.96798757511346	59.17689527816475	3.7018667857286807	59.87349118963821	59.90437594295285	59.93172598901785	58.3934581567393	3.3926578987730616	58.91132899534582	58.93858587091736	58.949845944397275	59.229491998612694	3.710150011535415	59.9403487669061	59.96020669132505	59.973681449409305	58.388204374741775	3.3895404686121564	58.90461988482647	58.93764898482257	58.95046773324821	58.900297165897705	3.404738828161629	58.056800437900094	59.94428065900308	59.96698175915383	56.704945440300015	3.787043514515928	55.6645411609357	58.097235672718064	58.8545537004709
6890000	59.549206425695935	3.5387428310287135	59.93383522847551	59.98935350329137	59.99974744535716	58.380344335702986	3.4257827229889006	58.95098094432042	58.960314470742304	58.967316323268726	59.177276225715744	3.701937524796394	59.87312029061023	59.905856455109856	59.93244943690329	58.392922980008635	3.3940323908130106	58.91118257868538	58.93880399108437	58.9498826218783	59.22902398208074	3.710057369734957	59.940401802922885	59.959537644910725	59.97323028207705	58.38807283173098	3.3905310293432387	58.90461988482647	58.9380352385962	58.95056374192046	58.900012742415804	3.405273657519541	58.0569758507683	59.94329321720097	59.96728856731934	56.70717992330774	3.7857997690512097	55.6992151182581	58.097235672718064	58.85335339874514
6900000	59.54657997532503	3.539131591324142	59.93098189892969	59.989014588240224	59.99955633773824	58.380482045342035	3.425565466488247	58.95001335420815	58.96044436715679	58.9673483135107	59.1760393385677	3.7016649188017388	59.87440315231963	59.903638475873386	59.93037917805844	58.39351706502802	3.3941043735852223	58.91118257868538	58.93885807533441	58.94991318327796	59.229009597833446	3.709994825766397	59.94252582274848	59.95901858597273	59.972223505718134	58.388877900245355	3.390621952552906	58.90478017761993	58.93810996479509	58.950606095738316	58.900588704333636	3.4028678739003295	58.05312339248529	59.943240370233084	59.96480164005666	56.71073161926564	3.7852698475111755	55.6992151182581	58.10750776146232	58.85559343999377
6910000	59.54738374485973	3.5395377618997617	59.94095484281084	59.992908030881935	59.99975730287797	58.37999583602316	3.4265417150023416	58.95107387642049	58.96036932929415	58.96804282139385	59.18095026682455	3.7024104624717884	59.87875554952795	59.909233724524334	59.93383852439916	58.39330832820865	3.3939464530569317	58.91118257868538	58.93889070957458	58.95012091212814	59.229373683504576	3.7100733758899134	59.94136496799628	59.96112979196022	59.9738470244005	58.38890818991165	3.390045366422838	58.905744895992235	58.93810996479509	58.950606095738316	58.90525084142907	3.405200763390561	58.061626125884594	59.94726666812248	59.96713341683285	56.71208741433342	3.7846803205075448	55.6992151182581	58.10750776146232	58.85559343999377
6920000	59.5466069485001	3.539360036799651	59.9312668102727	59.99113512976371	59.99959255463741	58.378697852603764	3.4269467872380868	58.95110522467711	58.96087349380545	58.96814615824621	59.179493127541534	3.702077891909966	59.876602426188484	59.90760329587094	59.93296118435121	58.392634767163365	3.394394647916771	58.911383257139065	58.9389296894951	58.95029470258009	59.22951113248777	3.709991696413781	59.94208225789605	59.960019610647606	59.973413074773624	58.38847198430918	3.390420538930266	58.905744895992235	58.9381954097294	58.950606095738316	58.906767158154274	3.403506420675671	58.07183547702636	59.94311144268318	59.966550056652885	56.713183964860455	3.784035174323035	55.6992151182581	58.10750776146232	58.85395847677279
6930000	59.54978790381888	3.539661692086913	59.937890829203184	59.990021331820955	59.99973670341339	58.379809716174954	3.4274439290481595	58.9517156831615	58.96154127829112	58.96805216837575	59.179313275632474	3.7020092336460575	59.872130987747326	59.9049728921004	59.93354245880205	58.39338184251487	3.3948149898461137	58.912106127752395	58.939040729623215	58.95029470258009	59.22965877293246	3.710055923652054	59.94050551123274	59.96069446684258	59.97492854154039	58.388779822399236	3.3901384548552147	58.906258864900934	58.93823989460201	58.950656347641164	58.9103776223131	3.4049438800025182	58.07374980783213	59.945672373596906	59.96705031588553	56.71760510932069	3.7820400241550307	55.72177103459467	58.10750776146232	58.85649214771677
6940000	59.54704431450113	3.53923130057944	59.93337084053699	59.99083931547973	59.999775789712494	58.37987819778907	3.426102780739967	58.95137905262994	58.96039079697026	58.967935089248286	59.182862604312824	3.7026658923636804	59.88077504031412	59.91151748945449	59.932904699049054	58.39336272770678	3.3926051587926143	58.91291361215662	58.938992003956386	58.95033024103923	59.230171142406356	3.7101205234446346	59.94330104813941	59.96019696693473	59.97430316297921	58.38913296707505	3.3897525270367703	58.906258864900934	58.93823989460201	58.950711978744856	58.91183078750954	3.4030772155524085	58.08724289182916	59.94616639525735	59.96797626174978	56.71999875224085	3.7811526609926926	55.72177103459467	58.10750776146232	58.85559343999377
6950000	59.549145888193394	3.539145927826137	59.93757171711642	59.98935462427336	59.999639483115686	58.37992592200112	3.4257005492902484	58.950409759529755	58.9599171519061	58.968078130668	59.179764527512525	3.7020949120634614	59.878135576976746	59.90795627186802	59.9324882133663	58.39345863978712	3.393444450562432	58.91291361215662	58.93915776759985	58.950452467698184	59.228861294258344	3.709844220306358	59.94152499436696	59.95932485547873	59.973493734014724	58.38930580572726	3.3902583395164734	58.905744895992235	58.93826110878334	58.95074879708292	58.91281132948804	3.401727347769925	58.07374980783213	59.94428458870502	59.965401429984	56.722585223657205	3.7805817822225913	55.72177103459467	58.10750776146232	58.857730158436624
6960000	59.54641618998088	3.538906610254589	59.92877041925994	59.99048137167058	59.9997437630707	58.380632733535194	3.4252083258098884	58.9507550646895	58.96061852677972	58.96790595975922	59.18154135938917	3.7024021416842072	59.87883038837607	59.910420322687756	59.93270762054447	58.394269839395555	3.393303280139657	58.913842661955776	58.939248051869875	58.950542281158675	59.22977338511419	3.710045849500955	59.942909376666556	59.96051617609426	59.97414183490332	58.38976642767121	3.3905319655593242	58.906258864900934	58.938315291202876	58.95076558941321	58.917826535459845	3.400963625421816	58.08923521219535	59.94690722941248	59.96765832713045	56.72440958539393	3.7796456508801763	55.780378407770876	58.10750776146232	58.85474001789219
6970000	59.54635549630677	3.5385285717983184	59.92600376971671	59.99064177646309	59.99964569959139	58.38126051495136	3.426700187033498	58.95117226033508	58.96109216266246	58.96835867366276	59.181790067251015	3.7024511101633877	59.88004963772841	59.90937641310157	59.93414279694865	58.39481027272279	3.3926972563571947	58.91387522767826	58.939248051869875	58.950576809465936	59.231010474032495	3.71026749249404	59.943694523694305	59.96250004906925	59.97618201123247	58.39055982908859	3.389494491855915	58.90643709682373	58.9387381474726	58.95077543169789	58.9200458250518	3.4022354411087914	58.084967761128254	59.94322917198811	59.96782440304126	56.728305726458856	3.7790363936005034	55.79476080581068	58.10750776146232	58.855758980818955
6980000	59.54760871837339	3.538504649016959	59.932349513658146	59.99153723977821	59.99978700849902	58.37930449395405	3.424889921008974	58.95004694792482	58.96063428089755	58.968457415825256	59.17985648609017	3.701996299080281	59.87538025123447	59.907722607248495	59.93258113643355	58.39466560603324	3.3924058294574397	58.914304091869354	58.93931681508669	58.950576809465936	59.22940268143429	3.7099116695330996	59.93957665361115	59.960189936006536	59.974685997117554	58.390190689942784	3.389243693405207	58.906808287158746	58.9387381474726	58.95078545660125	58.92469225132927	3.400894850832809	58.09205353033997	59.94585600697257	59.96769370645654	56.73011851502092	3.778295604404152	55.79476080581068	58.10750776146232	58.85833149541969
6990000	59.54617613397231	3.538115059041268	59.934747743235675	59.98954606164834	59.99946056147146	58.379636258005014	3.4271123887056105	58.949322063324345	58.96052445936496	58.96846114116677	59.17927647293402	3.7018626184504706	59.874465346401806	59.90722638858668	59.93212784099401	58.3945188883422	3.3941020101402706	58.914304091869354	58.93931681508669	58.95063842907578	59.22940978115437	3.70990018157862	59.941415773378495	59.95982751296059	59.973467671532156	58.39012419252369	3.3904073875120093	58.906808287158746	58.938806968786764	58.95078545660125	58.92354740722731	3.4018494223003155	58.09711541156963	59.94346678558638	59.9670358593928	56.73239026981093	3.7767860227272827	55.80314186117724	58.10750776146232	58.857730158436624
7000000	59.553691756981344	3.539421206886842	59.94733873035999	59.992804856483176	59.99977988824701	58.37919884926794	3.425684276040884	58.95018867779263	58.96029434331605	58.96842016799815	59.18096938036625	3.7022097660181226	59.87580418937335	59.908778679844914	59.93355203590377	58.39482744561477	3.39376267791126	58.914304091869354	58.93931681508669	58.950656103007745	59.22950276418173	3.709947057326882	59.94153381752854	59.96161651207947	59.974449665121206	58.39036828258647	3.389467299598341	58.907569660779444	58.938988763894415	58.95078545660125	58.92511337302929	3.3998645906705796	58.09982287206165	59.94354491032274	59.966073747232706	56.73351542519296	3.7769156685354677	55.80314186117724	58.10750776146232	58.860099445002014
7010000	59.547340469050326	3.539090233314758	59.927507653859514	59.990591426256195	59.99979611762788	58.37844951729239	3.4274762766996023	58.95019642959991	58.96065986329342	58.9676842642905	59.17972000654894	3.702005461783865	59.87471132362127	59.90715670659277	59.93174320544095	58.39438997200348	3.395486290030508	58.914304091869354	58.93948233662138	58.95063842907578	59.22953475904239	3.709959620343845	59.93958943124076	59.96114961042609	59.975013398639064	58.389779950065396	3.3904116905551898	58.907359984239115	58.939034183275915	58.95078545660125	58.926358589381934	3.4022529965704145	58.09205353033997	59.945805444575825	59.96896596671894	56.735598051768804	3.77635288893935	55.80314186117724	58.120401697469646	58.85559343999377
7020000	59.541419638798835	3.5388621702950385	59.92007005701614	59.99040936781853	59.99972142150209	58.37820865728194	3.427370836903659	58.949686252131116	58.9600764551347	58.96737597692717	59.17886803859404	3.7018207267620116	59.874494294604304	59.90589252613894	59.93218282984094	58.3949254358708	3.394737764145479	58.91533669172882	58.939513565407026	58.950576809465936	59.22838113785169	3.709764307973406	59.93918922526503	59.95846053665289	59.97404538364697	58.39046864999067	3.39078196727589	58.907569660779444	58.939034183275915	58.95085127494773	58.92656770515447	3.4018747668349114	58.09711541156963	59.94369534357523	59.967323672144246	56.73810790438094	3.775590769177746	55.82683659367152	58.120401697469646	58.85833149541969
7030000	59.549743280643426	3.5395711706697863	59.93087640766505	59.991938861493054	59.99977516993154	58.379015258621656	3.4249427442024767	58.94961214422885	58.95939083482747	58.967024674115756	59.18007942532883	3.7019408068596835	59.875483385418164	59.907706012988044	59.93184144500013	58.39561456829156	3.3944675685697705	58.91533669172882	58.93969842565598	58.950656103007745	59.22903955402019	3.7098509343181436	59.94278488129799	59.960398175886134	59.97429253853346	58.39104604188227	3.3899502380823208	58.907851343226525	58.93911679803016	58.95125676153295	58.93049579857667	3.399852306165103	58.09711541156963	59.94315611449446	59.965653612565	56.74290917921456	3.772962847998982	55.90305312515942	58.13521835588489	58.85559343999377
7040000	59.552465081952896	3.5403045965898623	59.94050678882124	59.993768726707145	59.99983290278493	58.37915149592393	3.426031154329893	58.949359251470206	58.960377356543916	58.96762775558246	59.18058059840627	3.7020484310715704	59.8764262934673	59.907533539365474	59.93398203866086	58.395217845288904	3.3943344907490816	58.91533669172882	58.93998166195151	58.95067395709127	59.230257301482276	3.7100613106192717	59.94201967635511	59.96130580061971	59.974997475971875	58.390416809926705	3.3903537172403126	58.907851343226525	58.93922635936054	58.951380960219254	58.93090077864615	3.4005650743508724	58.09711541156963	59.94634957068213	59.967207951945284	56.74578311400065	3.7717988721480538	55.919729381748105	58.143647399113306	58.857730158436624
7050000	59.54750862526749	3.539804934915773	59.93351719039532	59.99095721593065	59.99973319380524	58.37981797157841	3.4250547325971175	58.951703357536864	58.96039248710321	58.96828048929609	59.17967338901131	3.7018218809896433	59.874091426999236	59.90665234707073	59.93342097945328	58.39569267939657	3.393790048667145	58.915606893618154	58.94009343748799	58.950659778583436	59.23246344734592	3.7098653823071843	59.94324212136341	59.960604349769284	59.97530812121439	58.391280193086715	3.3898227210381027	58.907851343226525	58.93929789520902	58.95139854553751	58.93166626321025	3.3992338555071533	58.100193550272124	59.94455475919591	59.9672760762876	56.74888962232799	3.7696127936677715	55.919729381748105	58.143647399113306	58.857730158436624
7060000	59.548907047323134	3.5398203065620626	59.93606791684395	59.99118056454192	59.99955309123489	58.380579484165075	3.424838578410724	58.95023890329563	58.96086150644279	58.96816213778661	59.17870642737227	3.701605612223501	59.87202061924042	59.9063020491273	59.93201043305012	58.39509674362689	3.3944192826479287	58.915569684488204	58.94010873571517	58.95080708464725	59.23117401866858	3.7096736502150054	59.93948302181453	59.95934531404281	59.975090188514784	58.390682338924876	3.3902511505854807	58.907851343226525	58.939458334571285	58.95141870860261	58.93042354979435	3.3983918502660857	58.13758667389558	59.94422211954106	59.9663599879285	56.75113693583627	3.7687021955087623	55.92845328043465	58.143647399113306	58.85833149541969
7070000	59.54490017441654	3.539655956691189	59.930113180004284	59.99107870306082	59.9995841571239	58.381246575598134	3.4252295379793876	58.94955968050529	58.96064090659474	58.96814306253348	59.18030800956582	3.7018928213225646	59.87459985938842	59.908512790441065	59.93311615240973	58.39596439860779	3.3953823202079914	58.915704570823344	58.94010873571517	58.950873516854855	59.232676747261394	3.7098327137896177	59.94192486670203	59.960222992498274	59.97488474075594	58.391154392012034	3.391017766268356	58.908332922076696	58.93953180905351	58.95144365463959	58.931483122392656	3.399137776432523	58.13758667389558	59.94628267013615	59.96750982390393	56.75345946229149	3.7679368541981972	55.92845328043465	58.15397678637326	58.858246179957916
7080000	59.550618639309455	3.538005211274773	59.94115687122699	59.99328977840151	59.9997571178898	58.38205168200882	3.426208359294549	58.950639467105205	58.96030699403235	58.96743132921121	59.18108941360224	3.7020459960802077	59.875975722398536	59.90930759575612	59.93585223491468	58.39597389024589	3.393239131641685	58.915976952028466	58.940119217879875	58.9509091330344	59.2332748030646	3.709980217401921	59.94337868500365	59.96206179809869	59.97464479251066	58.3913079801102	3.389814348968781	58.908332922076696	58.93970630165923	58.95144365463959	58.935385931327374	3.399680810081961	58.13758667389558	59.946618893908635	59.969112655743686	56.75658812570966	3.7666990184742146	55.92845328043465	58.15397678637326	58.85658484459824
7090000	59.55039781178465	3.5387893188939885	59.94658284463618	59.99403296699421	59.99975268739192	58.38163390854	3.424869065529643	58.951309016986386	58.96116988215874	58.967942803404114	59.18010179135895	3.7018591843028865	59.87496269455412	59.90719625964816	59.934271008912276	58.395569863147216	3.394571180441588	58.91577891556052	58.94016215454011	58.95102308414838	59.23162958926434	3.7095753457272793	59.94040633780914	59.960605785643594	59.975418141036855	58.390958376927735	3.3904393064100042	58.908332922076696	58.939918285461445	58.951424058449064	58.936870223723474	3.3969459650246647	58.13942636142008	59.942981208392816	59.96703496817048	56.75876529422908	3.7665352298700547	55.92845328043465	58.15397678637326	58.858246179957916
7100000	59.54413168614226	3.538431068075452	59.924763330739175	59.98981354661072	59.99958417869824	58.382272795265095	3.424665842522209	58.95131816834977	58.96104916389373	58.96787731531484	59.17817590820735	3.7014849032822963	59.87458387028559	59.906496882231764	59.92976136799004	58.396383515608456	3.3938688332046336	58.915976952028466	58.940239311952226	58.9511305761921	59.23196248150863	3.709607815907054	59.94070689259293	59.960598823886315	59.9741959430327	58.39181172203495	3.3905853367573955	58.908332922076696	58.94010678927059	58.95144365463959	58.93820391588397	3.3968035593726884	58.140277801598536	59.94547312920744	59.96716440179864	56.760165697090585	3.7660487249025456	55.93360139067638	58.160565768561455	58.855226605787614
7110000	59.55019121556331	3.538788758477755	59.93376519417775	59.99113238936815	59.99965734422711	58.38151315092218	3.425391666094624	58.951924874923236	58.96090648902333	58.967423035214296	59.18101543068709	3.7019854212108854	59.877528315380175	59.90760229551857	59.93060026322438	58.396416236386614	3.3927067627615157	58.915976952028466	58.94035065983442	58.95114700533162	59.23179461047599	3.7095729281642593	59.941745134949194	59.95949096786947	59.97422678980796	58.391969673387024	3.3897371514693844	58.908332922076696	58.94010678927059	58.95144365463959	58.942151701840686	3.397930096971725	58.171303826032606	59.94560793060928	59.968550626471085	56.763712929897125	3.7647978615511803	55.95914224666526	58.166040430799754	58.857730158436624
7120000	59.553638547458114	3.53897294197782	59.95167914479332	59.99273574125998	59.99979898456265	58.38125237149619	3.426952275471668	58.950183192218844	58.96042595573115	58.96788638030565	59.180147021942055	3.701825602161002	59.87603157578137	59.90640295805065	59.93218827736037	58.39606416272233	3.394679437104177	58.91617048935461	58.940438055629286	58.95116131608497	59.231479828672384	3.7095211680534836	59.940335931166786	59.96088758119576	59.974159409751664	58.39165015120982	3.390002822422614	58.909666931559705	58.940195743859974	58.95144365463959	58.944125621760264	3.399111769254243	58.19751262210699	59.94519044751574	59.96776528464452	56.76481453281589	3.7636877830258055	55.95914224666526	58.166040430799754	58.85474001789219
7130000	59.549566630971874	3.5394372775148857	59.93886377788863	59.99127726408071	59.999763506531984	58.38115004031526	3.426090455777528	58.9487848180267	58.95991428597077	58.968069472661696	59.18100781444108	3.70199901718425	59.87507680830807	59.90878528933639	59.933713571645086	58.39684849880056	3.3964433538641567	58.916271193420705	58.94035065983442	58.951196297428595	59.231287916289006	3.709499326117613	59.94090187939298	59.95976716760561	59.97376686328224	58.39224471616806	3.3909311271376943	58.909666931559705	58.940218277324924	58.95144365463959	58.946736023818886	3.3989016312035636	58.19751262210699	59.94717554554292	59.96735661558443	56.76567020391067	3.7632125219078665	55.97936688883636	58.166040430799754	58.85392066547064
7140000	59.54850505492965	3.5391741995163084	59.926395870346234	59.98892569800603	59.99969712138595	58.382850563092745	3.424886535865581	58.95067448379828	58.96074680441124	58.96809771769576	59.179803874059665	3.701760640805025	59.875681413691	59.90642957279556	59.93163882738557	58.39725527800524	3.3935634402207064	58.916271193420705	58.94050188387121	58.951196297428595	59.23271142377584	3.7097653218806106	59.94084893297345	59.96170421439778	59.974509913013634	58.392516315806326	3.3900872607260593	58.91045387821766	58.940295678105706	58.95164490250215	58.94812565750225	3.3969105666677315	58.19751262210699	59.94728674767791	59.96712976722596	56.76836885948011	3.7626640646264744	55.97936688883636	58.168990256289995	58.85392066547064
7150000	59.54812532444518	3.5388329417574274	59.92448508807645	59.991959482297446	59.99985576368253	58.38163386526636	3.4260442907687603	58.95018759782373	58.96056428586131	58.96869674510435	59.181551898115906	3.7019151907713836	59.87335823158799	59.909481201723025	59.935950030396356	58.396749496157106	3.393940100972056	58.91665296703398	58.94050188387121	58.95129993869761	59.23243811209949	3.709637490642469	59.941201875436924	59.96109356733632	59.975629014320944	58.392666582838864	3.3903219030741543	58.91045387821766	58.940386520844825	58.95168713847417	58.94875782705005	3.39865299575233	58.19751262210699	59.94739334681411	59.96780616520078	56.77002912381564	3.7630534679007894	55.97936688883636	58.168990256289995	58.85474001789219
7160000	59.54635717899141	3.538969767928515	59.933734954848774	59.989980160314886	59.99976379060152	58.38046383251833	3.424098753466918	58.949273779007754	58.95998065873713	58.96795295636541	59.18095679774766	3.7018069982285025	59.87676528692221	59.907358803874594	59.93423879891137	58.396790190692144	3.3943673627907716	58.9164136945499	58.94050188387121	58.95146373600522	59.231488032243966	3.7094462880489063	59.94012062817053	59.96063952405725	59.974601822712614	58.39316778178741	3.389891867304224	58.91045387821766	58.9405330000987	58.95174269692983	58.948632978501195	3.396154362058366	58.19995512246685	59.946684743640404	59.967641143850216	56.77014943786259	3.7626090646974553	55.97936688883636	58.168990256289995	58.85439550739
7170000	59.548631237384726	3.539487709901846	59.93883450844493	59.99130057696678	59.999784953709636	58.381088250919575	3.425357932782587	58.949227982006256	58.96005085514581	58.96808394533813	59.18396120203787	3.7023893943655812	59.87699971951649	59.90951545288905	59.936216004843985	58.39650184427737	3.395045220448015	58.91675792482945	58.9405351561435	58.95146373600522	59.23358675396416	3.7098409082874095	59.94408517699593	59.962458231198525	59.975795438218874	58.39249862994129	3.3907868890439206	58.9107028587859	58.940563318880216	58.95174822570246	58.95269525742965	3.3970553296750037	58.228911448214696	59.945270665283175	59.968042893067086	56.77254418691319	3.7623463990221633	55.989546067050384	58.168990256289995	58.8545537004709
7180000	59.54932509096585	3.5391493418705946	59.94083973647176	59.99191896486846	59.99977465815759	58.38224042100525	3.427209098586728	58.95047573658813	58.96069463315185	58.96820823175292	59.18141036046409	3.701865282505475	59.87478551553757	59.90700460227785	59.93405288850056	58.39670097075748	3.39477765194943	58.91675792482945	58.9405351561435	58.95143254026377	59.232707374446356	3.7096344411752504	59.942274500346365	59.96082586632781	59.97552436401016	58.392689273322304	3.3905716447318173	58.9107028587859	58.94057720499653	58.95174822570246	58.95317626163746	3.3992132392956282	58.228911448214696	59.947022096713155	59.96693161007259	56.776045385900574	3.7605571346741185	55.9952523787191	58.168990256289995	58.85474001789219
7190000	59.54710590091604	3.539117241098858	59.928723687366286	59.98953637258034	59.99957515139932	58.381831466039415	3.4259333479549605	58.94988913739393	58.96032193251938	58.968581121795445	59.180936739101895	3.701753380993674	59.87505004028391	59.90687672107353	59.93221676887628	58.395936256662814	3.394465770675715	58.91675792482945	58.94056104141947	58.9514028075462	59.23233389657315	3.7096150385805005	59.94145673055282	59.96144404778854	59.975173483852586	58.392524146206675	3.3908157638458634	58.91119155671099	58.94060064953253	58.95178731842481	58.95303622795979	3.397337567111267	58.228911448214696	59.94840103746958	59.967256838851945	56.77748038852599	3.759016085601269	55.9952523787191	58.168990256289995	58.85392066547064
7200000	59.54787208709867	3.5394126038141662	59.93331492138735	59.99101947615851	59.999644921714804	58.38099229880122	3.425805252318419	58.95107788380601	58.96065251861941	58.96812385521361	59.18150755579667	3.7017891878395432	59.87367139177151	59.908327402183815	59.93383147606178	58.3968694244896	3.3949358155564138	58.91727264166504	58.9405351561435	58.95143254026377	59.233268828983974	3.7097544896733545	59.942129005533005	59.96187628598713	59.973998300865915	58.39314987760015	3.3912333603367135	58.911441309223946	58.94060064953253	58.95179534302443	58.953335074550125	3.397050655065043	58.228911448214696	59.94720329069172	59.96607528614937	56.780390487004595	3.7588387571062793	55.9952523787191	58.17263191677343	58.8545537004709
7210000	59.55524184177772	3.5404653474776633	59.9420474590473	59.995028577444415	59.99989773754204	58.38128643181151	3.4238346384191134	58.94968808003524	58.96019655383202	58.967870333340045	59.18195139317783	3.7018737331800784	59.87618020299045	59.907899530915735	59.9344043352242	58.397417154506996	3.394349199014595	58.91675792482945	58.9405351561435	58.95146373600522	59.23127299571781	3.7093487317520943	59.93981082908139	59.95873923616723	59.974556723309306	58.393587098664426	3.389978780887219	58.911441309223946	58.940631731395925	58.95185087818586	58.957584584532036	3.3956498103729067	58.23978224271423	59.946343799517635	59.96853104075029	56.78314932630642	3.7579928955459327	55.99645464546605	58.17263191677343	58.85474001789219
7220000	59.55294932714437	3.540556649201909	59.94449644079566	59.99316025462846	59.999741094223396	58.381631118416685	3.4248761132048444	58.94943155481266	58.96037787532891	58.96789225678435	59.18150892345483	3.7017615392073986	59.875693445589185	59.90692088005632	59.93407404760738	58.397296375737504	3.3944675966440743	58.91712752801662	58.94056104141947	58.95162250669131	59.232217564709536	3.709529165757138	59.94216095057342	59.960400919980884	59.97430279025097	58.39398400676553	3.3905801441858925	58.91150992290845	58.940631731395925	58.95187988512454	58.960539298499384	3.395940343224305	58.24700563828391	59.94835230467439	59.96781810618886	56.78710699011819	3.7571688642095347	55.99645464546605	58.17263191677343	58.8545537004709
7230000	59.55075127899483	3.5398856302683885	59.94194311448346	59.99278498532185	59.999727068444365	58.381853132646505	3.4255047398742247	58.951347233294335	58.960669860988915	58.967827631374654	59.182548624791266	3.701933695367324	59.87786710678169	59.908363960521115	59.93442104986581	58.39715123911651	3.393051084383288	58.91712752801662	58.94059026078388	58.95151220271636	59.23271587154559	3.7096248723310516	59.94130960566866	59.960860084140656	59.97371309631946	58.393886520443935	3.390035236967351	58.91150992290845	58.940631731395925	58.95189853344795	58.96088595994462	3.3962038438148894	58.24794865122105	59.94656979141925	59.96771400336159	56.791122672517616	3.752859618213222	55.99645464546605	58.17263191677343	58.85474001789219
7240000	59.5515836408811	3.5386370237117193	59.94395029467625	59.992173939266394	59.99978109164263	58.38228424725496	3.4245986424080233	58.951131177186724	58.96094437710853	58.96741050232217	59.18113623137031	3.7016795032473655	59.874859683889426	59.908181382637736	59.93298356837878	58.396564055932586	3.3940552059755196	58.91727264166504	58.94074337425474	58.95163897318678	59.231540676217186	3.709370755875172	59.94032703725077	59.95995698828898	59.97411197563844	58.39330296887672	3.3904271390860257	58.91150992290845	58.940682244324385	58.95199752591605	58.95847118141915	3.3943910138482467	58.24794865122105	59.94689235884277	59.96656345943731	56.79310693414899	3.7518166640960344	56.00070566169785	58.17263191677343	58.85474001789219
7250000	59.550771356557256	3.538867657815594	59.94623745377185	59.99123982514664	59.99966322957579	58.38159596842801	3.4259772825061594	58.950538586516394	58.96122026506761	58.96863448654844	59.18250907367567	3.7018441736775585	59.87761600455252	59.908840107234546	59.93199716395653	58.39685056875296	3.39505330649529	58.91727264166504	58.940762848222306	58.95168440575122	59.23211321642306	3.7094535130981785	59.94122926740849	59.960294303851285	59.974525783090385	58.393727794948184	3.390506804597061	58.911779953211855	58.940781077637666	58.95199752591605	58.96342238170965	3.3958934074152327	58.25378158804314	59.94694661083196	59.96711455187148	56.7958193303079	3.7493379619785423	56.00070566169785	58.17263191677343	58.85392066547064
7260000	59.552235107913816	3.5383790440016933	59.93670896019565	59.991111533125704	59.99976086854787	58.381226214612944	3.4263518463935845	58.95050174314102	58.96001678113147	58.96777432443547	59.179783816502685	3.701337873483311	59.8715761601767	59.90395131952823	59.93279920528029	58.397719564753736	3.393773535704741	58.917456632044264	58.940762848222306	58.95163897318678	59.23174037343322	3.7094205748859563	59.9411120216149	59.9603310424277	59.975135554038005	58.39484286520916	3.3899091494865345	58.91170515277741	58.940878417671044	58.95189853344795	58.96687058413126	3.3967028871958145	58.25378158804314	59.94599108631817	59.96782811422959	56.79778025422834	3.7477246956174155	56.00070566169785	58.17263191677343	58.85392066547064
7270000	59.545178342479204	3.534592066648787	59.920956086889774	59.99026313524763	59.99962828854313	58.382363037960644	3.4239242653216557	58.95119779949704	58.96102753182893	58.968853990817706	59.18168565589412	3.7016952135502867	59.872230393799114	59.9079582972995	59.934525236481775	58.398232494057254	3.3930554786596763	58.91727264166504	58.94079320054385	58.95168440575122	59.23265622566694	3.7095885708474317	59.94298055292704	59.96199413923251	59.97544471415749	58.39497440514731	3.3904052860843485	58.911779953211855	58.941101265402054	58.95189853344795	58.96891036560136	3.3948964734158555	58.256277096983226	59.94740742837	59.96889219055349	56.800211993518005	3.747132886880131	56.00070566169785	58.17263191677343	58.85439550739
7280000	59.54710261411077	3.536485394281099	59.92978873523754	59.988438306644895	59.99967186159532	58.38108219981373	3.426168983838057	58.95072459389327	58.96091478309094	58.96840207943612	59.18215429143505	3.701771356954546	59.87832154914914	59.9080443687464	59.93069724665915	58.39736960010398	3.394110200244496	58.91712752801662	58.940769901243755	58.95168440575122	59.23218752672041	3.7095111169455643	59.942018435762186	59.95988348179969	59.975012354078956	58.394265173269126	3.3906113418575203	58.912166813976846	58.941243187888176	58.95210248887689	58.97328376441716	3.3960293558866	58.26259849685445	59.94850444044057	59.96811729385173	56.803176482385744	3.7454659680998454	56.001466241870716	58.17263191677343	58.85439550739
7290000	59.54974572499561	3.53837705683181	59.93975101930457	59.98971549292732	59.99975948604251	58.38092535944981	3.4258756943753057	58.95104950551236	58.960926210627875	58.968322628865664	59.18236007296109	3.7017839210203825	59.8784109391338	59.90611660627025	59.932318267714834	58.397609565102385	3.39515070166179	58.91727264166504	58.94079320054385	58.95174858968616	59.23232274370617	3.7095168214043053	59.940557428855385	59.96103550291574	59.975430617906525	58.395044417420564	3.3904291548801204	58.912166813976846	58.94128391071425	58.95210248887689	58.97723687813144	3.3956438655474	58.28857626537561	59.946626559172856	59.968082365335626	56.80445209598989	3.744006735795309	56.001466241870716	58.176033173615984	58.850693968642844
7300000	59.54754090662899	3.5387378068993542	59.93367328908661	59.99129142459478	59.999854948966544	58.380650880842325	3.426875071748633	58.949414155335134	58.96051203860406	58.967800166306056	59.18192337370529	3.7017555203574166	59.875147276463935	59.905068316869915	59.93336441947345	58.39785198979736	3.394528059097396	58.91712752801662	58.94082355465355	58.95177873911439	59.231872341855336	3.709438651947391	59.938956017701294	59.95984194255412	59.97557461915645	58.39548140054116	3.3903687726626095	58.912166813976846	58.941307659646824	58.952206848243556	58.98017523837478	3.3960721784067287	58.3366661651682	59.946292964692766	59.968092760225446	56.80799807501524	3.742277932903854	56.001466241870716	58.176033173615984	58.850693968642844
7310000	59.546268578394766	3.5391754916707376	59.931167344554424	59.98968894139432	59.99945383442112	58.38111092205964	3.425300275139374	58.94914899549613	58.96022490820609	58.968238063879504	59.18039380687222	3.701415703108968	59.87436963148587	59.90517079550748	59.93180047674508	58.397324286635275	3.3951719044387554	58.91771074930475	58.941111706006225	58.951806318425646	59.23105667163285	3.709269956545472	59.938080106615985	59.95931225187245	59.973478832693004	58.39502786942684	3.3906114639241856	58.912166813976846	58.941415219787984	58.952289514686925	58.98121685855433	3.3935414878584917	58.34755660682147	59.94421556341041	59.96593449174766	56.81027026766332	3.741754702983898	56.001466241870716	58.176033173615984	58.85221159656703
7320000	59.5449306257251	3.5392086464380665	59.92031898246994	59.987252713097625	59.999568926092344	58.38160258135939	3.424281981705353	58.950223081598295	58.96052847213921	58.96788412125294	59.18038693369569	3.701412804300338	59.87309131787681	59.9074231739736	59.93036787288951	58.39768101108395	3.3935238357484967	58.91835594670646	58.941294392286814	58.951834661770604	59.2323176862595	3.70955424365183	59.94196328471626	59.96101619126932	59.975652305330755	58.39483849100199	3.39050817158361	58.91260165554497	58.941523166558426	58.95245492965374	58.983026424054685	3.392537108662381	58.37413200668908	59.946551565659064	59.9678450781679	56.81358451401471	3.741987324117618	56.002339494642335	58.18050154273047	58.85392066547064
7330000	59.547941984514004	3.538931731460788	59.92976474679184	59.99218642730604	59.99974973053877	58.3812766912612	3.424237127076505	58.95042370239839	58.9607984528549	58.96779757562167	59.181968015592794	3.7017077987250713	59.8743189713571	59.907384510079694	59.93297748300914	58.39868023866359	3.3926186253418904	58.91835594670646	58.9413421836874	58.951834661770604	59.23319392607292	3.709624426626395	59.94161131176956	59.961133416402916	59.97573908199206	58.39598175134353	3.389637302948738	58.91336819716536	58.94149042022691	58.95245492965374	58.98541299078666	3.3915356918494024	58.37413200668908	59.94662475530789	59.96707040256255	56.81569387320378	3.7416381204715288	56.002339494642335	58.184533238187264	58.85392066547064
7340000	59.548548314042804	3.538869148834369	59.92947463262068	59.993005497738565	59.99982926973192	58.38136956970964	3.4239535839261923	58.950816747487245	58.960800642329176	58.96888479343103	59.18336067424503	3.701952116751256	59.87710649250318	59.90650499900171	59.934909390051196	58.39854179934502	3.393827876201493	58.91794917166895	58.9413421836874	58.95183065027062	59.23311593522504	3.709633725117682	59.943262908626	59.961868971665886	59.975474144161744	58.39587393984086	3.3900566399696257	58.91336819716536	58.94149042022691	58.95245492965374	58.98750524913055	3.390771469910117	58.37413200668908	59.94614320933988	59.96659334145663	56.818651507556574	3.740976261856743	56.00162644023668	58.184533238187264	58.85318588003031
7350000	59.54895258196928	3.5391734234293297	59.94163957641149	59.993198167158994	59.999798956143096	58.38148340364711	3.425086407700127	58.95017453276246	58.96133886715195	58.968870380400574	59.18163578630794	3.7016153103886555	59.87438431641179	59.907358562778626	59.93550513179711	58.39837627876071	3.39377560097066	58.91835594670646	58.941508726515536	58.95198279206683	59.23287614857729	3.70953297861715	59.94163902658642	59.960267813721856	59.975216172800444	58.395912215157914	3.3898579268146767	58.913733593251294	58.94161568091609	58.952508552452	58.98986777597397	3.392131072451411	58.39006512250343	59.94941964391253	59.967912002474804	56.81995851358987	3.73941887049753	56.00162644023668	58.184533238187264	58.85221159656703
7360000	59.54552160098498	3.5391175268040387	59.936578391181556	59.99006342137885	59.99970143916836	58.381906080319986	3.4263257901634714	58.950890536096324	58.96109227750941	58.968966485858346	59.18248021189088	3.701738153846734	59.877793920819975	59.90778661026992	59.93420652759935	58.39866062701809	3.3949841234236673	58.91859263315956	58.9415364464882	58.95191272036397	59.233247981208756	3.709587378997021	59.94330854588493	59.96197622516945	59.97419131485195	58.39590165402496	3.3901627877587726	58.91437914052785	58.94173387127815	58.952508552452	58.992084355176374	3.392787754603648	58.40394648545182	59.948402787604515	59.96961996345646	56.822073773310144	3.7394767907511133	56.00426184039412	58.184533238187264	58.853485468250895
7370000	59.54971342173519	3.5392803546381817	59.93237057467274	59.991659822713416	59.999690205269616	58.382131005554896	3.4263068113738697	58.951274852957596	58.9610403358965	58.96801955552996	59.179220202029036	3.7010971704221864	59.87119354066161	59.90243684292639	59.93104757040082	58.399244471163264	3.3952396982331154	58.91860130759768	58.9415364464882	58.952020145825685	59.23077263018205	3.7090948240163772	59.93870392509183	59.959403596458124	59.973803415061155	58.39624456179307	3.390690078246051	58.91448043193507	58.94182073509213	58.95263161197163	58.992491696456476	3.3940495049253037	58.40394648545182	59.945909109411296	59.96720552611286	56.8247061861716	3.7392059027944704	56.00426184039412	58.213535502776736	58.85333155690272
7380000	59.54751567528187	3.5393098026580856	59.93302298243463	59.9914761889629	59.99968129069471	58.382687499301944	3.4260514581447077	58.950828281666595	58.96065844246735	58.968238320701346	59.180711115199074	3.70137667433179	59.873994822532566	59.90641193544779	59.9318550601937	58.39885720653297	3.395106638700267	58.91882274536932	58.941568440713866	58.952133610807095	59.232784106770424	3.7094207597096065	59.94127192079717	59.961050744799586	59.975239855536046	58.39586451720079	3.391637936553232	58.91448043193507	58.941857160061204	58.95267584016212	58.99479251890986	3.392133039126389	58.413951847598724	59.94731793421157	59.9679111945052	56.827333483579515	3.738186850596695	56.00426184039412	58.213535502776736	58.8545537004709
7390000	59.552392403168504	3.539986896667029	59.93739743272173	59.992385078930894	59.999749968186364	58.38254419131654	3.424042639896114	58.95039594071441	58.96079620561294	58.968334644145955	59.18184910720777	3.7009515653499823	59.87446762919954	59.908236855338274	59.93251994689499	58.399066213509975	3.3929780590485916	58.91882274536932	58.94158573496412	58.952133610807095	59.23375221837771	3.709593743679369	59.94425026424083	59.961362459554095	59.97467130756099	58.39667841690816	3.389535867593009	58.91480925384872	58.94190439382782	58.95269648681146	58.99659969182384	3.3901423933882406	58.417529942875156	59.949938991959755	59.9676691646998	56.82825200882214	3.7369411540302786	56.00426184039412	58.21497157115006	58.85439550739
7400000	59.55053060544161	3.539807328192482	59.93347712951028	59.992562176216964	59.999758280449385	58.38217856718562	3.425929371127017	58.95147296270029	58.96105277613199	58.968631535484526	59.18330229735676	3.7012265021278954	59.876813495308205	59.90686675108775	59.93337842216782	58.3999058373732	3.394072826531336	58.91869420585657	58.941766413614914	58.95204615360206	59.23302924483419	3.7094151916285862	59.94133989019499	59.96093366565269	59.97570368737305	58.39684872751084	3.3901239020001483	58.91480925384872	58.94190439382782	58.95274295052475	58.99707840621706	3.391768425482336	58.417529942875156	59.94929708389056	59.96951761350229	56.83089409330268	3.7356330046460235	56.00230826044838	58.21497157115006	58.85333155690272
7410000	59.54986378239403	3.539292889984546	59.93394192732037	59.99089097889494	59.99976800624673	58.38110274046704	3.4253486840764227	58.95094755680665	58.96129899206202	58.968965273084656	59.182243549181784	3.700984905048412	59.87637413823221	59.907733400021826	59.932702468965516	58.399626717599034	3.393141597682722	58.919198468949865	58.94184996756029	58.95224704149544	59.23230982875847	3.709284545571087	59.940183632644235	59.96052647846845	59.97474558373575	58.396641421301794	3.3896056970272106	58.915321908515395	58.94212714254516	58.95271608133453	58.996239719470495	3.3914337496562186	58.418035510984474	59.94733830232205	59.96693886898491	56.832885605473145	3.7358489585830323	56.00230826044838	58.2163417098466	58.85474001789219
7420000	59.54671075187955	3.5387624091975542	59.93497740827762	59.991199035859594	59.99966813534882	58.38231798853431	3.4258265315501943	58.950659518065436	58.96056926447606	58.96812229541972	59.18128914060551	3.7007863704279544	59.87447923026917	59.90741325275003	59.93116883653954	58.39968347842924	3.3940237735071963	58.919370909593454	58.9419090847482	58.95230784446198	59.23165588558525	3.7091360115570207	59.94058445408144	59.9605888371103	59.97447770124325	58.396495190784	3.3908333912500326	58.915593017313086	58.94221557381377	58.95281306754256	58.998243203962	3.390991757357016	58.42363515126276	59.94693081911104	59.96761814494515	56.836500780604354	3.7339521495249843	56.00230826044838	58.2163417098466	58.85524576030011
7430000	59.545272952932855	3.5388279350243095	59.92772370113917	59.987686366708374	59.999734278831546	58.381770171638586	3.4259352968907724	58.9511714369882	58.961038872874056	58.967568803357395	59.18171081882921	3.700853932788227	59.87345902238067	59.907367299706166	59.93314151442135	58.399420613610836	3.393981178491282	58.91949170828745	58.9419090847482	58.952248363577716	59.23114582167845	3.7089622566600067	59.938546433286824	59.95951023616047	59.973619490347936	58.39642775783559	3.3907942192906475	58.916082974324304	58.94221557381377	58.95286320831268	59.00187614145799	3.3908690360354514	58.42664378226269	59.9474690802497	59.96727257894621	56.838681690231546	3.732113918798626	56.00426184039412	58.2163417098466	58.85333155690272
7440000	59.549498274005636	3.5391711289231607	59.94038272124388	59.991938889622176	59.99977571045484	58.382183226965616	3.42816257270078	58.95061481888884	58.96070709423845	58.96823947815224	59.183488273817765	3.7011997860654486	59.87776440087493	59.90807610551151	59.93597435819914	58.40020650595242	3.3939659005072875	58.92021004761572	58.94215305492939	58.95230784446198	59.232884631458504	3.7092479705482186	59.94079378265027	59.96040239863016	59.97463252823088	58.397120110944115	3.390222353159044	58.916082974324304	58.94228420133206	58.95286601244294	59.00242472878065	3.393721756094203	58.42664378226269	59.94814208639656	59.96733800337451	56.84054851841283	3.7301131738218523	56.00426184039412	58.2163417098466	58.85333155690272
7450000	59.544703221823134	3.538990382478178	59.93095309157062	59.98943452856217	59.99968578459044	58.38105470208489	3.424551108798419	58.95028490987297	58.96059891571396	58.96791146309178	59.18186943473501	3.7008726369368166	59.87719965497088	59.905641089544346	59.93130378058261	58.40068691872676	3.392997500769365	58.92021004761572	58.94215305492939	58.95252537914878	59.23301177409443	3.709281192549827	59.94079437053807	59.96196900753142	59.97487606266379	58.397706184874714	3.3901641838191297	58.91645620470596	58.94232468092899	58.95288169689663	59.006776226115946	3.390263892496125	58.43047894853832	59.94741102964731	59.96907701391583	56.84361379255218	3.728382660312959	56.005754119440006	58.2163417098466	58.85439550739
7460000	59.55136114728488	3.53901632626759	59.93767070603682	59.99310001521718	59.999790657407296	58.380779144409466	3.427444486364183	58.950558033655085	58.960732324300025	58.96816265153453	59.182008105152406	3.70088990665	59.875477324371694	59.90627577104169	59.932505065232135	58.400245039148935	3.3939833811423297	58.92049840847044	58.94217463785897	58.95271546481305	59.23188725274122	3.7091062944612863	59.94235697572147	59.95970143108538	59.97476382692958	58.39723900018176	3.389677170404515	58.91645620470596	58.94232468092899	58.95288169689663	59.008187856330906	3.3931852302302192	58.43047894853832	59.949778532195964	59.9673990728422	56.84672463811348	3.7279327093063195	56.005754119440006	58.21909050751374	58.85439550739
7470000	59.54860185987695	3.5389676567049273	59.92956413546264	59.99099946996981	59.999623378175876	58.380098567707606	3.4263578516022815	58.95005581434792	58.96046986259458	58.96804106708264	59.18214366069729	3.700913292307868	59.87495780069098	59.90591209891445	59.93111059605289	58.40119933157331	3.394233893868957	58.92059506449345	58.94219774390114	58.95272651449318	59.23257234153952	3.7092257810274214	59.94206089358191	59.9610060281149	59.97479846360842	58.3983729917929	3.390613099375512	58.91669419324953	58.94235539955067	58.95287100469213	59.00903166160816	3.3927374974489855	58.43047894853832	59.94990403211647	59.967628936776606	56.84894550720514	3.726499516801672	56.005754119440006	58.22068278627758	58.85439550739
7480000	59.549434334331615	3.5393945466963066	59.93547240399208	59.991275269965435	59.999671648130715	58.38132682013736	3.4270983980457914	58.951114691418354	58.96068935143113	58.96807249007699	59.182316453299975	3.700944275519911	59.87510375589106	59.90701485312753	59.93071527841717	58.40097653443981	3.395836043180655	58.92059506449345	58.942213012361364	58.9527381431037	59.23216853295494	3.709119319388395	59.94208406501608	59.95980234491893	59.974461811897214	58.39805947470908	3.3912397695313405	58.91669419324953	58.94241803897992	58.95286647732453	59.008922873369784	3.3926827235848886	58.43390532151754	59.94723790789178	59.96796868229949	56.85040963734479	3.7266245227571524	56.00688244650929	58.22068278627758	58.854955363082865
7490000	59.547203730065135	3.5389418469399723	59.93032464755616	59.989395596229684	59.99969814334009	58.38149200765889	3.4262160121027763	58.94995467678387	58.960564188812086	58.968097268525106	59.18247447610881	3.700935632751172	59.87696910889301	59.90802889514843	59.93259785795507	58.400895008906055	3.394428572864353	58.92059506449345	58.942239234863365	58.95284989565045	59.23184686144931	3.709052555932089	59.941054587717915	59.96015200638375	59.97417482201709	58.398184184177275	3.3902890887165458	58.91669419324953	58.9424915073421	58.95275078852619	59.01019549973536	3.3907306947608737	58.44680171369981	59.94844242642112	59.96741577977095	56.85288217043505	3.724946198445984	56.00772614761298	58.22068278627758	58.85652120743609
7500000	59.547574942965056	3.539266894981016	59.93049392910774	59.989693389290174	59.99962531078484	58.38139075311303	3.425418088251683	58.95055596355385	58.95993009775003	58.967496709412686	59.18045435007471	3.7005294292597246	59.8723180212371	59.905560448800784	59.9312983862517	58.400514675308266	3.3939031906466988	58.92064341473858	58.94227514686662	58.95288755492491	59.230501904258816	3.7087926468971943	59.938046488248396	59.959653918331306	59.97450668411484	58.397540331343	3.3906808365346017	58.91669419324953	58.9424915073421	58.95275078852619	59.01006737357448	3.3908796665541625	58.44680171369981	59.94751667501927	59.967400094831945	56.85543862592744	3.7241767912624058	56.00688244650929	58.22068278627758	58.85706602210266
7510000	59.549485017211055	3.539387092412137	59.9360214827508	59.99004441615694	59.99973987444359	58.379950142957966	3.4264418664500393	58.9497232359359	58.959902677133144	58.966860340693366	59.182400327129905	3.7008624378235164	59.875315730568836	59.90807697275524	59.932934072795746	58.4007288185827	3.3950637831920574	58.92067695037108	58.942290954331924	58.95291177594736	59.23085638887933	3.708838318863968	59.94002350765936	59.959631826732604	59.97253165525147	58.39779281798449	3.390809261255965	58.91669419324953	58.94252956048352	58.95286411338918	59.01303822482922	3.390723827631795	58.44680171369981	59.95038173132792	59.96767365937502	56.85679477396276	3.72332345178669	56.00688244650929	58.22068278627758	58.85789500588867
7520000	59.54873733225878	3.5395427798504526	59.93426235578802	59.99150527184581	59.999834280501716	58.38076447205965	3.42507540851897	58.94876136472929	58.96007809302279	58.96702509945735	59.18410007596721	3.7011568989416133	59.88126176913242	59.90926016620229	59.93310278558415	58.40045645231209	3.394170643893602	58.920791882021106	58.942325758017255	58.952950643971874	59.23319767916303	3.709272891551009	59.943780388682185	59.96148245969876	59.975247193062955	58.39835281825972	3.3901766227537755	58.91669419324953	58.94254483525996	58.95281306754256	59.01510050884611	3.388707759802216	58.44680171369981	59.95098456722641	59.969995330102456	56.86025321165631	3.721457537139046	56.00688244650929	58.22068278627758	58.85789500588867
7530000	59.55092382248113	3.53970380071425	59.9422860300716	59.9937753204365	59.999825390836065	58.381339807874	3.424654198894562	58.95048649317016	58.96011446888987	58.96816904360523	59.18337057094694	3.7010141705872757	59.87606715992632	59.9078823131094	59.93392624458722	58.40148580969355	3.3934051516317134	58.92141746856358	58.94239614622779	58.95295933618072	59.23335087252185	3.7092924326049017	59.94165451833423	59.961727603868276	59.97527759217695	58.39846897974275	3.390352427901796	58.91701621422512	58.94254483525996	58.95285951655033	59.01636121839474	3.389670329745208	58.44835806522204	59.948958213993734	59.96916383310857	56.86242065033227	3.7212679769098194	56.00709571571909	58.222614926535286	58.85706602210266
7540000	59.547281906233366	3.5394377949764557	59.93062081915542	59.992594061310896	59.99976832355566	58.381870919249884	3.4250778256774375	58.951023526296076	58.960171820670226	58.968113635267095	59.1830543480928	3.7009528468737534	59.876355601617234	59.908540829467626	59.93362851649603	58.401536926776835	3.394285853005361	58.921441880702545	58.942464718451504	58.95295933618072	59.23359742640448	3.7093393658984843	59.94365898262348	59.960923952057726	59.97485302282479	58.39911932802469	3.3905101841432352	58.91757290500924	58.94265275367374	58.9528914338397	59.01740045258103	3.3891470334811524	58.44835806522204	59.947758401588246	59.96946387239859	56.86665379737062	3.71749180896019	56.00709571571909	58.222614926535286	58.85796455012695
7550000	59.54972799520494	3.539596745635139	59.94331196235514	59.992058011222625	59.99963904810916	58.38240660643801	3.425032496723147	58.95090152308132	58.96089031643855	58.967801063135845	59.18272456731821	3.7009173989492	59.87822737087668	59.90792644440301	59.93186107045649	58.40126060820329	3.393880006908579	58.92141746856358	58.94278914670344	58.95295933618072	59.23225316295928	3.7090663037746587	59.94203665423876	59.95983097567027	59.97449344550596	58.39836235441429	3.3906006975033294	58.91757290500924	58.94272771678253	58.9528914338397	59.0187704112059	3.388226228929805	58.45803624825373	59.950851960206755	59.96975215949813	56.86835810307862	3.7174768000297544	56.00709571571909	58.222614926535286	58.85991773016503
7560000	59.54781386552678	3.5393408909955166	59.935765129719194	59.990266828106556	59.9997022916193	58.381622851268524	3.427929055933568	58.950476758553805	58.96071959024823	58.967997001960555	59.18089383238554	3.7005689082468836	59.87448425038878	59.90565465922947	59.929926511369956	58.40139570255692	3.396385971784689	58.92132533030261	58.94277415432134	58.95295933618072	59.23244843461482	3.7091209990349414	59.94169427424003	59.96096027311716	59.97384548324859	58.39860362313168	3.3909983602943092	58.91822528264084	58.94273885574976	58.952965137220225	59.02264943181575	3.390556595842504	58.5185415524214	59.948246001140774	59.96783624222736	56.871027785930266	3.7157833930829742	56.00709571571909	58.23506214192341	58.85991773016503
7570000	59.5462847355405	3.5393072961135355	59.9274253306112	59.98934102315812	59.999645522707596	58.38065909255662	3.42617973878281	58.950407373431815	58.9609218262549	58.96787006973812	59.180648863633586	3.7005395161882477	59.871626467596585	59.905186798177226	59.93204964403032	58.40213709074767	3.393959577516721	58.92142428088908	58.94283580407122	58.95301294954521	59.231234356859495	3.7088930335729207	59.93856381541173	59.95933173615829	59.97433018736469	58.3989086824292	3.39046885401474	58.91822528264084	58.94280163037166	58.953075009604255	59.024104236899646	3.3892843813989098	58.5185415524214	59.95065897130277	59.968155328937776	56.87309709716976	3.7136986782079773	56.006426466739335	58.23506214192341	58.85796455012695
7580000	59.55148395550749	3.5399301259460563	59.94838719315532	59.99346731835416	59.99973835710041	58.3810450119951	3.426007974429716	58.948849951890054	58.959938331235385	58.967640513226435	59.18318080780986	3.7010152156271805	59.87494886056383	59.90721024939745	59.93421539251303	58.40151814094925	3.394851204855265	58.92145312407406	58.9429089920842	58.95301294954521	59.233142670123335	3.709226149021003	59.9429812734021	59.96142526077146	59.97486237420422	58.3983866171441	3.391640132520894	58.918347284244135	58.94293008601069	58.95312058962544	59.02458792149892	3.388944222010797	58.5185415524214	59.9499309949143	59.968315595476454	56.87706276706284	3.7115832588790427	56.008511853918655	58.24652288736674	58.859823838282736
7590000	59.54821357039818	3.5395065464186035	59.93190940248571	59.991511957705264	59.999680100746914	58.382439389394555	3.4265103587412127	58.9514074876798	58.96163751477326	58.968276989213166	59.18162877142267	3.7007099977988	59.87591114253724	59.9073163325379	59.931720564499805	58.40206187097209	3.3948904763339596	58.92142428088908	58.94277415432134	58.953030554986235	59.23190075757355	3.709000903233025	59.93997422052354	59.96028273519305	59.97438103064715	58.399632045346465	3.390795403584322	58.918347284244135	58.94298595443009	58.95319827289211	59.02602643648033	3.3889279368743086	58.54046978084161	59.949906068963564	59.96788731999011	56.8805568931681	3.7090857630967338	56.008526232635305	58.24652288736674	58.86121641438587
7600000	59.55004112508088	3.539609444726859	59.935958104038875	59.99214151608127	59.99961554904095	58.38101962175833	3.426394988270772	58.950594530659586	58.96082971461838	58.96818887507173	59.180926230662365	3.7005342045438434	59.87510805879557	59.90758659776948	59.93048125481456	58.40214755249301	3.394198867735719	58.922026521413166	58.94277415432134	58.953071465917176	59.230643539890295	3.708780039490462	59.94023738856946	59.95901994158872	59.971667420994066	58.3993612682491	3.3908777778351396	58.918347284244135	58.943168542253986	58.95319827289211	59.02566294679712	3.388739900461232	58.55696159720528	59.946907271430916	59.96759877189091	56.88321269975818	3.709085686876529	56.00895166939971	58.24652288736674	58.86150092182212
7610000	59.54844331780569	3.538848033491823	59.934633500506315	59.99214835283419	59.99979562898519	58.38032488521167	3.426019397284463	58.94966033802404	58.96037497086114	58.96764320775792	59.181355129278465	3.7006214163090068	59.87365687849011	59.9060019787874	59.9344711743347	58.402612681580315	3.3930766512797517	58.922050183542765	58.94278914670344	58.953249923743385	59.232225516125176	3.709051438129338	59.941261212861534	59.96072539431226	59.97447409293531	58.39943069581059	3.39009059127143	58.918347284244135	58.94322238410731	58.95349741170193	59.02627917160144	3.3883738893264876	58.57018720018414	59.948307399118065	59.96782947817358	56.88673428089386	3.7074144721444426	56.009248162734075	58.24652288736674	58.86150092182212
7620000	59.551364764069255	3.53786325903816	59.93406458583212	59.9896855892915	59.999675807276695	58.38070272309693	3.4254578681844867	58.94913767313341	58.960035395542334	58.96765565871421	59.18335873371482	3.7005397794808013	59.876753279830154	59.904964329365896	59.932604194027064	58.40263871397348	3.392860256528276	58.922050183542765	58.94277415432134	58.953279882051504	59.2309315050667	3.708844684457373	59.939827963373915	59.959407471194154	59.9745683189549	58.399254647939244	3.3906029081422067	58.91871088236005	58.94335361265581	58.95349741170193	59.02716531893657	3.387110901776361	58.57018720018414	59.947617717043244	59.96844311510494	56.89006700770313	3.706071173588442	56.009248162734075	58.24652288736674	58.86150092182212
7630000	59.548209017874264	3.538474548952487	59.93540836298015	59.991115631147935	59.99972763003627	58.38231032973925	3.4239757829133026	58.949332284848175	58.96040934747634	58.96813824599467	59.18292776966968	3.7004782361086126	59.87463126691579	59.90792484122042	59.93235794494833	58.4030624215602	3.3931319181340194	58.922050183542765	58.94311949557783	58.953279882051504	59.232455262702125	3.70915262150076	59.9407266869852	59.9611611237729	59.976060824752864	58.39985578390245	3.390177860328249	58.91871088236005	58.94344155538916	58.95349741170193	59.02972512055435	3.3851077049974783	58.57772713043055	59.94968875363608	59.96739733262021	56.893140367345794	3.7043819249213876	56.009248162734075	58.24652288736674	58.86121641438587
7640000	59.5500357802114	3.538793074294762	59.935001718345504	59.98983972528417	59.99957739856745	58.38214882405073	3.4239557871823956	58.95028284712448	58.96090929881102	58.968458073006786	59.17994967641247	3.699856785902405	59.87340234379799	59.9049879280723	59.928463172259825	58.403083548785915	3.3937190050872297	58.922050183542765	58.9431678258255	58.95334928629909	59.23130334186317	3.7088960225232257	59.9404291349138	59.959036157637925	59.9731277836939	58.399680816124736	3.3909384570529935	58.91887184000343	58.94347815980974	58.95349741170193	59.030836290448676	3.384420933860573	58.58189034526494	59.94708481477009	59.967170368271894	56.89490905393241	3.7033903110686297	56.009248162734075	58.24652288736674	58.86121641438587
7650000	59.55153121161228	3.5389489925126076	59.941629513011996	59.990585437672394	59.99969841279241	58.38096715095919	3.426509615328355	58.949938465509646	58.96062894590182	58.96806440697374	59.182195720757036	3.7002737978859193	59.87607341290848	59.90757289567894	59.932418307456025	58.40319044436576	3.394512576325025	58.9224031879953	58.9431678258255	58.95334928629909	59.23262136761361	3.709142739847214	59.94143962327338	59.95961197529955	59.974971660603146	58.39996912633	3.3901671222421665	58.91887184000343	58.94350005986719	58.953513925017525	59.036093587443496	3.38727718722868	58.5896899055489	59.9498043401685	59.96820196976441	56.896947545271004	3.7025674735203866	56.00919737172706	58.24652288736674	58.86150092182212
7660000	59.55078365151599	3.5391600515121304	59.938002335317655	59.992658900794495	59.999784174251374	58.38179514820107	3.4268688041678583	58.95008984076008	58.9603915909058	58.968062405402684	59.18436538949997	3.7007026724623038	59.875793174892706	59.90873850696105	59.93484926670481	58.403300119608595	3.3938259216618354	58.92337694291218	58.9431817300521	58.953337568038414	59.23254224237159	3.7091326698803626	59.94252167487858	59.96180278192661	59.9749108762145	58.3999492773155	3.390277440934591	58.91892936880081	58.94353275010428	58.953613093643426	59.038550652448194	3.387142665187066	58.59458499140602	59.9504807843532	59.96942736770029	56.89944967161815	3.7020322210244907	56.01083105189751	58.24652288736674	58.86150092182212
7670000	59.54492127033783	3.538480549588559	59.92823721109824	59.99095248338449	59.999802952265554	58.383130739090845	3.4244938480035714	58.95159373296921	58.96081506698645	58.96816792919855	59.18424706852087	3.7006543911613567	59.87741114490048	59.90927433067692	59.935580540381004	58.40366506269706	3.3942352683528063	58.92361811811234	58.9431678258255	58.953467225272675	59.23308688531706	3.709217933813567	59.94268656765218	59.96154859834317	59.974453693134805	58.400090661092676	3.390276668282747	58.91892936880081	58.94371066838988	58.953627335734396	59.03919093163099	3.384461835092424	58.59913103266389	59.94851403831483	59.970040922151696	56.901897354603626	3.7004889361678486	56.01119102954256	58.25166434648866	58.861667163268606
7680000	59.553805882085165	3.539469610136037	59.9455172541322	59.99267357093552	59.99984000374941	58.38238365573229	3.425566897705462	58.950657706299324	58.96045992324768	58.968385616361296	59.18501968449016	3.7007714570557586	59.87831920630251	59.911284445745935	59.93354130501391	58.403969742543595	3.3930856361753814	58.92393718037737	58.94320386514927	58.953529179670696	59.23208558734766	3.7090078878408916	59.941849962650494	59.96027769614079	59.97417191443911	58.39999315067746	3.390274800030861	58.91893585235998	58.94371066838988	58.953613093643426	59.04046161831593	3.3862139753317564	58.59913103266389	59.949787286867746	59.9695939192667	56.90330511428018	3.7004696287266046	56.0118729226328	58.25662858028599	58.86217059182562
7690000	59.54996947301532	3.5389944054786873	59.93519356003308	59.99203381838497	59.999762398869336	58.382468440315684	3.4251588893308536	58.95003084238286	58.960653757911956	58.96825844976726	59.18257630750535	3.700316188724754	59.87393590822538	59.90746970311868	59.93437388124977	58.40438733000706	3.392509234449298	58.92393718037737	58.94320386514927	58.953529179670696	59.23174321749534	3.708977580126268	59.9416968538598	59.96050634732107	59.974179242594985	58.40082453628968	3.3902241419566392	58.91893585235998	58.94378675042951	58.953645357078805	59.040699150973815	3.385396919603824	58.61016386145675	59.949073431524496	59.967586649258664	56.90449320382366	3.7002373789130862	56.0127959705752	58.25856896183356	58.86245738796015
7700000	59.55335066986317	3.5397738755953254	59.94060763540963	59.99259922283597	59.99966468764465	58.38150634332571	3.4259191748357627	58.95045219729063	58.95969621783728	58.96753336531247	59.18260506933239	3.700321245510869	59.87532987098777	59.90751581426223	59.93298659141153	58.404485495857465	3.394253609010713	58.924113262933275	58.943277971939594	58.95352794015813	59.232393032644545	3.7090578800726637	59.94213339462616	59.96071652010954	59.97395346511933	58.40080331701524	3.3902628595649196	58.91919420642924	58.94381968918856	58.95366652488465	59.042283987565824	3.3848620795740962	58.61016386145675	59.946782891146924	59.967730101179875	56.90536329236677	3.6996297182624858	56.0135695064141	58.25856896183356	58.86245738796015
7710000	59.54370292945996	3.5376292419868616	59.921424813387844	59.98952338734787	59.9997397700071	58.38207014279529	3.4249885382760987	58.95026250131666	58.96048669788178	58.96813959799705	59.18181069985136	3.7001225037349577	59.87589765036587	59.90689914636148	59.93130065187263	58.403889387217866	3.3944450104230777	58.924208095520775	58.94353030432816	58.95360697989652	59.231759109043296	3.708926888025461	59.94111761625254	59.959956567101926	59.974005810082346	58.40083197769971	3.390439786079581	58.91919420642924	58.9439728694187	58.95370009481433	59.0440748217165	3.3839194755581383	58.62745946152424	59.94875491389878	59.968885485931324	56.90797297304893	3.698636213109279	56.01367131299247	58.25856896183356	58.86217059182562
7720000	59.55240963798428	3.5387095410095664	59.94641513898274	59.99226399840575	59.99970490210203	58.382019125353146	3.425235061206813	58.94963916606393	58.960705022689254	58.96810028505332	59.18303573755135	3.70032616951676	59.875080640259895	59.90783681090518	59.93198870531411	58.403547585198496	3.394016300463852	58.924208095520775	58.94353030432816	58.95376067907669	59.23251678738306	3.709065291441885	59.94248652208494	59.96145915976399	59.97442963703732	58.40044796260138	3.3905253813061074	58.92021904419476	58.9439728694187	58.95376379725394	59.048971678080946	3.3830204645169366	58.68981340979859	59.94840363241232	59.968751290879005	56.91115795964957	3.6976571252151893	56.01346955479518	58.26854127718161	58.86387025499073
7730000	59.548410511313456	3.5390139594362715	59.93078322350925	59.99099771895719	59.99976664094103	58.381637412876124	3.4267637771663484	58.95022879727718	58.96130438459375	58.968664260825605	59.18486773992018	3.7006638540871246	59.88068711151696	59.90859141658662	59.93564699816102	58.404849508816135	3.394540646078448	58.92444078343211	58.94360617736031	58.95380515141047	59.23307021184214	3.7091311593113896	59.943323053568704	59.96180963711949	59.975014461477855	58.40143845374389	3.391045718242272	58.92021904419476	58.94405524746524	58.95378878644703	59.054852595800824	3.385465698933172	58.70269304278449	59.95230079320285	59.969904198504835	56.91337841702242	3.696333957761212	56.01367131299247	58.26854127718161	58.86245738796015
7740000	59.5536887307227	3.5398097358724954	59.93866747301081	59.99278340317072	59.99976676525778	58.38236286867839	3.4248103727225074	58.9509643441123	58.96126098016836	58.968576423559206	59.18257698741049	3.70016342417441	59.87438929528636	59.90453857057598	59.93040543309068	58.40403458301408	3.3944532999713273	58.924208095520775	58.9437802881493	58.95377875563987	59.232758518947435	3.7090393419290133	59.94155589424175	59.95971035922203	59.97435821013045	58.40066863068843	3.390779851944083	58.92050632008274	58.94405524746524	58.95376379725394	59.053367003948544	3.386060084596266	58.70269304278449	59.94620603301324	59.9669900704823	56.914848073796804	3.6957425101254544	56.013716839545765	58.26854127718161	58.861667163268606
7750000	59.55046828121435	3.5394959491067968	59.9413502390898	59.992687292673025	59.99974482779517	58.38232712445164	3.425005130012827	58.95092418505041	58.960933210930946	58.96817101735371	59.1824983873579	3.7001644210978415	59.87668399881685	59.90664760884657	59.93200380411765	58.40476807543962	3.3932924127452684	58.92493838704092	58.94391984142152	58.95377875563987	59.23248631408993	3.708995536966067	59.94121714476243	59.960919632278404	59.975413226842896	58.40159641946991	3.3903054862513162	58.92050632008274	58.94405524746524	58.95378878644703	59.055434201411835	3.3832082287022334	58.70269304278449	59.948323678235795	59.9679521389167	56.91755382786356	3.694480677804955	56.01346955479518	58.26854127718161	58.86387025499073
7760000	59.55111585548436	3.539332375376759	59.935161287506816	59.9924028152321	59.99970508072896	58.38186994401519	3.4248923227636303	58.94979995389161	58.96126028679043	58.96859599807186	59.18694454711546	3.700934971903316	59.87970785499499	59.910556665140675	59.93703668950238	58.40508821210105	3.393149243309498	58.92493838704092	58.94391984142152	58.95392777110718	59.234016346656446	3.709252672607663	59.9426079262372	59.962028069503205	59.97472640676892	58.401833987041876	3.390025196857321	58.92089534391162	58.94414589931319	58.95378878644703	59.05614348930816	3.382858031697466	58.70269304278449	59.94991572649128	59.969138080064496	56.92063771078148	3.6927595395982933	56.01346955479518	58.26854127718161	58.86321277382311
7770000	59.5468315306517	3.5388528705890803	59.93009676218246	59.99014300299203	59.99968968943035	58.3810827781326	3.425293686948767	58.950322129115854	58.96055278525518	58.968230950479516	59.18334180399998	3.700246414037025	59.87763485575868	59.908599060475325	59.93183964797987	58.40434130972999	3.393725421404283	58.92520768986973	58.9440277223527	58.95399229778761	59.23204854366799	3.708900957569858	59.941644125159314	59.96101309711955	59.97414446907882	58.40104427617642	3.390627643948119	58.92101013261127	58.944379028385406	58.953792070562116	59.057807410035224	3.381327302048859	58.72219885283124	59.94772009525711	59.96753530986739	56.92319976207986	3.691697642408288	56.01380150656726	58.27997054595287	58.86321277382311
7780000	59.54756939512995	3.538913216269477	59.93409698663871	59.99122747425109	59.999658351495526	58.381278667139895	3.4243583666522803	58.949974703705976	58.96000579659952	58.96751585780801	59.18371920962751	3.7003294999751457	59.87501624394963	59.90832890096422	59.93347086661233	58.404109921990496	3.393581267427543	58.925386563181014	58.9440755625218	58.954188225824325	59.23278365676997	3.708890762650172	59.94075723761344	59.96032128424481	59.97404242159164	58.40099855177026	3.39100089760517	58.92112224487104	58.944379028385406	58.95413655610131	59.06226655462278	3.38010686335396	58.74464497347214	59.949288838320484	59.967506944222265	56.925621712939275	3.6907301411851776	56.01341813611229	58.27997054595287	58.86321277382311
7790000	59.54814807219036	3.5388081106675884	59.93368133487991	59.99328290506541	59.99985757216791	58.38132317106639	3.4247912583385096	58.95046065712816	58.96076682187491	58.968165352028784	59.18606156754962	3.700744243359487	59.8786990998345	59.9105916669068	59.9356360498433	58.40546845194031	3.393990448353091	58.9253522091614	58.9440755625218	58.954188225824325	59.233550603108476	3.7090865513649818	59.94233801870896	59.96156108359484	59.97656012178672	58.402690375795224	3.390474854916465	58.92124612862047	58.94428621757187	58.95393994403494	59.06670253758319	3.3802262102313536	58.74464497347214	59.95138076374591	59.97006586653718	56.92896487825379	3.689644772045591	56.01261893944426	58.27997054595287	58.86350420781535
7800000	59.547714989514226	3.539067857361204	59.9354381585995	59.988630132481745	59.99969740074157	58.38183980855451	3.4253233452923695	58.950516767423494	58.9606245570065	58.96841963231765	59.18176614987545	3.6998405796517986	59.87586616515976	59.90567946075119	59.930256132184425	58.40558045043937	3.3933477036989164	58.92520768986973	58.94415458162122	58.95420535133316	59.23120623835804	3.7085992407777932	59.93938776178949	59.95976046409234	59.97308843152606	58.40256237643315	3.3905221614021768	58.92179759114391	58.9444505576394	58.95413655610131	59.06848389955134	3.3827422988927487	58.751606554096085	59.94927564923225	59.9680333346365	56.93198655423359	3.6880151338355	56.012806849063125	58.27997054595287	58.86350420781535
7810000	59.54398943501829	3.5385513830662756	59.92837560459012	59.990302610141576	59.999599498436446	58.38136144348328	3.426200545475819	58.95055988483969	58.95982878047118	58.96746721831997	59.18064011818389	3.699656616975139	59.87134337909474	59.90526257387395	59.93172912906897	58.40543990311357	3.3930803718599716	58.925386563181014	58.94415458162122	58.95420535133316	59.23230064077518	3.7088295518862906	59.94236247611656	59.96034941353107	59.97465128766005	58.40209030993054	3.39029640425931	58.92179759114391	58.9444505576394	58.95415394584357	59.0707908784146	3.3811522519301076	58.7932049139651	59.94818968474759	59.96906410012906	56.933755325340854	3.6864728660839807	56.012806849063125	58.27997054595287	58.8631432081318
7820000	59.550964765620215	3.538744497860945	59.9425546606224	59.991131769685296	59.99965624130734	58.38037067685422	3.426993720901541	58.94949434178383	58.96041041907209	58.96760397173837	59.182323968546044	3.6999526611438287	59.87561711043436	59.90677719824818	59.93151593834726	58.40571298168473	3.39276491077582	58.925386563181014	58.94411109094847	58.95420849877772	59.23195913948674	3.708743668147762	59.9407667709874	59.960594890682756	59.97413228088591	58.402374169906665	3.3900996768457645	58.92179759114391	58.9444505576394	58.95422401879472	59.07362729755955	3.382424304114197	58.7932049139651	59.949470258302966	59.966920832005115	56.93522629248851	3.6853098592868685	56.01341813611229	58.27997054595287	58.86217059182562
7830000	59.547982086409036	3.538378366375858	59.92979503109163	59.991818374168886	59.999720805223895	58.38173507095035	3.424000452505823	58.94940966907804	58.96031167996661	58.96814759531542	59.18274219284727	3.7000065199030865	59.87626945504345	59.90812233059866	59.93113204486409	58.40493613609588	3.3936257241812404	58.9254596838631	58.94416985524191	58.95406019765191	59.23172170962888	3.7087197186418885	59.94041917827421	59.961480896692464	59.974344657977895	58.40208533209753	3.390906274290804	58.921920457521054	58.94445781936902	58.95422401879472	59.079900843139775	3.3787820470132033	58.832878566776124	59.95156373515376	59.96919370652211	56.937042175785606	3.684933247237505	56.012931540782205	58.27997054595287	58.86245738796015
7840000	59.55054325800867	3.5388971962470746	59.934299815120134	59.99156498183339	59.99967704222323	58.38186754629991	3.424997198381722	58.94963493853734	58.959915612482334	58.967537508791736	59.18178102424121	3.6998412991301883	59.87273415771547	59.90590897874071	59.93051661617553	58.40520746128645	3.3944417650501983	58.925386563181014	58.94415458162122	58.954188225824325	59.232067954553976	3.7087821135685854	59.94208114321357	59.96012620156063	59.97337554129123	58.402253826049645	3.3912237762354036	58.921920457521054	58.94448769202384	58.95433965255445	59.083834746932055	3.3795256479950773	58.84427949569888	59.949887672409915	59.96792976703045	56.93984142776675	3.684172619727841	56.01341813611229	58.27997054595287	58.86217059182562
7850000	59.54475846633197	3.5386450317678877	59.920190306371275	59.98775675268718	59.99966881053907	58.38220865827835	3.424738591009401	58.950612464660836	58.96053895082362	58.96793508115317	59.181151886837	3.699702488759589	59.87127180582149	59.90440604409942	59.93108789213461	58.40617666628157	3.3934054261429134	58.92548668928398	58.94430892582272	58.954213647667125	59.23197180280244	3.708740936736808	59.940679156629336	59.959986919451566	59.97393992861778	58.403040358114104	3.390478148160976	58.921920457521054	58.94448769202384	58.95422401879472	59.086284287665315	3.3788633273471778	58.91574615559927	59.950131772990176	59.96856154594472	56.94244775394458	3.6812253081688993	56.01380150656726	58.28084057127131	58.861667163268606
7860000	59.55003845486709	3.537503488222938	59.93902314473362	59.99179994952369	59.999656287633584	58.38173861883461	3.4249099690306184	58.95000490084779	58.96026426967836	58.96736865365257	59.18188570935502	3.699819313123915	59.875654108752265	59.90531036456275	59.93303707535707	58.406288655110906	3.3920870611698954	58.9254596838631	58.94440311975123	58.95425127611885	59.23243944088741	3.708806849771648	59.94246932439436	59.959036197781394	59.97302999117221	58.40286211729149	3.389709001919905	58.922555462273884	58.94448769202384	58.95422401879472	59.086127714435825	3.3787256717046987	58.91574615559927	59.94936866903848	59.9684227883152	56.94489630602132	3.6808904207590696	56.01339121656598	58.28084057127131	58.8631432081318
7870000	59.55201343792287	3.5383465543751704	59.9410871366578	59.9925116702445	59.999808623694676	58.38181729266233	3.4271808792246143	58.951040907520294	58.96097444759647	58.96838776432808	59.184418196411244	3.700298844752508	59.87522170291997	59.9075047093301	59.93395815189568	58.4059960660274	3.3943485938445326	58.925386563181014	58.944439549804585	58.95422232869288	59.233540382762754	3.70900381166764	59.943050277223776	59.96030529814705	59.97495638838919	58.402373215610915	3.3908401435708595	58.9224198527017	58.94452956496714	58.954290750271014	59.09026442391682	3.3812598134057916	59.42221347514918	59.95221969321396	59.9691835009465	56.946803135057245	3.6797828598119176	56.01339121656598	58.28870122819984	58.86267949361829
7880000	59.552366303804874	3.539208353183937	59.93912724385145	59.991509177720275	59.99973620070165	58.38156622273	3.4251874252764516	58.95080905569874	58.96072669358958	58.96852978078918	59.18351049854768	3.700126797763396	59.876655500348555	59.90501769543295	59.93453470102018	58.40604758424099	3.3954135826618677	58.9254596838631	58.944471808380825	58.954304729356096	59.23298874918702	3.7088649407943883	59.94128073539072	59.9592231150533	59.97441364924711	58.40255295903293	3.391307349882311	58.9224198527017	58.94451868254305	58.95425217663778	59.09143032552732	3.379057227185693	59.55073191124163	59.95037147490982	59.96929587087212	56.94925102432386	3.677776563329525	56.01339121656598	58.28870122819984	58.861667163268606
7890000	59.55207487242591	3.5385239513798203	59.93635220721088	59.99086416711969	59.99973586260709	58.382513803010106	3.4263213426824954	58.95085288095994	58.961085929229725	58.96916421522791	59.18336247631999	3.700090301440813	59.87638144992338	59.907873287037845	59.933423415343185	58.4055737490101	3.3953057260888495	58.92562380159427	58.944539847819684	58.95444713339364	59.2336693135097	3.7084917772496166	59.940383044801514	59.960765469575406	59.97396831915696	58.40286654455448	3.3913459337400527	58.9224198527017	58.94451868254305	58.95436447218056	59.092153963882744	3.380010488995067	59.646734562963914	59.951396329557284	59.970149307258225	56.95070279214545	3.6773300385654393	56.01373813108228	58.28870122819984	58.861563963294245
7900000	59.54802960334295	3.539161068860211	59.934964066108016	59.99197554396275	59.99982011038545	58.38145232406001	3.425472991508003	58.95000550595769	58.960558596205004	58.96773083064582	59.18318838294371	3.7000638376954997	59.8760222551841	59.905667806571856	59.932871408736446	58.40638769566745	3.3957650008911355	58.925386563181014	58.944636160245466	58.95447688622952	59.23372809736143	3.7085046614155113	59.94119296994728	59.96050663421801	59.9737431135682	58.40384229880174	3.3919253873430146	58.9224198527017	58.94466262725455	58.95441646148976	59.09387255863242	3.3799486714154607	59.722952671596055	59.951328008480935	59.969209090197864	56.95176025824718	3.6770156535052005	56.01373813108228	58.297134536046045	58.86155546792617
7910000	59.54739764206919	3.539480733374327	59.93214846899339	59.98993524373522	59.99957962783891	58.38412523856776	3.4249705573741185	58.94996348710664	58.96044946077381	58.9679801365716	59.18140713880483	3.6997067580445444	59.874732749167606	59.90475634010386	59.92927124743021	58.40688849558309	3.394480277529218	58.92562380159427	58.94471465081807	58.95449722759148	59.23528855107336	3.70875622206393	59.94122625781057	59.96115134962551	59.974611271588756	58.40433383474821	3.390554076933645	58.9224198527017	58.94466262725455	58.95442420685331	59.096274330995534	3.3786303604008796	59.68874124852325	59.95095867598612	59.967644231098554	56.954475517826786	3.675613914108514	56.01434635107135	58.297134536046045	58.86217059182562
7920000	59.549171164521965	3.5399821798159645	59.93905710973195	59.990963478425606	59.99973708419433	58.38437487767212	3.4241455020975455	58.95075564174647	58.96099458381428	58.96769093931653	59.18192795249821	3.699804868785105	59.87563847419031	59.90631163793755	59.93025384110786	58.40657036627522	3.3945442108739816	58.92562380159427	58.944791311360014	58.95454903787387	59.233833467990976	3.708484819635824	59.941091175699924	59.96009005970966	59.97341605402614	58.40402943618363	3.3906051324891298	58.9224198527017	58.94480895062603	58.95442420685331	59.098686152031725	3.3777665937776464	59.70412929585372	59.95049097104514	59.9680380312915	56.95640747559189	3.6751549073828595	56.01434635107135	58.297134536046045	58.86155546792617
7930000	59.55144832612302	3.5398046291193754	59.93817338482448	59.99091304785982	59.99980062566481	58.38390418249402	3.425186463897193	58.94956590113504	58.96033549570653	58.96769056989245	59.18355073005188	3.7001097634443276	59.876605901906515	59.90704517157142	59.93166837182887	58.4064018875505	3.3941567036711713	58.92619758518086	58.94493834904894	58.95459202637391	59.233882753903636	3.7085292407743777	59.941309392655505	59.959781679530366	59.97294019390093	58.40391455233305	3.3908168278630173	58.92276734952205	58.94480895062603	58.954425404454604	59.09981376636747	3.3787218905925913	59.7459502868642	59.95083496050181	59.96951059673938	56.95771202280025	3.674573606203886	56.01434635107135	58.297134536046045	58.86217059182562
7940000	59.54816962582802	3.53941678594044	59.9366256465722	59.99053879444958	59.99964676865675	58.38424485868631	3.4241855799759953	58.94967125062959	58.96067464804836	58.968032316897734	59.181769937034964	3.699747050709232	59.87574266002941	59.90548217598521	59.93356645895388	58.405859000790564	3.3943426672518555	58.92625053421329	58.94525401326774	58.95450786197428	59.23372442546869	3.7084461912766344	59.94029692592307	59.95922353488372	59.97464255845694	58.40319391618866	3.3908072932066444	58.92276734952205	58.94500045451328	58.95446625092347	59.10228903944031	3.376933184025548	59.732330809383	59.951678727522214	59.96864550095073	56.96043912295128	3.6725049872542277	56.0139726964117	58.297134536046045	58.86097979487761
7950000	59.550203334849044	3.5395771966764595	59.939935935516345	59.993192275075785	59.999761132240224	58.384018671977	3.424442543894806	58.950400561275345	58.96115904313124	58.96904053759435	59.184711935677164	3.700280102413107	59.87722907526532	59.90889075162356	59.93331705633313	58.40628300117338	3.3940845903401304	58.92627513270497	58.94531039825607	58.95450124591218	59.23593754785239	3.70887106819271	59.94402953042763	59.96258872369647	59.97598579817232	58.404090363765484	3.3906184139731352	58.92276734952205	58.94502086357875	58.954472537003525	59.10809305560036	3.3768985997367156	59.72715510152567	59.95144961369391	59.96998955731826	56.96295355668313	3.6722973003571697	56.0139726964117	58.297134536046045	58.861830801580766
7960000	59.55242981950433	3.5378119728749975	59.93944760142425	59.99236640111363	59.99982040843978	58.38326442652128	3.4242388448719745	58.94975206451251	58.96050913272744	58.96842509653372	59.18388235621732	3.7001280886597567	59.87562412496233	59.90665313668519	59.93211806592016	58.40627818438868	3.39474059134413	58.92627513270497	58.94531039825607	58.95450124591218	59.23525821919634	3.708725992852715	59.94152309263355	59.961440077750424	59.97465865746023	58.404181125186774	3.391212040983316	58.9231074024599	58.945156562576315	58.95446625092347	59.10855968593278	3.376549127486984	59.71665934298035	59.95237657684456	59.96998399433749	56.965643543156986	3.6706736961387625	56.01361825076128	58.297134536046045	58.862335198010335
7970000	59.55115290112448	3.538544395515417	59.94450838443147	59.99257336640445	59.999797803477016	58.38421767422398	3.423776032259026	58.95052944133215	58.96072129972783	58.96809299478328	59.1832136343294	3.700005031913745	59.87648651949365	59.908084336149315	59.93156958670555	58.40592337653766	3.394350835243347	58.92634751395858	58.94545270577921	58.95462964135837	59.234634877982806	3.708600827935665	59.94274858425119	59.96054604087737	59.975038905616806	58.404288640273656	3.390543263360071	58.9231074024599	58.945094018670304	58.954559639871995	59.10860265541551	3.3763438769166396	59.717183623595	59.9521029645621	59.970066014698276	56.96715565264828	3.6697681252589347	56.01361825076128	58.297134536046045	58.86217059182562
7980000	59.54797295683983	3.538287781246162	59.93226241733155	59.9913493550422	59.999778074879686	58.38427397397561	3.426109869699593	58.951670239154126	58.96046523024381	58.968002089863724	59.1831512109919	3.699825557382829	59.87705581521943	59.90625846038356	59.93104717658677	58.40673547692796	3.3940957361382043	58.92634751395858	58.94545270577921	58.95466123529789	59.23567460289424	3.708768960546311	59.94285764124531	59.961056720003796	59.97432424328886	58.40504347454291	3.390448626934082	58.9231074024599	58.94522957382497	58.954559639871995	59.1090433184477	3.378337848921614	59.75829301122201	59.95220956564758	59.968427254394285	56.96833863004287	3.669074968503186	56.01361825076128	58.30335925618789	58.862335198010335
7990000	59.54705176777637	3.538524488371958	59.93115043983413	59.99168621356062	59.99967213525405	58.383753020511996	3.4258691628467464	58.95010393858087	58.96120054150461	58.96791042618302	59.181269560708095	3.6994233737193882	59.871478207822115	59.904047150761855	59.92923686709268	58.40575836353006	3.3946708023895984	58.92642973946472	58.9454894493258	58.95464290317397	59.2333832848051	3.7083201698452086	59.93982378634187	59.95826687730964	59.97413521232846	58.40374360020807	3.3911475065567167	58.9231074024599	58.945156562576315	58.95460699606923	59.107400875505846	3.3787657913962983	59.73563569821009	59.95028581778566	59.9682305532515	56.96993913748723	3.668643063419077	56.01361825076128	58.31458030963807	58.861830801580766
8000000	59.54768332420154	3.5384019921082692	59.93315472270076	59.99081077915298	59.99979935876999	58.3816089189234	3.425787305799298	58.948778601968726	58.95948364320327	58.96753262979112	59.183578251513595	3.699899186303773	59.871263642737475	59.90725180843742	59.93411562974248	58.406012771572826	3.393434130796042	58.92656402323012	58.94553309101888	58.95464290317397	59.23399337335555	3.7083871783922797	59.939635400467836	59.96011869441621	59.97488069851878	58.404490164066246	3.3904273018650115	58.92359135417862	58.94530351662394	58.95485529034304	59.11057931260698	3.3775919828627865	59.7572649352726	59.95159422210486	59.97023873683	56.972430240830185	3.6668959760076274	56.01401354196631	58.31458030963807	58.86155546792617
8010000	59.549986041356775	3.5391321638528748	59.93945611705307	59.99324797825528	59.999843664472756	58.38277428958938	3.4243487891393114	58.94958123260699	58.9593224794958	58.96813770553074	59.18502366632831	3.700120775030491	59.877531888969024	59.90755671368962	59.933011281865035	58.40676469145587	3.3948194037184254	58.92690077010039	58.94560776259941	58.95462964135837	59.23529941795598	3.708647173966013	59.94160665807844	59.96128179763103	59.97612164793559	58.40503097753158	3.390879097454446	58.92359135417862	58.945094018670304	58.954917272348816	59.113455866791114	3.376171596338757	59.75317647062347	59.95208792854	59.97058844457462	56.97531672437621	3.6659656218817394	56.01379469686197	58.31458030963807	58.86269711508942
8020000	59.55432913216598	3.5396420871097374	59.94783444185855	59.994194663744274	59.99983409108081	58.38355243327408	3.4258808433913175	58.95052946267757	58.9605928237787	58.968274566531036	59.18501760771668	3.7001131753018655	59.87716215450751	59.90802647118299	59.93391437041669	58.40661004537145	3.394308539166914	58.92690077010039	58.945648875838444	58.95464290317397	59.23578693633527	3.7087099931103773	59.94126170236725	59.96150897403377	59.975148231974956	58.40512410364698	3.390937404541531	58.92366437796893	58.945156562576315	58.95496910178395	59.116010575388394	3.3783142050273605	59.80629820529194	59.95126196023304	59.96990541544841	56.97735460655146	3.6651893791548518	56.01448386205741	58.31458030963807	58.86269711508942
8030000	59.548597547984876	3.5391426281133254	59.94074168160794	59.98960186374171	59.99971477447956	58.384668284193616	3.425096888853726	58.95138157329505	58.96113872306485	58.96847537446588	59.18528631473755	3.7001471930483016	59.878205893000455	59.906639700599996	59.93217439604152	58.40683913875958	3.3934883503073743	58.92709121030146	58.945648875838444	58.954643777298564	59.23612022286339	3.708770286036754	59.94190691551128	59.96178907261782	59.97624029154983	58.40560140007203	3.390526445563023	58.92372224424843	58.945094018670304	58.95496910178395	59.11769525192911	3.3767190727306744	59.77334724914894	59.95140541720188	59.96919553549817	56.97960490529082	3.663741660266795	56.01481606024673	58.31603208026743	58.86155546792617
8040000	59.551607514924186	3.5394484342985235	59.9385199463227	59.99124159724791	59.99960150613439	58.38509811476155	3.424242466378577	58.95187547101363	58.96162599989884	58.96842971378811	59.18448711398905	3.6999739936540177	59.878094408017546	59.90747424542813	59.93072444092387	58.40706267416988	3.3939090148408315	58.927272515225916	58.94570727504531	58.95466219242881	59.234149530248246	3.708398347015662	59.941859378983345	59.96075963912135	59.97435334327401	58.405765846608475	3.390569453667922	58.92372224424843	58.945094018670304	58.95499968989283	59.119275380054574	3.3754799383728926	59.78479768156579	59.95021300617991	59.96788467735848	56.982124952021515	3.6628473464128466	56.01513298760412	58.31603208026743	58.86155546792617
8050000	59.540968266518014	3.5382040606044467	59.921261288340645	59.98887879138496	59.99959224262147	58.38368599843277	3.4241276050812224	58.948722281455304	58.959821766002065	58.96789382041819	59.1814015798784	3.6993665627436303	59.87453770499693	59.90339819091569	59.92541929923327	58.40697452572937	3.3926076023628866	58.92733624359226	58.94575426125472	58.95466219242881	59.23310768817256	3.7081832787067617	59.938961630646226	59.959227388276155	59.97394832700765	58.4054412863142	3.3902174584946905	58.92372224424843	58.945324530827506	58.95505197842243	59.11979348231514	3.375707245888369	59.78108774078756	59.9500621562906	59.96913366763657	56.98444690139442	3.662387735074372	56.01528673911155	58.31603208026743	58.86194090094563
8060000	59.55074907678353	3.538589032664336	59.94028670752001	59.99237468246669	59.9997848763869	58.383566747687205	3.4260666867391993	58.94968601231214	58.960150101822876	58.967286588697014	59.184897879646854	3.700060666674009	59.87785229510128	59.90769810782939	59.93100237365664	58.40675408960733	3.394878875745346	58.92759542325201	58.9457871349642	58.95471592506538	59.23450340803198	3.708438657973419	59.94202909046443	59.960488524920684	59.97364668082453	58.40561466739862	3.3913180795283075	58.92412943138462	58.94536499709042	58.95500943235194	59.12168769354266	3.3768244853793954	59.787900765301124	59.95149430018377	59.96806293100343	56.985614283283006	3.662153057665234	56.01583849306941	58.31603208026743	58.86194090094563
8070000	59.54931980720512	3.53863620561499	59.937857918172455	59.99353442091597	59.99982874863153	58.38364964792222	3.426815088495136	58.949545399119835	58.959609569274924	58.96811457029378	59.18454272656556	3.699678186533785	59.87743890686911	59.90670929360529	59.93172676698682	58.4066375194608	3.3942168915486857	58.92753090850418	58.94575416859961	58.95476056421271	59.235916829588845	3.708659264004616	59.94284106823353	59.96061915266172	59.97509608248456	58.40607762138709	3.390924802764111	58.92432578706644	58.94540233714142	58.95507010783526	59.12164790729706	3.3785102782141454	59.79010663297605	59.949094395150084	59.969337926169715	56.98568214173654	3.6619468259937116	56.01583849306941	58.31603208026743	58.86269711508942
8080000	59.54870371593584	3.5388960980536526	59.933617342907525	59.98879858095599	59.99955623630133	58.383448627957165	3.4252331403401244	58.950684101486665	58.96069248254639	58.96751445147714	59.182348709060825	3.699232487803181	59.87391547234964	59.90391752410585	59.92977005097649	58.40727403932978	3.3943310385310643	58.927769041785126	58.9457871349642	58.95480410204269	59.23316062967204	3.7081266541782383	59.93978364322126	59.95884651701886	59.97235169286	58.40645986250768	3.3911924066018724	58.92432578706644	58.94543565067207	58.95500943235194	59.124091827016336	3.3760799376437545	59.80695447082601	59.94996422712998	59.96846223282077	56.98781921952115	3.661284724735012	56.01583849306941	58.31603208026743	58.86194090094563
8090000	59.54644910606501	3.539107996648012	59.93256597124099	59.99180362999134	59.99972113693233	58.38286311810989	3.426573297229072	58.94974931288958	58.96016687889745	58.967310500588276	59.182814025951316	3.6993201589783156	59.873901468487524	59.90512225608001	59.93193962923539	58.406958659920775	3.3948603836363476	58.927769041785126	58.9457871349642	58.95480410204269	59.23281312420556	3.7080864918698255	59.93812925758476	59.95992935289398	59.973323813654055	58.406642645607	3.3908371966622073	58.92432578706644	58.94552588057521	58.95507010783526	59.12504359706963	3.377535722428619	59.80122915765742	59.95081749394511	59.9689176929087	56.9915294058907	3.659945835773694	56.01617445290812	58.32151654800002	58.86340436787057
8100000	59.55019567140278	3.5394913497244476	59.93783262518807	59.992464881586066	59.99972339320726	58.38392809736934	3.4242159919464012	58.949704714712254	58.96036318803488	58.967735213947066	59.18472233707283	3.6996626279022307	59.87483437811284	59.90722659648397	59.933334396977244	58.40701224143711	3.3951834037780917	58.927769041785126	58.9457871349642	58.95480410204269	59.234806002788396	3.7084634285357336	59.940446963739845	59.96036941300809	59.9741944214441	58.406920468601164	3.3911699156600243	58.92473753789361	58.9456053797026	58.95511593520838	59.12724846350562	3.3748063781030058	59.82111435843859	59.95118006466686	59.968772770002964	56.99406240687568	3.659051165359325	56.016655192255975	58.32151654800002	58.86340436787057
8110000	59.54786345045127	3.539399326026859	59.940446899761696	59.9919500485714	59.99972385160432	58.385056254850824	3.4258021760608197	58.95203525558461	58.96164640398598	58.968592081120335	59.18637906706492	3.6999044172260622	59.880168432057374	59.908239355641314	59.93436033095371	58.40783428002316	3.3945062852242542	58.927769041785126	58.94586943866348	58.95481187887271	59.23587771971546	3.7086746394666	59.94532658131362	59.9620074132333	59.9751903773348	58.40743496239234	3.3902231760710806	58.92485093694501	58.945618098331124	58.95514772265285	59.12916338971025	3.3762193862850616	59.774185527692424	59.95247677599892	59.970102924721616	56.99584967412553	3.658088222298493	56.017537885135305	58.32151654800002	58.863133116713975
8120000	59.54744810848196	3.5391805519785353	59.924974789781366	59.99065608006281	59.99976101329773	58.385006142587834	3.4252326360262924	58.95114896737499	58.961152392954375	58.96895588435103	59.184768459770126	3.699590582295657	59.87851239227128	59.90692044700213	59.9311491296101	58.40721875188757	3.3953327705143335	58.92785940266011	58.94587597966212	58.95483436832956	59.23515949636494	3.7085024216226063	59.94213665782857	59.96002501734455	59.97489731054743	58.40718490453481	3.3905677031118526	58.92485093694501	58.945679554080094	58.95516514690072	59.1307501729903	3.375286975168474	59.807960959364316	59.95344858033427	59.969780772369994	56.999102274144256	3.656637491557019	56.01711457440817	58.32151654800002	58.863440041571366
8130000	59.5505424429597	3.539251657116594	59.933629959898006	59.99037089030929	59.99971983813391	58.38412467125681	3.4240493705687607	58.95111337422821	58.96062544587875	58.96792675469969	59.18197531991006	3.699026481054197	59.87239476542378	59.905971997389386	59.927990658824264	58.40785231966207	3.3927730188870493	58.92787681847389	58.94587597966212	58.954838806114324	59.23374467676908	3.7082273869476308	59.93937183236841	59.95982489001155	59.97478033755221	58.40721792532337	3.3900804916955947	58.92485093694501	58.94578796932744	58.95514772265285	59.13048191009287	3.374042821660612	59.81903093081375	59.95303450468978	59.96999227076614	57.00029730837533	3.655995996700529	56.01711457440817	58.32874696278893	58.86340436787057
8140000	59.547675684786725	3.53926974370378	59.931366013464924	59.99028574766779	59.99975245641059	58.38381881597134	3.4259596380945436	58.950477886086205	58.96048297156566	58.96882997147586	59.18474508742071	3.6995786017647596	59.87784279535646	59.90844380846754	59.932499600058975	58.40769115945107	3.394875592706709	58.92787681847389	58.94588447025203	58.9548520479359	59.23489765277249	3.7084545625805374	59.94234645402561	59.96118842454382	59.974208585003375	58.407099750867374	3.3910873607096614	58.92485093694501	58.945950280567104	58.95516514690072	59.13501361172797	3.3754872949658554	59.835992127184035	59.95232301972911	59.96945478257976	57.00210762369615	3.6557188285664615	56.01711457440817	58.32874696278893	58.86374299023297
8150000	59.54689489420342	3.539076233910465	59.927805938755625	59.99095952922097	59.99970489219015	58.38377902052108	3.4242872377855327	58.95086919189012	58.96076709919389	58.967959977489016	59.18266271846187	3.699132440604612	59.87196416812945	59.9045131647634	59.92967543936644	58.407259938534445	3.393447322802261	58.927947233180085	58.94589456661682	58.95489941372292	59.23374413176641	3.7082194546500418	59.939219187997736	59.959228675793995	59.97438933400218	58.4068368826147	3.390461159832349	58.92485093694501	58.94611890813	58.95522923215734	59.13599903993984	3.373375784648624	59.815861595008634	59.95220704509254	59.96979209812385	57.003846303302105	3.6551967422994425	56.01711457440817	58.330233272971626	58.863440041571366
8160000	59.54960083658053	3.5393254972331234	59.93971057174297	59.9931770629966	59.999795507756986	58.38330856178247	3.4255491132822593	58.95076790635763	58.96027812228634	58.96797493694829	59.184640040209686	3.6995326273077622	59.87615974109493	59.90747424213217	59.93259419735016	58.40740370217806	3.3934964360443876	58.92822713962686	58.94588822079765	58.95489941372292	59.2351349513108	3.7085027671353044	59.942460453009836	59.96067997611171	59.97599847900069	58.40701627721803	3.390667333340223	58.92485093694501	58.94629021180366	58.95528427568837	59.136866766801795	3.3742785361427097	59.81085397559859	59.952853467181484	59.96851589737128	57.00559579139964	3.654683294540334	56.01711457440817	58.33174428168151	58.86374299023297
8170000	59.55055724911616	3.538976611037953	59.93696214592974	59.99206409711685	59.999766601496	58.38282721760908	3.42504639606811	58.95007811766247	58.960878728165895	58.96861955485406	59.18403294529283	3.699395865099327	59.87523477923764	59.906578817590194	59.93113483458302	58.40822806199394	3.393338794840298	58.928669477952376	58.94588822079765	58.95489941372292	59.23550770855499	3.7085656510443337	59.943104064431054	59.96108786915157	59.97493999534351	58.407829758506224	3.390002213926958	58.92485093694501	58.94629021180366	58.95535236506289	59.13949032837315	3.373732725256737	59.82673761182451	59.9508220981557	59.96880772599907	57.006526188579784	3.6541222741902706	56.01733966515473	58.33174428168151	58.86340436787057
8180000	59.55154280272835	3.53910950580852	59.94005621757046	59.991284197030254	59.999819856829376	58.38340844413038	3.42435108331201	58.950457668060885	58.96035252144665	58.9684325409208	59.18478457964675	3.699531521142058	59.87660568037819	59.90780692002161	59.93242576999374	58.408425173033834	3.39410728873752	58.92875964191419	58.94589456661682	58.95495614265237	59.23432731239335	3.7083556848808317	59.94210633779669	59.96047925823703	59.974340042047075	58.40763234879067	3.390998959079911	58.92473753789361	58.94639120660533	58.9553725881845	59.14658946254923	3.372799920505418	59.86333719444238	59.95404187217535	59.9707493009967	57.008778616428415	3.6526536211296508	56.01733966515473	58.33839077028236	58.863440041571366
8190000	59.55297383109731	3.539539946944019	59.9446971876362	59.992715728208026	59.999750950945156	58.382934375633965	3.4255593642366806	58.95042475232428	58.96043465741992	58.967788681776355	59.18326698493845	3.6992413793206853	59.87320608732555	59.906027082365796	59.93221434165434	58.40819189480193	3.394723033312789	58.92880449217655	58.946002288745206	58.955192699772	59.23401271659951	3.708265216904434	59.94138622094622	59.95987950119792	59.973783073596806	58.40779036787471	3.3904690881600943	58.9249194265542	58.94639655600151	58.9554311641609	59.14625102454079	3.3734788062021286	59.83620995711297	59.952016370686636	59.96924826820538	57.012976559461585	3.650485175467033	56.01804407160515	58.34430334606347	58.86340436787057
8200000	59.54858686155637	3.5392965608306897	59.93284277299112	59.991644019471465	59.999671122095535	58.38378151319804	3.4245134296029542	58.94984616958914	58.96092544999627	58.96758712032311	59.1843748761139	3.699399247738854	59.876180361627725	59.90709594894925	59.932311644011186	58.408358077352304	3.3944702961974302	58.929493255938475	58.946140825874494	58.955225318473566	59.23459655652476	3.7083842817505013	59.940812877663134	59.96041346782857	59.97466468484586	58.40818123585676	3.3906908526737354	58.9249194265542	58.94639120660533	58.95548277093165	59.147656481346864	3.373032144148821	59.83485506546765	59.95454144539683	59.97100442985402	57.016201612881034	3.6497196805755707	56.01865125346949	58.34430334606347	58.86374299023297
8210000	59.55026372057671	3.537667941214666	59.93693320332671	59.9930766459153	59.999739074004715	58.384208064449936	3.42890286553518	58.94996325406678	58.960541547195206	58.96836672410274	59.18467267462174	3.699259000817143	59.875428822292356	59.90647725228604	59.930642461816596	58.4081474014809	3.396458856237729	58.92983381197979	58.94616312652168	58.955192699772	59.23527341695815	3.708486026484054	59.94190737580041	59.96056834210824	59.974534444800476	58.40808765955302	3.3908809147151775	58.9249194265542	58.94639120660533	58.95558821050587	59.14738441114666	3.3760363139194602	59.828262047462076	59.95341724235301	59.96942260094391	57.01752904144504	3.6486454619741853	56.01884852348445	58.34517159948922	58.86340436787057
8220000	59.54800644079001	3.5386875153406625	59.93416761818729	59.992990986415165	59.999808496919044	58.383548650913575	3.4241515561282068	58.951555873007855	58.96132890818397	58.96848379871359	59.185669667027135	3.699440812772706	59.87479580733285	59.90794585513878	59.936396394845424	58.4079720831532	3.3937470510137917	58.92983381197979	58.946171065576635	58.95511627381307	59.23543237137492	3.708527209703886	59.94135528106722	59.961675140814556	59.9765455081326	58.407284518853714	3.3910233683500453	58.925246902711905	58.946444942433004	58.95558821050587	59.14929288468151	3.370916572747466	59.84117897860182	59.95285322578255	59.97075125303165	57.019826165742344	3.648071803080118	56.021579687675334	58.34517159948922	58.86340436787057
8230000	59.54948230807545	3.5370799976248133	59.930218538617154	59.98974452654313	59.99979940672479	58.38283568592217	3.4248894461092143	58.95117249526757	58.96070427478272	58.968432023107226	59.18535491093354	3.699386486484472	59.876543727545254	59.90783938079004	59.93185242236718	58.408500664295765	3.393938133627257	58.92983381197979	58.94621673600244	58.955192699772	59.23512253986878	3.7084708371930732	59.94403467238462	59.96167639406157	59.97471805599356	58.40805238710166	3.390688113914055	58.925131170427065	58.94649252633722	58.955563076357734	59.15187577999841	3.372116023310886	59.84331270301811	59.95254749384945	59.970142967439024	57.02216282421778	3.646907281293395	56.01977243902466	58.34517159948922	58.86340976731788
8240000	59.548927031054404	3.538206776548917	59.934180665555694	59.99008014422032	59.9995172184007	58.38324831587027	3.428129630772529	58.95029227825606	58.96068037413556	58.9686978542956	59.18482799190611	3.699236422104129	59.87827271843535	59.90616513530932	59.93153041517896	58.408818444224785	3.3956603768735647	58.92980241532379	58.946171065576635	58.955192699772	59.23399555608317	3.708232422584543	59.94139527421063	59.96025665110967	59.97409199183911	58.40788642977399	3.3911299412848845	58.925131170427065	58.94651505914747	58.955603830860326	59.15187537648611	3.374542769629855	59.821785571448736	59.952206422015294	59.96989954530329	57.024564257781805	3.6463783871782853	56.01977243902466	58.34517159948922	58.86340976731788
8250000	59.54632672805857	3.5384877335524454	59.92833523879857	59.992297480791876	59.99981871540488	58.38380173145005	3.4242574679552438	58.950151533897376	58.960531063610844	58.968230976158885	59.18553721012941	3.699325797552968	59.875868082291255	59.90702412011336	59.93399198465524	58.409556120151585	3.3926317315500647	58.92994354459286	58.946405506895694	58.955192699772	59.23471107343969	3.708351020129939	59.94131401270064	59.96178475504949	59.974676997007954	58.40872644505359	3.3900722927268174	58.925131170427065	58.94655638891332	58.95563566642983	59.152810125291914	3.370980626161731	59.84854777989005	59.95291487006713	59.96988930355134	57.02640559395783	3.6453082899271068	56.01977243902466	58.35052458439074	58.86278416833568
8260000	59.54946779973968	3.539098667389274	59.939505426267644	59.992995639687436	59.99971979391627	58.38292472063385	3.42586352176585	58.94969020270135	58.961012628924905	58.96831607456049	59.18504952228763	3.6992300727420795	59.87703349947488	59.90545476987115	59.932141474857545	58.408447111399425	3.394542523416297	58.930307173000855	58.946465332030144	58.955192699772	59.23416755327251	3.7082521191389466	59.94133124183836	59.95943746984712	59.97489070495617	58.407843411951646	3.390618192887024	58.92544112071787	58.94651505914747	58.955603830860326	59.15360498941143	3.3720912948527353	59.84757187364188	59.95269058937712	59.969541427404835	57.02768496351456	3.6449435460016653	56.02179503811033	58.3544234264272	58.8617687672654
8270000	59.54748058695381	3.5391931562848176	59.93701927293737	59.992000267313216	59.99977701131125	58.38327796159121	3.423999975290688	58.94890787437221	58.960259571175015	58.9676140387938	59.18377420690693	3.699025939504266	59.87427448098387	59.90645582052083	59.92976171009535	58.40949625822973	3.3931902330934904	58.930445274949314	58.94650201857621	58.95518432588125	59.233938678513844	3.7082016533466797	59.94012739266635	59.95965860377184	59.97334361689518	58.40906257023953	3.3902644003356355	58.92544112071787	58.94651505914747	58.95568971430872	59.15578788460436	3.370429267644874	59.86055659000804	59.95221808836839	59.96967622771047	57.029739561926064	3.643988482246899	56.02240093710623	58.3544234264272	58.8617687672654
8280000	59.54384406748331	3.5385587355716606	59.92983953013519	59.990659163903175	59.999545521554374	58.38427438448909	3.4256671491674653	58.950181072880135	58.96019513400324	58.968144048394166	59.184644839462656	3.6991546965619273	59.87518352529356	59.90614428100487	59.93172082668606	58.408670354784086	3.3940627170096156	58.93049874263038	58.94650201857621	58.955192699772	59.23490694137626	3.7083589733141586	59.941498015637016	59.95954369066382	59.97432449806578	58.408173015791895	3.3909340707251836	58.92544112071787	58.94655638891332	58.955752877720116	59.15461445313162	3.3714264865651016	59.84198105654807	59.9523040370494	59.96843798746008	57.031990021448664	3.643456446134567	56.02240093710623	58.35884071697174	58.86272950423193
8290000	59.54888703372315	3.538808453778891	59.935312744306984	59.9909869245985	59.99967234771817	58.383927399748515	3.4264553122367944	58.95099344086618	58.96063932440286	58.96797805935704	59.183267265724155	3.6989015073688627	59.87369429295518	59.905066552012485	59.93108805681472	58.409513707810504	3.3954050270843634	58.93053789511691	58.946465332030144	58.95522847669201	59.234115156382835	3.708201943714505	59.940504511607486	59.9603196951016	59.97348698847814	58.40896069333823	3.3911755599672495	58.92544112071787	58.946590014347365	58.955752877720116	59.15802468861219	3.373183302639246	59.85498217111442	59.95226367106682	59.97004025992898	57.03555796308904	3.641326190719735	56.0226889622551	58.361379039884255	58.86272950423193
8300000	59.54840163313439	3.539170067043215	59.933081425094485	59.99085005875648	59.999788197978795	58.38429198794721	3.425020830549223	58.950764983962515	58.96036608420752	58.9684376028684	59.183916659375825	3.699018572574621	59.87559811246561	59.90586166133363	59.932143136187726	58.40895600358468	3.3957709365370805	58.93065342004277	58.94646572452693	58.95526418537038	59.23519740982979	3.7083873041364512	59.942121853351956	59.96116431878885	59.97535827797934	58.40895944810716	3.3908784747090768	58.92544112071787	58.946590014347365	58.955752877720116	59.15882542954371	3.3705691828585627	59.84332641550046	59.95227887664066	59.96953725463963	57.03812718879861	3.6409562266726128	56.02240093710623	58.3659833240569	58.8632302841415
8310000	59.547242547458	3.5393377221634275	59.932847906905934	59.99176733476017	59.99968975103989	58.38504640089777	3.425716659685258	58.95112693782675	58.96108116643498	58.96839577752532	59.18523561197616	3.6992404198869764	59.8758761588551	59.907216633766176	59.931569873001216	58.40898215341298	3.3952366018213453	58.93077287752659	58.94663506289092	58.95540278116151	59.235653388693535	3.708463945091321	59.94344454227479	59.96139120838346	59.97459544561288	58.40860836551142	3.3913989928191453	58.92555387054641	58.946590014347365	58.9557568575051	59.1625907338538	3.371500944317857	59.882280861809726	59.95473986964673	59.9713343975454	57.03939249611517	3.640569823256786	56.0226889622551	58.3659833240569	58.8632302841415
8320000	59.5530476042804	3.539684705255074	59.9382925942068	59.992105644584484	59.99987465516652	58.38482753717644	3.4237828349405692	58.95118347735006	58.96096408991981	58.96882765147461	59.18592024250641	3.699397510124901	59.878259800457826	59.90923877238826	59.934888777508874	58.40944546267387	3.3935127042258024	58.93077287752659	58.9465625489576	58.95538048061307	59.23618167636073	3.708580461170942	59.94195700232848	59.96271757929012	59.97525283298135	58.40923990144815	3.3906051707373512	58.92572668866113	58.946590014347365	58.9557568575051	59.16282363171362	3.370285156478253	59.85166182573583	59.95261292841191	59.97043442687145	57.04113256386574	3.639867797838011	56.023018267586146	58.3744693021159	58.86278416833568
8330000	59.55181796811489	3.5396424223311436	59.935771153587865	59.991970647445285	59.99971383662121	58.38388208471681	3.426402292809188	58.950248303456604	58.96187604632648	58.968580668142124	59.18350949955182	3.698878581944401	59.876224747966916	59.904365999012995	59.92855955344776	58.409628849145506	3.396026408556984	58.930871081354965	58.94663506289092	58.95538048061307	59.235143810278174	3.708379846993152	59.942574212357705	59.96019373757407	59.97549690043555	58.4097044755272	3.391317927889922	58.92572668866113	58.946590014347365	58.955773016575804	59.166724257809406	3.3715226362806647	59.8682379589867	59.95261212197093	59.96977128122553	57.042130793734444	3.6397869173699973	56.023018267586146	58.3744693021159	58.86278416833568
8340000	59.54968435972294	3.5398448646563456	59.942440190965115	59.99062330491202	59.9996947709591	58.38379739551506	3.4264190077519356	58.95053948463921	58.96106593709012	58.968256014109976	59.18400700818537	3.6989713510584417	59.87403112398984	59.906511075794995	59.93076073396132	58.41015102356351	3.3952614625732274	58.930871081354965	58.946718897927205	58.95542727201271	59.235264259951926	3.7083946966335977	59.94084229060452	59.95994258450516	59.97460470214638	58.40996300404582	3.390880375649191	58.92634139076134	58.94661958609453	58.955773016575804	59.16586429763575	3.371567969693574	59.8633502676992	59.952797444411836	59.967871099072454	57.04507777392115	3.638565668595002	56.023018267586146	58.3744693021159	58.86278416833568
8350000	59.550527445337174	3.5393723565592294	59.94566886828453	59.99351632661387	59.999817637537284	58.38505568044358	3.423649397187086	58.95156746411634	58.96114523931612	58.96809737060954	59.18478308620512	3.6991253391106196	59.87774359966198	59.906987383765184	59.930539049445144	58.41050996767038	3.391456229880196	58.930871081354965	58.94679764448772	58.95540962846427	59.23519927675978	3.708369280139043	59.94214514369652	59.96041723364014	59.97476463106824	58.40967742824255	3.39000318545398	58.92651828109	58.9466796840307	58.955768891791706	59.170601696969875	3.3688243536547473	59.86929198851328	59.954007690775526	59.971253266901826	57.0474512615613	3.638010566975451	56.02268912442208	58.3744693021159	58.86343518778389
8360000	59.547267740188744	3.5389535387200617	59.93508496895954	59.991567532563764	59.99965475764128	58.384947113286984	3.4254964281838944	58.950854408488695	58.96116200080833	58.968342507428034	59.18402520379631	3.698952945764152	59.87480617361474	59.905333684214	59.93192658509483	58.41070923401656	3.3956473062013774	58.930958539109525	58.94727504661053	58.95542727201271	59.23481913960674	3.708278702028003	59.94169004841932	59.96070979881864	59.97363093649452	58.40995583585899	3.39139186063051	58.9267238387332	58.94664405880003	58.95611096562622	59.1729877144436	3.3695154094238258	59.867422951026576	59.95236705096768	59.969485712361845	57.05047505007922	3.6366182988124454	56.02268912442208	58.3744693021159	58.86343518778389
8370000	59.54869531737857	3.539311043945361	59.93792426943191	59.99185497746036	59.99978019009891	58.38400254277439	3.4252189726127353	58.95120054016637	58.960289294457105	58.96763546733666	59.18564269996409	3.699261487143554	59.87728651819974	59.90736252691819	59.93336501262224	58.410817137650845	3.3938387848026905	58.930988805354005	58.94727504661053	58.95556963034437	59.23544532469947	3.70842187169833	59.94349425891053	59.960926157080394	59.9757086956054	58.40988495538459	3.391091233945195	58.9267238387332	58.94664405880003	58.95616749400005	59.175391213275624	3.3696810754382818	59.886113515213715	59.95402005213289	59.97083860044829	57.051868109736425	3.6359362438156357	56.02268912442208	58.3744693021159	58.86278416833568
8380000	59.550096129049194	3.5391370826797255	59.93810989006589	59.99140455447281	59.99972415200643	58.384157361518724	3.4250922794774605	58.951591127594135	58.96106998528802	58.968649800258206	59.18341414085111	3.6988147351794076	59.87509192828849	59.905042053464605	59.93120211721193	58.40965390073454	3.393670658299984	58.930988805354005	58.947302202031565	58.95556963034437	59.232874586190036	3.7079472958053565	59.939540391832566	59.95987022074668	59.974214297189256	58.40908733008152	3.391055036275347	58.92689008136918	58.94664405880003	58.95616749400005	59.17477965713759	3.3684489520079386	59.881459697768115	59.95383274265502	59.96937249338414	57.05345815233172	3.6363029846491854	56.02267502349071	58.38181119065732	58.86278416833568
8390000	59.54769096531116	3.5388700210996316	59.93432979405312	59.991080806458115	59.99974168543443	58.382027402968575	3.4247494069712325	58.94937016271367	58.96024873895536	58.96839958615059	59.18451737400136	3.6990021964788866	59.877053183234196	59.90633527243979	59.93061525945741	58.41030442862235	3.393931283709106	58.930988805354005	58.94738302781486	58.95561271923721	59.234570621220975	3.7082435564487106	59.941980592998945	59.960998785093615	59.97407060200505	58.40957576197455	3.3910239024950113	58.92689008136918	58.94661958609453	58.95612529488143	59.174623903916455	3.3679792903338557	59.879493570621946	59.95401790898872	59.96797430153678	57.05673844633003	3.6341966555144714	56.02267502349071	58.38181119065732	58.8617687672654
8400000	59.54252230595739	3.538270965057973	59.92159861364549	59.988527013026605	59.99968842329626	58.382987169145174	3.4237065204985675	58.95116036565682	58.96036559268015	58.96764580751565	59.183524644675806	3.698803317567108	59.87370751373543	59.90483680538661	59.93101776451099	58.41071540474519	3.3944336161900694	58.93110413224438	58.94734498509858	58.95561271923721	59.2352718389653	3.7083418518323534	59.941166446508795	59.96076743078014	59.97510853785454	58.4101008491268	3.390724274281717	58.92693976293648	58.94661958609453	58.95611096562622	59.17559244140224	3.366835842262626	59.86333505183107	59.95348626309631	59.9703701472312	57.05954187889813	3.6328748749259336	56.02272733775476	58.385454339464104	58.85908152738782
8410000	59.55231293824005	3.5394408992131083	59.943960385376194	59.99351817656684	59.999717571940145	58.3833132333234	3.4260677036908107	58.94991970506267	58.96004509099096	58.96833585863747	59.18409071221863	3.6989122035457513	59.871082861032654	59.90713778692583	59.93335348588328	58.41089347350474	3.396290181014161	58.930988805354005	58.94743780344276	58.95565706645783	59.23448065324051	3.708180817024014	59.94190564815162	59.960842455825826	59.97443910725738	58.4101896389933	3.391525473687745	58.92703083399939	58.94664405880003	58.95616749400005	59.1769866129491	3.3686699451150406	59.86293607947415	59.95269314769905	59.96920872308746	57.06465730400412	3.6312176561680003	56.02267502349071	58.385454339464104	58.863402749941415
8420000	59.54934918030632	3.5394075843670727	59.93486906324432	59.992488069453486	59.999782746723085	58.38346662689887	3.4262569330701225	58.950369531327325	58.959927325982676	58.967722007675405	59.183487902836575	3.6988092843369564	59.873745937253716	59.90586656890215	59.929340357213135	58.41117630298097	3.3946233238517536	58.93110413224438	58.94751379544784	58.95565706645783	59.23460947772433	3.7081840318954056	59.941348116625214	59.96039530556638	59.97496731659997	58.41033696564328	3.391363818578551	58.92780689189172	58.94666801426045	58.95612529488143	59.17946471143832	3.3690439019716694	59.87742440389818	59.9535492053637	59.97027542455004	57.06552062390391	3.6304564799107855	56.02267502349071	58.385454339464104	58.860831139212515
8430000	59.551176399654544	3.539483608779605	59.93889766341924	59.99114579373712	59.99975683849029	58.383553323338916	3.424109472237917	58.95062935411598	58.96072406999407	58.96846936858719	59.18502821509337	3.6990928047206	59.873766948325446	59.90731247871402	59.93169928975098	58.41081925288621	3.3935762840916865	58.93110413224438	58.94747503827568	58.955725612784626	59.23478050169183	3.7082301034438614	59.941906724190915	59.960868060606785	59.97470584935065	58.409622755192025	3.3910172114506265	58.92775473753679	58.94664405880003	58.956068249798875	59.18421151888276	3.366227789367809	59.86201207366241	59.95346676957337	59.97136757149439	57.067259264386905	3.6299075423597023	56.023018267586146	58.385454339464104	58.863402749941415
8440000	59.549381835901954	3.539414360814254	59.93698689890593	59.99204488174945	59.999656659096296	58.384647528219546	3.4247983755305347	58.95067914080509	58.96105196828127	58.96859926593692	59.18494953199495	3.699106086690929	59.87734031172547	59.90492360127458	59.93162302676603	58.411332278833285	3.3946316645628705	58.93136570241027	58.94758510162286	58.955725612784626	59.234734569831495	3.7082149362431274	59.941726452492844	59.96024342362397	59.9743788248999	58.41011875111621	3.3911917675090395	58.92780689189172	58.94666801426045	58.9559586377797	59.18490072742501	3.3671955132374194	59.89281423726007	59.95339145994693	59.970556146614136	57.06793000225534	3.629743546386423	56.023018267586146	58.385454339464104	58.863402749941415
8450000	59.54947290253227	3.539806535992945	59.942011657015186	59.991755419971426	59.999767049650536	58.3845615117806	3.4255838304062842	58.950484172567926	58.96092840584412	58.968142765367276	59.18513217220643	3.699142079596801	59.875798507015524	59.90598527382605	59.932323989590444	58.41077854787794	3.395424971687411	58.93141588273196	58.94758510162286	58.95578077027218	59.23505376900083	3.7082559737384897	59.940208653818345	59.960674042680395	59.97413963042973	58.40970307355907	3.3915199513500434	58.92780689189172	58.94666801426045	58.95609865432813	59.18568518454802	3.368056750233919	59.88763628381621	59.95287703870751	59.96883002864141	57.06991479052095	3.628729371396688	56.02351524538316	58.385454339464104	58.86278416833568
8460000	59.54640124851462	3.5395948451402726	59.93418371969167	59.99077571705715	59.99968827823311	58.3824946033289	3.424704566297965	58.95050993298294	58.96058724435417	58.96787042659533	59.185725326057714	3.6992175073588816	59.87767048325455	59.9077135881073	59.93153078770774	58.41153592635505	3.393344139379254	58.93141588273196	58.947613263999656	58.95581372844768	59.235977167221854	3.7084257698543612	59.94278173898721	59.96163197769324	59.97537800161449	58.41030766413927	3.3902490209630605	58.92785973224787	58.94671648875894	58.95601910096582	59.18681955654035	3.367057089541608	59.87231885902741	59.95464591199893	59.9700873199841	57.07279145957946	3.627255339662297	56.02351524538316	58.385454339464104	58.8617687672654
8470000	59.54894778881296	3.5395903267680517	59.93281318014239	59.99143430373865	59.99968836574368	58.38415740954441	3.425326713243937	58.951511818755826	58.96128158740332	58.96814145080623	59.18422907304089	3.6989729974937418	59.87196594250748	59.90704815423817	59.933762722416475	58.41175947693605	3.393838468928301	58.93151331873073	58.94765074470419	58.95579615013002	59.234732101254814	3.7081964363035076	59.93953602042455	59.96098247521983	59.97581835923499	58.41059943838879	3.3911276698808446	58.92785973224787	58.94687145052581	58.95601910096582	59.18932146898349	3.3676140435622886	59.89564036187389	59.954437584705225	59.97107312641104	57.07532564453881	3.6266333456566096	56.02351524538316	58.3949930323343	58.86402574156605
8480000	59.551672538495474	3.5394245564594686	59.932255745205254	59.99318603169933	59.999833312083645	58.38378287613178	3.425395525171376	58.95065651562231	58.96076170027098	58.9684850305998	59.18494546510575	3.6991006216626596	59.87631260119268	59.9087573845354	59.93341230696226	58.41154003292409	3.394465097401487	58.9316690383671	58.94773503401662	58.95579002232697	59.23543012554569	3.708247719703454	59.94253524644429	59.961450411958594	59.97506665424626	58.41077526829431	3.3908323632846797	58.92810932623916	58.946985142952826	58.95601910096582	59.191465455566856	3.3683409762927807	59.89171245051385	59.953937160690785	59.969720593431646	57.077678263127304	3.6252478843567855	56.02318312951083	58.3949930323343	58.86402574156605
8490000	59.55328019393165	3.53986565987905	59.93711275390498	59.99206599811683	59.99983216683818	58.383572504443926	3.425724853194632	58.94947249766916	58.960922468668684	58.968285566118006	59.18795537525521	3.69968336087809	59.880580448680064	59.910813048983364	59.93482287117955	58.411447018258876	3.3953723270470872	58.931737667073435	58.94789783804838	58.95579002232697	59.23556674392344	3.708213213418669	59.94267288611624	59.960838772681356	59.97460290520095	58.41066389795811	3.391435756447589	58.92810932623916	58.9471337506079	58.95601910096582	59.19378767790278	3.367303128760327	59.89806681855523	59.95410570474676	59.96953886766024	57.080040703150054	3.624660986415059	56.02405674918582	58.3949930323343	58.86340976731788
8500000	59.552400066067236	3.5395110217654886	59.93673327118878	59.9919076774014	59.99980113018261	58.38437397535683	3.4266362950699314	58.95071780164714	58.96116013976541	58.96832826064242	59.18500816256782	3.6990373874694957	59.87518502323816	59.90754032613703	59.93155135996328	58.41174110108873	3.3940584596650885	58.931941246844865	58.94789783804838	58.95584587874653	59.235445332369764	3.70817647004421	59.941571288452536	59.960726542110386	59.97464032513585	58.41069639034859	3.391212363426546	58.92818814050576	58.94722005374865	58.95615134523168	59.19743521648602	3.3677672294496137	59.8831815995494	59.9545625230505	59.97079685864288	57.084075321962274	3.622684175232064	56.02489013983429	58.390436930064865	58.86402574156605
8510000	59.54778033675515	3.5394947409177937	59.92988777888346	59.99081203790913	59.99966039406667	58.38435730054266	3.425834266081405	58.95080481627392	58.961214918587714	58.96845622394519	59.18460919205213	3.6989634480254763	59.878072812884234	59.906261896741746	59.93161166472536	58.41230368581242	3.394885280732474	58.9316690383671	58.94789783804838	58.95584587874653	59.234737849121785	3.7080373682271524	59.943098241276786	59.9603000972985	59.97379267225024	58.41175782582982	3.391087876883355	58.92818814050576	58.9471337506079	58.9561220614623	59.19951752898107	3.3669467335786263	59.90358656729244	59.952869896472635	59.97005330971902	57.08590459602008	3.6216792330740635	56.024464534585135	58.390436930064865	58.86340976731788
8520000	59.55272205763402	3.5396668280605263	59.937953934466904	59.99344959855445	59.99973138587454	58.38448675843812	3.425851368266311	58.951112055691326	58.9609813287704	58.968302748043406	59.1854586053901	3.699100793926749	59.8782930252183	59.907105307004386	59.9314181254924	58.413077764800924	3.3936070177640767	58.931737667073435	58.94789783804838	58.95584587874653	59.2342693304801	3.7079544526469803	59.94271616282898	59.960835228142415	59.974332965841576	58.41213054830622	3.39037380808035	58.92819444237591	58.94726336547103	58.95616749400005	59.20189150739554	3.367365791744906	59.90970303324012	59.95409589270895	59.96930085686357	57.09041673162558	3.6195774885366307	56.02536178150208	58.3949930323343	58.86402574156605
8530000	59.547848585099686	3.539448246797005	59.93450535472322	59.99117361568353	59.99973252471083	58.38407732080641	3.4251193825550987	58.95119898556136	58.960870339657326	58.96796771243497	59.18438910760782	3.698865882243595	59.87487715655745	59.90506941656944	59.93150607524946	58.41215823579897	3.3945919107084603	58.931941246844865	58.94792030415042	58.95587984250462	59.23509673109731	3.7080912228494296	59.942021872393035	59.960112554428335	59.97410646079834	58.41117587352586	3.390980513715258	58.92839765753604	58.94734590680421	58.95625666383503	59.19936545111227	3.3658636719637824	59.89158722681771	59.951655322541484	59.96856218892382	57.09263611850086	3.618880668544241	56.02535912300048	58.40002254671667	58.86402574156605
8540000	59.549853938648184	3.5394768677783905	59.93441360578407	59.99223303573247	59.999765672672844	58.38435216507859	3.4266569979856496	58.95080637414793	58.96056822824993	58.967993551330665	59.18555270453853	3.699087776903596	59.87699509689102	59.907915895311575	59.932052544601504	58.411801100286795	3.395538143056838	58.9319889932477	58.94798468750975	58.95590616663297	59.23604440992433	3.708248203201442	59.94327003897228	59.960909990484765	59.97469308155487	58.41121944228269	3.391316873325714	58.92841506659909	58.94734590680421	58.95628399601674	59.200246022706864	3.36714033819291	59.89284146999691	59.95333955271266	59.969943416879175	57.09455063189119	3.61789884468101	56.02535912300048	58.40002254671667	58.8663291709137
8550000	59.54682634193624	3.5396988004893877	59.93025921245365	59.99214480261519	59.99962964205217	58.3839831362546	3.425326847161139	58.95147077942645	58.961369858644105	58.968973215385816	59.18633668212751	3.6992465126423504	59.87966911911067	59.908752379304005	59.93260864208036	58.41180752716467	3.3948869463975346	58.932065959718045	58.947941783710775	58.95589172582547	59.23511144438236	3.708088460754159	59.9440015166674	59.96063940543765	59.97398313031235	58.41106497376219	3.3912446082763594	58.92841506659909	58.94748635532198	58.95632399001764	59.20107367635137	3.3654226437782606	59.88333166116151	59.95375760343789	59.96900541880318	57.09754369935259	3.6166481110795203	56.023813249752294	58.40957004018795	58.86402574156605
8560000	59.54710373952051	3.539264866802887	59.928733544855945	59.992552040833175	59.99982860528081	58.383113446954106	3.4257211230473934	58.95088201667607	58.9606584679809	58.96803295694814	59.18403251464102	3.698807039162768	59.87266393347356	59.9074426526643	59.92993537569133	58.41336406067777	3.393699730922942	58.932065959718045	58.94792326363418	58.95587984250462	59.2354201403904	3.708144360693386	59.94251068073906	59.96124186327495	59.975515641279586	58.41254993697603	3.3902615371422367	58.92841506659909	58.947547490688564	58.95638545890955	59.203896477006474	3.366634649064067	59.91038194585008	59.954045722867136	59.969755450933306	57.09929732890012	3.616350894783144	56.0239062260511	58.40957004018795	58.8663291709137
8570000	59.547340225634265	3.5389249612607707	59.93635268971697	59.99235034588463	59.99976898811908	58.38375705627354	3.42500228370031	58.95032815763597	58.959957530627186	58.967638063516624	59.18387899956522	3.698741766001104	59.87569817697374	59.90472718349676	59.93145357565285	58.41314721558752	3.393667675738165	58.932065959718045	58.948102376727675	58.955859695415555	59.23552933435856	3.708130120795313	59.942716201778566	59.9615346514781	59.97550196846697	58.41192200906325	3.3907278808352976	58.92857287212113	58.94769091030473	58.95638545890955	59.20443328722878	3.3657368527409335	59.906576592515464	59.95433244102931	59.97054086918244	57.10169885436596	3.615163418237391	56.0239062260511	58.40957004018795	58.86534494696281
8580000	59.548757582843145	3.539155818928914	59.941785309584226	59.99161651942627	59.999849383274565	58.38321115569858	3.425852975237306	58.950479692374344	58.960727463656184	58.967941270966755	59.18651351050017	3.6991941940160538	59.875865825883814	59.90965332246891	59.93352700508808	58.41300872825338	3.395698059619036	58.932132532356306	58.94805287014178	58.95589172582547	59.23496407207545	3.7080003186329487	59.94268275757621	59.96066189581009	59.974915013138414	58.41233267555104	3.3915362629455865	58.929440579359465	58.9476476756313	58.95642968217944	59.204347679251505	3.3663022589823077	59.906777516355206	59.953575800628954	59.97031870355163	57.103903452540784	3.6149284787960227	56.0239062260511	58.40957004018795	58.866702403835646
8590000	59.55051436811352	3.5376100794342027	59.93699771306755	59.99241774311414	59.999889119969836	58.38332208734297	3.424928024967957	58.94983746343744	58.96087915105802	58.96846685060061	59.1864378634901	3.699026275201909	59.876880235566105	59.90745019043127	59.93406210283156	58.413365389191156	3.394127321241701	58.932132532356306	58.94805287014178	58.95591861345161	59.23613520980911	3.708221412555755	59.94429362793633	59.96210336373059	59.97605336256265	58.41227751100475	3.3909689409907546	58.929808957202646	58.9477339758739	58.95638545890955	59.20518252874231	3.3655800365712913	59.89623945260516	59.95298529277204	59.970917626956115	57.10601050369752	3.6141593669441785	56.02366190107932	58.40957004018795	58.866702403835646
8600000	59.55220102190307	3.538636700595732	59.94334366845734	59.99350790978883	59.99978035763674	58.38389938981923	3.425345123510929	58.95067011722681	58.96091282593501	58.96812002715672	59.18450534267584	3.6985909951708953	59.877041056649325	59.907203044125	59.931284162334116	58.413156403800585	3.39494176739607	58.932241605186384	58.94813475169241	58.9560398951774	59.235077527769434	3.7080015335614003	59.942821816149305	59.96127850177286	59.97408058776999	58.412170710225325	3.391440082793505	58.929808957202646	58.947784985031355	58.95632399001764	59.208205416831106	3.3648608524112484	59.90344559752785	59.95239860576328	59.96956068561664	57.10630872863757	3.6141055926055325	56.025077301262634	58.40989668601974	58.865858657498265
8610000	59.553823609266196	3.53884035757077	59.94552553263293	59.993415420778184	59.999792826549914	58.383272676586955	3.427558794211335	58.950029727156185	58.96047914689683	58.967847472789046	59.1854002156882	3.698736310193007	59.875578335215494	59.906788300539816	59.93100588794301	58.41433032958458	3.394377999486301	58.932366865373645	58.94813475169241	58.95598995749479	59.23519111336929	3.7080002835892487	59.9425668081157	59.960527060106706	59.974365800807384	58.4127011933271	3.3910924784113483	58.92990339739458	58.94780216567916	58.95638545890955	59.21336090308638	3.3672714113505138	59.9131979456867	59.95409420621931	59.970322189066934	57.107018728420144	3.6135394439555726	56.025077301262634	58.41006075522306	58.86389597504556
8620000	59.54668641953789	3.5387823153354128	59.93073931745882	59.98990544050182	59.9996587017554	58.38321449367813	3.4244175240116452	58.94991528326299	58.96043741899031	58.96766456005377	59.18239472530618	3.69816673888327	59.871364739461015	59.903485419172995	59.930135071210906	58.413404202715405	3.3945500843246075	58.93242868975178	58.94815851841236	58.9560398951774	59.23524877470613	3.707990919306273	59.94236249268323	59.959726302651546	59.974087056140085	58.412554547493635	3.3911897547790564	58.93003814265367	58.947820078064495	58.95638545890955	59.212735550961504	3.3633646336742165	59.897811351388206	59.95330532791023	59.97000405379396	57.109077206581276	3.613357427959068	56.025023421467544	58.41006075522306	58.86389597504556
8630000	59.55001890405335	3.5390942937017114	59.93800548727675	59.9928843304005	59.99966950734397	58.38321593992864	3.4252180321545955	58.94937978618334	58.96007741925921	58.96794998619557	59.183147411651454	3.6983265281221933	59.872803629348695	59.90524500372985	59.93120182275438	58.41307965904958	3.3954044482910635	58.93242868975178	58.94815851841236	58.95616331228946	59.234282656964915	3.707821900924134	59.94215761868817	59.95960214878036	59.97436555267426	58.412125742377654	3.391263928823412	58.93014646622816	58.94788363450032	58.95632399001764	59.21735424971226	3.364170326395756	59.90700992602226	59.952690612352775	59.9702670357259	57.11028510280065	3.6133893571881477	56.02529180902009	58.41006075522306	58.86337904144644
8640000	59.546391466752446	3.5392081941726694	59.93153609442441	59.99091996539928	59.99966109792814	58.38413021994675	3.424285974861658	58.950653415701346	58.96020865674777	58.96780017278412	59.18503006472096	3.6986834445005683	59.875632884889406	59.90539469572056	59.9319313497074	58.413777527715524	3.394158925825771	58.93254510467709	58.94817706672026	58.95630759129447	59.23325769665977	3.707614626444387	59.939675767797	59.95921941035993	59.973840283032466	58.41280012501162	3.3912109161252055	58.93102782482875	58.947980106348936	58.95632399001764	59.220433941223554	3.3626265791122383	59.904730646908845	59.95450921601169	59.970115649468404	57.112762573604805	3.612776765596328	56.02529180902009	58.41006075522306	58.86534494696281
8650000	59.54584562954857	3.539244300301484	59.928333492999315	59.9897248262191	59.99978237104626	58.3840229747312	3.4260350837972697	58.949652543907085	58.959923620283625	58.967603430768136	59.181346842369635	3.697993460813162	59.86700683046071	59.90409686026254	59.93058460927616	58.414444832969416	3.395004254321075	58.93254510467709	58.94824435786792	58.956416063798706	59.23475143023008	3.7078564301811703	59.93997189732056	59.95890368980107	59.97399217532964	58.413343723935085	3.391497884785827	58.93102782482875	58.94799961849591	58.95638545890955	59.221431060403006	3.364477008419082	59.90911037952265	59.95315908298858	59.96959972832213	57.116536962450574	3.611678459747814	56.02350026169405	58.41006075522306	58.865858657498265
8660000	59.5506077459814	3.539515304198865	59.94178154215922	59.99352048718834	59.99977019668698	58.38386966389573	3.425596176987665	58.94942062011409	58.960768984271766	58.968351935735626	59.18472009872465	3.698594069406959	59.87546293790884	59.90483506489521	59.93154868727487	58.414617650217416	3.393756440013908	58.932878625958196	58.94824435786792	58.95644462169407	59.23535100395654	3.7079727950613797	59.943868417514686	59.9610941738312	59.97484163435298	58.41333631695498	3.390489754833277	58.93102782482875	58.947980106348936	58.95647473789042	59.22366490898108	3.3642606084450817	59.911141644252034	59.9548481036193	59.969150302161005	57.119603568919686	3.610504586629002	56.0233401404752	58.41276736398956	58.865858657498265
8670000	59.548700501258466	3.5394957096512054	59.93590949797439	59.991097892508975	59.999762855749104	58.384337458980205	3.425569767714186	58.951096342264904	58.96136589741657	58.968466137862535	59.18570951266313	3.6987752788514285	59.87511648727192	59.908015849476755	59.93232378944231	58.414590867994065	3.3953331780974954	58.93310711815236	58.94824435786792	58.95649368896159	59.23550618250271	3.707961263254718	59.942030599767286	59.95954312583579	59.974818196891505	58.41343538232277	3.3914283268359435	58.931131047773654	58.94796270387096	58.95638545890955	59.2234148465493	3.364348046896916	59.91099995426337	59.954836170401215	59.97119541639268	57.12186486838849	3.6095996292393338	56.024305424351695	58.41276736398956	58.86534494696281
8680000	59.548611937303555	3.539433951226005	59.933706995027435	59.98960928404817	59.99976840983066	58.38404613504087	3.42506887357569	58.95028307881301	58.9608587155312	58.96728193689449	59.18561053171284	3.6987645019807873	59.87717226173621	59.907425015629784	59.93160798064177	58.41342558124147	3.395289695322919	58.93310711815236	58.94829577533932	58.95653740765756	59.235089063929486	3.7078638381626297	59.941987406999566	59.95997235095665	59.97364411398244	58.4121600139445	3.392009102104437	58.931131047773654	58.947980106348936	58.95638545890955	59.22420936218035	3.3628159150446586	59.913079204460054	59.95429148792989	59.970851186068074	57.126597121007606	3.6076638190100523	56.024501436422604	58.41276736398956	58.866702403835646
8690000	59.54815625662006	3.5392227580452706	59.93199835535544	59.99206412502734	59.999810685855735	58.38286874930307	3.4258272815002013	58.950844316631446	58.96038049564855	58.96778340997268	59.18347933812702	3.6983191215139084	59.872012966930434	59.90410026255971	59.9304425153064	58.413901650076106	3.3950973547125605	58.93348667355235	58.94826540768344	58.95653740765756	59.23385807580289	3.7076489163400397	59.938751073121125	59.96048156640235	59.97444046269992	58.412963521864434	3.391693832494182	58.931131047773654	58.94799961849591	58.95641503936002	59.226464388193456	3.3634456363326026	59.9134403980752	59.954155478232266	59.971427243786096	57.127921204558206	3.6066603320473796	56.024501436422604	58.41276736398956	58.86534494696281
8700000	59.54756170326171	3.5388894683310164	59.93570801224769	59.99106279687223	59.99982100144512	58.383571817686025	3.426283262173052	58.950959967251656	58.96026085438703	58.967790282467796	59.185759854269726	3.698754728219926	59.87495393984902	59.90577122594836	59.93342430317214	58.41369981555187	3.39479876769176	58.93348667355235	58.94826540768344	58.95670581646901	59.23505022597042	3.7078775031711193	59.94210612439974	59.96087444832348	59.97504862940068	58.413144191890716	3.3913860928125295	58.931131047773654	58.94803617100149	58.95647473789042	59.22491510364912	3.363623443036635	59.909794870649876	59.953494877143385	59.97058498290731	57.13096746984157	3.605697412300097	56.024501436422604	58.41584655044592	58.86605908201434
8710000	59.54719553328336	3.5385265582584475	59.937191416006996	59.99145976417554	59.999607964301156	58.383648511703875	3.424372372627875	58.950781741073065	58.960839945051745	58.96810836570644	59.18195238680045	3.6980241867459758	59.87291850342943	59.90347037738083	59.9286404976224	58.41501247817509	3.393170848023414	58.93348667355235	58.9483057250694	58.95677691707014	59.23378806039274	3.7076461076012177	59.93986674830955	59.959727412103355	59.97405968945757	58.41393299206886	3.39048762787242	58.93120676443938	58.94803617100149	58.95642968217944	59.225580221793315	3.361251787534533	59.898019835793114	59.95320014105279	59.969427485752036	57.13272811323663	3.605051027649852	56.02448351640237	58.418622239427535	58.865801054696306
8720000	59.54666404676469	3.538356167729766	59.93155931228146	59.99195795057665	59.99976099949461	58.384718921980465	3.4252460030226564	58.95123574418123	58.96097193761665	58.96866112529073	59.1851157687353	3.6986018150113877	59.877917810544446	59.90622198760549	59.9302601730552	58.4150476631453	3.3942139565525813	58.93354059595923	58.94836095748491	58.95677691707014	59.23469985276749	3.7078088965041003	59.94317336934522	59.960211979314245	59.97467479326759	58.4145518058263	3.3899650357401145	58.931220209117406	58.94831281368853	58.95642968217944	59.23003854413726	3.363028749255785	59.91789029739844	59.95530778404329	59.970536292833415	57.133811795573095	3.6047239010293137	56.02532263245652	58.418622239427535	58.865801054696306
8730000	59.55170971053782	3.538987006050612	59.93918364511057	59.99254085416238	59.99978794946067	58.38476465265167	3.4255709336860702	58.951189976001004	58.96107212401596	58.96812710909603	59.184289552900836	3.698413859008727	59.875121413980246	59.906530193266775	59.93077041479759	58.41433019413977	3.393386445891223	58.93368655557836	58.948432653775605	58.95677691707014	59.23563306653332	3.707976077776617	59.944225730402806	59.96191714944811	59.97465655855128	58.41374891883604	3.3905905179817184	58.931220209117406	58.9483781409793	58.95642968217944	59.22782099942342	3.3630560176376094	59.90883055902127	59.95482982872257	59.97030822623707	57.13586278068138	3.60421700787401	56.028572810085706	58.418622239427535	58.86534494696281
8740000	59.5491844063789	3.539064084398219	59.937054438522	59.990600183574784	59.99969092487237	58.38315387284359	3.4259869516507977	58.94985345915488	58.96009921165949	58.96807615264381	59.18195955575207	3.6979897824690307	59.873756078525616	59.90397245905935	59.92912065674488	58.41394333349018	3.3968200487228923	58.93372519180774	58.948432653775605	58.95681428536702	59.23458578257218	3.7078072208317825	59.94245387110663	59.959570512690675	59.97313906772931	58.41356010065648	3.39231152813775	58.931220209117406	58.94839584614844	58.95647473789042	59.2281094144009	3.363420495096675	59.9133907107001	59.95304642613776	59.96966921669919	57.13938301642355	3.6009347446388955	56.028572810085706	58.418622239427535	58.865801054696306
8750000	59.55098363705775	3.5396851972201726	59.94001599231671	59.99174483894906	59.99977839248681	58.383750697970946	3.42529056675585	58.950353688791665	58.9604733772863	58.96785526965185	59.18489150964726	3.69854497604054	59.877619476326295	59.906110675846435	59.93202885639262	58.41395789765077	3.3948502555068947	58.93372519180774	58.948432653775605	58.956870001008355	59.23440904517477	3.707792156860556	59.94062699996529	59.96059627958741	59.974229009296394	58.41352754322682	3.391492546290646	58.93140756477169	58.94843055947257	58.95647473789042	59.23041965164041	3.362520348416758	59.91536833000545	59.954754767677215	59.97079106231853	57.14164488028738	3.600697625056972	56.028572810085706	58.434532876254195	58.865801054696306
8760000	59.54824615408084	3.539363369847005	59.929567464091015	59.99181075010294	59.99972027506434	58.38405725791385	3.428108501412041	58.94960444585307	58.96077641532031	58.96863978237775	59.18534218127613	3.6986265816804065	59.87830400461345	59.90597886865441	59.930157634234966	58.414237398995944	3.3958564149401536	58.93378563810619	58.948432653775605	58.956870001008355	59.23469647811288	3.7078279570829857	59.941727315105425	59.96025449375766	59.974457778620966	58.41423181655288	3.3911520540851554	58.93164334591159	58.94844778340372	58.956495236783006	59.22997652860926	3.3651510421277084	59.90870475343205	59.95450800708159	59.97070730016708	57.14256544046536	3.6006037596432985	56.028572810085706	58.4385864432184	58.865801054696306
8770000	59.55384275442054	3.5394092234546632	59.93807888450716	59.9928094803264	59.99972439629546	58.384961626503134	3.4244232648794215	58.951203395876945	58.96131200869172	58.96894944109044	59.18613044873652	3.698730438244994	59.876393463612494	59.90699011510341	59.93312523646003	58.41387922343753	3.3938022011287576	58.93366312275246	58.94856893407719	58.95683329345125	59.23686429939422	3.7082239658066642	59.94302908317932	59.96298873596547	59.97685992791639	58.41372916896946	3.390614444500476	58.93164334591159	58.94854819955839	58.956495236783006	59.22940561958116	3.360754502675418	59.90333669801824	59.95465329592976	59.970839571368955	57.14549862150024	3.5999981062354225	56.02747735001285	58.4385864432184	58.86770111900448
8780000	59.54825030914321	3.5388432841015858	59.93729660706185	59.99331006861617	59.9997992269258	58.38426726285263	3.426104420635534	58.9504161788374	58.96123933966348	58.96848981126861	59.185292685422354	3.6985629512040523	59.876805566293505	59.90635813277667	59.931322698875704	58.41370276964997	3.395510372486806	58.93372519180774	58.948762880010015	58.9568899054832	59.23442541295505	3.707766247429445	59.94086517192425	59.96015643313248	59.97436359411181	58.41415086192192	3.39120768716498	58.93164334591159	58.94854819955839	58.956528514628516	59.23092857913373	3.3646756400714373	59.913877937022406	59.95578523048352	59.97161320050145	57.147866779198495	3.599340661451721	56.02686092284731	58.4385864432184	58.86656479547649
8790000	59.54519219446231	3.538389955133305	59.9304450348306	59.98952928022507	59.99956228320873	58.38363586732922	3.4249602836486694	58.94999420687211	58.961077648307224	58.96860725874534	59.184141568228306	3.6983264228452546	59.87376988757896	59.90700929583169	59.930134754840026	58.41375913041117	3.3944183676777593	58.93378563810619	58.948762880010015	58.9568899054832	59.23450123476241	3.7077759963425896	59.94136528209837	59.96078679572686	59.97433049074277	58.413650428260134	3.391419878124441	58.931666438550764	58.94859332918138	58.9565664694406	59.229479031439	3.3613879403485405	59.904833079737465	59.953846049142044	59.97054966230643	57.14909803015291	3.5988857251344073	56.027426540333806	58.440168906711875	58.86770111900448
8800000	59.54714884991066	3.5387459933015735	59.931754480725665	59.991435582374194	59.999750823961136	58.38423124791981	3.426050091279785	58.95043173995839	58.961478665372454	58.969004613041086	59.18359115964396	3.698237115915693	59.873629796835985	59.904798595347714	59.930041105100265	58.41391754962063	3.3956724978764923	58.93378563810619	58.948762880010015	58.956987355441626	59.23560368129015	3.7079714233215197	59.94092431521228	59.96158578989049	59.97519888682685	58.41389477750034	3.3916729735772138	58.9317061778019	58.94867948755359	58.9565664694406	59.22978455533758	3.362429569736009	59.90794478035431	59.95307135992476	59.96963400070527	57.1513309808486	3.5985467106433644	56.0280740947436	58.440168906711875	58.86656479547649
8810000	59.54437688273119	3.5390233958273702	59.92883657174217	59.989900788000284	59.9995990197249	58.38356097561884	3.426070461574196	58.950373376239654	58.96004377122429	58.968012892755326	59.18191190758081	3.6977685418678057	59.86876940496332	59.90412695136355	59.92841291629148	58.41404711520792	3.394328512071476	58.93378563810619	58.94881996640048	58.956987355441626	59.23298150891856	3.7074306181048584	59.93829789082301	59.95872334937377	59.97171963684397	58.41371414961519	3.3919534070552286	58.93177356815427	58.948690199293665	58.956499608859275	59.22992304627465	3.361757142230558	59.909224143694175	59.953706496612696	59.96925734675255	57.15436428932276	3.597541437451074	56.029034224181146	58.441692830154366	58.869252297287545
8820000	59.54961511503221	3.5388189709555236	59.93152203565183	59.99105634229602	59.999807262387485	58.383025387059114	3.424932044701625	58.95001671127881	58.96011716040614	58.9669993411056	59.185973965946445	3.698549053431873	59.875329945116796	59.90659826804122	59.932028912737536	58.415327375966704	3.393272010136868	58.93434870368074	58.948798709063716	58.956987355441626	59.235390490356	3.707892006490859	59.94177903231016	59.96112964169423	59.97452715615401	58.41510032513252	3.390593620494518	58.931825977285555	58.948690199293665	58.956568856418535	59.2311535309492	3.3614002152433216	59.91448137514624	59.95448092114587	59.96929212555009	57.15519929053705	3.5966255659970336	56.0280740947436	58.444465380789396	58.86656479547649
8830000	59.547373236062114	3.5388441736057015	59.93896285899697	59.99078032352098	59.99967908788921	58.38432504526403	3.4268722107024123	58.951696486285826	58.96043060790023	58.96796792098504	59.18501066221923	3.6983495179349335	59.87523064229371	59.906428964404256	59.931260769416525	58.414947868654046	3.394691824060605	58.934547260414114	58.948836304017654	58.95700469942716	59.234931398982184	3.7077943771194937	59.94214897427713	59.96046212919879	59.97485015896328	58.414897019342085	3.391016435766138	58.93187215993472	58.948883866810384	58.9566578909756	59.23183114768763	3.3636827385915025	59.91001299602801	59.95461249619824	59.96995931541517	57.1575643534905	3.5968834109157344	56.029830835281274	58.444465380789396	58.86656479547649
8840000	59.548440058754565	3.539489908699813	59.93258532570911	59.992151784029716	59.99980989165613	58.38263650292148	3.4247744973957372	58.94956862409517	58.96052464819643	58.96787829196188	59.185287119389976	3.6983975014643202	59.87560850105901	59.905326603914446	59.93173498110614	58.414882859821574	3.3941097620743075	58.93470956432996	58.94881996640048	58.956989437730414	59.23457200064086	3.7077322647024524	59.94166738194562	59.960349175009114	59.97442396592372	58.41459880499629	3.3909911445418204	58.93187215993472	58.94873856203491	58.95664310116423	59.23300546335709	3.3610033913543353	59.90796457581175	59.95346627287249	59.96988348412947	57.1589994544429	3.5964876758484947	56.03032609273795	58.444465380789396	58.86833429467501
8850000	59.553026627872775	3.5394610957264026	59.94950407501892	59.99228856634906	59.999704204854694	58.384787833751375	3.4250439364750216	58.951346485040844	58.96071961103169	58.9679318406421	59.186085674344184	3.69840978532443	59.87807366853296	59.90767361013985	59.93196441414994	58.415187329082464	3.393070272502759	58.93470956432996	58.94901291206446	58.95700469942716	59.23553441907777	3.707846734183931	59.94329728578255	59.96000306053911	59.9741404078585	58.414880298432934	3.390578160509205	58.93187215993472	58.948883866810384	58.95664310116423	59.23529317001807	3.3607431421680056	59.91387604272399	59.953385637699526	59.96890278701673	57.160188348606034	3.5954795231096495	56.03032609273795	58.444465380789396	58.86656479547649
8860000	59.547997148371344	3.5386292661309584	59.93039870533241	59.990519892565295	59.999766829095236	58.38443383584353	3.424245110299332	58.951463012242634	58.96076161263735	58.967470078060146	59.18394104064997	3.697989724603193	59.87404146573071	59.90423587897276	59.93083929950675	58.41430516269824	3.393888495164214	58.93489924758203	58.94898317866695	58.95700469942716	59.23616605601604	3.7079589828281043	59.94407913560859	59.96145247706258	59.97374596868528	58.41397077088525	3.3912260432916357	58.93192646888012	58.94897085927843	58.956709427084675	59.23656384931559	3.359917196161845	59.91573033152631	59.95385700780834	59.96985856440291	57.16155369634642	3.594273801737778	56.02918521033753	58.44700420183236	58.86656479547649
8870000	59.544792223738696	3.538475716844162	59.927400913561044	59.98913729980297	59.99965432407478	58.382888639617875	3.424752145230813	58.951065202893645	58.96047388458361	58.96783611922871	59.183970689204685	3.697940268917144	59.87408755588825	59.905226816538914	59.93067152839895	58.41522307823202	3.394074567893429	58.935109349678335	58.949019662088574	58.956989437730414	59.23581431039707	3.7079127252305812	59.94158003705103	59.96088636812655	59.974094181903126	58.41440204710764	3.3919660240150193	58.93196637299952	58.94897085927843	58.956689581310634	59.23862148370669	3.360728081970949	59.9160611508854	59.95496087462942	59.970608781848135	57.163028363214714	3.594078443406987	56.02918521033753	58.44700420183236	58.86656479547649
8880000	59.547295200396086	3.5392637937720375	59.93478217453628	59.99108518994454	59.9996904078083	58.38357847393343	3.425517572258575	58.951403158327025	58.9602237139932	58.96739676201091	59.18541123604154	3.698198007403044	59.87331468021597	59.905847136997394	59.93145773264756	58.41472174796495	3.3953800399122347	58.935114326937324	58.94902127933864	58.95698583114553	59.23461862388827	3.707686720717273	59.93986025406892	59.9609629849397	59.9736319385262	58.41417115486109	3.3923723683189535	58.93205629058311	58.94907680478343	58.956709427084675	59.2403782907093	3.3609752341154557	59.915999018867005	59.95426644480975	59.97081721189382	57.16648326881675	3.5932441356662768	56.030626171882176	58.4509065005409	58.86605908201434
8890000	59.545238595934585	3.5390102578060185	59.92894131430843	59.99116594663952	59.99982993607975	58.383279688418064	3.4265216402453746	58.95052963596768	58.96098093163239	58.96841628575928	59.184244129119364	3.6979135266698595	59.872430841581405	59.90566629744474	59.93320421155639	58.41519468653476	3.395239523695673	58.935114326937324	58.94902810317131	58.95692500991305	59.23514748312342	3.707791788684663	59.94210479236258	59.96068862690318	59.97454979126309	58.41514884372669	3.3912943213481843	58.93213040063226	58.94909167920415	58.956709427084675	59.24200946681223	3.3621652474503674	59.91604884845211	59.9545405327451	59.970189208274405	57.17040317277612	3.5909313955310815	56.030626171882176	58.4509065005409	58.86656479547649
8900000	59.54971264170344	3.5389640258302504	59.93489531130278	59.99219739397361	59.99960262801097	58.38382515706174	3.4249006262946216	58.94952500271555	58.96069827670672	58.968272864785206	59.186188181140714	3.698228082433338	59.88033074432992	59.90664951573734	59.93061941258937	58.415204329620146	3.394103237699782	58.935114326937324	58.949110260174116	58.95689487505951	59.234101854922685	3.7075768336575523	59.940220888974984	59.9594279467028	59.973644451404375	58.414867565486205	3.391115935400631	58.93213040063226	58.94911088126101	58.956709427084675	59.24241077653062	3.3608165508726646	59.91434661053951	59.95556874288079	59.970432686621464	57.17247074396589	3.5907891485285095	56.03180426349364	58.4509065005409	58.86605908201434
8910000	59.547271551422256	3.538868895924476	59.928034039097895	59.99246143338355	59.99978925912509	58.38333150218907	3.424910076650047	58.95007090691534	58.95982949711194	58.967992414072455	59.18477889812858	3.697958113071953	59.87101523267094	59.90598983430206	59.933037297279455	58.41561564671797	3.3946415167820905	58.935114326937324	58.949182453092774	58.95689487505951	59.23549013647974	3.707848280278599	59.94082018844364	59.96109474141232	59.975198907115505	58.414969879656375	3.39136740479522	58.932250886443754	58.94909167920415	58.956709427084675	59.24773430814265	3.359787598523918	59.92285299046516	59.9549049227473	59.970311314473086	57.175494057289896	3.5900410208224454	56.03244641692568	58.45515500060229	58.86770111900448
8920000	59.55207664369828	3.5393884196339602	59.944130922394734	59.99287075685334	59.99986162952557	58.383041446101885	3.425806492305988	58.949962933709784	58.96018337519883	58.96783556559426	59.186198235399246	3.698272188878262	59.87644648780161	59.907319476667105	59.933271927209745	58.416439807222886	3.3942898322511548	58.935114326937324	58.949182453092774	58.95692500991305	59.235117857740306	3.7077524514684974	59.9401491341187	59.960553702690426	59.97477235035078	58.41614718356635	3.3909567696839726	58.932250886443754	58.94909167920415	58.956689581310634	59.25252719999213	3.3608630844608376	59.9169830604542	59.955493013151056	59.97058326948938	57.17800616222867	3.5889908044338137	56.03244641692568	58.45515500060229	58.86770111900448
8930000	59.550170526548214	3.539548534145702	59.940392189616176	59.99107030655203	59.99969000375762	58.38316015930914	3.4268044213465156	58.94979795621596	58.9603608391716	58.96775358876192	59.18288413719105	3.697640754297035	59.87002253703376	59.904639960640324	59.93193997267655	58.41648311354418	3.3962629995922327	58.935114326937324	58.949251406454614	58.95687780665372	59.234171674260665	3.707528895530647	59.93915565255338	59.959123947492	59.97352275204345	58.41603819216461	3.391616203011986	58.932250886443754	58.94911088126101	58.95676430939481	59.252988756375274	3.3620861305866923	59.91774346596661	59.956700215694994	59.97134283215743	57.17969382829604	3.5886328661464404	56.03244641692568	58.45515500060229	58.86832571715689
8940000	59.54518591592439	3.539271120280309	59.928393876940184	59.99104581525618	59.999773297499075	58.38330304825454	3.4242653957524127	58.949562717271185	58.959928535287574	58.967212604918444	59.18437362591586	3.6978924895109464	59.875048830039	59.904753121754325	59.93170930131516	58.415425712307425	3.394827557524439	58.93529361881728	58.949259848170996	58.95683820196027	59.23383221220199	3.7074560561464858	59.9402422080523	59.95892316493287	59.973512006167454	58.41519988491843	3.3914289969734597	58.9323512479872	58.94911266736117	58.956721490441865	59.25230259924674	3.358909290359124	59.92266072929025	59.95397171430821	59.96945027686426	57.180854800756244	3.587909425523623	56.03244641692568	58.45515500060229	58.86770111900448
8950000	59.55150530034517	3.539477791355467	59.94349536951843	59.992242978396675	59.99976246892241	58.384626631572154	3.424899358447562	58.95022836826803	58.96030763552791	58.96857344865914	59.187708275599284	3.6985039676943594	59.877854960364445	59.90880261344438	59.93199467789313	58.4159588075484	3.393974430699668	58.935524581976715	58.94927886113388	58.95683820196027	59.23632626964405	3.707919248820712	59.94451530083379	59.962514314672134	59.973628356079395	58.4156819569062	3.3912247646023688	58.93241462568407	58.94911266736117	58.95681151890606	59.25545665351896	3.358924847445899	59.9238122070917	59.95683920106988	59.97127097042279	57.18292123326679	3.5876157144353416	56.03262915052506	58.45515500060229	58.86770111900448
8960000	59.550290022939045	3.5392771260269753	59.93855280896816	59.99364165192061	59.99977861913091	58.384622530049086	3.4249541369266936	58.95138823368741	58.96093443404861	58.96858950777786	59.18630499106335	3.698236023948728	59.87580063354388	59.90717231838847	59.93227714644377	58.41586621590981	3.3943889984651143	58.93573180263766	58.949322780135404	58.95687632324457	59.23499282010681	3.7076487126109505	59.94028507060959	59.959859784381294	59.97545639811585	58.415949719347154	3.391532630953297	58.93250043003063	58.94915140372159	58.95676430939481	59.25701221255019	3.359190327469895	59.91915131431984	59.95683723355391	59.971063566562385	57.184984343544905	3.5866534726795645	56.03357743952296	58.4630017393217	58.8690277019828
8970000	59.54775027579804	3.539148351007934	59.931343258073	59.9936612020869	59.99970283082303	58.38449986599536	3.423331183486	58.949734935316386	58.961018541873116	58.96805864576036	59.184178316078295	3.6978353159288373	59.87391219390451	59.90710482491278	59.92895411374399	58.41629548774685	3.393482368634186	58.935846610881384	58.949322780135404	58.95683820196027	59.23436337086747	3.7074970621478722	59.9400682035845	59.96001143509653	59.97421607203722	58.41649785209892	3.3904260400710613	58.93250043003063	58.94923897874032	58.956716265391016	59.259549973067834	3.356713830621876	59.91982986906844	59.95616366869565	59.97097695302941	57.18727049703958	3.5852134743813835	56.034075612925456	58.4630017393217	58.868392382757975
8980000	59.54939987343993	3.5387834694678446	59.93523436878648	59.98946631053245	59.99970424438016	58.38372044470519	3.4258148871559837	58.94974784491883	58.960188246477756	58.96770873282044	59.18522620042091	3.698021396152432	59.87410735478852	59.90443357358629	59.93054690046046	58.41585664927901	3.3952268303855915	58.93593597390033	58.94951546560385	58.95687632324457	59.23409107632214	3.7074566261172652	59.940881969173674	59.95938374733028	59.97374692018712	58.41582286077603	3.392137442103997	58.93250043003063	58.94923897874032	58.95681151890606	59.25885619620737	3.359402706789377	59.92203057068123	59.95367444086596	59.97121805440481	57.189332749298394	3.5841748391990187	56.03455076497552	58.4630017393217	58.868392382757975
8990000	59.551475112807026	3.538906954330998	59.93884380805358	59.99222368114961	59.999671602849396	58.38339461177864	3.4264269481117733	58.95020779242952	58.959392182463105	58.96713866963019	59.18471179237936	3.6979192675476935	59.875698954334425	59.904990554686016	59.931110509226755	58.41613054035609	3.3943499866579474	58.935846610881384	58.94946772960343	58.956831151104055	59.23467774210948	3.7074974223034673	59.9411346263978	59.960838771473746	59.97353669695417	58.41603258896468	3.391512918066174	58.932871215723694	58.94928020593884	58.95699534216814	59.260945550208376	3.360689093554907	59.92272612146527	59.95266831206763	59.96980427334057	57.19345466928826	3.5821219676091807	56.034845256996974	58.468923546221305	58.868392382757975
9000000	59.54645394884449	3.5388758097366924	59.9286858289813	59.99218390211463	59.99979073196898	58.38354890380871	3.4242106746899017	58.949946239643026	58.959851664611875	58.967331448355395	59.18478128214369	3.6979259585244826	59.87427968541448	59.905147372192836	59.9315137697167	58.41588985578957	3.394383124446142	58.935846610881384	58.949583260400445	58.95687632324457	59.23511714362566	3.7075718016882284	59.94341594416973	59.96018621037342	59.97374501933645	58.4153466937852	3.3918062665753506	58.933045426037616	58.94934202276892	58.95699534216814	59.261920982920934	3.3568047441019004	59.92494773256763	59.95520287144485	59.96962329696784	57.19535650039748	3.581560116360291	56.03662584058986	58.47373432294697	58.86605908201434
9010000	59.54866033538281	3.539454670495114	59.93196687690598	59.990694667340414	59.99967141295697	58.38438784070039	3.4260176888827325	58.950623651115464	58.96072885905283	58.968493358847624	59.1845519951488	3.697864229162448	59.874504180167534	59.90485208507675	59.92913366919682	58.41614115178865	3.395884157055381	58.93597248695571	58.94960284080946	58.95689487505951	59.23556793185501	3.7076382804672834	59.943418089241604	59.96012070274488	59.974401307902596	58.41635328032674	3.391189832831474	58.933083193007185	58.949410599192824	58.95704942118145	59.26282586544728	3.3583629248844353	59.91736876689848	59.95385842025216	59.969267970194714	57.19702354297169	3.5812091503345957	56.036693840226036	58.47373432294697	58.86605908201434
9020000	59.549010062907925	3.5393982614707302	59.930397965489504	59.99170857946697	59.99969768247838	58.38507656249522	3.4253586211298215	58.950594546461424	58.960583451646244	58.968423186364944	59.18297473410417	3.6975387279704055	59.87220716373295	59.90390879387566	59.92743465381571	58.415562151623796	3.3956080906821104	58.93597248695571	58.94960284080946	58.95698583114553	59.23369519075088	3.70731966456584	59.940414007361056	59.959901298159636	59.97360911629455	58.415724901377956	3.391962206295465	58.933108297489824	58.94954787251446	58.95714918959511	59.264967685048134	3.358279915643541	59.92391105449143	59.95442001129014	59.97035951768062	57.199357461860494	3.5804426694203553	56.03814413581055	58.47373432294697	58.86605908201434
9030000	59.552613885292814	3.540002085141276	59.94006073124199	59.99304273343212	59.999811886733326	58.38283913086343	3.4257678472076276	58.950991903018874	58.96050738102624	58.96794852924835	59.1861424053869	3.6981448363520255	59.874817796708115	59.90656090668388	59.93323998046804	58.41633758387137	3.39501085049438	58.93614774025614	58.94964882076999	58.95698583114553	59.234145657061084	3.7073958316816156	59.939660241985166	59.95941356525975	59.97499563584814	58.416174985602794	3.391843024404141	58.933108297489824	58.94954787251446	58.95719373862044	59.263894719531	3.3582134577923406	59.91802069506946	59.954156826030015	59.97026632457519	57.201114410711945	3.5800433321826457	56.03814413581055	58.47373432294697	58.863316206294456
9040000	59.549665932302965	3.5398143890337366	59.93683552298945	59.99100453573105	59.99970249085955	58.38321786646698	3.4245308517479773	58.949697606609995	58.96038244035722	58.9679403382497	59.18659158431983	3.6982179501799544	59.87700737275294	59.90707180548931	59.931452959632566	58.416219787641566	3.3947539376456293	58.936465926876096	58.94969904507013	58.95700681380139	59.23603054576947	3.7077699741378463	59.94341624583974	59.960378381096945	59.974650969014704	58.41628863673034	3.391249844518494	58.93351107021333	58.94943402107798	58.957172595719506	59.26749984973212	3.3565254268774773	59.92290202578383	59.95617556158925	59.97101313070303	57.20215643320227	3.579733147290488	56.03740669268814	58.47373432294697	58.86384432251185
9050000	59.55015706049116	3.5397644945635536	59.94202522053489	59.994234408526054	59.99984114285439	58.38371144756391	3.4262381201052166	58.9506752062019	58.961439240377665	58.96854403497443	59.18785671924171	3.698505861138987	59.876721022790335	59.90876166562648	59.93336709950894	58.416412340706366	3.3962634249586166	58.93614774025614	58.94969904507013	58.9570418325104	59.23585879206652	3.707808310820989	59.942959601221425	59.96194714350974	59.97619116053469	58.41636715260411	3.3918657112923607	58.93351107021333	58.94954787251446	58.957198313298335	59.27055679201103	3.357956156762659	59.921281584411005	59.95568355231284	59.970573216900114	57.20443979799455	3.579406188462386	56.03740669268814	58.47373432294697	58.868392382757975
9060000	59.546095382365586	3.539191924035956	59.92878224595889	59.989688540426044	59.999750221423376	58.383365643401156	3.4267705965792894	58.95103116889369	58.960468031205394	58.96820665698635	59.18569960143666	3.6980919202290705	59.875301693534745	59.90617385028641	59.93212573719981	58.41638266860805	3.3948075375714803	58.936465926876096	58.94969904507013	58.957016004412225	59.234705449970534	3.707559224348212	59.942066049889505	59.95920660369704	59.972893779801886	58.416535952994806	3.3907981479038933	58.93351107021333	58.94958876183961	58.95715789621572	59.27338808498673	3.358817802716745	59.92535809124209	59.95676051534845	59.97125479010589	57.20618205610358	3.5774953625832926	56.03740669268814	58.47373432294697	58.86384432251185
9070000	59.550533190292064	3.539787820297064	59.93511948304181	59.992869966431435	59.99983680947465	58.38389520524531	3.4265333687476693	58.951833914109244	58.96095481178873	58.968346563374304	59.18696150157277	3.698337811377858	59.87629268970007	59.906624098713635	59.93171712394262	58.4165862717072	3.394818158320306	58.936591599493966	58.94969904507013	58.95699530742881	59.23583916391569	3.70777275147438	59.94082338753025	59.962119120088204	59.9757766211616	58.416200095366555	3.3912979168152715	58.93368313964335	58.9496249840994	58.957172595719506	59.27495706807642	3.357915421935092	59.92322864203004	59.95742789147272	59.97287327452705	57.20665961148488	3.577070517648901	56.03740669268814	58.47373432294697	58.86232800913841
9080000	59.54608884658071	3.539173261068807	59.932006505323685	59.9898050658262	59.99970999765166	58.38460498870889	3.425286625736555	58.95212343690656	58.961836949024544	58.96860559489255	59.185531821682765	3.698026145224469	59.87575301743482	59.906440140498695	59.93208494952687	58.41604414306965	3.3946112833326465	58.936625914266095	58.94972523476481	58.95699530742881	59.235814252152046	3.70777135124885	59.94169838387191	59.961005547617496	59.974514199587155	58.41562028263174	3.3916510069794437	58.93368313964335	58.94968814808976	58.957198313298335	59.27762109214134	3.356152398164755	59.92449442176262	59.95681308902038	59.971793844054	57.2090967878657	3.5764989485363268	56.03740669268814	58.47373432294697	58.8626066481293
9090000	59.545941148402	3.5390023847466154	59.92984944474238	59.99208981935753	59.99978944530301	58.38404728687185	3.4255212390454854	58.952021232130136	58.96114492679892	58.968665432930386	59.18581388695808	3.698032736690644	59.876918320559525	59.90760949264851	59.931776297656846	58.41681285902758	3.3951308557588393	58.936625914266095	58.94971816878315	58.95699530742881	59.235152722892025	3.7076910877875777	59.94194622762777	59.961307328648864	59.97453789498172	58.416786596106874	3.3916854751875656	58.93368313964335	58.94974262578155	58.957198313298335	59.278993632584765	3.356284040869725	59.92470189015947	59.95649990457156	59.96999818739367	57.211789516745505	3.575688138985279	56.03740669268814	58.47373432294697	58.86841698125947
9100000	59.554903170771915	3.539662369869425	59.945699368916564	59.99326729736201	59.99966537993974	58.384070841455056	3.4262691503760347	58.95106727112241	58.960573515163716	58.96858063853483	59.18443477080441	3.697741696905629	59.873848030280044	59.9058223980813	59.930041382792226	58.41646632459305	3.3941078523031516	58.936625914266095	58.94972523476481	58.95699530742881	59.234750245343385	3.707603783417794	59.94302079329357	59.960351997674266	59.97281063214511	58.416423245310675	3.3905741908882083	58.93368313964335	58.949834713529505	58.957242694491946	59.27790871884204	3.357213378909882	59.92181300081754	59.95478547285236	59.970428642410454	57.21480477563342	3.5748055457666426	56.05007718979788	58.477408309332084	58.86841698125947
9110000	59.54833802702669	3.539072316725852	59.93609218993575	59.99185737072371	59.99973871210469	58.38415591956884	3.4259227871922113	58.95114642463916	58.96029939073878	58.96770164038463	59.185454253953345	3.697933008751601	59.875397154684556	59.90545513354084	59.93202822977183	58.416990900933754	3.3945922380457607	58.936634327132886	58.94983152809745	58.956987355441626	59.23472991055363	3.7075966638560147	59.94054811447754	59.96150322127649	59.97456366135744	58.41685798098256	3.3913077945021124	58.93368313964335	58.94987201710705	58.95728167872275	59.28143583617212	3.3557796017509465	59.925653602586515	59.95555482134829	59.97093743873675	57.21815865229391	3.5740033970148133	56.05007718979788	58.477408309332084	58.86944952455087
9120000	59.54981499969014	3.538481804570495	59.936454577217404	59.99226184677248	59.999659533201864	58.3828194164669	3.4248093308170366	58.94976256396466	58.959932339209836	58.967939978339516	59.1842755556535	3.6977140171373635	59.87241206315855	59.90452245504969	59.9302645937669	58.416619915270694	3.3948133732933066	58.936625914266095	58.94974678306792	58.95690478041464	59.23505846917562	3.7076050525402295	59.940160425713074	59.960760843853166	59.97403943325476	58.416701591801434	3.3916672021973993	58.93368313964335	58.949945346470585	58.95729296736774	59.280487367013876	3.3548473046278695	59.92516163504748	59.95545981910669	59.97088167892115	57.21994587431377	3.5734285676425155	56.05283192102026	58.477408309332084	58.86841698125947
9130000	59.54971546584482	3.5389008531437596	59.93518810166556	59.9912592488849	59.999618132970255	58.38302470846919	3.4244673020504086	58.949481492209856	58.96031855058299	58.96817222159971	59.185829249593056	3.698005547094055	59.8742122000108	59.906933573372505	59.93166856312488	58.41662655429047	3.395263842042583	58.936625914266095	58.94983152809745	58.95698093530179	59.23565384620473	3.7076956536645125	59.943183991356165	59.960109513715466	59.9746756456177	58.41636663925999	3.391409359437314	58.934428989394846	58.94997352557042	58.95732606664075	59.283242399389856	3.3543715229493194	59.92812159287597	59.955996963135306	59.97180652091599	57.22266256647692	3.572640378746814	56.0719151677763	58.477408309332084	58.86841698125947
9140000	59.55012531726642	3.5390030830611767	59.93735746309699	59.99109680719952	59.99972603068705	58.3830201921962	3.4244398108395173	58.950524814541296	58.9610785848074	58.96816727856586	59.1847749326939	3.6977956942209786	59.873214648492215	59.90610352291307	59.9306700754395	58.41720936990341	3.394058728358893	58.936625914266095	58.949996066744504	58.95698093530179	59.23575456484616	3.7077427693015523	59.942479865372064	59.961029352332645	59.97351018236349	58.41683153428986	3.391691590466497	58.93463853406036	58.95002542403196	58.95732606664075	59.28335164423021	3.3543322568605842	59.92436695407114	59.9564805542831	59.97110581570277	57.22458810808319	3.5720260932354924	56.0719151677763	58.48194276905497	58.86841698125947
9150000	59.54881575062519	3.5392855184446246	59.9353022257023	59.992169392631546	59.999608700876756	58.38424197514184	3.4266612404619625	58.95090938277536	58.960962625995435	58.96787637078742	59.18482445463906	3.6978147899819707	59.87440434245987	59.90613340325186	59.932524522935346	58.41727138272484	3.395835149594304	58.936625914266095	58.950013955270634	58.957016004412225	59.235369446218286	3.70765037170209	59.942916372629014	59.96096677540739	59.97351757960787	58.41759675456424	3.391669803229255	58.93463853406036	58.95002542403196	58.95734076856468	59.282122991970674	3.3565282306483257	59.92131975719856	59.95445256765038	59.97117422400659	57.22613133552648	3.5712120468846957	56.0719151677763	58.48194276905497	58.86841698125947
9160000	59.55108956953496	3.539217331044096	59.9462089093332	59.994046698452124	59.999841589043044	58.384246539363616	3.4254889278588636	58.951296846475266	58.960791800915544	58.96850839541552	59.18774671451234	3.6983708197943947	59.87515760348945	59.91018188242097	59.93372968431959	58.41707886297675	3.3956665844329614	58.936625914266095	58.95001613868912	58.95699171578869	59.236218665562454	3.7078110198851015	59.943579377804355	59.96128664126051	59.974378628748745	58.41697699396224	3.391506612943493	58.93456959470697	58.95006940082453	58.95734076856468	59.283486669709355	3.355317940105831	59.92199523234338	59.95683567972078	59.972259100515174	57.22878529017135	3.5702829312976276	56.088229150282416	58.48194276905497	58.86384432251185
9170000	59.54379261317213	3.5386280236390006	59.92510323957488	59.98813291143955	59.99970830454667	58.385315762610915	3.426037687797515	58.951423518164006	58.96177712506514	58.96914331509761	59.1860817674275	3.698040983729914	59.87615005986411	59.9075837205049	59.929699951840135	58.41683067208251	3.3950403651893737	58.936625914266095	58.9500362031367	58.95699171578869	59.23592404431637	3.707739270204609	59.942676821572626	59.961618353684074	59.97437838820621	58.41708979203155	3.391269818056907	58.93472812697746	58.95006940082453	58.95736238238774	59.28433528546515	3.3554853698686595	59.92536429539894	59.95593875736897	59.97147817398695	57.230408632283165	3.569390235809642	56.088229150282416	58.48194276905497	58.86142821175807
9180000	59.54679369224172	3.53927346794042	59.92834335179165	59.99172282807696	59.99978953201773	58.3851711158482	3.4273568787767643	58.95186835832763	58.96164588309861	58.96904525516855	59.18688416607413	3.698187787639937	59.87521185138803	59.908931912352244	59.93114676526774	58.41764724612972	3.3952119708608675	58.936625914266095	58.950020068696894	58.957036504342	59.23760442247745	3.7080027060860337	59.944979614460955	59.962482336842626	59.975980437372456	58.41796276841877	3.391111147304046	58.934926870510395	58.95014595352177	58.95736238238774	59.28551125678086	3.3579541088667746	59.92141893263835	59.95622729651876	59.97118802608805	57.232014475839364	3.569399220410013	56.088229150282416	58.486742645730295	58.86384432251185
9190000	59.55326930739234	3.5400615887490785	59.937677223743606	59.99191429353547	59.99966194299624	58.38427761977828	3.428671910726513	58.95157250483138	58.96193588648667	58.969128358667845	59.18640410902951	3.698100718598972	59.8771120978072	59.90736876025133	59.93315269659047	58.41729238318889	3.3962545762424776	58.936625914266095	58.9500362031367	58.957057701176	59.23578848704854	3.7076657906293233	59.94143361464184	59.96057775027458	59.9760582058319	58.417397098832346	3.3917213433777684	58.934731837360175	58.95010059774033	58.95736238238774	59.28737292501945	3.35746591367419	59.92447905724136	59.95492765118538	59.97009829361269	57.232972624182395	3.5695347785341918	56.088229150282416	58.486742645730295	58.86142821175807
9200000	59.550126824427146	3.5396386948647454	59.93814899284955	59.991042946968385	59.99975744974073	58.38493391456189	3.4270983475852144	58.951096848879104	58.96158827304474	58.96827369289752	59.18324838250841	3.6974648481804016	59.87174703565659	59.90333955837411	59.92879159379348	58.41761840483785	3.3960311782807375	58.93672960741918	58.95005776230644	58.957151768168146	59.234709071047014	3.7074658640967137	59.94154343592977	59.95918742338229	59.97396877613545	58.41790590367651	3.3915707100060595	58.934664610840635	58.95014595352177	58.95736238238774	59.2897019370327	3.3568165320491783	59.92669877938864	59.9571996090223	59.97213840062891	57.23485652138321	3.5688969499895378	56.088229150282416	58.486742645730295	58.86384432251185
9210000	59.54569877858865	3.5394804048456723	59.924451701995174	59.99036149500719	59.99979727781041	58.38477262117395	3.426321550597059	58.9508734800186	58.96109480848121	58.968858380485614	59.18460063010635	3.697707624758746	59.87249523043859	59.9043434399282	59.9302609700952	58.41784246688841	3.394308552969992	58.93694613245207	58.95005776230644	58.95706830164556	59.235152925299566	3.707544868379777	59.94146966176612	59.96111798475074	59.97490466667645	58.41781445147295	3.391015907785867	58.934664610840635	58.95014595352177	58.95736238238774	59.28977614649794	3.355336752001807	59.92449103409258	59.956008051832285	59.97057420779454	57.23615884204414	3.568196561160259	56.089206060117775	58.49021154280794	58.862045437178686
9220000	59.549454051109706	3.539773558409482	59.94453616265007	59.99175521722333	59.999626920455405	58.38436987429464	3.42614117069774	58.949859398905915	58.96126892612122	58.967996915528154	59.1862102210427	3.6980139368738345	59.87806975563605	59.90643609199272	59.93123530876281	58.41752945064414	3.3960942352959185	58.936990117234046	58.95014086962585	58.957057701176	59.235168524470105	3.707521941060142	59.94187232909878	59.95991565917882	59.97374795475027	58.41757175054905	3.392092984952403	58.934664610840635	58.95018775959006	58.95736238238774	59.288993935273446	3.355000958462431	59.92343192615655	59.955635791855805	59.97150071615961	57.23740268422673	3.568180852673473	56.089206060117775	58.49021154280794	58.86384432251185
9230000	59.5479062763929	3.5396455807718548	59.93564602407291	59.99166761691621	59.999710630867014	58.38500578484716	3.425411079899907	58.95238510737593	58.96180192410079	58.96877201177141	59.18608994051233	3.697989593080636	59.87533521795078	59.906405796169466	59.93207005836225	58.41800606915774	3.3951634904900456	58.937219413520744	58.9502836809693	58.957139129015644	59.23730574372083	3.707909951714307	59.94228654146812	59.962841593932275	59.97541841154809	58.41790710639701	3.3910977379887464	58.934901988082075	58.95018775959006	58.957431778408065	59.29275935148036	3.3539386960592465	59.92875312646638	59.95690797652573	59.971374139356385	57.23955524582984	3.5674571148999226	56.09940954314922	58.49021154280794	58.86384432251185
9240000	59.55038527827648	3.539493478382308	59.9371433595028	59.99133361019251	59.999745596648964	58.38393542319082	3.423431367530959	58.95069371768288	58.96077705380375	58.96849580704256	59.185446085856945	3.697800805072285	59.87614118489229	59.905159792121566	59.9326023782906	58.41849991257255	3.3938407899686167	58.937219413520744	58.95041841093199	58.95720207138418	59.23423956043421	3.707345681671702	59.94159759205765	59.960620532198035	59.97429158468099	58.41848190672573	3.391179432938477	58.93514921495934	58.95021425583657	58.95740657418436	59.29432458097587	3.351986937662312	59.9294069763111	59.95718096530749	59.969486154265574	57.24201848924066	3.566250460940906	56.14000247286718	58.49021154280794	58.86105291543296
9250000	59.548411029369035	3.5389508436742694	59.94182233237301	59.99170713419649	59.99981544960414	58.38427733171892	3.4242599303189487	58.95022182673232	58.96117132729552	58.96819508392527	59.18655990454166	3.69802391097632	59.87607709340398	59.90758786296675	59.93245731461876	58.418244605157035	3.3931282743150706	58.937308652956474	58.95047006251118	58.95724555855819	59.235442418672584	3.7075480639287948	59.940694403098306	59.961104233329074	59.97404041882898	58.418121672263176	3.390848821500569	58.935935272544334	58.95021425583657	58.95745609588614	59.29999361764614	3.351249920362009	59.92330685724951	59.9555986756249	59.97152786992797	57.24421136711343	3.5660075182156636	56.14000247286718	58.49021154280794	58.862045437178686
9260000	59.5494215370458	3.538901466476256	59.93999208377387	59.98951648577754	59.99973545068321	58.382812973860304	3.423849010133202	58.95033997196036	58.96095685915624	58.9681129392978	59.18466974630298	3.6976450591112457	59.872113569553825	59.905256159133955	59.93179305729938	58.418484442902304	3.3951931493173837	58.93732576703479	58.95050265794047	58.95724555855819	59.23477933638059	3.707425035391346	59.93968587991776	59.960563206136555	59.97465962193506	58.41870461493794	3.3915736847921107	58.935935272544334	58.95028245724582	58.95745609588614	59.301083065643226	3.3515954686002596	59.92408909740429	59.954806840737405	59.96964729123608	57.24559951015494	3.56514297376008	56.14000247286718	58.49021154280794	58.86191090921727
9270000	59.55383173581116	3.539544917910826	59.945423210334035	59.992613957555605	59.99974171708209	58.38340425492993	3.425112299427401	58.95024029950908	58.95990115997685	58.96811871984876	59.186437543463285	3.697963171870929	59.87626008903221	59.906921389929686	59.93017589710149	58.41739704998161	3.39516275150901	58.937308652956474	58.95051079279831	58.95738661155127	59.23600175471152	3.7076753117671295	59.94201040743552	59.960963867801134	59.974210993154706	58.41766316088853	3.391532624028752	58.93606162049349	58.95037407887704	58.957431778408065	59.300781881357366	3.352599242235529	59.922879767671496	59.95595335902992	59.97016484955087	57.24828306833864	3.564054369474713	56.14000247286718	58.49021154280794	58.86191090921727
9280000	59.54974785389414	3.5394446988746147	59.93440718118705	59.99106012691417	59.99966162738142	58.383477584927995	3.4246951891822097	58.95068378989233	58.96075957196149	58.96805365579059	59.18451067323649	3.6976000618965608	59.87398743400729	59.90515664996717	59.930224425518816	58.41783994345552	3.394797140656382	58.937308652956474	58.950572782039586	58.95739521308158	59.23587492741866	3.707637688396412	59.941880652281604	59.96096499694468	59.97459556401013	58.41801828922067	3.3915772934943185	58.93606162049349	58.95041623792277	58.957459488163025	59.30186778105125	3.351562054847434	59.92678561464878	59.95469205957508	59.97019850743577	57.25047235677268	3.563428400373163	56.14000247286718	58.49021154280794	58.86384432251185
9290000	59.544626788305955	3.5390817139892836	59.927114144325486	59.98881013131036	59.99969885795651	58.38479710249444	3.4270986903840233	58.9509013129588	58.960822363073405	58.96837255859822	59.18303759809933	3.6973787365652173	59.87289696620941	59.90341195485735	59.929519696874536	58.41833993193585	3.3963652486063647	58.93736300134219	58.950572782039586	58.957350140941664	59.234702560901525	3.707394578354601	59.94078452206791	59.959762144227845	59.97438758314166	58.41868053911814	3.3916741449161636	58.93598684161907	58.95046889242856	58.957468212152705	59.3042474800494	3.353571858167373	59.92501589272904	59.956968078815606	59.97104946024616	57.252885010811376	3.5625491822548714	56.16994698141279	58.49021154280794	58.86384432251185
9300000	59.54814462664496	3.53977707203052	59.93019328879515	59.99133887203178	59.999729562985564	58.38441216187329	3.425486730583209	58.9511017816355	58.96068562141761	58.968024879573406	59.18461690565694	3.6976568247330697	59.87448873126051	59.90416226794004	59.92908273647487	58.4176479201017	3.396081766795283	58.93736300134219	58.95057862457034	58.95740415654926	59.23426818913026	3.7073205742236808	59.9406389587857	59.959841911973356	59.97457201677096	58.41827590544329	3.392329911511315	58.935935272544334	58.95046889242856	58.957468212152705	59.30484851706239	3.351767373700666	59.92627613432282	59.95473214705078	59.969221233333705	57.25690156261069	3.5610619222445172	56.19028305902317	58.49021154280794	58.866708986179574
9310000	59.549821201800036	3.5398530236020718	59.93733048375837	59.99196286629944	59.99975164260038	58.384831830727386	3.4256419561462095	58.949863120561076	58.960730591333025	58.968302704181454	59.1861188357544	3.6979347534659532	59.877108668631806	59.90606290048643	59.93263572358509	58.41833327639786	3.394578870392884	58.93736300134219	58.950572782039586	58.95738726881766	59.235807421443376	3.707598298402237	59.94141915700834	59.961680631323745	59.97566276966733	58.41874514870306	3.3909584269032598	58.93649385946756	58.950547809355655	58.957468212152705	59.306943691934485	3.351565734058935	59.92792601611939	59.955249623282924	59.97068178745829	57.257793763104	3.561138763555259	56.19028305902317	58.49021154280794	58.86854041301831
9320000	59.54964535242086	3.539771086421214	59.94266559996795	59.992677984870404	59.99978351266291	58.38525300068707	3.42472518383518	58.95037600839262	58.96074918152925	58.96854040894247	59.18610740699942	3.697933196129425	59.87480474538539	59.90627336110139	59.930423009095776	58.41836935573149	3.3950289535435063	58.937835589733425	58.95057862457034	58.95738726881766	59.236387132003046	3.7077133671102636	59.941264654907414	59.9610308561726	59.97570565414222	58.4186051234446	3.3917664727559202	58.93649385946756	58.95077370694291	58.957459488163025	59.30945236806928	3.350872404442266	59.92856981730008	59.95685267019766	59.97069843536269	57.25981745366256	3.5609612727120576	56.19028305902317	58.49021154280794	58.866708986179574
9330000	59.54680133682961	3.539386544161745	59.93676280331098	59.989935805012294	59.99954604905231	58.38494319456981	3.4247961312752695	58.95175992955852	58.96136447215709	58.968637012031884	59.18292140972053	3.697270623303574	59.8715499208969	59.90222092174483	59.927263128569564	58.418427712746876	3.394540336684757	58.93803326804432	58.9505946210932	58.957394240486174	59.23463191207657	3.7073826620688584	59.94054628826994	59.959173392947534	59.97329275168521	58.41875410956585	3.391728553568934	58.93649385946756	58.95078025469327	58.957459488163025	59.30990905510872	3.35062263979694	59.92713311062249	59.95425642925028	59.97045591024369	57.26191011906432	3.560807831710291	56.21324230108467	58.49021154280794	58.866708986179574
9340000	59.550104240683815	3.539551231222579	59.93683229225127	59.99243221885405	59.99971879160597	58.38385498434686	3.4246777667796997	58.95120740591474	58.960022104753364	58.96808324155304	59.18475111537093	3.6976593842179892	59.87349849047723	59.90544602176557	59.930757514024435	58.41811497167369	3.3948978556824225	58.93805098139561	58.95057862457034	58.957394240486174	59.234922749525516	3.707445670097261	59.941883632287414	59.95985191356021	59.97378700330669	58.41831748604201	3.3920516911392884	58.93649385946756	58.95086061952286	58.95745962210994	59.31233947206527	3.350335130383824	59.93027995607261	59.95696898309028	59.97133402181926	57.264266400828284	3.558949953217126	56.21324230108467	58.49021154280794	58.862045437178686
9350000	59.54451902009151	3.5395683541507372	59.933744414076024	59.99015405293649	59.99964005316986	58.38310636631867	3.4278366201495034	58.95010684765418	58.96008247803252	58.9675812265398	59.18208373048883	3.697090386922235	59.868544061278726	59.9019246277677	59.92933025012502	58.41782484116334	3.3973314559168117	58.93805098139561	58.95057862457034	58.95742521277464	59.2351993703778	3.707487068615146	59.94116798399612	59.95997690856851	59.97431047566013	58.418435401054154	3.3923202127844414	58.93649385946756	58.95090292581757	58.95745609588614	59.31050818863377	3.3532854949170945	59.92763055343022	59.955601221498995	59.97099189742796	57.26651254366638	3.5578572445538983	56.21324230108467	58.49061567387601	58.86337600321106
9360000	59.55166216558084	3.540332691155392	59.944038244005036	59.99186058642311	59.99970103570186	58.384608535933275	3.425943703939796	58.950972379453376	58.96084443088219	58.968116211923956	59.185905871395036	3.6978237705121773	59.8775712626559	59.906683525713525	59.931220335603356	58.419158363111976	3.3946805553243182	58.93805098139561	58.9505946210932	58.957340593518836	59.23621828380288	3.7076755298940007	59.942068283663474	59.96171500728598	59.97447153317468	58.419572890862824	3.3915115957998347	58.9365561100225	58.95092192158495	58.95739931440309	59.31437107437468	3.351569821326524	59.93135139979616	59.95648448418629	59.97077043941053	57.268951427170684	3.5577189388293515	56.228012690409265	58.49061567387601	58.8643496109083
9370000	59.55261304460465	3.540056467996866	59.94082239644413	59.99359853304348	59.999874779788605	58.384672690335684	3.424533007372892	58.95120017252628	58.960611944563205	58.968307120213254	59.186592368035924	3.6979983328134227	59.87980268667553	59.90822396066977	59.93159802626839	58.41853210306156	3.394910949691856	58.93816839995215	58.950603860708554	58.957340593518836	59.23624461761864	3.7076822793127113	59.94445443968106	59.960511241091766	59.97514703458115	58.41916168228549	3.3916824113621473	58.9365561100225	58.95092192158495	58.95740657418436	59.31857787364404	3.3499526295929045	59.93278751840025	59.95767544611364	59.97237037780629	57.27110401512342	3.5569971476069826	56.228012690409265	58.49061567387601	58.86854041301831
9380000	59.551088931368604	3.5398617727871997	59.943199582502245	59.99277701819814	59.9997543828869	58.384673205828705	3.423880294345661	58.95090981803302	58.96129721198571	58.96892271247829	59.18507310177012	3.697675966291774	59.8740084658633	59.90713285124414	59.931543885771745	58.418254319390165	3.394652112133705	58.93816839995215	58.95060295200826	58.95735532119482	59.23455440934706	3.707379247914841	59.94116604916255	59.96051545820461	59.97426621203835	58.41878811896288	3.391448971083343	58.9365561100225	58.95092192158495	58.95745609588614	59.319460831975206	3.3489034431248488	59.930102849304234	59.95741198782099	59.971609314414174	57.27395559081462	3.5551180808583758	56.228012690409265	58.49061567387601	58.86854134730994
9390000	59.54967459345501	3.537990476456653	59.94241144679853	59.99089585287409	59.99972432747873	58.38419936278423	3.423689693712616	58.94965118262284	58.96068322638714	58.96870581193229	59.183839784674795	3.697467994838472	59.871927532386465	59.90360319478731	59.93142359995231	58.41737286061101	3.395559284295631	58.93849291260817	58.950724301178255	58.95742521277464	59.23452460376319	3.7073600880661983	59.94051629858134	59.95990715745806	59.97410461275862	58.41801092442785	3.3919605394539962	58.936587642106204	58.95094647982303	58.95745962210994	59.31757143261043	3.3482810771057747	59.92630622386129	59.95601840896829	59.97026770166831	57.2756539658237	3.5547752822951555	56.228012690409265	58.49134122365102	58.866708986179574
9400000	59.54591378189743	3.5380301876783196	59.9274591417778	59.991441280154476	59.99976794200978	58.38312755804757	3.4260873532443696	58.94994376635245	58.96074725132718	58.96827324869825	59.18587852281086	3.697862418991528	59.87500185504232	59.90614090790703	59.93148873297163	58.419086931509405	3.394455625306402	58.93876549890217	58.95076466223411	58.95742619797505	59.23537515846184	3.707499375913794	59.941728349093836	59.9608505097684	59.97487708496687	58.419404808096395	3.391029539812173	58.936587642106204	58.95092192158495	58.957474797550624	59.31977008147945	3.351520204637393	59.928095652446956	59.956833270576325	59.971885914498635	57.27736909480525	3.5545442212730456	56.269482699086886	58.49134122365102	58.866708986179574
9410000	59.54604098764764	3.5383740548414178	59.9360320976821	59.98827569031517	59.99970164843024	58.38355468832218	3.4264000158480057	58.95032205636486	58.96123183788549	58.967759441444215	59.184133213541415	3.697543220971513	59.87064926491807	59.905511127398256	59.9307272601774	58.4181302698467	3.3959141485374085	58.939056136790235	58.950777685771854	58.9574282745821	59.23513974771335	3.707435520904466	59.938890127533526	59.96032962741667	59.97433688223071	58.418798561492935	3.392074062914334	58.937328222863215	58.95092192158495	58.95749375332936	59.31703329924306	3.3505438376638703	59.928061999173295	59.95514241284877	59.97038842423403	57.278941603275975	3.5545956693075236	56.32177615856959	58.493180065281166	58.866708986179574
9420000	59.54854267681404	3.538500736754085	59.93412345255888	59.99154682497429	59.99971223951468	58.38337959744211	3.426623736408213	58.94996086576483	58.96033639342107	58.96835382593695	59.185790259645984	3.697846445149012	59.8749039998731	59.90696391556446	59.9314514786775	58.4184098438029	3.395427275639042	58.939056136790235	58.950777685771854	58.957462628122485	59.23597192785803	3.7075897816371595	59.942035203661405	59.9603892135545	59.9753978628078	58.4186136645637	3.3924592974258627	58.937653696681934	58.95092192158495	58.95750152058443	59.319851339922955	3.351408854107827	59.92824028223463	59.956212002384135	59.970798875887205	57.28164644833182	3.553555667995783	56.32177615856959	58.493180065281166	58.866708986179574
9430000	59.549327306952414	3.538815854689693	59.93688959863479	59.991903051923714	59.99977253794127	58.383132012253796	3.4243901776883416	58.950690059526295	58.96064478996274	58.96753320701549	59.18524750029518	3.697736425829127	59.87395347852049	59.902800376375986	59.93016508361685	58.418327780787855	3.3944093814566623	58.939069963390935	58.95084868307001	58.95748721061562	59.23561072240974	3.7075267090188397	59.942036030484786	59.96133276683266	59.97480708442234	58.41883516941226	3.3916565500725504	58.937653696681934	58.95096603711819	58.95751628948393	59.320450314381205	3.3487228020458804	59.93087355452331	59.956216742199075	59.970700318431554	57.28427605644321	3.5522517895670846	56.32177615856959	58.493180065281166	58.86300032506793
9440000	59.54935029358034	3.538889333305302	59.936369224369045	59.990611746383706	59.99963229240819	58.38339127275529	3.4246811191520448	58.94978104783368	58.96052224795799	58.96811840770205	59.18528406179648	3.6977431353764145	59.87801086465702	59.90460769074122	59.93052110538583	58.419492736209754	3.3945636350560005	58.93909447050748	58.95089132587387	58.95749420342438	59.23431115305767	3.7072589307841772	59.9392116391614	59.95960487414651	59.973805153547524	58.41925890905457	3.3921989115685967	58.93773613826319	58.95092192158495	58.95754297631187	59.32296991505239	3.3486837161984133	59.9294842780884	59.95666282850319	59.97107343642013	57.28621157132964	3.551825655491712	56.32177615856959	58.493180065281166	58.865152754673154
9450000	59.55171244856242	3.5391173027875458	59.93353776880362	59.99190873859732	59.99977891773619	58.3849102161911	3.425064315241143	58.95029770799191	58.96092983667881	58.968855705493105	59.18549214318316	3.6977816304248194	59.87427640862324	59.907041609938524	59.92911719802168	58.41875651245538	3.3952446850855695	58.93914225959386	58.950953389353295	58.95748721061562	59.23579476105523	3.7075411081468	59.940835126602614	59.96168577988496	59.97512510745351	58.41915415846835	3.391820173616832	58.93773613826319	58.950961349687944	58.95751628948393	59.323668954221624	3.3489374284984943	59.925262028345614	59.95633402733455	59.9714692005956	57.288218731519024	3.5515223363003128	56.34992358613154	58.49444405111361	58.86263768766605
9460000	59.54852816198725	3.5391659652994663	59.936757052342855	59.99125388830091	59.99972675508307	58.38419970782196	3.424312718094621	58.95143926312962	58.96112874872065	58.968075296266164	59.18638388918514	3.6979370714940614	59.87731346996007	59.90670036554084	59.93237910154158	58.41890183653919	3.39538222458459	58.93925526190903	58.950953389353295	58.95749420342438	59.23635671446613	3.7076168451011626	59.942603180047826	59.96159976884213	59.97463323530813	58.41886645539348	3.392712164006549	58.93773613826319	58.95103039011247	58.95751628948393	59.324991757009336	3.3479293253996616	59.929915239509754	59.956761874009075	59.97122025170969	57.29168810891877	3.551031388553757	56.360953785001925	58.49444405111361	58.865152754673154
9470000	59.546952972982005	3.5390192162592182	59.92660608693714	59.992108559931026	59.99981961081578	58.38427562150387	3.4256110145709417	58.95134395387015	58.96077152373366	58.96790982997342	59.186312095175744	3.697899596468506	59.87729722580201	59.90779600566685	59.93245560513935	58.41850298472697	3.3958729857368137	58.93925526190903	58.95094104172766	58.9575028283176	59.23607426570013	3.7075535910020427	59.941607719355275	59.9626064476109	59.97479171142418	58.41906115745271	3.3924958824113958	58.93773613826319	58.95114734070112	58.95751628948393	59.32393446530166	3.349005573340237	59.92811075720346	59.95715182308621	59.9722342148855	57.292720583077106	3.550779282123526	56.360953785001925	58.49444405111361	58.86638123369643
9480000	59.55507583287999	3.5394783572169075	59.94711478896953	59.992519916262026	59.99971166088899	58.38334944292686	3.425662616733007	58.949794590423245	58.96035441922433	58.96841189102609	59.18471136263127	3.6975919869581415	59.874005177497544	59.90397330351732	59.930004500101035	58.41828855122213	3.3939733779387735	58.93929531646033	58.95084868307001	58.9575028283176	59.234294899692856	3.7072218205292646	59.9388023943125	59.95909319269766	59.9745405490347	58.418810798583294	3.3917356512497108	58.93774194449833	58.95114734070112	58.95756833216819	59.324512744408686	3.34909069805242	59.928513716232274	59.95616571938635	59.96976080854976	57.294525675931915	3.549143873244917	56.365397892370225	58.49444405111361	58.862997830333775
9490000	59.54890582252902	3.5389137158108204	59.939528983319136	59.99192748016259	59.99977194023024	58.38465713209013	3.426568411976387	58.95004683182679	58.961061733558225	58.96873155312381	59.18535053563364	3.6977150391101916	59.87449701227747	59.905025589945325	59.930249612310575	58.41848899214853	3.3956523746673204	58.93934218066074	58.95084868307001	58.9575028283176	59.236651725340025	3.7076542167348006	59.94369728308271	59.96133600108429	59.975124549859515	58.41929135430463	3.3921011471273808	58.93774194449833	58.95117319108572	58.95766717057015	59.32450117588545	3.349750903190841	59.931099369278805	59.95690009830016	59.970910749501016	57.29670039901878	3.5486016572576795	56.36676745622187	58.49444405111361	58.86485717432514
9500000	59.55113438516122	3.539573041962763	59.94223010426346	59.992283016424366	59.99973348510427	58.3847838313793	3.4275336243982095	58.950832799603766	58.96097735037311	58.968926997660034	59.18695747920609	3.698039880433888	59.878764686446644	59.90720178051512	59.932620909916174	58.41919344891897	3.3954817795583385	58.93934218066074	58.950998242821015	58.957533901803835	59.236463156042575	3.7076522493679476	59.944385061371435	59.96201710296494	59.97494779864805	58.419478016470435	3.391745834254534	58.93774194449833	58.95124747320639	58.95766717057015	59.324386030782506	3.35079863107079	59.92462293611864	59.95724442852583	59.97073623260003	57.29858699873431	3.5482721961468484	56.38508483382938	58.49444405111361	58.86535392583473
9510000	59.54606206190152	3.539804690635777	59.93536996607878	59.99113609473113	59.99960644151379	58.38453389854082	3.4252466247175706	58.950931706454604	58.961023125861615	58.968034538836655	59.184568957093994	3.697559418911258	59.874346857878756	59.90622891257128	59.92961049795517	58.41913197239315	3.395787462533404	58.93934218066074	58.95106172830671	58.95753321519376	59.2348872717745	3.707358797666237	59.94196219540109	59.96035059275255	59.973997387862276	58.41993361918551	3.392016083556675	58.93774194449833	58.95124747320639	58.95764625333291	59.32618107406282	3.3485307539007065	59.92815722217776	59.9579824110374	59.97123928444423	57.29983256232567	3.5477655594172264	56.38508483382938	58.49802701612066	58.86485717432514
9520000	59.5460391216518	3.539548637059211	59.92749376674395	59.9912031139736	59.9997774981169	58.38444172143604	3.424494654325499	58.9508416490233	58.96054990600035	58.967838926000226	59.18493427879469	3.6976401506222376	59.87632025310086	59.90589262731089	59.929415604229234	58.41938978364101	3.395061031246846	58.93924879964688	58.95106172830671	58.95755497909256	59.23536809762649	3.7074816572117943	59.94175161380023	59.96008877694442	59.974217268470206	58.41991587347455	3.391703343050818	58.93774194449833	58.95124747320639	58.957826245017635	59.32383178903706	3.3477434194307025	59.92765585366246	59.95567583514468	59.97035170130893	57.301134005576245	3.5474535107556817	56.38508483382938	58.49802701612066	58.86535392583473
9530000	59.549211625476296	3.539783261219729	59.93292333466508	59.99202945286326	59.99965096095256	58.38351193312714	3.4268614962080584	58.95094500459372	58.96101803796509	58.96863906706506	59.18348224893182	3.697331860834671	59.87242069989886	59.90187865608702	59.929948447277845	58.419174221738494	3.396466893065625	58.93924879964688	58.95115821179582	58.95759484048344	59.235279660154575	3.7074583064133066	59.94230701081992	59.96054593868722	59.974081336266835	58.419340594971146	3.392643310847404	58.93775110865742	58.95124747320639	58.957845710093714	59.32627932768035	3.3511857625006685	59.92655252759637	59.95565005234893	59.97107039402989	57.30264692107819	3.54697774517739	56.40336330618125	58.506769610190865	58.86485717432514
9540000	59.54889953389124	3.539609768268213	59.93997968763973	59.99280039009771	59.99980683659821	58.3829023183682	3.424832339448036	58.94984091872687	58.96066254266968	58.968327920883084	59.184166665297475	3.6974501696028446	59.87163913978348	59.90593046059067	59.929374708680456	58.4195258632479	3.3938275240659523	58.93934218066074	58.951172465272876	58.957680710370674	59.23522310093966	3.7074270069846533	59.942586669094496	59.95886226020939	59.973254517704575	58.4200333146224	3.3917941519164483	58.93775110865742	58.95124747320639	58.957845710093714	59.32746989551572	3.3498501608598046	59.931959962395396	59.95477938097848	59.97045964294922	57.30531282884184	3.5459360167383838	56.41527171524673	58.506769610190865	58.86535392583473
9550000	59.54290513177611	3.5388903075372515	59.92352995414796	59.98984187685621	59.999722960325265	58.38301799510826	3.425938479547512	58.951005411976894	58.96092455898316	58.967826735969346	59.185514380054	3.6977401784910966	59.87434423990476	59.907262571074085	59.93266199880561	58.41921689259113	3.395470796470912	58.93959862971538	58.9513200350234	58.95771003865267	59.23518889696142	3.7074074907841292	59.942288146885176	59.9604202680017	59.9742140548022	58.41979248384363	3.3922989678141247	58.93775110865742	58.95119321601992	58.957859132995864	59.32814784275529	3.3487903105777885	59.928931301174686	59.95691714989335	59.97054274984704	57.30817051756693	3.5444182127168022	56.42219704965466	58.50800832869721	58.8664395817926
9560000	59.550729656257204	3.5396983664618493	59.93409224112577	59.991028608798864	59.99979315535628	58.38429909100759	3.4259042047181105	58.95143510381963	58.96138468099733	58.967908206156906	59.186396099449844	3.6979041980377203	59.87829738122407	59.90907801859571	59.932744077139056	58.419275653606505	3.3951423468609296	58.93961405980763	58.9513200350234	58.957680710370674	59.2367095161868	3.707726402482856	59.942863960770026	59.96214337370084	59.97629243420271	58.419437107425225	3.3923629471122894	58.93792932340672	58.95125153405547	58.95786868381081	59.330305565303405	3.348419848624802	59.93032701119115	59.957136463877866	59.97083995455608	57.30902014849485	3.5444353518084637	56.42219704965466	58.50800832869721	58.86535392583473
9570000	59.55070317834277	3.5394032837172045	59.936281511230035	59.99099404252262	59.99970802849141	58.383498042456814	3.4255708970291665	58.95122887307877	58.96110252855284	58.96836111601034	59.18267563514122	3.6971960802638737	59.87025349182758	59.902602238477456	59.92882547070408	58.41984817054424	3.394166403161392	58.93966562655691	58.95125765600236	58.95772838284694	59.23425965632718	3.707255935770635	59.94013373770811	59.960147992152606	59.97409682630617	58.42028751261394	3.391550949928351	58.93792932340672	58.951332734823424	58.95786868381081	59.33017471659366	3.348166048254072	59.92738350520554	59.95418148666103	59.970570108448925	57.31085345981369	3.543652271975004	56.423314608297176	58.50800832869721	58.86535392583473
9580000	59.546201561105896	3.5390121870522613	59.935033436182216	59.99039787590029	59.999651853246235	58.3829417166363	3.426769959496182	58.9501674241393	58.96051323572205	58.96818219946498	59.18294222983094	3.6972200354934164	59.871403436667876	59.903916704508575	59.92803312632229	58.42024054207733	3.3966057953034063	58.939880278081375	58.95150986220938	58.95772838284694	59.23461004145616	3.707297585735103	59.94085384703607	59.9591289458636	59.97363646476348	58.42113481484827	3.391902713253039	58.93792932340672	58.95139192425296	58.95785085885652	59.334822141147285	3.348883434804614	59.930092706130615	59.95478612783883	59.96956742908668	57.312774089296695	3.542990949768389	56.43186922995836	58.50800832869721	58.86535392583473
9590000	59.553431242451936	3.5396438101416607	59.943651348630596	59.99225459729495	59.999714452646955	58.38402691155643	3.423828412825675	58.95043084096959	58.960386700977566	58.96811546586268	59.18629601385658	3.697840481258348	59.877658552750795	59.90640215181182	59.93109995800012	58.420413471221856	3.392817644757016	58.93994218444177	58.951550688875855	58.95772838284694	59.235631955992794	3.7074688348566087	59.942080375276014	59.96017455433104	59.974050788023256	58.420893457180206	3.3908177583311394	58.93775110865742	58.95154986607083	58.95786868381081	59.337286013875605	3.3463403007431114	59.93198519101095	59.95754044064874	59.97068336619266	57.3152421851036	3.5426322246217947	56.43186922995836	58.512727821110516	58.86535392583473
9600000	59.549459955284405	3.5392359370913167	59.93410059138452	59.992133067363284	59.99978025375724	58.383395369497556	3.426163777411571	58.94997745364993	58.96035233589642	58.96815649853827	59.18645047119619	3.6978145618500218	59.87529310479291	59.906957827280266	59.93117521571811	58.419571304918634	3.396612922970428	58.93994218444177	58.95161387153924	58.95775586719951	59.23598516297803	3.707510099508979	59.941909614849905	59.96094607914178	59.97436919098744	58.42024981400225	3.3925241075030987	58.93792932340672	58.95154986607083	58.95795154743618	59.33982168675741	3.3483581264305644	59.934594518142205	59.95812425474465	59.97254012400516	57.31647975470826	3.5416177455704823	56.43186922995836	58.512727821110516	58.86485717432514
9610000	59.55148645943065	3.5378806779969807	59.94063670535304	59.992378795467154	59.99983941988023	58.383263212880564	3.425055862109183	58.950682975268634	58.96052631994232	58.96796083056457	59.18403649565376	3.6973567746955567	59.87212195937769	59.90482035212065	59.93150214631508	58.41996342564056	3.3947681924449644	58.93994218444177	58.95166280213694	58.957763198135744	59.23543088324918	3.7074095961712397	59.94110166447203	59.95982360390829	59.97476953367635	58.420542760224585	3.391909569875725	58.93796425768386	58.95154986607083	58.95796748845491	59.340465753045635	3.346688210652749	59.928803506439294	59.95595384370666	59.97091917120027	57.31641088140055	3.5415595133324147	56.43186922995836	58.512727821110516	58.864388274863316
9620000	59.54874646646429	3.5364827521824846	59.931325104491734	59.99009263503087	59.99974991117939	58.38404221802585	3.4258361040403917	58.95066384950472	58.96118596539165	58.96827264807513	59.18480196628223	3.697494277545589	59.873398338588395	59.90479880053621	59.93200615179258	58.41906492064178	3.3963879847240737	58.93993199824743	58.951743294386944	58.957871067244575	59.23413207461821	3.7071578058407693	59.94037687047961	59.959909907976126	59.97430196632997	58.42013916605407	3.392258159295292	58.937858701920305	58.95151616891557	58.9579923747317	59.33995731041283	3.3470534176565594	59.930641884651976	59.95766463275153	59.97138906190974	57.31924792628252	3.5405868837687837	56.4376738189905	58.512727821110516	58.86535392583473
9630000	59.5498492502686	3.5376726719719525	59.936064609932956	59.99337826541015	59.99978964633729	58.38503826348431	3.423932331749233	58.95062980250759	58.96078836488425	58.96866221941855	59.18526663997127	3.697570446390123	59.8744101315983	59.90371544111123	59.93091168901988	58.42074100842274	3.3945594451354606	58.93999738441751	58.951705415243175	58.95790751829937	59.23582945202992	3.707426557678541	59.94250069963229	59.961674931668114	59.97399832565674	58.421406109197854	3.3914721168141435	58.93775110865742	58.95147304339886	58.95796748845491	59.344567982765476	3.3456170057376893	59.93181493597884	59.95829392782014	59.971826060831276	57.32060464303388	3.5405513375359488	56.4376738189905	58.512727821110516	58.86535392583473
9640000	59.54969849612232	3.538939570789695	59.940838665373036	59.99213917955739	59.99974182198413	58.3858310493891	3.424666229117705	58.95154072994525	58.961518854395436	58.96871733335267	59.18420864347179	3.697367509703419	59.87053260476391	59.90440209423598	59.93088336498592	58.420369542007926	3.395224946971773	58.94010199432989	58.951802005617395	58.957972669222364	59.23512076104538	3.7073040461847615	59.94251158351826	59.959907419952046	59.97429430076184	58.42078950263123	3.3920464993858617	58.93796425768386	58.95163949807892	58.958157886088514	59.341672560396965	3.346004549257154	59.92921426428001	59.95406848501453	59.97084621454973	57.32350784661888	3.5391513158246184	56.4376738189905	58.515549604284345	58.86535392583473
9650000	59.55014671755075	3.539231539301712	59.941535965568804	59.99342633589983	59.99977090376634	58.38416217152197	3.4259039131485958	58.95136372875265	58.96111476728811	58.96802110790057	59.18676456868098	3.6978407626326804	59.879057180824674	59.90893836234304	59.93223276687043	58.42025695221601	3.3960815088038943	58.94010199432989	58.95181090397833	58.957966783490185	59.2368894770304	3.7076216660737433	59.944644083848985	59.9610266626955	59.97496266654842	58.42083943324581	3.3922290731549443	58.938027425899946	58.95170681359531	58.958157886088514	59.34415267286672	3.3473892669775025	59.93374667845006	59.95708649191742	59.9713029196504	57.32564740522982	3.5388392093464516	56.44870915907531	58.515549604284345	58.86555284074854
9660000	59.545652809188894	3.538576049836618	59.93047856846739	59.98855222607058	59.99953323365893	58.384923520400505	3.424780190165717	58.951841459260244	58.96085510733361	58.967796953455846	59.18274683748012	3.6970651773548853	59.86946074550942	59.9035479508608	59.93007257955971	58.41975425285787	3.3950411255183073	58.94010199432989	58.9519166300077	58.957961214153144	59.233884194968425	3.7070529612564855	59.940932527064774	59.95920355602347	59.973095646928996	58.42036368431323	3.3916448423222567	58.93814401955933	58.95167826599323	58.95806405628602	59.34194835090538	3.3458457039764538	59.92801584505043	59.956452247934166	59.9706421388458	57.3277117664753	3.5383452319724062	56.50271881794398	58.52810438816488	58.86485717432514
9670000	59.54569937044847	3.5389866577185027	59.934672847394395	59.99054429468677	59.99971340944498	58.383798411415846	3.425955729540538	58.95018360572034	58.960227573797454	58.96801042426141	59.18635734127816	3.697712054432046	59.8753727498039	59.90567535649255	59.9305141537759	58.42053184207833	3.3951911659014216	58.93999738441751	58.951887808725445	58.957966783490185	59.235537447938405	3.70738078140755	59.94172267044969	59.96151053495534	59.974120890408045	58.42098883132821	3.3918868993259155	58.93826088955524	58.951656318317845	58.958157886088514	59.34552435291103	3.347261153346449	59.93194008485515	59.956892259242096	59.970704126853455	57.33027165997106	3.537708504098792	56.50271881794398	58.52810438816488	58.86555284074854
9680000	59.54782817968184	3.539064453023529	59.93471562422157	59.99174982886961	59.999695368476615	58.38404387203462	3.4246652547648555	58.951447884832234	58.960517172297955	58.96814205526305	59.18453004520586	3.6973489943159317	59.87298314718913	59.903247183259566	59.93019655653376	58.42133461314982	3.395079225546561	58.93994171087269	58.95194103959858	58.957966783490185	59.236405844228045	3.707555607394852	59.94448901966924	59.961735763395424	59.97490367793134	58.42190067172576	3.391463411409647	58.93829081155883	58.95180616022222	58.95824537121784	59.34884305358806	3.34502361981618	59.933334595485036	59.95759606105454	59.970765541010856	57.33278922159401	3.536642497096144	56.551263497097565	58.52810438816488	58.8680617663571
9690000	59.54660323066341	3.5391272924055674	59.93122703475712	59.991519219718825	59.9996521884469	58.38410627371056	3.4258721365370532	58.950217252043956	58.960588935177775	58.96771852926893	59.18466882215679	3.6974040372888104	59.87537504251797	59.90586774394313	59.93300131558098	58.419881829437244	3.3951041625885527	58.93999738441751	58.95195938375835	58.9579810856265	59.23487904174031	3.7072245689353487	59.94041447340976	59.95948035789918	59.973384505514176	58.42063153380018	3.392052756949539	58.93829081155883	58.95188711680227	58.95806405628602	59.34972549437809	3.3461113779022074	59.932797561100415	59.95654762353299	59.971959242583054	57.336151483215495	3.5355029897074766	56.551263497097565	58.533234101073525	58.869660368386135
9700000	59.54385096481729	3.539128253518446	59.92710543191511	59.988451341852205	59.999651754624395	58.384169704354115	3.4252519178351357	58.951480622286724	58.96077791243728	58.96797544168531	59.18173516967557	3.696816892220576	59.868917318510725	59.903249517029536	59.92850740366086	58.42082183446846	3.3964748806770917	58.93999738441751	58.9519811528355	58.95798442514222	59.23626043373159	3.7074811171831032	59.9422852457061	59.961120254114505	59.974602764049465	58.421260295373315	3.3926367429692172	58.93826088955524	58.951940569586185	58.95817016963635	59.34915400125203	3.344713839470375	59.929827355485116	59.955107431160606	59.970792795884265	57.33809232272564	3.5353864433122477	56.551263497097565	58.533234101073525	58.869660368386135
9710000	59.54709441571536	3.53950519766376	59.93168558695663	59.99128156106808	59.999676598616986	58.38400412627893	3.42564490621076	58.95050553715046	58.96072416678169	58.96820803956163	59.184021760483276	3.697239532795224	59.87394659164439	59.905277897473624	59.930399898260234	58.419609996691705	3.3970000735443118	58.940170017086416	58.95195938375835	58.95798442514222	59.234859690759535	3.707225352116596	59.940137661938984	59.96053766648935	59.973920931339606	58.420354206416064	3.3931095642956475	58.93826088955524	58.95195218214582	58.958209554384304	59.350174433423106	3.3458951938839263	59.931145303795006	59.95658480617306	59.97078751658939	57.34129134576183	3.533870604068136	56.5780337472744	58.533234101073525	58.869660368386135
9720000	59.54955433513009	3.5397130006865103	59.93813511233613	59.99233191784983	59.99977111177152	58.383497027558576	3.4246642540616667	58.95027176677682	58.96029425218924	58.96784987197641	59.18605961906182	3.697604482411116	59.875372052065956	59.907003575357535	59.93113726618755	58.42005217611068	3.3957961697449983	58.94010199432989	58.95194103959858	58.958073217181926	59.236412337542134	3.7075159752382314	59.94371308198412	59.96057157084584	59.9752129014888	58.42063281505828	3.3927362137523374	58.938401781848285	58.95195433826991	58.958179380966385	59.35364622064211	3.343344996501637	59.93028876809731	59.957450588129284	59.97101937789328	57.34241416695445	3.534106074453047	56.5780337472744	58.533234101073525	58.87126058008414
9730000	59.55273861664176	3.5394684996393377	59.9395833007341	59.99255015551612	59.99976554521929	58.38303075718356	3.4255151059800073	58.951182104724566	58.960836217505715	58.96798103907586	59.18456106117365	3.6973452851014352	59.87181301154586	59.90481094836767	59.93210781960279	58.419726083324385	3.395486529713473	58.940170017086416	58.95195174759742	58.958073217181926	59.234532245724985	3.7071611080654194	59.94141017882011	59.96078331985484	59.97448237670129	58.42073646262585	3.3918566445122535	58.938533509584175	58.95199376529962	58.958209933596386	59.355487197121256	3.3441318578816634	59.933696952233845	59.95734438695857	59.970616318183026	57.34445109226687	3.533672181726248	56.5780337472744	58.533234101073525	58.87126058008414
9740000	59.55099531278805	3.5395230453170847	59.936552614762974	59.99050495665847	59.99969914014788	58.38356915194986	3.4253410103753876	58.95086679278581	58.96045674813328	58.96810842504434	59.1875060192905	3.697879013809612	59.88008418643669	59.9087757904164	59.93098016402579	58.420354368772145	3.395249163145387	58.940170017086416	58.95194682721663	58.958096307922546	59.23577164609725	3.7073994293730115	59.94297280228595	59.96055467596349	59.97476476864941	58.421177523675425	3.391981895160655	58.938533509584175	58.95207201045284	58.95824570827501	59.3580814627084	3.3454227439500985	59.93507323121999	59.958213017354794	59.97248893527404	57.34593376855028	3.5328014959919547	56.59553021638927	58.533234101073525	58.87126058008414
9750000	59.552771228483465	3.5399065514717183	59.941688778031995	59.9943929215997	59.99976751787363	58.38361356376075	3.426208496747302	58.949991304165266	58.96083402212871	58.967599561240824	59.18629475748838	3.6976342757040928	59.878221239952936	59.9062270494573	59.93061622839973	58.420181308168885	3.3979564519836374	58.940270016911946	58.95209968855353	58.958207693411715	59.23549515391062	3.7073465061945217	59.94265056742924	59.961883874703815	59.97448215685072	58.42064444095821	3.3938095109510926	58.93857540810169	58.95211035458702	58.95824881086336	59.35715377656697	3.344392856151235	59.93186964718853	59.95717126313832	59.97054289832216	57.348985855898945	3.532027707326685	56.596244387036336	58.533234101073525	58.87290795937459
9760000	59.54814231659999	3.539923521069922	59.929812172279	59.99183473829929	59.999703193346	58.384207797211	3.4252321003311494	58.9510866002424	58.961349907233384	58.96858068777688	59.185927137280565	3.697591764377182	59.87524961231915	59.90654197990317	59.929739245180876	58.420889413702504	3.395247335581955	58.940270016911946	58.952133066782935	58.958162027208594	59.236173561979754	3.7074474772513266	59.94334145470481	59.96090450133788	59.97405902448514	58.42175745122937	3.391940512443412	58.93866662872293	58.952089817079354	58.95824881086336	59.360812041031494	3.3429767241785653	59.932479053735726	59.95736029823058	59.97091897623331	57.34996699468088	3.531631130855882	56.596244387036336	58.533234101073525	58.87126058008414
9770000	59.54989007105073	3.53969848910111	59.93233010226707	59.9911507132217	59.9997404705093	58.383457509758024	3.4265567896484295	58.95081578127814	58.96095108951442	58.968528024835116	59.18471651582773	3.697386640428219	59.8762432585654	59.90559906581211	59.93016373906884	58.42018597088976	3.3962467056502925	58.94031858898978	58.95221286688956	58.958207693411715	59.23540674303246	3.7072901244842975	59.94217411030528	59.96076397431675	59.97412683047557	58.420879623331274	3.3923564767526786	58.938738291094474	58.95212684080404	58.95825408188411	59.36059167789041	3.344380742387485	59.93068010948332	59.95681299837264	59.971721647016324	57.351366011354855	3.5310099319809565	56.596244387036336	58.537221372201984	58.87004768843535
9780000	59.54967768712784	3.53798303596871	59.93520388880566	59.9922687223216	59.99965933708453	58.38218985505276	3.425315296823864	58.94899410637053	58.95991825501794	58.96701174493039	59.18402578596554	3.6972598560329404	59.8723917254305	59.904862951042155	59.92969547928952	58.421085508130844	3.3950222926617686	58.94031858898978	58.95221286688956	58.95827259583308	59.235458216940906	3.707290345663839	59.941465159331315	59.95993648507766	59.97416651691127	58.422242038138336	3.3916605884289472	58.93921167124101	58.95219649167462	58.958349042000094	59.36268147384144	3.34346167580277	59.93225321994125	59.95645883431661	59.97026724950426	57.35373446469035	3.5303237920148476	56.596244387036336	58.53764940433758	58.87004768843535
9790000	59.55284157758654	3.5387357544025027	59.94889456089319	59.99293363708557	59.99977586731044	58.38384554374648	3.4258683437565276	58.94947423660025	58.960368958835645	58.96820451819164	59.18457680675358	3.697353451776846	59.87525170179971	59.90372969949801	59.929290577995964	58.42075443589935	3.3953015926950068	58.94031858898978	58.95225257283242	58.95827259583308	59.23523308826753	3.707264584946194	59.94017561752241	59.96049103162407	59.97509103129351	58.42173612108084	3.391541325455624	58.93921167124101	58.952272238468254	58.958373956201754	59.362250472405236	3.343757437125842	59.92929344587056	59.95674312080961	59.97053031864919	57.355817278067136	3.5294186955442486	56.596244387036336	58.53897267435124	58.873095304653205
9800000	59.5463912413319	3.5383696594740095	59.931082946121386	59.99269188530961	59.999781742331784	58.384054613575465	3.4257231176759384	58.951116613130246	58.960156895402974	58.96836529949975	59.18584219226285	3.697547797826813	59.87874539799296	59.904993132445455	59.92852864253405	58.420444596066915	3.3958121207465495	58.94031858898978	58.95225257283242	58.95823607790186	59.23578448198752	3.70736249685458	59.94247348122234	59.960359962227095	59.974549392575135	58.42107208806868	3.3928165407157853	58.93959752134271	58.95230570467935	58.95839024136578	59.36009181393421	3.3433770461124817	59.929665674944445	59.955825534334096	59.97088196565299	57.35821035955796	3.528575348240876	56.60558339443713	58.53960635585137	58.873095304653205
9810000	59.54968656611914	3.5390637125108904	59.94020191052542	59.99291799141122	59.99977868781087	58.383931288315736	3.4254538943858166	58.951786134075576	58.960823096452486	58.968179344596834	59.184214221308025	3.6972678260911813	59.87267497538164	59.9055545480156	59.9301448048926	58.42095436870986	3.3944841732703233	58.940270016911946	58.95221286688956	58.958162027208594	59.235209173316626	3.707271774291395	59.94143926831382	59.96101688790574	59.97443050739756	58.42210893517737	3.391726849999769	58.93961301127089	58.95233971679541	58.95844509500388	59.36515155992714	3.3429288062327305	59.93485335245331	59.95717435431732	59.97071101661227	57.35951675409391	3.528861045476109	56.60558339443713	58.54074173151601	58.873095304653205
9820000	59.54715071849283	3.5384911452037184	59.925776687262555	59.98921749758091	59.99979558614809	58.38332205516693	3.4249223626245913	58.94991158533231	58.9602459211266	58.96783026751487	59.186920585240614	3.6977593007130816	59.87576759294011	59.90696256300788	59.932077310839375	58.420899722729814	3.394369779730857	58.94031858898978	58.952090801081724	58.958207693411715	59.23635702946936	3.707477193891837	59.94250620449831	59.96119357125076	59.97509899183566	58.42195798636653	3.3913659472460065	58.93921167124101	58.9524070571937	58.95844509500388	59.36602829416841	3.342627979045108	59.931861938621616	59.95813253287056	59.97255573150544	57.36253013033403	3.5272485774905906	56.60558339443713	58.54074173151601	58.87290795937459
9830000	59.5503694910418	3.539135720045835	59.93573305408975	59.99066024877398	59.99968949305365	58.38333682028948	3.4242617261500383	58.949718050125064	58.960540763382355	58.967779633023945	59.18508672769108	3.6974078727880766	59.873581928057945	59.905727054426336	59.93089972423713	58.42047795207253	3.395232253452943	58.94074397262382	58.952047743213214	58.95828804059846	59.235396474358026	3.707328460024477	59.941080259963385	59.96011832297796	59.97436767911541	58.42154047982829	3.3921924082056596	58.93971047709526	58.9524070571937	58.958462098715565	59.364039221785184	3.3418590023011823	59.93196818322662	59.95747868529903	59.97110635715214	57.36730188388556	3.5245235147518774	56.60558339443713	58.54074173151601	58.873095304653205
9840000	59.549311822290385	3.539115262996079	59.93616367098908	59.99237051558464	59.999743522158916	58.383289880984265	3.4261245481667735	58.94986799802019	58.96065144461835	58.96761208746668	59.183428405895	3.697075672650998	59.87211422636263	59.90282049653595	59.930476281904866	58.42065787713877	3.395792444354333	58.94074397262382	58.9519811528355	58.95827259583308	59.23566219392149	3.707373012917741	59.941678878600385	59.96025304042913	59.97490748919735	58.42146629128531	3.392469187495366	58.93971047709526	58.9524070571937	58.958503974512965	59.36501785952263	3.3437669202995255	59.93452117619969	59.955852710950296	59.9717970896305	57.369411758903105	3.5233310492273944	56.60558339443713	58.54074173151601	58.873095304653205
9850000	59.552435809073934	3.539615607271328	59.94190532083748	59.99284441463295	59.999799407016255	58.38453126074728	3.4241765367142274	58.94969993946681	58.96048346668067	58.96820967893933	59.185536260643424	3.6975011463943575	59.87306970498878	59.90599844025745	59.93203736361256	58.4202456652343	3.3960300320562413	58.94074397262382	58.952090801081724	58.958304392231355	59.235218861992394	3.7072535914771985	59.941229882308676	59.96008354193372	59.97479733817313	58.4217137974311	3.3924424969608094	58.939720140676584	58.9524070571937	58.95854075799033	59.36519396279023	3.3415739136065445	59.932922940330386	59.95559835456957	59.97162187417754	57.37030138386546	3.523411765542207	56.60558339443713	58.54074173151601	58.873095304653205
9860000	59.5518914199505	3.538860995232271	59.94493062413568	59.99372597391944	59.99986193911724	58.38500087121844	3.425729200838198	58.95128886220432	58.960754592022845	58.967653205423005	59.18363301303824	3.6970884029024087	59.8706204171861	59.90484878611079	59.93033130656473	58.42108407664185	3.396245322778288	58.94109372652954	58.95209968855353	58.95839413264179	59.23647447226095	3.707470802334001	59.94330080293064	59.960904808395114	59.97513913092619	58.42199190958429	3.3926420607541243	58.939720140676584	58.9524313375039	58.95846568999405	59.36628314936859	3.3430054107274634	59.931217839668186	59.95696122060061	59.971653742297626	57.37197226792343	3.522711928382639	56.60558339443713	58.54074173151601	58.873453391577556
9870000	59.54836162487504	3.5392188543237557	59.92986690627523	59.991946022052645	59.99974826082849	58.384734828831874	3.4245549237720683	58.95125246342789	58.96133364899632	58.96801864408351	59.186199628960345	3.6975540139912813	59.874973402372646	59.90533345452331	59.931720407757865	58.42106785282424	3.395170373125195	58.94115201781682	58.95227031885419	58.958337055336614	59.23532267280064	3.707246938810588	59.94114568176353	59.96047280792972	59.974865445785696	58.421675271808994	3.392275456824251	58.939720140676584	58.95249268917166	58.958549978401265	59.36766733342144	3.3418513531549077	59.93458909870122	59.95755841847273	59.972029350759954	57.37417615197007	3.5223177207129686	56.61603089133403	58.54213650383211	58.873453391577556
9880000	59.55285926299904	3.5392287878876174	59.94331204133821	59.99305274873363	59.999790027119154	58.384433652511646	3.4249953541616707	58.950792831050585	58.96079269294653	58.96862798368776	59.18603173407372	3.697491481446763	59.87892598381454	59.904572274199566	59.93022116131426	58.42173107939132	3.3943426568888797	58.94115201781682	58.95231078582776	58.958402485263356	59.2363345408546	3.70739508780114	59.94291143971362	59.96027897684583	59.97458455016881	58.42245220390449	3.3919128261894174	58.939720140676584	58.9525346700717	58.958549978401265	59.367061009370744	3.342072806399326	59.933284375833345	59.95730424594345	59.971264426775946	57.37657540120317	3.5216444949871537	56.61603089133403	58.54213650383211	58.87369711921229
9890000	59.54473383718519	3.5386305944356002	59.9303933685784	59.98913985723644	59.99975313184767	58.38469445509127	3.4245880367497037	58.9505849999072	58.96130008268318	58.968483830154085	59.18522926799646	3.6973428684296157	59.87331730326598	59.90558822029075	59.93111509759448	58.420325139351114	3.3961788962807526	58.94115201781682	58.95234200228613	58.95843085015196	59.235949204793606	3.7073298769183687	59.944231156476306	59.96140821855431	59.975472945522554	58.4216654265442	3.392790334312775	58.93975449698422	58.952545292825576	58.95865139358135	59.36726858410334	3.3413669635599828	59.93634881729457	59.95828075275993	59.972182408253246	57.37840911410192	3.520805063886999	56.61603089133403	58.54213650383211	58.87290795937459
9900000	59.548212349978776	3.538715999441139	59.93263793028701	59.9926249535677	59.999814008960705	58.38467453120172	3.4264753111323802	58.95193362271712	58.961215806827674	58.96817203193811	59.18530788729593	3.6973074285173673	59.8747877122684	59.904891825995826	59.93128527533644	58.42217455371162	3.395480255947544	58.94115201781682	58.95231078582776	58.95839886243363	59.234914461016466	3.7071340471483705	59.94210187057815	59.9609491085761	59.974212521719394	58.422891850240504	3.391960097652526	58.93993081465277	58.9525346700717	58.958752653405135	59.37027940456633	3.343550747245875	59.935505672926226	59.95897178424066	59.973067580549326	57.38237066003583	3.519552511611776	56.61603089133403	58.54213650383211	58.87369711921229
9910000	59.548523452874306	3.5388894907035935	59.937002587544754	59.99120555346508	59.9997660682528	58.385157912809056	3.4261203281242554	58.951651549974954	58.96084202637671	58.96825313396447	59.186842266916635	3.697564756135537	59.87526319302937	59.90782628641515	59.93077612158744	58.42114643130202	3.3949334301504885	58.941169332582064	58.95234200228613	58.95843085015196	59.23704530699762	3.7075157896030904	59.94502717030876	59.96234506554349	59.975135288453636	58.42237227414713	3.3918843331357467	58.93993081465277	58.952545292825576	58.95865139358135	59.37118995388601	3.3424298026169423	59.93632259126406	59.958415103124494	59.97207291274046	57.38396133778367	3.5191501145788235	56.619641431196186	58.54482222101432	58.87369711921229
9920000	59.54939132904618	3.5390617504732593	59.93637847302365	59.99066416878209	59.99955523117418	58.38562124733355	3.424513365981272	58.95122753794274	58.96153046604998	58.969526041356566	59.18524901264001	3.697271871841514	59.872173618751766	59.90630306250475	59.93139561500848	58.42092998222412	3.394565640823385	58.94121088077246	58.952277802017	58.9584855316246	59.235017126101404	3.707138645095584	59.93978172756057	59.960800930313994	59.975183611744086	58.42236412889719	3.391657376231163	58.93993081465277	58.95246397118247	58.95858117731245	59.37429076516557	3.3407096833621064	59.93633673350617	59.95785284542703	59.972244641097504	57.38518925146993	3.5187395936148684	56.619641431196186	58.54482222101432	58.87369711921229
9930000	59.55011783754326	3.539025057137285	59.939219489775894	59.99098934507538	59.99981552323987	58.384580117339695	3.425260165102625	58.95113251320617	58.960918742104724	58.96906540915666	59.18546267136212	3.697317332905642	59.87326254676653	59.90324065115509	59.93157379847977	58.42115302742786	3.3953546843063185	58.94121088077246	58.952308965402096	58.958505290840336	59.23504052503145	3.707141595438653	59.94060010687305	59.96023728248501	59.97486595708892	58.42201995282153	3.392426688315385	58.939961509283854	58.952545292825576	58.95852039642623	59.37432395926868	3.3408570968187195	59.93393124497013	59.957357294122545	59.971522483857285	57.387306288957866	3.518361795279809	56.63627682798355	58.54482222101432	58.87312434159423
9940000	59.552232126720234	3.539156222282544	59.939892076061405	59.99294670684153	59.999773217856536	58.3840657015986	3.4265454029824665	58.950545330692975	58.9606148055353	58.968144616278884	59.18766933024199	3.6977082171309705	59.87659591757278	59.90666366794888	59.93154220512968	58.42135125664905	3.396135462038401	58.94139625774005	58.952314344992416	58.958505290840336	59.23606331192179	3.707302099391014	59.94221362309547	59.960203495592204	59.97457370254855	58.42249537505756	3.3923443929890325	58.939961509283854	58.952545292825576	58.958463246845874	59.373700326843164	3.341955661399471	59.931995157246256	59.95737084601878	59.97217848404951	57.388959342815156	3.517868154919073	56.63627682798355	58.54482222101432	58.87369711921229
9950000	59.54919400395564	3.538981585366897	59.93848776169787	59.991698674985244	59.99966478444804	58.384526235664545	3.4256087039857177	58.95109560862612	58.96079816886504	58.96868935412865	59.183944874738096	3.6970090897946726	59.87363473478567	59.90480951024212	59.92962852170047	58.42215889111527	3.394757185022295	58.94157934647713	58.952314344992416	58.958505290840336	59.235795498002894	3.7072649454529985	59.94359690059879	59.96043182653813	59.97345004948458	58.42283878744923	3.392102890146084	58.93999376771821	58.95256159951478	58.958463246845874	59.374564592457794	3.341387412561114	59.93357107971996	59.95675770224274	59.97274614856158	57.39080670052615	3.5173012588098196	56.63627682798355	58.545409903360415	58.874225290837046
9960000	59.548812034057825	3.539150843262352	59.93190909282751	59.991242256818595	59.999783805715545	58.3836715633427	3.425392109401768	58.950082049293385	58.96018096346114	58.9681792483382	59.18520270767338	3.6972172608327782	59.87599419094471	59.90498330769361	59.92907618496205	58.42238126794433	3.3943272186620375	58.94157934647713	58.95234200228613	58.95867619797062	59.23434978872665	3.7069916164219157	59.93802524758679	59.95935154104785	59.974465985482496	58.423090617182666	3.392153747458065	58.93999376771821	58.95248907761312	58.958496645068436	59.37269222629555	3.341191140558699	59.931690028632396	59.955718280978274	59.96971293462314	57.391966278772294	3.5167255739277143	56.636455556152676	58.545409903360415	58.87290795937459
9970000	59.54638147319562	3.538880174837068	59.93227832091856	59.9920298340097	59.99972629288338	58.38331827206893	3.427264345091587	58.95032353477357	58.960032821258196	58.96802929612446	59.186929687799626	3.6975454700606507	59.87906375704759	59.90759762374827	59.92950492876211	58.422441603290046	3.395226367542845	58.94147796641853	58.95239220110412	58.95862087602194	59.23504758186335	3.707088726769413	59.941155880853756	59.96091145908185	59.97431583498342	58.42350247232415	3.391553356858172	58.93999376771821	58.95258572098189	58.95844509500388	59.37456277192961	3.3432043333446537	59.9351111320112	59.95739323567162	59.97190347519945	57.395845912805946	3.515934160183527	56.65909498930041	58.55090289665279	58.87387261717197
9980000	59.552115390363134	3.5396381132794135	59.94659260805045	59.99155205737268	59.99971744399068	58.38279954797465	3.4239279991817146	58.94984392012304	58.95966836365335	58.967508318070536	59.184963161806564	3.6971548980302913	59.87384298802962	59.90379578504414	59.92982842752662	58.421462152759815	3.396400568815641	58.94147796641853	58.95245347944099	58.95857156965848	59.23410102464616	3.706875037555065	59.94168983225619	59.95830633116499	59.97267686550613	58.42277169016768	3.392202770033622	58.939961509283854	58.952552306946856	58.95844509500388	59.37492308515735	3.3397550532950655	59.931671774260735	59.958798893310586	59.97129313480468	57.397684305496135	3.5158342607039255	56.65909498930041	58.55090289665279	58.874183433141
9990000	59.548821355557834	3.5391140970947976	59.92938313416798	59.99014708512874	59.99965690932932	58.38302456512823	3.425878144666989	58.95013905527177	58.96001280893749	58.96725082224694	59.18324265105468	3.6968648680560388	59.87207256751037	59.9030153297127	59.93021865473029	58.42036570379573	3.395373707033771	58.94144413089768	58.9525073823162	58.95857156965848	59.23485041897423	3.706963959211325	59.94057187269731	59.95944478936443	59.97274290665319	58.42157279737854	3.3927464921079653	58.939961509283854	58.95260454844107	58.958463246845874	59.37330754207393	3.3409284475631136	59.932647964728176	59.9575393035296	59.97117550510018	57.400468115976	3.5149817129935625	56.65909498930041	58.55994061357485	58.87440782996473
10000000	59.54910725454411	3.538779713476756	59.93820676545022	59.99214956786126	59.99979014183211	58.383346674024864	3.4240926715000986	58.94964981868147	58.9601489846401	58.96753074747523	59.18640666520605	3.6974529756597225	59.87198852100383	59.90636437372456	59.93106673022295	58.4218924920206	3.3950081193314703	58.94147796641853	58.95240593726324	58.95867619797062	59.23451311274454	3.7069390260085213	59.94112069920563	59.96124324208469	59.974050727755426	58.422979360532196	3.3918152232140315	58.940058994267076	58.95260454844107	58.95844509500388	59.379566757956006	3.3385945565832102	59.93529251898888	59.958120807509374	59.97296469569796	57.40171321933883	3.5146411866256106	56.67365277907584	58.55994061357485	58.87440782996473
