10000	28.048983719468616	0.365058854054045	27.892222432010907	28.138293501610818	28.29647573514386	29.108155510951022	0.08882337724358143	29.053060780360152	29.114514604361034	29.174819674109575	2.8857220752349355	2.618360723088586	0.0	2.828999943572084	5.05690259968325	29.028441483683167	0.0700765262487265	28.98386359585971	29.029844819063932	29.07601788962851	2.84697099656014	2.6009893605443946	0.0	2.825029308091931	5.070198074909842	29.102413568436162	0.05721878225893284	29.0656389041322	29.102317807591664	29.143404199222097	30.633954230455096	0.09986002758326858	30.57046241969501	30.644692737055074	30.708694650914435	29.149959197363724	0.34014392376160707	29.006949513302388	29.24148618548212	29.370553695608972
20000	28.59285365090064	0.06313874477265928	28.554076758213057	28.587466398044178	28.6202363523446	29.10632961601884	0.0892129925642562	29.051493654678186	29.113310951750194	29.170697978133063	5.919379601949666	3.449669586026232	2.861330895938843	5.433686857216333	7.750379967972384	29.02757009684802	0.06928469152508608	28.98161157249416	29.02980502269805	29.07546043448991	5.7699297207551545	3.396314739426433	2.8593295051859964	5.4270014788008005	7.748954360306771	29.104366807017836	0.05635173909059495	29.067094919992005	29.108362804630474	29.14188180282508	30.63087593673529	0.10054248711667942	30.574978792001634	30.640426642647668	30.704408470120324	29.639096280608985	0.03827816381960785	29.615538730211473	29.641294373392476	29.663753483310852
30000	28.60085411282833	0.06255859485535645	28.561198906606226	28.594040869644566	28.63006465752665	29.112694586813095	0.08808346337925886	29.05627984390477	29.12161885040612	29.177858294148322	8.529229650525771	3.6726755106331495	5.433326799573231	8.635634876519973	11.497428172771782	29.033870580285257	0.06854521122410294	28.989782914576846	29.038891872032107	29.079736030725346	8.23692592563413	3.7745546061493145	5.426482590367948	7.761419175407365	10.895909674259567	29.107648193073096	0.055229166648439895	29.071323101069044	29.110733301508112	29.147436899689005	30.63566489723998	0.09974870890650037	30.577311408476348	30.64828827239983	30.709404834715844	29.645609173995496	0.03702539424249425	29.621573907248514	29.647326667777627	29.670741264168058
40000	28.598752161563933	0.061049565491421987	28.559054232726425	28.59300154017717	28.62749020859139	29.11271498832829	0.08657798603400138	29.057166492980265	29.11982018281745	29.17178614907495	10.595177035610991	3.915780185452208	7.74600370675687	10.709184701866704	13.385035002024017	29.031775369527793	0.06970404172722852	28.987856870505595	29.034091236599036	29.077859487825982	10.447058642006423	3.950691601973051	7.741970432198806	9.844543793809905	13.376743900191517	29.108246156491035	0.05605438572787012	29.072041173303397	29.110363427340047	29.145722180835108	30.63473207253481	0.10006869030761129	30.57790062596976	30.64444744395179	30.704902707675785	29.64705274709208	0.03669096691558654	29.623427324662917	29.648864563689312	29.671907095757962
50000	28.60248843468917	0.0646115676815598	28.564061073991176	28.595949744879228	28.628690095635438	29.11432060818866	0.08700211282648955	29.059855058702805	29.118644511969073	29.179487846201067	12.597599269265125	3.888124009371686	9.825273528576638	13.275560152707204	15.033719601757674	29.03431842586608	0.06691294862729698	28.989628466958536	29.039739921634144	29.082138982744684	12.358013006991463	3.951957696701246	9.820718398019087	12.477851002352745	14.92903698362749	29.10934097121383	0.05562001614431313	29.07240855230831	29.109155938605994	29.14655500914502	30.637202040213534	0.09998649864565685	30.576309826819635	30.646962060520526	30.712674514503732	29.6482715317974	0.03721106088717246	29.623526908226463	29.649627932962623	29.674334073735636
60000	28.602392335950928	0.06356156628595211	28.563561368468573	28.59454727696822	28.631829375428353	29.11086752003206	0.08794464705259383	29.05344856992452	29.122157509461726	29.177597653921897	14.282492565232886	3.8294800845248327	11.701527891194004	14.884237869215374	17.34701691864502	29.032242571152686	0.06846908632910712	28.985386062561393	29.036227199467287	29.08337409963588	14.032438024482579	3.8490747627254054	11.692077455341476	14.652195365611558	16.43181946033665	29.108419052335638	0.05478283849043323	29.072552940056084	29.111501519628312	29.14736417134102	30.636019182497783	0.09664579290435757	30.576654359013844	30.649701315629585	30.71135935542855	29.649260315485993	0.03736824266517074	29.626439327402515	29.65163578654304	29.674594997059664
70000	28.631861305863694	0.9806063626310488	28.56322216134311	28.594010063975944	28.626761820827028	29.13731805764939	0.6798840058631619	29.061475800696808	29.122764792208795	29.17980709978033	15.771338414479125	3.6812551329960135	13.384817187207233	16.267291727890896	18.59127212710834	29.060284970989613	0.8024486251403584	28.990725703463653	29.039936098743695	29.079517419279977	15.572585317381328	3.787466373937432	13.390958263376016	16.245402473018416	18.453151139248167	29.13539998087546	0.7969471007472433	29.075842829255453	29.1094136203524	29.146743834906555	30.67065154598615	0.8863930346644703	30.58342384021993	30.65112754460233	30.71060519543302	29.6483602344163	0.03600828872953421	29.626401459023302	29.64979895266216	29.673314923593345
80000	28.637130938510662	0.9770679244014912	28.567112671508276	28.597092371635867	28.631604779151896	29.140251344027444	0.8238428735453313	29.058113230035083	29.123735380608615	29.181172790357284	17.061580001337138	3.577525222280688	14.90412777793677	17.49952829789146	19.60660358729655	29.06440720356771	0.8496221076943661	28.9972967452032	29.04130047557821	29.084443668064733	16.930292191272585	3.743407406520237	14.902991870446726	17.498058668932742	19.60432009504844	29.13808819789037	0.8448058605598764	29.07796157177023	29.114658929233514	29.147528905351074	30.668057405046035	0.8911350257004955	30.581585601987126	30.651403785185202	30.713562506912897	29.65759118899432	0.21924567757561608	29.628935262541557	29.65137786397208	29.67430024970106
90000	28.636074379852094	0.9780291220160524	28.568439410365336	28.598323135903897	28.632891337002242	29.138096246853735	0.8275962848670904	29.054486222174265	29.122103381265738	29.1773467368563	18.30041317105699	3.432088022953237	16.27389089599102	18.611053290373327	20.729592069845836	29.064905948791594	0.8593050070467166	28.995197466648996	29.04319032329061	29.08420764615603	18.137018857254645	3.44245302979508	16.26499515428227	18.615158755883684	20.531054562435735	29.140469870782407	0.854032637201984	29.078948794973513	29.116815370457374	29.152009128305945	30.666300738833755	0.9075824427551343	30.57780738629298	30.651336413942786	30.709410559295918	29.659256842339765	0.21948780403318255	29.631053863632847	29.65321508794771	29.677401148550608
100000	28.639053123409315	0.9865259783907117	28.570550862946355	28.599875949629656	28.635283869637107	29.145190827216364	0.8267851838138948	29.068541037996617	29.127544111568987	29.180368096683505	19.2953660925146	3.2684883683481494	17.497764818896634	19.619955093730265	21.645267740138664	29.070006068299712	0.8544027370245086	29.001010689595685	29.046278737586118	29.09031641208952	19.19820392851494	3.259486259167543	17.475549014734774	19.614063512315266	21.3602455075322	29.142656038151816	0.8511306961066009	29.080911789872054	29.11880942978876	29.1532780873735	30.675136503582515	0.9069290310215105	30.591709258247025	30.659629325036555	30.715538157397496	29.66408669878937	0.2773577376420402	29.634009215098075	29.656408234712313	29.679225630638904
110000	28.665483508465336	1.2921173376452086	28.57068269598537	28.598539587593507	28.632871678036896	29.15146305580557	0.8735227669748554	29.063853582947303	29.125589220595486	29.182142518337194	20.171554998960907	3.1268982824691367	18.590239592970605	20.512046453108816	22.624438690477895	29.08399033569938	1.0182936554158317	28.99290854846737	29.040123335710124	29.087223594364932	20.137531384541962	3.061750377286006	18.456650015310068	20.510165506078863	22.60331003603961	29.15828796347274	1.002336227820741	29.07861048269282	29.11503302734559	29.152532382621686	30.692937488994772	1.1820582963175361	30.583925107443008	30.656822144924327	30.71394414298709	29.66803884702583	0.4614446519045508	29.631749537105712	29.65431214442465	29.67627733318262
120000	28.671365309623095	1.3608021095111476	28.570074642534998	28.602289767021208	28.639129948343566	29.171641388496248	1.1703918574208416	29.06615346198279	29.127934629784953	29.1855786364941	20.974753725766124	2.960591369580161	19.54853137220848	21.324355718493514	23.254385281532784	29.09766455481	1.210868907739441	29.00140824697457	29.0445960950275	29.088610312225438	20.937687812059323	2.918009442351005	19.240502453920918	21.3208828631344	23.25248467789116	29.172258623681227	1.2097982752571073	29.085132870959054	29.117800397733994	29.153754495997845	30.698853396631893	1.264600570941381	30.580357348086157	30.655305374488943	30.718658524282397	29.678728735227192	0.5386808258099233	29.632512153537927	29.658109871717336	29.68106952173729
130000	28.669483686989793	1.355848087489861	28.57262351348067	28.60285801381675	28.63505339173159	29.17436938295985	1.1712790823079815	29.071980539232214	29.130651071362884	29.18182031163207	21.68623425222229	2.798836328158935	20.231653193353146	22.04797807461055	23.77538653123411	29.09828071929434	1.2065335026299866	29.00173756466331	29.04659718930907	29.0917502359588	21.58334299865123	2.789327476029256	19.629849089539345	22.037781040496064	23.79490036409448	29.170653580454964	1.2033755872838712	29.08481953761004	29.119854342583288	29.15096364332731	30.7057781535676	1.2747935283102976	30.599623912060892	30.66229616088819	30.714767124865705	29.67934018618032	0.5386558070850055	29.636937947378478	29.656746812440524	29.678939915976606
140000	28.697006557082602	1.5996414169597288	28.575368533683047	28.602399385743656	28.63503637377687	29.175739016375264	1.173906095647796	29.06333492872276	29.12947349111045	29.18459090990128	22.371524375923908	2.615986382228585	20.871054031624148	22.698949783367503	24.2840148831066	29.108371485053688	1.2694866872425707	28.998447387952314	29.04681326723621	29.08886452637014	22.228804480319653	2.594955679158348	20.520644927701916	22.68831600621157	24.275401004585042	29.184735241607612	1.2751573421620692	29.083978311169613	29.121098911213537	29.15268983619937	30.724233755418144	1.4795232586040785	30.585456777518203	30.65593085970811	30.71626768797971	29.684861636550924	0.6216121830340734	29.636598084684834	29.658730772588562	29.681024318071387
150000	28.72677248831568	1.8369243320644628	28.57663403232793	28.60382027570502	28.637533102549902	29.204820832828325	1.4347999839296475	29.07157605253263	29.131942489755453	29.179988421027772	22.938482695798026	2.563824929863705	21.459258389114627	23.290488439710813	24.72214245098239	29.140994412951002	1.5414785892047032	29.00257851105231	29.04847125163135	29.093066653186987	22.817036419116665	2.4147120613350532	21.324622872141198	23.275893662893097	24.696318735405388	29.215208330948666	1.5344980226594618	29.08793149884464	29.12327711774937	29.15583315864628	30.75359765973917	1.70841723753699	30.58974631687805	30.662109370076152	30.715150122231044	29.694146537570887	0.6862936131723896	29.639816962606904	29.66232585007412	29.6831584492008
160000	28.733597814901714	1.893684660635851	28.577614760135816	28.606090324050193	28.640422825101577	29.226388726605478	1.6569257186579847	29.07078639406742	29.12874329000985	29.18506978706158	23.445765544416137	2.439504618294342	22.05442353683832	23.807274932647758	25.112438091409405	29.1533466026525	1.7085807387362362	29.00694153611001	29.048628898338784	29.0917181261304	23.36692140419609	2.229072324883861	22.040739422629784	23.795116124528093	25.092533537730155	29.228463477721917	1.7034999245985702	29.08795541301488	29.1231802278513	29.153872779780976	30.76208998018989	1.7832744370578368	30.59640057686928	30.658323368834914	30.717995927374055	29.71699117366376	0.9391190605669041	29.639069815202795	29.66182037330141	29.683753320531327
170000	28.76694696118606	2.172645366575327	28.576210168071235	28.606312315360544	28.638503948973018	29.247723846105497	1.7893522325929556	29.071415916494157	29.129505527464232	29.180411182576503	23.915855914237902	2.3180739042080365	22.705714627357153	24.273042439619942	25.461515109166594	29.179001149604336	1.8832720638949665	29.006875517636146	29.049751036152674	29.09058780009229	23.845187745289756	2.1169636626914192	22.67724353922777	24.2773150957865	25.432820877241163	29.25394396826622	1.891247828790013	29.090149197817993	29.122242225493725	29.155009852319363	30.789052126612628	2.010953321139679	30.591783980804777	30.659969153255226	30.713640965632013	29.72799121345832	1.0610087296231934	29.641323546472265	29.6630221306784	29.681529248998565
180000	28.76870543597613	2.1528634204219514	28.580848262779334	28.609467343508918	28.64022873627391	29.254250518825753	1.8503691003435272	29.07224560485465	29.129711613257385	29.182912918454434	24.35022631829374	2.1987587580561105	23.28735488108344	24.706649547772578	25.78592076759981	29.183886320192432	1.911646286946105	29.0057592872424	29.05048287030735	29.09393938511543	24.260230284635576	1.9889191986007368	23.241853677524855	24.58603426271231	25.738515730555562	29.257857523196407	1.9079007173628029	29.091724944413848	29.122547256938574	29.156370386323307	30.7921128314095	2.0037060642092652	30.592658905538197	30.6609308747095	30.717620423810953	29.74138812129639	1.184666504233157	29.642328793641465	29.664583600964786	29.686853661864603
190000	28.79894286109347	2.3563005490408795	28.582356056102668	28.609909757782596	28.64014239073265	29.27808559430614	2.017928923929962	29.068302733049663	29.127131765216546	29.18462719242069	24.743081626286415	2.106108564140168	23.817045433732172	25.085974508539994	26.065245036407397	29.2126033717354	2.0872570904558723	29.011219327232055	29.056069274113973	29.095747865940602	24.63671679219485	1.8741459607121058	23.492484092938042	24.780050829561127	25.968936713356523	29.286241448904665	2.0819328670248476	29.092039419149764	29.128115660209765	29.161230338803716	30.81727198686876	2.1948424787905143	30.591231149903425	30.654870343381752	30.717477968882406	29.74805539597007	1.2662580209658671	29.643356099862295	29.665894960259166	29.686884442256726
200000	28.801132857710623	2.3658370460944895	28.57775736371242	28.60945222045559	28.64324387501256	29.283259374936197	2.025355585669143	29.076517890640474	29.132881301782916	29.18786772292571	25.061316899514416	1.9982730985247155	24.25974882245436	25.37556267873069	26.30458772880743	29.212589843488363	2.08975455778267	29.01016171042772	29.05313181099275	29.095936909637167	24.95610183968093	1.803076299952467	23.84186809080977	25.129945917148024	26.23630942659191	29.287674031357138	2.0833065087142764	29.093625468495397	29.12846883126013	29.161237814474212	30.823118432288105	2.1904044415648425	30.597328147552062	30.664007927915236	30.72310672924732	29.766150494194285	1.3704107662344118	29.64275071384585	29.66643393921815	29.688722273897728
210000	28.804554294488703	2.3750717596478794	28.58563781458096	28.61082926825336	28.645011362567192	29.2839815201311	2.0188376362991387	29.07676846664525	29.135201223624676	29.18894805360742	25.343344202629737	1.9400665850405525	24.44466355434952	25.487674542193133	26.51114514752691	29.217790480326016	2.0860933597535483	29.01752347601896	29.059005286939666	29.099190604221096	25.24631789782053	1.7914881292241673	24.29497912547258	25.46847769107628	26.359145938251743	29.288997693510602	2.078542970021374	29.097607900963265	29.13041505442451	29.160734162487064	30.82433848760298	2.193968404329341	30.59950288098016	30.666756960200956	30.722891443883015	29.774813210421247	1.4550491454704266	29.646824416458614	29.667943326180243	29.687463627078262
220000	28.801613886425823	2.3587458309363427	28.584096822621007	28.614181938976433	28.645079001739973	29.286930732704246	2.020967294618043	29.07682767781321	29.13874288215049	29.19040978792719	25.62779638610964	1.9157632935624187	24.73191799310606	25.94021031810937	26.724778280089836	29.217707099284073	2.086416142744492	29.017326618776842	29.059630182816765	29.099978845013666	25.508364843306136	1.7966598996952319	24.47557162189392	25.774910756600946	26.572883955946516	29.290569350762013	2.081997115784056	29.09841373290667	29.13176943343899	29.163219741867778	30.82614654486668	2.188313457521503	30.598158307925207	30.66910074643113	30.72574415739288	29.78428824510318	1.5417005918738191	29.6489142943796	29.67080607490452	29.691328997722863
230000	28.806867091056297	2.371431181274051	28.586231187955075	28.61586212085764	28.647384249909344	29.288719546099035	2.02169756176262	29.084632236666536	29.136083877134894	29.19310310562427	25.864093999991017	1.8958866782045949	25.110100417315017	26.077637437100663	26.819174019881604	29.221684147667613	2.090859767114132	29.016390861825975	29.063395139212375	29.104586010766166	25.771070042747375	1.7707276370574072	24.75876758602731	26.007911853391768	26.767676880152848	29.294212632692123	2.086374027552759	29.099119540894627	29.132540983421453	29.1674418134901	30.83054848127529	2.2069526851817876	30.607465982414524	30.66849302578818	30.727983849068814	29.797275294354524	1.6718053471980614	29.64832291401892	29.671201067892753	29.69269223638421
240000	28.80447133982858	2.352760161458147	28.588161077679693	28.615099364791547	28.642951493840677	29.28936257434626	2.0285241012176973	29.081504766249658	29.140836770531124	29.193710592914595	26.088502051367524	1.8995381906769357	25.257032229358156	26.312365594122817	27.00373526905308	29.221335397555073	2.094875483571718	29.02002555562192	29.064406839558337	29.103977831984324	26.023346513910848	1.7654995922023133	25.1346064283291	26.21558813963925	26.952507973453756	29.293452311798685	2.0899188475673407	29.09962736853075	29.13558653572977	29.16425807782029	30.829131623831373	2.2029120586775752	30.60662267774323	30.673115030286034	30.72642909061656	29.80128520790868	1.7217408972065493	29.6480034622081	29.67153810226226	29.691147841476447
250000	28.80600577461358	2.375290159024465	28.58782532820089	28.616369680220558	28.646581041725604	29.291371468734255	2.024998238172938	29.081648044426274	29.143476415069614	29.19643217093662	26.285900184449424	1.8815422571699723	25.543802049632077	26.521232475505705	27.153472768073932	29.221114722373034	2.0905334306352312	29.016558732273893	29.06304993291632	29.10365899390833	26.228790568247174	1.7736172884214247	25.463987022192963	26.341354727064257	27.099369682154375	29.29293095226036	2.0870914081436704	29.100344397022695	29.13373188102301	29.16409896076639	30.8320256921293	2.2034322151096615	30.602150321934484	30.673577531859475	30.730883483495834	29.804884199160362	1.7589173884384086	29.648106136972878	29.671717546427864	29.69116653364665
260000	28.809574137715337	2.373560468391185	28.59275171495367	28.6174968049065	28.647692051711033	29.29240100089651	2.0295808801369755	29.08357711959541	29.144918016161753	29.194888834397062	26.47540123733073	1.8352866527436635	25.787362877810207	26.662295440696184	27.24850652094374	29.223106434518098	2.091459840747748	29.026398697593393	29.066436048158522	29.10338066704865	26.420645594370562	1.7275062923254778	25.757158515469193	26.54317517188476	27.238713163858122	29.295859536422817	2.086888350825662	29.105420729260036	29.13588623062749	29.165605185054453	30.833040480544906	2.2032196784197398	30.608247449884338	30.67412369919833	30.72793362693855	29.811164991168923	1.7942885033449116	29.65373868058549	29.67493417650618	29.692057891205515
270000	28.80682831353032	2.3634263595189253	28.59035458763737	28.61863388399567	28.647973781169043	29.295499062038825	2.0203941299154597	29.09242174588948	29.14758706063975	29.196757684702963	26.64359031779923	1.802717367920183	26.056812877637206	26.767503736631248	27.377447795517476	29.225107284358007	2.090065670002157	29.02794542273644	29.06723138281187	29.105375014063156	26.585064165557405	1.7080753301049096	25.943287745857017	26.729343254389203	27.312080112609372	29.295901356640663	2.0855811680450396	29.10292086817742	29.137962553995006	29.16727473840316	30.836782315786106	2.2047179848152454	30.620165200130867	30.678535344314035	30.73225103462537	29.812711169857717	1.816261030048737	29.653235341098107	29.674666207875454	29.69308162309907
280000	28.808238399011874	2.374414961829528	28.59181835750824	28.61789921368161	28.647996658469676	29.294510548535865	2.0278034626238783	29.088265256456832	29.144063399260872	29.195734016871803	26.80048652005192	1.8001126380309185	26.207662506402404	26.94273532770012	27.502695767582566	29.225853204663814	2.096905185581072	29.024502738296	29.066181211774293	29.10803627737411	26.744694818533972	1.6721120079228204	26.090569067923997	26.872711208989486	27.390873665583346	29.29944573217387	2.0928957236183017	29.108485027888296	29.139179758361152	29.170049751248868	30.83597673309546	2.2038390275201554	30.61196164845888	30.675905491240435	30.72945521682527	29.815816553984906	1.8310716722375666	29.65626221452678	29.677172221233256	29.69540067442832
290000	28.80626149367168	2.3573121603760634	28.593508141770922	28.61817054552883	28.647283811086393	29.294914258243494	2.0273227575784407	29.091799967642384	29.148840312682182	29.196741733546602	26.945310405817377	1.825540399749895	26.33607967017059	27.097008201672047	27.603446788325464	29.22453057098562	2.092415974884782	29.025629172932586	29.066461686764672	29.103620660031453	26.89294035996855	1.6680500959763904	26.309340708779054	26.959082976648247	27.508112348116075	29.29628696455093	2.0893354976698775	29.103161025074805	29.137027111329743	29.165187977271554	30.836402957950664	2.2018286970118637	30.61480690658352	30.680762114382695	30.731962739259032	29.816947631183428	1.8620168081225383	29.65475834428727	29.67503406762357	29.693927912779372
300000	28.811343722162114	2.3667599079776567	28.596253626744698	28.623929547907366	28.649761034956413	29.29530334147624	2.028483931312649	29.0895272146179	29.145356015517358	29.19525054954776	27.067692674710912	1.8349900990366805	26.525502988439836	27.17831494602845	27.68856877434247	29.22667927086773	2.096989896096986	29.02567142053607	29.067661016185802	29.105819308981243	27.026861870436424	1.642060911527681	26.500610404748592	27.10327374498644	27.616734678319894	29.298032415026192	2.0909284322562254	29.107902020326378	29.136993410748033	29.169224186678505	30.83714109666716	2.2048634538884233	30.614423828121144	30.677599779486826	30.728513549643896	29.821232584805728	1.8686752974451997	29.658531984425373	29.67795150524465	29.696508081991233
310000	28.807797042412172	2.346694095679014	28.593578530561587	28.620688946834086	28.64671863263928	29.29965926340677	2.0278348050061057	29.094306796283025	29.15019996577705	29.202026893530558	27.183999940984773	1.847707064158304	26.57261718511529	27.274798597404974	27.747180446115454	29.228248953750523	2.101590446872996	29.028667450158988	29.07060626739118	29.110042705401217	27.14545211452956	1.6738560346784144	26.559930155279826	27.229431318692633	27.69840235754374	29.297410996337398	2.092019450335521	29.104786793363857	29.138798384131416	29.168907703139958	30.841900671366197	2.199774140987032	30.619620497311352	30.682051448723822	30.737155843550223	29.81986956039088	1.8807176517205466	29.657438780135216	29.675740334505143	29.693943079243507
320000	28.81277561562496	2.360671756811241	28.5959964030213	28.62263790449363	28.65277584302985	29.30101380574361	2.027022041654517	29.096493272754742	29.15356282072438	29.204928517922063	27.290583459947843	1.8590023300266576	26.758658345643745	27.384794105873198	27.81149131192443	29.231687311269567	2.090444530880873	29.030227180849835	29.075178109284238	29.11292944293208	27.257903801523163	1.6883476218620441	26.742160395507508	27.282685756618726	27.753548724494884	29.300550783133506	2.087647984438983	29.10717065219066	29.141420251163257	29.172410229696027	30.842254678045954	2.198020056427967	30.6196292903781	30.686625355317226	30.739273208490058	29.82365004365963	1.8934253205111096	29.6576222311875	29.67901240396919	29.697940054776552
330000	28.815240613826653	2.3624398388640007	28.599417461133548	28.625983675345907	28.655470977071378	29.302935813413544	2.027981709353618	29.103649746705674	29.15540642579511	29.202679387861572	27.39332497562221	1.838330906992361	26.925655613120448	27.471883027767152	27.876469896665544	29.23389645706861	2.09944580756649	29.036196869430015	29.073891132681723	29.114868237556582	27.36151952696502	1.687916349807944	26.86993974822789	27.39544377129598	27.82390861527267	29.302645407023427	2.091523003700215	29.110469898140277	29.140813796982037	29.171772722144784	30.84631540233442	2.207107055603346	30.63107364603126	30.688190279765884	30.739265341845513	29.825876697200524	1.9031594942158063	29.659428068542944	29.679968248685576	29.698628799380835
340000	28.814551339206492	2.372437867223575	28.598820805138182	28.627826599243868	28.65191577859963	29.299351752535298	2.025357291935947	29.089740174368814	29.15233544305552	29.201621107507673	27.48232088023776	1.826005626880396	27.03186934906888	27.530394924287144	27.938343431248214	29.23035523713643	2.0918754206125203	29.035943946868024	29.07255648498925	29.108651145195548	27.449871026690527	1.6879353594271156	26.942315082206026	27.498220572784547	27.8964367246909	29.30152468055626	2.0868084418505974	29.112464524811163	29.142186909362767	29.170861532308813	30.840480487879166	2.206770964308884	30.616681595078177	30.68539727933057	30.73643788376493	29.827008918464234	1.9197507930639148	29.660077228225852	29.680940787732233	29.69854518414109
350000	28.819185838359378	2.3757444229995284	28.600655335857507	28.62630490000604	28.656821292598796	29.30025567259117	2.0272884134926508	29.094926398567065	29.150343001488306	29.19893831421998	27.575432186775277	1.8291366091794814	27.116268034785172	27.630331541286544	27.98193171691964	29.234683696763152	2.09566187327543	29.033837791100417	29.075966526061013	29.112910278859424	27.537037699205197	1.6853017336663483	27.078391077892064	27.580337834889676	27.95018533639081	29.304559002856138	2.0880879912208723	29.11170016775177	29.14324336794106	29.17325922879398	30.840363252114173	2.1903564508259863	30.62285825759783	30.683187251675083	30.734938807424673	29.830201482810114	1.9224762404484614	29.662858400712594	29.682372966182058	29.702187276362828
360000	28.81908030961238	2.3734411386528538	28.6011703922434	28.627032224396572	28.655473073305966	29.30444184133426	2.02654514236625	29.09796870576117	29.15435725294614	29.20642189940166	27.653464811294388	1.8242411584488516	27.243935500327204	27.715365690236254	28.04148640823447	29.235457698484467	2.0952490595395132	29.03317733276385	29.07389322401786	29.115522267327314	27.62180145228036	1.707624083509055	27.17776327732948	27.640416590661644	28.001690573838793	29.304980356825467	2.0903926915082183	29.11359288728393	29.143943405156364	29.17664361681497	30.845579002904746	2.2074449454210376	30.62572474493193	30.686142070946268	30.741650299234983	29.829920507024084	1.9291390703735352	29.66107663118658	29.681199874399134	29.7006605877675
370000	28.848553469821425	2.550318614526636	28.602096891656313	28.62974131102257	28.65605691891185	29.314577955997137	2.0757565484452134	29.094693801516197	29.15514147113072	29.1996929642983	27.717910903732893	1.824759655010165	27.289780441003256	27.74665369587821	28.076825321017072	29.257029986883648	2.210211345986804	29.034856570357057	29.074064681995566	29.115996081223788	27.694551539639544	1.721825044481322	27.25949497010881	27.722944081861627	28.034028521131294	29.325258988574713	2.1951144114202275	29.11336951567587	29.143097872226555	29.173893777866734	30.869301072190297	2.3555665132650296	30.621352816569175	30.68767710608347	30.7335870877182	29.833049873088	1.9356384019820838	29.66229362819564	29.683546032541116	29.70387492833355
380000	28.849516739327413	2.5794700841301395	28.602745877765567	28.626585643904384	28.65518544734254	29.33031254019531	2.191898071084107	29.101939277825945	29.154964578304696	29.20385034475908	27.793407404616282	1.8399414650821706	27.398560318325362	27.808304801264555	28.120594963590616	29.26316116117013	2.2685285579462393	29.033420523795563	29.077556012360592	29.112843837323396	27.76320411129173	1.7224846529465743	27.37080257522651	27.761987631904717	28.084333501433733	29.332795274902296	2.2634332918869964	29.114782243892904	29.144017930001276	29.17379309622633	30.87385603111486	2.385495165626299	30.628336793007016	30.68739266898029	30.737661196952054	29.83285930766041	1.9381633827949163	29.664911570851295	29.68230647632893	29.700702418045235
390000	28.849470129452026	2.563926488400806	28.605017692476466	28.62955298197519	28.65530150747452	29.328339171015525	2.19793222322034	29.09693878722318	29.151540216894915	29.20361226498012	27.860128792772134	1.84947648845153	27.497134136210853	27.87068361413746	28.152703270215653	29.264252546909933	2.2663411339222517	29.037764694448533	29.078163925304604	29.113911821129502	27.824439757985935	1.740068426216322	27.399299063221974	27.819966039646197	28.12457484571639	29.333888066767617	2.260915115735836	29.117551885417658	29.14415663730866	29.174584337119253	30.872984034121654	2.381216917928102	30.62403602482675	30.684893681040172	30.73900415287096	29.835750550125468	1.9488653778069303	29.667926755142265	29.685844873094887	29.70271238855838
400000	28.850522641436484	2.564765282770638	28.606041479032022	28.630344873266182	28.657801947774804	29.335761511372212	2.1922314992431704	29.107626167348208	29.158449074738446	29.20770240842172	27.911312910299973	1.8426673660227584	27.53362681246578	27.903086319434273	28.18651102615928	29.268198269268307	2.2641802246015303	29.04524117662942	29.0813529885738	29.11663131490027	27.883836221093052	1.7664436048584393	27.489617877760384	27.88504405745183	28.151184111265316	29.337560444903357	2.2575914374447392	29.123270532789324	29.15043516095111	29.17715049131104	30.879952899454395	2.3810388304912644	30.63056291064063	30.691291186423314	30.744249647674604	29.836738220688105	1.9525959184400958	29.666263702658732	29.68699416973086	29.703451560730052
410000	28.84999088950458	2.556625491161001	28.604004599694008	28.630027743048768	28.659864420686944	29.332522246127397	2.1942940592918907	29.105718126202653	29.159376612871377	29.2068977922634	27.96557456920866	1.8322792729739843	27.619561825562595	27.957190888522735	28.207291555595255	29.26600468074412	2.2637127940459516	29.03711377113831	29.07990644065276	29.11775077509789	27.938511967783107	1.7870133533012953	27.51975303884322	27.91344823954774	28.18158932170696	29.335767269748565	2.2556568067946907	29.117637261490227	29.14786098228894	29.178189556427395	30.87536251558681	2.36768238321036	30.629708120561283	30.69282728725606	30.741775051833386	29.838890694991083	1.956732364982387	29.667478836125397	29.685892596136647	29.702542729498084
420000	28.854135775681904	2.5839395211877267	28.60356524784631	28.631118169230476	28.659103894321454	29.332954982420468	2.194423405460399	29.103441909089383	29.157927834094693	29.20417876799644	28.017045989905466	1.8360453240663397	27.660256193907006	28.007087165777993	28.237206403695367	29.26779058164409	2.268029532847264	29.041566760965317	29.081427725834793	29.119475532900626	27.98888451334883	1.814960990032258	27.617013085871324	27.9689338703962	28.20350855016286	29.335443895590625	2.260858901740727	29.117330332129455	29.14814520215939	29.17435392373429	30.87635438822172	2.3916239970675313	30.631124965016816	30.690391729660433	30.73963379519833	29.839442591885216	1.9670974062159534	29.666431331902217	29.68446885754097	29.703132222166392
430000	28.852393794456347	2.5718315376065672	28.606895187011656	28.631091900235106	28.658942423556887	29.333591174052774	2.197054408752422	29.10359698501806	29.15726217116025	29.211147672693784	28.06132434818051	1.8301674448928251	27.73016531420018	28.03740840436308	28.26799423464137	29.269860790087307	2.269041528916573	29.04534125490392	29.085668411125635	29.120297770018087	28.03639588969195	1.8359338729364723	27.67752353989692	28.003957498864885	28.233915534811032	29.33830660011996	2.2649342387442126	29.12171566774092	29.152350254101325	29.17860068783344	30.879667657430467	2.385697793406689	30.632912384881983	30.6913176499355	30.74683273178071	29.842337143844357	1.9687606678180567	29.669422153891787	29.688426760140757	29.704763836571747
440000	28.851580579984436	2.5608210819729993	28.607762201142798	28.632818339385203	28.658807361514345	29.337298166481123	2.1918014057965185	29.110015191276236	29.162209968562326	29.21023727154971	28.10344740679586	1.8370989903460906	27.79691053119458	28.09317776336971	28.285251782509782	29.270454214605387	2.2678497772803596	29.044774025979464	29.082652433275047	29.120497817827538	28.080259842847333	1.857853437769356	27.723043409619773	28.045430609046235	28.26140549056358	29.3387901372055	2.2623594586065847	29.12039470586996	29.149803374591624	29.179413515611852	30.880956596738613	2.385434790076719	30.637466307440263	30.69527847462333	30.744013653401208	29.845088715998035	1.9774040629268166	29.670082018928124	29.6878766173928	29.7057601680743
450000	28.855200932898686	2.5568701927525845	28.608499956975947	28.633588120716656	28.661394350561622	29.333676617278414	2.193086697076956	29.102665043974355	29.157044771144264	29.20711273028998	28.140056175776337	1.8417433234058664	27.82043610707037	28.127947290354854	28.306048976961357	29.269213748487708	2.266216956906907	29.044571129403863	29.08033416890288	29.118734173561315	28.120388915425707	1.8565531725027737	27.784273791110575	28.084797084182167	28.286609662050097	29.339202875001632	2.261804695528657	29.123327503886543	29.15047997692881	29.178013495784697	30.8805629292393	2.391250123223756	30.633076482773923	30.69189085518462	30.742885121343935	29.85147719198251	1.9944911075853702	29.672721036732597	29.690023190163956	29.7065145494902
460000	28.853181707150753	2.5578430526318527	28.611585675150675	28.63293716891887	28.65779468447701	29.335487637067576	2.196880429831122	29.10733857532572	29.16035209679565	29.208772410335634	28.180156879036346	1.8462758032534257	27.883623771709992	28.15702193810938	28.323500645670794	29.269683546217923	2.2658263562841308	29.045125402192625	29.082178673282414	29.119586523411346	28.15675378196212	1.8724742364923088	27.815214638043557	28.109262570251143	28.30861858025696	29.33871538902543	2.2620753569742957	29.125048599051603	29.14956212941884	29.1763745306093	30.877985250333634	2.3814364480909753	30.631290188560616	30.690959157239238	30.743794562722343	29.85048629120466	1.9985156714979437	29.672176563846726	29.68924948518136	29.705489270321593
470000	28.85173652791112	2.543504121325543	28.609224961997008	28.63431508255136	28.6589628401669	29.3360600332797	2.2001397334174397	29.108440982652983	29.1636769090302	29.21033668819388	28.213652882874154	1.8570213423830237	27.91037158426477	28.18081163374795	28.341000439837565	29.270679498852697	2.278452227895644	29.04543004723998	29.08617130813886	29.119471325858832	28.190908688737313	1.8859914788521848	27.87368732587539	28.1455767319923	28.32892755159499	29.340049604009735	2.270124763899042	29.12519942846627	29.152123408314797	29.178226321718427	30.880801575156635	2.3874746202623567	30.634308844570604	30.695124197971005	30.743630993536122	29.854279611224122	2.0163046085979466	29.67123595995625	29.6895385306851	29.707250082918904
480000	28.857998378938145	2.558135586480536	28.61092186610876	28.63685672128142	28.664516403419036	29.340476294880443	2.2004624284533096	29.109410967374888	29.16675463485116	29.213961990299367	28.245878059339773	1.875247541119581	27.95741420014493	28.19556250237857	28.365632511046268	29.27398085035435	2.2749816673524244	29.04755096453125	29.08762229580303	29.12333426738823	28.223031639455257	1.8987283173642	27.900620132609255	28.173947837019234	28.34296532306381	29.34239625399147	2.2668911004976353	29.125485499767557	29.156677533709875	29.182122103030277	30.885402869672426	2.385881672908858	30.637947372477456	30.70169715633258	30.750897305414256	29.858414869332698	2.0355894120896583	29.673560488500694	29.691436482822276	29.70833795401765
490000	28.861745366900593	2.571743427634869	28.617801166483314	28.640904645731347	28.664877001036174	29.338872022947672	2.1962681784330518	29.111002291524567	29.163265908382705	29.207439537160017	28.276224472369414	1.8850773243273955	27.984810201196083	28.224838630729113	28.375662365405983	29.276055906982055	2.264162620891886	29.054218344897656	29.09038115086778	29.12379923075046	28.255020602355515	1.9286294493131548	27.946352232556258	28.198250614155526	28.352116471472392	29.344319093560767	2.2600948007796564	29.129616167890426	29.155411941309076	29.18240877843695	30.88548186319007	2.390297582381457	30.64022054667265	30.69746715523806	30.744625695468418	29.860890688619012	2.0365912367354198	29.675874703536582	29.69396039974834	29.71037473239383
500000	28.858020442017857	2.567229870907117	28.614420644465703	28.637040249591678	28.661854661486927	29.3411959858216	2.187461578668058	29.115320829535847	29.167102243587074	29.212733928584225	28.304014102591488	1.9011970289309867	28.026868117511707	28.247878669185244	28.3916595046648	29.27358997884163	2.267328668883086	29.046809887172262	29.08739426676812	29.122977517551362	28.2820687349691	1.9438969435709972	27.971497412764148	28.216562303247326	28.367535376466385	29.3415950113534	2.2588527868674637	29.126325128558594	29.15599733565466	29.180801131916265	30.888580136314285	2.3918190917678657	30.644123344494414	30.699727990287414	30.749129472629022	29.862238854040815	2.053649412739966	29.674866128718186	29.693362877231596	29.708820401324267
510000	28.857596642341846	2.5530075213499908	28.616428954637584	28.640487580500256	28.660624966099103	29.337941853793055	2.197175888368986	29.114414587103894	29.164581736078013	29.20907975896769	28.3289882409574	1.900678596184648	28.04784833454344	28.266543857123658	28.407084351699545	29.277212367195403	2.2680613763763042	29.05426850721579	29.09152290405423	29.12399985437883	28.308284545419212	1.9472511854234402	27.98665886253431	28.240061678614666	28.38305318639855	29.34470690014799	2.2653543623768098	29.128528232421935	29.1582082221627	29.180950441662056	30.880857278044807	2.379117789305567	30.63589348807999	30.69736764634991	30.744329085257355	29.866123109265526	2.074702260953432	29.675779325790213	29.69552408811139	29.711119381462467
520000	28.85691394841115	2.553745523856817	28.614467175047032	28.639149554612015	28.662864645734494	29.33658440829509	2.1978431667055287	29.111292491800814	29.161653556231002	29.208780833504616	28.356345085344277	1.924671021655694	28.08593374592551	28.286010884469725	28.416226605700643	29.274250120993415	2.2658814042030873	29.049036729473364	29.090323555989038	29.124432957725908	28.338487809590536	1.9735846204177268	28.03376373129405	28.26471111014817	28.40156084884213	29.342972209881108	2.260751285748972	29.128809411557	29.15585630180345	29.183419083614726	30.882398504579086	2.381778117764835	30.638345994701186	30.69473471988057	30.745972940726162	29.86783213067177	2.0873091830621426	29.677407325761084	29.694865461595736	29.710856112337794
530000	28.86299354365135	2.562133655886327	28.616187330247286	28.640780027330003	28.668331967959176	29.338480584488902	2.199165049746857	29.10508650990552	29.16467318026313	29.211769556509083	28.380617182138966	1.9385716784560603	28.104209575009317	28.308583972367877	28.429767616323332	29.27759167392423	2.2716820723478004	29.052693008905166	29.09065948838058	29.12230647326188	28.362388666289647	1.99978331372835	28.071499248221944	28.287408938041214	28.412283233946216	29.34409965765634	2.2653963420493493	29.129313289535702	29.155801002368626	29.182555403714822	30.883655425595986	2.3887578367851665	30.632713209094145	30.699898997712687	30.747521946199534	29.869566293319185	2.092633054033179	29.679744638198777	29.695328805821	29.711564168645495
540000	28.863922613722583	2.57512579711828	28.619001297620052	28.641544610023722	28.668988697535823	29.339017069897565	2.1892288742279167	29.117491373486054	29.166029987816557	29.210303414103635	28.400684783776626	1.9415135701826416	28.138322224647457	28.31988112899503	28.44149278827611	29.278180489499423	2.262259608131073	29.053365021791937	29.09237115472376	29.12769789818276	28.384362885607853	2.002553287128517	28.094751851995174	28.30664294014223	28.430944614344504	29.346899877676723	2.2549418315326335	29.1319586081935	29.15913217385658	29.185781982219286	30.88428384966863	2.3834472274704823	30.64089844771169	30.699220608753944	30.745306170067952	29.87255972971029	2.1009866716372114	29.68242314849327	29.698018092377573	29.713437804454323
550000	28.86409452754459	2.5744112437679902	28.62093931916065	28.642493887460688	28.66922994479523	29.343530022642636	2.1961230908063616	29.117257338666924	29.168400575099213	29.21148007191598	28.42201612523484	1.9625846738511916	28.156351488064082	28.336403854367678	28.453091644218702	29.281500410466702	2.2727861929097743	29.057762431208758	29.094046964755968	29.130292424648818	28.404267143101592	1.9991647200493998	28.11099707816686	28.322643689415145	28.4415587170311	29.347350906185355	2.2660517651192866	29.13332691443822	29.159717255186635	29.185201536022262	30.889041478530295	2.386126271864792	30.64234287113449	30.702584888821015	30.747016022417725	29.87339246610535	2.1089807297214014	29.682334032054598	29.698411098530315	29.713970886449953
560000	28.86297733688261	2.5747315646443067	28.6199465231378	28.64055896574432	28.66620616034103	29.343848151788837	2.1980272047928238	29.117406119956488	29.169535934694146	29.210471158281127	28.44342070273579	1.9742163633951098	28.19046545662003	28.354138979363746	28.461900480052115	29.280181093052537	2.270249322468489	29.059268124117374	29.091720225255514	29.1263594033555	28.426193440805903	2.0079393521656415	28.146756966264768	28.340591462025678	28.45430149609878	29.346619820783168	2.264425943523154	29.134331500149084	29.158507583887737	29.182137576646564	30.890586635635568	2.3871350521637607	30.64835232412545	30.70274433630652	30.74671346903915	29.874477053887542	2.12072678877031	29.681596637716652	29.69796967786872	29.712758397513024
570000	28.86028525914577	2.5671502154338	28.61943531535755	28.639952059993156	28.664345457072546	29.342402986947555	2.194193621531706	29.118764133167666	29.166081691055226	29.21145206897694	28.462358382902817	1.9754377910010166	28.215123122684517	28.366533573384245	28.471831695325957	29.279624354844344	2.2664909486016964	29.059389184805916	29.093881135668937	29.126861076054233	28.4442850933772	2.0129123788411	28.18291265115486	28.354110894798865	28.463001431874414	29.346434466636165	2.2598485451068138	29.13344561595226	29.15863330244121	29.184903052139614	30.88841971081114	2.383665847548162	30.646351248943443	30.700533311802197	30.748064112301915	29.87388174958584	2.121852932067845	29.681889051284447	29.695826235209417	29.711266702568448
580000	28.86550805433114	2.580890234471975	28.622575340439745	28.64342407689832	28.66696337007147	29.337426660161498	2.196824709504557	29.111145663688266	29.163240416535693	29.21011105085322	28.478620041220022	1.9921467247679463	28.229959300450144	28.380362954549796	28.481887285508677	29.28198349349359	2.272874905274704	29.057108697234636	29.093561052847797	29.12954171702473	28.46148528207811	2.0191261844251676	28.195596344894533	28.3633279165294	28.47481677407192	29.349640771545896	2.265904765281948	29.134549997039983	29.161304796252615	29.18539256608389	30.8819333820255	2.3868769985393836	30.637036105927944	30.694367122087264	30.746255874784225	29.87579739928198	2.121656232598607	29.683053917206347	29.69880773611727	29.71452746801812
590000	28.868266881618993	2.5707362119002743	28.622794034784977	28.646793852276936	28.672151249883942	29.344207469680835	2.196908249697021	29.1211935993997	29.167939239731133	29.214434082725845	28.49382659431665	1.9940535081734274	28.244919497577783	28.392814532359992	28.486280322763466	29.285837219890556	2.2705584930766705	29.060150208328416	29.098064600470067	29.134104496560532	28.478944481237747	2.0190192073742605	28.218722587629635	28.38199351656055	28.480261485487407	29.351208279560925	2.265904080212876	29.136611594710693	29.163716405735606	29.187959718918304	30.89048319899484	2.3887941332757956	30.64878152994774	30.702242796130847	30.7494290346646	29.87656111820175	2.1223731237034977	29.68480562009573	29.699120213153574	29.715005974362583
600000	28.869444275883055	2.575193146531828	28.627975532472394	28.648554347851956	28.67200652915731	29.34659100468347	2.19735628241422	29.12038102535515	29.171966598172464	29.216238384547818	28.508349688719974	1.9922709733134893	28.261592106746214	28.403229373574657	28.493003263698	29.28577709579873	2.2686762124112243	29.061507554282905	29.09704479711444	29.134033021325592	28.495168630668875	2.0220762785074147	28.235002067340368	28.39274565646845	28.489300865830877	29.35194884988107	2.2645785622796324	29.136921491225173	29.164309894545717	29.189220666112657	30.894000136925403	2.392513157886554	30.649552196659037	30.706949403526338	30.75318038140395	29.879218873944474	2.1248066520643767	29.688369848404054	29.703240700924283	29.717314092059443
610000	28.866470668272058	2.564265655165695	28.627490837226286	28.64752340879651	28.669676520252377	29.348544510685393	2.201838275859274	29.123512345368464	29.176051632526736	29.216115108282757	28.52333455159915	2.0040464379596417	28.274967384637478	28.413643436246648	28.501001662699828	29.286015342541358	2.2719927402897824	29.061309834003914	29.099478018416413	29.13083493444143	28.508976506948912	2.021755288911259	28.257012479634287	28.402097577922454	28.498033121763015	29.352728858111842	2.2683407279203136	29.138396007793677	29.164755266332953	29.187135372626226	30.89418741539238	2.3820872841428247	30.65239175364179	30.70972644179688	30.75210750329309	29.879640899216714	2.125007101177049	29.688323478319358	29.703023094310552	29.716228370025078
620000	28.86742644734579	2.569395338625626	28.625783131000055	28.64707023853468	28.67040830418334	29.34405531651547	2.1984232288021626	29.11986334935007	29.165174298246722	29.213486707608862	28.535328941273107	2.0098388138103216	28.29082849578204	28.426052945467152	28.51058489050913	29.283502464097488	2.2718848362437636	29.06067405426638	29.096066799597438	29.130054549063903	28.522156781355353	2.0297155041956794	28.274950744032953	28.413335574727032	28.504969019570467	29.349672886759073	2.2666430932454062	29.13623609444384	29.161970822371373	29.18442174788157	30.891064975986172	2.396225532451615	30.649403633952595	30.699858798284986	30.74942474437879	29.878389566556685	2.1259410001166033	29.686194080042057	29.702478578926133	29.71545651968527
630000	28.8686263268423	2.5652162429900427	28.627302956410205	28.648382194544176	28.671823784231027	29.346291244386624	2.2062797858523573	29.118626471167687	29.170601053446035	29.214680214846297	28.548872300991516	2.0273683299562593	28.307954949542992	28.435551724309228	28.516125095471914	29.286708372982012	2.278487946735634	29.064158258336988	29.099858563954648	29.13255543550971	28.536236622569	2.0355759730266536	28.28415441739874	28.423688519975954	28.510713738320895	29.354423446820093	2.272699207793307	29.140643438705794	29.16565014117088	29.190214116651184	30.891507344583285	2.3929610713103493	30.6461564378912	30.705575660420774	30.751540241533966	29.880457778413874	2.1288148328202285	29.687678605719434	29.702966308927078	29.718017728399772
640000	28.868152711545473	2.5550543931597542	28.628290548832908	28.64936896811022	28.671419423606253	29.346372602425294	2.205031704591353	29.120135555761706	29.16931868333985	29.213627730504676	28.561138513673747	2.0321145105949703	28.320545674357422	28.446582529294492	28.52191407884584	29.287952388941594	2.274593230419001	29.065863050991048	29.100251568173945	29.13412459286113	28.547111607265023	2.0380299311678223	28.30376168229304	28.432955884361952	28.51453461477764	29.352884404297733	2.270267091543516	29.141421089716538	29.164521524495473	29.187530945709046	30.8920018065937	2.3813860867229497	30.649737277604913	30.70434746185917	30.750309409507203	29.881008664415383	2.129806914817305	29.689148518287894	29.703956913970153	29.717697269821972
650000	28.86865934925451	2.556719633665641	28.627621072796863	28.64899434836245	28.67349575990015	29.3488560544604	2.202917329307801	29.122859803797912	29.176212662476317	29.21549949470686	28.573138124690853	2.0373363570061995	28.335936434092133	28.454606206779417	28.528264048548955	29.287898359753616	2.2687767312781033	29.06572160049165	29.10075321371211	29.13325042749474	28.559277303444905	2.042554041145487	28.316420234429916	28.442401052931903	28.520916295849087	29.353484939342405	2.2675892079879945	29.13971928838947	29.16542476117433	29.18828931338451	30.89365918125691	2.3739413720309575	30.65485186113684	30.709371527559778	30.751609038533648	29.880985263996486	2.1325716411967863	29.68837826005148	29.704090944866312	29.718565063984904
660000	28.872560726590095	2.572220713538117	28.630632557486642	28.652136098791026	28.67460737459954	29.35176979172456	2.2057459424874204	29.128338595704122	29.17860259753253	29.216549853530804	28.58427528742094	2.0401282825581846	28.350535529809015	28.460942352489827	28.532366377443942	29.29273713077951	2.2752976055399143	29.0692495154912	29.102464852170932	29.138202747293313	28.570875930726658	2.0428165182058047	28.33287657766352	28.452020094096767	28.531093227128473	29.355975595943768	2.2716881613285898	29.142341797110642	29.166501618604574	29.192305458618897	30.898278017232446	2.395100530277331	30.656310171924154	30.7121296682732	30.752055212617645	29.883591428554354	2.1358618421388837	29.690731497275113	29.70537002407788	29.719599902057887
670000	28.87278150870181	2.5785821235785518	28.633204908734598	28.653656532830063	28.674536196774888	29.348643043488348	2.2050562513877985	29.11953806650348	29.17367270439039	29.217829313369023	28.594758347801164	2.0453675354281184	28.36074892736182	28.469786167118734	28.536692593250613	29.291036532831004	2.277297304857365	29.06781408824729	29.10463178530339	29.136069165894728	28.582694603117954	2.0523286613313063	28.347631132801503	28.458421352575904	28.538056995415573	29.354992159722013	2.2722385315752307	29.14284034083888	29.167617195617105	29.188839463803014	30.894135466214404	2.391327162456138	30.64742648214813	30.70702026015431	30.754344588056632	29.881854164799883	2.137015953039024	29.68749505642606	29.70454532110449	29.719560615497436
680000	28.873941544944785	2.572952247129145	28.6320382366627	28.65475118703006	28.676142986663535	29.353619757349918	2.206069016037943	29.130963513359312	29.17987140934451	29.220990408144495	28.603727203681277	2.0517950780987886	28.380637072235405	28.47558382044128	28.541297830141684	29.294220117986782	2.2821059519389815	29.071787663070197	29.107401837530645	29.138518860131207	28.59201038050382	2.057782050481345	28.35800070846481	28.467819961990017	28.542141940755663	29.357346535037838	2.2762272845446576	29.14347083704228	29.168005263694194	29.191085422636537	30.900209574239014	2.3972740269107744	30.653583164663793	30.71439159330433	30.756462621953645	29.884370154475857	2.1392816971541215	29.69198333176936	29.7059309013052	29.71964220818272
690000	28.875835569241435	2.577443821419264	28.63290901048761	28.6534484223491	28.676955330031934	29.350987956621744	2.2031925712254705	29.12561077584111	29.178236153650587	29.21551219902066	28.61208904646079	2.055702032724021	28.385379308212116	28.482193792030348	28.54933609886638	29.290930811308595	2.2769039967031452	29.067521095914266	29.10058455802232	29.136462815548413	28.600726568077384	2.0602597296674032	28.366873527824875	28.475062566228054	28.54575169610217	29.355061160292134	2.273987115879468	29.142729786639574	29.165498558613905	29.189167491922277	30.89872511205441	2.404353911878157	30.656105496680617	30.71229241509858	30.752077132375906	29.88474180930882	2.14123046599431	29.691273984990758	29.706021852737805	29.720387612944926
700000	28.877548716470518	2.590110376767297	28.633551460486412	28.65375678746628	28.677055105885238	29.352019715421036	2.200257302699784	29.130751207327243	29.18086462645362	29.216796307551622	28.61991346419439	2.0607607170593676	28.3910409473363	28.490247540254053	28.553445924824544	29.29123635429163	2.2763266906651944	29.06889477810276	29.10387174888404	29.13429069777136	28.609805177812607	2.066643050119575	28.37832323331939	28.484019834855772	28.5472300565005	29.355258024269926	2.2694415849677863	29.14377288556318	29.166193332821294	29.18913921126589	30.899233959350212	2.387675083231667	30.659353909906766	30.714872952331028	30.753285651687865	29.885511090200836	2.142614770054977	29.6930314902079	29.707078434577248	29.719737833153236
710000	28.875850796456348	2.566058815633016	28.634475117660003	28.65473825280512	28.67754402490022	29.353416151580543	2.211737763894671	29.128208190820754	29.180222888631768	29.218896956862167	28.62833446852455	2.066952797423094	28.40272400439584	28.495265411888262	28.55820515960361	29.295922007798303	2.288344327266038	29.074144836607903	29.10744825669496	29.138036195911884	28.618636391972675	2.071224161684082	28.38753317210299	28.490961571544247	28.552530021257272	29.358682042445416	2.2812137927045213	29.145804559666324	29.169859431790883	29.191271103169353	30.900857343397266	2.399492485815075	30.66050129224346	30.714246261031096	30.756895208537937	29.887076084590547	2.145536585270502	29.69424333429049	29.708458198252536	29.721614265830688
720000	28.877387570057365	2.5747915318119405	28.634689947293538	28.655724083216725	28.67804119377527	29.355335310823218	2.2076251881888633	29.133574128717324	29.181218707237722	29.219493541616345	28.635960201514568	2.0703555630249784	28.41385546853556	28.503190255289415	28.560327074347395	29.29689332026791	2.2829421476271543	29.072105733069947	29.10815049311072	29.14032392736462	28.62599489987175	2.0703243265219577	28.39925306067089	28.496346970065908	28.556813762255278	29.3605255576347	2.2760856332890285	29.148475354955284	29.170218417832594	29.19402345330572	30.903529276328438	2.4024198391644687	30.66431773831485	30.717566939106728	30.755388637445574	29.888114524904214	2.145397881531563	29.695028314058085	29.710247491286744	29.723868350924675
730000	28.878191727708725	2.5769971747370843	28.63725948802401	28.657500994482156	28.677616755596375	29.35624698402753	2.205868312424031	29.131598396159298	29.178255037504748	29.221536995485508	28.643331388187153	2.0720718011149994	28.421929602525104	28.508083783715236	28.562621065327352	29.29857764307565	2.278374516616968	29.076118314449754	29.11157506736284	29.141507948987325	28.632805234844106	2.072362964789119	28.404502661154254	28.501989685528677	28.56022774068828	29.36127882023173	2.273043557629466	29.148259867970406	29.170704727365102	29.194874375139555	30.903925495613645	2.3963755938866775	30.660539674432844	30.714407265136234	30.758705616759105	29.88878052772393	2.1477579733386083	29.696027879197842	29.70959123817577	29.721850944288605
740000	28.87926189018251	2.583252729060288	28.63585547043162	28.658409570851653	28.679575462876354	29.356398392198873	2.203581761791136	29.13368493884746	29.182842825821183	29.222988761671964	28.650158426144642	2.071627186492946	28.434082445940934	28.512906717795953	28.567703419479194	29.297557371591562	2.2789438973411675	29.072814923848167	29.109880144907557	29.143885789170426	28.63937866418697	2.0715574801412955	28.41349962161936	28.506396913610054	28.56418658128573	29.360518447684225	2.2711313868776313	29.148533856848196	29.17316648495796	29.19524241303253	30.905247884437387	2.3968798249889223	30.66512415219409	30.71819794871967	30.760668409372457	29.887874497369467	2.1480356814124235	29.69394408248536	29.709589040913716	29.723402620216362
750000	28.87870611318245	2.5852249866277806	28.638959154304885	28.65737866237566	28.67766723949648	29.356539159461928	2.205507090231102	29.135886639731435	29.179440285157746	29.21977704359591	28.655500145345837	2.0725207061748554	28.441207210693545	28.518700431349092	28.56987443517866	29.298671635614404	2.2841213801242546	29.07485385519675	29.11028533917679	29.14203434615031	28.6462377037467	2.07730770196037	28.421712152086585	28.513074088225295	28.568215091342395	29.36073946156781	2.2776483183268144	29.147788028919663	29.172738317032177	29.193851466928958	30.90504290940681	2.398205823275611	30.66575051984335	30.71594016708202	30.756385135379222	29.889550000707207	2.1489649079339115	29.696976352761403	29.710660529245196	29.724160331283805
760000	28.881959408415984	2.5748006028060595	28.63904181997511	28.6605057687823	28.68002483381195	29.355699524519423	2.206787403183694	29.135803960884683	29.179704647192633	29.218075060352234	28.662070553885773	2.0754280683802384	28.446469096650485	28.523464470043205	28.572588949640906	29.300135612519348	2.280449426369291	29.07698590894593	29.111880409586092	29.14318761750537	28.652088641708794	2.078023194564746	28.43094723684869	28.517084941411987	28.571723421693033	29.361514523481283	2.2750131699777594	29.150047637139473	29.171890910550722	29.193168655102117	30.90272960316875	2.3998056051297225	30.663888473125954	30.714142255419816	30.75452924678077	29.890263077371685	2.1507795318232112	29.696631414654227	29.7114253760118	29.72393151120732
770000	28.88046909784726	2.5931966943682663	28.641137926011144	28.660263813398586	28.679090001137542	29.35808773895087	2.20916376574898	29.132884645467918	29.181251628980874	29.22272679807987	28.668483618816705	2.0801820064442262	28.455056270012697	28.527595695790012	28.575257372300936	29.30329796029067	2.283430065771005	29.0816995930917	29.11367701925642	29.146011081355116	28.659086480232524	2.0797386202268546	28.43301310037903	28.522499185732453	28.574918869083	29.365592579888975	2.27829511078995	29.154509046944064	29.17659798655019	29.197168584048526	30.906550666624685	2.407042388856853	30.662879073969457	30.71743975238993	30.760438355920652	29.89133457600516	2.1512679226704847	29.6987418865987	29.711859747441185	29.72584231446436
780000	28.878922151426657	2.566100479113892	28.639791589993827	28.659923268826034	28.682110477114065	29.358041726507512	2.213350354834289	29.13558700514086	29.18115180797234	29.220144404600834	28.67367484044594	2.0810577001858235	28.461728296762267	28.531743866869157	28.578439242945684	29.301073796727117	2.2830467054914094	29.079541551287896	29.11176878539752	29.142854783636327	28.664567828653713	2.079043981749913	28.444314154945594	28.52734704664214	28.577416658880924	29.363103489538023	2.2782542115541613	29.150713511925016	29.174391510202977	29.194930328863563	30.90386289717952	2.385801325346584	30.66567407685958	30.7150039316201	30.757151023185756	29.891865943630464	2.151793213377497	29.699055975843702	29.71359284306699	29.72595073533521
790000	28.881481845526487	2.568612193092111	28.64257637373151	28.660387960993358	28.680938438442155	29.35655708934671	2.2065291768735786	29.133597398459518	29.18032138101584	29.219330562549104	28.67869350523753	2.0804379355792775	28.46580135935264	28.535676453967817	28.58126854208617	29.30235680228157	2.2799794936514552	29.080979338467696	29.113805445925227	29.144551098269268	28.670873972271004	2.084184819455956	28.451711404963138	28.530230463461347	28.581273985496342	29.364731669404367	2.2758508832493365	29.153870256866412	29.175742738834778	29.19558660451215	30.905249583437204	2.393894156417747	30.66819547823804	30.716019135848512	30.756558446122057	29.892765544369365	2.1522134775745134	29.700240275306633	29.713699679900333	29.726410675907005
800000	28.88188759999784	2.580751701437758	28.642983200913523	28.660255497802154	28.680825685756353	29.361003430322285	2.2071473869117995	29.13981536440582	29.18637363389297	29.22505696438821	28.683785906322218	2.0840204312620423	28.471696850809284	28.53776312595707	28.58340797168143	29.303358856259212	2.2820313441067412	29.080611731443007	29.1152716017666	29.14906523914887	28.6759651925487	2.083627386889729	28.459361169288744	28.536351386286803	28.583205486261075	29.364472995865547	2.2746275128533853	29.15217430167691	29.17745408062835	29.196712003246834	30.909515592816234	2.3936861976898696	30.6752932663358	30.72227561338697	30.761516886282237	29.892047855077738	2.152239555259908	29.69974592015597	29.71300376186968	29.724718323471325
810000	28.88322939709443	2.5836200883325904	28.643667519241987	28.662455324237477	28.6823819643568	29.35991933502766	2.206738634696847	29.136270238719828	29.1843430832685	29.22208803272912	28.68877660932968	2.089397140465181	28.47440921670014	28.541776741001044	28.58707028543442	29.30265213165944	2.276942813896801	29.083066413099253	29.114966620625303	29.145399387289288	28.681532011435404	2.091177696088007	28.467972305963187	28.53848506530948	28.58609688577068	29.364878038183008	2.2729486742632887	29.152894608000132	29.17653094767708	29.198069135280196	30.908848066064618	2.403099105338449	30.669544289729696	30.720949005419584	30.759221141705048	29.89285089574581	2.152969229005537	29.69993454089015	29.713489533473794	29.72613802866528
820000	28.883819477730036	2.582721807462749	28.642253680372328	28.662488051689884	28.68245277433555	29.364053697422918	2.208033621202821	29.144354131162274	29.18883695821279	29.225242315146343	28.693528156633576	2.092736009507853	28.482605040144403	28.54566392873471	28.59005080654204	29.30596797746885	2.2777948346979824	29.083038454726932	29.118441068629828	29.150478095570357	28.68646263792384	2.0950508275478645	28.47241612159296	28.542255418149168	28.58968606402248	29.366184167656748	2.2760224743605137	29.153109322720667	29.1773788502369	29.19687568712949	30.911659090305765	2.3955964547961694	30.672194114741135	30.723704487560305	30.762660375495226	29.89350559904003	2.15352773780798	29.70121431905548	29.713593567145793	29.726542776630975
830000	28.88538007104825	2.5958601352336235	28.644933692864228	28.66401951013804	28.68284156066384	29.363210098432305	2.2123334163046064	29.14380324959688	29.188582237556602	29.223510888093113	28.69817171790639	2.093253978273291	28.49016920212055	28.54951312444147	28.59232232538117	29.30614599490589	2.2874208988898643	29.085472133202238	29.1156947850223	29.147720438368026	28.691460909521478	2.096610785694068	28.477056850789786	28.547496018722793	28.590847438588018	29.365756477922623	2.2825175591726143	29.152371962791243	29.175590553561072	29.19666732699913	30.911479503426712	2.403593377042022	30.672235347848257	30.724313128531836	30.761130714877787	29.894046575779065	2.1540390742101883	29.701013500160695	29.714186290339498	29.72654146012563
840000	28.882879388774857	2.5762321595972995	28.644912225256792	28.66371590765259	28.682012930389092	29.3632312380092	2.207144225415908	29.143141679266208	29.188196087303705	29.22357253049704	28.70271992209445	2.098762472036837	28.49170171195025	28.554095714020157	28.5936258624724	29.305357112095997	2.2793769641990393	29.08445389480153	29.11722439856429	29.148216484005985	28.69543349081699	2.1012604301967475	28.480202095665227	28.548689180123546	28.59271957607649	29.366997410636433	2.2754779530666855	29.15626631714865	29.177653424073227	29.19797018101326	30.91098611404848	2.4046848483591305	30.672526496383576	30.72320437399671	30.760316246934828	29.894220367188364	2.1554545192991785	29.702637708201422	29.7152314941898	29.727067191708183
850000	28.883469363420936	2.586183035217881	28.643372772487368	28.663193078162326	28.682142155215367	29.361442256538226	2.210565770500236	29.141704914261865	29.18699353392784	29.22465501610045	28.706887049712034	2.098985108678491	28.498863722342154	28.55916749372502	28.595411263710247	29.304532270002806	2.281138314741724	29.0820577916709	29.117288893381357	29.14669613838153	28.69916175857695	2.100791358663461	28.481731067324258	28.552691739934605	28.594666287857233	29.365906639555014	2.277500706075694	29.15525298172865	29.176057652325376	29.1967989069577	30.910832078104757	2.396425670972931	30.675282274603635	30.722745657140894	30.761750698565052	29.895438789364952	2.155479709986359	29.704008167769338	29.716128317158464	29.7275127805506
860000	28.88460880221165	2.5740624893973556	28.64654242636446	28.665141158899473	28.683497132253162	29.36709839341254	2.211619079869549	29.148796616281814	29.189110327854138	29.227029353397576	28.711543835658208	2.1042988583438733	28.50084591123521	28.560776642772574	28.597382546542846	29.309225526262185	2.2870081296764013	29.0884859136782	29.12025013621882	29.14732530057219	28.70402981093212	2.1051113109889545	28.48508819261147	28.556530515825063	28.59723909752249	29.3688516744913	2.2843033225685403	29.15761053024925	29.178236929639112	29.19867462095251	30.91503938616046	2.403295948382804	30.68074419955544	30.725172471197066	30.763699736684895	29.89569767985468	2.155705183387138	29.703801020712774	29.716521896524497	29.72824650291462
870000	28.88663342341012	2.5756840836443287	28.64817987292891	28.666687109037277	28.68707327067331	29.36441196458978	2.212973864729791	29.142321672786558	29.18924774654853	29.22743528836747	28.71577390675025	2.1038382994054885	28.504165075323826	28.5635936292409	28.600198880774222	29.30696912298841	2.2838014783177036	29.084651133783616	29.119166795607235	29.149516320804164	28.708714919677647	2.1070264413309006	28.493977966511007	28.559700424829636	28.59953364126034	29.369131936120905	2.279109333504396	29.15877708253292	29.178539253303185	29.19955024714756	30.91271621664538	2.3943068263856997	30.675500270721123	30.724545409780696	30.7640095945462	29.896740241000295	2.1576212035863827	29.704268197152658	29.717689173323024	29.73019183136512
880000	28.887291449290707	2.5697783470641213	28.64993937534212	28.667016576987983	28.686335294980218	29.36284204006227	2.2062554817948103	29.1440975913412	29.189858767675034	29.221407887352427	28.71910380325845	2.104910974613277	28.510066530272148	28.56825477684528	28.60102014308697	29.309350481265234	2.2803068765433485	29.090658179815456	29.12092228488006	29.14980061588989	28.71265107073213	2.1094921477007658	28.49953100372077	28.56261329998852	28.601704032881486	29.369170338405223	2.2755212062320966	29.158926910375914	29.180645776699226	29.200255437406188	30.911229615979934	2.4000718658706544	30.677425578297772	30.7260235884507	30.759026075194903	29.89722729653249	2.1594098293817887	29.704848183971265	29.716574041762016	29.72907667292697
890000	28.888369723688637	2.5857193775983416	28.649823552065733	28.66710736432801	28.684886190247212	29.363609071095894	2.213014328364104	29.14224949732723	29.18867462431813	29.226403815189304	28.722575331798126	2.105137599857536	28.51396314867244	28.56987412467099	28.60342617155869	29.310586358140565	2.2897883768411385	29.089714984418173	29.121878584912707	29.15055288191096	28.716016257602433	2.1124115716585687	28.503705929516855	28.565470163608353	28.602503585462028	29.36976977334739	2.2851625142756387	29.159545513396058	29.179351357715845	29.19890972648501	30.912531129859882	2.4020387256286044	30.67302693674366	30.725403258121922	30.763661165791536	29.89727942429765	2.1600108551929034	29.705896565771482	29.71752930787203	29.72793701577687
900000	28.891241476739268	2.5849658134488203	28.65111318317914	28.668848476388213	28.68960887177694	29.365339926340006	2.2096679320491357	29.14453626794988	29.191519885667155	29.227566496407142	28.72636909383805	2.105239484682639	28.517477351009415	28.571474126100078	28.605902045858663	29.312165062731527	2.2810432913283156	29.0930062979841	29.12208276508671	29.15290934107821	28.719993490584002	2.114268091326294	28.505837107210912	28.56893077136652	28.605039649381176	29.370396553464335	2.2753367594823266	29.160239683581057	29.181956387218285	29.200834582924074	30.913764476789087	2.398237675817335	30.67846971677892	30.726923493093963	30.765128552875446	29.898654211749943	2.160259834743453	29.705860923924725	29.71862721113976	29.731141331457362
910000	28.892014650817753	2.594346791123605	28.650824474103562	28.670479346630998	28.688258716230088	29.362420504466694	2.2058079503486048	29.143408305815747	29.185770832502897	29.22178260764283	28.72899174198225	2.10549605540356	28.522243694910326	28.574497790888202	28.607213840573678	29.31106381727167	2.2771999945060957	29.090598818576183	29.12430835684566	29.151481672295454	28.723085682080324	2.1166031976055404	28.51222585643847	28.57034273572657	28.607105003594736	29.37045861628122	2.271266052874217	29.158874118366526	29.181445291314738	29.20211573868937	30.910618490363184	2.398689720889717	30.67460692890264	30.72079738935814	30.759181760804907	29.899389755593557	2.160433910600906	29.706997984192952	29.71997850070634	29.73178336463605
920000	28.88868277479449	2.5596920725956704	28.650331856263378	28.66892921560151	28.688599188852514	29.367224672536857	2.2062905084509157	29.148361025762462	29.191346038760155	29.228388928219623	28.732245300978565	2.1051687787415103	28.52542244024143	28.577684606714918	28.608195263511384	29.31187314990871	2.2750271878936794	29.091879998380794	29.1261085878012	29.15411199762957	28.726836958165116	2.1191800239662744	28.51681345890522	28.5735984067517	28.609898788494007	29.370209891842652	2.269657925271946	29.16121010089686	29.181684005583577	29.201065969933744	30.914470309781798	2.3902962004067816	30.679972976156336	30.726877641478794	30.765962643286827	29.900032421682702	2.160728267067658	29.708301817806877	29.720072202017253	29.73137052141142
930000	28.889291424647958	2.582321663708824	28.651105432673397	28.66779145742229	28.687337238054894	29.366361056673608	2.2112924964397087	29.14654361787479	29.190723962308425	29.225961193740368	28.735670473770373	2.1047859726274956	28.529535436460378	28.579292504157117	28.610849579550973	29.312941306490224	2.283259754519464	29.091740878824865	29.12606298570841	29.153029271015065	28.730069798785294	2.122815938084645	28.521803254864412	28.575288558502514	28.611096665141226	29.37266451640685	2.2785238026234156	29.160897873540367	29.182392715290042	29.20327086501272	30.915446197565817	2.402438655435661	30.680948068306435	30.72743671339446	30.761234988882848	29.900365334715318	2.160991502780845	29.707944288003617	29.71997969991822	29.731204217273643
940000	28.890816915545606	2.591611336485665	28.65224587215654	28.669958240492857	28.687416158307727	29.369065225813603	2.213582649755063	29.149907940549227	29.194400043719178	29.227899416940442	28.73820479517629	2.1044766353564155	28.53310155010649	28.581004749421474	28.612866407980217	29.313237163170655	2.282950422502954	29.09248028708849	29.1237652787475	29.155598080000587	28.73381648868757	2.1233957239601247	28.524381927665175	28.579155669948683	28.611474758071914	29.372651723735366	2.278377145851288	29.163063511368364	29.182269491755836	29.20191658857786	30.916622451354925	2.3977562210983105	30.681957527298138	30.72979434736989	30.764256766833498	29.900824641150397	2.161295442847915	29.70885456270299	29.72050387155355	29.73236480123729
950000	28.8911355718698	2.581676235440958	28.653146896051037	28.670155848168196	28.688237144580995	29.371458876549777	2.2144559799845505	29.152840717554533	29.195975958530717	29.227574484505514	28.740973494503592	2.106132466256834	28.536114957125115	28.582919973227625	28.61369833800637	29.316113116987264	2.2867652501935543	29.095042014180343	29.12604364625779	29.158706712978628	28.737255129456127	2.1256671409810908	28.52732502767882	28.58087640140353	28.612452139733747	29.37334371827693	2.2847884240231964	29.164037748498295	29.18281239365687	29.202778547990633	30.920035992126248	2.398726719232917	30.685832144360397	30.732241300056657	30.764300143334424	29.902080817164315	2.1623380085089563	29.71011958478018	29.721821662900155	29.733487944510415
960000	28.892315235364133	2.5750069760050955	28.655170657603257	28.672335268300184	28.689454134883135	29.367242584378655	2.215987598923048	29.14570703546576	29.188072999129105	29.22604189652804	28.743412430443822	2.1058381084603854	28.53895917560498	28.584964909384404	28.615166099546066	29.31634175979649	2.2881464835854133	29.09610408505377	29.12667449547897	29.156116345941136	28.739782241024734	2.12606135717956	28.52991263091885	28.58275757418284	28.614292495313883	29.373507089740535	2.2831721963813005	29.164232831398152	29.18328927359618	29.201419098560457	30.9161272840915	2.404223208406425	30.678539757330103	30.72631333833002	30.763421212418322	29.9023758694772	2.1628373609909874	29.70993374399914	29.721847163092214	29.73356057786952
970000	28.89312315112773	2.5873592734779605	28.655858523446334	28.672875021040966	28.690709025183324	29.371127374057934	2.2167135181056135	29.15434325847458	29.1952705546908	29.226164691750583	28.7455568586853	2.1066183136523042	28.542573983575835	28.586476751011936	28.616212533721075	29.315758639242286	2.2901089057564947	29.096595375781234	29.126504011430963	29.155154256231587	28.742838371020543	2.127393618381769	28.534818042926535	28.585228469917922	28.616638131020295	29.37380541264389	2.2858500833882927	29.163021854876035	29.183716677778285	29.20215900973603	30.921301263057835	2.4112879584306848	30.68942866174547	30.73294714487124	30.763772048635158	29.90263380309705	2.1628463109101603	29.710420940460995	29.722451982783554	29.7328288639384
980000	28.89493738239316	2.5843866146329146	28.657928483925897	28.673846595214613	28.691405498803377	29.370917723631965	2.213633420663431	29.152569985296967	29.196468992491717	29.227874183516967	28.748255997516907	2.109986962102204	28.54550694129491	28.58967472245999	28.6180906011438	29.318339382443124	2.2848663620830854	29.10096439013376	29.130330737785837	29.1586289982177	28.745817288940465	2.127083939007418	28.5410694732824	28.58657938810166	28.618628210433915	29.375323789387032	2.2830013046761644	29.166189680729012	29.18606629524183	29.20458417503922	30.91963391367895	2.4033665093490844	30.685755664319345	30.732912898886823	30.765061519020737	29.904426223306434	2.163000780162749	29.712831437109315	29.724054918984933	29.734426499415033
990000	28.894386895823427	2.574163180914625	28.658158145366095	28.67530644716546	28.69232110611251	29.369582358018317	2.2127540711285825	29.15248159437448	29.193065988836665	29.22688566970337	28.750793066080096	2.1106344468372256	28.548689861494402	28.591585855274307	28.619897304466182	29.319675154689385	2.2859217389464046	29.101080441607152	29.129960764141778	29.15837292972782	28.74832363341751	2.127454836792613	28.54316213357779	28.588812804643702	28.620184833287286	29.37638862015406	2.282082334522729	29.167844729784576	29.186548752543967	29.20423433703662	30.920330273890716	2.403091731130247	30.685632214702796	30.73007812412822	30.764882036218623	29.904523195389213	2.163294147191048	29.713363473258354	29.723920599858907	29.734739732672434
1000000	28.893740419165933	2.5667302424840974	28.658317581688898	28.675028857534414	28.693206317894475	29.368407134555895	2.214830081758428	29.14761242970078	29.19249079596004	29.227634246545882	28.752676430687206	2.1104092745627065	28.54997432121764	28.593875584230524	28.62037405854684	29.31986135438217	2.287816549356224	29.101385854343985	29.13113340443355	29.16092101771884	28.75120772151982	2.1303139277454264	28.54488029751576	28.590322097425528	28.621027002679472	29.37634206814416	2.282867189432772	29.166673870939153	29.187049796115403	29.205766684190785	30.915792478905427	2.3971124293649706	30.679138745452633	30.727500682874204	30.76470214023892	29.90448131108688	2.1633439637843064	29.71296488661524	29.72449840757295	29.735030384460508
1010000	28.89537290931314	2.58099377933867	28.65910032324063	28.675022150368967	28.692969177674616	29.370970627893836	2.2111780584284224	29.153103565125676	29.194628166097992	29.228077628286663	28.755554106764922	2.1108848259902873	28.55210985232131	28.59556857372291	28.62142063511788	29.319042796244194	2.282072377391907	29.099099103856584	29.131087762993108	29.159629959924917	28.75361062293993	2.1317006855718392	28.54737837793673	28.592116436408496	28.62242525679338	29.376231403859677	2.278759071616931	29.16618611705237	29.185829203485834	29.2042982363186	30.9193859300581	2.401718181409698	30.68684295584774	30.73113445817357	30.76499879380973	29.90511841034463	2.163651884902598	29.713930472431247	29.724656438685074	29.73607697831135
1020000	28.89605341339586	2.583874216969871	28.658570863747613	28.675462303704073	28.692852690405385	29.369901117775566	2.21363573870964	29.149358278374766	29.194895809861695	29.22829759217683	28.757844208368386	2.1116866804974412	28.553632774305598	28.597190717146855	28.622932493769586	29.319933919894552	2.290059090663513	29.102172591050024	29.13149192528548	29.157288357596236	28.75635601544918	2.1364824721052567	28.550581502387697	28.59506136475676	28.62378935260844	29.376555435493355	2.2841761931808406	29.167631878742757	29.18746180298514	29.205318248420756	30.919077751718252	2.40771864973617	30.684988646451167	30.730993823127346	30.765643821394143	29.904748363608764	2.1637142749387346	29.713630498568392	29.72465015853352	29.73416573807058
1030000	28.897686795099865	2.5962086520400707	28.65977083826793	28.677306868924973	28.693630085712662	29.370886051759094	2.2151657452582176	29.153092615089292	29.193400377491535	29.228905957986825	28.760827719284094	2.117996722125714	28.557664625926495	28.59802064767581	28.624744470371	29.32019572085836	2.290264286905293	29.100918329001182	29.130252287502934	29.15975047749881	28.758288301709346	2.1371088539066805	28.552080127628038	28.59679753243728	28.624513864455675	29.377158879705796	2.2857305025587706	29.16672212792756	29.187501745509174	29.206123007678617	30.920879735101625	2.4163259216007438	30.685846609536057	30.730190230897193	30.765857308386504	29.90564569082487	2.1644288388852826	29.713612782639817	29.725078668559718	29.73623356782547
1040000	28.897919610033707	2.5837970858212302	28.65931510668411	28.677285556877727	28.694656347281757	29.374032904311406	2.219629313626347	29.15877116348575	29.195649948602306	29.228625531939205	28.76313010951994	2.1188604953843027	28.559734098238124	28.59987060931129	28.626438929339134	29.321363851142262	2.29150426128237	29.100932165108894	29.13268871359059	29.160672087278343	28.760735994609014	2.1394451917753416	28.55541028625328	28.59869092002577	28.625892840983102	29.376542831307965	2.2852672195281767	29.167647178917385	29.187751329565245	29.205042628209764	30.92176898359041	2.404160785164011	30.687992391523228	30.732560021006236	30.766241701224732	29.905637117358772	2.164796937108489	29.714332968959674	29.72472448628558	29.73597863312651
1050000	28.89714624374896	2.5733361137270503	28.66115679287051	28.67805516435187	28.697260451268956	29.374109160263732	2.2149108420099908	29.154300682597338	29.198313359459554	29.229461324874784	28.764874771450106	2.120832737857377	28.561850302848768	28.601023172609864	28.627232319320793	29.32243490335332	2.2838705187639285	29.102368669817235	29.130736928427233	29.16226083550903	28.762731351996912	2.139212580625414	28.556918592202905	28.599976009600717	28.626621249408082	29.377832178511333	2.2801644846882683	29.169570520963333	29.18800645113044	29.206084536713654	30.92366457113097	2.400055854737106	30.68827759814091	30.734828705739048	30.76743722514233	29.906019167872127	2.164903181285169	29.71489557755006	29.726011553758646	29.7349732498284
1060000	28.89897604203987	2.580235596110914	28.662218279206915	28.67825962184007	28.69679908556548	29.372349780696403	2.2163773463828007	29.156236909978624	29.19719375956592	29.229358352162066	28.76683485552705	2.1209260843202924	28.564015588238615	28.602848512820962	28.628324092410466	29.32275637621618	2.2910898745221084	29.10454980826121	29.133608588017196	29.15925047219913	28.765177702939237	2.1403977608573586	28.559128663560017	28.602387197973687	28.627377322721745	29.37869362600104	2.285010805345334	29.1693780268092	29.188504985800016	29.206724172407736	30.92218698150442	2.407477548375798	30.689920202035683	30.733639670738565	30.765644712204654	29.90738554732327	2.1647767968290004	29.71623508806432	29.726873260125988	29.737051750838063
1070000	28.898797255813154	2.57641564393152	28.66407336621313	28.680320439621134	28.696546854422742	29.37431657473137	2.217481739599522	29.15524168051626	29.197868834827453	29.229506907232356	28.76924805956081	2.120724643452183	28.567456351601848	28.604898589619598	28.629947727832274	29.325056190704785	2.293388027331608	29.108376466193658	29.136042485378162	29.161514017822068	28.76698329650686	2.140643201141597	28.561250708300882	28.604010038315536	28.62846409793962	29.378795957762645	2.2878767890557055	29.171063595762355	29.188249781730505	29.205917607445016	30.92529464178872	2.414498218208708	30.69185550729186	30.735112876325818	30.767469347976835	29.907760962247448	2.1651815597331603	29.717425297641952	29.727700525780218	29.73695798018099
1080000	28.90109820928502	2.5876297172330283	28.663163984505097	28.67944037697093	28.697419678485353	29.37437884974177	2.221222603116155	29.158726510506256	29.199849549726338	29.228691253902408	28.770733296545277	2.120550399003799	28.56907067143719	28.60618098938984	28.630725913289222	29.322794444881115	2.2950869008299204	29.104041915187395	29.133483687564507	29.16154428554256	28.76878340046705	2.140458536485962	28.56326608397775	28.606942529688176	28.629757439828627	29.379059774415612	2.289968985824353	29.17126232005269	29.18920970311186	29.205463934461935	30.924270694056485	2.410924622584898	30.692531956706965	30.736203184218724	30.7665627429173	29.907334536433723	2.165793850771413	29.716774967639175	29.726736276763184	29.737567050599683
1090000	28.901654476413423	2.5867603211436627	28.664715262294706	28.679649099426793	28.696737330223154	29.37351091804731	2.2139696620106495	29.156536524149228	29.197630047181978	29.230122141773364	28.772988340547318	2.1216997277822838	28.570882242548755	28.60903078256085	28.631845471399878	29.323834001762126	2.2876221489334654	29.105123847709034	29.134470681486377	29.15996252885895	28.771014135258316	2.141027667668634	28.56571109976138	28.608095617993712	28.632926874635157	29.379469456415492	2.2829896326760415	29.171603314609932	29.18890000977219	29.20632116017669	30.92344794856071	2.405212851895271	30.689718190162054	30.734277451754046	30.76739337942652	29.908100235583582	2.1658677867983434	29.717173147109346	29.727538741862976	29.736928180858907
1100000	28.899584065953388	2.573049218511463	28.665168333051884	28.6805106358829	28.696685643542164	29.37363717341005	2.217035929051066	29.154993714785967	29.199920445120476	29.22872447604113	28.774655186222386	2.121975939196156	28.572108633901124	28.61024500343301	28.632313636186463	29.326112942209136	2.285242265837581	29.10961342972433	29.136230946594466	29.16431966881141	28.772961352784534	2.1430291449999452	28.56828662748257	28.608297546828833	28.6343915494106	29.380433465729453	2.282970278435886	29.171784786437833	29.190506362905197	29.207746854463938	30.92234460312445	2.3920620673704986	30.687118597090546	30.73754839234107	30.766862686046153	29.90891178087067	2.1659121026901915	29.717678968296827	29.7285625675046	29.737653255054504
1110000	28.898251112850282	2.5799379487334475	28.664645672799484	28.678947857010623	28.694934974026424	29.37401697842727	2.216877317201776	29.15493743099511	29.202560346616423	29.230236419332183	28.776110590747034	2.122073517474369	28.57370813390992	28.61063142312624	28.633466045636087	29.325696701448276	2.2887064749427655	29.10619760800785	29.136595933155093	29.16260471342305	28.77427584831501	2.1428886411752655	28.56999526277223	28.60920273773789	28.634568231032613	29.378635889456024	2.284948816272166	29.16952995751196	29.188216476866064	29.20534179360891	30.92397449973376	2.402397543030581	30.69093401043338	30.74023265244577	30.768341076193146	29.90811355094655	2.1658133482375046	29.71696527184495	29.72769732317394	29.736431755095126
1120000	28.900401012797502	2.578684826811359	28.665230266396282	28.681479585361913	28.697685934013506	29.37480317774348	2.2186167100355743	29.158652843838254	29.199348317156044	29.2289936188092	28.77802572639815	2.1233471233942396	28.575328709636086	28.612628000230877	28.634524708040985	29.32587326901984	2.2925759956768403	29.107447117514052	29.136583927861576	29.16297047980891	28.776053371220293	2.143289546463691	28.57083833224656	28.610648777031923	28.635348573901528	29.38079382744203	2.286783869156829	29.170651883086357	29.189581978214544	29.208227589431957	30.92467078275413	2.4087578135178767	30.69115872350261	30.73727474232674	30.766831917851963	29.909244383352263	2.1662702473657567	29.718395698246937	29.728373404713672	29.737449426181467
1130000	28.901534315336356	2.5785654360944705	28.667851375349727	28.682555105558464	28.698976670492556	29.374501746357666	2.2203176983504944	29.15463696189007	29.19927104310769	29.229370132291358	28.77939365731162	2.123749847406241	28.576816766210047	28.61349871435156	28.635302717772767	29.32587090343102	2.29471291620388	29.10873378120737	29.13786446491353	29.162500240769212	28.777547103162355	2.143119633745697	28.573904477010576	28.612848682147245	28.636359135982048	29.381021327648824	2.2905307018089207	29.17185541613592	29.19093933377906	29.20836619730406	30.923787643639535	2.408345140541619	30.689479424622917	30.736065103645707	30.766603580820714	29.909260495051146	2.1668230906655874	29.718468071940116	29.72933508657924	29.738564038422233
1140000	28.903403498488476	2.589438851397881	28.66763180337889	28.682653608952066	28.69862674281586	29.378236381046726	2.2178590974886414	29.161322177384204	29.207048458107316	29.231286977068564	28.780815214804665	2.1237227635955587	28.577688962641098	28.614614504069984	28.635665397116732	29.32964316926987	2.2948911680064756	29.112903392126515	29.140149824400893	29.167817881922208	28.779016205215296	2.142956553462396	28.57461927038664	28.613100683110257	28.636728007507486	29.3821497099483	2.291597011658806	29.17396555327166	29.19280012169491	29.207928890956495	30.927107702319386	2.411329199093067	30.69547183338445	30.743592090721997	30.76872119906067	29.91084346067528	2.1668380216981507	29.71977876675159	29.730081870490707	29.739593055474295
1150000	28.901536695355915	2.5756659139571867	28.666926498476442	28.68217712172923	28.69740413153749	29.3809160807022	2.21790792550072	29.164620522489287	29.20590042847231	29.230874997335345	28.782174043948267	2.12357128206025	28.580441920455257	28.61581650630758	28.637842054740865	29.330327334965677	2.2912837940187676	29.11208650067154	29.14091880564136	29.167251504048625	28.780974083605678	2.1443295039443453	28.57713667128983	28.61446031322231	28.637609450248046	29.383120837394856	2.284925246368395	29.176004893930344	29.19291597700593	29.20952736535315	30.93043549006974	2.3999865057769805	30.70004973153306	30.74330770409879	30.76917468106901	29.91112706223057	2.1671116623749436	29.719950125183345	29.73068351231038	29.739969665956618
1160000	28.905063715943516	2.5950379007625335	28.669265654550713	28.68356297893451	28.699166043046105	29.37648319773255	2.216862622146756	29.158461326572237	29.20172525232942	29.2309691406796	28.783887702991358	2.1239394953942665	28.5826077501398	28.61684998850204	28.638828759964426	29.328505064101908	2.2899098293688094	29.111116102904635	29.140427777803016	29.163518627730788	28.782245167568043	2.144198240140294	28.57818827418385	28.61581112504659	28.63794113826703	29.382331715557953	2.2848235012530256	29.17453191504169	29.192058590734398	29.2081746820186	30.9271175290371	2.4138988095640372	30.694151505444292	30.739106321310402	30.76911060826911	29.91136756628021	2.167122888807612	29.720944162278787	29.73036510703665	29.740422705301935
1170000	28.90467323286641	2.58220146050526	28.669060499232334	28.683906966394638	28.70036324965517	29.376807675947965	2.2204202720004655	29.157616004285543	29.202613405657555	29.230325488643427	28.785630541593868	2.1237731836481006	28.58460722034579	28.61799603667778	28.63975466692749	29.329158964901108	2.2925953876475345	29.112303774964712	29.13934938548182	29.16706274828178	28.783473000451725	2.144079904919376	28.57976384109004	28.616879441497396	28.639546749389236	29.383085467911478	2.2888135930358016	29.17428256584863	29.192874008788074	29.209006636589994	30.926516265754916	2.4094473777411305	30.691845485811964	30.739893456508007	30.76792437987999	29.911461019936056	2.1672101928581675	29.720686612601348	29.730716255530176	29.740274472535255
1180000	28.906462522545155	2.5969845061502883	28.66938230265785	28.686452711457594	28.701437923841347	29.379549235860768	2.2214960598711455	29.166131680283073	29.20556268738318	29.23142104573799	28.787125309463036	2.1248982572950887	28.58627872571809	28.61891789767988	28.640522073866624	29.331252889495	2.2935530654293546	29.114772998792155	29.139708319018332	29.16753615154235	28.78482824392711	2.144528237081534	28.581991222410885	28.61769136110746	28.640352324781894	29.383923093254168	2.287915876443807	29.176129068859222	29.194026357761047	29.209422193222526	30.92921684212684	2.411461324950544	30.69926333627795	30.74310810782348	30.76851516382445	29.91193980210933	2.167751567460873	29.721122897804666	29.73090911017258	29.740535049911124
1190000	28.903770394607566	2.5880383481890195	28.669390114980697	28.684883665678466	28.699928094665495	29.378012602410397	2.223498355367175	29.161313462495684	29.19998077636238	29.231616615937916	28.78911061871803	2.1265945083443607	28.58866436791878	28.62030603838207	28.64136057668488	29.3299572557743	2.2971047647305984	29.11211181096499	29.14071076675866	29.168147543224656	28.786017808172	2.145115672525172	28.584647194586015	28.618452336749904	28.641126612558054	29.384055094397542	2.2945361004947276	29.175386037320134	29.194563781123904	29.21024933034108	30.926821500564085	2.409058881048156	30.693435701887744	30.73661176587824	30.76957891694404	29.91229640970901	2.167860348651525	29.721265269984876	29.732064933921635	29.741250726889387
1200000	28.906067117970156	2.580780358742268	28.67092030127882	28.68619159541474	28.70108020339942	29.38001336711873	2.2210117430565584	29.166413979918982	29.206278704072755	29.230505152233757	28.79079774448125	2.1330498894869354	28.59059949422967	28.621850634944376	28.643099488674753	29.3313397793612	2.294904097997395	29.11356311992069	29.143111457109768	29.16772093573119	28.787077035582822	2.1454081244404537	28.586055267664598	28.62012763673852	28.64172401395214	29.38450175902046	2.2908013964897056	29.177421884677983	29.19338096478041	29.21011538108468	30.9313277558485	2.4054013836754335	30.702514210886164	30.743997281277977	30.768758942005896	29.912456374023005	2.167841337259271	29.722286986233765	29.731445073217444	29.73985735879851
1210000	28.907049668977578	2.5874966872548617	28.671344810423886	28.6856613712273	28.702696822014776	29.37927844060055	2.2193064465860184	29.16416589071181	29.20639188003753	29.232289968739806	28.792110353056653	2.1337815646700937	28.591863692800345	28.622561947411917	28.643586535702177	29.332286044085222	2.2937447416828993	29.114849329163302	29.141849431293686	29.16827444120388	28.788835542785094	2.146267294549912	28.58704325480667	28.621272780659005	28.643445796190782	29.38421190216828	2.2908409207856857	29.177058967127625	29.193462392211156	29.209810526773595	30.929602486215423	2.409047242023407	30.698358400970175	30.743774766139847	30.77025420090488	29.912838186798307	2.167963855060962	29.723292133012333	29.731191968574453	29.740804513399965
1220000	28.906815761458287	2.5756263770064756	28.673595374751418	28.687444913612424	28.70283858360959	29.380349435286444	2.2199327274720653	29.163601949519844	29.206133774337264	29.231534357887345	28.79330928981377	2.13365450312574	28.593220543233343	28.623436215410543	28.64485697487196	29.33473880904884	2.292813724444916	29.118266255575662	29.145729028769665	29.169672112886694	28.790797674324825	2.146083920228142	28.58925825713807	28.62254646673739	28.644139959750717	29.386607593325994	2.287673457664432	29.179223274409843	29.196036077016956	29.211298471858317	30.92970123467787	2.406504129210731	30.69656636207074	30.74298714797355	30.76928349350051	29.913708907874003	2.1681665774331296	29.723878937335922	29.7323890127948	29.74161231459275
1230000	28.908785594633805	2.5887357740143653	28.673816048833054	28.686969731578188	28.701813486642656	29.379870049452567	2.221105170634538	29.161852627489505	29.203285089134425	29.231270477379077	28.79458084142885	2.1335386961245404	28.594154306444146	28.625049482044265	28.645966959451634	29.33507194582797	2.2959889027115197	29.118661181188166	29.146049663682078	29.169366671800592	28.792298300778203	2.1472578340655084	28.590708328887146	28.62346696250018	28.64474457360256	29.385719155226937	2.2890515211089335	29.178903319758554	29.19611922921029	29.211000798810037	30.930398469710287	2.4080701666231437	30.696673394704295	30.740279006244123	30.769173353872606	29.913372031788075	2.1684433861740042	29.723756607241782	29.732579191387657	29.741105689397944
1240000	28.908457960516547	2.58341238693501	28.67390050916723	28.688333628564678	28.70335581444959	29.381269073078098	2.2183089424714932	29.166197437628675	29.207148294579596	29.2315970568204	28.79605557542983	2.1353247377285993	28.59601702498536	28.62561718808194	28.646267692162496	29.335614089506773	2.2906237920874695	29.117628889010092	29.147971414681322	29.172001206691046	28.79342742368183	2.147394134243426	28.59147880199355	28.62474441150716	28.645496800771653	29.385745529394352	2.2874777518801777	29.178769773440063	29.19678073344732	29.210308844276724	30.931765290630068	2.4068532117796577	30.700710621793515	30.744386847092834	30.769642617132433	29.914144185920335	2.1686394822082673	29.724565728376792	29.733348200687686	29.742045015178547
1250000	28.908815517219846	2.5780379567932163	28.675255078632063	28.689612450644624	28.70473743888644	29.38077883498281	2.221350682517025	29.16182197748305	29.205682870145708	29.23156934877967	28.797368076085522	2.1351830387717405	28.598531193750652	28.626605733622398	28.647587133129015	29.334713583736118	2.2958116085784237	29.11874515517903	29.145391624547322	29.170173668391758	28.794587983403467	2.14791128016961	28.59248302554277	28.625750643650026	28.646057839213523	29.386741147899897	2.2925293620166736	29.1794471183177	29.195853823405102	29.21142568865031	30.929604256364385	2.407077117127526	30.697720207201556	30.74278129425541	30.76950901443233	29.915079632129512	2.1685345877180575	29.72481312789297	29.734318647449328	29.74300088764501
1260000	28.909971952379593	2.5877744662445386	28.67474368804846	28.688564220530253	28.703066815308492	29.38310929020749	2.2202397120122024	29.168940576978347	29.207941590292947	29.232459215416046	28.798530540873614	2.1353375881881798	28.599452453119575	28.62793946959325	28.648243904814656	29.334639056863256	2.296961122921244	29.11597524352384	29.145904839560863	29.171365463690023	28.79572806350645	2.1485219925129297	28.59438914357549	28.62642138080932	28.646763394921397	29.38521969906694	2.292279543751705	29.17806883662504	29.195783945958397	29.210401311753923	30.933375173658835	2.4127430143597834	30.704049666479605	30.745820418262937	30.770601316544358	29.914523856575926	2.1697896673768304	29.72479565569978	29.734703415487182	29.74231616962353
1270000	28.909876077672294	2.5899858093552197	28.67568139847102	28.690467502094666	28.70555030373452	29.382277837457583	2.2206032866984975	29.165976630458466	29.209593009485218	29.231898553565422	28.79978882968999	2.1354740382768846	28.600203258890694	28.62883568788844	28.648694701334	29.33671079937167	2.2932950639442073	29.121418624265594	29.147860034806122	29.16866426693123	28.79692615571964	2.149846641073798	28.596144686464285	28.626925043017774	28.64751360518526	29.387215205445997	2.2899982310747182	29.180743896926867	29.195917489503227	29.211339001733844	30.932206250907658	2.40891661772306	30.699741805388165	30.746675574250347	30.76999227839729	29.91507108285966	2.1698365819831964	29.72437703798574	29.734109857931355	29.743202244327478
1280000	28.911125177960287	2.58566305760982	28.677705519081243	28.69089033446542	28.70592969701226	29.382739213487646	2.2176487317262343	29.166192686141528	29.20995187952969	29.23339641183763	28.80083126517853	2.1361847096084325	28.602295558053363	28.62970450690927	28.649405821635572	29.336769809520558	2.2877747574289713	29.118423760358656	29.147888377243962	29.17410492325781	28.79820854988184	2.150982245178782	28.597259601293906	28.627875906472106	28.64825889155601	29.38778450563194	2.2835956816856946	29.181567486414068	29.198687275261076	29.213152594036476	30.93379262742135	2.405750431668669	30.70205178357685	30.74774685097529	30.771352350959642	29.916138450164652	2.169958649267897	29.726254623752183	29.73585293579948	29.743795898423485
1290000	28.911299078037043	2.5811554223555415	28.67727931822752	28.69078076315089	28.704846311907634	29.3836143319255	2.219293709612635	29.16669953991145	29.209643856435193	29.232649384106708	28.80161929444644	2.136863710558564	28.602851381912437	28.630083064545673	28.64988776166384	29.337985318156505	2.294457931881097	29.121045596887534	29.148047577646462	29.172720418040484	28.799149851636894	2.151324081132106	28.59851847498134	28.628720232823962	28.649084971556746	29.388319211920624	2.2918945956860646	29.181174762633827	29.19797347901235	29.211964601845956	30.934650628046608	2.4127346877042632	30.70144942853388	30.747223778229838	30.770489249532957	29.91673608753471	2.170376093544617	29.726438432474033	29.73616074245145	29.74387455741178
1300000	28.913168945064662	2.582526385375581	28.678486978872968	28.691668655262433	28.705650773941716	29.38391338890782	2.2246119989796496	29.16875305214972	29.211583953466604	29.233451478746456	28.80331567878001	2.1407549308085936	28.603551811692125	28.63061809440147	28.650420987340706	29.34021466052598	2.295544913436023	29.12230561830392	29.150176308279754	29.175818704604257	28.80055924315247	2.151655515232838	28.5996801624676	28.629920913438998	28.649590003136662	29.38942178772928	2.2935175487012986	29.183638604977745	29.198928241159617	29.21264595566915	30.933743591023077	2.410986986087868	30.701373993620987	30.749241235474464	30.771375146025914	29.917052242955755	2.1707528501723603	29.7271443676585	29.73634323768502	29.744275367686456
1310000	28.911481728362837	2.5836376949894673	28.677833062499957	28.69151886890132	28.70636133971732	29.385198674035493	2.220561136238085	29.17174352874493	29.2139698391857	29.23273243524235	28.80441617867045	2.1406602979264546	28.60423876589136	28.63160862878823	28.65140268903626	29.33909323268216	2.2900770789540577	29.12312697509305	29.149790668420092	29.173472806926743	28.801733410477667	2.1515450870555135	28.601366709700198	28.63091507766837	28.650231151072163	29.388314198754287	2.2868175668119326	29.182869602426024	29.198369583079852	29.211589402638452	30.93578208191531	2.402756541620848	30.708070833763337	30.752014602934352	30.77107331041919	29.917365649544838	2.17094627492856	29.727022171936518	29.735858844481598	29.74437330028343
1320000	28.91345123319362	2.595557297020525	28.678905156306357	28.693190554089554	28.707328054605952	29.382218192113573	2.220048715184129	29.16928635511251	29.20843539241041	29.233023994919606	28.80538468425439	2.1405668615986864	28.60512661785173	28.63262014318307	28.652000891008832	29.338863407593916	2.2938315075673894	29.121828810366836	29.14999882933484	29.174434748378083	28.802850044648483	2.151443647730071	28.60295270074251	28.631357839128952	28.651392138749916	29.389007910758256	2.2884593142116736	29.18156799217838	29.198667458163918	29.215274502339376	30.9337792878057	2.413654548044141	30.70379563906713	30.74544320534514	30.770979161862847	29.918314929452993	2.171096196274091	29.729368230636428	29.73705210449598	29.744661086780596
1330000	28.91421392573208	2.5805739674674633	28.680032263118605	28.693475026856063	28.70761922460073	29.386091063866367	2.2225420640397004	29.172592122380713	29.214079299390775	29.232975399861488	28.806210205382904	2.140488809671007	28.605876030383683	28.63344283719009	28.65223892608339	29.341048849690562	2.2945930713262754	29.122699392901765	29.151355577826024	29.176704834424733	28.80369436631973	2.1521258075357346	28.603395929075507	28.63196893166895	28.651775720640856	29.389451794431572	2.289359245631607	29.182691951433824	29.198978853117723	29.21312297041822	30.936242041088466	2.4067493182534427	30.708202870894013	30.750128574775086	30.77124292492405	29.918440367114453	2.171646377586302	29.72922996686407	29.73732090781032	29.744874168612334
1340000	28.913870358848577	2.592289010712913	28.68073179735265	28.693564574049585	28.70684895787371	29.38687542254565	2.22200045922605	29.173215179042167	29.214228617047812	29.234041681243017	28.80718587940682	2.141978078343351	28.60621715347051	28.63379905455239	28.65308590110031	29.342132455726706	2.2953433225992117	29.12589227317438	29.153377682950328	29.177114472995726	28.804647361853252	2.152033002619814	28.60405810138583	28.63285289856615	28.65219166248537	29.390953511160014	2.292756943226906	29.184191814705787	29.20021710251911	29.21368752880491	30.93719616257698	2.4188707971552277	30.709596513724783	30.750726040471186	30.77180145782031	29.918253258132633	2.1715392034941234	29.728646833633178	29.737076393368227	29.74509197834096
1350000	28.915738741681643	2.5994584805279977	28.68091651721936	28.69452042050244	28.708368756531875	29.38299775226359	2.223224884054848	29.169043376752782	29.20951480771747	29.23224464738643	28.808057503651057	2.141892147498984	28.60839774130607	28.634780915818922	28.65368697961942	29.340498166233385	2.298361678472889	29.125359273341612	29.150751787773686	29.173470103072393	28.805573988724017	2.1526105868165324	28.605008857292162	28.634608700662547	28.65250737632928	29.389949072476846	2.2932144402906363	29.183561237649645	29.199388700315055	29.213652839140654	30.933443950915436	2.4169168797473253	30.704321593735767	30.74561786374587	30.769963400310253	29.91882351610081	2.1718425899126004	29.729503177545965	29.737619577000956	29.745125286394348
1360000	28.914396908402423	2.5884519650347895	28.682859262656248	28.69546088675054	28.70770971597819	29.386397470733055	2.224037971087279	29.17295913702585	29.210893559785326	29.232873283834167	28.808880790089567	2.1418047754076066	28.610635478318137	28.634947097626714	28.65397818429702	29.341581357817137	2.293356837782584	29.12534020771446	29.153530932350108	29.17617815821835	28.80672740085885	2.1524990322897493	28.606035980935015	28.63533147858071	28.653739485272872	29.39104343078952	2.28899274367202	29.186403953668286	29.200459474681104	29.213372569646882	30.937183182222412	2.4103659753463966	30.710325378697682	30.749147344526904	30.77104615734708	29.919212184944136	2.1718087278453604	29.729427590125432	29.7380735987392	29.745368236124953
1370000	28.914902745878756	2.586748593042986	28.682241946516314	28.695373907273254	28.70868620983829	29.383041313240508	2.218206266840268	29.169612962324404	29.207934368874266	29.232586639981307	28.809649897794884	2.1420325883597813	28.611408840909167	28.635469928692103	28.655119993414754	29.340512445036097	2.2910215781671055	29.12519427637318	29.151073690491003	29.176023831412852	28.80751153740184	2.1524212767810647	28.606815551878157	28.63595031493243	28.654356257009336	29.389190701929678	2.2851435057858587	29.184091686404116	29.19902993714546	29.212765789040454	30.933301857799684	2.406405543005593	30.70524907617719	30.744382150504446	30.770531789452303	29.91895622923298	2.171897235783084	29.729505182238363	29.738255402932545	29.745515568718822
1380000	28.91715935316324	2.5938100543395923	28.68306181821435	28.69581851530573	28.708591448565763	29.38638407865674	2.223491232524609	29.170379308271205	29.214060335236674	29.233180047895367	28.81054712396321	2.142672135075381	28.612460585312554	28.63657243700424	28.655594242017532	29.344121777803267	2.2972012426399515	29.128514457632242	29.152769587982974	29.178487911882563	28.808346294830187	2.152690652045255	28.608689382862735	28.636143190519235	28.65467172820196	29.392483800837102	2.2948101575431674	29.186871554441158	29.200960758001887	29.215389449817188	30.9382893943838	2.4196960023611918	30.70781371159263	30.75195068317074	30.77141737891681	29.919538638094114	2.171984692925089	29.730202629562964	29.738610280567844	29.74541327389201
1390000	28.918560214586865	2.6018259176691716	28.68327468029242	28.695970241847178	28.71064465843623	29.383278438511194	2.222364396012587	29.169026778753732	29.208691305262782	29.231054313703574	28.811347086234893	2.142820086264502	28.613705773040962	28.63737819015131	28.656201658628476	29.34084368085098	2.2908719422046535	29.124870063036425	29.152314809566192	29.176025809413755	28.809472620757308	2.152753778802064	28.609907157167726	28.63693227042335	28.655311702715768	29.389788467600855	2.285265285723215	29.184893377988068	29.200123136861095	29.213544532316384	30.933673557076677	2.4080674669462856	30.704958963594855	30.74665348533597	30.769209571893775	29.92017846250108	2.1719498696460224	29.73134119006666	29.739189090806292	29.746440143620923
1400000	28.91591253999232	2.593638500417081	28.682981864560666	28.69607954488268	28.710472321022475	29.38555218986643	2.2230652305351914	29.17058329360948	29.21148346495903	29.23254383219369	28.811983571496857	2.14301583588585	28.61439910015951	28.637938446970104	28.657032058365353	29.344238210557897	2.2993733592993286	29.125401172995048	29.1546780884061	29.179130995383474	28.810272659739844	2.1526763382710046	28.610806518231307	28.637414270528247	28.656116534136082	29.391768062628298	2.2939501004970686	29.185869861388504	29.201368671970222	29.214676565068245	30.9366314748907	2.41882292621245	30.70621516125455	30.749845108549465	30.77081195445512	29.919876899141357	2.171971545706177	29.731012177454566	29.738777777538452	29.745822495889083
1410000	28.916922534375807	2.5854427788233316	28.684287317305788	28.69708306649437	28.708826575724444	29.38751187933219	2.2256917032713845	29.17367879739111	29.214517625770604	29.23198941959729	28.81264366438354	2.1429544457252767	28.615821727826507	28.638926997450902	28.65763536973703	29.344462800975315	2.298192148412014	29.129216636379486	29.154727605922396	29.17675052414881	28.81103155706119	2.152597503521576	28.611459410310818	28.638065945949858	28.65660085637605	29.391700532415257	2.294674315299976	29.18661603571273	29.200895222848285	29.213554058767187	30.93757806266826	2.4135935095517875	30.70881092444271	30.752230636752806	30.770056492107546	29.91979349040903	2.1725021923645778	29.73109435558183	29.738936861247435	29.746334538635836
1420000	28.916653951347914	2.5868159159539346	28.683642729036425	28.69751362873246	28.710627443131777	29.38633397044631	2.2246119858691373	29.17373818725196	29.2122893184997	29.23305549037988	28.813487547974393	2.144434521964869	28.616680411511073	28.639943852372532	28.658304325569635	29.344787669481864	2.297312897508132	29.127073816806018	29.15441062340551	29.177230775735776	28.811846670123863	2.1531935330665717	28.61278435721472	28.639243840072247	28.656931327450863	29.391597244250455	2.29429353394624	29.185574667541232	29.201546044649	29.21444714754996	30.936760362770933	2.4129936662496316	30.709237472586867	30.750288109544528	30.7710627369844	29.92007165767793	2.17284440660862	29.730815163347096	29.739390848593757	29.746072566396727
1430000	28.916050255495513	2.5883938389890977	28.685989469711977	28.6968264603898	28.709567309084125	29.389736068160857	2.224297882982023	29.17721108007692	29.216404295682622	29.23392451985054	28.814148522913346	2.1443654421766865	28.617119361833804	28.640270021102893	28.658963937202913	29.346052513855756	2.2958633462998583	29.131139734487636	29.155705538347437	29.18253342211989	28.812939779037528	2.1531124647232756	28.614583698451714	28.6395400617602	28.658418303160715	29.3921393133766	2.2925046661628197	29.186177128278977	29.20149160718934	29.21472882983894	30.941006054340225	2.4159422314722816	30.713979774246972	30.753830833461794	30.771873343440163	29.920415422004275	2.1728722826376923	29.731655799883786	29.7392951732785	29.74667279655722
1440000	28.91663647529738	2.58671255918983	28.68433582846031	28.697070344372037	28.71042752560033	29.386752020620474	2.227340422556285	29.173096878334	29.210490775364256	29.232559065675286	28.814993931974016	2.1456792559181976	28.617445135167067	28.641123598421103	28.659123136690738	29.3472139381087	2.300784333810701	29.131979766971625	29.156961567256857	29.17974577293918	28.813709144838402	2.15368843652369	28.615649076773927	28.640322261378657	28.65890349975745	29.39340444417148	2.2956938894202303	29.18793490554571	29.202888836572917	29.215407312797034	30.937376252708162	2.416774921357081	30.70910887056237	30.74853468292668	30.770791604520007	29.921365756834035	2.1729520022243656	29.732685648446736	29.73977763920069	29.74716405196188
1450000	28.918718815763903	2.6013192533506846	28.685767987181116	28.698156815012116	28.7110875283123	29.389201201863774	2.226313536104542	29.177840378613297	29.21387263224816	29.232581510609347	28.815644062605262	2.1466352023208235	28.61870101264202	28.642081278920976	28.659529899774242	29.34761328225829	2.302674567655714	29.132892562706992	29.157616369141984	29.179401074369622	28.81427740508124	2.1541263799164416	28.61598248782957	28.64078349930686	28.659432959570175	29.39433515653094	2.299911801853962	29.18904505999037	29.20340090016699	29.215849906354073	30.94088772715431	2.423566247476627	30.71477662756792	30.75195291771852	30.770898132341458	29.921772774063086	2.1733472148508475	29.73346174408279	29.74075918568162	29.747408643785946
1460000	28.918216428896912	2.596640056220442	28.68593117532983	28.698195949538686	28.71064440379164	29.389503592081294	2.2262584046095966	29.17742808285426	29.215594121856917	29.233525967239643	28.816503091645345	2.146736079727362	28.618889186262443	28.642378623962742	28.660423316472972	29.348139481873126	2.297464526689252	29.13290582087566	29.15806342135789	29.180984567993487	28.81497086075679	2.155222978851184	28.616199309537745	28.641356646752527	28.659809017375874	29.393132889169944	2.2935682133512483	29.187587301664152	29.202251588129485	29.216624184545346	30.94013715047176	2.4186055602563306	30.71217466844154	30.753223435598397	30.77158379901243	29.921479845996934	2.1733985606250563	29.732824742308456	29.740193826635295	29.747264477122037
1470000	28.920546221541922	2.5863288925030923	28.687726987779293	28.700281647863733	28.713224051757848	29.38961149124397	2.225226199927267	29.17729955086915	29.21568869254244	29.23445886025421	28.817211775676864	2.1479812187784972	28.619431830224748	28.64349422877902	28.661224666012252	29.349065701364196	2.293487372828568	29.13315491200448	29.15770266331193	29.18298876761242	28.815750819194104	2.155149925108061	28.61734434910609	28.642173331000304	28.6600565647953	29.394505506611843	2.2924420190982056	29.189520504559603	29.204129186447766	29.216710845367203	30.93944569698251	2.4120077472087362	30.711870100922862	30.753686805397784	30.772708306894963	29.922609190568863	2.1737640720987352	29.733884138183168	29.7411505780283	29.747876049342388
1480000	28.921241256629056	2.595359847038235	28.689185468315717	28.700824454449396	28.71359383577866	29.389159388949427	2.223204019878968	29.17718137393499	29.21617428408369	29.233246012651186	28.81801120926849	2.1482003548178565	28.620221549234685	28.643761103760227	28.6613986570884	29.350685989518617	2.2967883889781895	29.13732116888481	29.160834869804923	29.182191064024828	28.816606708829962	2.15546506692353	28.617699062971834	28.642442726990943	28.66053541697965	29.39546529930494	2.291819339391402	29.190713800743183	29.20435854789655	29.217311790445528	30.941121178556177	2.4147546692270083	30.71390938214722	30.754404487104047	30.771587631075064	29.923166664100872	2.173864840754662	29.73473688042212	29.74171236637965	29.74912213788269
1490000	28.924011111963686	2.605704908867122	28.6897432403394	28.70220566157691	28.714120105022516	29.39093474793036	2.2251377434604107	29.180666199502063	29.216881807920785	29.233325982918636	28.818768993337667	2.149016047277835	28.622868770611433	28.643961635532474	28.662038755551364	29.351645010561274	2.2984087201489545	29.136308299110855	29.16145515646186	29.185023030312994	28.817290984992514	2.1554027182723514	28.619131090565077	28.64310254586586	28.660814834248548	29.3966726040564	2.2967346794693957	29.191024339628218	29.206191056822114	29.218535635536476	30.94255074162334	2.4194771726774995	30.716793754370375	30.75427481227417	30.77133725531309	29.923689883921266	2.1736859589743855	29.735147279257635	29.742185140036433	29.748455423788638
1500000	28.922266253984198	2.5931023618192715	28.68982678071223	28.70138749011047	28.714413610689547	29.390143910568785	2.226763998412818	29.177465975017622	29.21728680912962	29.233914085856163	28.819347241530416	2.149476392185123	28.623561308816782	28.644461771746787	28.662517060642713	29.350058803072447	2.2979112488111078	29.135306458075114	29.16011530636883	29.18229654426677	28.818117184294508	2.1553370498512985	28.61932301044209	28.64416678147287	28.661264934493666	29.394355711117306	2.295808174926775	29.188513492566695	29.203387783973337	29.216468551386722	30.94165576385288	2.415238208263719	30.71301657902849	30.75516834226946	30.771945318653252	29.923380760424624	2.1737140705054867	29.735197322788338	29.742063798700457	29.748696080997437
1510000	28.92165920925856	2.5820330055222165	28.69027815008623	28.70234080302667	28.714820135151143	29.39047456247507	2.2266363038224615	29.177760278093345	29.216363528734423	29.23259449438162	28.820515019306068	2.149892813862003	28.6244028446174	28.64486271740796	28.66303352533242	29.351654268158423	2.296297248120372	29.13715281037624	29.16124944285095	29.184843353656923	28.81881785126902	2.1552749461207137	28.620493690179483	28.645662259761504	28.662297225155715	29.395396083976205	2.289537932132034	29.190637807052692	29.20496860941132	29.217783847173447	30.93947023539802	2.4092010099372763	30.713244041850388	30.753709852360785	30.770824788760226	29.92330130643692	2.1739492622357997	29.734066560938047	29.74239236927694	29.749619288215918
1520000	28.92150687957552	2.5901012361993603	28.690891661773556	28.70210365871539	28.714531197372906	29.38955921608189	2.2238105164726645	29.180158047639353	29.217585584959867	29.23286365534163	28.821299278208176	2.150187802186669	28.62480060067705	28.6457482237791	28.663561499947036	29.351095019279477	2.2952124567981818	29.137591256991694	29.16090781073141	29.18292808439137	28.819625978725693	2.1552093637119865	28.621074363822707	28.645948494723594	28.66328446708001	29.394368015153223	2.2905673919810576	29.191055432364653	29.2035319900977	29.21620939905767	30.94114991516942	2.408649439304205	30.717072436576707	30.75544967484829	30.77119191026913	29.923468850633085	2.174018492080719	29.735006705072873	29.74210393235459	29.748592723176913
1530000	28.922146049949465	2.571297357595124	28.69171238546092	28.703803196164902	28.71491893514891	29.39149590626546	2.225752841593075	29.180844688201752	29.21978722645524	29.234044085147364	28.821927705726544	2.1503302357249026	28.62575395109084	28.64614266657667	28.66391383057243	29.352423792473644	2.292530974297704	29.139082565929378	29.162666491427636	29.183867027365757	28.820208787581976	2.1551532838415053	28.621784019758444	28.646328407830417	28.66363553847385	29.39592598555897	2.2898519451580137	29.192249611355614	29.20538185653561	29.217746434651044	30.94089588316258	2.3925955473242744	30.71741328857363	30.75772723572313	30.77219332475417	29.924345900093343	2.1739434246748477	29.73570501159758	29.742778711348585	29.74925621716269
1540000	28.923798062259728	2.598088523732467	28.691551671329528	28.70381628149871	28.715530480590097	29.391296020029355	2.226513046818119	29.181862145698528	29.217284932437586	29.2324379387598	28.82264355444652	2.150416763651749	28.626052156880426	28.64664734713497	28.664009306911474	29.351055964343185	2.302420213963345	29.13585950848866	29.161065652273663	29.182901857698667	28.820937403602414	2.1550730749650717	28.622828934648695	28.647045013564522	28.66376918456382	29.395709909237887	2.2988138081145806	29.190879743689344	29.20405836744213	29.21676865700074	30.943294741330128	2.423977845923871	30.71813209149757	30.75563294574618	30.770678439989062	29.924633123804284	2.174064052102074	29.73610555085904	29.743187868129567	29.749726839845252
1550000	28.921197704207476	2.583075289808547	28.691162618969674	28.703267475766268	28.71467765965204	29.39165758328297	2.228573712767921	29.18039163073066	29.220333600388454	29.23420756421869	28.823109554945912	2.1503687616316745	28.62654843097105	28.64720884482981	28.664168502669217	29.354018042976374	2.299465774305091	29.13948655908215	29.16535703103289	29.188045578678302	28.82141796638218	2.1555171335269327	28.62341970358623	28.64728582863529	28.664166128357753	29.396939355666696	2.29511419938332	29.192516691324453	29.206051737060847	29.21753536957729	30.942494210168828	2.412908528637716	30.7175433338865	30.758474490893313	30.772422019482836	29.924406383686666	2.1745548213015495	29.736058760937905	29.743189431660323	29.74947423835537
1560000	28.924836713585254	2.6053402238176555	28.69358383929715	28.704492593148693	28.715597884755425	29.391099838820903	2.2266556517770364	29.180379142057177	29.21766881412229	29.233901769903504	28.823758192578946	2.150821446003565	28.627038149163198	28.6476826757152	28.664428791305582	29.354230427500998	2.2989304785500293	29.14040616720208	29.163995362458827	29.186037279615377	28.822200451842924	2.1557969388055276	28.624498763043555	28.647754773686515	28.664683913818564	29.397718106357114	2.296186079427089	29.193685266175308	29.206940526396473	29.218080716940577	30.94247524263413	2.4179968242011998	30.716211036611504	30.75537825867227	30.771971743492728	29.925523186415887	2.174654604993493	29.737283804371593	29.74401786826605	29.750761379178677
1570000	28.92578339561144	2.599921127531488	28.69396643776717	28.70546670920501	28.71658381178613	29.394014642071753	2.22636299690422	29.18400905823977	29.22238634953496	29.234048781330415	28.824507341215305	2.151828379519667	28.627568533392928	28.64803237845356	28.6647721226957	29.355223812146345	2.301457269387764	29.140354069905698	29.164566343163543	29.18796113034078	28.82296035011497	2.1557187182578783	28.625085641365963	28.648462177356226	28.665005218137168	29.39797003873628	2.2973852066986766	29.193572426139305	29.2069136827945	29.218595371631178	30.945862695733577	2.4204185024788467	30.72061606967768	30.760614118028542	30.772178743375598	29.92570738496493	2.1750179555843605	29.737951514209165	29.743883463419543	29.75024348316022
1580000	28.926393746637732	2.603043637459902	28.694544243240472	28.705105951131237	28.717866788521974	29.39129583119042	2.2275047007125326	29.180436493660046	29.219039384821244	29.232687450037545	28.825053262518157	2.1517745825876227	28.62796073220566	28.648673576616964	28.66537824709926	29.3531125252932	2.299840965571546	29.139557536741414	29.161952283116726	29.184031368014317	28.82349801502715	2.155667933336837	28.6255901518399	28.649249774919078	28.665394205019567	29.397245152654644	2.2974324762677516	29.19252850764387	29.205716086383458	29.217998577348183	30.94279253676304	2.413535524835095	30.71747933776969	30.757223399302738	30.770963491886842	29.925966300745237	2.175032430890443	29.737651501660213	29.744468703373094	29.75055231621056
1590000	28.925572176645364	2.5969268982380966	28.694737405012702	28.705540534019846	28.716558947050377	29.39149778349504	2.2281811659744895	29.179678813648668	29.219146907326238	29.23257950412666	28.825585071479665	2.153312574910871	28.62828559354724	28.649000770480583	28.666002195206705	29.3553599837867	2.3004697278781308	29.14151237798278	29.16469182550751	29.185537448060753	28.824015009489834	2.15561619549309	28.626098144265654	28.649975507888428	28.66563588027178	29.397700479612304	2.2964245563595442	29.194019608215775	29.20590502847721	29.21815254616429	30.943525528354932	2.417528373719507	30.716516014020563	30.757038978115244	30.770972007944966	29.926059501889156	2.1754657546878065	29.737983637351288	29.744495488629333	29.750696758944702
1600000	28.92616779225448	2.5960349246556365	28.694717020627852	28.706504570221895	28.716964124175124	29.39140713472307	2.225701096149144	29.181341171325812	29.22021870624121	29.23339236430407	28.826173133574034	2.153255496776215	28.629171507799896	28.6495889886015	28.666262659190977	29.35450569488029	2.299888483666164	29.13903882658551	29.165177346585452	29.186659899121853	28.82459932593405	2.155559632020755	28.62652723219906	28.650615850814418	28.666406559055652	29.398077779461623	2.295278642819334	29.192778788169658	29.207148023570838	29.220372225936657	30.943235175553966	2.41849687708985	30.717952928138608	30.7583592822755	30.771726097314872	29.925668677503445	2.175537223048448	29.737345277293812	29.744409104981983	29.75042588360791
1610000	28.926887046299775	2.594131062479274	28.695155802221628	28.706991892846297	28.717910384824496	29.391597203940922	2.2249279342808412	29.181020028940345	29.22031001502469	29.233515305607582	28.826738221222183	2.1542318358869657	28.629900824459007	28.650657251961697	28.666697782660812	29.356161654174695	2.2985561196036386	29.14222531286849	29.164867472616894	29.1885912658527	28.825151235748212	2.1555037532530275	28.627320415197595	28.65096676327922	28.666760644122906	29.398124401615142	2.294437337895456	29.19423432030184	29.207462747056105	29.218829260364974	30.942108710130803	2.4164928608218372	30.71715025412191	30.758444580258377	30.771646849765055	29.9264209272987	2.175445309535183	29.738126661618622	29.745167113678953	29.75151459580555
1620000	28.92733738737994	2.590983821607658	28.696080972812275	28.7071283494925	28.7191549873136	29.392493360040522	2.228020843331236	29.181453334138553	29.218951817536517	29.23301775830803	28.827216339266627	2.154277490834052	28.630515711541193	28.65123756497433	28.667475223316934	29.35688606854733	2.30108328247833	29.142259896792073	29.168313145006202	29.18725848832569	28.825721956937052	2.155448994270145	28.628988702282996	28.651132719294104	28.66802746053331	29.39859846799598	2.297426759742325	29.194953450158234	29.20855142686791	29.218632058292002	30.944110353422108	2.4169568259969076	30.717541612941606	30.75713449792832	30.77134933399641	29.926989388508154	2.1755619963432897	29.739116320887884	29.74521003734323	29.751258038516074
1630000	28.927854809995857	2.5945534443594003	28.696744218604955	28.707872282720015	28.719044464122092	29.392410500938574	2.2293038501477476	29.1845519139791	29.21921215845099	29.23245042828544	28.827673196709473	2.1542316411792823	28.631632211218843	28.65168315346734	28.667864837331788	29.357224404292594	2.3021127655887326	29.14371904315344	29.16590641477168	29.187464989894966	28.826116946303618	2.155411918024416	28.629856633405012	28.65161708204289	28.668196994643548	29.39878053144509	2.2974088116792024	29.195146520008414	29.207569710181275	29.219440078233774	30.942569572562675	2.415094413601359	30.72064275708164	30.75723802530935	30.770729669470164	29.927163114337464	2.1760304044078476	29.738660979824623	29.74532458253961	29.751588074241802
1640000	28.92807839473785	2.5925584706070897	28.697413585012885	28.70849712489128	28.718819922221574	29.393557645369825	2.2262535534380588	29.183034392069704	29.222076569475657	29.23453494324644	28.828305806209006	2.1541660383099077	28.632247215005673	28.652257276349054	28.6682222324426	29.3580523807194	2.301462381904078	29.144337749832683	29.169020988374754	29.18842121355916	28.826722995442193	2.155355678118416	28.63012741529539	28.652279593701174	28.66855345829108	29.399485540463104	2.296094889812112	29.196563603204567	29.208611331165166	29.22007409512867	30.94580088280975	2.4183904087168866	30.71976224090122	30.75983346789736	30.77215286300553	29.927549038557164	2.176187107290983	29.738983443612977	29.746148086084197	29.751818810717452
1650000	28.928938097161858	2.606029540930211	28.69730083844067	28.708839348364016	28.720082386307478	29.39313886999129	2.2275015946083245	29.185761376956567	29.220733809230932	29.233234401307953	28.828845731311457	2.15411242379778	28.6328979309548	28.65242433155527	28.669091252675816	29.35802709332648	2.298871003790102	29.14404095810322	29.168536301862513	29.190014513792583	28.82739461936389	2.1552986665236205	28.63038789477487	28.65306951899945	28.668788681651108	29.398447155104954	2.2951906283192574	29.194058912281655	29.207959382303493	29.219762059720175	30.94602057645046	2.4200794663137413	30.724166640570587	30.758917672011997	30.771612368619245	29.92723843697182	2.17621648061389	29.73940758068467	29.745985613145102	29.7521574829713
1660000	28.928969013160035	2.58880538446769	28.698755790820154	28.709082087337634	28.720433030745177	29.396195856971897	2.2283857038271946	29.189791572024777	29.22310075891793	29.234003011153114	28.829176383148805	2.1540783324639867	28.633205718499035	28.65242433155527	28.669644399036052	29.358694716865447	2.3028561352052974	29.144101813600166	29.167975316625103	29.189630010819993	28.827989354059593	2.155924288087707	28.630891920123208	28.65340796305327	28.669281134704292	29.39956811118879	2.300623200603451	29.195636115793636	29.207868489432546	29.220014157044506	30.949636612027078	2.4221237912170817	30.728143926584224	30.76136682835459	30.772162882922636	29.927601981745063	2.176344554743303	29.73985253979193	29.746214146547594	29.75178283507732
1670000	28.930082174483196	2.5983535049114788	28.699618075184258	28.7101825412231	28.720138585380845	29.3927503814595	2.22917480378098	29.184118662824794	29.22168215017574	29.23368610008147	28.829686884691792	2.154030069914121	28.633657997656737	28.65287641121828	28.669905404240343	29.35889328962231	2.3006844096210517	29.145321927657072	29.168028926208812	29.189494827582735	28.828463919099306	2.156363206245585	28.63154599922336	28.653554811989693	28.669599131244706	29.400391706455988	2.2987024195239707	29.196529812436367	29.209447186668086	29.220069537551495	30.945238410421013	2.4196633759932342	30.72184272705588	30.759923691500273	30.77171919496373	29.928302685494778	2.176392913250203	29.740615123741197	29.746847223954504	29.752093496689625
1680000	28.929920068044	2.5972615244892925	28.69919588228657	28.709675324779667	28.72086120607232	29.397758630683104	2.2269440832563574	29.192668837331805	29.225926796755978	29.234422538876075	28.830179867231198	2.1539820410793764	28.633931936102115	28.65341319850559	28.670078882974103	29.36125053515424	2.29880539288266	29.148399103383706	29.171403842073136	29.191636697773628	28.828936152157798	2.1572053075713757	28.631960565741828	28.65388050228242	28.66982306083265	29.40031605209381	2.2927431766787514	29.19729807083898	29.209733788633667	29.220450602257284	30.949504623313107	2.417287520139561	30.72987966277723	30.763707656361362	30.772476010185542	29.92820945217879	2.176693406937073	29.740294483689986	29.74618786961036	29.75254272583878
1690000	28.92951737649425	2.592993033298514	28.699349934033236	28.710099203782516	28.72064593034668	29.39835201059225	2.2277864957354665	29.193782417733587	29.225247918690506	29.235118265253448	28.830675339871544	2.1539341868863833	28.63467452136486	28.65367195122433	28.670311869151263	29.36171105708411	2.299586813370095	29.148027708274277	29.17103731293282	29.192338411402243	28.82970764079032	2.1573669411454066	28.632560550732492	28.654554211877745	28.67009916921627	29.400698264603292	2.297674017201666	29.195983086211598	29.209149973206987	29.221535442079908	30.950115020311053	2.4108045559448104	30.73152347104061	30.76332398211053	30.773162980436794	29.928359618203924	2.1762825489718263	29.74084299183756	29.746337985516618	29.752218082831813
1700000	28.929467072142554	2.5930469970064873	28.69982680787467	28.710193397605565	28.72057247903099	29.396022318157165	2.2267809723021417	29.18816749221906	29.223879697012606	29.234648407227045	28.8310897084144	2.1538959131334328	28.634763928871205	28.65439020582945	28.670438085221566	29.35977208639069	2.29958605957954	29.146726914456256	29.16953859904451	29.190791856676572	28.830251244148617	2.1574174703245506	28.63313090608906	28.654876455579263	28.67052383213797	29.400088039353335	2.29494644858569	29.196455304698038	29.20874060396445	29.220950725606066	30.947101835432075	2.414080424053079	30.725225927608562	30.76173583751948	30.772770022684817	29.928725856091685	2.1763865116052816	29.74130005087696	29.746991327746525	29.752743505201696
1710000	28.932417943919802	2.6032336059166714	28.70153750901272	28.71079662858146	28.721346164895955	29.3926430003195	2.2290776274368254	29.182188420810903	29.219815004378376	29.2320467368384	28.83156605931632	2.1551350352557823	28.636045701027612	28.65514147861568	28.670514783022433	29.361015723055957	2.3054829398360006	29.146262067267894	29.17147249413457	29.190697975440045	28.83074978327506	2.1579405120798274	28.634006750794832	28.655086331621895	28.670995173288237	29.40071911266111	2.301305480412692	29.195935072204893	29.20940788907086	29.2195826175954	30.94458730270562	2.4245395903477798	30.718431518162156	30.757800818893646	30.770390373824185	29.928911756534106	2.1763688507069334	29.740970241399083	29.747295923435104	29.752718167684154
1720000	28.93241428684996	2.603997505263686	28.70095041771252	28.71214701187983	28.72236116435827	29.39591847030964	2.2304216874834504	29.188934056137892	29.22177584625485	29.234493302684175	28.832085733589746	2.1556765141339698	28.636400391604106	28.655926038724544	28.67101221998658	29.36065913842382	2.3012915856408247	29.147721889046746	29.169800145230887	29.19150218775963	28.83128939690366	2.1578858613180913	28.634928910569652	28.65559265656314	28.671388207756962	29.400552373873424	2.2990350287371646	29.197505916727806	29.20981044752883	29.22054534540753	30.948139357273455	2.422416467224575	30.725748273752377	30.76003733246528	30.77274754832898	29.92928537684552	2.1765516916596064	29.741570113638517	29.747712287774405	29.753184154078028
1730000	28.931065201214516	2.59456376681431	28.701009929019623	28.71234230119063	28.721692670914123	29.396520860031703	2.2314085160404775	29.190638475026045	29.222339515705702	29.233690605205275	28.83257741476887	2.157059538985838	28.636483718126662	28.656075784688696	28.67131954526038	29.36145832201364	2.3042388849724107	29.146941703981287	29.17044599418132	29.192936199569697	28.831710752418825	2.157846869693892	28.63504535464183	28.656105899648168	28.671675302167266	29.40111130754003	2.30196967132716	29.1963238804872	29.210161973964617	29.21995567533615	30.948329727548103	2.419120645356929	30.727638867425977	30.759949520657024	30.772068255168257	29.929735674682885	2.176850478689825	29.741682371245105	29.747950820235012	29.7536080257148
1740000	28.930429853716884	2.578311680113488	28.701833499130338	28.711937640699013	28.722192973956393	29.39700122206644	2.2322330226308504	29.191423132111115	29.22481458160386	29.233618797941872	28.832834537323553	2.1570360859676714	28.63674215080756	28.65637227099821	28.671441535846004	29.36258579291003	2.303629645240472	29.149793048916678	29.173139934841753	29.19248772125955	28.832114410806618	2.1582092018659935	28.635264092788038	28.656404343014366	28.67186200962815	29.40184523522122	2.3020764889741883	29.197885488442957	29.210498970944357	29.2212215410797	30.947624971351793	2.4177555510389137	30.728366920808483	30.76297925272368	30.771763769291148	29.92935854361896	2.1768821729156436	29.74212366343211	29.747475114196686	29.752945626759974
1750000	28.93317906762609	2.607121891736668	28.702587039897487	28.712737239019575	28.722464678110626	29.394552904623136	2.2302972361401263	29.189150036496187	29.22304871624746	29.23342152592763	28.83326196837186	2.156996739559945	28.63674215080756	28.656874046858803	28.67160297399196	29.361674383969852	2.303963694199043	29.147521726300912	29.17166054949334	29.194318296180445	28.83254367442394	2.158162424584842	28.63585256952505	28.656820993504148	28.671957473557924	29.401453867927163	2.3006126111165774	29.197480380456252	29.21039858708614	29.221249720720152	30.947672850339707	2.426341589900629	30.726793752498644	30.7606260068481	30.77144847017842	29.93033172421164	2.1768578167005868	29.741889521773096	29.74870734079791	29.75374430781312
1760000	28.93360689341064	2.6033106455361392	28.70347587400471	28.713104233466066	28.723950013109885	29.397575911367372	2.230054890193591	29.190258185311933	29.223294067008545	29.23354362275548	28.83378592304581	2.1569446171389854	28.637283171292207	28.65698602845221	28.672003149476296	29.363321323936685	2.3003729646239957	29.150900217954234	29.173647705734425	29.19278491588664	28.833402124545152	2.1589620666896825	28.636410909592726	28.657358436647236	28.672145373390837	29.401922345956862	2.2982582337283075	29.198761713240042	29.210794437207497	29.22138548279019	30.94967015368609	2.419348548364272	30.7281067455503	30.761583875786002	30.771628397830714	29.930582854421633	2.1767922357531275	29.742919050157802	29.748423577935547	29.754196320935783
1770000	28.933146507844494	2.5916318582053415	28.703301642312397	28.71391159926057	28.724034193373207	29.397891819234253	2.229944362078236	29.19043138564174	29.225597338186205	29.235093368120175	28.834262650884362	2.156902380706534	28.63744874715718	28.657548009792443	28.67227913720119	29.36360054087162	2.3026231013223044	29.15125342128482	29.17294162863444	29.192976994825365	28.833696502214124	2.1589359878969203	28.637139313331737	28.65776323721935	28.67253232621427	29.40217773893026	2.299615089467591	29.19879931511736	29.210886758670213	29.22113306169618	30.948656295743564	2.4212561784197635	30.72787707562336	30.763815989837617	30.772953579341632	29.93009530316348	2.176935491067685	29.742676233685717	29.748658811750065	29.753790279260038
1780000	28.934152541760763	2.6031862489773068	28.704370764874525	28.713812056683274	28.723974586911474	29.396356856124875	2.2302419980552517	29.190898363491144	29.225167262607997	29.23278354050763	28.83486762078942	2.1568588165143265	28.63826593936672	28.658248382210786	28.67246642084492	29.36407041325429	2.303139932574921	29.151025136487675	29.1745024681641	29.194593747504754	28.83414401376974	2.159527704118266	28.63803382292184	28.658184759731277	28.672861541052676	29.402951115340432	2.2993492770313093	29.19975475799903	29.21172759740317	29.222505799354956	30.948991863086068	2.4210912843455623	30.729034090633032	30.763548343858425	30.771179338893567	29.930373435113292	2.176908680296291	29.74262732703664	29.74846547899852	29.754047597437243
1790000	28.93484035484184	2.5930886668451083	28.70484392162286	28.714975252310456	28.724704110768283	29.396775600403547	2.2287314768341195	29.193293259194885	29.2238605372306	29.23292733755827	28.835277989462128	2.1567130672890453	28.638615209051526	28.658667307748235	28.672894000768366	29.364542236586683	2.3019389157307786	29.15196702770445	29.17380510254987	29.19450989469462	28.83492018210474	2.159815062917593	28.638548223693135	28.658479903565482	28.673304438302516	29.402792910400223	2.295298285192953	29.199320057317088	29.21215470940481	29.222422428613733	30.948149009570177	2.41468748085894	30.73079706989038	30.762093581957345	30.771042834469974	29.931046414408634	2.177141576274471	29.743503621474755	29.749323361874964	29.754343158634196
1800000	28.934618574006628	2.5867035687120628	28.705751613818883	28.716393649850957	28.724709837948282	29.39885054903035	2.2286627656471305	29.195859544752466	29.225872769709667	29.233410274841304	28.83565726814877	2.156673772848644	28.63914423688158	28.659141722587716	28.673363518062875	29.365729510819857	2.301346223856509	29.153336826205077	29.17572633518233	29.194817401744018	28.835403211830847	2.1603360316767826	28.639113836882323	28.6588890315357	28.67359433898792	29.403114951959008	2.2986727416027932	29.19999632481487	29.211819901211648	29.221737330937902	30.95152997159251	2.4179495098108332	30.733039103567247	30.764228975616284	30.7718648718516	29.93166082354657	2.1770878881549307	29.744499714953687	29.749601885070554	29.755020794367454
1810000	28.93687996829546	2.6007675448369145	28.70556336035413	28.716598309760872	28.726550945570448	29.39845794869368	2.2301803498575667	29.19137873977271	29.224964673183063	29.23343343209018	28.836078525227403	2.1566356742817803	28.63935998631948	28.659570921469737	28.67365650795205	29.365847129810124	2.3048701453415625	29.15306837349012	29.17583376455894	29.195367999678155	28.835889710221494	2.1602899718690094	28.63961782287312	28.659185743462203	28.674447133971817	29.403825595879184	2.3003631521945405	29.1994884483505	29.213007421479976	29.22324793348762	30.950607007523352	2.4186599122885952	30.729347120021597	30.763071987232017	30.77153482422038	29.931989523827717	2.177054251498896	29.74461264150047	29.750437721820127	29.755636951801755
1820000	28.936629571274075	2.604039232398169	28.7063119827814	28.71647755024724	28.725837198490993	29.39684545375361	2.229941967309904	29.192516119091785	29.22301827408451	29.232851432966285	28.836513419272016	2.1565949173207306	28.639882685683293	28.66022091747254	28.67396636528406	29.36515854698547	2.304143034183165	29.15340622045933	29.17469883850619	29.194737096235507	28.836326361660962	2.1609214342625305	28.639927748373804	28.659369681198644	28.674941021573947	29.402603440801343	2.2987073931138977	29.199597886758074	29.211827175431928	29.22149156900092	30.94939867291261	2.426646521381369	30.730470878964258	30.761148133219507	30.770943351020243	29.931980657592575	2.176967125708897	29.74444317264796	29.750260124720377	29.75520867049944
1830000	28.93703012431588	2.6001228410482753	28.706203468632204	28.716673756556926	28.725985002647608	29.40143780834306	2.229941713786354	29.200270400517933	29.22604602379306	29.234050622609676	28.836982429119864	2.1571536701782894	28.640159068194038	28.660529942070802	28.67427290016284	29.369247808266557	2.3044486912453626	29.156402915324765	29.17762646598967	29.198698609927792	28.836625574064776	2.1608938834569282	28.640210054272167	28.659863853716324	28.67502255845084	29.40410528552652	2.3006450703253845	29.201388316611673	29.212501987064933	29.223227254762648	30.95412043675143	2.4248249234862036	30.73861878934541	30.764210448961784	30.772320283876475	29.93148432734361	2.1772353852666586	29.744111704815342	29.749891917768558	29.754834731164358
1840000	28.9372211929727	2.5995934596737453	28.707044401219893	28.71698440096034	28.72652909879247	29.399032126957994	2.231539630586518	29.19691901970514	29.22609674854572	29.233551625574023	28.837469901599096	2.1573476252263175	28.640533525583415	28.66080907494892	28.674533290418395	29.366589450755004	2.3032158666598734	29.152196178485468	29.177279599833867	29.195832794246712	28.83705285877255	2.160850343999736	28.641178139777963	28.660291360778878	28.675366041006782	29.40391580086823	2.3007556759210943	29.20106806638048	29.211960696550864	29.222878378331938	30.951556053513773	2.423718347190162	30.73488783220467	30.76456389939871	30.771954652838527	29.93171549015994	2.1775702480890904	29.744508217113733	29.749574557394318	29.754955440074557
1850000	28.93705653107387	2.5957409845079464	28.70787846594692	28.716690495966446	28.726399525323725	29.400188836046944	2.231132592318143	29.19775571733642	29.22668208170567	29.23266692801021	28.837758756141472	2.1573179446327795	28.640533525583415	28.661238573642898	28.674906045369266	29.367213657620354	2.304340934686922	29.155672912500748	29.176124394261016	29.19527512419574	28.837734371098044	2.161546952901964	28.641949297494843	28.660620633923624	28.676208371840715	29.40352800151303	2.3012100501731005	29.200994435767008	29.211342857121593	29.221207152278843	30.95242630121366	2.4198373432043976	30.734460089258388	30.76507891863198	30.77088943592426	29.932004080847783	2.1777499355838303	29.744915978806464	29.750055348327056	29.754992484017407
1860000	28.94003541149224	2.603678677404925	28.708719932001777	28.718286135454207	28.727431606484434	29.398647570832196	2.229516135259403	29.193661441025803	29.226893659710136	29.233604291631792	28.83808212077718	2.1572896636062566	28.64119448429891	28.66146164850907	28.6756416696403	29.36805684020869	2.301792868056211	29.1555421229385	29.179136327172454	29.198007968904612	28.838105946516887	2.1615105578902387	28.642248252044578	28.6613157255049	28.676435896671425	29.404535958812605	2.301619476154543	29.200846686892135	29.213594072008068	29.22364663761513	30.95108185805368	2.4221718151897615	30.73108719268908	30.765282343536597	30.77194721186547	29.932448334473488	2.177869441575841	29.744803780198183	29.750724674527213	29.755401272668998
1870000	28.938383726829418	2.593319549457702	28.708470600269067	28.718660834761824	28.72783409182107	29.39939415450992	2.2292712222022275	29.195318655862057	29.225916946394797	29.23279160733468	28.838378961156963	2.157260984927109	28.64152304545819	28.661760224186693	28.675937930521798	29.368503749662082	2.301224442111338	29.15844588721286	29.177909002246814	29.19672743371718	28.83845334044148	2.1614747607436753	28.64246686209218	28.661469180943037	28.676435896671425	29.404533275593245	2.2990991874564863	29.202573078912373	29.21335321950567	29.22221175740323	30.95214470541896	2.4243274945495146	30.732919930486858	30.764027897499457	30.77104932328203	29.93258292807299	2.177939111031621	29.745266919589778	29.750747814961514	29.755453270695654
1880000	28.93705875717358	2.588446429615135	28.708775183488896	28.718343360507305	28.727743776798484	29.399497807628563	2.229281894954771	29.19748804079633	29.226930916179924	29.23454051289808	28.838708512969667	2.157228247901594	28.641650610686536	28.662518510327594	28.67595207107171	29.369838524723882	2.303098178595693	29.157027422115416	29.179663289240132	29.198972815799358	28.83889482928094	2.161434899664333	28.642834108021933	28.66196627962323	28.67698223255684	29.40520704932916	2.300577615326159	29.203221388699724	29.213852977523146	29.223728642368663	30.9521368860357	2.424175622161597	30.733668346717188	30.7652192032733	30.772911165625313	29.932747726144644	2.1780905320803234	29.745654313971855	29.750926687198657	29.75565248201742
1890000	28.93911317987116	2.5943076593494365	28.70954018015418	28.718643866288602	28.728271360095444	29.39872606407653	2.231285178302772	29.193031684435333	29.226170269620297	29.23323836034663	28.83901246243478	2.1572003766604753	28.64222098174475	28.663022933741264	28.676237303428806	29.370165651107524	2.303812362395725	29.15879891650768	29.17875417586854	29.198252580659705	28.83925326918119	2.1613976419241054	28.64363147342336	28.66217121734988	28.677035063838307	29.40556494704816	2.300476697749369	29.202067956560356	29.213762011886406	29.22428771251839	30.95066489622911	2.425073117801857	30.729531946974443	30.76450351232702	30.771596473663095	29.933137682102338	2.1780561714067432	29.746414505064035	29.751049831348684	29.755842953067344
1900000	28.938508656990987	2.597003500699081	28.710049441939383	28.718722108893136	28.728796420141634	29.400105095942877	2.22971319416651	29.193143300493734	29.226197761852443	29.23377683870701	28.839366065299565	2.157409201644738	28.642599486471443	28.663351134116795	28.6769373376314	29.36995656677498	2.3017975625446634	29.15923397243127	29.180135521748994	29.199053686127638	28.839693006282822	2.1613558506370207	28.64488972208172	28.662328922772737	28.677315285945916	29.405465720293158	2.2984619324122995	29.202842534163192	29.21485042216467	29.223900500291244	30.95211333453976	2.4192538763570104	30.730630596082037	30.764386630759304	30.771999741377527	29.932867373300514	2.178134790206041	29.746022845424303	29.75079278214158	29.75587098442699
1910000	28.9387496113113	2.5892335699892266	28.710141706768198	28.719647308566906	28.728911449199458	29.399249960304168	2.230260853114506	29.195381286629015	29.22586586894188	29.23378968066945	28.839619944784214	2.157387119825288	28.642624197321187	28.66346887689209	28.67698258078716	29.369295595437883	2.3052085170716095	29.155367083897602	29.180380042863064	29.199114273224904	28.840079593078933	2.162268712982517	28.644929696349294	28.662672076291436	28.677607255581222	29.404682981171103	2.3017843681824908	29.201355939367463	29.213713218488486	29.22311655279704	30.952220075745732	2.424261919516918	30.73343548375536	30.764327345841778	30.77205700938235	29.933007099078285	2.178711626544222	29.74605949861718	29.75087839436013	29.7558496843232
1920000	28.93902735255478	2.598948127067243	28.709388045031993	28.720017920902755	28.72949208072467	29.39835663560414	2.231045310758845	29.195216304233302	29.22510336531891	29.23268521205488	28.84002280613986	2.157347788973896	28.643398837572196	28.663666248577485	28.677160986819157	29.36875225936612	2.3030854767329965	29.15585822183624	29.17850332607143	29.197606893643844	28.840464438798634	2.1627476161543284	28.644942723978687	28.66292282742223	28.67767478414035	29.4050162374001	2.2999387677201266	29.20269428895011	29.21311044660773	29.22305296169253	30.95036265939617	2.4222486994561105	30.73187161523791	30.763284506710527	30.7711218565295	29.932950502694446	2.178804645075874	29.745668772802787	29.751375050543196	29.7560712607032
1930000	28.940017224680997	2.603002516813306	28.710653663893712	28.719538976466858	28.728855059516285	29.40135985406157	2.2321347516075285	29.20060460444638	29.227569824518213	29.233561820437966	28.840326929107174	2.1573209814299186	28.643851477080403	28.66396919607495	28.67743511549498	29.371627937044536	2.306494999613377	29.159863344480335	29.181445054034974	29.200058962667885	28.840945960010206	2.163512395900213	28.645004760398006	28.663437304747717	28.677849187995967	29.40637542980143	2.3030792745095323	29.203083627516527	29.21473977537684	29.224464255446883	30.954414483088843	2.4292986335934947	30.737708474081522	30.765839508157683	30.771828253929126	29.93338834246301	2.1789889874397255	29.746254157164785	29.75144735940294	29.755678748382877
1940000	28.94055228082597	2.602023118492602	28.710873565250385	28.719982454681066	28.72883349472686	29.399841312478415	2.2326316097876067	29.19488599628566	29.226676493852587	29.23346968559123	28.840650435937984	2.1572919268013115	28.644042249778746	28.664149894670036	28.677648214113894	29.37091313981979	2.308061743771897	29.158930051682134	29.181243575595936	29.199840437261855	28.84136190163009	2.1634666875385067	28.645004760398006	28.66397656834461	28.677899444096298	29.40609019745279	2.3041516160085838	29.203442808593575	29.214264813293063	29.223982433188883	30.953046383815884	2.4262838610049684	30.732847051531962	30.7650365489499	30.771683304924334	29.933888040118557	2.179130375487178	29.746835163704375	29.751843224963523	29.756008624409727
1950000	28.939330844824852	2.589564702132046	28.71078018687134	28.720200822246504	28.73008443795339	29.400681408083333	2.234734522583251	29.195209441144446	29.22786710378585	29.23321902819513	28.841086479762463	2.1572534248018673	28.644556860346597	28.664387279583217	28.677900570241484	29.3714079017506	2.309131921859173	29.159288797452607	29.18147313656555	29.199800054639333	28.841729452561186	2.163430830339874	28.64531621330191	28.664578511528074	28.678048674920515	29.406312212577824	2.305018632500388	29.203679386635525	29.21476079629484	29.224250785339052	30.952729952827333	2.4226984334523483	30.73202666732527	30.766205763980402	30.771426873627803	29.934059077033897	2.179250221101314	29.747352997366857	29.751970449217573	29.75672096036706
1960000	28.938107256323878	2.5811877251614876	28.711319831860784	28.720362194533028	28.728845031745458	29.400999860580747	2.233793932210261	29.19810855020062	29.226604018440213	29.233279803782807	28.84155061207004	2.1577478535986203	28.645138755094315	28.66460912512985	28.678204882892647	29.371023304498884	2.305530221816724	29.161626294905805	29.182357525803635	29.19889769430802	28.842112458205637	2.1640213754065947	28.646118387222657	28.66484565683942	28.67835984281142	29.406091270716416	2.3023318228604306	29.20446746255393	29.214590570721366	29.223144059727595	30.95381237395202	2.4191394040892935	30.736248096518807	30.76474771084448	30.77141248239346	29.934213056662244	2.1792964378275834	29.746937939390087	29.752216424931873	29.75641967818824
1970000	28.9401975525521	2.6001546706478913	28.71194490668929	28.720242423216455	28.72952799220112	29.400827006105636	2.232578449368492	29.19962266943965	29.227011598716896	29.232717572175225	28.842008105708015	2.158565430409173	28.645718827902655	28.664832868182252	28.67864037774362	29.372949988058537	2.3063694854059023	29.163558324554423	29.181889229848885	29.19863547040041	28.842804385202474	2.1639829726307935	28.646511795738828	28.665195313260057	28.678851845570435	29.406312067275792	2.3023237212243157	29.203921457294076	29.214574774351632	29.223298833807256	30.953642830770058	2.4237959115164798	30.737177565924497	30.76540625831234	30.77112866085866	29.934681388488904	2.1793525808340957	29.747779049539655	29.752521477416373	29.756900584204388
1980000	28.94079418086843	2.602201486151174	28.71241719982967	28.7208812613221	28.730272086357495	29.40173094110209	2.234126876129143	29.20127768863977	29.227117696886694	29.233382570691617	28.84236846317635	2.158529916159574	28.646035651187013	28.665303439576736	28.678864569322077	29.373531236857303	2.3064363632496288	29.161488145625324	29.183814290919024	29.201801846348157	28.8430676803982	2.1639590596021683	28.64696258693703	28.665338143869015	28.678889687077273	29.406377571820176	2.304144568925591	29.20329219159894	29.214686812435197	29.22447802001592	30.954850358973474	2.4280168946014427	30.739574971568477	30.76553932430025	30.771835692347146	29.934773280366056	2.1796911462393997	29.74791501465222	29.752619521421135	29.756868507378982
1990000	28.942330765022323	2.60529838825502	28.713620872426695	28.72244594398946	28.731178350262986	29.403496457136274	2.234092612058032	29.203498205531574	29.229196267634187	29.23353312363458	28.842684610038187	2.1592051226264135	28.646266726881073	28.665476738726994	28.679174401156374	29.37539081738411	2.3062384595794123	29.162046984979412	29.18672061154301	29.202383378466557	28.843410450629467	2.1639276024640255	28.64718991643268	28.665571373684678	28.679134350926503	29.407997418742102	2.3037924228859343	29.206101324360993	29.21650835474291	29.224710594617594	30.955994633833047	2.4268139781099975	30.74030862326337	30.767592718756802	30.77181400828988	29.935157573135704	2.1799428858414593	29.74835854086122	29.753093712144285	29.757334599047454
2000000	28.941769644124246	2.5999907679498873	28.714269142701273	28.72278727763597	28.731072899310863	29.401902604004118	2.2335149049895	29.201297229512956	29.227489747588514	29.23311265228633	28.843011804557552	2.159176869262139	28.64712629928444	28.665580069146245	28.67949657252446	29.373785814927167	2.3042912917466842	29.163387353806883	29.183014755102207	29.201998266170104	28.843660757075448	2.1639058252707124	28.647371308106703	28.665754191528997	28.679410188283107	29.4066330600032	2.3003944056681864	29.20512144235218	29.214957303614334	29.22402328802803	30.95501712136504	2.424695989360988	30.738639264842046	30.765949702790543	30.771522963485	29.935038219740445	2.17995647877034	29.748304224594253	29.75343019645657	29.757163321157442
2010000	28.942438037708076	2.597990280696716	28.714952704254642	28.72302687461287	28.7309329355488	29.400861002531876	2.2325218122370645	29.199154195510584	29.227424899663625	29.232548642720907	28.84335743767832	2.159144415800795	28.64871569947337	28.666121379089418	28.679715628521013	29.373783989530587	2.3051319139368385	29.163701673685953	29.182511916055855	29.200523579007367	28.84392655850122	2.1644356803378275	28.647655110369605	28.665986309569778	28.679824905843745	29.40720968078312	2.3022985715428357	29.20645596308281	29.214895710463104	29.223954992450405	30.95311179330781	2.4215986838349877	30.73673909334368	30.76568299059806	30.77097927532345	29.93528583601975	2.1800977111002946	29.74905584751128	29.753574075712727	29.757313281939673
2020000	28.94210759311002	2.5964893542913083	28.715162260582115	28.723373354357545	28.73119934922017	29.40210740797863	2.232434323155821	29.201637591435283	29.228188695109623	29.23359203590863	28.8437156287812	2.1591105758239846	28.649009113939087	28.666300929560304	28.679988936685163	29.374878661454314	2.3075027401111625	29.16362591970683	29.183137406482622	29.203244304496252	28.844199623714783	2.1644116807870164	28.648332913180905	28.66613878560453	28.680140664417323	29.407588243167012	2.3046930303848843	29.20584878343025	29.21620588560993	29.22453907547125	30.954310895450124	2.427152798470823	30.739194053990964	30.76649252151678	30.771837918534622	29.935064552638824	2.1801158333137187	29.74861543129309	29.752946405689066	29.757142232950912
2030000	28.94397482338963	2.6001312534304164	28.7148310560052	28.723822752459355	28.73239776168485	29.40402587069795	2.2309776770025747	29.206473983286894	29.22870028109707	29.233726945776475	28.844049534534186	2.1590816919200764	28.64932463625235	28.666799970549043	28.68038752758964	29.37598226343992	2.303929228201861	29.164913735067298	29.184754343779574	29.20199763065318	28.844751693425927	2.164916172246032	28.648587070758847	28.66646225522885	28.68028574504552	29.407799186719703	2.301901335804712	29.205943858236104	29.2162406040034	29.22483327235723	30.957286128474927	2.4243030692784675	30.74439762841145	30.76697557124679	30.772016242120944	29.935413252383757	2.1804377654111247	29.7487836898345	29.75327461082766	29.757512667550902
2040000	28.943058142850454	2.5968394489162527	28.714875141571333	28.723625890418237	28.73200320616699	29.402619243649358	2.232309340539608	29.2025983585718	29.22848816102652	29.233476322403586	28.844309123142786	2.1590595601236933	28.649372782625136	28.66710193601653	28.68047625451334	29.374191043351292	2.3070091196015663	29.16385765611884	29.184009565784613	29.202078344547257	28.845016155378612	2.1648894864109556	28.64871077146566	28.66697194415589	28.68048176026857	29.40689745350936	2.30332682815422	29.2045616967225	29.215045632221706	29.224037560351555	30.955249064022468	2.425560172935415	30.739982707505973	30.766529056652047	30.771746782115542	29.935463001174465	2.1806921413391382	29.74890436501461	29.753268523021102	29.757502339449193
2050000	28.943493903782446	2.603045986942367	28.715997382646098	28.723701927810794	28.73207001147673	29.40339695129519	2.233481358819853	29.204778631515502	29.228708211255913	29.233657400602397	28.844498076421186	2.1590405585013897	28.649509056941483	28.667646885591733	28.680813026513256	29.375832305648522	2.307207133148373	29.164609885538493	29.18560030790001	29.202697842396454	28.84518420183689	2.1648748697999975	28.64893657790286	28.66729967302021	28.680673860500832	29.40771895488311	2.3047785192131043	29.20504085991149	29.216069617600795	29.224726505325673	30.956365726088737	2.4284212831738285	30.742897592512612	30.767153236234847	30.77205230700662	29.935837560500183	2.180660166251737	29.7491999495792	29.75377470146139	29.757909156490147
2060000	28.94364840180611	2.596796207621215	28.716320089112294	28.723877226568707	28.73191603977538	29.401030560732956	2.2339309426979477	29.201429040584173	29.228237972509582	29.233299290342092	28.844786174358422	2.159013632830003	28.649620357719954	28.66780576517879	28.681429721548106	29.37480658228896	2.30564134681538	29.164297608408503	29.18485073259303	29.201535292839562	28.845553575524537	2.1655325649722355	28.649282306906965	28.66751030099004	28.680865072535234	29.40753234252437	2.303133201834589	29.205433490723774	29.216018437164117	29.224480773108088	30.953597309596727	2.424324958962275	30.73841939948605	30.766520603670592	30.771731372975783	29.935838166812992	2.1809599796311026	29.749099861243913	29.753786901403515	29.75773876787371
2070000	28.945750796292376	2.6014158465994273	28.716808172145683	28.725129326773708	28.73317078707032	29.403897786394143	2.231656538225128	29.205634243792126	29.228721592044018	29.233292826586325	28.84508633265895	2.158985369283602	28.649952137882195	28.66791700252092	28.681676414683857	29.376215574048736	2.3057656999818636	29.16575795878111	29.186008681651824	29.20269880903403	28.845841142346682	2.165496955344028	28.64973760563728	28.667545207496367	28.68122684467533	29.407938737692763	2.302501913826741	29.206639370579772	29.216760619561406	29.22485103057589	30.956827174041642	2.4266318039011363	30.74318983148765	30.767175173418075	30.771699265023912	29.93599426821398	2.180949210393215	29.749396330787807	29.753927422247223	29.757900305984705
2080000	28.945553707748203	2.596641478376326	28.717020654120738	28.72542535990423	28.73279835651863	29.40399395400416	2.23323768470455	29.20613024265343	29.22913959457859	29.233638754888414	28.845350999279418	2.1589596194892198	28.65023911636782	28.6681172687205	28.68179305194239	29.376971524601785	2.306422919246492	29.166284953986914	29.18641868546866	29.203879664631476	28.846112366940034	2.1654718503751074	28.649978996609384	28.66757723859112	28.68154324354493	29.408213701737804	2.303984774142137	29.206493152894947	29.216607550298214	29.225526882181153	30.956489113319176	2.4202992485562413	30.743953728863893	30.767549378485597	30.77201658242924	29.93629579854883	2.1812244368304796	29.749365770435393	29.754276939635076	29.75808249590334
2090000	28.945973396599246	2.6049449310866697	28.71787050739146	28.725416026544764	28.733451767034353	29.402488084124176	2.2339290293173613	29.201415358334376	29.227843526806453	29.232454467171877	28.845589497489577	2.159692260833241	28.651044111796427	28.668186431934245	28.68181228768284	29.375712233879945	2.305800559167263	29.164248592157684	29.185547301034326	29.20307098363352	28.84637736162935	2.1654450746064025	28.650336847286027	28.66790791942134	28.68193630814894	29.40882403556312	2.3029956510247094	29.20670246536032	29.21708172634999	29.225688152790948	30.955544292078812	2.4236807146008763	30.739467052542874	30.76626052007338	30.770892731433992	29.93691885816049	2.1812820078093416	29.750019655397466	29.754449679832863	29.758658593628944
2100000	28.944983313353404	2.6001070994944	28.718189745985775	28.725895235439953	28.734099027385078	29.403711461266717	2.23351040557	29.20513314388881	29.228906068521482	29.23313353465284	28.845903294905703	2.1600395601013704	28.651318308243184	28.66829375570344	28.68240494326329	29.37712421146999	2.3061364874773247	29.166920169118487	29.18608733563812	29.204009416360037	28.846641426437767	2.1654217854091096	28.650448017714993	28.668156043714838	28.682079170436943	29.40866773852085	2.304654540457694	29.206344193059344	29.216673154468815	29.225780140833194	30.957618683809525	2.4296188826509524	30.743126753427944	30.767138301911565	30.771413671575985	29.937066961974566	2.1813269140127045	29.750014823629705	29.754767668417884	29.7588642277823
2110000	28.944806895372057	2.5981836028351295	28.717318276669403	28.725899832955406	28.734093199891095	29.403494083508605	2.233174605177471	29.205438012796005	29.229932804061136	29.233412858875948	28.846178376126474	2.1600135453828573	28.651756635033273	28.668636783298073	28.682451328589067	29.37866195485564	2.306349521125152	29.168291314620824	29.18766116600474	29.207140160613765	28.84685917312687	2.165397449516332	28.650888877498044	28.6684758368511	28.682358894760224	29.409433180759883	2.3027734523973447	29.20777221739799	29.218106573174182	29.22562973123238	30.956564997902845	2.4224266843268927	30.743454383800643	30.76837559515561	30.771713547828256	29.93685514938129	2.181541872190688	29.750323152536858	29.75468870545138	29.758892570090687
2120000	28.94491763139175	2.589768387617048	28.718237417846865	28.725990462524543	28.73483238177239	29.40311695007862	2.2337924745329194	29.206585969165403	29.228464945287882	29.232287079480813	28.84651358961049	2.160639392377478	28.651857195770514	28.66903672935952	28.68291060728063	29.377592221166523	2.308720348316602	29.166850864613536	29.18678767419692	29.204920897820724	28.84714004646184	2.1653727147713386	28.651434759912032	28.668628041499673	28.68253251065996	29.408688103533663	2.3054960666738338	29.207049647531647	29.216720381820192	29.226103954346904	30.955497067342332	2.426251220330427	30.74437394220483	30.76688201427527	30.77068472595776	29.9370232872178	2.1819010051217056	29.750208940662098	29.754920414588366	29.758795142960377
2130000	28.94558482997187	2.5986856874908795	28.718479730233387	28.72668376193976	28.73439372458966	29.40463269767708	2.234530878493066	29.208692548854415	29.22974031594532	29.234072449454	28.8467432172232	2.1606191042002365	28.652122535370964	28.669117584764145	28.683134471292842	29.378672226909046	2.3072719246522686	29.167577451467	29.188292412463184	29.207297755829362	28.84759129918238	2.165342098747176	28.65192743423524	28.668718761944056	28.683156995872743	29.409256200030196	2.304694184392924	29.207211472030423	29.21729563998017	29.22624916352813	30.957966950417134	2.4239722182149745	30.74698794694573	30.76817545789374	30.772504313804973	29.936877345344353	2.1819133617320032	29.75002407309062	29.755042216939906	29.758809665000165
2140000	28.946599096290026	2.60371265669291	28.7192358271819	28.726536516011464	28.733948447770537	29.40468667457627	2.2345327946818565	29.210048574876872	29.229382730656315	29.23325611450877	28.84699770610502	2.1605966663902296	28.652272307887685	28.669491696612575	28.68314551936485	29.380002923688142	2.3071716006389504	29.170355084520327	29.189808550029575	29.205989985684056	28.847907394141643	2.165819403673736	28.652118685465332	28.668900388383747	28.683156995872743	29.409921678954646	2.3053617245540776	29.209092409558973	29.21793755096956	29.225784439839988	30.957947742558847	2.4273622737681	30.747473788469577	30.76780026532905	30.77165399858842	29.937190614685733	2.1818872796476843	29.750384068640223	29.75518255521046	29.759113962518544
2150000	28.946639704646223	2.6013248500263058	28.72001952252137	28.727665909732867	28.73458274323955	29.40401493855411	2.2335808547011036	29.206544750310265	29.229150050661886	29.2338396015926	28.847219979831102	2.1605772000634933	28.652706687814923	28.669647445406063	28.683207577464024	29.37985834681766	2.3061527136160582	29.16992617782124	29.188027576991473	29.20494935270589	28.84823103805121	2.1657870438163385	28.652353624759634	28.669416816725835	28.68335182545613	29.4097235022371	2.303150762127794	29.209113709288268	29.217685695207734	29.226399004291082	30.95727166977405	2.429496097894818	30.74370567564301	30.76750680516023	30.771854215612215	29.937506623595468	2.182014414985202	29.751219572798277	29.755235307193942	29.758820489144007
2160000	28.945810809088808	2.597020778481325	28.719137582175502	28.72697077063924	28.734998342583992	29.402782810525277	2.234949807442501	29.201736214905008	29.229390968012858	29.232809802815396	28.847413388297745	2.1605602701663282	28.65272255834287	28.669867468725542	28.683265756164435	29.37708669498851	2.306201214311606	29.167261047656986	29.186275575391306	29.20314831824579	28.848522229725365	2.1662536719070764	28.652661851282808	28.669508328020985	28.683459122267276	29.40902403335087	2.303983645805682	29.207749631304658	29.217022960640975	29.225030683789868	30.954704613001272	2.421825582785288	30.738947547086973	30.767756850488148	30.771063643817012	29.93735390144203	2.182130422323041	29.75078158031107	29.754841559703504	29.75891171329914
2170000	28.947289736586093	2.6030466124081344	28.71982446271353	28.72755853045463	28.735058095926743	29.40583042786062	2.2337092367651104	29.209815920920683	29.22988425466704	29.23346775169334	28.847622217783105	2.1605384712282922	28.652761042027382	28.67021054868161	28.683376212059944	29.38084510967794	2.306302761558698	29.16952707411775	29.190660687445202	29.20759824913299	28.848778236827364	2.1662284500449474	28.65287523855606	28.669761956419556	28.683696821030416	29.41008943754872	2.303984901025981	29.208333456532095	29.21848475505692	29.22632502098087	30.95838879716183	2.4205017524469747	30.747940136751065	30.76833710813843	30.771860971081413	29.93748805308188	2.182208085378338	29.751255202493574	29.75518523341766	29.75889518451881
2180000	28.947611396230705	2.592439709883234	28.720240138885693	28.728227968949398	28.73584521533639	29.40393068723665	2.2343117772745114	29.20524495704415	29.22900783867609	29.232801679862664	28.847880087478536	2.161248028667309	28.652807923396153	28.670505576558483	28.683376212059944	29.381443709804596	2.3058177745798982	29.171773186007087	29.190356070980588	29.20819798077843	28.848971957874586	2.1662107697638517	28.65344635018127	28.669790443696233	28.683772694756193	29.40992230733987	2.302002208010175	29.20881668139879	29.218770520545796	29.2267893655774	30.956782554540652	2.4207730895089727	30.743372006999692	30.76742533078513	30.771224600290072	29.937689670349215	2.1822441760613964	29.751455043642945	29.755456993958187	29.758949119772353
2190000	28.94851815027905	2.599499688571474	28.720602484843358	28.728531429475225	28.736734973841006	29.405065782454162	2.2323809172895155	29.20724921859434	29.230365208310534	29.233888372715455	28.848167819498556	2.16122176148103	28.652945276005585	28.670988658921956	28.683713081140073	29.38307859407212	2.3084927707323337	29.172834745472162	29.192540758562565	29.209018810208065	28.84944675024276	2.1669531039959113	28.653710076732462	28.67000344744151	28.683949037520627	29.410568006387503	2.305209120310904	29.209976352861645	29.218855387088077	29.2268169473973	30.958799533812467	2.430401623935502	30.745704633113085	30.76876988989855	30.772221299666946	29.93833325481209	2.1821865872619517	29.75156419206535	29.755628912764855	29.759598442978685
2200000	28.94912622511749	2.5947753426743105	28.72208092585363	28.729577824924327	28.737035368295768	29.405188270948894	2.23289707840189	29.210260284301206	29.229459970586717	29.232949359508865	28.848351278421347	2.1612043199590567	28.65300522034148	28.670988658921956	28.684010123228177	29.382986164378107	2.3060774561306197	29.17405313981953	29.191993540122148	29.207920542083606	28.849705294080383	2.1672935577209635	28.653985781486572	28.67039651397068	28.68410127598053	29.410619227365945	2.3035282776294776	29.210144494135932	29.218548190104524	29.225942371735997	30.95813947057947	2.42881813364262	30.74851782071997	30.76781385938797	30.771298956535936	29.938429152960804	2.1822274526327856	29.751765022861246	29.755942514495143	29.7596394184804
2210000	28.950195751556414	2.6032181162409977	28.722369696168485	28.729326322038368	28.73710355553153	29.40443581723953	2.235051590109608	29.207851942459108	29.229644485068825	29.23276641523531	28.848709737333248	2.1617965190846613	28.653241204752447	28.671279062314362	28.68436828007701	29.38123816690925	2.3101422246978554	29.17025140137436	29.18965573661252	29.20893115420879	28.849954869480108	2.167631098082936	28.654025744332593	28.670596550759555	28.68433194790736	29.410348442022194	2.3069588696267016	29.208107799194824	29.218471621732512	29.226589755861845	30.957953047147235	2.4285416269019993	30.746372373554085	30.768055257019967	30.770990096344377	29.93867548447953	2.1822063561399014	29.75209967101101	29.756091013799896	29.75953234640699
2220000	28.94996600431572	2.603138415187047	28.72267780386883	28.729444153598244	28.737102857604377	29.40492933110207	2.2336147979581855	29.20897812033556	29.22966112256472	29.232467464133528	28.84899249658868	2.162406095168479	28.653400924951267	28.671444716839403	28.684709357731563	29.381566323689054	2.305749394345701	29.172514863241418	29.189617191373387	29.207298823449918	28.850174464005157	2.16761068374043	28.6544103438281	28.670744144363578	28.684475166950797	29.410354918156305	2.3036449439139575	29.20917018859153	29.218080239043616	29.226217433823855	30.958996885989905	2.4255473286402363	30.747468138622068	30.76810644236248	30.77092453913146	29.938584935152164	2.1822148705405096	29.7523277249804	29.756325164898996	29.759572053042
2230000	28.949744087494764	2.6038384550266707	28.722820642116382	28.73013930270786	28.737134704050224	29.403482147478563	2.2340646240410935	29.207778736276403	29.22860719342098	29.231636821910836	28.849180683670475	2.162389000423361	28.65366251673875	28.671632504821982	28.68502332571015	29.381799650139154	2.3064421293316424	29.17329983165013	29.19100285119302	29.20712201014318	28.85069629514685	2.1675762890029824	28.654679800366363	28.671225167317566	28.685203674441897	29.41060478473104	2.3043570276173804	29.209455897192107	29.21852475698283	29.226131720264167	30.957079553672436	2.430979788342669	30.74613000450399	30.767065336452077	30.770035983192447	29.938713995539747	2.182433755921782	29.752340250958262	29.755893765521712	29.759969246268476
2240000	28.948817997129485	2.590480355882628	28.72222081409417	28.730231685513296	28.736996094379993	29.402643471567764	2.234311713828642	29.204550833579326	29.228872194796505	29.231747498587048	28.849467910124147	2.1628634769507573	28.653954668635265	28.67189660628648	28.685080514547955	29.382425487742516	2.3051064680384847	29.17450982496193	29.191195596134726	29.207168039435714	28.850972023445287	2.16754642525948	28.654679800366363	28.671362670704184	28.685268408530522	29.41093842095705	2.30272877831908	29.210543073942212	29.21931209370684	29.227057487459287	30.955364667479202	2.421416957642741	30.742847106874038	30.76729481355173	30.77013971849034	29.93895173253203	2.1825820029343936	29.752497701818168	29.756393960131682	29.759802513791918
2250000	28.950403290504816	2.6057021400229443	28.723659686917486	28.730835545162485	28.73837379107543	29.405353744814363	2.232725938629808	29.210249908098596	29.23013537112291	29.23299988475459	28.849595778771583	2.1628514685024367	28.653954668635265	28.672011460905857	28.685080514547955	29.384290013364055	2.3072779299488375	29.176141939525827	29.19337796845659	29.208808700528188	28.851234130831113	2.167523358419947	28.655068201899994	28.67169235712326	28.6854138840539	29.411373713514124	2.304961971197314	29.210053774009012	29.219261595195544	29.22706016245056	30.95876361917212	2.429330063534525	30.7479457017417	30.76853973089373	30.771428742689192	29.939232413870112	2.18255800236325	29.75275408419181	29.756662078163778	29.759844127487586
2260000	28.95040409490338	2.6014840278392493	28.723677422791773	28.730938339774873	28.7384467146817	29.404445515129467	2.2348813298252344	29.206053616009545	29.22986765932248	29.232784226650622	28.84981827926389	2.162831132342841	28.6546600803215	28.67212643442833	28.685080514547955	29.382808681159766	2.3080085786303437	29.172391162761993	29.192061083625816	29.209140434591443	28.851483753914078	2.168042869819205	28.65510636692347	28.671721121493377	28.685539499640253	29.41096275322518	2.3061369368879663	29.210157910564263	29.21913626438338	29.227041071625226	30.957742297184314	2.426775298097226	30.744175700531656	30.76828035676943	30.771230363540184	29.939346576060533	2.182548761693892	29.753073863476907	29.756684878728223	29.759895476165575
2270000	28.95094329270543	2.602147189865292	28.72344814238275	28.73116059613677	28.73856387421101	29.405653746990456	2.235583134467915	29.209140163969213	29.23035351009385	29.23322071931494	28.850010897152018	2.1628147218039686	28.65487305212679	28.67249358292571	28.68512750449842	29.38270625062714	2.3110949431169567	29.173277950168497	29.19228981219086	29.20853106255346	28.85173794078261	2.168322187073082	28.655978104682685	28.67183689579163	28.685814885702428	29.41132834041974	2.3088832825947914	29.210193831172774	29.21957531101978	29.226672654303655	30.95856564499805	2.4311766569590536	30.74668015104525	30.76868331593455	30.771439743402002	29.939255049295088	2.182556940462439	29.753122797369365	29.756465856937147	29.76001424387299
2280000	28.949922142088134	2.5956962149223934	28.723783545449905	28.73108997443959	28.737965173697628	29.40465333270962	2.2363051013769955	29.20788585801185	29.230182593433383	29.23290382956995	28.85025368596137	2.1627927608259823	28.65497124601871	28.672890212331936	28.68582883668379	29.383171163017305	2.3079256890308684	29.173357530559112	29.192988935814533	29.20862377191582	28.85192173795319	2.1686682337355747	28.656103350721807	28.672152979165666	28.68590800762437	29.41136716514538	2.3054617625074543	29.210313799633575	29.219645028753064	29.22720516090338	30.957040508322702	2.4253420138919215	30.746323597413955	30.768552032556457	30.77125709753888	29.939388645734603	2.1827526562699893	29.753119524511998	29.757117915026512	29.760252120885447
2290000	28.951447779368124	2.6018214468247987	28.72483715449879	28.731216919335044	28.73808882232706	29.40580264789743	2.2354365463374135	29.21017394123606	29.22993560507725	29.232759963490224	28.850581836137362	2.162762469142935	28.654982057301854	28.673121504069194	28.686338124871522	29.383691727359164	2.30615325581217	29.17508508856109	29.192273164868954	29.20827017738509	28.852187284158834	2.168644414356092	28.656430138460554	28.672606462523007	28.685928204007634	29.411108855533673	2.303816999942352	29.21095066388976	29.219220179361344	29.226644407665745	30.95796119847089	2.419935175015488	30.748346966771564	30.768271822803136	30.77112153910172	29.939599331401713	2.1828665204494793	29.753133442742545	29.757140309875812	29.760435953085356
2300000	28.951596911909313	2.5997015943058797	28.72436425686371	28.731828780016734	28.73928857471213	29.406030931610335	2.235039918588327	29.211058316111135	29.230265404620873	29.232404377192154	28.850808275021947	2.162740418382572	28.655093127642537	28.673169817690734	28.686357636904187	29.38521226283403	2.306497428511415	29.176784965290405	29.194338545389208	29.20959240822944	28.85239220517172	2.1686252235175796	28.65699182762637	28.672684363033557	28.686060658868847	29.41201109355731	2.3037896588791	29.211630264557137	29.22001827018436	29.227674757366643	30.959478671463483	2.4236792138854173	30.74920779314334	30.768689563502924	30.770761907104525	29.93980695207637	2.1829535894613024	29.753343422610794	29.75728588763176	29.760719369256442
2310000	28.952733603871945	2.6075965699291177	28.725301892372357	28.732410419686666	28.739561871450125	29.407092543619868	2.2354736851957	29.212357170640093	29.230257077471535	29.233561265053574	28.851083697336897	2.1627157348465604	28.655448664075642	28.673606148003127	28.686423882175816	29.38484822236159	2.3103246066880616	29.176381678947486	29.193905282705064	29.20984460961537	28.85261268888435	2.1686014127688793	28.657419374629875	28.6728369454135	28.68617954598514	29.411959170944066	2.308069679681719	29.210767928056228	29.219930037053032	29.226936888002598	30.961204443897095	2.432260620310773	30.750669252890777	30.76868956240319	30.771975731456884	29.939739462918695	2.1830942157524302	29.753351752797464	29.75738914046415	29.760867075578453
2320000	28.95214947080583	2.602327259716497	28.72522508224899	28.73283250180746	28.739488915976033	29.4061386928958	2.2361015679973235	29.208803117181485	29.22948417835681	29.232396506594412	28.851379234574026	2.1634923435896174	28.655671297200456	28.673860421586532	28.68653202121548	29.384776082862142	2.306428870132142	29.177021552804916	29.19375717177331	29.20823306871663	28.852796958041985	2.168585244374841	28.657619208608132	28.67302874256989	28.686198402642194	29.411516947540207	2.3050024643907685	29.211104382363484	29.21973202549803	29.22661474556182	30.959597280524946	2.4281889573509527	30.747045493508537	30.76793800170711	30.770738182919708	29.93996559756979	2.1832983344900496	29.753682258689004	29.757078823226294	29.760916591353848
2330000	28.952154614930333	2.6013053987769	28.726535974528588	28.732574155875614	28.739805215999223	29.40606365729	2.235892870101745	29.21096243640277	29.230435823665275	29.233002568400373	28.85161161927819	2.1634717314737717	28.656129717877224	28.674018779023775	28.686743886433167	29.385544878800125	2.308817050572973	29.175504928776576	29.194803970200475	29.211088895631796	28.853028509477358	2.1685635880796243	28.657678658469855	28.673386892168327	28.68671528230162	29.412120235072393	2.3068306784668606	29.211834453610102	29.22009544866535	29.227008883751523	30.958962066040105	2.4285532790514415	30.749185695534504	30.768883732339468	30.77143797500432	29.939987644345496	2.1834439763099875	29.753875595393886	29.757169064530345	29.760700519974538
2340000	28.95274369876396	2.6018458221520855	28.726121768577492	28.732949471433876	28.740233768847204	29.405919099358744	2.235500868910832	29.21323570082217	29.23022550510683	29.23205648455769	28.851785725749153	2.163455940613296	28.656706106765498	28.67407161726233	28.686810254561582	29.385161639550354	2.306676980541873	29.17714776398147	29.19407319299158	29.21045578119923	28.85324554491944	2.1685446198193397	28.657813903652197	28.673705305048184	28.68720297149426	29.411611002412517	2.303205226290996	29.21126383416528	29.220157462263447	29.227154671874413	30.958137848462414	2.423017609772217	30.751136165912868	30.768650748051172	30.770496620549	29.939965309313454	2.1834464312923347	29.753712811800252	29.75746344612645	29.760716502605437
2350000	28.951668343167636	2.5953345667360286	28.725698942683888	28.732965663157273	28.739806936030966	29.406300920370647	2.2356072047649267	29.211579156519253	29.230354865153156	29.23335530253487	28.851990026449197	2.1634379033781777	28.656988600794588	28.674179515882358	28.687017364913594	29.38456290035594	2.309290871303778	29.175656089497313	29.193517531832036	29.209599558545055	28.853492623262074	2.1689662274312935	28.65785856263412	28.673705305048184	28.6873518279373	29.411904271501875	2.3058359034461797	29.2114667304687	29.220160112178856	29.227251584499516	30.959433068302445	2.4261450148123807	30.749578394126107	30.768754072229807	30.77179841092453	29.93994957942285	2.183446503844392	29.753602888728935	29.757605744790723	29.76089189070168
2360000	28.951616467718683	2.600292737104414	28.725807929412053	28.732561678472486	28.73896780926339	29.40648017820307	2.2359933149641926	29.21215297082651	29.230010795305425	29.232632450508795	28.852193618912157	2.16342017522518	28.657795199322223	28.67445343057969	28.68733767320807	29.384342144290944	2.30816743338867	29.176923609056256	29.193512029617253	29.208238815567416	28.85365727704684	2.168951042343764	28.65796593553833	28.67400565764369	28.68747589272072	29.411838922745186	2.305247891129459	29.211355720808	29.21976576408531	29.226870596844073	30.95981227548719	2.428387812088057	30.75059813513592	30.7684400470629	30.770901890844126	29.940077960194643	2.183609026543762	29.753820100651474	29.757349444127126	29.760502099203723
2370000	28.95050573846213	2.5871855709233538	28.725912179951884	28.732500261370372	28.739209538677287	29.408328086094777	2.2363134068256065	29.215898307887784	29.230455212376164	29.233583420317053	28.852363386322903	2.1634055352573633	28.658215115665516	28.674528925126232	28.68753391194199	29.385814897818435	2.3109930210291605	29.176941074983187	29.19492928552807	29.210346494348578	28.8539584665821	2.1691950367679182	28.65871724970048	28.674208096489025	28.687922985099718	29.412274548751327	2.308283758236586	29.211457033750694	29.219898222901758	29.22732731621013	30.961350139947594	2.4274487908131013	30.754375721687328	30.76891513743319	30.77203756206564	29.940285070940142	2.183591826072725	29.753829807207655	29.757449305915895	29.760688626693252
2380000	28.951711588712698	2.599604543947501	28.72599631267561	28.7329798402437	28.739306254020843	29.40621615689756	2.2358558392700014	29.211947295420927	29.230152044306493	29.23292524348519	28.852570097610805	2.163386780732024	28.65862294981025	28.67465277321115	28.687561558457396	29.38430930699222	2.3092487562670225	29.176407096334295	29.19243382596381	29.208344946759514	28.854157382036643	2.169177869890886	28.658910344218747	28.674409328564224	28.68809497539972	29.411967723539792	2.3065681562494675	29.211504405919452	29.219673414468488	29.22645612851774	30.958833181670638	2.4290126174262454	30.749715082231468	30.768506001531314	30.77125598722709	29.94046218827979	2.183576577371752	29.754083359743554	29.757620995976126	29.760876843238538
2390000	28.951951883588222	2.6062177401768114	28.72591860822401	28.732597237682246	28.73942034147999	29.40627590357249	2.235572314773206	29.21130075409612	29.22959743960373	29.23279144362957	28.85277876325763	2.16336642056772	28.658708994752608	28.674887148643208	28.687885663839264	29.3841405489253	2.3104820609447723	29.174776703364664	29.19352600648241	29.207552180308433	28.85442867206045	2.16984887768393	28.659118375394126	28.67454043629219	28.68809497539972	29.41170268977628	2.307196279742708	29.21025481572766	29.21936350827341	29.22703360960464	30.959755896369035	2.429899890425124	30.749488460354748	30.767954833569263	30.771221305398544	29.94043252734274	2.1837515190311114	29.7542665551532	29.75759448505654	29.760623128401207
2400000	28.95257608219747	2.6009987600268505	28.725829557952945	28.733305416854357	28.74024420033851	29.407059644419782	2.2358568069866074	29.2118035549085	29.23055117063689	29.233721775649013	28.852974822528804	2.1633491967646816	28.65898309749838	28.67526197796674	28.688204451133988	29.387547663340637	2.309262217829194	29.179726226114845	29.195795674692576	29.211446316563663	28.85471472536884	2.1698234587985605	28.659410708273377	28.674744646993986	28.68827307539585	29.41318784043157	2.3075054403056097	29.212709289910116	29.22141190857881	29.227714755917674	30.960454984969	2.4306955711038842	30.750217410793233	30.76900276525485	30.77200763653859	29.940333151132403	2.1838676032688134	29.75427141940176	29.757759332453162	29.760922618995792
2410000	28.953178620828968	2.5981135865013827	28.726195539699166	28.733579529611642	28.7403045641397	29.406506294922153	2.2352380320672927	29.212034212104623	29.230074640846677	29.23282579751441	28.85314752730974	2.1633352769093586	28.65918245214143	28.675637369310664	28.688434451975017	29.38499148086786	2.3058342269810184	29.17632318020039	29.193968083460952	29.2092699102163	28.85487068802472	2.169810099148851	28.659510426060727	28.6752358095642	28.688327825418117	29.411620228262628	2.3024821030217097	29.211523248227515	29.220239358413338	29.22709576964209	30.95932185821058	2.427135766114936	30.750127463810927	30.768505335454776	30.77109343702965	29.940341558198522	2.1838666308092347	29.754294355799487	29.75770392598974	29.76112186033836
2420000	28.953225052543193	2.60332632236653	28.725794559816688	28.73338688474442	28.73994628297664	29.405914689397704	2.2337233003101096	29.210994978082507	29.230152548812733	29.232586146960944	28.85338627820331	2.163313915133838	28.659285278308946	28.67572215296111	28.688729261902374	29.384636939594042	2.307134690282415	29.176252489287382	29.194528814586434	29.210401296535593	28.85504253581082	2.16979265714431	28.6595438611812	28.675394560674178	28.68843805799858	29.411377276874703	2.30436221898396	29.210764083399877	29.219552955880637	29.227674391622564	30.959183026413434	2.432966239164257	30.749229382229615	30.768596186440977	30.771042564716172	29.94014449261075	2.1838824730055486	29.753741348339787	29.757575753693487	29.760933461082196
2430000	28.951592393287612	2.586588943207317	28.726320780683423	28.732883271121107	28.73992065750222	29.40573483043837	2.233958543913301	29.21112727813678	29.230037380460686	29.232607187323392	28.85357413087328	2.1632953934593635	28.659340028106158	28.675979046866082	28.688887987389887	29.385543564212917	2.307401793078945	29.176296496729446	29.196215835902525	29.210095136296744	28.85518567181382	2.169780027188643	28.6595438611812	28.675453398929776	28.68850005905314	29.41189168653034	2.305125731971651	29.211002836603726	29.21939929234874	29.227296930244545	30.958430266651025	2.425806064080883	30.749183521495425	30.76847896788725	30.770961668680613	29.94014494091694	2.1838818211455786	29.754169122636416	29.757367654971453	29.76074538867339
2440000	28.95127814577457	2.5959869598014667	28.725619783066634	28.73295374553969	28.73928691554514	29.407122180937332	2.2334550452056017	29.2123838839344	29.23017367436082	29.23316268765726	28.85375069647552	2.1632811072485345	28.659340028106158	28.676241612756787	28.688951558621	29.38362426036901	2.305564347965916	29.175150768892664	29.19252445537737	29.20876945595175	28.85539139028645	2.169915448551449	28.65964922648081	28.675557849769593	28.68863956355828	29.411214125650947	2.3027945475441443	29.21040510650817	29.219230740803738	29.227501495917643	30.96017212943591	2.4217571519536585	30.750792221231162	30.76863225979836	30.77160376730029	29.93992631598257	2.184160795463262	29.753964316701246	29.75734423369157	29.760676848928284
2450000	28.95198625532551	2.598191274698906	28.72512546591811	28.732938252149438	28.739566472349154	29.40596711691507	2.2347797613788196	29.212600078511453	29.229877764834818	29.232026129919014	28.853906218421933	2.1632677944772274	28.659555131629045	28.676493508373213	28.689086161960972	29.38407622069741	2.3084131494375115	29.17591332637329	29.19244587354138	29.209043695977872	28.855600438325943	2.16989175929616	28.65985933732604	28.67608249149583	28.688794879842163	29.411772009650125	2.3057507711733396	29.21142131835161	29.21974573250175	29.227454277176726	30.95875575591392	2.4255592310593523	30.750187253196195	30.76823898175371	30.770412015498756	29.939950208589114	2.184156937270621	29.753849936557852	29.757489469334747	29.760664777381248
2460000	28.951872473581766	2.59492358758289	28.72570555905245	28.732803886489314	28.73907170362397	29.40496817732174	2.2348928279344538	29.21012977959011	29.230042015108122	29.2323520493525	28.85410583636115	2.163250863147329	28.659666670090296	28.676666199871814	28.68925322444577	29.38459810419267	2.3082302554452645	29.17563420694497	29.193422203233006	29.20970258629818	28.85583479387812	2.169870808109126	28.659921267486702	28.676464784227743	28.688917850063092	29.411909469870533	2.306379123390854	29.21121073564757	29.219147476692164	29.227203497280122	30.957527204234903	2.4293679468765195	30.747324870498474	30.76844427996071	30.770765512824706	29.940274636612994	2.1841278874175862	29.75399836694887	29.75751608561348	29.76072925697138
2470000	28.951318655139335	2.585027733395974	28.72624298218949	28.732719310551765	28.73953666385167	29.405750942331654	2.2352720035673186	29.210421737086694	29.23030527456244	29.232593195017017	28.854307990442813	2.163233671595128	28.659733164711817	28.677072471948364	28.689454317777223	29.384119810687295	2.3046094773438672	29.175609387710068	29.193571795543704	29.209269024571693	28.856024075699594	2.1701131934750957	28.659921267486702	28.676577028388863	28.688918379756537	29.411404360920535	2.3050776779385718	29.21069165085873	29.219780172009912	29.22668942716417	30.95859636226808	2.4195045281020096	30.748273803241652	30.768758213109535	30.77104999381125	29.940065684284587	2.1841982821906485	29.753869497083574	29.757271892508783	29.760564458681877
2480000	28.95304143039235	2.603375758321874	28.72679950747723	28.733449060372017	28.739910902872335	29.405952795201845	2.2351938132055835	29.21112115368046	29.23011411235269	29.232180928203103	28.854569055053627	2.1632085578591234	28.660069615617452	28.677427620757065	28.689756199189333	29.384851654936462	2.309622208394348	29.174570003127847	29.194962319174728	29.21042199215507	28.856272813305626	2.1700902821480774	28.660622409477163	28.676606738722477	28.688937974720673	29.411586864957613	2.3065326464328106	29.21031411442397	29.22004733970111	29.227361906017364	30.95921113503847	2.4315411414177466	30.74900901337228	30.768548997152394	30.770543577525093	29.94027349451295	2.1841806347762573	29.754086620364316	29.75781460390353	29.76068414227386
2490000	28.952580352972085	2.603415190543129	28.726215880062743	28.73329719051835	28.739759694939806	29.406264250811844	2.233233116685729	29.212957579477933	29.230081771357376	29.232755112657834	28.85480835612751	2.1631854286161007	28.660320398323545	28.67748859712237	28.68984386844842	29.3836190051886	2.3057687489224454	29.175287028118806	29.1923060490341	29.20897327420974	28.856450366079116	2.170073932365494	28.660894118053573	28.67669455300785	28.688966420306855	29.411225378769743	2.304205148466699	29.211095288177834	29.219070795001223	29.22696273319574	30.959898294198034	2.429338790636461	30.750646982937596	30.76853015019919	30.7712043277374	29.940336838097306	2.1842273504948704	29.754173613965243	29.757561323770894	29.76081689011582
2500000	28.951626886397218	2.594544672143067	28.725889343186374	28.732839246670302	28.74000973422735	29.40516753748275	2.234584445270172	29.21117535849983	29.23051009479655	29.233196720235323	28.855063955905756	2.163634141007624	28.660557740815495	28.677759723480335	28.690016570419008	29.384614992773884	2.306956179250446	29.17561018852607	29.19421706108841	29.210271956622186	28.856598025108273	2.170060995278721	28.661019567367315	28.676773722986702	28.689071378905506	29.411850311684574	2.304960701081077	29.211129886740096	29.21984169950565	29.227117395573877	30.95865513832939	2.426109501677607	30.749541030272354	30.768963112291956	30.771579143129383	29.94016880049687	2.1842417060431982	29.75411345245309	29.757469970496405	29.760614120323684
2510000	28.95252367679866	2.6013306787234085	28.726196611606102	28.7325637931293	28.739437987343457	29.406399813044327	2.235233969144638	29.209083055077496	29.230330739726256	29.232968471862847	28.855261464872015	2.163616239908464	28.660799780491313	28.678168717311046	28.69021392508999	29.384669294814906	2.306990135131052	29.176549420970236	29.19415798866761	29.209324862356688	28.856823694291677	2.170035650212232	28.661019567367315	28.676927513706417	28.689434880174865	29.4114519037767	2.30551667589744	29.211122809779013	29.219328518379427	29.227064274282196	30.95980105420988	2.4262010346410725	30.747295660419855	30.76876552233674	30.771414891081182	29.940205555863844	2.1842390453884533	29.75401965677559	29.757395247614852	29.760606523352568
2520000	28.951687954859757	2.5935986488754357	28.726196218871305	28.73285911367656	28.739592984978774	29.405740163921816	2.234034607373627	29.211129767002454	29.230205199688555	29.232412846455258	28.855483829426724	2.1635969330901643	28.661198512267436	28.67832780482565	28.690349541514824	29.384278247239223	2.3052531265149945	29.175063646462494	29.193831909780535	29.209604053661042	28.857038518908126	2.1702989108153443	28.661554716004893	28.67697697469495	28.690082289761396	29.411212194930442	2.3018631815314046	29.21111397014124	29.219957588393903	29.226755744701425	30.958362514535587	2.419625899899849	30.74936532679788	30.768572220386787	30.77075902172645	29.940128131977485	2.1843481827277444	29.753994122054777	29.757530664704525	29.760624774077485
2530000	28.95174291315342	2.5996408332505725	28.725914842165892	28.73262546080971	28.73925494172007	29.405379251560188	2.2343421146769944	29.20882846394197	29.230510137725183	29.232771116566393	28.855659299419646	2.163581631308909	28.66172521196783	28.678438626370585	28.690494732458415	29.38367209360386	2.3063932196523718	29.174747556861305	29.193647098521506	29.210005593733648	28.85720208218185	2.170283304225612	28.661554716004893	28.677037653776317	28.690428119656605	29.41151757510891	2.3045433949761707	29.21123897721749	29.219866560002327	29.22704830340479	30.95795815524728	2.424795961719004	30.746778874143743	30.768955005220423	30.771062615971	29.939979538297425	2.1843701257636288	29.7541054994879	29.757507784105126	29.760433734550087
2540000	28.952112835966776	2.602374124551316	28.725968804819217	28.732572157430592	28.739697181301857	29.406629936795756	2.234933724481113	29.212610282697405	29.230454861085185	29.232601283217445	28.85578775847459	2.163569864446937	28.662116232638514	28.67852012420733	28.690605194809226	29.385626353167304	2.3088612763029666	29.176479282859525	29.195295507959017	29.210072570492	28.85742614805056	2.1702632100251615	28.66187270407322	28.677319309801145	28.69048091811119	29.41200130536875	2.3072927293248706	29.21201312045578	29.219536498417156	29.22723354212391	30.96016621798057	2.426931618496373	30.75097446432134	30.76890887432163	30.770901152494705	29.939962210888236	2.1844720373431374	29.753712277266786	29.757191596076897	29.76075516124473
2550000	28.95230209696192	2.601956995645604	28.726434043804804	28.733105633733608	28.739624814632485	29.405369464867153	2.234891090745856	29.211458235714947	29.229991641166336	29.23272371646153	28.856232013348443	2.163545433947487	28.66241666855962	28.67852012420733	28.690906140666574	29.38489134430731	2.309179545149102	29.175093285877498	29.193742098537225	29.20976249464256	28.857916773136083	2.170720296826821	28.66248864446584	28.67790432414536	28.69061869335773	29.4119092830801	2.3063636124229805	29.2112808629973	29.219632588682927	29.227089141527514	30.95870384041196	2.4326712737808145	30.74916749820933	30.768421986127194	30.77118778276875	29.939923379945288	2.1844950132348977	29.753992730388887	29.75746920031067	29.760720407335228
2560000	28.952426123834144	2.6061198588940817	28.725442366304847	28.733028010652212	28.739784775289294	29.40801439436458	2.2356968642106203	29.215318979806145	29.23026541194759	29.23301270603038	28.856451271792896	2.1639771763854347	28.66260556053949	28.67856964466794	28.6911456772689	29.3844566980958	2.307260146474695	29.175018880406952	29.193671311302005	29.20905425803243	28.858102033352328	2.1707031017165517	28.66248864446584	28.678063022110177	28.690843669460612	29.411226086720077	2.3049263207942072	29.210682762209526	29.219184097829327	29.226944780190966	30.96106423743658	2.4267556360628193	30.752674730543816	30.768676840819744	30.771324252499127	29.93990813664433	2.184801479686712	29.753531452302944	29.757409315787196	29.76045647218464
2570000	28.95308602521602	2.604828047883765	28.72638062761951	28.733439122036117	28.740309713655773	29.40623287164662	2.236949978634853	29.212511140939327	29.230191659637015	29.23292752223083	28.856696454961156	2.1639546807138883	28.662850116926585	28.678636964307913	28.69120658152795	29.385426917554334	2.3113453509367154	29.17688528488554	29.19483067476665	29.209386312828443	28.858239563143666	2.1706913663778433	28.66256548226676	28.67810835938171	28.691195679705242	29.412129085503484	2.308914892496961	29.211461612273958	29.219761095124703	29.22671639013801	30.95940761478167	2.4308427734205447	30.750296769243853	30.768613498329035	30.77109865199826	29.94013906079538	2.1847800679597	29.75377617822948	29.757464442900165	29.76058546309862
2580000	28.95285141086946	2.58974903315339	28.726803014968155	28.73381696001536	28.740521290285606	29.406176419719174	2.237131529412539	29.212609925660022	29.230195192298048	29.232431860438375	28.85684197477673	2.163941405862756	28.66318667851398	28.679004928368798	28.69156087873831	29.38560192259028	2.306889192556959	29.176589293260704	29.196085099721685	29.21134359910369	28.85848430002753	2.170668289822705	28.663004112208192	28.678479609107164	28.691372028434852	29.412443727807723	2.3055589916399835	29.211265452193715	29.22086319056156	29.228034721219636	30.95892301214497	2.4236699053207915	30.750840526401927	30.768629836096974	30.770818398198468	29.940381114347716	2.1847615057544845	29.75455085892828	29.757811899149758	29.760763228237305
2590000	28.953162185663313	2.6031271161329443	28.726443607014787	28.733362617371398	28.740804289082206	29.40520520154501	2.2360116979817604	29.20837602466656	29.229895146521848	29.232251462271762	28.85704687030384	2.1639246844790336	28.663358409558114	28.679216886753125	28.691860540943516	29.384661403917274	2.3060800330181275	29.175499146077726	29.19370487875196	29.209721419055718	28.858584631318003	2.1706592928522013	28.663034007262375	28.678817413425346	28.69139475663028	29.411797160775432	2.3032740386541035	29.211647984573787	29.219935493598832	29.227611899399122	30.957302452750614	2.4250230835490623	30.74577527148895	30.76834337229952	30.77062156870293	29.94018491206394	2.184778767024331	29.75418498624243	29.75749522966581	29.760786967876378
2600000	28.952468447587787	2.6002961925697115	28.726229163504502	28.733161011379728	28.74054090889155	29.406938920104853	2.2376521177994637	29.212782230826438	29.23030558757189	29.23290268756295	28.857238683898128	2.1639062593908034	28.663505142649758	28.679663122138145	28.69191811986897	29.385610312426458	2.3110948737411268	29.178984454053	29.19380720468859	29.209676936937928	28.858758393174	2.1706420533379633	28.663034007262375	28.67887814099243	28.69168929130539	29.411815732652126	2.308840403822749	29.21167964284182	29.21956434648288	29.22612129053991	30.960072896286846	2.432636115975547	30.75086085515851	30.76868054545837	30.771230183700627	29.94023287287504	2.184940558241213	29.754130631313664	29.75757069032791	29.760809845571337
2610000	28.951418211166448	2.5976860469789766	28.725542626512073	28.733128917777886	28.74036947654509	29.407308707143986	2.237584716089168	29.211841210409965	29.23038263238632	29.23288111272715	28.85737942069162	2.1638931723039865	28.663505142649758	28.679709417531818	28.691901316574924	29.38503011449425	2.3090526671839253	29.17741785439045	29.19316386784009	29.20967137773567	28.858918797816923	2.1706270995661567	28.663034007262375	28.67927269447578	28.69180782349163	29.411598686405895	2.3067339192084364	29.211175324990414	29.21941196910882	29.227229357240805	30.960248337367794	2.42804712373064	30.75030366417942	30.768823652562155	30.771339907212713	29.93998067947197	2.1849616425053795	29.75363297387478	29.757230296199015	29.7606940551954
2620000	28.951386603887318	2.59882314408052	28.726060933701362	28.73267195575793	28.7400543954855	29.40648336198586	2.2371560520975065	29.21203684665588	29.230405069879616	29.232937837763103	28.85765351510756	2.1638696593067372	28.663816742794005	28.679870746613624	28.69203574811948	29.385433645199512	2.310113210983256	29.1764650535245	29.194368855340723	29.210410806688227	28.859144127346713	2.170606778984078	28.66343193630577	28.67935005899683	28.691967241454762	29.412286234952667	2.3081867719136246	29.211990479873315	29.22057304013686	29.227396802184142	30.959689758963357	2.429099290228084	30.749504121084748	30.768823445943006	30.771348820338073	29.939925799044417	2.1849666284205203	29.75400020891266	29.757322448814172	29.760570912983955
2630000	28.952249849525675	2.5979722577874	28.726055330425286	28.733437436592208	28.740342047185056	29.405028984353027	2.237091150041934	29.207129489355644	29.230083101784928	29.232319733137494	28.85783138718193	2.163853176303388	28.663994080873184	28.679920405960836	28.692256054129572	29.386023318267068	2.3110617135514344	29.177164244427992	29.194972512387075	29.21052502640331	28.859342451420776	2.1709374330310562	28.663639847822093	28.679405195451274	28.692047314425977	29.412362292348718	2.3080207672233044	29.21148608086725	29.220191879556022	29.227029114300972	30.95827470300933	2.4305148224794095	30.744277954557027	30.768480691314625	30.77072587735938	29.940213780520136	2.1849604841393133	29.754179810634025	29.757352433596107	29.760656182770205
2640000	28.952563783944463	2.5994445288297534	28.726956471152846	28.73389605428286	28.74026945472654	29.40530535174398	2.2362095950925633	29.209256006498162	29.229974585314736	29.232178836709945	28.858004193313075	2.1638378953376924	28.663994080873184	28.680000026504757	28.692637235314848	29.385541531339925	2.308302425822758	29.177463213731954	29.194633532954157	29.209904377207714	28.85958485869332	2.1713981511884217	28.664060991456424	28.679583364274436	28.69220131784581	29.412039323441515	2.306827670588584	29.211620089740265	29.219720322950884	29.22711033350572	30.958803462007168	2.4269101375835382	30.747691318140692	30.768423407626976	30.770621938812585	29.94018546579153	2.184964113851712	29.754126437070653	29.75755214212671	29.760780079385633
2650000	28.953756664908198	2.607699428839974	28.72698724097642	28.733386804487182	28.740084573468224	29.406325646995363	2.2352811935152013	29.213357212188455	29.230281743453887	29.232726246978377	28.85820907501695	2.1638197318466648	28.664190145400177	28.680349172768658	28.69270090698717	29.385050023390342	2.304523568011118	29.175438018120097	29.195055723590862	29.209916970822132	28.859811343025545	2.171373095227927	28.66429351444188	28.67971251550437	28.692278787454637	29.41236719189439	2.303149218728863	29.211774159719784	29.220343601923837	29.22772972909374	30.958914836216607	2.4279123138803604	30.751683896490775	30.768720441031043	30.771074452330478	29.940414006143072	2.185054418266494	29.75401254024479	29.75766140915077	29.761036059304192
2660000	28.952349871387536	2.5969128476133374	28.726065356774086	28.733370067064165	28.74060051812556	29.405050431246284	2.2347675481816007	29.212415037764202	29.22981742549166	29.232679665609453	28.8584315885655	2.163800733996987	28.66455167198992	28.68069709254701	28.693104867009268	29.384101931225334	2.3053225596121267	29.174882319266285	29.193646338693426	29.20973771560509	28.85997786048922	2.1715569285594842	28.664426149690314	28.679797639036593	28.692498519517827	29.411467110235925	2.3023016380260564	29.211067906715126	29.219831183201364	29.227539168385896	30.957432426876643	2.422157050360528	30.750476164413428	30.768208707844284	30.771053496634416	29.940104414443393	2.1850837639482217	29.75408385210539	29.757446107558316	29.76068112348721
2670000	28.952590252815174	2.602168774434706	28.725796657280128	28.732753462185787	28.74011837792206	29.40635654344315	2.233613753911529	29.211945983903792	29.230348917883937	29.23296119793109	28.85863012744796	2.163782874458181	28.66474698732652	28.680910660294437	28.693172384241542	29.383971414039895	2.306323284018864	29.174724792877377	29.193306624085757	29.208586232676126	28.86012244477522	2.171545144487424	28.664516196884335	28.67995361856434	28.692848963034898	29.411276735635603	2.304900576005021	29.211186696803793	29.219521362717764	29.226761461890682	30.959897065275886	2.426183950846698	30.749572558365685	30.768773115551774	30.77124101910844	29.940258206571386	2.185322140948132	29.753807566050657	29.75760854049281	29.760939063036517
2680000	28.951595474244595	2.6020488770331385	28.725928468469426	28.732616787547382	28.739388733079462	29.405209608652086	2.235868844223145	29.208897654400225	29.229655949402016	29.232178434555138	28.85882041872289	2.163764970257298	28.664861070196974	28.681169763411624	28.693248384798977	29.38407565267077	2.309540511975926	29.174657274003682	29.193327726679293	29.20981387413893	28.860286259343248	2.1715294077531535	28.664717733009518	28.68008952307133	28.69304598121437	29.411620926226114	2.3090072796929095	29.210539452486543	29.21919015452898	29.226886470743487	30.958950895073137	2.4333757330123933	30.74695578730452	30.76810488184764	30.770623568545172	29.940041376678565	2.1853399920096273	29.753641936921547	29.757483951325064	29.76042892262714
2690000	28.951906414778332	2.5999892819920483	28.72620116214675	28.73302597504516	28.740053570015956	29.406249240374827	2.2342653095230807	29.213325194275093	29.230526059123097	29.233413623480768	28.859086115250776	2.1639377061111387	28.66503744738629	28.68122340139378	28.69337097299705	29.385055785792563	2.3044361171062473	29.176101930512765	29.195741581815103	29.210850256472476	28.86055195503268	2.1715054587240967	28.665054874312496	28.680390012854545	28.693127206769727	29.41181259019841	2.3025124285962644	29.21186146860259	29.220389729999326	29.22724784259654	30.958822276709206	2.4206252358983367	30.751653004688713	30.768886251671276	30.771599032170883	29.940081591278595	2.185484695121367	29.753671470504162	29.75724877214001	29.760532392975797
2700000	28.951357155238686	2.5948156587933924	28.7256908219745	28.73290862577624	28.739668184388577	29.406523787313258	2.2336622631015794	29.21021469721832	29.230391776292276	29.233308121433545	28.85932387068704	2.1639158478548453	28.665265414527173	28.681295533299476	28.693463581816403	29.38512649326873	2.3051558533944823	29.1764630918827	29.194084731408758	29.208814737875276	28.861036930027836	2.1720193146786277	28.6652939224858	28.680707458494688	28.693127206769727	29.411903499577384	2.3036999280445696	29.21219299230207	29.21985980758984	29.226794082262263	30.959681343897678	2.426404942801591	30.748491741133556	30.76884105487438	30.77170669037664	29.940316886366354	2.185682118318614	29.754023067641224	29.75743916879912	29.760495747136822
2710000	28.95216928032248	2.603659983535834	28.725630406097988	28.732797884510795	28.7392216350441	29.40603949116921	2.2354723356218997	29.209787583668522	29.23010017166804	29.233323604361324	28.859475586496504	2.1639019135803848	28.665265414527173	28.681455748474555	28.6935885366443	29.38469629562603	2.310245864956301	29.176047190798606	29.1925989614996	29.209161792188958	28.861220970741506	2.172002180377722	28.665343148454063	28.680907256615335	28.693297532668527	29.411273947052514	2.30811118197333	29.21000693760467	29.21913962532386	29.226225073164983	30.95931280374185	2.430829346379188	30.747926031458967	30.768364163097402	30.771602376531277	29.94023111136879	2.1858123429433376	29.753861678629526	29.75744489927436	29.760633114437123
2720000	28.952642258746184	2.603982293545531	28.725947895081873	28.732367270035923	28.73935288373382	29.404657318134742	2.235779577457968	29.20647033649717	29.229881181645055	29.232369254054245	28.859612492460542	2.1638904894843742	28.665265414527173	28.681573880702192	28.693703167270538	29.38395406923623	2.307391727356473	29.17415887397011	29.19277171883666	29.20911634681781	28.86139171728269	2.1719867552704875	28.665461071320752	28.680974110607	28.69374348088939	29.412007986218914	2.3057138635173753	29.21083589030375	29.220210442828286	29.2271067422979	30.958133196020636	2.4283584586938645	30.744900377392124	30.768254368114142	30.77070312585728	29.94023382851948	2.1858129777177036	29.753804489537764	29.757385881022856	29.760729723365856
2730000	28.951534952336605	2.5974274349957804	28.725548901474568	28.732224348514073	28.739578058529695	29.40477014907881	2.235014874166211	29.208163187026933	29.23019841852625	29.23308121265815	28.86009122861789	2.16386064528463	28.66560225677577	28.68177521076582	28.69371640764071	29.38336485291023	2.3068369935296187	29.173584470518385	29.193456638757453	29.20905379681957	28.861630158083074	2.1722808058905594	28.66563137953129	28.68178277060209	28.693938471400458	29.412264809576893	2.3035931921386594	29.21178486175618	29.220071543928185	29.22776298017567	30.95772121196754	2.4277987851133234	30.746022908745495	30.76863126862539	30.77151285025896	29.940370131583364	2.1858023123066217	29.754088988726597	29.757668918300816	29.76105992847826
2740000	28.952448545785163	2.6060984130100766	28.725772250882052	28.73241600979025	28.739445572890087	29.40744083263737	2.235373009801173	29.215002098710027	29.230560500626844	29.232595166503312	28.860348249774844	2.1638373924953918	28.665822633204684	28.68196029525394	28.69402222165026	29.386177526035258	2.310675018116175	29.17658307969128	29.195572228904076	29.2115037280231	28.861879443898378	2.1726327897778552	28.666139308190214	28.68190439997702	28.694098785370443	29.412757490447962	2.3087721872460696	29.211660854131118	29.220868733503266	29.227771247274283	30.96146144329985	2.4330002978418195	30.75302686359776	30.7690160208863	30.771019294494156	29.9404100015734	2.1857991928565776	29.75402523635165	29.757714613551947	29.760949470282476
2750000	28.951433984803483	2.5913122021305695	28.725046086581322	28.732338209090507	28.73895081740724	29.40640026392882	2.235989713572559	29.21203139349859	29.230508282822882	29.233615211021156	28.86055201946061	2.1638171032448064	28.666162011555418	28.68204458105015	28.694150538368245	29.38508919483693	2.3101191527537774	29.176048458509026	29.194071233070055	29.209302371360344	28.862117288543022	2.173092022929611	28.666323349935713	28.681987650270806	28.694485231782107	29.412513616513785	2.3087208194168967	29.211616466717814	29.220198989392735	29.22723366394823	30.958789165490593	2.4283844332258244	30.750155505934984	30.768934785836272	30.771743959233284	29.94060955209749	2.1857818458978255	29.75419950636816	29.757922838778903	29.760967320967588
2760000	28.951356367412465	2.589462343886904	28.725630070981527	28.732812052162206	28.739595187944655	29.405630479640717	2.2359309303015276	29.21118372003992	29.229995182055788	29.232141873141316	28.860799203910993	2.163793535274998	28.666804890375058	28.682477383026423	28.694306178876715	29.383745070865526	2.3077256804858504	29.174680404771124	29.192795689977537	29.208748309967284	28.862341809831463	2.173354496929961	28.666450107322667	28.682262155700215	28.694607848340866	29.41145737373832	2.305891852236125	29.210821418701716	29.21952180064904	29.226617602090545	30.957846304866017	2.426396948163793	30.7488749185853	30.76832204807985	30.770395537566532	29.940383594059217	2.1858887522458326	29.75381854963558	29.7577025405084	29.760912898864888
2770000	28.95294383482274	2.597756937709276	28.72549989254226	28.732941757131407	28.74020359342671	29.407478461463498	2.23572662594463	29.21301646459389	29.23044523337841	29.232842816198477	28.86097704089431	2.163777924326075	28.66751362317454	28.68251100121961	28.694620289879747	29.385239771754918	2.3065560516274686	29.176226283482233	29.193699439948745	29.210666699544433	28.862493021931023	2.173652797139975	28.666717391969634	28.68241050273319	28.694731438466746	29.41226354843106	2.3040996262716735	29.211236748119706	29.22030330932579	29.22741720730125	30.96033075434691	2.425058579602002	30.750751387310125	30.768851932347438	30.77123469291063	29.94006732486927	2.1859178591942006	29.75357152727184	29.757553812393397	29.760708094377883
2780000	28.95322592278604	2.6077616835099238	28.72525450553986	28.732699313354317	28.740102062092333	29.40502038641103	2.235471918909052	29.211941311739206	29.23000374875679	29.232065665449376	28.86118733972221	2.163759150408753	28.667561704753496	28.682679246133112	28.694954729325715	29.384068359268145	2.309382585877041	29.174801574124228	29.192792189697464	29.20846269603154	28.862611200562984	2.1736428255835847	28.666844327304368	28.68255933687889	28.694828402606518	29.41165880906173	2.3067397700292913	29.210947753811315	29.219548599251986	29.22702388389594	30.958976101846837	2.433427688837946	30.75018030084902	30.768390593713807	30.77048212992675	29.940211365973454	2.1857658001554547	29.753823466413106	29.75723758136703	29.76057014405405
2790000	28.9518568925243	2.5945343777436536	28.72574714358311	28.732672619789753	28.740122312835336	29.404502665575187	2.2360178231798127	29.207129129989816	29.230018429241355	29.232669543168896	28.86145865169594	2.163733104768907	28.667760757317374	28.68271439506016	28.69518408331041	29.38337687357729	2.308281852135077	29.173704458260083	29.192371917985007	29.209160176073723	28.86281662932468	2.173623412222071	28.666996133230718	28.682696187029343	28.69500329066586	29.411701161972683	2.305694654012639	29.210327175779607	29.21983477066047	29.227560976434365	30.957512661813695	2.42729057143391	30.74521900111451	30.76846327614512	30.771083494377812	29.94024700989418	2.1857631399070176	29.753685212769	29.757432836343547	29.760558202164862
2800000	28.951490192238822	2.5975937777054767	28.72535311885542	28.732579784728888	28.73967021140497	29.406992089043882	2.2346143988322296	29.213710333202595	29.23029113982743	29.233145933486288	28.861607792339687	2.1637169676547017	28.667832062506328	28.682845679318433	28.69546479460964	29.384883992544673	2.306881691349087	29.176667627562956	29.194459039202798	29.208446414843635	28.863048857764056	2.173601819929281	28.667321324517246	28.682851413603053	28.695259770023398	29.411288049631228	2.3037555842934636	29.21014530225596	29.219709309493705	29.22705842277795	30.960353722605014	2.423907368204662	30.752077016116722	30.768736983853053	30.771394094092745	29.94018864273566	2.185768632321822	29.75381116685665	29.75735276770688	29.760691864635398
2810000	28.95167864277615	2.60194148278495	28.725232349363928	28.732851564684836	28.73934330567736	29.405187504038743	2.2333945807708835	29.210367313576	29.230167107610285	29.2318702742819	28.861741089299056	2.163705512871708	28.667861933333594	28.68314023107272	28.695486605067494	29.385351030292068	2.3083039275321284	29.175842558362948	29.194021397650232	29.20995963894294	28.863271187169104	2.17394899168814	28.667426564833907	28.68292657592198	28.695317363620703	29.412100890285075	2.3049006549453424	29.212244981808105	29.22039103093099	29.227520704979938	30.958265806376712	2.4303418661137948	30.748336805334226	30.768515658443157	30.770229061865436	29.940289588320233	2.1858395263925803	29.75384321567129	29.757371444374947	29.76076113562651
2820000	28.952124081962477	2.6037775338753044	28.725444749690695	28.733051233601188	28.739893105348273	29.405157629768365	2.233908200835442	29.21013227707886	29.230368494117478	29.233421050188603	28.862106720972054	2.1636857966938914	28.668069169486508	28.6832706988039	28.69554957889426	29.385176909657883	2.308963573815294	29.174459732113192	29.19602464023156	29.210752270602125	28.86349638243247	2.1739271794189126	28.6678616772989	28.682950042062707	28.695868659967132	29.412171307135164	2.3057918275263183	29.211074701161632	29.2205945341965	29.227599231301227	30.958805316528053	2.42809283656709	30.74807413365389	30.768814044430492	30.77184393418186	29.940323452907677	2.1858366259612834	29.753791487756793	29.757622823336987	29.760776850541582
2830000	28.952143320478616	2.6074658608152834	28.725240124825064	28.732464057514854	28.7398629755696	29.405027728923166	2.23597673123882	29.209799561792593	29.229741426897377	29.232419711437704	28.862238852294656	2.163674091567886	28.66817915307628	28.683293963036043	28.69567191876782	29.384548488610427	2.308714970948593	29.176043711344533	29.1933412737676	29.209272523420893	28.863746278822003	2.1742693634440107	28.66802522400204	28.683087924770426	28.69588356348837	29.411671824578185	2.3069251797405523	29.210815638307274	29.21981989112961	29.227084676819896	30.957784000402988	2.4287345281100245	30.747656279062223	30.768131841351796	30.77086737902856	29.94023196630505	2.185844024717751	29.753754930671032	29.75739852542248	29.760934078693293
2840000	28.95230874092241	2.607981854223762	28.72500869582106	28.732226132976944	28.739771847846036	29.406431880790144	2.23487756913934	29.213075898896932	29.230505004160225	29.23312326596877	28.862365620936334	2.1638658690296415	28.668457574078126	28.68341733637564	28.6956751335531	29.385116561862567	2.3053650406298334	29.17633929428504	29.19534850336174	29.211068033509665	28.863967490911886	2.174997126524012	28.668156500741468	28.683383222172775	28.696120713646344	29.41174953712265	2.3043153823046483	29.210734409526662	29.219838291586093	29.226906780860777	30.960096928664004	2.4327005006681697	30.75138819538399	30.76896723712355	30.771437942883036	29.94004966373556	2.1859561675216987	29.753773509457684	29.75749267842415	29.760912609532014
2850000	28.952862960469737	2.605127401226573	28.725441003819157	28.732935449780022	28.739804703400715	29.40552771963475	2.237194756201747	29.21236760260673	29.230241281598563	29.232234080891033	28.862591138727236	2.1638461339510457	28.668714624643485	28.68355501862824	28.695881611195418	29.385024392753383	2.309181493678359	29.176544674689744	29.19460923454749	29.211086434170184	28.864177005056497	2.174976724674607	28.668453613762054	28.683607729835117	28.696331896882857	29.41258345634841	2.30840996557483	29.211785053557534	29.22073361914712	29.22744831351789	30.958129070635515	2.4246181626614396	30.748736798613557	30.768660978181416	30.77051189650514	29.94020843298132	2.1859326155864243	29.753675074171042	29.757480797013592	29.760859577633045
2860000	28.951927800443908	2.600714013952293	28.725852514490263	28.732493492037662	28.739718055230693	29.406770195077616	2.238572994644355	29.21191492073392	29.230359251518266	29.232499864164964	28.862812478457272	2.163824408980106	28.669037503759668	28.6839424254511	28.69589441118723	29.38428828041146	2.3117225027768113	29.174685208667714	29.19257447859793	29.210145871421638	28.864326317180407	2.175490248720169	28.66874665519552	28.68366611267316	28.696561401385715	29.412431110292786	2.309509076432862	29.210894701132858	29.220227241022542	29.227332535707976	30.96028826663724	2.4333715721520224	30.750301664261364	30.768740323088945	30.77083108260968	29.940132345238208	2.1860628425590027	29.75362798374656	29.757546540774534	29.760773209300176
2870000	28.951607625288926	2.6025669289804285	28.725547978752044	28.732248306491165	28.74008340337276	29.407732426013094	2.2379621751712055	29.214862614995774	29.23020336187458	29.232361807574172	28.862988125465417	2.163808973416522	28.669290343093863	28.683994685415964	28.696237094474245	29.385769270215473	2.3080797089064107	29.17583337967902	29.19429326120796	29.21032934920875	28.864498193082667	2.1754756489772706	28.66889499210575	28.68384433342073	28.696644590776984	29.412292480977513	2.3052711354140234	29.211167003522757	29.21991391526048	29.227609843183707	30.959857538664345	2.4273514252184274	30.75268741024122	30.768620810025038	30.770803706985923	29.94024488853332	2.186052799892777	29.753785684592316	29.757637252886372	29.76082704873445
2880000	28.951796389373218	2.595740661940375	28.7261952885911	28.73307890498359	28.739657587970743	29.406209200217315	2.2358723578460395	29.21035126883489	29.230263508993787	29.232270608462493	28.863171892874377	2.164028449359533	28.669359529657715	28.684150537205234	28.696288845623293	29.384929376916737	2.3059995302557463	29.175815030247097	29.19530991537046	29.21063015380931	28.864651001011783	2.175643583572873	28.66903168247341	28.68405399566452	28.696847510728375	29.41157578402616	2.3026823558485066	29.21140830950128	29.219575112977463	29.227402697417975	30.957566549844366	2.419131490427793	30.7484967270953	30.768694143653732	30.77071851848973	29.94022803290262	2.1860488519767265	29.75413202842367	29.757417011216283	29.760656832114336
2890000	28.95292948856404	2.600442024710253	28.72640858281185	28.733600558224374	28.740444702809036	29.40645455365063	2.2339294575165076	29.209990705880507	29.230179215387928	29.23318699774888	28.86333428904573	2.164014524065833	28.669359529657715	28.68451372086394	28.696364396283645	29.384971476721784	2.3065880536067738	29.17532936936618	29.19450629817624	29.210836587444746	28.864858166212013	2.175625488197902	28.669416077746938	28.68410195133992	28.697013484601513	29.412036169940162	2.304560774789256	29.210956342239854	29.22028005979834	29.228012837822327	30.960240235238153	2.4301193096774645	30.74815207882574	30.76860272503384	30.771596535094623	29.940577350208454	2.1860180539423433	29.754264327765753	29.757968256621776	29.760990040168693
2900000	28.951911659694144	2.595809989321029	28.726036379634994	28.733090875895535	28.740171075635033	29.406625144904375	2.2337805033250366	29.213177181232453	29.23025987618763	29.233148683540662	28.863498524417544	2.1639995456655314	28.669730210940557	28.68461675543736	28.6964276220053	29.384855870338335	2.307637330857609	29.174165599554932	29.19473445055042	29.210085035008564	28.865060988507675	2.175801112152329	28.669513665574986	28.684145425558526	28.697096682680467	29.411965090843296	2.3045077326397623	29.2104981241798	29.219368361248428	29.22772052689338	30.959807905785844	2.426633735838483	30.75092811651006	30.768663021779446	30.77143350316029	29.9404794249329	2.185996155112892	29.75405189715928	29.75749782481447	29.760795046318265
2910000	28.95287311572333	2.6055489923443305	28.726275332980705	28.733568166320026	28.74060850789826	29.40516328660323	2.235191133968634	29.207995032110656	29.230220958723777	29.233015081460252	28.863729840201987	2.163979037467761	28.669826826449736	28.684803690384456	28.696690428351438	29.38461887567798	2.3087395942094413	29.1744955404083	29.194783064724547	29.209777553482617	28.865323162581475	2.175775346572319	28.66967458379468	28.684331259198256	28.697300661009795	29.411809325659142	2.3056926430891016	29.210775606493467	29.220441025759737	29.227508260032728	30.95867771308335	2.4284457398364916	30.74622039932079	30.76864080864562	30.771288488589718	29.940583517297117	2.1859734275924136	29.75430898273877	29.757752896308197	29.761012355466292
2920000	28.95277822646378	2.6051643150725328	28.726382305006695	28.73348518696995	28.74001191219173	29.404581044020514	2.2358969782501443	29.20802922855579	29.23001037945765	29.2326493739358	28.86392366669237	2.1646769636714915	28.670119374109092	28.685148918718994	28.696798907315852	29.38333898027854	2.3077665326423076	29.174042732583437	29.193181246427386	29.208376042706362	28.86550857589811	2.1759999962370418	28.669790898790183	28.684439489231895	28.697461974528103	29.411976627354324	2.305179490986072	29.211826424830985	29.22014205438893	29.227161123840155	30.95702193277764	2.4283564430610354	30.74588382357478	30.768356508595083	30.77106581711133	29.940634724407264	2.1862119861852514	29.754370505938123	29.75788763952208	29.76089258585055
2930000	28.952270713687966	2.6027785407396897	28.72598715399073	28.733010723577216	28.739852429551032	29.406088625036784	2.234595554613183	29.210701497608426	29.229921196110922	29.23280809117118	28.864140296119363	2.164655006852911	28.670448812486562	28.68521701760156	28.69692760105624	29.384150158015927	2.3062243267135014	29.174857593135048	29.192564367000877	29.207692134716527	28.865763720976815	2.1762598691490105	28.66999408671857	28.684509432943212	28.697694830534147	29.411346510935978	2.3043079735445176	29.21060447529031	29.21965003675819	29.226427725739256	30.958514348758886	2.4226199956450314	30.747893306994754	30.768275543730972	30.77120084397841	29.940592783127162	2.1862154303781147	29.753959412925113	29.757758516232688	29.76094302867733
2940000	28.952444108663357	2.599638642933227	28.72607510560427	28.732855437122076	28.739507916568797	29.406750751870632	2.2347797011534296	29.213099334003005	29.23005361712527	29.23287283574043	28.864292026962065	2.1646391497471127	28.670575796246656	28.685411189634962	28.69706413411285	29.384603330789776	2.3069060742169256	29.1750720287031	29.19343407016669	29.209339491075625	28.865961642459517	2.1762418882317425	28.67064977015032	28.68464527321965	28.697908745844735	29.411722575351895	2.3054706187554483	29.211251266836392	29.219424027171783	29.226903929196688	30.959565999142256	2.421391735387866	30.750719307931533	30.768454636731636	30.77126344963303	29.94052688658387	2.1862214321476636	29.754110852814684	29.75756924628836	29.760834238565412
2950000	28.951765378450823	2.592147483135921	28.726525031683934	28.733117530268835	28.7394207934624	29.405040209700996	2.2347803807096915	29.20901422576084	29.230121289870514	29.232772102663372	28.864474382058017	2.1646216572946635	28.670630211817784	28.685713603757847	28.697230632734733	29.38443927691271	2.3081868484580697	29.176055847600416	29.19356714583357	29.20895553982292	28.866107460040222	2.1762295759755412	28.670835760521157	28.684724285210976	28.698042271719224	29.41167056423187	2.3067777717061753	29.211135714466735	29.219333496766378	29.226620761457283	30.95884046373989	2.4317251801484825	30.74657280694266	30.768501855691007	30.771164545418543	29.94054882829113	2.1862182729973862	29.754118120060795	29.757602711881383	29.760624824340788
2960000	28.95157728329851	2.602564058889622	28.72631262659911	28.732902289497673	28.739407628950225	29.406559213822177	2.2350131408042855	29.21240485237118	29.230130300339454	29.23224633834457	28.864700523965567	2.164845622316298	28.670737692441392	28.68599847436443	28.69727487099417	29.38426976655094	2.306489038212222	29.175280219753418	29.193864351189198	29.209294547542775	28.86624531796834	2.1762167579065452	28.670932264711368	28.684768931274146	28.698196078825294	29.411112203502274	2.3028583197849435	29.21083680404918	29.219069192422293	29.226773706676294	30.959141235049614	2.4270669406621397	30.750213527885162	30.768547792535358	30.77057412832589	29.940325246128946	2.1863258089933	29.753861088767017	29.757669457318734	29.760794484100114
2970000	28.951941900986675	2.5998434126950003	28.726061881653962	28.73267262389681	28.738939684069017	29.405746097160964	2.2361307418324454	29.209914429121774	29.230037057053238	29.232161772153063	28.86486127818447	2.1648291884020026	28.670737692441392	28.686173544741056	28.697484572971824	29.384966609790972	2.3100600488155476	29.176406138182013	29.19350476519878	29.210362146210898	28.866428629535807	2.176199970655142	28.670954585317254	28.685212633841054	28.69822451251096	29.41174499054882	2.3088836470357474	29.210882221275668	29.21933594283024	29.226875217485585	30.9585130869131	2.428636795892038	30.747508949124693	30.768436553016016	30.770502653381897	29.94047962858535	2.186455198578712	29.753889437194445	29.757713360767966	29.760797329771577
2980000	28.951631504238552	2.601253479943934	28.725678200649153	28.732415199439657	28.739207198975844	29.406943219407125	2.2364235951206695	29.21322308819271	29.230135380974488	29.232105077855824	28.865015917683664	2.164815191429767	28.670855941051315	28.686173544741056	28.697530841767435	29.384833724283325	2.307624298101923	29.175643796871565	29.193406717475437	29.210577843493542	28.86659371026539	2.1761851818808196	28.671267073707575	28.685358182575413	28.69828352896593	29.411556157472635	2.304164268585043	29.211418784945547	29.2193765155863	29.227326561869532	30.959590541133807	2.425683238836209	30.751225904925718	30.76853603059958	30.770505652248044	29.940586223230277	2.1866054086172366	29.753996557101857	29.757552488078936	29.760897709231028
2990000	28.95113114967816	2.586559140472785	28.72541666914941	28.732910537727246	28.73984023925393	29.405769276515255	2.235598816828218	29.211494683898422	29.23030807348803	29.23227321901173	28.865177546027965	2.1648011677459693	28.670979044243627	28.686379788872813	28.697730917919674	29.384102734279896	2.3069879552957513	29.17516422521012	29.194147418295977	29.21029821920159	28.86672848664373	2.1761725600029522	28.671489290604846	28.685773476872555	28.69828352896593	29.411410080356994	2.3049211358101847	29.210415509338063	29.21964229516947	29.227041176914582	30.958076413361024	2.42668295817739	30.74917632893133	30.768742176038558	30.77071664195037	29.94044280169239	2.186618256520646	29.75399670136566	29.757602471789003	29.760862848524795
3000000	28.951799840765517	2.6053441250413636	28.725721700547574	28.73251825393084	28.73893803547697	29.40509327037941	2.234925706878537	29.207995659917092	29.229679085080072	29.232035281786512	28.865420726536364	2.16522860253626	28.67146240317834	28.686929259181895	28.697838817050943	29.383359227156497	2.3069027858671443	29.174174565213562	29.19211047202682	29.20876164739314	28.866926990699067	2.1761536289681156	28.67185926018507	28.685974461077915	28.698463788342433	29.41118537420021	2.3046196494426674	29.21010636904048	29.219235987915926	29.226749738039622	30.95854490878186	2.429345514929338	30.745635225462724	30.767996403648418	30.770330308027567	29.940053293082435	2.1867369500270337	29.753889483180146	29.75727975513472	29.76078653406065
3010000	28.951592840270997	2.6023990068607192	28.72496621425546	28.732057615365694	28.738799020362844	29.407782484119164	2.2362717925255984	29.215391091986607	29.230191239095504	29.232494110975164	28.865598309483154	2.165212380187784	28.672024292553544	28.687045345805927	28.69776803072299	29.384902916765693	2.308829314260041	29.175677482815534	29.193625616790293	29.209969949267066	28.867057337547063	2.1761409576399595	28.67185926018507	28.685974461077915	28.698676828321226	29.41131836487848	2.3065891999748875	29.210305633867616	29.218703949560734	29.227117893069302	30.961221396374583	2.4281744961126686	30.753656455423787	30.768648358685798	30.77079722931244	29.9397287483113	2.18691883023997	29.753304307996235	29.75687368346751	29.760479438203408
3020000	28.95177567473981	2.598514145053687	28.72494005678595	28.732804101095965	28.739572877548426	29.406223859019406	2.237750087756952	29.21236917637186	29.23011145613213	29.232450336114105	28.865846452706425	2.1658722141473983	28.672162025313757	28.687156538775483	28.697951182642502	29.383961021563515	2.3122013602585554	29.17422267383711	29.193069897092062	29.208201895357014	28.867180314860455	2.1761298937037408	28.672074948179382	28.68614935581697	28.698781832982196	29.411522977722647	2.3100431485158976	29.210082913600765	29.21908541514019	29.2263081062164	30.959365634375164	2.4301211109788	30.750082483733912	30.768447280428653	30.77074482274837	29.940037343638483	2.186890231481838	29.753565478296856	29.75727165852334	29.760608254293196
3030000	28.951645724768955	2.60550032441681	28.724861777544746	28.732038879443166	28.739576774628475	29.406859901133718	2.237392584800561	29.212472862938544	29.23029815751765	29.23249316458028	28.866033640401803	2.166884432104812	28.67222718907573	28.68720457810358	28.698053187484867	29.385046246347244	2.307744420768068	29.176993023841977	29.195254423442968	29.209091648429897	28.86731964628321	2.1761160471046286	28.672074948179382	28.686201811967948	28.69883609536754	29.411571995739774	2.3057599195058427	29.210501313427745	29.219686777859522	29.226900460757562	30.95951411121604	2.426053611855738	30.750584870889252	30.768725557071924	30.77085285211308	29.940022752267218	2.18699447498116	29.75375263702238	29.757209435586915	29.76050045409621
3040000	28.9523777727644	2.6073262580895484	28.72572155292047	28.732525789865385	28.73928570374724	29.407599840662627	2.236705342258113	29.2148795667348	29.230622471863068	29.23399501722403	28.866301924253097	2.1678587062741688	28.672390177763827	28.687228160262578	28.69838843601547	29.386731534927947	2.3116374019736523	29.17863739406463	29.194794122387236	29.21021813945073	28.867489210106694	2.1763061688761076	28.67211409883909	28.686761549640966	28.69883609536754	29.41263620442976	2.3101024137795814	29.21236965865941	29.220490187413255	29.227091471390573	30.961567491466827	2.433943411766029	30.753172149278388	30.769068783566503	30.772265748816555	29.940009531612645	2.1870819220224047	29.75375826842687	29.757410355267446	29.760666004335853
3050000	28.952278694482942	2.6034948299379352	28.726260955687223	28.73297201464233	28.73920643328406	29.406107079964457	2.2371664741578288	29.211315210798745	29.230023694187366	29.233188145297248	28.86652876255388	2.1678390740738904	28.672466925157195	28.687797907488523	28.69858801558148	29.384702764600707	2.3062426840045482	29.177373704043333	29.193474947314368	29.209345292904022	28.86764401117304	2.1762925749220337	28.67231171208358	28.6869673932394	28.698929452338064	29.4118959286692	2.3046842232629965	29.21214934518231	29.219850803157566	29.226959030025814	30.958843501476977	2.424732932107551	30.749300628564583	30.768337136101927	30.771393298385938	29.94026008479666	2.1871014396679787	29.75385350151779	29.757380338677905	29.760747170411207
3060000	28.952536280455703	2.607350301042465	28.725463666125485	28.732613960838478	28.739674293815504	29.40497425987249	2.235072686915433	29.20911886684417	29.229851292956788	29.23175500159723	28.86664497556943	2.167829031594006	28.672787867613486	28.68783043142053	28.698779959752322	29.384072770909807	2.305898012543376	29.175118885794543	29.193756269904135	29.208869077816473	28.867800531567458	2.1762770837652647	28.67287206336603	28.687052631288903	28.698929452338064	29.411267690827962	2.3032484155037203	29.21099570710731	29.219637628054006	29.226260265991222	30.958303794279008	2.428719082410052	30.74680689226837	30.768229582432184	30.77011805139524	29.94045229258857	2.1871545733832285	29.753949656870823	29.757616380477955	29.760785017280533
3070000	28.952465183633755	2.6055647848398116	28.725297221385013	28.732107211692615	28.739764389876346	29.4056245591826	2.2341429524002874	29.20967388978186	29.230033240546224	29.232608483069566	28.866794129155462	2.1678156963830624	28.67314471622867	28.68783043142053	28.699072201261274	29.383848504792784	2.3077082670362388	29.17477655577364	29.193054989728672	29.209108754576985	28.86799214981728	2.1762583253216397	28.673072532973798	28.687210697004396	28.69895743704359	29.4113347964371	2.3047626818907943	29.210784158997622	29.219461328292674	29.226571666346373	30.958771911115225	2.4301396729815523	30.747682165050204	30.76834948681318	30.771001738929687	29.940017562684115	2.187194113596451	29.753524588754452	29.757159821479195	29.760346812276943
3080000	28.952719971268394	2.6020894735751208	28.725457815721004	28.732125047162036	28.739418828118367	29.40635794642303	2.234392913009526	29.21253873866688	29.23011762175656	29.232434823853136	28.866984842978187	2.168365234455218	28.6734069974003	28.688168085271734	28.699214936163166	29.38512105387343	2.30793442075145	29.175354075903467	29.194729618408388	29.211682796145197	28.868177996624702	2.1762395300699566	28.673122249740864	28.6873881444026	28.699163532902258	29.411295016637922	2.3050536330530864	29.20999232341122	29.21962510743065	29.226964534380585	30.95945112419086	2.425465184111409	30.750868659730443	30.768519241082906	30.770872573556133	29.940175996078505	2.1871777880674417	29.75346825761312	29.757071871434864	29.7604667235808
3090000	28.952257899614253	2.6035217140767317	28.72601851642067	28.73268261246908	28.739859266214253	29.406783283839644	2.2356685754602097	29.214063426644476	29.230342902428276	29.233307190732766	28.86713415407435	2.168351859490818	28.6734902924256	28.688333447933193	28.699221661921158	29.38502176004944	2.306632563027358	29.175584470303654	29.193874672731702	29.210125400008597	28.868312698270763	2.176226486911869	28.67319079790265	28.687524327942228	28.699122947233054	29.411240295755	2.306296880827757	29.210303911000516	29.219150630647434	29.227078087635228	30.960862890765092	2.4280523898905537	30.75244829871653	30.768805561474373	30.771765402494893	29.940307146522258	2.18730767871913	29.753663769910464	29.757431675346222	29.76049833214148
3100000	28.95268836110724	2.6054513370049603	28.725437296868876	28.733105242029843	28.73967781739535	29.405732981843133	2.236012722716296	29.21249726668051	29.22979195415811	29.232563348027664	28.867349533843303	2.1688617200552893	28.67374464066778	28.688373096158323	28.69929183468756	29.384976822304132	2.307978305426771	29.175500888965463	29.1947294494943	29.20943323757861	28.868463655085613	2.1762132975680775	28.67381857386113	28.6877034497988	28.699229337801164	29.411566727852083	2.3060310521465097	29.210975769285938	29.219485024385325	29.227116386395515	30.958602657763958	2.4297553444588367	30.750464797880646	30.768217961958825	30.770921826086614	29.940210421949224	2.187316166894084	29.753540067744094	29.757296804746133	29.760545484956868
3110000	28.95158404703129	2.599134942153196	28.725464502877877	28.732596653884354	28.739681370642067	29.406934366068267	2.23674352515784	29.212285495927343	29.230306325618947	29.23294860951665	28.867499314166654	2.169460504283135	28.673859169027654	28.68842738040024	28.699338749774896	29.385005585006493	2.3083671761210947	29.17453040336057	29.194783038295736	29.210126124558784	28.868567944140313	2.176203957561614	28.67403345149871	28.687740702291727	28.699282265342166	29.412038979031905	2.3069768681520877	29.211962930804717	29.220216919990087	29.22716934735772	30.96023592350949	2.426876179094461	30.75045732708479	30.768712634940538	30.77119395357682	29.940416372919934	2.187313806046108	29.753865195478944	29.757438592581238	29.76043060794912
3120000	28.95093658040046	2.587251099422638	28.72550290653237	28.73283435997002	28.73970571255762	29.404660644338765	2.2366863403447694	29.20936357440612	29.230064927806517	29.231882668271453	28.867666534367526	2.169445073401372	28.674003333826278	28.688667556445807	28.699388883646826	29.383435643640336	2.3096282363829452	29.17531600060085	29.191386120268906	29.20928339320526	28.86871569251048	2.1766120004148375	28.674206405289688	28.687806588161735	28.699437087748183	29.41163195745635	2.308033894717344	29.210504936775852	29.219591779505222	29.226875304545977	30.95825351643322	2.426089260591561	30.747815332026388	30.768448881593674	30.770301251529432	29.940575467883157	2.1873008625987342	29.75384669124354	29.757445737643685	29.76095989524298
3130000	28.952027731147805	2.6030335650613274	28.7252769003061	28.732321016978876	28.739715892497745	29.406062329351496	2.2363300733941163	29.210805995915923	29.229671723983778	29.232448926192895	28.868062690095577	2.1696233348904768	28.674116565285086	28.688808725995692	28.69964186312801	29.384148064578504	2.3089889924605913	29.17544441801696	29.192650013015196	29.209126421101054	28.868883576972475	2.1769825066530992	28.67445829661325	28.687897326254788	28.699565143155276	29.41101036788264	2.305802216152072	29.2107530198176	29.21918104758329	29.226632633871453	30.960141184947876	2.4287614059853	30.749188717282237	30.76813614730664	30.770906049586138	29.940328258888208	2.187450230238758	29.753913955364055	29.757379521661598	29.760558555349338
3140000	28.952235577074315	2.594995026586351	28.726368087580575	28.73263532752999	28.73988189128182	29.403991744073803	2.2369948417859304	29.206693464597077	29.22989165640284	29.232338440890768	28.86826672342238	2.169604596933932	28.674268631943914	28.68903950773545	28.69983675468807	29.38548324413935	2.3096569950158425	29.17555854338619	29.19432837227987	29.21065792183449	28.869025780643746	2.176968508211379	28.67446765655584	28.687953980835395	28.699717712128034	29.41246271234862	2.3067191232872224	29.211416400775907	29.22055143673817	29.228057980244028	30.956803634034404	2.428878729666882	30.744684432016204	30.768345122845055	30.77066751355067	29.940375164027184	2.187447600116152	29.753978537132294	29.757585834565486	29.760829995617243
3150000	28.95237499050746	2.606271272138343	28.726056151912985	28.732445074479955	28.73915007291502	29.40506615623997	2.2358625572783093	29.21133538872088	29.229584640895528	29.2321699996006	28.86847989375536	2.1695853584623745	28.674871386262915	28.689192226725236	28.699940417113392	29.383840859833555	2.30932908974088	29.174202431394363	29.192738870881772	29.20877142075114	28.869128631569872	2.1769590332656827	28.674624047617158	28.688049223481578	28.69976474235876	29.41150060194268	2.306862531016039	29.210203210207098	29.220229204904786	29.227035141669504	30.957394609524446	2.4307787405273644	30.747784411429485	30.768023629194673	30.77053057250231	29.940349983682577	2.1877355730312846	29.75393539804978	29.75714243172038	29.760541561708195
3160000	28.951620531444927	2.599098531684097	28.72587969902797	28.732646134456473	28.739251879158118	29.405684415487716	2.235136368936296	29.210304189372398	29.230075507237014	29.232768009643664	28.86863419442023	2.169571295640103	28.675061591278883	28.689274409129435	28.700228398297547	29.383695536693025	2.303861584392164	29.17411217460163	29.19358554135799	29.2087889272187	28.869241173250998	2.176949495570838	28.674801166886958	28.688049223481578	28.699960864327437	29.411307642120196	2.302281776904016	29.210587128709662	29.219465479177497	29.227240298079515	30.958272528414057	2.4226501543925716	30.747828087769843	30.768513215688095	30.771202168505805	29.940388717405273	2.1877578450162747	29.754040199590012	29.7572834365112	29.760609120490983
3170000	28.951797014624212	2.6061643011734907	28.72513633853079	28.732238308521705	28.7389321762856	29.4058688893559	2.2353684845302975	29.21108595904033	29.230207743254855	29.23266799903192	28.86899540034796	2.170012250986906	28.67540242923509	28.689424974955173	28.700243817257004	29.3830812825613	2.3079910574244504	29.17411664993649	29.192456340498232	29.20794805933798	28.869351835220176	2.1769383527849535	28.675115177635703	28.688194477582833	28.70005610629285	29.41074221237529	2.3056544958953844	29.209666570086526	29.219435701168944	29.226051713262606	30.959266844970895	2.4295755091673104	30.749172293129586	30.768613904788594	30.77107910141832	29.94012244960705	2.187780110634901	29.753374933642824	29.757215803005117	29.760422115280242
3180000	28.95118208915967	2.5976149039670684	28.725155118675374	28.73220844466081	28.738856198683024	29.40525855224749	2.235355616339577	29.213209145051763	29.230250041743354	29.232343121214864	28.869114544365832	2.1700015950196354	28.67582550055137	28.68943067876056	28.700295276178956	29.38550085139501	2.307187933189196	29.175546105295382	29.194366197947392	29.209918900984896	28.869507147553346	2.177321510197359	28.675180025335834	28.688594942020984	28.700428724522418	29.411892122766623	2.3046166892719153	29.21072648320145	29.22003541896577	29.227714439820755	30.957792953953394	2.425973878523291	30.751379580535538	30.768663247703945	30.770747640036824	29.940024644450475	2.1877894102771864	29.753056460350585	29.757030579698373	29.76051697663253
3190000	28.952176256807608	2.603326931679388	28.725599424099435	28.73250504217522	28.739822556514568	29.406556933230718	2.236619924052032	29.211767009289943	29.229601944500416	29.23211078686808	28.869280053532414	2.170514257753646	28.676059281710703	28.68943067876056	28.700333564450517	29.384761233925783	2.309808720019939	29.174996255914607	29.19310329750334	29.209185307023084	28.86967376868401	2.1773071217428277	28.6752561996467	28.688619621341672	28.700636680159896	29.41211380749145	2.309591243815567	29.21076104613453	29.21988767109506	29.227447138031792	30.960067678166336	2.431900521285428	30.750057501620613	30.768030463520596	30.770553839303314	29.940204446513413	2.1878700138468314	29.753736112326678	29.75753615874075	29.760676762233675
3200000	28.95160598292429	2.596684551648063	28.725668956340293	28.732701485545483	28.739386005211287	29.406081171785246	2.2360903326209076	29.21100384828868	29.23003907068923	29.23291511544999	28.869440343598093	2.1704978372565553	28.67619352626463	28.689584536454042	28.700816499447527	29.384592817014944	2.3088952060680485	29.176087884847902	29.193721483823396	29.208587350247548	28.869846853944264	2.1775796078852987	28.67531995598572	28.688692710144736	28.700836174927655	29.411865032359742	2.306053608554502	29.211260972904466	29.219694049337654	29.227147875534833	30.958977582819315	2.4291371385618836	30.748475886623453	30.768471403639225	30.771194951894508	29.94047122006136	2.187844923709192	29.753979712936708	29.757503301018232	29.76063114151868
3210000	28.951876187323755	2.607542750748819	28.725409111090666	28.732891013650317	28.739396513680912	29.407309880032223	2.2343702580732425	29.214109007979538	29.230513918004778	29.232908850002914	28.86956008976315	2.1704873691574753	28.67633641947506	28.689897410730325	28.70107911954296	29.384588644411973	2.3044768594104448	29.17478340414792	29.195112851846915	29.2107545460699	28.870079813477126	2.178265010543514	28.675437143156557	28.688961209685132	28.700836174927655	29.4113196108207	2.3017629866030727	29.21075539269495	29.219646367342037	29.22730970209134	30.960205732206	2.426170141435351	30.75161799324811	30.768924831780467	30.7712865284521	29.94051568758726	2.1878408918225873	29.753945891594697	29.75747643563783	29.760667971977234
3220000	28.952317855927628	2.6058314745018993	28.725301246296866	28.73237568868796	28.73937818307109	29.407093585878734	2.234979699129192	29.21428583814579	29.23029292292762	29.233011664836898	28.86973515955407	2.170471466821954	28.676503293105075	28.690214304798076	28.701250733052778	29.384106619316256	2.3070228670604966	29.174935221890216	29.19446644395348	29.210338967590666	28.87021040391661	2.178253094931468	28.6754566435488	28.688988521088206	28.700992359945324	29.411212346740147	2.305551959803661	29.210004631265267	29.21931997837039	29.226580661142407	30.960009128643375	2.4221291371668094	30.752534228223745	30.768746023717767	30.771429045619687	29.94044232362779	2.187805712819867	29.75365558770515	29.757255076434575	29.76076027467525
3230000	28.95242322363309	2.602334903452322	28.725686547836105	28.733112992341823	28.74022437218513	29.405344029789926	2.235620430606749	29.214128935794285	29.23026606943673	29.232425231189232	28.86989696950149	2.170456360785251	28.676541399504906	28.69053961050858	28.701293519908006	29.385688202878057	2.3081988941117557	29.177496980989623	29.196170260106847	29.21072599575458	28.870340186062375	2.1782405802085476	28.67552335503716	28.688988521088206	28.7010646321186	29.412118928057705	2.306355762905694	29.21210109641088	29.220272282789097	29.227248355967095	30.95834292611151	2.429012461596931	30.751740231384844	30.768713903767864	30.770774037062885	29.940561128373414	2.187797654835857	29.75396953119659	29.75746746749001	29.760878073775597
3240000	28.951792563046613	2.598263036764298	28.725551268789488	28.733077796448853	28.740475539712556	29.405473346669815	2.2352727321844923	29.21160051574969	29.23038004667012	29.232954821669264	28.870079672604557	2.170439831951186	28.676705919689944	28.690550834434266	28.70140068883355	29.384538550012632	2.307314428107124	29.1757456701349	29.193976435030045	29.21064832294349	28.870515549699387	2.1782246812257235	28.67572572026829	28.68913307663496	28.701190030737166	29.41118181325134	2.3041811980189726	29.210499930246836	29.218906296846328	29.22706875377908	30.958744704841372	2.4259901012236913	30.750112439058995	30.768818951840665	30.771382269181284	29.94031241856722	2.187853958566168	29.753739338268485	29.75739008826428	29.760668184398384
3250000	28.95177626765135	2.598152501455159	28.7252763176563	28.732314159806094	28.73970382008143	29.405025502683866	2.2353905929966	29.206810084981974	29.229928745198663	29.232937947037065	28.87023222068886	2.1704260511864892	28.676792635028015	28.690691809278665	28.70152930101595	29.38457511070735	2.3076824978168142	29.175722849091013	29.193600858486455	29.21005967073432	28.870662901852253	2.1782097511703	28.675927932626834	28.68920365937329	28.70125638510269	29.411653679704937	2.304717542474628	29.21079199941978	29.22019616056828	29.227276364536994	30.957148676041115	2.4260108656060027	30.743143082223458	30.768298099294302	30.771312791865483	29.940096198020363	2.1879332670157083	29.753824526226374	29.757570518737538	29.760885826867955
3260000	28.952119913185808	2.598636015625183	28.725551052259938	28.732531893933967	28.73990090927912	29.40715613220113	2.235228920566128	29.21383730738609	29.230348852189074	29.232887700295855	28.870387123539487	2.170478308047495	28.676904490911117	28.69085681114685	28.70156024005179	29.38621843968876	2.3080059960126973	29.17770759554886	29.195852767148516	29.210760615549017	28.870838495681095	2.17834858838945	28.675970377301308	28.689277296219707	28.701360355268932	29.41220634584007	2.305915224563767	29.212198350048105	29.220148519478432	29.227368271673384	30.959999955763852	2.4262889975860475	30.752117142116287	30.76878264370081	30.77123325721043	29.94038345449209	2.187905476488679	29.753903047854593	29.757443486117122	29.76078645583955
3270000	28.953354192913793	2.6024183415499538	28.726292846620765	28.732851623994197	28.73981580652555	29.406094681429593	2.23406038999061	29.210190272223425	29.22999285766673	29.23252508937399	28.870505701361413	2.17046662270804	28.67702154243746	28.690950562160758	28.701839620002023	29.384456006137906	2.3044017934364582	29.176487070304326	29.193950892204924	29.208834876700273	28.870984705321227	2.178335043223947	28.676063485998522	28.689390373483626	28.701534580518697	29.411279073449307	2.303262781045769	29.211071959358826	29.219076426701477	29.227176310020337	30.959890053178366	2.427433117309507	30.74870590369157	30.76841286620069	30.770805946584442	29.940666449222753	2.18786919684288	29.75403817139401	29.75771545632505	29.760992662506816
3280000	28.952866171432774	2.60311352469812	28.725677526380128	28.733017835433678	28.739932705399383	29.405855128600066	2.234624663432284	29.211599640666904	29.22991311217475	29.232058050506904	28.870661465919348	2.1708269786032233	28.677324400793086	28.6910415498174	28.701924183428336	29.384884936047868	2.3104650087957554	29.176059868602266	29.194451861670956	29.20975459609454	28.871214147485578	2.1787022099610307	28.67627434308437	28.689747806565077	28.70157758877269	29.41161980176049	2.3070423653786434	29.2104471315707	29.219427207797487	29.226885799470192	30.959781062183257	2.432171182946788	30.74928381100305	30.768353478933285	30.770409482684997	29.94025401792558	2.1879778887534926	29.753863504734415	29.757626298485476	29.761072145556938
3290000	28.95338475248963	2.607929515270916	28.72530878413322	28.733326228322305	28.740832482494397	29.40472984299929	2.235669956603424	29.20909462797486	29.229480898468296	29.232227838077446	28.87083726793741	2.1708098036886887	28.677421084950748	28.6912849705423	28.701972544677187	29.383342407711844	2.3070507752045266	29.174171483228136	29.19254543082208	29.20960905563843	28.87138390390733	2.1786870754781575	28.676611175908324	28.68991991472231	28.701854758038266	29.41111074841215	2.3043083649123206	29.209683304867582	29.219363935727102	29.226369076813903	30.9581939488622	2.4316902349047753	30.74714584842512	30.767902009503366	30.770605461456995	29.940240154914623	2.1879799863618876	29.75401385384906	29.75752692128909	29.76087923252085
3300000	28.952236898006888	2.6019561080660507	28.725803051294434	28.733083244294647	28.74056419050867	29.405427661069304	2.23445118876828	29.209926431570373	29.229601599841306	29.23165384616217	28.87099537737349	2.170795243386219	28.67771960880464	28.691323237226385	28.702186411283826	29.38433954830321	2.305079073956445	29.176653204351265	29.19322964034899	29.21011670786996	28.871638648818685	2.1786629214047117	28.676797518231204	28.69001922149544	28.701971803866495	29.411592592256213	2.30337099691654	29.211223236483377	29.220455671664638	29.227502690912065	30.958623462774014	2.4290903076851404	30.747816349018386	30.767971752853995	30.770102323748027	29.940335532888124	2.187972640103104	29.7540198916303	29.757563849742127	29.760650704492623
3310000	28.952578106230362	2.6071298891116217	28.725457445360387	28.73321715198778	28.74067035610488	29.404110908104123	2.2341951890629392	29.207526155696524	29.22993302111689	29.23231674467647	28.871362100388566	2.1710997273173547	28.677833056645305	28.691409218392927	28.702325780313583	29.38417412803147	2.3037558364862205	29.17551327573893	29.193528448565445	29.209393143260268	28.871756944030995	2.178900832271697	28.6768624781304	28.690208305154464	28.701971803866495	29.411167592849555	2.301564114020823	29.21080856436086	29.219182729548727	29.22666664757822	30.95694949468699	2.4200689220596217	30.745294293855935	30.768324102936937	30.770695467579305	29.940065175587524	2.18799768986921	29.753634211820376	29.757480383376542	29.760796706325767
3320000	28.951930662997036	2.602426660998947	28.725802722170073	28.73285804210056	28.740522494889177	29.405410188354576	2.2337008368815185	29.2113276447901	29.229765997722936	29.23230926281817	28.87149073708452	2.1716470630004747	28.677949234584872	28.691409218392927	28.702386452958123	29.38489005913067	2.3057890004188275	29.17569706278563	29.193940346152857	29.209216819225066	28.871866768919688	2.1788906836515727	28.67695795958472	28.69038115260585	28.70204157030719	29.41192585185185	2.3037672683993105	29.210693638809076	29.219881810667893	29.22771594457385	30.95852722586706	2.4281291215952967	30.749621541880575	30.76822414464018	30.77070845671085	29.940123205361374	2.1880433856944546	29.75359453977053	29.75740763684442	29.760839787030562
3330000	28.952619454198764	2.5993499137610576	28.72629587444265	28.733348300496708	28.740104137512205	29.405997898084447	2.2346685240211928	29.211930856177844	29.230200307651252	29.231913221757175	28.87163750386238	2.171687533143995	28.67808314819775	28.69161288108492	28.7024525475287	29.3854229355554	2.308525195478234	29.176540936219617	29.1945210174434	29.21147055805378	28.872083785227765	2.1788707913338143	28.676970635811507	28.690855295865617	28.702123436162317	29.41222211150823	2.3054014955453868	29.211811678349406	29.22012622003556	29.22731540448367	30.958331508883138	2.425960084164892	30.749756020208057	30.76855388615434	30.770283534893778	29.94031129238789	2.1880263009075915	29.753800503739235	29.75746770084843	29.76073019119695
3340000	28.95261137651694	2.606640192950376	28.7263757308746	28.732996614728123	28.73952547880566	29.40610057437373	2.235191086764857	29.210193020883708	29.229911582753285	29.233081171565473	28.871798818640094	2.171673439769663	28.67821908117688	28.69216102278445	28.70250200692949	29.38383291808656	2.3076837323389494	29.17485936388392	29.19378469448531	29.209505901763457	28.872194133302425	2.1790732857622626	28.677011475411426	28.690891245783305	28.70249364446513	29.411343101071342	2.3055216439530026	29.21058223868089	29.220404472108257	29.227329254071094	30.958974833581753	2.4277778196113777	30.74756309004522	30.768324973854646	30.7713873779498	29.94037227041945	2.18800483555831	29.75380329141758	29.75748562008133	29.760833598740405
3350000	28.951285534170164	2.598934325523434	28.725698352275156	28.7328294593476	28.73903311713549	29.405624549144935	2.2353479262851463	29.20937996308674	29.229686519973374	29.232161866613808	28.871958094496094	2.1716590027264364	28.678619836377816	28.692368204844506	28.702522094672155	29.382611027770842	2.3093410562265366	29.17263731459187	29.192169907295472	29.209134938412525	28.872392391492276	2.1790534888249153	28.6773877615254	28.69095760314735	28.70265620908109	29.41099601128987	2.3072229036178205	29.20970446813091	29.218893537474614	29.226642064791708	30.958205291850113	2.4276262730077995	30.747260841886835	30.7681250118029	30.770538918208366	29.94044123445937	2.1879984679920788	29.75365860202102	29.757524538076876	29.760791965844795
3360000	28.951433267137066	2.607350267614055	28.72535741228261	28.73219986223917	28.73914762520303	29.406730765873224	2.235387114239269	29.2130664609726	29.22997992726755	29.232277759108207	28.872067309510857	2.1716494814295184	28.678619836377816	28.692424502007814	28.702599862359286	29.38404216089533	2.3061689185744214	29.174044726958684	29.193414405247843	29.20984258067122	28.872456497244173	2.1790474755538796	28.67762096134341	28.69101390889702	28.702729973286544	29.411046516034826	2.303970613045846	29.21058178273696	29.218944272054166	29.22716036398132	30.960251194086926	2.427316071553414	30.75151215808073	30.76837231930655	30.770596318792215	29.94030521125584	2.188008922453528	29.75352625232336	29.757188563910063	29.76052854305639
3370000	28.951537453948113	2.598389600539222	28.72589104789184	28.732841682318274	28.738841086937246	29.407089102420176	2.236099860593964	29.214507370113868	29.230275646032148	29.232626185665104	28.872427914150332	2.1716299013772034	28.678667546071765	28.692424502007814	28.702648035919246	29.387235409438304	2.306362426539875	29.178892057058718	29.195947817573213	29.210735451418927	28.8726855275786	2.1793670559034757	28.67769318445893	28.69114040789451	28.70287540423655	29.412577343242443	2.305707027278436	29.21209306079204	29.220404932909297	29.227422506034934	30.960504717138335	2.4297843296582537	30.752756858347677	30.768726228171474	30.771073304406396	29.94037134837613	2.1880048734781012	29.75345114971905	29.757501099988204	29.76069326669602
3380000	28.95275331896234	2.605670937237507	28.726167212328455	28.733374886920956	28.740186296511787	29.407069191193003	2.2352500857207303	29.211626740737522	29.23049039705753	29.232781753053175	28.87262299832341	2.17211080438486	28.67877023088358	28.69253702372159	28.70280260100236	29.38654481774514	2.3077775721089817	29.178526903616117	29.1954773183789	29.211047879694117	28.87286913365398	2.1793494035811736	28.67791232905905	28.691235901598375	28.70301748786078	29.412164046726094	2.305574262861629	29.21201278256738	29.219615471703193	29.227489446946606	30.960097868006393	2.429558019777108	30.748974910304035	30.768882579936268	30.77119518904874	29.94047292629419	2.1879969403043074	29.75389467263764	29.757653193968345	29.760800655181296
3390000	28.95238909780131	2.6057951566709185	28.725837333607853	28.732763090246834	28.74009653973534	29.40670001600971	2.235068400400443	29.211738616294678	29.230132424301303	29.232780529395797	28.87275707342761	2.1720985948415517	28.67885087401627	28.69272137651828	28.702921275488368	29.385017262506995	2.3057418361748327	29.17696000583475	29.194530771872905	29.209064150137326	28.873011897840577	2.1796532596470133	28.678052514139466	28.691235901598375	28.70301748786078	29.411404179288873	2.3034199264039734	29.210862882532123	29.220034737145514	29.22690815128306	30.958994070582296	2.4283442915089144	30.748760930165975	30.76847999389256	30.770998333563046	29.94053290719024	2.187991056168408	29.7539162570262	29.7574195868944	29.760875990754442
3400000	28.9520782749703	2.5989102422647026	28.7261432147588	28.733120225009834	28.74020400342149	29.407039625929528	2.236017676708582	29.212718660282302	29.23043015145133	29.232555837921396	28.87283832163907	2.1720915006420625	28.679004184109985	28.69273489517245	28.702949397554157	29.385852206280465	2.3089933978703936	29.17727587948973	29.194664244895776	29.210764364566316	28.87311204236431	2.1798090208361303	28.678111962252594	28.69140191385109	28.703131784168722	29.412262849978926	2.306014970051109	29.211609220149782	29.220296395055897	29.227527618572005	30.96006351160294	2.4271415430439975	30.75085568076289	30.768789235352685	30.770910771198114	29.940604124805343	2.1879851575184333	29.754162140512776	29.757524547841914	29.760978043521433
3410000	28.953003785373106	2.607694103856885	28.725803086389547	28.732861596235995	28.740095184300262	29.40582281185762	2.2368551642370673	29.210542503548893	29.230200965903688	29.232244170764773	28.87298063981919	2.172078797583579	28.679090065729888	28.69273489517245	28.703136113439548	29.3850417623024	2.3077523060378073	29.176683747180505	29.194673929994718	29.210714749669027	28.873220084412083	2.1800756316344336	28.678210733080284	28.691698364224422	28.703427461730783	29.411804833849377	2.30508342007236	29.21089690915368	29.219489227087728	29.226963041219697	30.958647761778	2.429339601887333	30.748332107112912	30.7685224031473	30.770600368302144	29.940618021424456	2.187983697986885	29.754202312963745	29.7576825010214	29.761041171211858
3420000	28.952778322799105	2.601265651430019	28.72629891296813	28.73352277310187	28.740303820650585	29.40716447857206	2.2374890324193344	29.211952855292544	29.230331385310635	29.232677359135614	28.873076300815054	2.1720694466378183	28.679230495136512	28.69273489517245	28.7034057445084	29.38553258878216	2.3108785775833063	29.17604165698345	29.19456193945245	29.20996342548711	28.87331790498803	2.180066524987849	28.67847987991939	28.691883813436974	28.703517558440794	29.412291873104966	2.3083089397309218	29.211525960783163	29.220127619015777	29.227333820467965	30.96114696585088	2.4298928801165203	30.75046384546976	30.768790369878637	30.77110664255558	29.940688390397867	2.1881632400720608	29.754127736954008	29.75787900098246	29.761224642754026
3430000	28.95238410514926	2.600136995310265	28.72605920038389	28.73278012606509	28.740472759195583	29.40843468901291	2.237162935382632	29.21544089594838	29.230469743457554	29.232821743959896	28.873150709411366	2.1720609432195523	28.67946176766649	28.69281934662392	28.703605705644353	29.38587670366191	2.310171547985655	29.178447573630553	29.19487536269512	29.210383601650957	28.87351618520428	2.180257580635607	28.67855434386594	28.692058314020485	28.703674790743086	29.41260608535307	2.3074782220112153	29.212386237405408	29.220652763579526	29.227483053994696	30.961135317818666	2.423860724848913	30.753420797326797	30.76891974644061	30.771241968590637	29.940724189435006	2.1881598972179255	29.754256176132664	29.757831916112494	29.760904368845868
3440000	28.95281759913032	2.6063503442068354	28.726295755982754	28.73286928424448	28.73983998183511	29.405495560056238	2.237394181415418	29.210145525552417	29.230067048441967	29.232579392639455	28.873264593255495	2.172050852958666	28.679591533009663	28.692870554394016	28.703615205365608	29.385378240177065	2.31000467574115	29.1759772800287	29.194071372671655	29.20996969312405	28.873611892805062	2.180248818136054	28.679127744662413	28.692058314020485	28.703789830651115	29.41249264704686	2.3082959113521717	29.211785816453187	29.220720768222535	29.227401051770947	30.95866374298398	2.4309432516626406	30.747799965943607	30.76852029406256	30.771031327897372	29.94064537735484	2.18816608926685	29.754058638498844	29.75758770547136	29.760900095232905
3450000	28.951561247423182	2.5919089574780374	28.72601310669973	28.73304544279368	28.73918196269457	29.407331324027126	2.2372876497478056	29.21266020702183	29.23028832655374	29.233022922359797	28.87342455417057	2.172036212884203	28.679591533009663	28.693099411656895	28.703840587496558	29.384653092470955	2.310996728377907	29.174951707788324	29.193152796887112	29.20913919520766	28.873802237423863	2.1802312393615964	28.679485732286786	28.692207038221405	28.703801416164428	29.411509584839568	2.3080743613503665	29.210535453906346	29.21917974307881	29.226762452322436	30.960796747363815	2.425539021852886	30.75107980952916	30.768699865659052	30.771292459387134	29.940540207013395	2.188157165421921	29.753952031338113	29.75753296954101	29.760790514835747
3460000	28.951846929821823	2.598048455177297	28.725379513742457	28.732833836185904	28.739685895080726	29.40590517947275	2.236630087758008	29.21311210761952	29.230171583927195	29.232376658092296	28.8737434081991	2.172018243413701	28.67969495316107	28.693201366471953	28.703939424995323	29.38393558567187	2.3082213049396367	29.17466264319989	29.192608836780245	29.209640276615385	28.873948374979435	2.180217212206318	28.679621037804246	28.692364924996603	28.704252175731142	29.411078832585297	2.3060948367264125	29.20953953336262	29.219530744827033	29.226751085942375	30.958488834054425	2.4266729741760784	30.751304176457843	30.76857902541827	30.77074148175454	29.940147620781442	2.188306725171457	29.753526388147392	29.75705733335785	29.76082316458907
3470000	28.95268637167632	2.6015212650339232	28.725198684209698	28.732675998768492	28.73971621753437	29.40543640537728	2.236913207355278	29.211902329352544	29.22983026970079	29.232050392464437	28.874113403574768	2.1719956195113896	28.679814489008916	28.693324092605245	28.704034426276525	29.38431117913862	2.3102735810927633	29.17466395371904	29.193460868946005	29.208979122227245	28.874062654489286	2.180206336779747	28.679621037804246	28.69246838965118	28.704252175731142	29.41128018946299	2.3074223139806334	29.210721867440785	29.219333936099492	29.226779588957417	30.959025664675046	2.4291443726966824	30.750244621425423	30.768279080956848	30.77050738557047	29.940321611861627	2.188396868554315	29.75337126468095	29.75733615720874	29.760828745631137
3480000	28.95190941610013	2.598318164703011	28.72499371484385	28.732255457772787	28.74021606387168	29.408750052514755	2.2368396933667745	29.215654485132582	29.230571601640577	29.23319854502282	28.874182749182236	2.171987855810359	28.680215867920275	28.693620481376477	28.704064255680375	29.38608204762139	2.3099389568889714	29.178329698480177	29.195053405095823	29.210883194483962	28.87420793252081	2.180193026209516	28.679745447661364	28.69268175406114	28.704380060971012	29.412120687808635	2.306963837235524	29.211561127432162	29.219817971776088	29.227425179667904	30.96255010891469	2.4279839311070175	30.75409729401833	30.769007284782752	30.77149079202799	29.940298291601966	2.1883973568514836	29.753641890866607	29.757326144034117	29.760410367218302
3490000	28.95204779060899	2.6024024451061196	28.72490824234613	28.732254524510623	28.73990148010575	29.40757991537819	2.235130486402813	29.216307231434186	29.23038660822976	29.233153096181475	28.874353837073517	2.1719726183397228	28.68064021486981	28.69367146791869	28.704172128646068	29.385033657028256	2.3078936718507	29.17521616232971	29.194774606766778	29.21009167484532	28.87434841598879	2.1801796383442995	28.679802152056702	28.69268175406114	28.70447620639927	29.412335859928216	2.3066341371294987	29.211222579208165	29.21989754961154	29.227573261527546	30.96110309835861	2.4326498838745683	30.753034449314026	30.768837636333338	30.77147698240718	29.940486080169862	2.188404380813253	29.753553266867712	29.757287513134308	29.760985068093994
3500000	28.952027568772515	2.6061755759650107	28.72526812222054	28.732214147768246	28.739266965893727	29.406689782782344	2.2340968962258585	29.213866402990163	29.23035710880289	29.23341824768929	28.874495395213632	2.1724021045362276	28.68064021486981	28.693695031262514	28.70449264173237	29.38592501047183	2.3060251351148584	29.176807994567678	29.195123319474995	29.211447016140415	28.874507609249637	2.180255551160118	28.680024065068046	28.69268175406114	28.704570766408807	29.411764815331317	2.3041453506896503	29.211234479118765	29.21998566142119	29.22748373240038	30.959343770109154	2.4299816139219077	30.75103259665388	30.76877172650379	30.771800725825056	29.9405404081064	2.1883774916130134	29.753644739956023	29.757533255089136	29.7608845951975
3510000	28.951931074319734	2.597059314338131	28.72578333408652	28.732506277252114	28.7391979263733	29.40620845194608	2.235177568552754	29.213542119036358	29.230293835471564	29.23201556119217	28.874670340780337	2.1729421645039215	28.680722896959004	28.69380968838938	28.70468147378827	29.38524876283694	2.308705458038798	29.176167349548077	29.19597989728591	29.210010994758512	28.874644603324192	2.1802434677618012	28.68036683368899	28.692915488988454	28.704955292826515	29.41176871064153	2.3063337500722256	29.211080875668777	29.21972323522788	29.226977409732612	30.959702761293894	2.4236940127374695	30.75192275467719	30.768751142193597	30.770456754551127	29.940531651583093	2.188378379454534	29.75383275310736	29.757454453130638	29.760824924750654
3520000	28.95170744517143	2.602074131069504	28.725174154794857	28.732428358851692	28.739361640729058	29.407459908741124	2.2371535114273784	29.214543090502293	29.230357138368195	29.232102761025345	28.87484218289958	2.1729271166090562	28.680722896959004	28.69398685914998	28.704734810814493	29.385253939036403	2.310339149043013	29.17517951665509	29.193845166079143	29.20944840187196	28.87481951218006	2.180227015783481	28.68059056967715	28.693061448968557	28.70505558231665	29.411272847052537	2.3079083262075732	29.210573255721222	29.219694786786732	29.22651418470272	30.960924081591113	2.427497974700968	30.75283235921333	30.768812191329722	30.770480711733757	29.940370833913118	2.188532093240622	29.75377133817369	29.757614364537396	29.76083827636893
3530000	28.951746560455582	2.601717364567818	28.725825148826285	28.732795964833286	28.73958465032096	29.407449087050598	2.23658576438732	29.213214493564436	29.23012965006192	29.23216782488263	28.87496389672782	2.172916482221404	28.68096305746717	28.693993040129627	28.704912431714295	29.384952224755782	2.309076818567278	29.17590810518336	29.19493609524339	29.21042203224345	28.874946494964732	2.180215893299158	28.680675835150524	28.69311140750505	28.70505558231665	29.411475870413632	2.306583344491302	29.210927588368488	29.219777372012153	29.22611713660816	30.959822091834088	2.4231892701273687	30.75102273930206	30.768563738666188	30.77059411131617	29.940305934438605	2.188669652459845	29.753667962047807	29.757144892577696	29.760612929707612
3540000	28.952145580020396	2.607866927228787	28.726072620556465	28.733004699943788	28.73984030589652	29.406035063194487	2.2359047829065535	29.211436968216034	29.22988957112333	29.232669945882964	28.87509861018537	2.172903276315475	28.68110121024004	28.694234002392506	28.704912431714295	29.385382046683453	2.3066508982934377	29.176388163232595	29.19531329071692	29.2097236590453	28.875093003942194	2.1802025459565364	28.68069123960133	28.693429162894926	28.705084125302278	29.412293376365042	2.30469765848458	29.211364015129032	29.220684632416944	29.227575382983016	30.96009822111369	2.4330090584118733	30.74950702419553	30.768328449772323	30.77105218697751	29.94036995674396	2.1886664112359364	29.753799087221154	29.757418389855246	29.760995904236893
3550000	28.95145328543709	2.594008083902775	28.725765463144544	28.73281828620517	28.740018003754138	29.405935053731177	2.236246437552322	29.208796444511258	29.229561550984094	29.232496309893882	28.87523552299075	2.172890703772475	28.68119724385288	28.694315595962465	28.705131207904827	29.384321961286794	2.308094529975804	29.175508647100557	29.193389887124905	29.209347194922188	28.875168396770583	2.180194798647468	28.68083229289195	28.693340856683605	28.705084125302278	29.4110064609625	2.3052358605450847	29.20934477081687	29.21993938828478	29.226923666697918	30.95929164328794	2.42608106302005	30.747212338695988	30.768001264293662	30.77095330873901	29.940296983167237	2.1886712032464053	29.753601735054723	29.757555048211916	29.7608042413691
3560000	28.952722828058295	2.5998676304248973	28.726139643728814	28.732779280506044	28.739982878326387	29.40646153620792	2.2353987014056966	29.21352750825478	29.230357338905815	29.23292553970126	28.87544276755713	2.1728726138148695	28.68122078826519	28.694608811572145	28.70523885096987	29.386029517647668	2.3081465517751307	29.17564777134186	29.195703325377515	29.210255906617412	28.875333251958843	2.180336639845333	28.680845199592945	28.693469172525965	28.705227071484835	29.412225796451416	2.305963601466878	29.211656337112736	29.219786813737443	29.227610033799834	30.95916308925346	2.4294638870781693	30.750918131926156	30.768782905498767	30.771338058802	29.94018329980898	2.1888087996704475	29.753457287022055	29.757537438958334	29.76054037574619
3570000	28.953915112102546	2.6075165040981596	28.725936805295767	28.73313157888515	28.740190799339622	29.40457680162542	2.2346927630049227	29.20942355128895	29.23008151906589	29.232711276845087	28.875553295982503	2.1728625818323426	28.681233780213454	28.694790307950846	28.70523885096987	29.385552974248274	2.30973380724156	29.174862000035603	29.194612057680253	29.211126963627038	28.875408469396863	2.1803295471321054	28.680873300182615	28.69376034320178	28.70526886763368	29.412074043040874	2.305816025676507	29.211331570563864	29.21991949639516	29.227628309191257	30.957756222386564	2.4313438971192944	30.747399884900798	30.768541255362585	30.771177932572876	29.9402727844047	2.1888387111081666	29.75354417278066	29.75753116599451	29.760784589000746
3580000	28.952850136186374	2.5980238294520466	28.725582442104255	28.733256079875922	28.740241433112867	29.40642484447594	2.236091494383639	29.212731017868062	29.230297519940997	29.23325278969343	28.875705427513257	2.172933272706305	28.681314711821027	28.69488088694935	28.705697367237264	29.38530440342259	2.3072342068114153	29.177132888455738	29.193889725018437	29.210527453779427	28.875535121253275	2.180318162065235	28.68092870625	28.694092036488648	28.70534704355852	29.41214452365266	2.306226785976269	29.21213193364648	29.219950992367615	29.22728680946517	30.959688171381362	2.4257642207293904	30.75099113955014	30.768750511122548	30.77169915454261	29.940206651942287	2.188846690936166	29.753671976004327	29.757621994007	29.76081556369633
3590000	28.952500968344587	2.597278989740521	28.725810877011664	28.73329745377199	28.740295066898668	29.404932781514674	2.237652700114787	29.208228448903046	29.229605767749007	29.232737580912783	28.875829821090875	2.1729218620660475	28.6814481089784	28.694984424872814	28.70574477348502	29.383680476567736	2.311998278420583	29.175249589605134	29.192918998531106	29.208806420039664	28.875711068398623	2.1803021552312645	28.681137220272838	28.694092036488648	28.70540114347927	29.411873981884042	2.3089731184364255	29.211517045842925	29.21959607509639	29.227091707154294	30.957707308867917	2.428655773944217	30.746230405617872	30.767860500499662	30.771043694263213	29.94047673580929	2.1888215439369043	29.754184320466003	29.75764826758722	29.760733398999236
3600000	28.9524631931726	2.6003770290119173	28.725957671156273	28.73236583088034	28.739721855019095	29.407283208193242	2.2374273102976905	29.21389228359341	29.230259276401434	29.232676701001076	28.87601855543831	2.173217698114904	28.681528514224187	28.695149626531418	28.705978443564845	29.384518062219602	2.3094725583858096	29.175095924758804	29.19366815276463	29.210309233262556	28.875817593527415	2.1802929660565322	28.681220362723607	28.694200761015534	28.705519577808424	29.41160379023057	2.3075842232648727	29.21031942833158	29.219354904663543	29.22694184280303	30.960477071557975	2.4300315850563763	30.75209390660108	30.768643771944532	30.77091705103162	29.940585135256526	2.1889008630063858	29.75412426776751	29.75742667113559	29.76063532423087
3610000	28.951515896513232	2.5942609590489267	28.725390599915404	28.732816428629555	28.74009401555483	29.406092137394122	2.2365903432171366	29.210880712359135	29.23011186486123	29.232298472319894	28.87615878963243	2.173202158712741	28.681841342211634	28.695373551127417	28.705978443564845	29.384452118593032	2.3074896045520465	29.17691423365959	29.192789866487967	29.20809045219335	28.876168607719173	2.180273149508529	28.681582106433424	28.69457330409979	28.705549024502965	29.41117291339926	2.305752726595393	29.21063648901655	29.21902389400978	29.226127054758443	30.958793097008577	2.4248524238883973	30.748525142052724	30.768520654850402	30.77063555550581	29.940350323644406	2.1889211179042074	29.75396150826769	29.757209362595063	29.760487080214027
3620000	28.95233811654482	2.6010370005810253	28.725841412623033	28.732872452683868	28.73979477157551	29.4068460339073	2.234973988687457	29.21369799309316	29.230297120353217	29.232572035683074	28.8763363307191	2.173545496153322	28.681902592652335	28.695460237266175	28.706306568807758	29.38587703432676	2.3088768202008265	29.177329329311974	29.19503459808515	29.209775994264234	28.87629836052608	2.1805113875112503	28.68167224023498	28.694685966623197	28.70556994401502	29.411999024345455	2.3065354018816824	29.211556217746146	29.219846314950686	29.227602292168807	30.959865235307998	2.4305570967893346	30.75163281984477	30.76870780279551	30.77101764820463	29.940557641641703	2.1888495615782877	29.75397047238765	29.757268239697915	29.76047380663658
3630000	28.952894085942773	2.5986234875646756	28.726274486666743	28.732965915916232	28.740491634589265	29.40733210109196	2.236410532341295	29.212194401739964	29.230457933032877	29.233401119880995	28.876464718921767	2.1735343078863285	28.6819421518833	28.695607668476946	28.70633681795279	29.385779279268018	2.3095791712905256	29.177103859110865	29.195601146494262	29.210771810467836	28.876503619961895	2.180492944078279	28.68167224023498	28.69475474320587	28.705798114004615	29.412105852016033	2.3076046665100454	29.211546123380426	29.22028117628801	29.227171238478917	30.96029497772513	2.426924789296862	30.749770136526674	30.768907942323285	30.77174686728678	29.940585535845365	2.1888482007693955	29.753913596416506	29.75748086542246	29.760555249567687
3640000	28.952950192407858	2.6011841410481917	28.726374536552747	28.734092256145086	28.740449321515324	29.40655661823067	2.2367948693589605	29.213664762188724	29.230363796288152	29.232684608485446	28.876669847299198	2.173516151269354	28.681957943645077	28.695787362499736	28.706516253759855	29.385404086681437	2.3085016765316633	29.176806012724594	29.19415685576373	29.21013676056684	28.876652745177893	2.1804794049172855	28.681762895951575	28.694799312125387	28.705841157414795	29.41217026927237	2.3070794275104705	29.211400066421323	29.220178697951447	29.22777046193753	30.959784052606224	2.4307077268544623	30.75203517376183	30.768779418322822	30.771060628929177	29.940903790525983	2.1888197266237577	29.754107310161654	29.75770090159071	29.760809900310356
3650000	28.952662273255985	2.598581013508146	28.726106589612197	28.73283978144602	28.73966790471692	29.406372320621212	2.236128262744413	29.211488209836592	29.230373083487635	29.232559079127732	28.87675268268421	2.1735069291723113	28.682126534166613	28.69593494750189	28.706669268907966	29.385813243235972	2.309852968035874	29.17694578022378	29.195288631706198	29.211068554164314	28.876779282180028	2.1804672831030656	28.681945765156705	28.694987738129512	28.70590344086486	29.411856355059108	2.307309533777012	29.210580909941484	29.220223163704915	29.22740159188205	30.958979328431273	2.427945638065339	30.749291749444033	30.768755333313614	30.770912691711004	29.94083196002602	2.18872416313892	29.754004096578793	29.75778513694374	29.760948567445332
3660000	28.95306932097754	2.598866675425977	28.726312341720174	28.73265944012496	28.73991009667359	29.40715625494204	2.2348477115563914	29.21404274368619	29.230393962331664	29.232985129889393	28.876935517742833	2.173491008584984	28.68235803265673	28.69605946466291	28.706723753624665	29.384178426836513	2.3094926002954246	29.175090886150056	29.19263230855795	29.2090704215895	28.87691691735	2.180454433704613	28.682121786636678	28.695055409987397	28.705999185816317	29.411635347170932	2.3055772149423785	29.210653458809784	29.219648740368818	29.227210085325435	30.961021379094184	2.431080509525015	30.75247980656391	30.768853293567783	30.771429524891126	29.94058083524244	2.188865770396407	29.753738848135377	29.757412431299077	29.76064982161796
3670000	28.952520320441586	2.600483210677974	28.726084557067193	28.73260789574462	28.739586659194103	29.405474006144118	2.2348249752470126	29.211497770476576	29.230086117133894	29.23262429201962	28.877046889280635	2.1734811549431776	28.68251690951817	28.696171871404097	28.70674832232379	29.38388308203405	2.3082063630761507	29.17527217359274	29.192879586990383	29.20967710456238	28.877064717153907	2.1804407712856833	28.68217314028267	28.69512899424328	28.705999185816317	29.41115585739546	2.305065309084878	29.2099797823995	29.219452047983598	29.226685236077014	30.958245620853162	2.430729897015108	30.748739769292065	30.76850424118763	30.77089464191262	29.94059456900277	2.188864220232967	29.753906531428253	29.75721905761492	29.760616196145733
3680000	28.95250283729507	2.6061207041796473	28.72611273230075	28.733184040070476	28.73990281540811	29.40653167717702	2.236042309801767	29.213168892163836	29.230367815348714	29.23273734640107	28.877403780868946	2.1734576073530745	28.682799271664962	28.696317484449214	28.706766606970483	29.385356383657005	2.3093216010587163	29.175555970248677	29.195140163860728	29.210502485627273	28.877171949277248	2.180431239240822	28.68254607501633	28.695169783533927	28.706168833240927	29.411950145414714	2.307276694803956	29.21113603805934	29.21971362935868	29.2272544902808	30.959838963831658	2.4300408930867707	30.751198537016236	30.768737379859544	30.77095754752355	29.940816808376763	2.188844562918548	29.754141669491403	29.757526752037265	29.760783867346348
3690000	28.952815442031202	2.605909940142616	28.725297777480847	28.73248715683591	28.739593679835068	29.40701090510717	2.236891018940454	29.213559839545386	29.23049327565507	29.232687447581455	28.8775213916753	2.1734473754616532	28.683101418293774	28.696543324441336	28.706787055533066	29.385701464328864	2.3102724216938975	29.17752945459662	29.195130967901676	29.21003488218536	28.87731056260595	2.180418785141694	28.682798986500394	28.6954634320326	28.706245389308304	29.411833279307	2.3067890347515605	29.211597540463362	29.220066467488085	29.226809945935877	30.9603230764719	2.432043562280173	30.751757268961764	30.768933146932874	30.770925496004203	29.94079222412116	2.1888456380514336	29.753780170131453	29.75752624792297	29.760579879974802
3700000	28.95234211448549	2.6036011532487646	28.725747233181732	28.733038721345643	28.740273400212743	29.40700617599719	2.236518017902387	29.21220596889024	29.230371572896665	29.23265179387937	28.877683998955753	2.1738147531421936	28.683234669320235	28.696679048526885	28.706844455455478	29.385890591651254	2.3063168934503744	29.176914279112594	29.195767586490184	29.211815665931912	28.877471770988436	2.180562999458692	28.682943778014753	28.695879906677135	28.706389882006306	29.412156405795262	2.3056330993294303	29.211607237028968	29.220088582774885	29.22727587199099	30.959752284140876	2.4273567553578275	30.75041607788332	30.768798242012394	30.771091542004328	29.940668807952584	2.1888130627076374	29.753847452633806	29.75760270180399	29.760935352076892
3710000	28.951572576184518	2.5967152192456275	28.726087808306488	28.73287564994618	28.73995869557567	29.407369760324183	2.234678438249923	29.212853196120246	29.23016729765896	29.23207504718731	28.87780164340883	2.173804151967809	28.683324127265468	28.696846883806266	28.706970977828078	29.385503133038796	2.3056087474020512	29.17700585744022	29.194806158401335	29.210337639197487	28.877612515475118	2.180549596238029	28.683027084769183	28.695921366389882	28.706595464099177	29.411508509870753	2.304464642650371	29.21099985754001	29.21993696060652	29.227018350731957	30.96052847489306	2.428597536426559	30.750751313237746	30.768594083904024	30.77046263768484	29.940720243279166	2.188824347563538	29.75410479999519	29.75770551796723	29.76081079653949
3720000	28.952564791011913	2.603347009822699	28.725530970937502	28.73288829365557	28.739998842017265	29.40798962150964	2.2350582949822	29.216139536194632	29.23039681823436	29.23278744696378	28.877979815651095	2.173787871216985	28.68351021286692	28.697129422857167	28.707104777455786	29.385374382351582	2.3112754950296654	29.17621245205567	29.194069221751825	29.209537864118015	28.877710518885944	2.1805401761212377	28.68332138007884	28.696190732949976	28.70662028965055	29.41204911240816	2.3079183324993218	29.211232254485637	29.219979242578223	29.22728331872222	30.96165111164676	2.4321883682942014	30.753883723497403	30.7688080733961	30.77122559211986	29.940369952793095	2.188854053459443	29.75363600921219	29.757458736093085	29.760808181284084
3730000	28.951578867210742	2.59045646540197	28.72621154614169	28.733064813812813	28.73975134320883	29.40608912223936	2.2347224534060985	29.211467010584865	29.230147236326445	29.23248013617586	28.878111481536216	2.1737736957921396	28.683661806853998	28.697303474240737	28.707104777455786	29.385363212365277	2.308793083843609	29.17700357562498	29.19355280999354	29.211494421885117	28.87788972308725	2.1805235404603054	28.68358742769971	28.6963037163268	28.706707239958337	29.412501196449607	2.3066633709846895	29.211714984481727	29.220209730473226	29.227758301351088	30.95887709025668	2.425704537258923	30.749288671953355	30.768576767882244	30.7708378457032	29.940520589754716	2.188843025980116	29.75386638955935	29.757648876107652	29.760851237022116
3740000	28.952509910078096	2.600482721557203	28.726397479863373	28.732740018300273	28.73940519870957	29.405346201663285	2.234914290411151	29.210599446310212	29.229606817435613	29.23223916717175	28.87823460733592	2.1737625452228904	28.684138620087772	28.697354205467974	28.707171857175556	29.384297242346765	2.3091448188379093	29.176409153846013	29.19286690797494	29.20930507335318	28.87796569039728	2.1805167883240886	28.683611283669237	28.696420807322724	28.706853016046942	29.411786992675715	2.305945236790331	29.211029269879816	29.2199289273822	29.226892338830872	30.959191556748788	2.427032641223496	30.7486300213983	30.767932138848195	30.770686371409045	29.940741838349556	2.188773861187578	29.754221336221025	29.75771451551065	29.7609478893434
3750000	28.95220667786143	2.5971283900833715	28.72597722863136	28.732109830876418	28.739501944353286	29.40651238266355	2.2334862461820157	29.211594916774956	29.23035311320392	29.233088986172568	28.878376223022745	2.173750047711008	28.68436423535179	28.697427449936015	28.7072385828991	29.38494100659376	2.304586494804248	29.175452839745194	29.193819239188706	29.209373075939013	28.878047052728608	2.180509823837847	28.68363215446306	28.696569328273668	28.706889331501074	29.411210411092465	2.3034718864426353	29.21102256734784	29.219583539275007	29.227499045508047	30.95923247215853	2.426071466916896	30.749150669051332	30.768788077006832	30.77135040861273	29.94043271620571	2.188897571151082	29.75392778819835	29.757319385840706	29.76064717911043
3760000	28.952405471449495	2.595814829403639	28.726246349100272	28.732892139063317	28.7399437943166	29.409868706293373	2.2336462234766263	29.21975677044013	29.230529092429904	29.232509002282754	28.878506226480404	2.1737389925586936	28.68470453653965	28.69762123808613	28.707502279572097	29.387792493926625	2.3071633837852086	29.18106659842895	29.197012254592813	29.21152557085317	28.87818091683935	2.1807808668421105	28.68372511907879	28.696679919082506	28.706914035137885	29.412600189973244	2.305184890690076	29.21305378969196	29.22059580475281	29.227099365587748	30.96390092466479	2.4271289331051733	30.75812183233735	30.768977104712125	30.77096564983336	29.940496593267437	2.188864586649291	29.75379096683688	29.75763650521658	29.760665224827743
3770000	28.953388851004277	2.599049223714866	28.726327635288392	28.733821494147755	28.739777665189784	29.406713227782063	2.2338872321575383	29.212260238247715	29.23030080139031	29.23242235943753	28.878667906848232	2.173724443259255	28.68483109569715	28.697766737847815	28.7076777357619	29.38550315544347	2.305482864545785	29.176893946151914	29.194117846287973	29.21036103504731	28.87831504775609	2.180863649279636	28.683802035721314	28.69691137444236	28.706914035137885	29.41181135194892	2.3041942065619447	29.21067606654664	29.220639355107885	29.227282817743124	30.959823833138117	2.4227043458967943	30.75051621072079	30.768731610942467	30.770703655612422	29.9406375148015	2.1889696236001055	29.75392642396701	29.75748813362904	29.761065449794366
3780000	28.953390766902313	2.596228936298611	28.7269166423355	28.734043887156467	28.740295997903274	29.407932337629596	2.2342997104043096	29.216155103405686	29.230395728659584	29.23273649666772	28.87881566365253	2.173707402165542	28.684996591099313	28.697766737847815	28.70777192379412	29.385849870041497	2.3085042654353134	29.176841973747727	29.193910704184503	29.211805924307452	28.878422263343673	2.1811344581930223	28.68393655261583	28.696917850351674	28.707021124719425	29.412304762628665	2.30531212612532	29.212044684639096	29.22026857135195	29.227852682274726	30.961190594206094	2.426731944512123	30.753469016637467	30.768817286396853	30.77118768946396	29.940958989895023	2.1889444160151945	29.754320491747304	29.75780960388708	29.761000015393222
3790000	28.953353663664902	2.604873297514644	28.726253486218084	28.73346802185093	28.740424080932723	29.405503636363903	2.234850880487456	29.21023898681792	29.23011539104479	29.232274876249456	28.878904077874687	2.1736992022799306	28.684996591099313	28.697766737847815	28.70777192379412	29.384796152932545	2.30739470897651	29.175802457120774	29.193952374363164	29.208667155932154	28.878534983095516	2.181100319637888	28.684022573605013	28.69695270778776	28.707081763756086	29.411494699686287	2.304562107516835	29.210895571212728	29.2196699935921	29.226717692045817	30.958325756346937	2.4313308585910725	30.747368625315467	30.768525472445617	30.770628211089466	29.940663241512294	2.1889699369365667	29.75408905256241	29.757799170954833	29.76089605936067
3800000	28.952426016754096	2.5950846005962633	28.726041027773004	28.732643559752198	28.740218945793796	29.40669327162973	2.2356907436355256	29.21174725913791	29.230476728322863	29.23320466609326	28.8790227223431	2.17368842148494	28.685452852945943	28.697875314091334	28.70786480879491	29.384274757002174	2.308344679765944	29.175596471882294	29.19451888089732	29.208852545203662	28.87874843520025	2.181414328298349	28.684126150532478	28.69710089076102	28.70718249294961	29.411755942047645	2.3074723836228537	29.21047963377742	29.220178827651637	29.22735261988265	30.959482784023677	2.4245204916739422	30.75016622403781	30.76891804306886	30.77142860120527	29.94048979752868	2.188984963508292	29.75391395868798	29.757749158950457	29.760893948761396
3810000	28.953401069099318	2.6030170985032726	28.72592532442988	28.732843658648605	28.739884484214357	29.40661044923623	2.2367237988956155	29.212217071313358	29.230340604789156	29.233350438517938	28.8791340319199	2.173678412062625	28.68597986204966	28.698034954614684	28.70797014956571	29.385256303725118	2.307812522472305	29.176131380631276	29.194539598022562	29.210879332779943	28.87889947969667	2.1814013249584634	28.684595382028792	28.697105396094194	28.707349406007598	29.411511005373804	2.305807815902953	29.210626739274716	29.219340841640076	29.22692236735999	30.960019640164887	2.4266589430235674	30.749763436797245	30.768745797436054	30.771550774793884	29.940405212073305	2.189078109212373	29.75372441766003	29.757286690416123	29.760755027179222
3820000	28.953472139941535	2.6044257867846046	28.726449552514165	28.733293536969285	28.739995799381095	29.40439605094289	2.2357669302238623	29.210564470108178	29.230043154202725	29.23223078213507	28.879228807726143	2.1736700862421308	28.686149254172665	28.69810918659871	28.70797014956571	29.384215725575487	2.307243401267157	29.17640354441462	29.19397117676045	29.209534075622813	28.879006342738325	2.181392364911472	28.684698249253078	28.697152483451234	28.707493887994058	29.411456875534824	2.305820301520482	29.210810486209358	29.21971754847615	29.226990252286846	30.95753838528486	2.431357294061736	30.747600349751366	30.76844607385557	30.770556223169972	29.94043473222144	2.1890148637405518	29.753898586363473	29.75753502235488	29.76065119099634
3830000	28.95275051126732	2.60785591164352	28.7261330960973	28.73305224673277	28.739948938977804	29.40654488756511	2.235977685012896	29.212049140279024	29.230293262860016	29.232360125824247	28.879375632374966	2.1736573093239637	28.686396891966304	28.698349001643265	28.708116920178085	29.384814433447627	2.3095657977266515	29.176458825451782	29.193888579394105	29.21019304559062	28.87916002518237	2.1813773585509733	28.68486306897962	28.697327881687322	28.707524642293716	29.411840559331228	2.3063107579943805	29.210916421063345	29.220366594851104	29.227195385277692	30.959523882131965	2.433082951333213	30.750000890924508	30.768712182780572	30.77078848041131	29.94064053177339	2.188995016645593	29.754160583569867	29.757598063382183	29.760544435122313
3840000	28.95215083900023	2.599010841226458	28.725790143351077	28.73319926367535	28.74011485424449	29.407252701040537	2.2369885157260225	29.213838360988547	29.230202040767747	29.233023121024623	28.87950630800046	2.1736451377251145	28.686617852694347	28.698384765677133	28.708151426027424	29.385760984073148	2.3111245563355207	29.178326228996607	29.194909922301086	29.209669781766117	28.87933803428237	2.1813604485602824	28.685461943399968	28.69774389494364	28.707695363425767	29.411632161469143	2.3091482672218575	29.211176492220932	29.21923587868445	29.226471739349243	30.960978101637053	2.4300923263923875	30.75231999713226	30.768619145394126	30.77134543919575	29.94033283521089	2.189143070089524	29.754091598598748	29.757520221497487	29.760512864451698
3850000	28.952528318988005	2.599595167341556	28.724660894192123	28.732431195220606	28.739803732034126	29.40471997327374	2.2365827115993144	29.208436679529623	29.229586123006932	29.233201466179402	28.879620317882782	2.173635281701617	28.68681845403406	28.698586365808755	28.708205924759778	29.383487486453728	2.3095575826161223	29.17504627221388	29.19336179426321	29.208471287767964	28.87951792028417	2.1813443786522924	28.685530288752908	28.69796789343926	28.707876187157133	29.41144088269884	2.306806849678544	29.21073998593747	29.21986582516491	29.226738508521105	30.9584807696567	2.4291043864344886	30.746465775144447	30.768019586638886	30.771636282434294	29.940033262358376	2.189216339559587	29.753354412025363	29.757313315189272	29.760468992897856
3860000	28.95202973138538	2.6017277788021365	28.725167692085336	28.73213874444183	28.739178865893805	29.40699750579516	2.235696557309424	29.213245472033517	29.230083157744154	29.23328506666255	28.879716613998706	2.173626333015637	28.686876555612905	28.698733041062496	28.708254614424455	29.38414926752699	2.3092805656764726	29.175594297149967	29.192857117654142	29.20922909681616	28.87965189795486	2.181332707591958	28.68555993884353	28.698211496613837	28.707876187157133	29.4116577186361	2.306342535183871	29.21060484904551	29.219261476892825	29.22727579443179	30.959908611951764	2.428344292099096	30.75062832430551	30.76845300750201	30.771611804632663	29.940148463758074	2.1892943834878307	29.753583249320968	29.757283925942154	29.760439073796206
3870000	28.951343599482644	2.6013595786733594	28.72511211340087	28.731931127064215	28.73912079577848	29.4056427023378	2.236226189899111	29.20910712921862	29.229950768694763	29.233256248727486	28.879826870482685	2.173616006372629	28.6870295628501	28.698887388271622	28.708273525370295	29.38540386256623	2.3090908724846613	29.177437069847137	29.19553312137066	29.209792643257828	28.879824167340132	2.181317574084065	28.685854419034182	28.698243429540106	28.707946175688903	29.412025179051913	2.3069302772934908	29.211653238981732	29.22022788814016	29.227182164659258	30.95897091738001	2.430494308061472	30.747357022426442	30.76841445842534	30.771700535363518	29.940381974800996	2.189313883537915	29.753686745273228	29.757332457275517	29.760739337220254
3880000	28.951352313008538	2.6014053011349048	28.725371964817185	28.732391693126424	28.73955938471405	29.406407955186573	2.236379012362842	29.212519365907145	29.230046515963977	29.232418510963633	28.879969495768293	2.174064887188375	28.68712554129824	28.69909494074987	28.708414803202302	29.38688075255443	2.3096884335670937	29.177862195051194	29.195430489134168	29.211448854593137	28.879963384963467	2.1813048268228368	28.68595192602364	28.698280131238196	28.708110661910247	29.412764191140013	2.306096735286518	29.212020976960567	29.22057700592817	29.227822557979778	30.959452964202736	2.4292466342778583	30.75062447241784	30.7684525426153	30.770772177729466	29.94056270182344	2.1893135242252364	29.754090061203527	29.757317215139036	29.76075327906406
3890000	28.950942697368568	2.6025226823771628	28.725371257454412	28.73255106593416	28.738831150162014	29.40759230246703	2.2369671660647343	29.214052733515803	29.23040222530763	29.234598164385137	28.880094544120308	2.1740538197186927	28.68722409298925	28.699304600252738	28.70846865846839	29.38397852699773	2.308941815048463	29.175354767736287	29.19320262302557	29.210030348937273	28.880072290451846	2.181295330839552	28.686134186459338	28.69842309913897	28.7082206126191	29.411688721075887	2.306579516951629	29.210932875109293	29.219632053253328	29.227024465839456	30.96038726213122	2.4275064574155505	30.75195710794908	30.768768191253223	30.772773402648554	29.940691417283276	2.1893337061914457	29.753941076306905	29.75756166573226	29.76080788915734
3900000	28.9507961922351	2.601058764753434	28.72509946761884	28.731893879475603	28.738462274783974	29.406425006398173	2.2358372234092356	29.2146094148737	29.23034334709442	29.233176804220093	28.880247050004666	2.174040910370765	28.687277192188752	28.699438052007118	28.7087492684871	29.383864173341347	2.307742738881961	29.173953860329526	29.192804074637063	29.211115676886504	28.880166691188442	2.1812864633058315	28.6862468837065	28.698572946166017	28.708394813228985	29.411087640495815	2.303920451031341	29.210149357992318	29.21943034428338	29.22720191108148	30.95923570121735	2.4294453241768177	30.752687472938835	30.768750113867064	30.77143942741119	29.940536336365234	2.189347224960675	29.753910281815088	29.757377343543403	29.76078131215783
3910000	28.950981879238793	2.599667542924991	28.72489030454285	28.732197368279238	28.738750175297827	29.405642242032517	2.2353827521963856	29.210131522869123	29.230227343942897	29.232658661723097	28.880337746784274	2.174032572833189	28.687467019926103	28.699592152571455	28.7087492684871	29.384602448395878	2.308243206984343	29.176258163835573	29.192834014691456	29.209173049195314	28.880242081994602	2.181279027602292	28.686305818080058	28.69860402673642	28.708394813228985	29.411726704850146	2.3054507981280983	29.211304490895483	29.220012378843656	29.226968836768766	30.958904930584595	2.4287872610805237	30.748434547523757	30.76868506209873	30.771123260709324	29.94054213217561	2.189386778159512	29.75335240912547	29.757293456683367	29.760721922788782
3920000	28.951351662797496	2.6037104904226593	28.72477931893073	28.732215627850564	28.738872104872012	29.405900456996374	2.2353067829683986	29.210263235524508	29.230315406290202	29.232897735933957	28.880628937950277	2.1740149824240635	28.68757342696386	28.699668166647008	28.708881144712922	29.38439505545599	2.3085524474424304	29.175557964225714	29.19255995339053	29.208398645865955	28.880527392775633	2.181265344748853	28.686351922681524	28.698655067791	28.708492961484726	29.411251006426145	2.305746894958885	29.210159734335438	29.219687056409512	29.226738458501547	30.9595569817486	2.4301850034986634	30.748114759537717	30.768723754818815	30.7713536802838	29.94044308755613	2.1893956732004956	29.75358295652824	29.757125123738227	29.760550819476546
3930000	28.95232351986363	2.6077216244033194	28.72513231472074	28.732180685326036	28.738792985717282	29.405128956560954	2.236017900506693	29.208971283181057	29.230335735648133	29.23295543627749	28.88077649222346	2.174000932409126	28.68757342696386	28.699893619471247	28.708969458293424	29.385042903240798	2.3068538573377344	29.17638141859369	29.194778090330086	29.21124994731759	28.880598443869328	2.1812583362268416	28.68637257659337	28.698706771642456	28.70856528036699	29.411783583021755	2.305548068859968	29.211327394154697	29.220509731628788	29.227527894197582	30.958799125642788	2.432787919395416	30.747286119455197	30.76871802931141	30.771287657822803	29.94015075441169	2.1894232594110377	29.753346356499254	29.756877244350758	29.760700464996077
3940000	28.951707276812517	2.5969096208946922	28.725748908578176	28.731925426985697	28.73869850494413	29.405270351755952	2.236451467471932	29.20979848005826	29.23040457082769	29.232918057188567	28.880882806866605	2.173991826901408	28.687640347828484	28.700145785989093	28.70914399460944	29.384834474931818	2.307761859656513	29.17345508641612	29.194629835053824	29.210594577665262	28.880751095690933	2.1814407312378963	28.686565295093168	28.69873282857207	28.708674990150353	29.41204740555841	2.3064407831737874	29.211311897157465	29.22018841046107	29.227842075711507	30.95819138830242	2.426888488981244	30.74820476086344	30.768867067683814	30.771373947752615	29.940327477245592	2.189474078440437	29.753656153178135	29.756979369126704	29.760560775985535
3950000	28.95198149489819	2.603574257247013	28.725657680378763	28.73282119073408	28.738824073863277	29.406012858555965	2.2360108739035587	29.20972322262076	29.230512881489823	29.23239175463851	28.881021124590863	2.1739786772166823	28.687782946741983	28.700281951887753	28.70929042663147	29.384858189558972	2.307475042127566	29.175757868341357	29.19514309938573	29.210666325607633	28.880852447583294	2.18143198265303	28.686565295093168	28.69884245699783	28.70871554233485	29.411342147444326	2.304940743450212	29.210847455149658	29.220191001991353	29.227139040323102	30.95964540904761	2.4284967857474804	30.74771807175975	30.768932756838936	30.770781171247886	29.94054195642033	2.1894921101155598	29.754044684029182	29.75726354165839	29.760446088499535
3960000	28.95163336363767	2.595477729610663	28.726039965187645	28.732364581842486	28.738927135223687	29.4054042052654	2.2372991465802885	29.207740676017778	29.23001030348685	29.232310812681774	28.881179661618543	2.1743318451842653	28.68819386703287	28.700524283850605	28.709497227899536	29.384178037534404	2.3087288729295827	29.175572328977445	29.193120989743043	29.20938975569233	28.88093494814178	2.1814234791310403	28.686714407180997	28.6988603263064	28.70880588236114	29.411498844260468	2.305702184944675	29.21079851396076	29.21958508806867	29.226986104081373	30.958582042766555	2.4282400078929505	30.746182008879394	30.768471794474042	30.770721045231156	29.940671554607214	2.1895036153085683	29.753887397161222	29.7575188677688	29.76079051204426
3970000	28.95185169780156	2.598120857926264	28.72596196365701	28.73313271062002	28.73933297128204	29.407111528148633	2.2360066742329754	29.211257127260527	29.23026518989129	29.232709945476735	28.88131410628942	2.1743196505580165	28.688235103360316	28.70071505485047	28.709509919823397	29.38455736621442	2.3074107085931406	29.176064178456386	29.19439027242929	29.209425018834793	28.88107351027622	2.1814092383302057	28.68673765125689	28.69894433676242	28.709094162240632	29.411925621967075	2.3055430591742954	29.211156528509406	29.22026415894257	29.22732886395197	30.960239355340857	2.4246231418342203	30.749445037499083	30.768702265159053	30.771055911454617	29.940526959591875	2.189543470200766	29.753842677422732	29.757551498647874	29.760864343624498
3980000	28.95227907103724	2.604125989094475	28.725174006767578	28.73291252073173	28.73900838966481	29.40711740392518	2.2360805725128867	29.21330126612751	29.230107970961015	29.23248181094724	28.881473238106423	2.1743056204951965	28.688333582023873	28.700931482280332	28.70955182114372	29.384816731159663	2.309119144123959	29.176615041137005	29.193658208244152	29.208600260194405	28.88122484397758	2.1813960751117896	28.686783761244808	28.699090316177486	28.709266307795644	29.411680932723375	2.306124171559187	29.21116533229835	29.219451678158222	29.22614618390454	30.960303233214056	2.430176766627635	30.75113526505699	30.768549552849016	30.77086164959419	29.940456743221723	2.189621774360706	29.75359850190729	29.757612409022048	29.76055052159612
3990000	28.952013015079302	2.5989664429488677	28.72528684786988	28.732786495395874	28.739250320328267	29.406212640257316	2.236321589129237	29.20901580102279	29.230345279110523	29.23321574318146	28.881584065733215	2.1746070579432866	28.688355785547568	28.700971650828386	28.709579071301675	29.38556071909545	2.309654309745389	29.176521753028716	29.193528022002386	29.209870911085424	28.88130192161558	2.1813881693426294	28.687003496624452	28.699262846020808	28.709391947958856	29.412283025281187	2.307439399804277	29.211540607777405	29.220189373014755	29.22757150656279	30.95961178534109	2.42846093725518	30.74722880157741	30.76879355739568	30.77167085147896	29.940470501092257	2.1896168853660103	29.75379100119001	29.757483283561882	29.760612849796356
4000000	28.95272114467208	2.601186395404373	28.72555091053387	28.732866427104234	28.74028923605303	29.405770460532427	2.236493411018768	29.2101132205865	29.23042797799482	29.232771157564404	28.88167706090747	2.1745951924859073	28.688504934484406	28.701086361218643	28.709627295404477	29.386246798677856	2.309774534429378	29.176200014239903	29.195328493446855	29.21125000838471	28.88146619655975	2.1816095708125984	28.68719350206979	28.699456619140875	28.709510471225755	29.41282836253098	2.3091977113100763	29.212369504269105	29.220130421645152	29.227206705966218	30.959513823198776	2.4316997725969247	30.74745856265644	30.768837245105253	30.771136239608047	29.94086066235792	2.18958254252981	29.753723904557006	29.757839535788456	29.760970641136346
4010000	28.95286190412734	2.6016812460526695	28.726038095058936	28.733388806262028	28.739598568297936	29.40784002234239	2.236051290483648	29.215237982746352	29.230546322747173	29.232727579609254	28.88181154959138	2.174582230052005	28.688542364733532	28.70110388445959	28.709800023609827	29.387168318918622	2.308428742668854	29.18071056585216	29.196789755762502	29.211034968841176	28.88156259025533	2.1816011401093762	28.687268225101153	28.699541105960595	28.70972842101203	29.41300343254452	2.3068854224793958	29.212985684423494	29.22088060282666	29.227148525789318	30.960883444649358	2.4263815336112198	30.752827041471747	30.768978749966237	30.771108948768738	29.94094399810015	2.1895863319403266	29.75423893668473	29.75782308868221	29.761114872902354
4020000	28.952990526494712	2.605014317932393	28.726323043841692	28.733557200984585	28.74048103667357	29.407279025987904	2.2353106800293197	29.213039686118655	29.230457424069122	29.23316047484714	28.881927605800144	2.174571750362238	28.6885470510505	28.701185633186366	28.709952838519442	29.38499346117658	2.308003444257509	29.175377265769402	29.194292491153668	29.21035257601781	28.88173503222297	2.181585500144498	28.687366038647504	28.699742465225	28.709900090928638	29.41153312243559	2.3045667460268846	29.210699235481385	29.219442450716564	29.227599470312168	30.960099674069625	2.425563710059133	30.75050394544477	30.76888973937315	30.77159129737587	29.94097204793364	2.1895650175521713	29.754560139865912	29.757870206235957	29.760942396947577
4030000	28.953261317359043	2.6070698941550243	28.72599386059099	28.733304563794626	28.740349499485582	29.406166217338104	2.2350238877411512	29.212043468805334	29.23008300947483	29.232944651363155	28.882049835955836	2.1745609722109016	28.688646437280156	28.701360955330344	28.710121040314647	29.383745102040184	2.304951065971712	29.174701276323262	29.193487343447227	29.208810300816097	28.882055220560026	2.1815708819646997	28.687458484593062	28.69981400037618	28.709900090928638	29.410934272935297	2.3033852907012915	29.209988045043954	29.2191157347168	29.22636626626054	30.958549119873837	2.4249075137933236	30.750057637397425	30.768415554884037	30.771059787490778	29.9406478577064	2.1895913965191096	29.754039724800315	29.75762544867099	29.760929449626822
4040000	28.952400942628344	2.599616631666204	28.72621947343984	28.732968613811643	28.74010698257708	29.40638565661293	2.2346746498814793	29.214207949646816	29.229837204850718	29.23276754636924	28.88225820400112	2.174941512648533	28.688678247539414	28.701522026508602	28.71014477526021	29.38383804779174	2.308064196132953	29.173153111879376	29.193224574327644	29.208572540275572	28.882186724418265	2.181558968127239	28.687576795406972	28.699979784180087	28.709936781480703	29.411633218094707	2.3051644219880454	29.211598310443286	29.219244828574002	29.22684745433185	30.95969423102087	2.4254460964543427	30.75230067699877	30.76825559633898	30.771125838688455	29.940402188290065	2.189658875107152	29.753809586600777	29.75741880348385	29.760763993464483
4050000	28.95259886737707	2.602587335499206	28.726532808678293	28.73282596011847	28.73995380979822	29.40542591274087	2.234420620590012	29.20891711427763	29.23010531881514	29.232529675485345	28.88235200940104	2.1749337054018603	28.68885775489399	28.70157262344993	28.710362725063113	29.384549613023534	2.3076712327413813	29.174716809588315	29.193948405863047	29.20999453534983	28.882335883499422	2.181545412934035	28.687576795406972	28.70004556503094	28.710083170613135	29.41170459522094	2.306401221078354	29.21189461459062	29.219731117099457	29.226888373613075	30.95920500746539	2.4289716726794843	30.74731392032648	30.768552036779607	30.77090064537916	29.940434935816555	2.189754670768675	29.753958346998985	29.75730105411666	29.760344747243145
4060000	28.952686946726097	2.604159714264339	28.726822136868368	28.733321907459906	28.740187321431662	29.406885682148772	2.235382159871843	29.213183385732542	29.23029929937276	29.232874302137898	28.882485446853483	2.17492183177639	28.689124712370187	28.701650108315228	28.7105027014848	29.38662172040618	2.305402260671555	29.178779201884442	29.195817558684176	29.211366205755848	28.88249689672852	2.181530628433844	28.687982486130377	28.700330990902795	28.71053572335065	29.412491861202128	2.3040376675641108	29.21235286804356	29.220677279005713	29.227506701139685	30.960041302667033	2.428089874823223	30.7510070271071	30.76875420565174	30.771332835916755	29.94043262835259	2.1897570374095885	29.75391320585403	29.75763792427305	29.760701673007077
4070000	28.95162926519063	2.589531217223785	28.726631589577167	28.733212676180884	28.740236169519335	29.405604580962095	2.235313599507247	29.210949686707707	29.229919394379866	29.23202037641527	28.88260524835322	2.174911408798335	28.68916691432212	28.701809444957995	28.710662079566973	29.385534479763706	2.3080762178517453	29.176629268581284	29.19475673666485	29.211045117621005	28.882648227466397	2.1817999756753266	28.688127092198155	28.70054189376866	28.710550794905227	29.41181622829424	2.304204954494654	29.21093506906701	29.220104164223265	29.22685766612564	30.9586312198821	2.424714762053734	30.74894332567247	30.768349513711236	30.770458407749523	29.940511296830625	2.1897495012872947	29.75407571869579	29.757596075172458	29.760903884122754
4080000	28.95267039316233	2.605122796408285	28.72591820043874	28.733339713424815	28.74021058431112	29.406839511271112	2.234509171399491	29.21421874352988	29.230379811528984	29.23266518182916	28.882683023217314	2.1749047794439837	28.68916691432212	28.701993902408383	28.710767488228218	29.384043189230226	2.3056851388400585	29.176592276376834	29.193580929863806	29.209173861012527	28.88279111050233	2.181961387202778	28.68823432605474	28.700675681795385	28.710803053403605	29.411478298054423	2.303730851372794	29.211203663292547	29.219250143096698	29.227346647655267	30.960287673361865	2.4291272038478438	30.752066689790347	30.768818599369702	30.77109333053607	29.940473197898534	2.1897523073490617	29.75379693135153	29.75737596135147	29.76086273851903
4090000	28.951844970943164	2.5959650872465145	28.726004299072308	28.732888040802123	28.739899840250448	29.40577347903463	2.2363003400127766	29.210026181470788	29.230566259960412	29.232418475226186	28.882772251852618	2.1748971083857964	28.689190170172964	28.702022863943554	28.71087629921334	29.38719247472287	2.311163762508086	29.178586840963124	29.196485976770298	29.211403954237745	28.882882597454547	2.1819532748794863	28.688308650987754	28.700717085148668	28.71082964196245	29.412793868685124	2.309422148899052	29.21225015636964	29.22017522639129	29.227336074520714	30.958738003810378	2.4296480630709603	30.746965556531688	30.76901718534225	30.770815934752278	29.940676587646582	2.189769947305336	29.753992696768673	29.757619010330565	29.760745836501233
4100000	28.95262723490071	2.606111166463439	28.725916134300554	28.733173578226868	28.73947580616721	29.406623886867457	2.2370581581977076	29.212633210860123	29.230022015634773	29.232606218230366	28.88288902392928	2.1748866882516777	28.689267919840493	28.702022863943554	28.71110878359317	29.384281310970575	2.307569742064408	29.176475945834376	29.19267636238279	29.20969405595519	28.88300081214764	2.1819430618324915	28.68849893456685	28.7007260080842	28.71083884707007	29.41109229347674	2.305482850459124	29.210114536989174	29.219251332045047	29.22644434187684	30.960136534572126	2.430501945949329	30.750488743978657	30.768416377877312	30.770861238117483	29.940481389706164	2.1896742946588934	29.75353098095728	29.75729631437372	29.760518393295595
4110000	28.951407604263547	2.595983015556856	28.725910940110197	28.732499945744713	28.738912617547154	29.404747592482668	2.237207709566959	29.211335077787165	29.23019521410761	29.232610059961857	28.88302721942343	2.174874024705292	28.689267919840493	28.70211440138096	28.711215917988383	29.384203283369196	2.3091318114086556	29.17532426205377	29.193053146195993	29.21003369208863	28.88311672989916	2.1819325074989786	28.688747538080904	28.7007260080842	28.711056943784456	29.41166517110941	2.305441786744605	29.211278082896325	29.219582505100917	29.227049543665046	30.9577435200052	2.426235013710656	30.749525162488233	30.768583344601268	30.770904019292885	29.940638797215875	2.189728880227249	29.75394902570399	29.757234364687886	29.76046024926309
4120000	28.951067216764695	2.595670169322587	28.725274986185266	28.7321950440336	28.739016731947203	29.406501576917954	2.2365605251493568	29.214193339272157	29.230400745377327	29.23239997739969	28.88316237564295	2.174861560749221	28.68943835794835	28.70215833415435	28.71137882108613	29.384460390015363	2.3081994850251495	29.173607343985072	29.193250013591964	29.209688371082525	28.883214662703555	2.1819225080536686	28.688829638206286	28.701031257095078	28.711185139908288	29.41144114738272	2.3060950455808356	29.21037686710792	29.219305634193937	29.22690796323543	30.9599466256464	2.427433969259989	30.75262530919523	30.768843964701432	30.770836443473474	29.94032974720661	2.1897558659212133	29.753514732829256	29.75689555248424	29.760281796740195
4130000	28.951733307584664	2.594668937472347	28.726031550992317	28.732717739621027	28.739648925394167	29.406591912051024	2.2367272431446366	29.211394614237726	29.23037445254685	29.232497221724124	28.88321811375583	2.174856189659352	28.689560530904828	28.702365805686775	28.711423356721113	29.385864595996782	2.3095582053253514	29.177432295081047	29.195434531159755	29.210404590988404	28.88330089343639	2.181915024162548	28.689106662015757	28.701031257095078	28.711194991103284	29.412366281394856	2.307785971189883	29.211802982679664	29.219965634333402	29.227662044464864	30.96024924531884	2.4278581797457184	30.749788248837397	30.768808987927457	30.770816480433655	29.94044054995837	2.1897460124027153	29.753730253520775	29.757083483696533	29.760446673091195
4140000	28.95209904107387	2.605674479986199	28.72595305641011	28.732853655374694	28.739686042555252	29.405292970240023	2.237847625126086	29.210715226421428	29.229869320145124	29.232094631829597	28.883317638384895	2.174847035578884	28.68993196362506	28.702430045494893	28.711440357899672	29.38505062737281	2.310107306258258	29.17644397525308	29.194482264836147	29.20898507402642	28.88341272156163	2.181904964028722	28.68920069853002	28.70117019776655	28.711237979476564	29.411940376463523	2.309495271215678	29.2109137498239	29.21922906719597	29.227017670316375	30.958002658087857	2.428087069504983	30.748663323996233	30.768237032000528	30.770421949586524	29.940468381686657	2.1897461436635224	29.754074149294045	29.757352207713254	29.760513195950377
4150000	28.951737667245663	2.600903710732708	28.72566732032646	28.73300866128661	28.73945797104275	29.406364180426614	2.237745466667395	29.213000310387407	29.229873757898535	29.23232713952045	28.88339978704151	2.1748383003815976	28.69008847136216	28.702475338980932	28.711525116939676	29.384471013335553	2.3109932380411826	29.176509177372104	29.193563055237743	29.209313525126248	28.883534216709577	2.181894011806789	28.689467658396293	28.701394420165116	28.711237979476564	29.411573918978362	2.3077920980335414	29.211015156378224	29.219735198800095	29.226360826707968	30.959901435933872	2.4279765075964463	30.750839668450077	30.768334427736406	30.770763903380725	29.94045661527541	2.1897457801006612	29.753783416192675	29.757161801820047	29.76060525585708
4160000	28.951722371043466	2.601840306155176	28.7255968004892	28.733116578836615	28.73968418333321	29.40822216488403	2.2371997137857793	29.213189728030912	29.23013887262004	29.232937104995848	28.88350165344208	2.1748285333908908	28.6902784526168	28.70261673795017	28.711572747733676	29.38631728407006	2.310530224075366	29.176341215590547	29.194683490402454	29.210911270101988	28.883682547619774	2.1822566271792896	28.690002163892544	28.701510446357993	28.711375561573632	29.41211061933199	2.3082530908955587	29.21076887871533	29.219804264498126	29.227382026465342	30.961611492058474	2.4316630547791096	30.751126651685567	30.768528488758534	30.771221831744207	29.94036941792138	2.189795760673088	29.753661192412434	29.757497417319737	29.760658432899046
4170000	28.953008290042877	2.6062907098845556	28.726773082051782	28.73351612774446	28.739681279119612	29.40653084822079	2.237415413759093	29.209819011666784	29.22974900945121	29.232438322957822	28.883609426120504	2.17481889337971	28.69051387333696	28.70267146947293	28.711678889727974	29.383832898649356	2.308449343647037	29.17428566088963	29.193085925856366	29.208712225342893	28.883798098792898	2.1826225631392413	28.69019689630305	28.701741276348308	28.711345823817584	29.41112375040727	2.305841806506894	29.210560390874527	29.219386442733033	29.22619203437604	30.959618340365495	2.4305411698717125	30.748183590477442	30.768150212470665	30.770717060523246	29.940362452779006	2.189797570940489	29.75373590972719	29.757359325207624	29.760635172758334
4180000	28.952994747239643	2.6018672438082375	28.72583217041987	28.73243425645142	28.739661014841467	29.405379958181715	2.235152986386152	29.20960907932081	29.229627514666078	29.232532676851708	28.88373149738001	2.1748081831500867	28.690593743424134	28.702751431806284	28.711863028034895	29.38389591278161	2.3072407548632055	29.175876178185618	29.19239739497779	29.209987492649013	28.883926760780664	2.1826107854900965	28.690307533666495	28.70193332448084	28.711345823817584	29.411405597787237	2.304055547112783	29.211315188438647	29.21936479343807	29.226494657515627	30.95852525006584	2.4267883670980828	30.74752813310303	30.767913304228372	30.770836749756658	29.94024859106311	2.1898072742683836	29.753774057081802	29.757117529634026	29.76048543811568
4190000	28.952571520974153	2.603561492253042	28.725116095438707	28.73233589168906	28.739630189494765	29.406174836180725	2.235112386487156	29.21017964621942	29.230131296075186	29.232927943468113	28.88382412322699	2.174800199685601	28.690634742124985	28.70301891177249	28.711867326477776	29.384480159687495	2.310226716906373	29.176754450825005	29.19261047158313	29.208687618800525	28.884030159261822	2.1826013389980554	28.690533649807172	28.702053141244946	28.711458839184125	29.411644732914656	2.3087142458609002	29.2108809699576	29.21983241807618	29.226822998467135	30.95973090058779	2.432512848576531	30.748508412933177	30.76856793045532	30.771269730334797	29.940389004478128	2.1897938176354925	29.75356091470279	29.757404017578892	29.760600411862875
4200000	28.95274499952921	2.60087266128636	28.72554540119946	28.732944306110014	28.739311750212366	29.404819399419544	2.23488206988381	29.210336686726283	29.230370977900414	29.233006701453405	28.883910679657518	2.1747913589863184	28.690740251049537	28.703251964420588	28.711867326477776	29.38463897022187	2.306639366955946	29.176023489386253	29.193537736690097	29.20946799101108	28.88415306848585	2.1827590533188204	28.690584614365815	28.70227056728381	28.711500637139054	29.411378664924932	2.3043543284424843	29.211163172799584	29.219541460252703	29.227153589136222	30.957862984044993	2.427983479675091	30.748389798309837	30.768813464187485	30.77141374061832	29.94018087623181	2.1898601906829875	29.75339094764343	29.757300161422453	29.760697011274356
4210000	28.952195865243496	2.5981840945664305	28.725358904974076	28.732537263096837	28.739536375185963	29.40659210154344	2.2353889034648	29.213313059106817	29.23042452252164	29.232450284189763	28.88402258478173	2.174781926616021	28.690899020690026	28.703398719621724	28.711901457349608	29.384980455419015	2.3082800982734333	29.176023397393607	29.19417165712153	29.210623767442506	28.88421675069704	2.1828300434431895	28.690584614365815	28.702429908071572	28.711575159813187	29.411991708231312	2.3072452171965927	29.21136269214972	29.219890506918	29.226851176230863	30.960501982872767	2.4301074423424462	30.751535386039322	30.768885152599633	30.77087862096545	29.94019026676814	2.1898680428793984	29.753424021839095	29.75732335630181	29.760424645902862
4220000	28.952759922292135	2.6061361377594094	28.725880562024198	28.7326835658478	28.73919910671019	29.404585017486426	2.2375765322407677	29.206727542620083	29.2299770070214	29.232319274600208	28.884123853668452	2.174771618766824	28.69092816443742	28.703532305688015	28.711966990572932	29.3840538713576	2.3090974717501966	29.174482583553022	29.194208246791703	29.20937495174039	28.884283757718496	2.1828232207374505	28.69066957641496	28.7024500480766	28.711698424484624	29.41128781552117	2.306803184059685	29.21100189531836	29.219192890441413	29.226997403152154	30.958436953102815	2.4308611490370655	30.745162042494208	30.76843855848123	30.77077200412549	29.940213929820754	2.189867428871392	29.75371335063428	29.75718054712347	29.760662038703426
4230000	28.95144056261448	2.5987579573866846	28.725054833685213	28.73237633297204	28.73956568485033	29.406132467147717	2.2365937262007374	29.210390690323145	29.23027565256703	29.23320922629432	28.884209590862824	2.174764144603909	28.691079692070986	28.70361149196053	28.712016004957952	29.384228292857955	2.3043322479430715	29.17648121750123	29.19296410344802	29.209831330482377	28.88441251830056	2.1828118642689316	28.69073242515641	28.702569833252216	28.71182511561601	29.41179680686927	2.303780553895282	29.210813311974096	29.21940488075415	29.227445779896463	30.95892151535409	2.42414389606223	30.74865457484168	30.76869835054859	30.7716497197722	29.94026354984848	2.189888908158107	29.753732503035806	29.75703584472904	29.760619670397006
4240000	28.95192064036107	2.6050057390721237	28.725389305924914	28.73278707718599	28.738938874716816	29.406339954234483	2.2354791398852334	29.213511612326975	29.230279405080115	29.232631687942444	28.884298199332296	2.174756387581928	28.69115559405884	28.70361149196053	28.711966990572932	29.38497375059827	2.308315221263301	29.177164345238584	29.194399069405115	29.20839879951112	28.88458490954464	2.1827958153251186	28.690883829757183	28.70268560178718	28.71188753058065	29.411981544492452	2.306198722921563	29.211233909856297	29.219937514351926	29.22733493101389	30.959545757129522	2.4305135779072766	30.751696838144277	30.76869865571929	30.771019033305954	29.940261105527295	2.1898890926054273	29.753621165389738	29.757068217301097	29.760531544429945
4250000	28.95171170349416	2.602121856691331	28.725282370528163	28.73333804239597	28.73888663135981	29.406615508994683	2.2362005332521604	29.210505927946404	29.22989383990715	29.232891753140553	28.884400128143223	2.1747478224862573	28.691233560151463	28.703639974613488	28.71232063949495	29.385590562465065	2.3091552447825037	29.176232389082244	29.194122151019474	29.210401016275544	28.8846423379228	2.182790404136647	28.69094404150603	28.702729626743857	28.71188753058065	29.412044351116034	2.307255247347416	29.210783205013144	29.220281987681716	29.227370317192065	30.96007615804733	2.4277260112813575	30.74902072835546	30.768348351970758	30.7713427334137	29.940121583038902	2.1898711397406276	29.753633298712742	29.7570452953996	29.760894365703006
4260000	28.95180155956248	2.5987269422870263	28.725621376034496	28.732944795247782	28.739185750035148	29.40706101175932	2.2362419480231317	29.21422776897783	29.230283231608603	29.232607579485926	28.884445883891914	2.174742777993417	28.691233560151463	28.703696506822514	28.71239432730458	29.384568538813415	2.308478633636356	29.17515180550765	29.19365711415436	29.209603410554056	28.884756610601908	2.182779948137875	28.69119643915411	28.702729626743857	28.711895334515592	29.41147773321406	2.3065029834422814	29.210713435793828	29.21989317769294	29.22677929794338	30.959439205471	2.4271714799377393	30.751093602564033	30.768654053892256	30.770871373877625	29.940367965645525	2.189891605143101	29.753589766194665	29.75723929732247	29.76078766706263
4270000	28.951782592178095	2.5988812800648544	28.725411548688804	28.732869605809974	28.739492055009794	29.405422072358032	2.236435180183946	29.210808857637648	29.230007827385954	29.232606008568734	28.884530648812905	2.174735212676352	28.691286942604528	28.70376535865886	28.71232063949495	29.3857988244595	2.3101080233831355	29.17826874501216	29.194197147624543	29.20944813027314	28.884842285475827	2.1828201107037977	28.691242848685324	28.70283609604254	28.711895334515592	29.412091919334838	2.308730750900352	29.211677971254844	29.219543169031418	29.226368106539105	30.95855477269419	2.4294399300949365	30.74910340745189	30.768469351810054	30.77104107938142	29.940417497577556	2.1898336553114315	29.753802672209765	29.75745376622666	29.76052999364132
4280000	28.95258447472779	2.599495492139597	28.725508159382155	28.732593690900487	28.739747834144136	29.40591725069215	2.235831864866761	29.210447673063427	29.23000426181202	29.23224529055018	28.884670914018006	2.1747225864319804	28.691455689165114	28.703846472816178	28.712363265334645	29.384286575067907	2.30779923920418	29.17487725543307	29.194135335743347	29.209814020423202	28.884941807488634	2.1828114488417207	28.691267187588835	28.702916817306836	28.71189987262698	29.411444900802564	2.3057244605693983	29.21121462202173	29.219884944491753	29.226371776459008	30.95963215038008	2.428709493020118	30.74854743581601	30.768443713638888	30.770679586939924	29.940440191126356	2.189891629181119	29.753883828615045	29.757367354716447	29.760497967792492
4290000	28.952356536117613	2.595663353184697	28.726001488086666	28.73259126475908	28.7396922472233	29.406187215422573	2.234828858606874	29.213827734742313	29.230263542442096	29.231969664875518	28.884790610286483	2.1747117976735293	28.691663382470704	28.704013040853265	28.71232063949495	29.385558240218806	2.308651284559987	29.17572463158077	29.194417208308405	29.211742240472418	28.88508735783297	2.183092443320916	28.691547819756597	28.703158490218136	28.711977543568235	29.4117222697619	2.3055519842361245	29.2105735606113	29.220267519478696	29.22764342931305	30.958971423907403	2.4262469265077056	30.75195828223483	30.76869679745201	30.77033334798415	29.94046672532052	2.189917242179443	29.75369940119637	29.757430019203728	29.760812352765047
4300000	28.95291635201977	2.604255732707028	28.725354924489626	28.732661531352996	28.73931260470065	29.404475459589108	2.2359982860046252	29.209377417290916	29.229449388495574	29.23204756010827	28.8848499609745	2.174705746686206	28.69173267075201	28.704151715665844	28.712490369148615	29.384872812996097	2.3098243185746354	29.175444814904747	29.19400070982221	29.21050847679161	28.885188835616635	2.183082276046685	28.691547819756597	28.703212711843214	28.711977543568235	29.41164657735762	2.3065530679050266	29.210796713804545	29.22000997759863	29.22670547107551	30.957830210155517	2.4295373385979544	30.74781402229517	30.76791376724658	30.770443269685718	29.940477412530623	2.189958776816701	29.75347289695711	29.757253932573093	29.76070980553895
4310000	28.952025398698233	2.596243299109677	28.726239270828316	28.73255842147944	28.739298808104234	29.405919606691455	2.2361316230427817	29.212489351442365	29.230397645922924	29.23297519215637	28.884955735648102	2.1748378671187045	28.69173267075201	28.70416154510072	28.712652978258532	29.384816280316674	2.3104130151129376	29.175143800445497	29.193689323010787	29.20970172808071	28.885281606194017	2.183073721449316	28.691644499753995	28.703212711843214	28.711968350079616	29.411960094973654	2.3081104240611627	29.211181670027525	29.21995501602934	29.227245129621448	30.959583533241474	2.428635083126467	30.750957004655984	30.76883633307554	30.771312305244297	29.940387345026807	2.189966427476449	29.753608294512695	29.757326168708026	29.760850532097038
4320000	28.951768714561812	2.5920118941822743	28.725118971628284	28.73278721310183	28.73973331703651	29.40549545524831	2.2370271452633728	29.209718922015547	29.230249774384262	29.23231048657059	28.885016861588017	2.174831542148586	28.69173267075201	28.704286847566948	28.712833918611757	29.38469431127518	2.3066461490668524	29.17533276452701	29.1949961278645	29.209182513203558	28.8853596060983	2.183064907498134	28.69168339914254	28.70347987311614	28.71206446323856	29.41155032575584	2.3056865929936405	29.210307695628934	29.219629054685566	29.226975382605573	30.9575913451305	2.4246415994703203	30.74719402539813	30.76863952811909	30.77075901293303	29.94023279353677	2.189979567197344	29.753547696014532	29.757254994614783	29.760501339561184
4330000	28.95277133681006	2.5939023292259646	28.725435160222332	28.732962996830192	28.740066454200296	29.407929883273084	2.235908735168463	29.213764629904205	29.230320050702367	29.23305964113561	28.885105909478153	2.174823072301289	28.69195950027627	28.704311312083675	28.712884197156708	29.386328632714797	2.3076152764350772	29.177134751126466	29.195497460547408	29.211218710835322	28.88547550498004	2.1830533686282854	28.691823281012688	28.703499649853953	28.712097209102787	29.41222657028056	2.3064025209497174	29.21149508694996	29.220171537058935	29.227374360701834	30.961519558947522	2.4267071729860863	30.751394195998817	30.76878155375234	30.77152721265343	29.94045961916157	2.1899596093273974	29.753629240974462	29.75756700944829	29.760896138284433
4340000	28.95266973364038	2.5933971242107257	28.72554884595845	28.732825917936864	28.7399270054531	29.40552932253479	2.235898126012364	29.210133150086012	29.230102499164033	29.232894837033022	28.885225052883275	2.1748122187332006	28.692209167991553	28.70436574176645	28.712901709992295	29.38491564046303	2.3070975310411894	29.175235985167568	29.19432990353937	29.20951869292542	28.88559448158664	2.1830426904307623	28.69209343126202	28.703788541330198	28.712519344365482	29.41188866153575	2.304105188699622	29.211178460504186	29.219876553998013	29.22768292606704	30.95865149712884	2.4277775431116355	30.74810938924543	30.768528161243978	30.771333156571664	29.940641390709228	2.1898807830102855	29.753633427430874	29.757468596385685	29.7609535835781
4350000	28.952018499487043	2.601017799354658	28.725507452181763	28.732291779126513	28.739558444105313	29.40626139701414	2.2351472694290804	29.212183068998602	29.230267321948517	29.23233279025368	28.885275378501753	2.1748077047526184	28.692209167991553	28.70446679639742	28.712901709992295	29.38459705091124	2.3074960280984596	29.174753961805155	29.193570325687347	29.209842171849296	28.88573085152496	2.1830306972605826	28.69209343126202	28.703965595584187	28.712742464388448	29.41139632797144	2.3057693723644177	29.210888421012726	29.219464675642143	29.226863776427813	30.959378521851594	2.4305526890677007	30.749275202029835	30.76868884250929	30.77062283623097	29.940517060752892	2.1898913765654635	29.75368015567036	29.757227524646108	29.76072782170903
4360000	28.953555204631062	2.6072799874939516	28.725432273426012	28.732620466109843	28.73981001140896	29.408106552321744	2.2356573741175305	29.216332411926622	29.230474823501815	29.232872149240357	28.885362185161494	2.174799729285071	28.692461006351067	28.704632762268112	28.71293646958918	29.386285006282506	2.3064828190474627	29.178659956294464	29.19531391179974	29.21165254963579	28.885862219934406	2.183019113462156	28.692400595094902	28.70407146721862	28.712773931321927	29.412717398106572	2.3038659581858836	29.212308864702987	29.22078875009223	29.22787393453428	30.96110874986422	2.428594807965638	30.754640657716802	30.76887651952015	30.771273015599423	29.94062168754381	2.189837352424622	29.754197816519582	29.75752857725937	29.76084648597338
4370000	28.953309745484813	2.5979093957974815	28.726593080223008	28.73320375089758	28.74020330686291	29.405857404999118	2.2358571025461824	29.210758631268998	29.22989933707383	29.232956986791294	28.885477316731553	2.1747895096692003	28.69256781721248	28.70470961206952	28.712968623778252	29.385005919634253	2.3101309761888045	29.175508930785952	29.19497070905669	29.20857043637348	28.885977175691245	2.183009384381199	28.69256806353617	28.704111050697	28.712915632329434	29.41200487244526	2.3071958539810447	29.211286104429384	29.22002361461991	29.227193288106484	30.959065530743324	2.430563704605987	30.74833978691742	30.76832088401075	30.77137211428373	29.940783231282005	2.1898217098378994	29.7538883140612	29.757658169688305	29.76080769506421
4380000	28.952836417827644	2.599620795547623	28.726624174838985	28.733024251471306	28.73983243036415	29.406090008477413	2.2354999113019676	29.21136301378837	29.230423444516553	29.23280132881317	28.885581941038758	2.1747802481498497	28.692700635293413	28.704766226976894	28.713020177029694	29.38502229858622	2.3073026718344485	29.175220168636287	29.194314518883132	29.211060916435777	28.886077862320935	2.1830005682913285	28.692596767997202	28.70423519906864	28.713002279862465	29.412511469370088	2.305631591957392	29.211285351656823	29.22040796536607	29.22802830303364	30.95879910516594	2.42971014532654	30.74879240785945	30.768794488921724	30.771209182468038	29.940638971181787	2.1898356583527234	29.754170105469335	29.75784996578537	29.760965837275165
4390000	28.95311930387082	2.604508090746071	28.726361682656048	28.732790182944342	28.74058211561827	29.405812604500525	2.2360075921766334	29.21028328208261	29.230145597811426	29.232650274125174	28.885699395996543	2.1749498577496693	28.69298019165678	28.704813648767406	28.713031529092788	29.385061904541192	2.3056228694803096	29.175707192591045	29.194075828487016	29.20960702626655	28.886172950237622	2.183201868348195	28.692638021615267	28.70431273794987	28.713031253001574	29.4116492681816	2.303950169243457	29.210910182247428	29.220020650521846	29.22717731662467	30.95838599851844	2.4246535612606084	30.748118541326868	30.768575178864296	30.77106743206041	29.940565095600935	2.18984309368881	29.753943260950507	29.75760800176435	29.760857845644743
4400000	28.95312346812972	2.5998416743852872	28.72632878412713	28.733353223711354	28.740938575755912	29.404744144404347	2.234348242128319	29.208903587041803	29.23017832780119	29.232508234654503	28.88586397147819	2.1749346723245755	28.69314138773666	28.704854144864186	28.713052651580945	29.385556863414095	2.3074650754748927	29.17704053139626	29.194063037877612	29.21059730781981	28.886479438036165	2.1831871619097574	28.692653073419677	28.70431273794987	28.713203168345828	29.412332226089056	2.3050304969642506	29.212145916428252	29.22012178008577	29.22799690929487	30.957942240144117	2.427698485261696	30.747070734957834	30.76858135830036	30.770792387801063	29.940659637214047	2.189835127460098	29.754143555938146	29.757870838795327	29.760911687707388
4410000	28.952456658234684	2.6017275512349283	28.726236143733207	28.73337569090009	28.740401737782353	29.406251197588368	2.2344988421879397	29.21249505353634	29.230167083958882	29.2323838563954	28.885920159445888	2.1749297427719547	28.693232574803883	28.70500052185509	28.713067276033797	29.385260746472277	2.304600560910663	29.177549225611546	29.1939473545184	29.209984690224044	28.88660624713467	2.1831753644562366	28.692785482255196	28.704348736083087	28.713219557528866	29.411099558761126	2.3017280248067014	29.210993434190662	29.21910107291456	29.2271772787414	30.960003599035826	2.425709844854813	30.75083835579573	30.768559528835766	30.770780912084955	29.94057775847838	2.1898217960399315	29.753921435870776	29.75778172669684	29.761004856322153
4420000	28.951898991611444	2.5938054957511136	28.72659139851925	28.733868413803762	28.740116780027645	29.407334381160137	2.23433732358952	29.21363025034033	29.230409541888225	29.233445780284598	28.886038752474196	2.1749196763758403	28.693619948093243	28.70520117547281	28.71318580344828	29.385418901444808	2.307678072045197	29.17632758468991	29.194825840910248	29.21084199971346	28.886731392254088	2.1831635112899463	28.692854934660968	28.704348736083087	28.713307222547737	29.412016346504647	2.3057137956493574	29.21116402863042	29.21976586359925	29.227377509480085	30.960191229491866	2.4278056823214866	30.751893591259197	30.768857831927725	30.771747785439658	29.940296399233123	2.1898460535269657	29.75361784153519	29.757581429996378	29.760892453236444
4430000	28.952107414344027	2.598892701627911	28.7268947304435	28.73349436930674	28.740176372864333	29.405770752255822	2.2362259988815314	29.210216331462107	29.230122689319224	29.232284433578275	28.88607407079122	2.174914947017204	28.693699078861677	28.70521837411672	28.71318580344828	29.38374615991069	2.3082883703021455	29.173240009686186	29.19430984848344	29.210405588078626	28.88686037211892	2.1831516209346655	28.69294942159393	28.70450067204188	28.713443004478865	29.411169759732275	2.3059666117269826	29.209819870190916	29.219146706774993	29.22726257916971	30.95884732650821	2.4254122905725235	30.748212829024194	30.76856699388783	30.770696991708295	29.940227382824638	2.1899010021975767	29.753729147722275	29.75730899180184	29.760720286725693
4440000	28.95188014987234	2.6048460077489684	28.725399220639197	28.732796955075138	28.739499237426536	29.406558797116993	2.237878941792608	29.21334027499919	29.230035793821077	29.23233339812293	28.886143418702186	2.17490824117696	28.693779228497647	28.705340675523253	28.71326772773475	29.38344224826285	2.3079292750283407	29.17340088392467	29.193347876779317	29.20863398881626	28.886954107985424	2.183142738273785	28.693103043924882	28.70450067204188	28.713520025309926	29.411517115317913	2.304638105106076	29.210845312579522	29.219615698166578	29.226476037807707	30.95930941899024	2.4256581012250793	30.75158586822436	30.768450678085195	30.770742444045712	29.94028181710395	2.1898945470031252	29.753439187529064	29.757301302799803	29.760709362618137
4450000	28.951837504159858	2.5989859543926306	28.72527488681318	28.732873106708663	28.73948697275194	29.405287890989026	2.2369054721604766	29.2131392211367	29.230301800918326	29.232092247934226	28.88624248550726	2.174899612344012	28.693793040668016	28.70549687609915	28.713413992108993	29.383957722153312	2.3078769858036643	29.175298247805596	29.192336632612147	29.209948802854065	28.88708491526269	2.1832065593207846	28.693174520457156	28.70481036554141	28.713782433533133	29.411903719494347	2.305850130820452	29.211240351727998	29.21938658100064	29.227254298024143	30.95820463649955	2.4291885916446128	30.749555519645398	30.76872353447242	30.77048579380868	29.940503829436068	2.1898591233098275	29.753751849311477	29.757047150897005	29.760592655229544
4460000	28.9517115845964	2.5987369471335118	28.725223122756717	28.732478686566694	28.739536614689875	29.40710051609049	2.2359349154223924	29.21347000258981	29.230040773855144	29.23244861695036	28.886304145198768	2.1748935751017218	28.694278927951423	28.70549687609915	28.713413992108993	29.385015729728305	2.308419134162761	29.176386959438474	29.195138804862367	29.210044434207106	28.887182954316984	2.183196843594075	28.693309898514702	28.704900692369847	28.71383140023023	29.4121108768159	2.3065519538241346	29.211367470720614	29.220067778428724	29.227159094346167	30.960201523234634	2.425195855813353	30.751704467542638	30.76848704429753	30.770897130308075	29.9406030552202	2.190038403462951	29.753609931343618	29.75729337615308	29.760674947498273
4470000	28.951474079726175	2.590903556570394	28.725803571212428	28.732808299672467	28.73946585515972	29.404981071056064	2.236243433133981	29.209545019796302	29.23003586395312	29.232332159332728	28.88638326486126	2.174885973408701	28.694331477787777	28.705558642867945	28.713597242241182	29.384340626160856	2.3073355859869062	29.174635462651864	29.194565922251577	29.210552432920785	28.88730425508019	2.1835297862810306	28.693309898514702	28.705083905165125	28.71396087098968	29.411473545317143	2.304802261991683	29.210521415554418	29.21953185650595	29.22768840796254	30.95792598076763	2.4248260904641143	30.747592571020427	30.76844565785418	30.770660748586433	29.940783821448218	2.1900224473762377	29.753778452233654	29.757594699003338	29.760556969824233
4480000	28.952702335162442	2.5983115363622242	28.72611268763241	28.733354337438243	28.740295542223	29.40727252848958	2.235638736628564	29.21548535243932	29.230596693529975	29.23230453619269	28.886460827002775	2.17487902044774	28.694544851948613	28.705558642867945	28.71380532946155	29.386492154767808	2.308190487091364	29.17550154421231	29.19707076459663	29.212066495070463	28.887385789816797	2.183522886814357	28.69335599575811	28.70527128757373	28.71404558431645	29.41274528962969	2.30657656136011	29.21148094444534	29.221207021278108	29.227906091293747	30.959878562927603	2.4251931981974173	30.752990485912253	30.769055009558787	30.7706982379287	29.940910197766012	2.1900129847036345	29.75394351893724	29.757646262491015	29.761010644082496
4490000	28.952991771167458	2.6022343574629256	28.72625542989121	28.73327531638728	28.740242799931085	29.405947715317467	2.2355592754538924	29.21237731633667	29.230318843769737	29.232528136854363	28.886549422230733	2.1748709739008705	28.694611295383986	28.70559114389363	28.7140560179372	29.384819631370686	2.305407262619992	29.175075578597067	29.19411129734192	29.20871671670001	28.88750479051534	2.1835110469264998	28.69341648455998	28.70542742867419	28.71409695459367	29.411400386714746	2.3025501212600687	29.21132490227068	29.219464673974752	29.226766358328153	30.958172757055756	2.4274014732059324	30.749768736995737	30.768710620558334	30.77096857032788	29.940650786221745	2.1900362522366414	29.753903955747553	29.757364027023137	29.760742092671627
4500000	28.95369527065801	2.606984362382475	28.726111472864943	28.73367561064954	28.740217444429625	29.4070238806405	2.2342068435889937	29.213335681346482	29.230316613602355	29.232992046063472	28.886660266818097	2.1748605041249482	28.694883185681725	28.705684693456075	28.714073624324293	29.385647910401822	2.305776701286258	29.178070032872498	29.19588650321107	29.209955464392998	28.887592243543963	2.18350291775773	28.69342017289127	28.70539739166577	28.714191753861947	29.412187197348597	2.3041781521595914	29.211577865862694	29.220394134386055	29.2278509027167	30.96073202476851	2.4310680963407183	30.75157021805088	30.768753240122262	30.771374801919166	29.940541106806144	2.1900443136952945	29.75359756635639	29.757156915272564	29.760704632303028
4510000	28.95310249907598	2.60223454363838	28.726037214352722	28.733273451342633	28.740284149554693	29.40485002178539	2.233693870614537	29.210376930949636	29.230102861282624	29.232425943527122	28.88677168478746	2.1748507592586312	28.695023554063816	28.705831798224345	28.71408483445418	29.383734263283483	2.304494612904156	29.17295622785485	29.19248608857509	29.21013852545826	28.887675775753916	2.1834949491602553	28.693553604435547	28.70549309603517	28.714263878649845	29.41103319967682	2.3036378679590053	29.21020939912886	29.21993628224677	29.22686395332002	30.957790396039798	2.4268517079413594	30.74781635716525	30.76844111985235	30.770787480495887	29.940623544972322	2.1900095695615502	29.754007414856876	29.757442317226058	29.760969297495834
4520000	28.952851667506923	2.597725783048452	28.72582063784848	28.733853432440164	28.740647727731165	29.405296455245796	2.2342890914118683	29.20877272410971	29.229721002750953	29.232673351756905	28.886882408943137	2.1748410043339033	28.695023554063816	28.70586614135881	28.714205462892355	29.38478692746908	2.3091660779587535	29.17447018371049	29.193190035456745	29.210616963448	28.88779438631214	2.1834843278661786	28.69393756041488	28.70549309603517	28.71433933048939	29.411905059687555	2.3073407118835285	29.21070233326745	29.219550594932663	29.227277281175937	30.95904964334605	2.431320408277822	30.746818010357394	30.76812193842158	30.77098702603072	29.940725380722526	2.189999543481126	29.753767849553657	29.75758998026948	29.76087321362277
4530000	28.953276546935296	2.6028732591950825	28.726110122188892	28.733345308325667	28.740844604093756	29.406076379552662	2.2352723937256522	29.21085255113949	29.230019209900117	29.232201062906242	28.887009340287886	2.1748297638364775	28.695156053063698	28.70602724902659	28.714236224633716	29.38535946144789	2.305560284964843	29.177533255948063	29.193997159400908	29.20949487132345	28.88788795092175	2.1834763599603595	28.693967234298245	28.705760674863463	28.71448423616834	29.4113716262127	2.303047941805243	29.211332530584777	29.21957493404975	29.227298992294088	30.959258221647463	2.4270035313442078	30.749065959377234	30.768396965311915	30.770460377179926	29.940586262761194	2.1900126493067873	29.753951189121256	29.757534445471435	29.760529727660785
4540000	28.95322854250681	2.6005036469039116	28.72622466924946	28.733498230441292	28.740615815189425	29.4056921654732	2.236580583012352	29.20872330073196	29.229805500919916	29.232724429046563	28.887107374168888	2.1748210060533553	28.695242741428306	28.7062099335785	28.714377473338292	29.38358527250149	2.3092537900206636	29.172551988801303	29.193568193729423	29.209883974591953	28.887940476705936	2.183777364748936	28.693967234298245	28.705783494717735	28.714512712318538	29.41109391259083	2.306351386937743	29.210320590431753	29.219070678871407	29.22708736779165	30.9586732889397	2.42690852841452	30.7467122593768	30.768251752678452	30.77110672295487	29.940374652653716	2.190031483798838	29.753712035584186	29.75726070626414	29.760463708143973
4550000	28.953508671741695	2.607617521246477	28.72622099479581	28.732995656072298	28.740518650369104	29.405763570184508	2.235829736530348	29.209303840191694	29.229929063951865	29.23250820799246	28.887166557340542	2.1748153893859024	28.69528486628845	28.706242891497787	28.714421898485934	29.384975411745256	2.309663373441927	29.17599284094164	29.193525680954412	29.209782762915115	28.888038962272493	2.183768812906299	28.69415580713283	28.705783494717735	28.714648188897428	29.411626098777493	2.3066752950380307	29.21097772825945	29.219106254347047	29.227233831079907	30.958857699208316	2.4316064679289386	30.74736939712401	30.768263906740017	30.770898481315445	29.940352498166153	2.1899412069979163	29.753596044838098	29.75741965714064	29.760768065164196
4560000	28.95288731903957	2.6068719846072756	28.726082724375388	28.733174885725642	28.740261702433564	29.405009201397707	2.2357344337511376	29.208258462421973	29.23028361254929	29.23319587386003	28.887456577431724	2.1747982784980144	28.695342889366536	28.706259296365772	28.714535124526343	29.384455460395106	2.3088937200707664	29.176483145987575	29.193719592276906	29.210247080140483	28.88809892665401	2.183763570576356	28.69428353756966	28.705804242095596	28.71476638109393	29.412019561265275	2.306881908043291	29.211475383704183	29.220364802210298	29.227686474858487	30.95870356423163	2.4318144837076456	30.745924556566298	30.768637686212777	30.7715872230534	29.94048673393927	2.189909765353299	29.753726290183693	29.757175127536513	29.76053118090643
4570000	28.95284812448409	2.598646679797593	28.725839082781395	28.733634586321045	28.74062237773239	29.406333852111523	2.2349798796123728	29.21131020875878	29.230281695581084	29.232471699287597	28.887741168139197	2.1747839521114853	28.695394967590687	28.70634524765682	28.714779338875307	29.385512473522034	2.3089774191618715	29.177826492880726	29.194645443151877	29.210416157646065	28.888214458045187	2.183753278871185	28.69437135786167	28.705823219732434	28.71488005875205	29.411888112038973	2.3058447012056704	29.21150456359445	29.220166924820397	29.227326645125608	30.96002888027535	2.429511158119387	30.749822896407732	30.76872976563192	30.770867220155672	29.9405280158411	2.1899067997416424	29.753880910201328	29.75728489405934	29.76053107047246
4580000	28.953260910569412	2.6070313704865025	28.726478291645662	28.733134518239538	28.740044180731342	29.406857120776436	2.2357275621389467	29.211266217852575	29.230461301619048	29.23359806614034	28.887795111456562	2.1747782292272957	28.695586568160333	28.706438338471628	28.714820025629102	29.385323276111404	2.309136708201683	29.17590920086081	29.1946118408926	29.210064359371305	28.888329640946232	2.1837424885650663	28.694676024802643	28.705823219732434	28.714989984527847	29.4119218066902	2.3071529569842033	29.211071114242674	29.21970505557904	29.227427420990885	30.960490190448724	2.429643105663325	30.74954818409881	30.768908532692908	30.772003379317667	29.940559487834616	2.1899026494808784	29.753638274990777	29.757487609472843	29.76083947271468
4590000	28.95192725276045	2.589901703591632	28.7260665531128	28.733478098880454	28.740250652565475	29.404029111802796	2.235924854267211	29.20711964950231	29.2293502492886	29.231606588861403	28.887859021317745	2.1747715298721135	28.695791965280428	28.70647229644993	28.714933035510015	29.384071313169855	2.309602388966737	29.173993147386764	29.193477604396286	29.208695524792088	28.88842222239049	2.183734263890921	28.69486339610809	28.70584464814375	28.714989984527847	29.41149478444473	2.306266694277901	29.211304405859007	29.219174159195397	29.226640294586588	30.956678608663292	2.4250670164983616	30.74513721910385	30.767738800220936	30.76994310357845	29.940482187925205	2.18984539319964	29.75359883637447	29.757279595589736	29.760616331269897
4600000	28.952207836709963	2.6028790993557487	28.725644854610735	28.733192970307783	28.73996541422415	29.40701239754557	2.2355477422051946	29.21257317570845	29.229939201482217	29.23221696611884	28.88790030693539	2.1747657776652374	28.695863234312863	28.70648458529184	28.714978685086706	29.385171469721787	2.308237658770373	29.17694190901817	29.193830747553363	29.209521999268148	28.888472986866002	2.183727913225833	28.694939249212872	28.705908669366185	28.715006619442413	29.41159187083382	2.305856529766251	29.210560886338108	29.218780769437718	29.22724752326684	30.95957312578545	2.423598054921869	30.7503528963811	30.768372635906225	30.770667977145887	29.940147794825346	2.1898756390101686	29.753701330764418	29.757265036873164	29.760346499218578
4610000	28.951852738197946	2.5996894096459986	28.7261515619741	28.733260926819845	28.739021128664604	29.407032211888154	2.2357716652078024	29.21425108758313	29.23060494953222	29.23235530657131	28.88800830558799	2.1747562081884526	28.695907137860672	28.706732229421483	28.71505930199961	29.386065635424334	2.3084098681435323	29.177567772042064	29.19567421812811	29.212030176264204	28.88857166895694	2.1837193903302112	28.69512132558896	28.706023258105276	28.71505005842362	29.412656179831178	2.3056593715373164	29.211409589178658	29.220912820391245	29.227621829943637	30.96062017050965	2.4260206253695866	30.752394045231306	30.769062875568657	30.770768709508634	29.940387782921245	2.1898543669792216	29.75366452276893	29.757426281069016	29.760681363698723
4620000	28.95224419061046	2.5975809661699865	28.726434867460263	28.7329493635156	28.739919736939854	29.404507258048735	2.2362962781567246	29.207605747568806	29.229748288722348	29.232256068336323	28.888105428921072	2.1747469529901062	28.696015698699064	28.706784803592978	28.715128332410366	29.384460107696736	2.3096383222012626	29.175855323141484	29.19360242146935	29.208604518330063	28.888945070953834	2.1839079952460456	28.69520470195635	28.706321302058203	28.715086202437185	29.411616015618748	2.3068235218533886	29.210247287299698	29.2196676289536	29.227004094774635	30.95818325630995	2.4263279195730343	30.746092938917286	30.76821251068496	30.770690871855805	29.940747947833998	2.189855468773946	29.753389854630104	29.75751249739402	29.761011667778302
4630000	28.952279085339836	2.6060055752572877	28.724635661359166	28.732739785323346	28.73979640812983	29.40692090514173	2.235631965097777	29.21192644623123	29.230480778307296	29.23325943608751	28.888162639973437	2.174740492000299	28.69612550084294	28.706917651346764	28.71516699054855	29.385509190032018	2.309198219042777	29.17621860533125	29.196164709204513	29.210387969995523	28.88904945091476	2.184045744568998	28.695216697501778	28.70648426053798	28.71511624441162	29.41201970731441	2.30630932601539	29.2114904535391	29.220413052470104	29.22722168974201	30.9607059220075	2.4313156446116344	30.75036607876996	30.768915094017352	30.77160815413404	29.940753495007193	2.1899792535077656	29.753502360499148	29.757640780658804	29.760749472788277
4640000	28.952191683961072	2.606590185294617	28.725638683929255	28.732740945870763	28.739873921160864	29.408061458176753	2.235516869622553	29.21506748038656	29.230325166125482	29.232688878860287	28.888254023981382	2.174730768439968	28.69619456759602	28.707022493169784	28.715279300873064	29.38626686296337	2.309857512785912	29.177977286480505	29.19394275690903	29.210557765400026	28.88911299191297	2.1840395470562832	28.695466682575905	28.70648426053798	28.71513218893741	29.412077887509216	2.30807866156914	29.211158203155975	29.219818977043314	29.226419677910286	30.96166320098523	2.4324739329994953	30.75315565227438	30.768736791467305	30.77102029548726	29.94070025921022	2.1899681322156357	29.75366937841508	29.757469501595963	29.761104464548943
4650000	28.952892357276884	2.6038732235472937	28.72642772034441	28.732832485706492	28.7398159727704	29.405361436156046	2.236483740796615	29.20696369679911	29.230396378633877	29.23327151862279	28.888289993445	2.1747270530119933	28.69653123443861	28.707082549283186	28.71534300532008	29.385618765052648	2.3102480722190895	29.175591530460633	29.1947009569626	29.21111730820583	28.88918473990641	2.1840329046916027	28.695569665170122	28.70652957189691	28.715241536995492	29.412207861772504	2.308162835630335	29.21096108735972	29.219992110726842	29.226919454775643	30.95814796719125	2.4295686608135747	30.744738631591066	30.768804333478535	30.771707406299075	29.940681819045672	2.1900367073470046	29.75427313739688	29.757525792501994	29.760679018715003
4660000	28.95227415682274	2.601195712728952	28.72658904398714	28.733062863200576	28.73990177453328	29.406508806990658	2.2375601302568886	29.211297836348315	29.230309984503453	29.23287818396545	28.888408804731046	2.1751403584762703	28.69656919618369	28.707082549283186	28.71542823228704	29.38530053255158	2.3088235230770278	29.1764689496236	29.19434736195779	29.20924425050965	28.889277051733384	2.184024539806435	28.695687369106157	28.706597990738448	28.715162948993406	29.41220021355467	2.3083813917772606	29.211554769403833	29.219860114612928	29.2273393229964	30.95918461597897	2.4308920773154568	30.748450664230436	30.768629894528218	30.771251298556045	29.940783641140126	2.190167169840397	29.754117887314337	29.757483338255796	29.760880501304435
4670000	28.95253359041416	2.6029908398271133	28.7261221856474	28.73299841029064	28.739776650299472	29.40484880279873	2.2368354921946083	29.20891316176887	29.23004309896818	29.232573055084632	28.888539707657372	2.1753408079489933	28.696676496171648	28.70735100283688	28.71544345708468	29.384105353576494	2.304645147596139	29.174951948625548	29.19354029502083	29.209842987163388	28.88931227867964	2.18402107860434	28.695787803679185	28.706597990738448	28.715241536995492	29.41134946733148	2.3040536731187373	29.210264467115742	29.219380727794285	29.226806909190046	30.957705517855793	2.4231995780444433	30.74722874504495	30.768506546015658	30.771029852207285	29.940788637375267	2.1900937320417433	29.754051354384572	29.757577021887577	29.760916538528257
4680000	28.953043175112246	2.6021786762026244	28.726667652612257	28.732516841626463	28.739806845912206	29.407201687787477	2.236676719988453	29.214612855689655	29.23032791073726	29.23318090458431	28.88861778880679	2.1753337213652433	28.696689652085354	28.707417614453018	28.71550852605654	29.384730975851376	2.310433449632397	29.175586428480205	29.193823466462867	29.208564141711882	28.88937789021886	2.184015321279173	28.69588089175142	28.706645068307964	28.71539610338537	29.411805696086468	2.3074652319584317	29.211216788524688	29.220172757489284	29.226898689356844	30.960526114184773	2.428774210062087	30.752692638393352	30.768781257402075	30.771591210207674	29.940378244691356	2.190131215555244	29.75406277408035	29.75752543404237	29.76047183770017
4690000	28.952754795585477	2.6029005602853497	28.72582138748368	28.732586854733306	28.739594919858035	29.407149024193764	2.236657632758939	29.213125359621984	29.23005523016986	29.23342527677744	28.888727377637686	2.1754308015618355	28.696717461610877	28.70735100283688	28.71553984085136	29.38407185393902	2.3091100893166914	29.17587816064453	29.192292754347207	29.209662030151375	28.889451487668325	2.1841736380911234	28.695982067304314	28.706661490468484	28.715429831393767	29.411484399416693	2.3070518790766017	29.211204197594277	29.219172317535687	29.22642707316808	30.960724462325132	2.4307680041405613	30.75143314540947	30.768499119668483	30.771647018087798	29.940264230347278	2.190140074055506	29.753865257165366	29.757422851280886	29.760645323643796
4700000	28.95199735940949	2.5893267470214503	28.725583591341938	28.732448980222774	28.739466958028743	29.405857915412923	2.2356557313715615	29.210987429198873	29.23028166052808	29.232856444297163	28.888783197174295	2.175425548118844	28.69681754080374	28.707417614453018	28.71565196600665	29.384890415442722	2.309090966999158	29.176236688516152	29.19351785363169	29.21023789549036	28.88952800865228	2.1843869013892516	28.696280208544223	28.7067343200426	28.715429831393767	29.411565525798974	2.3060342568935646	29.21030243052406	29.219618699288446	29.22739849244413	30.95812296975603	2.423509806742424	30.74872668760729	30.76874448046958	30.77131249693925	29.94037472119562	2.1901295929331073	29.753573895349994	29.757328096591593	29.76060474467413
4710000	28.95116028428465	2.588648285881266	28.725581992895282	28.732603737623187	28.739879250307695	29.404479395451325	2.2350267019415737	29.207820700740193	29.229827447089058	29.23222988313159	28.888873030309835	2.1754171341055533	28.696947420656866	28.70762855945801	28.715786835565837	29.38477435472738	2.304971601192348	29.174804947090177	29.19494520032122	29.2106980207405	28.8896652441425	2.1843743558615056	28.696537136831758	28.70680322151926	28.715564830016618	29.411878236960906	2.3014745353651507	29.211302378931777	29.220384056757638	29.227802886207296	30.95748681192359	2.426485678412363	30.745777133020045	30.768270133259477	30.770640145861236	29.94046847916983	2.19000386744256	29.75377863606272	29.757457791351076	29.760602007060015
4720000	28.951712700527743	2.60063234352013	28.725471913734303	28.732525230587196	28.739511378000724	29.40607927019346	2.232971141296499	29.214170789321944	29.23007010373974	29.232188975789555	28.888984907237873	2.1757094673963966	28.697059351780936	28.707826504882107	28.715794806044908	29.38465588293182	2.3042925670738574	29.17522146976888	29.19307697974844	29.20966938049272	28.88970730546358	2.184370697234436	28.696572956120328	28.706889354648954	28.71567446853816	29.411531318515873	2.3027665641901094	29.211242585903896	29.219198584932563	29.22691975777396	30.958994039435428	2.41986851221124	30.751904351476682	30.76853347971555	30.77064678264456	29.940345518038765	2.1900160609194117	29.753710633650222	29.757505351204102	29.760758182223007
4730000	28.95134827167621	2.5970190949082133	28.72536732266244	28.732418005925656	28.7398822196234	29.406390750980492	2.2344489483539083	29.210964567235575	29.2303150669366	29.2324154585066	28.889075747215696	2.175701497213007	28.69722483546847	28.707992558433318	28.71584802592581	29.384731695719992	2.3074668247852337	29.17678261170164	29.194628228932736	29.209110983940413	28.889782355791795	2.184363567551373	28.697117872705473	28.70695515800471	28.71569611792232	29.411343754131725	2.305420356722507	29.211359445568853	29.219478390074393	29.226560639987458	30.959078905839952	2.421994078346649	30.74838109894661	30.76868437823245	30.770767661142262	29.940390960313493	2.1900107941081015	29.753366242035064	29.75736241395543	29.760728557651817
4740000	28.950979390446072	2.5932110558106314	28.72569644856731	28.733041409710026	28.73957650741772	29.406521499851692	2.234280083056474	29.212149577002236	29.230315686514942	29.233324396572208	28.889199937931718	2.1760026630299807	28.69727751427461	28.70813327259603	28.715874110316207	29.38510652805165	2.308135249536912	29.17628268393265	29.194091793897343	29.20944024441821	28.889879915304036	2.184557787728284	28.697224774884255	28.70718008405988	28.71577201444047	29.411888439250973	2.3066146608790796	29.211947797988525	29.220034701427956	29.22678393442323	30.95964535912411	2.427387998073656	30.750025002571945	30.76875003443454	30.771768998536743	29.940554414520744	2.189914295333612	29.753785055821893	29.757533577762715	29.760666345492698
4750000	28.951980215378505	2.607511870748955	28.72584939459474	28.73239047219005	28.739237174444874	29.40605411833626	2.2356512264066546	29.211281862207187	29.230046822028804	29.231784380929298	28.889317710414147	2.17599172142808	28.697518131825866	28.70813327259603	28.71589312824993	29.384429064069238	2.3104180394675238	29.17517069478141	29.19294548254925	29.208957285660052	28.889979897636795	2.184547994920832	28.6972602663242	28.707277580497568	28.715793402300637	29.411297530467568	2.3076045331585355	29.210303025427294	29.218928982767927	29.22691455618547	30.9600476024961	2.431493005873167	30.74932524161777	30.768473731930012	30.770095189239534	29.94039667403483	2.1899271457167475	29.753549743358917	29.757115163520155	29.760485705954565
4760000	28.951560568765068	2.59286176670196	28.725363441765428	28.73225926539199	28.739126094967354	29.40604354496407	2.2358953867406974	29.212591862982837	29.230052323766742	29.232401830300063	28.889407787550674	2.1759839224690594	28.697518131825866	28.708307010676332	28.7158978303258	29.384599565747802	2.3076989296566386	29.17513697679235	29.19418550780362	29.20978641624925	28.890055340979885	2.1845407494518305	28.69741545537302	28.707224573345812	28.715817933287568	29.411696263298186	2.3054729427503773	29.211141518860178	29.21951057499715	29.227364547918327	30.959056172952394	2.4247955980138034	30.750678932621554	30.768492036330848	30.770850170926906	29.94037346119135	2.1899299678927426	29.753466214462343	29.75725825567762	29.760592975916673
4770000	28.95280778416936	2.601897269973692	28.72559349839348	28.732214046998614	28.739154792306373	29.405333435763946	2.2354325705869305	29.209689658099677	29.23002252005142	29.232437418745263	28.889466109733643	2.1759787958626218	28.69766318862145	28.708511449588535	28.7158978303258	29.384077071635645	2.3070234477658955	29.174227895842307	29.193044749167246	29.208937564099386	28.89020280239506	2.184792960418731	28.69749975830211	28.707395512444563	28.715893710918582	29.410976875833047	2.3044640457417325	29.210565793405713	29.21924385961728	29.226400185655052	30.95849503740543	2.4258295453260104	30.74802604205095	30.76848602110157	30.770894572658175	29.940258978439545	2.1898418178908616	29.753534599606887	29.757158491496366	29.760678065429644
4780000	28.952636413545235	2.607388108908552	28.725159911188573	28.732210464628075	28.739839296435868	29.405771018434024	2.2363268987670004	29.20973107864731	29.230258379321043	29.232413206006015	28.88952668185837	2.175972831234959	28.697711837915186	28.708511449588535	28.715928174679593	29.383573465356317	2.3090579393089357	29.173532047096007	29.192645283579722	29.20877518683049	28.890242468865853	2.1847886493053945	28.697574265102837	28.707277580497568	28.715850389933312	29.411444660366957	2.305353437048536	29.210700738079687	29.219644368985833	29.227303061959546	30.959113959300907	2.430508524141302	30.746618892064447	30.768656222622916	30.77073182829506	29.940330911857174	2.189834661898915	29.753843318770226	29.75734183863507	29.760623923092272
4790000	28.952001207275785	2.6029611566161917	28.72498886467266	28.732670151676476	28.739805700031923	29.406476502969173	2.2367623176560816	29.211867514520943	29.23000658196853	29.23308610241213	28.889581925792097	2.1759679837122965	28.697881146415924	28.70853488742651	28.7158978303258	29.38441518288297	2.310223662496247	29.17597136117821	29.194373785905498	29.20871981664092	28.890283590265216	2.1847845768160816	28.697574265102837	28.70740321384325	28.715850389933312	29.41181531228219	2.3068265705153363	29.21160702740021	29.22047975589982	29.22690661641081	30.95979935631628	2.4284985558003345	30.750174261924496	30.768459466266318	30.771441168558994	29.9405631739419	2.1898354399406235	29.753902869140006	29.757719110159755	29.760812645345315
4800000	28.951778545966572	2.59892720270876	28.725793092259824	28.733296478612157	28.739712264061943	29.40691163635349	2.2363967036574053	29.213634140936257	29.230522694601653	29.232853506870995	28.889692354348774	2.175957795688815	28.697975805034517	28.708568159904516	28.71607325841392	29.38528889314847	2.3076225822288463	29.176133248512777	29.195508861758974	29.210119707981647	28.89036368620621	2.184777103661816	28.697624164604697	28.707520647785234	28.715907960379358	29.412106135949983	2.30622406963561	29.211875017757983	29.220017486618758	29.22692054301112	30.96027500529717	2.424250206075527	30.751803932223737	30.768933304945087	30.771270469212986	29.94059290750334	2.1898923807963837	29.753714159833716	29.757793453949503	29.760830344409676
4810000	28.951585864994158	2.5952292644153414	28.72544511437592	28.73317616758044	28.74032384170339	29.40580599836383	2.23560823785291	29.210082187658195	29.230101648784412	29.232793249314987	28.889753301070908	2.1759522984020183	28.697975805034517	28.70859301755659	28.716105920319293	29.384437773402286	2.3068439894875974	29.175698950185694	29.193090571265053	29.209899293482234	28.890481244433282	2.184766669155805	28.69769174876923	28.707924654325623	28.716043172494714	29.41153308932613	2.3042089894696063	29.21010969203781	29.219418904748476	29.227492803908635	30.95885267434613	2.424292386287905	30.747339008538173	30.76849212550843	30.771169294931337	29.94064675373871	2.1899408060607515	29.753822573446932	29.757354731369574	29.760637777791608
4820000	28.95255197568957	2.6007246430554645	28.725711952529977	28.73316616733399	28.739719157957072	29.40662132285672	2.2347709813082304	29.21329423319966	29.230290717958795	29.23268519157571	28.88988942875331	2.1759401515624623	28.69842691362019	28.708677749060417	28.71611233971204	29.385071600285784	2.306111034816387	29.175457152785704	29.193986205012404	29.211556401539646	28.890569610937185	2.1847587553485304	28.69773808545736	28.708039393280274	28.716270528935045	29.41169475732895	2.30535505212439	29.210749065922727	29.220138015813795	29.22754927926693	30.958160747584103	2.4245072649984047	30.750570534955862	30.768667131562456	30.771058184493988	29.940755837301744	2.189932367207824	29.75429809673566	29.757447041680607	29.76071073392302
4830000	28.952939595181153	2.598251236443091	28.726657594604326	28.732773819376327	28.739414907760292	29.4058477423457	2.23407772077984	29.212211390072937	29.229944543725146	29.23241926133143	28.889977332211178	2.1761770223441177	28.698546933064726	28.70883195767561	28.7163222837533	29.38463865600446	2.3062637086549085	29.175698160145686	29.19418358070412	29.209907977097522	28.890720635033464	2.184745350843328	28.697962195442734	28.708148055381187	28.716270528935045	29.411214313782576	2.303225260091584	29.21069784513021	29.21915304260538	29.22691741937956	30.958943246317435	2.428231406888373	30.749984288885567	30.768290601993698	30.7707736621298	29.940622745198834	2.189967891026597	29.753629982701096	29.757450297218778	29.76069621211684
4840000	28.95363899773469	2.6035082042357316	28.72601173845033	28.7324788284405	28.7396292102598	29.40651281153867	2.235421704813397	29.21232012005602	29.230308470786333	29.23288381291265	28.89006411631789	2.176368136016948	28.698557441874513	28.708976355193826	28.716639928428407	29.384337361309885	2.307937644167663	29.176474794714775	29.193446237510244	29.209068294211967	28.890815795959202	2.1847369516826483	28.697987540981092	28.70827850148085	28.716353961904105	29.41211174267734	2.3068684416976293	29.211694704918255	29.219709952836048	29.226648723503896	30.95881994267487	2.4270522072803646	30.750502310219602	30.768633304192633	30.771199675351404	29.940656224227702	2.1900684733881284	29.753651699095744	29.757426728002294	29.760790396736247
4850000	28.953231786107356	2.60679341780727	28.725740679848514	28.73260190551161	28.73971214131024	29.406235767337712	2.235593299043288	29.2137454509936	29.23026266705711	29.232133937187783	28.890172356970186	2.176357618277205	28.698662113984852	28.709076841273163	28.716780161288995	29.385423548823425	2.3082973383157053	29.17505861792815	29.195503570307025	29.210076414865583	28.890911597687115	2.1847268920777627	28.6980685153206	28.70835251519491	28.71645212375049	29.412125395107566	2.3063794047215436	29.21096742425943	29.22001346948004	29.22696755580398	30.95996414480932	2.4280072040767537	30.752084425574004	30.76871367769917	30.77057914960759	29.940737055592994	2.1900612397897103	29.75387424146597	29.757399410892877	29.760680648368922
4860000	28.952578511678475	2.6041912237721294	28.72527110969917	28.733230341313373	28.740082168646964	29.405532987832167	2.235357733780184	29.209810663864467	29.230104327249983	29.23298555061217	28.89026680623431	2.176348916895179	28.69872596108447	28.709186901779987	28.71683052427639	29.38408880812302	2.305986840398709	29.174823609128197	29.194235757829958	29.208788924958604	28.891001758765817	2.184718957043581	28.698166597407432	28.708419694072823	28.71649386138172	29.41146347787492	2.303391940745895	29.2106176750728	29.219676795768255	29.22748299615036	30.95873916884911	2.4276624954226573	30.747593759035073	30.76849325652912	30.771426069097416	29.940646761025402	2.1900712314917223	29.75416763703108	29.757503191193827	29.76074883895795
4870000	28.95217084568874	2.6016842729275456	28.725624441906504	28.732881610295305	28.739946290740228	29.40699540097342	2.235393138208456	29.213175466202728	29.230104747213634	29.232967270354997	28.89033605844221	2.176343035622171	28.698865884740258	28.70936808953163	28.716914666441664	29.385372021828395	2.309977197540729	29.17743909320334	29.193304463462553	29.209510415166815	28.891061831045786	2.1847136183981632	28.698348417387834	28.708432440444916	28.716568478272613	29.412366265563815	2.307721316556038	29.21171099107453	29.21992635544472	29.226862583191814	30.96059813110678	2.4300080785362392	30.751177392223347	30.76852716412518	30.771330024588742	29.940714281123686	2.1900010269675487	29.754196844579617	29.75745247315104	29.760848087934242
4880000	28.951243795849084	2.598378016857012	28.725728395903168	28.733286689492907	28.739687837777208	29.406359719718953	2.2379254552869803	29.212375338295537	29.23017540689924	29.23264712287395	28.89067828931728	2.176670003334621	28.698961761905277	28.709438470164425	28.71703487554865	29.385266561887928	2.3115728130154096	29.176154335627494	29.194342257528206	29.21096469662427	28.891141908040222	2.184888955804624	28.69844026381651	28.708453152707254	28.716614719169996	29.41194731158115	2.308433282588398	29.211016624994606	29.21984859045415	29.227627160273514	30.958580579152166	2.4239098032584625	30.750415941701434	30.768608693313716	30.771056414022404	29.940686230668582	2.190003630784707	29.753962050616543	29.7577590511523	29.76070295604152
4890000	28.951920491647606	2.607150291136374	28.725324474435702	28.733175430640458	28.73982136311438	29.40818043784181	2.2367932241779362	29.2151671045809	29.230255536776014	29.23222041830254	28.890769191593623	2.1766616022416527	28.699007140404714	28.709596362313636	28.71720160883282	29.3858918492463	2.308632137855589	29.176514741998986	29.19530372146432	29.211844216544968	28.891228657442863	2.184881024072715	28.698496891253743	28.708437039805432	28.716631858994823	29.412057728320924	2.30886567672257	29.21177296441508	29.21961013451692	29.227468305586832	30.96208327083887	2.432978366721631	30.7535493576272	30.768697367496898	30.770671249875033	29.940464371717887	2.1900232868047493	29.754027753924742	29.757485806122787	29.760680713884806
4900000	28.951525103683377	2.6013970082984104	28.72539993075001	28.733174889475357	28.740364818253774	29.40656345625594	2.2374087827741946	29.212912059276665	29.23024468961306	29.23391859518133	28.89087598473259	2.1766523026787565	28.699129253051467	28.709611082389188	28.717226022978643	29.385604509216193	2.309621499426424	29.176852279679764	29.195229026865462	29.210436232203705	28.891265052982227	2.1848756472522353	28.69856447360152	28.708437039805432	28.716634340120436	29.412231448544027	2.3066459591360915	29.211381720738082	29.219917609266663	29.22726781357917	30.959955798012636	2.4248211976207568	30.751247411847153	30.768666587551657	30.772241805718956	29.940688937486627	2.1900033151594984	29.75383557018377	29.75760844572092	29.76103840487992
4910000	28.951162637801932	2.5962194731745742	28.72573268458757	28.7326877344874	28.740331981317876	29.406580961766423	2.2361358991489912	29.209389420772524	29.230415940594835	29.233163771018134	28.890953921743684	2.1766456412827546	28.699192190588658	28.709773928556196	28.717226022978643	29.38567156312292	2.309179067048462	29.176564419850493	29.19435156521417	29.210081333330848	28.891376915361285	2.1848657569255945	28.698642741252954	28.70843626675069	28.716758455522026	29.411555766855354	2.3066542312784133	29.210450379561504	29.219254940036365	29.227003901972502	30.96021383790353	2.429954895561126	30.747704525825945	30.76885444030141	30.771382411788068	29.940525373658318	2.1899760082216853	29.75359840121854	29.757555028383752	29.76103226441649
4920000	28.952692630332574	2.6054365607560617	28.725701407390304	28.732974127730728	28.739898500157956	29.40701354005309	2.2357426228459514	29.212945629797986	29.230426481233657	29.232340672751928	28.891023562983868	2.1766388289989247	28.699464745651323	28.709773928556196	28.71723445326093	29.383745375019345	2.3071142888791836	29.17444284168416	29.19285849227831	29.208274670350395	28.891421936904596	2.18486151613586	28.698784146214447	28.708437039805432	28.71696966464333	29.411681500460773	2.3048320098135986	29.211337721546016	29.21964461418606	29.226787053108517	30.959575296198093	2.4253101273735242	30.75079518162643	30.768861821929843	30.770738692974184	29.940492814647474	2.190063892797374	29.753832600227625	29.757615595018397	29.760856297440295
4930000	28.952513917920232	2.5993245247013745	28.725664292618667	28.733006001679975	28.740139846573953	29.406617398843704	2.2361593383007334	29.210692588147978	29.230089030748182	29.232879695559898	28.891097104526384	2.1766320137230246	28.699491089433067	28.70979085389484	28.717331268960734	29.38553107341847	2.3087447294879753	29.177469034443995	29.19458329985699	29.210686686535666	28.89151375469587	2.185083662163254	28.698825487295814	28.708437039805432	28.716978453779923	29.412227826401143	2.307356601925392	29.21149154407547	29.220173058066507	29.227056656616377	30.959766168597675	2.428751922420516	30.74875946033176	30.76847066476142	30.7711341293617	29.94065352652835	2.1899762014050834	29.75384417695036	29.75741950573128	29.760887214840487
4940000	28.951748395192098	2.601663119098505	28.72490524963578	28.732592193658988	28.7398342652531	29.405929653132777	2.2368525772636567	29.21100666735608	29.2302758997559	29.233805099604815	28.89118735507973	2.1766241861589637	28.699543690924923	28.709850511179027	28.717331268960734	29.384722911343694	2.3100891310378953	29.175383026285058	29.193953370299916	29.20972973164645	28.891633519272887	2.1850728787310247	28.698825487295814	28.708453152707254	28.717244063794197	29.411849505343483	2.3058883323262283	29.210863822200626	29.22001241835701	29.227275087209918	30.95877202442418	2.427672441832519	30.748958655912425	30.768698764680494	30.772175882968558	29.9407210575628	2.189970334383483	29.753918016179774	29.757441699509336	29.76076883423529
4950000	28.951465878961653	2.598461106944933	28.725490808729546	28.732495422062787	28.739811331092316	29.405357223397946	2.236684383399342	29.209117123609257	29.2298364138315	29.232213139279352	28.891306309357553	2.1768547373572082	28.699791092198765	28.70988089863716	28.71726610186424	29.384202954417493	2.308856551544049	29.17373878818652	29.19278638283017	29.20959545508022	28.891719810158172	2.1850649456692057	28.69899934074189	28.708611917270346	28.717454073191774	29.41125910856097	2.3074205746352137	29.210652188950828	29.21902632022938	29.226685618578745	30.957867408962862	2.426577566082417	30.746696133257927	30.768273719596372	30.770667652162157	29.94063467356742	2.1899787868384695	29.753784969640446	29.757373858933406	29.760885559072516
4960000	28.950667479895323	2.5836741203863482	28.725363184232137	28.732924647892702	28.73980164434767	29.407241769776224	2.2374306733378218	29.21239304669699	29.230401137768112	29.233348130088242	28.891362225058312	2.1768487598830664	28.699742514388934	28.709930425156372	28.71744086794383	29.384732019693185	2.3045757207376534	29.177244941766553	29.193795448680625	29.21056614790203	28.891818571229535	2.185056228984644	28.699207551666767	28.708632586950106	28.717454073191774	29.41120717633113	2.3036838754681157	29.210264633515095	29.22001956441246	29.22704607979604	30.95922555667885	2.4189996447493414	30.75009989691232	30.768770802711252	30.771510469104637	29.940379735108873	2.189999983061519	29.753578720668795	29.75715545940507	29.760463224053122
4970000	28.951831135429707	2.602273911064968	28.7258277385567	28.732691575783228	28.739571229387515	29.405969885892038	2.2343119410545316	29.21126962382185	29.23041131346946	29.233034620657982	28.891427617870605	2.1768425153054483	28.699791092198765	28.70996986810806	28.71757219818717	29.385730502679397	2.3066752836741644	29.177931682141406	29.195167966745228	29.210212613435534	28.891901484425567	2.1851670502293565	28.699264986190133	28.70886098690277	28.717542958967954	29.412468328562735	2.304238235711023	29.21230417808755	29.220351238551057	29.227834010443345	30.95929357505964	2.4274136953140757	30.749557178905768	30.768872836856147	30.771450113432543	29.94057829384712	2.189983134657977	29.753870139894758	29.75744982281064	29.760644016495654
4980000	28.95144024848989	2.593524995618718	28.72584684645713	28.732413335063978	28.739751155212296	29.405139819166138	2.2349086114156775	29.211337314987105	29.22987255832281	29.232262500839852	28.891483329158277	2.176837301264329	28.699874474520314	28.70996986810806	28.71757219818717	29.383759648986175	2.305781655715814	29.175736302532606	29.193534697498954	29.209095423470885	28.891995201642782	2.1851579311430926	28.69933882736753	28.70915461019225	28.717591265362003	29.411094013528636	2.3043481395861645	29.21053836858848	29.21944642526846	29.22663930907414	30.95779866544789	2.4243204350474246	30.748541327110473	30.76821818225384	30.770633543930092	29.94056366312133	2.1899851422159986	29.75415711994837	29.757588142298765	29.76061704279063
4990000	28.951734263656505	2.5965465251862976	28.72617843501937	28.73256193572334	28.739676943516837	29.406287659668585	2.234331926137184	29.212147661194102	29.230268555456647	29.232585096623154	28.89153980839687	2.176832368760307	28.699874474520314	28.709998935381407	28.717586351455715	29.384934343930652	2.309755081955497	29.175550543050967	29.19435324640289	29.209102572581557	28.89208740226061	2.1852587880020433	28.699421188774974	28.70917604665904	28.7176408117104	29.411897261376865	2.3063694980723253	29.21146690098849	29.219513237688552	29.227469665021868	30.960112370754185	2.4296620554875963	30.7505238889563	30.76869555099406	30.771041861973856	29.940816459739576	2.1899618311497817	29.754083817927743	29.757325912230613	29.7607827195413
5000000	28.95210042776143	2.5925981432900636	28.726266506637266	28.732580844889682	28.73956994456953	29.40582568644442	2.2364183969797953	29.210913779306175	29.23019990007633	29.232907458617888	28.89156672372689	2.176829770883177	28.699874474520314	28.710054012831257	28.717607314773474	29.384651653756894	2.3077753427191516	29.175876956775305	29.195095799750835	29.2093581576492	28.89215448215217	2.1852526945618718	28.699612716215828	28.709294738911566	28.71768675893138	29.412044895711606	2.305953150251524	29.21138520219984	29.219333029866128	29.227008048575247	30.958754612975685	2.4259025602259694	30.74894370070599	30.768643020205076	30.77129030850644	29.940951632393833	2.189909981291915	29.754310566813217	29.7576380666658	29.760823539476704
5010000	28.951978193083974	2.5976725772494804	28.726094332969833	28.73280402361773	28.739811455059847	29.40651505304247	2.235866293068555	29.211742270164457	29.230143331904557	29.232391353120057	28.891650804350125	2.1768987220027913	28.699928812904503	28.710030127703718	28.71763078735262	29.38561004688672	2.3108903210515366	29.175142305036776	29.194949843665146	29.209746447914043	28.89224808937656	2.1852447963167494	28.699660277422762	28.709497127167992	28.717719933559337	29.412446639110527	2.3069989424119624	29.211640020340685	29.220840964657285	29.227283897732697	30.95962914107155	2.431069023787523	30.749709541766567	30.768606515426107	30.770839806341094	29.941048500562207	2.189903612812676	29.754457874291916	29.75768281145777	29.76114514320175
5020000	28.95249277228929	2.603106256376679	28.725681283183267	28.732951928282482	28.73997453166773	29.40619854133014	2.2359394377823207	29.213183928468542	29.23019423456421	29.232094286599196	28.89172821331589	2.1771681577154385	28.699928812904503	28.710113005284253	28.717652561465144	29.385144242068	2.310499634210004	29.176679364630466	29.193460049580395	29.209049497869607	28.892344120563116	2.1852365873265995	28.69980301960975	28.709603429809924	28.71790122997866	29.412233678006356	2.3098698322071654	29.211514294656787	29.219564209222433	29.227087621991448	30.959973858388327	2.4313721974115468	30.75104366492997	30.768614264341135	30.770501936108218	29.940927780500598	2.189912851988803	29.754156002454312	29.757705831319406	29.760837066434807
5030000	28.951601892409176	2.5961109404172316	28.72565507908947	28.7323328110212	28.73936706931098	29.405206035269078	2.237450838963145	29.208895448253834	29.230245021159867	29.232212391576034	28.89180289258819	2.177161344391358	28.699980931110794	28.710113005284253	28.717659077818865	29.385169492700435	2.3098283714684418	29.177089013718223	29.1946045641417	29.209311016076747	28.89241371683442	2.1852303933659156	28.69993715302633	28.709603429809924	28.717966438451775	29.41164985160286	2.3059999092933463	29.21014644038406	29.2199463376433	29.22737142321361	30.957896653832616	2.4271063674657136	30.746497155264585	30.768672890484744	30.770648915718436	29.94072859279295	2.1899304789133995	29.75427210635644	29.757617026682055	29.76092680630214
5040000	28.951219558407452	2.595774980700886	28.725595060288093	28.732575978939764	28.739167497525905	29.40557567662359	2.2361119382244694	29.211757982999842	29.230313990249336	29.23312703853823	28.89207648274296	2.1774833869529684	28.699947397610398	28.71024039171285	28.7177424340895	29.383880819517476	2.3084626757906714	29.174382685447817	29.19325833453003	29.210493805602077	28.892488983851198	2.1854211918173307	28.69993715302633	28.709603429809924	28.718039500383824	29.41126144471533	2.3055449146616285	29.21020256004885	29.219188281283714	29.22718273686466	30.95905206294654	2.4222434735501728	30.75014665463322	30.76877672516387	30.77158638682583	29.94053062686744	2.189884255408132	29.75393235286453	29.757431462544062	29.760593337390393
5050000	28.95146360111812	2.598244752167852	28.72448501566374	28.732943985905358	28.739558064963063	29.40666788775225	2.2342144565819595	29.212889459276546	29.230216855622245	29.232935574217617	28.892168115224983	2.177475060647451	28.700109814144138	28.71024039171285	28.717766493477484	29.38424961035742	2.304051756564464	29.17446355226707	29.193882799518242	29.209433091511606	28.892601777155452	2.1854409921703084	28.70003097731427	28.709624608866356	28.71809652753889	29.4112132157651	2.303388551002163	29.210415610365352	29.219426379690095	29.22668042966073	30.960185995847077	2.4270190621344243	30.75123433839665	30.76857656553798	30.771230219785537	29.94046217286848	2.1898152370118997	29.75397944645452	29.757322744720692	29.760576762107497
5060000	28.95257778170577	2.601333164885708	28.724919056886343	28.732959957133133	28.740135788019575	29.406532194920985	2.2341394581464686	29.212835631443863	29.23026667142758	29.232251698619844	28.892236972106648	2.1775764849570947	28.70028573995358	28.71024039171285	28.717838137442314	29.38512870944577	2.308153366830263	29.173887721125908	29.194810824391062	29.21105425995579	28.89268954852684	2.1854332542098454	28.700091977794234	28.70963883417705	28.718165586745446	29.41143054896251	2.3052567257710463	29.210437783333838	29.220013659711007	29.227493777234756	30.960255228618518	2.4308252958521357	30.75116358758021	30.76870782557343	30.770626102830033	29.940605106582648	2.1898020423237194	29.75401428450733	29.75755774127191	29.760656553568815
5070000	28.952331332201755	2.5960629557772408	28.725587230685562	28.73329677299938	28.740135428297737	29.405439595813952	2.234911397487943	29.2097569696894	29.22945166584099	29.2322821724104	28.892348056611045	2.177566434280729	28.70053640609637	28.710338857665207	28.717942674575486	29.384924992205484	2.305868104857417	29.177070013435497	29.193694881677896	29.208481704354547	28.89274443549616	2.185428199629402	28.7003277555468	28.709772858118	28.718165586745446	29.41114302044442	2.3038920381389847	29.210436266755483	29.219134122560718	29.226783188962838	30.958795303717753	2.4266315393130298	30.747630892089898	30.767814752634337	30.77071421847448	29.940644185124793	2.1897990572041532	29.753907287782024	29.757615789567595	29.76099245916286
5080000	28.95252334407835	2.6071957184124606	28.725304129360527	28.73300321229879	28.739999199961822	29.404332994526474	2.2337544005570633	29.209753826927006	29.22956588098821	29.232398099890204	28.892417932122044	2.1775603665363397	28.701075752379914	28.710338857665207	28.717982497356427	29.3823360409376	2.3073805262761553	29.173609285269112	29.19174855249043	29.207942047498243	28.892795796982234	2.185423739721362	28.7003277555468	28.709795505013947	28.718197142221754	29.41072974371136	2.3043408181976046	29.21073219887835	29.21899623007324	29.225722285152184	30.95791506831087	2.4299971945448404	30.747583624309136	30.76800092190007	30.77075146045192	29.940501212010087	2.189703262625434	29.753647128762573	29.757253021875243	29.760891237522124
5090000	28.95166138012931	2.6012644295708998	28.725491233358113	28.7327169682271	28.73998443587571	29.404416209600406	2.235715098313472	29.20875347304627	29.22952512044703	29.232481557300538	28.892650171822947	2.177548929326921	28.701143482705223	28.710526801364825	28.718011953415036	29.384410709934734	2.308592217086757	29.17539537543834	29.193088535581026	29.209674499794268	28.89290012443795	2.18565278332388	28.700479058288447	28.70986727181824	28.71823570215419	29.41173683360063	2.3072983562149405	29.21099744346247	29.21985977174178	29.227252625031152	30.957721415154214	2.4296005102876617	30.746396030550123	30.767945437529526	30.770929335807924	29.94054284834269	2.1898741655402136	29.753613415712	29.757533158366535	29.760804027180566
5100000	28.95157725156692	2.600296348740855	28.72573319372607	28.732534473243863	28.739515376576268	29.405731139757403	2.2350164038961613	29.21144471898136	29.230181868383994	29.232721827932103	28.892684528250786	2.1775440915528277	28.701145678652658	28.710602705006956	28.718011953415036	29.38499789501311	2.305466625343865	29.176924950637606	29.194608368664774	29.20988313515503	28.892984525011848	2.1857129798856194	28.700591364447135	28.710037085408466	28.71827391615131	29.412148778475903	2.304301658073547	29.21171678919429	29.21987242421813	29.227284882459873	30.958664569617618	2.427089069359644	30.749585932904125	30.768515870801878	30.770842354084383	29.94065677378466	2.1898645872817175	29.753711434290818	29.757361162876222	29.76098419582197
5110000	28.952443710698727	2.6061920228585618	28.725483153808256	28.73213129488908	28.739183153911853	29.404658007510303	2.2358386573881783	29.20950060320377	29.230038832571502	29.232426715579848	28.892765144588054	2.177537180406097	28.701286196318684	28.71064140813749	28.71810971838228	29.384529334159783	2.3089353549706537	29.17578195073438	29.194914802326124	29.20908562490966	28.89310922793655	2.185701596525601	28.700793899844488	28.710049771991798	28.718370513155705	29.41150083226029	2.306298211184404	29.210462246992563	29.219507052881163	29.226860453367838	30.958415822059976	2.430501144324419	30.747977854181972	30.76848823688188	30.770806504462435	29.940765868774946	2.189856035253618	29.753854172721976	29.75728299631264	29.760963215008875
5120000	28.95100209647307	2.602682317943613	28.725534605435776	28.73194451956357	28.739222894590252	29.404120799020912	2.234980191439336	29.209473336016153	29.22992052435053	29.232264263347027	28.89284057644063	2.1775302556143012	28.701286196318684	28.71076302258021	28.718121361639394	29.383298807049748	2.306780523237469	29.17463941621306	29.19308341591529	29.208291708934958	28.89317371607154	2.185695718153157	28.700793899844488	28.710133271969553	28.718435345621184	29.41109372750677	2.3055617032576037	29.210207578330873	29.218444730362364	29.226051173628203	30.957250813843018	2.4246977446300426	30.74787881423438	30.768357154284878	30.77064520023876	29.940477961402966	2.1898816299324433	29.753932427572664	29.757515149975745	29.76054687076851
5130000	28.949285615106923	2.5834683972408197	28.725358729036422	28.732265529150744	28.739406698960682	29.406350040625753	2.2356889151408676	29.214291381467437	29.23032255368956	29.232638074879844	28.892903653964908	2.177524887404123	28.701435722521772	28.710804560961506	28.718205161645415	29.38487736920932	2.308487967308099	29.17651171645158	29.1947001123091	29.210040771625188	28.893242030721623	2.185689911015408	28.70083424764286	28.710139002498444	28.718532782896816	29.41190065211592	2.306422573321336	29.21176391758655	29.219902845727415	29.227057865761942	30.95911207830536	2.421874397146471	30.752535388967324	30.76874089347583	30.770998696089055	29.940565140196483	2.18987281819934	29.75402815608975	29.757390961218654	29.76064133517273
5140000	28.95232247323686	2.603973637554786	28.725803213815478	28.73246083484328	28.739155772394714	29.405436969382293	2.235392254912234	29.2100002006264	29.229793615262224	29.232258806660496	28.89297656812215	2.1775183740752824	28.701463672457965	28.71084727098461	28.71822599637436	29.38499765311845	2.3073914162675973	29.176393682987744	29.193170764637987	29.210059202121407	28.893330121080584	2.1858904116927023	28.700908118033986	28.710159172574215	28.718532782896816	29.41208263386157	2.3057431610803065	29.211402173127457	29.220034729007406	29.22722290871089	30.958968831167276	2.429543139744095	30.748398532484302	30.768241722486586	30.770633225566954	29.940613225196834	2.1899001130010043	29.753778968630044	29.757526430163388	29.760459960440297
5150000	28.952185556378982	2.602355778783428	28.725848200969406	28.732628848194214	28.739652673123413	29.406179794290573	2.234735148745435	29.21140479900461	29.230553077604064	29.233403121911167	28.893048226274324	2.177511933266205	28.701579163064523	28.71084727098461	28.71832222495955	29.38590537197846	2.307524287281781	29.17757634172974	29.195669708127404	29.210434467510538	28.89344931095271	2.1860425265514323	28.70093689070819	28.710171403971287	28.71859006647539	29.412225654584248	2.306276170687866	29.211671679703684	29.220303801149115	29.227779659083424	30.960188665922026	2.429760006930404	30.749917232966137	30.76901518418061	30.771865549899022	29.9407761876779	2.189865530049099	29.75430232045587	29.757318560417424	29.760736601059254
5160000	28.951695585419397	2.5994926126348123	28.72495226253169	28.7330468330714	28.739526845657686	29.40584899813969	2.236208780735223	29.210886203397862	29.230024855371937	29.23264895854463	28.89312306453857	2.1775046818820316	28.70171514998982	28.71087791715629	28.71842994834244	29.385124650501414	2.3097785217532776	29.176233249262015	29.19335377857027	29.20960025997434	28.893514275110466	2.1860363773348617	28.70104975449666	28.710350565572625	28.71861754281159	29.412064307264174	2.307360777002413	29.21097499647076	29.219829303580312	29.22774651495671	30.959166157317615	2.428474436768702	30.74892783811966	30.768373687997517	30.771084665420233	29.94090355376215	2.189853834393216	29.75423348292996	29.757478491648865	29.760787824623527
5170000	28.952427096131505	2.599717092120841	28.725450814148	28.732575336331024	28.739344157718506	29.40531692610654	2.235982500818729	29.20989957784027	29.230040719543915	29.231713499352175	28.893150659083748	2.1775015302671004	28.70171514998982	28.711038803131725	28.718512914546952	29.384154196795233	2.30683464174802	29.17454668743453	29.19392439349432	29.20894196180637	28.893589706328754	2.1861363161925986	28.70106812371329	28.710350565572625	28.718776542712007	29.411596814983575	2.303582572193631	29.210977505358667	29.21971833615808	29.22722443247003	30.95824861043133	2.4267600715922195	30.748101348970472	30.76847246994008	30.770171193835303	29.94080112357668	2.1898628760684486	29.753903234549927	29.757574120188792	29.76085091560614
5180000	28.95235461208148	2.6041598638395462	28.725850122916217	28.73255470637223	28.738999807131478	29.406501546885618	2.2350645530484248	29.21116391848148	29.229955135600555	29.23233788243388	28.893253197749342	2.1774920430878164	28.701867218047784	28.71108051358985	28.71855645895544	29.384035430186444	2.3070396972858718	29.175299881775036	29.19371353363298	29.208808741816803	28.893682415109932	2.186209157563218	28.701334925584263	28.710442037187498	28.718913716603744	29.4114754947881	2.305914453803651	29.210163357915583	29.219195691203424	29.226719706702628	30.95997980411154	2.429536715383755	30.749059749233396	30.768401398968	30.770738192122867	29.940827700063572	2.1898602675191583	29.75402674987024	29.75734617890501	29.760829114192518
5190000	28.952924967213075	2.6054101412859696	28.725311771828054	28.732246438675602	28.73972137320415	29.405776994589054	2.234442206989731	29.210961803167365	29.2300811390648	29.232421159771985	28.893309495566974	2.1774869515440893	28.701791811631587	28.71108051358985	28.71864013573626	29.384901784700983	2.306932669367417	29.175831462644425	29.193608682232956	29.20918977035501	28.89371246595429	2.1862064965891346	28.70140412224269	28.710527588805306	28.718903654874026	29.41174270272945	2.3030545867998797	29.21119168692691	29.220145439247908	29.227419318902818	30.95884804117425	2.4258017740665387	30.74861792417451	30.76852592846398	30.770834873734227	29.94063676112574	2.1898796637945317	29.754040864111886	29.757222328324936	29.760837669750465
5200000	28.952531752380803	2.599488725103401	28.725012631064967	28.732842654008877	28.739685320366156	29.405147192398204	2.234335949446248	29.209351257606457	29.23009097112935	29.232619658242356	28.89335697832882	2.1774808152920664	28.70181883620097	28.711168533106857	28.718737951294614	29.383066599911164	2.3047804199115123	29.174047595196733	29.193292838380657	29.209221224839368	28.89381656463606	2.1861978210502615	28.701512673794223	28.710595019303724	28.719224931799875	29.41066171729784	2.302589687243144	29.210852719152594	29.2194349988191	29.22656535310723	30.95831959988185	2.422344220472424	30.747664101608123	30.76854438201876	30.77105148710443	29.940558177731937	2.189883629463225	29.753897914104094	29.757278179183345	29.760605893637617
5210000	28.952949524683845	2.6068798951440977	28.725115190227957	28.73282340199533	28.740189371600724	29.405683181845735	2.234611561542062	29.210866393839133	29.230463240748623	29.23320898520808	28.89345005176093	2.177472275134929	28.702068394077976	28.71123308418526	28.718810817836548	29.385747250787876	2.308928656014621	29.177510381202275	29.194106569842106	29.210572144270035	28.893870267038544	2.186193207530683	28.70175815486732	28.710645775924682	28.71909149255258	29.41278484039894	2.3069498670567166	29.212322064051065	29.221190076250494	29.227827498757254	30.958083107977654	2.4279201270006627	30.748150193933643	30.768861018757377	30.771547468587258	29.94047691566138	2.1898636216717327	29.753760935394823	29.75761189869239	29.76080108116696
5220000	28.953498431119506	2.6058839221051113	28.726081672068368	28.733274983092052	28.740187269823934	29.406598796249398	2.236888620496839	29.212223812514548	29.230178365817274	29.232550621449835	28.89348885839321	2.1774684112216693	28.70214614997424	28.71123308418526	28.71885805374928	29.385332669841812	2.310599477086536	29.176232334218653	29.19427674925499	29.210102559555143	28.89392873959597	2.1861882042333334	28.701839251919285	28.710645775924682	28.71909149255258	29.41211201111373	2.3070787828386448	29.211067439903527	29.220114515896675	29.22783472645252	30.95964970132157	2.4323543743175935	30.749920087304428	30.768612584245478	30.77097150422079	29.940625713867732	2.1897815741673337	29.754017471490464	29.757484500029605	29.760947358486206
5230000	28.95298456267396	2.597169434299697	28.72598284183554	28.733256170471687	28.740493050110942	29.40396413740423	2.2368435884634983	29.204697052474735	29.229406320077466	29.232144185845186	28.893538197974262	2.177464143219686	28.70229048357228	28.71123937759573	28.71885805374928	29.383040654781972	2.3104456685278074	29.17276892118649	29.192279587834243	29.207573750125743	28.894001463223915	2.1861820451390694	28.70195733110557	28.710645775924682	28.71909149255258	29.411427013555596	2.3078827000365774	29.210568830363883	29.219246067091575	29.22665609192152	30.95694697621943	2.430375197306549	30.742533372133334	30.767762345684652	30.770541083364	29.940517079527726	2.189763576588079	29.7538665372926	29.757586533514548	29.760949447231162
5240000	28.952137842476667	2.5964086962307955	28.725604890710194	28.733162995132613	28.73970015362454	29.40667969528826	2.235287156351512	29.21210525041616	29.230423312707835	29.232782582468815	28.893626688013377	2.1774563637667375	28.702363174010763	28.711246436934765	28.718922275975416	29.385062397537823	2.305933034853538	29.17705054950897	29.194406365925758	29.210315106966735	28.894060726530117	2.186214148573684	28.701980303279182	28.71088023090258	28.719047558640842	29.412056605513925	2.3037298785057465	29.211969221577746	29.220425946802315	29.227457153902623	30.96027482759965	2.425275331867367	30.750380145014184	30.768880577751148	30.77116474458778	29.9405086423057	2.1897619461701803	29.75386486919742	29.757588141648164	29.760802829561733
5250000	28.95219644672034	2.5935020372548907	28.725829366806288	28.732898433825362	28.739917694932245	29.405565126456313	2.235280661648491	29.21065595644918	29.230445406315972	29.233194763379352	28.89370062818622	2.1774482972947444	28.702363174010763	28.711391910193946	28.719065469515073	29.38497774640981	2.307773172232416	29.174853077471017	29.19416861591474	29.211047557355588	28.89415119345597	2.1862058118229823	28.70221071460744	28.710839639409812	28.719224931799875	29.41221641707017	2.3046954645740643	29.210847116773202	29.220138461805313	29.228128552703012	30.958695083857993	2.4248299810181955	30.7486759553557	30.76884813103925	30.7716342820773	29.94054411112653	2.1897597731589937	29.753729324946082	29.757341373346073	29.76098269045005
5260000	28.95284307286107	2.6071070549301143	28.725520911232177	28.73262818531337	28.739927210952416	29.4061197424814	2.2352804411926703	29.209502265060266	29.230186717837817	29.232888441355442	28.893815380470496	2.1777758657614896	28.70243668516074	28.71148154476957	28.719105403118387	29.385458430099572	2.306235651305446	29.176894673214946	29.195823691646297	29.210545926959885	28.894225225141863	2.186199223092594	28.702243461585894	28.71092732749385	28.719301433926525	29.41196938144887	2.305382586394082	29.21141921375569	29.22011983919016	29.227886943642353	30.960010645533025	2.430497204870533	30.74714462080795	30.76863564250393	30.771322540016634	29.94058339420443	2.1896973003678553	29.753986591815533	29.757629849767333	29.76097931080221
5270000	28.951801745987705	2.5922146389995753	28.725917294081235	28.73337879295629	28.739774492732643	29.404794359940883	2.2356284451140547	29.209118759802777	29.230068570850307	29.232074314895936	28.893880613702887	2.1780907184077183	28.70243668516074	28.711744122847904	28.719308461061075	29.385053346936594	2.309606627798437	29.17541126750853	29.19555304298582	29.209095479043636	28.894329438985263	2.1861900382935398	28.702347912628785	28.71111427040372	28.719344886892827	29.41188789238112	2.306471334742264	29.21152497132393	29.219650089038797	29.227271781935027	30.957588431450198	2.4264697574017275	30.74727398414006	30.76844019172124	30.770511320587772	29.940633112898812	2.189691994368671	29.753983513304306	29.757631423240255	29.76091805517352
5280000	28.95186866516486	2.595575593271898	28.72567336513186	28.73349917345794	28.739972352855823	29.40414965891466	2.235755925771324	29.20879149387047	29.229192583799673	29.23201610582597	28.893993740884575	2.178080577008527	28.70265240964337	28.71190911909872	28.71939038561937	29.384140723531864	2.3099446970806135	29.175381836982552	29.193356811952825	29.20887072474073	28.89437894851278	2.1861842973649663	28.702481041936817	28.71111427040372	28.719321102964813	29.41148816382874	2.306013069756235	29.210335095068093	29.220227355704292	29.22650283782678	30.9574478659684	2.4266439071074064	30.74724320599105	30.767591222705	30.77041909404791	29.94079349750907	2.1896779170789653	29.75418108209435	29.75751187968475	29.76078867828631
5290000	28.95094819744746	2.5968375686688843	28.725175531548096	28.731981384141758	28.739501441602492	29.40471837371261	2.2333668708918566	29.208734840695094	29.229521311714713	29.23229819369049	28.894072348506185	2.178221529482127	28.702690557176275	28.711978037243835	28.719427557763087	29.38298307234831	2.3038889509915568	29.174690826292757	29.1921815438783	29.207907617666546	28.894473656311547	2.1861758679285477	28.702554983573606	28.711212934205143	28.719321102964813	29.411046037513895	2.303238871240548	29.2101688867556	29.21974874011144	29.2264976149574	30.95760522322214	2.4250136522293486	30.74714116190745	30.767948677096236	30.770700982743765	29.94056118171825	2.1896984834989746	29.75362610073722	29.757435253208712	29.760716518084557
5300000	28.95126801037333	2.6027173328628446	28.725264360588508	28.731637948362806	28.739109658140773	29.40742721972032	2.233535143975429	29.214445172637408	29.230297674347003	29.233156588376612	28.894142097120486	2.178215511665261	28.70270408392645	28.712043213214223	28.71954754405294	29.38535670065809	2.308062999878853	29.177645788237406	29.194760337497158	29.208718283839865	28.894559722938375	2.186167993119307	28.70263723985518	28.711312033706378	28.719344886892827	29.412158674236185	2.3049579321105678	29.211305287045686	29.219850041657356	29.227419609585674	30.960652963438157	2.429037513198861	30.75268392824391	30.76868942536145	30.771560052765665	29.940481299418277	2.1896917757289387	29.753542130261124	29.75715652275012	29.760772184802875
5310000	28.952839840297138	2.607466220306888	28.725308634386174	28.732539273291604	28.739804055933263	29.406547483904916	2.2327412648415432	29.210644059753534	29.23009016684327	29.23275847447845	28.89417823439459	2.1782107561572617	28.702757087404475	28.712043213214223	28.719566509830504	29.38506023317039	2.3070898930414754	29.17583294296268	29.193758822311068	29.210632034129034	28.89462656777365	2.186161997840593	28.702652565326254	28.71143856870477	28.719385311463682	29.411459512343967	2.303687256870835	29.210433888918928	29.219534684397416	29.227254576883066	30.960575837074668	2.431566281519428	30.74890039997381	30.768499576396486	30.771169172751442	29.940568404012307	2.1896498132368283	29.753588653929178	29.757349081106945	29.76084866652586
5320000	28.951822293843293	2.603732688728578	28.72535711777934	28.732426052383204	28.739529496375027	29.4051621111263	2.2343368970607718	29.21051994397955	29.230220598463216	29.23239486966241	28.894264021537857	2.178202255093299	28.703031393315854	28.712075374854887	28.71956853411376	29.38525456806868	2.3079399086088097	29.174735211007324	29.194356487203816	29.21105833593106	28.894694871976892	2.1861561300288397	28.702652565326254	28.71145551421165	28.71941885987251	29.411847428581122	2.3048681660554546	29.210446944431236	29.219791752123058	29.227672565398645	30.9582792929706	2.4295977539009157	30.747698430284466	30.768652806372515	30.77084634858888	29.940599940106154	2.189627090316372	29.75404002289837	29.757361762538117	29.76083627198109
5330000	28.951717228322078	2.5968584154070884	28.72572240609319	28.73265878589426	28.739924250075575	29.40639048562076	2.235084088671037	29.21112779802109	29.23012826718838	29.23327036844561	28.894303351756562	2.178198575830994	28.703031393315854	28.71212263141888	28.71956853411376	29.385356949156566	2.306512152302616	29.177247293549378	29.194234645080982	29.209248021909183	28.894763977958306	2.1861501873046993	28.702691510181754	28.711528987867794	28.719458907537422	29.41197699177371	2.304229294883666	29.211261189404347	29.22010514799074	29.227113742806196	30.95933480746508	2.427482497058722	30.749067799353988	30.768522314492778	30.771556748206912	29.94062946439162	2.189619800649852	29.753722213023455	29.75743943432785	29.760850560565935
5340000	28.951615776963237	2.6029929317663267	28.72566121190613	28.732684175499124	28.740085419791498	29.406191848049676	2.2345840741445007	29.20889044748656	29.230687915733263	29.234585874626486	28.89440065333479	2.1781900172151776	28.703178477588622	28.712200117600737	28.71960172358909	29.384855890679976	2.3057907129778745	29.17522524684996	29.193932659350885	29.210749323229077	28.89483374565071	2.1861440120209794	28.702756653629546	28.711807114219233	28.71946611469898	29.412519159787006	2.3036509398274374	29.212629239352555	29.220470596877586	29.22773900843569	30.96011830785697	2.427108122299523	30.747317795875215	30.769128759471254	30.77300177804204	29.940926909198428	2.189564017670563	29.754142902605796	29.75766932277763	29.760862899462712
5350000	28.95120657742139	2.59983844210277	28.72549259356978	28.732384192838634	28.73916460302862	29.405057686093084	2.235865942342794	29.209284439818628	29.230251406318175	29.23258805772676	28.89447163963049	2.1781827448485918	28.703202946379974	28.712253229038918	28.719739662194076	29.384481368433065	2.308138400517201	29.17417719627011	29.19430881776414	29.21110311485776	28.894911943447923	2.1861354895998635	28.702840505068234	28.711886450945883	28.719484457044732	29.411569119476088	2.305280100019431	29.21146580885172	29.219907086991476	29.22649770841874	30.95814026490618	2.426308743786684	30.747184818432768	30.768679807240296	30.771000690391965	29.94089605486892	2.1895661987544535	29.754153338326503	29.75761670704577	29.760811487583098
5360000	28.952771720757493	2.607458690407636	28.726149182163116	28.73276965862179	28.73960004593963	29.405684229550072	2.2350266263215155	29.20948929742046	29.230004173414635	29.232160966537045	28.89454200433696	2.178175069828324	28.70333506558274	28.712401525018826	28.7197598985866	29.3849667664789	2.3074578910247836	29.17535431966915	29.193890052065782	29.209836126275526	28.895015042430124	2.1861264139526826	28.703182393819837	28.71190490481911	28.719492091232716	29.411712342592295	2.3044970123484285	29.210906465441532	29.219784169595513	29.22701366861434	30.959254136641587	2.430424229175608	30.747408213650655	30.76844267647055	30.77053169039892	29.940672171975258	2.1895877380704456	29.754098463424217	29.75737152021097	29.760763668296015
5370000	28.950737609240697	2.5954684082327133	28.725224636671474	28.732189030272874	28.739678447072198	29.405165137441355	2.235001430715967	29.211885225089993	29.230216994609847	29.232501680757498	28.89466897936023	2.1781854940246808	28.70368153708759	28.712652475305728	28.71986121535362	29.383154664314677	2.306051998404495	29.17315585984515	29.193286222452187	29.209498058219218	28.895068685799764	2.186296625676601	28.70335894306951	28.71203924367186	28.71950832167553	29.410583920529238	2.3034395812665007	29.209407759016933	29.219131864729043	29.22623655206585	30.95831732134939	2.4252889516686307	30.75011036019458	30.76864995015716	30.770815732753775	29.940487276017677	2.189602734995104	29.7537296603563	29.75711923581295	29.760673432695135
5380000	28.95121410974196	2.602577606419373	28.725164831857835	28.73221829684833	28.73909871761714	29.406947177069664	2.2348626371345173	29.21140077132963	29.230420268138754	29.2332862666088	28.894718777599387	2.178180828987619	28.70373966159412	28.712701081698036	28.71986121535362	29.38387851023832	2.306482012315836	29.17479721455613	29.194384645820797	29.209230484976466	28.895100926987876	2.186293751054615	28.70340269656746	28.71217803733893	28.719536768528602	29.410839998894325	2.3048609831455202	29.209758171086275	29.21973831151238	29.226322768727343	30.959813021514588	2.4244096224281835	30.74920178887935	30.768843179772805	30.7715597354824	29.940434067763874	2.1896357946983356	29.753446226839614	29.757352099700096	29.760531212166107
5390000	28.95131745306624	2.5970083429730697	28.72505240049206	28.732443285551067	28.739703145006438	29.404473930750182	2.235297523153514	29.206737758532345	29.229422540642876	29.231895774235866	28.89501184793723	2.1781659741415305	28.703838958237228	28.712701081698036	28.719908574718215	29.382831996782155	2.308562710083822	29.173129981605722	29.192458672937626	29.207861929460506	28.895153195423553	2.186289218715745	28.703454630143554	28.712361954039597	28.71957383808258	29.411232481980974	2.30623846600858	29.209976379598118	29.219553688774823	29.226482610246943	30.95744922462882	2.431540342502742	30.74449395903403	30.767836724559825	30.77027454166192	29.940300630537774	2.189589285377482	29.753798543214735	29.757503650666923	29.76056718546695
5400000	28.95199868152597	2.6052180380342245	28.72547780822761	28.732593523527058	28.73939299722493	29.405116224974854	2.235979797576379	29.209882029500285	29.22986997958012	29.231941270795744	28.895081894915556	2.17815931605209	28.703838958237228	28.712701081698036	28.71995904758227	29.383580202653107	2.307200908705328	29.17390864735123	29.192665460891767	29.209069007454552	28.89521944714623	2.1862834514076925	28.703523628336853	28.71241142454935	28.719554618645308	29.412004663325057	2.304819494898872	29.210944761983747	29.21959963732153	29.22785730142943	30.95885913720553	2.4290822522812054	30.74803997778263	30.768327996439687	30.770388035170072	29.940648052381082	2.1896748850360552	29.753994422440396	29.757397185928472	29.76100746184046
5410000	28.95194935769957	2.603679059122215	28.725247228570364	28.73256718718926	28.739103604161482	29.405983484757925	2.235512395827218	29.21135402570789	29.23046878698284	29.23293971975665	28.89515107360882	2.1781532776394568	28.70389415286659	28.712754982937483	28.72004350727795	29.38420617625001	2.3075009916039098	29.174293168533435	29.193125636901968	29.20908531494832	28.895316399083132	2.1864084714760494	28.70365384999286	28.712468763534677	28.71969137730018	29.411921681302974	2.305880199504935	29.211206019683402	29.219706189526438	29.226883605669745	30.958959160385454	2.4280432339925953	30.74814356098818	30.76890055035105	30.771323229146894	29.94048530028908	2.189748473513281	29.754108614249102	29.757356972616293	29.760506869177913
5420000	28.951867141585993	2.602788696469429	28.725291052225575	28.73212079728499	28.739627794762676	29.405210847724454	2.236241365250184	29.210196339324206	29.230103003491962	29.23224163680003	28.895212367146033	2.178146756096686	28.703972229794065	28.712740649047213	28.72026878868523	29.38384673413812	2.308357145502991	29.17525535945711	29.192820611993845	29.209139324528007	28.89535301584373	2.186405300453683	28.70383732431309	28.712468763534677	28.719730572541486	29.41154444299621	2.305712020612485	29.210783366014034	29.21944111995964	29.22702078889384	30.95749620791156	2.4251897471756747	30.748265549094437	30.768553319106754	30.770639903802824	29.940332267582196	2.189764247160145	29.753548543842776	29.757492323333544	29.760755347257625
5430000	28.952065160069193	2.6014323123585195	28.724738294041426	28.732266329043263	28.739432704898135	29.40608477688734	2.2348130518507974	29.211706944377397	29.23002334011411	29.23300403342063	28.89527373118761	2.1781402744672347	28.70405227137079	28.712845655635725	28.72029864214638	29.38395676093078	2.305797612073282	29.17499981905346	29.19340310074299	29.20907659001872	28.89539321527856	2.186401667393347	28.70383732431309	28.712500928286012	28.71990048012865	29.410978620670583	2.3028537461968086	29.21084511448005	29.21924655766017	29.226794224570543	30.958788620493568	2.423746516376844	30.74971546914872	30.76847442488159	30.771353827955576	29.940261650850935	2.1897699649890807	29.7536319557663	29.75731488308125	29.760554991060197
5440000	28.952295153496678	2.599813768286269	28.72576846088774	28.73251302678888	28.74009927289188	29.405869397045794	2.234935537719301	29.2098456618049	29.22992607374248	29.23232358049885	28.89535991836128	2.178558184234163	28.70405227137079	28.712845655635725	28.720352865187728	29.384259354710892	2.3087947884577504	29.174347293256112	29.194455031835354	29.20974313229831	28.895451201299934	2.1863963363398424	28.703848973875665	28.712654216872853	28.71990048012865	29.41156257883263	2.3058676411716976	29.210370560288624	29.219756199277974	29.227018124924918	30.959551950836584	2.4282168840268503	30.747461004603643	30.768312923676547	30.770756992704772	29.940351717654252	2.1897083277301004	29.75349127587841	29.75740169813432	29.760733709748433
5450000	28.952978099942577	2.6041175585137784	28.72606279291845	28.733467370585572	28.740212343750187	29.405566624786168	2.235322598467476	29.209878270164374	29.23016143293841	29.2326218283707	28.895394025792022	2.178554971392585	28.704155663202744	28.71288581773556	28.720427740067308	29.38600937645955	2.3086921619101446	29.177102577712677	29.19529134541648	29.2102753308712	28.895498834207636	2.1863921149888457	28.70388127261267	28.712592637895895	28.719941751518217	29.412393654631177	2.3061258310669634	29.21205284021786	29.22062158863673	29.227425075066318	30.95835562282148	2.429837650659208	30.7473917898892	30.768527989188662	30.770967150478178	29.94052358204818	2.189691740079061	29.75385492152774	29.757515100029206	29.760924450906103
5460000	28.951866377450337	2.6018353367141054	28.725682939723114	28.73267459049503	28.739654571782737	29.40600957922082	2.2364876015426702	29.212663928114026	29.23038219893845	29.232973577689446	28.8954822004272	2.1785470456730103	28.704232198516507	28.713067247949244	28.7204562102831	29.384526737659456	2.3111909581010965	29.174797376198516	29.19361731972431	29.209624025460066	28.895572072349268	2.1865785811027676	28.70388127261267	28.71266371166039	28.719941751518217	29.411806929810187	2.3077700578343263	29.210456725283056	29.220038464933808	29.22754077809122	30.95927220834792	2.4319924490347735	30.751105069227304	30.76884369511854	30.771432237207037	29.940645018583144	2.1896801518760505	29.75383341937017	29.75751199595311	29.760701137037838
5470000	28.952245383014635	2.604201445788938	28.72590304165054	28.73281361354234	28.739651123462806	29.40629515006737	2.236965107455443	29.21088697043433	29.230166176729888	29.23232211032451	28.895533610562786	2.1785420572319065	28.704244102226887	28.713085961010997	28.7204562102831	29.384114321072964	2.3079100745183485	29.175705307344902	29.19354034768746	29.208859775250886	28.895650730356216	2.1866426216483728	28.704185950284824	28.712676152526832	28.720004164524788	29.411429078968144	2.305521964702293	29.211280398237502	29.220167432416048	29.22656348329801	30.959585326538473	2.4267544041870033	30.748697047803464	30.76853595902189	30.770580517537407	29.940671005970998	2.189678431436141	29.7537632045643	29.757780291177966	29.760897519203372
5480000	28.952083361630724	2.6028886176966557	28.725722929901757	28.732516333834702	28.73984851000424	29.406199483027702	2.236446482458941	29.21318070999563	29.23004171621117	29.233014678106134	28.89561435131666	2.1785352527457635	28.704314697901086	28.71310373879538	28.72050254638096	29.38473540649396	2.307856876631462	29.175917655252036	29.19418226836541	29.209771458700402	28.8957093729649	2.1866371850865876	28.704482103404104	28.71266371166039	28.720072075614844	29.411599606252707	2.306159774695097	29.210858085710612	29.219278827123645	29.22697094117862	30.95887872943295	2.427698659316376	30.751584027123396	30.76842344666523	30.771429386678264	29.94052679785712	2.1896911062773987	29.75369230086857	29.757602561865273	29.760731287600734
5490000	28.95063030804862	2.5865685836726775	28.72514725787792	28.733027950655064	28.73953158251744	29.404472874840728	2.2354537077903345	29.207571935402626	29.230006992238316	29.232080942472614	28.89569237939687	2.178732625712028	28.70449423742098	28.713131376911765	28.72050254638096	29.38390669143273	2.304440447995778	29.17454437264209	29.192807505853313	29.209940877004534	28.89577631968765	2.1867073183611536	28.704494125841038	28.712723869758985	28.720072075614844	29.4108094779153	2.3022737680058754	29.21015361487832	29.21988680199798	29.227228520406502	30.95722684234125	2.421363833797966	30.745214856567486	30.768401096408134	30.770521489287148	29.94055591739192	2.1896108394687626	29.753725530941438	29.75752953756211	29.760905743491655
5500000	28.951519610504306	2.59961107135849	28.725266543436895	28.732299658489865	28.739697139154035	29.40575418183999	2.233863508310138	29.21248901681607	29.229989939078294	29.23195206669954	28.895762570267628	2.1787266862971357	28.704617275989065	28.713302635160495	28.72060357414062	29.384315683891888	2.305731016259114	29.175937416060265	29.1938466651306	29.209577158065184	28.895850125209314	2.1867008362235785	28.70450480049106	28.712762425171114	28.720139495049107	29.410977104789996	2.303548667916825	29.209482302540888	29.21963118863248	29.22706238945322	30.95931072269992	2.428904212243805	30.75047133243423	30.768358457694127	30.770290667344504	29.940401213486382	2.189553061352693	29.7534912844913	29.757299054936585	29.760616648505376
5510000	28.951583798596094	2.6003731076863166	28.725108822114255	28.732413408221966	28.73984693911425	29.40605325534846	2.2350787573621322	29.21120080896028	29.22997216095135	29.23272413739805	28.8958331406177	2.1787206624098565	28.704617275989065	28.713385149204328	28.720626844740885	29.38446285764317	2.3073722444040055	29.176290370518213	29.193665846138163	29.208903323142156	28.89590585073722	2.1866946792556363	28.704635320260405	28.71277003382253	28.720171717680124	29.411502692666584	2.3039027705272725	29.210990875048463	29.219777291372843	29.22686212679154	30.959006790793442	2.4227625891483258	30.749366578617106	30.76840830833412	30.77097595314899	29.940180757973955	2.1895732999205766	29.753604698330633	29.757152849148795	29.760711039535252
5520000	28.95145652666243	2.6027831694577364	28.725219486870856	28.73233972829518	28.739711852217038	29.406002760040504	2.234063395707729	29.21232433222159	29.229966281141074	29.232175110987725	28.89592611161083	2.179118235582579	28.704649817074113	28.713387285733116	28.72070696056054	29.384749738612893	2.3094342805730252	29.176679101325433	29.193126544055335	29.20988878232626	28.895964564985228	2.186781135146888	28.704635320260405	28.712975008506916	28.720139495049107	29.411732571118442	2.3072537510576323	29.21077434730781	29.219259608461165	29.227243518932266	30.95890179797745	2.430820923652639	30.749308137838288	30.76828902325328	30.770447168332375	29.94030466815907	2.1895930621426998	29.753699184406376	29.757199988926025	29.760782644045484
5530000	28.95183105345388	2.5989170876956393	28.725445529303613	28.732235390871352	28.739216424758347	29.406949297496705	2.236008585037753	29.214108599778623	29.230239407963243	29.233519401670947	28.895992755584007	2.1791086825660475	28.704725145978106	28.713397192083775	28.72075810203292	29.38595551938847	2.3075470866220438	29.177593480278396	29.194003153595343	29.210415783492426	28.896047991075466	2.186875401930267	28.704635320260405	28.713034390424188	28.720171717680124	29.412187507557196	2.304239600237196	29.211822663101188	29.22017732483583	29.2268087103505	30.959701084443484	2.422136985979383	30.75179013614501	30.768660613981574	30.77192697134703	29.940299786134094	2.1895910430259513	29.753647905284318	29.756979822094692	29.7602770028721
5540000	28.952250228720207	2.602757564331754	28.725884341765056	28.732919964497903	28.740449453541185	29.408069644563753	2.2351600669303053	29.214323429385807	29.23030052016223	29.232982700614098	28.896063719407643	2.1791006875910117	28.704817898949102	28.713563123350994	28.72075810203292	29.385653789657734	2.3084961482909323	29.177073454857172	29.195005156860127	29.21029846417708	28.89613338087017	2.1868680919583228	28.704798353994274	28.713173039286065	28.720191788890823	29.412368818276448	2.3072662473668033	29.21165843206084	29.220464789739616	29.22749810318738	30.961809775957402	2.4305823106036697	30.7526980090175	30.76875932437472	30.771382089524664	29.94040202228153	2.189584284391679	29.753985997347858	29.75742536749997	29.760581246549954
5550000	28.952147375880724	2.600581424090324	28.72584058952695	28.73343047032349	28.739938089210078	29.406111082090813	2.2376258033567704	29.211469790403054	29.229975199812806	29.232468146895357	28.896121954395174	2.1790958733348336	28.704817898949102	28.713563123350994	28.72075810203292	29.384459957482434	2.3104799430384966	29.176517279947298	29.193626843619818	29.208680464043535	28.896194753588826	2.18686286773575	28.704823022577337	28.713189094122992	28.720191788890823	29.411556476180262	2.307859075953618	29.210554884022276	29.219389711842958	29.22692494133701	30.9591482482076	2.4289134436285336	30.749186701209037	30.768409358008157	30.77091371068342	29.94062368348957	2.189564127792756	29.753761409683904	29.75764007688169	29.760861865419457
5560000	28.951062732398277	2.5938935572027337	28.726252926701846	28.732401063613693	28.739772789518327	29.405946139974304	2.2364630693712035	29.209764713569626	29.229797549729735	29.232305374342367	28.896381035405987	2.1790847378956495	28.704817898949102	28.713724806854884	28.720770618921776	29.383863748105643	2.3084241414765945	29.174404787524338	29.19261808842332	29.209363995872422	28.896242191283026	2.186858766816705	28.704948563672794	28.713358471014487	28.720240038040878	29.41134323927872	2.30613322938586	29.210423129654718	29.219274214136334	29.227240685074804	30.95865638880481	2.4222206359589067	30.747916947663807	30.768187953819208	30.770678652001784	29.940540465399746	2.189546924412652	29.753540985874416	29.75758121618191	29.760968492251624
5570000	28.951540050482215	2.594897553487935	28.725474396675054	28.7327763830851	28.739593058137014	29.406206722774364	2.236189155586479	29.211522808108814	29.230343027301913	29.233088267683492	28.896408744613694	2.179081712983012	28.704875721831932	28.713705613114353	28.72075810203292	29.38513277797468	2.3094844599736817	29.1765915957278	29.193832243750045	29.21034827134564	28.89634874562323	2.1870725063044483	28.705068472360583	28.713432399442578	28.72026344072289	29.41249874725051	2.3082156824156206	29.21134730880958	29.21996910960253	29.227936424482596	30.959376450492623	2.4277643328270244	30.749469539320966	30.76877783349054	30.771335780497886	29.940500714228325	2.189549796829459	29.75381754936609	29.757339867862086	29.76081160847429
5580000	28.952927282485057	2.5954123883026607	28.726421363857526	28.733098513946157	28.739789144245947	29.407672188235182	2.235508679448152	29.21590229253804	29.23049824134064	29.23275323371911	28.896451213609808	2.1790775764647368	28.704958789900488	28.713738905293262	28.72075810203292	29.38556093345029	2.307235038513189	29.17680694608727	29.193526589108263	29.210107876378324	28.896407131196028	2.187067267100828	28.705234782350857	28.713477519661645	28.720315820150503	29.411528834321537	2.3042991594080267	29.211521282268727	29.21942540369472	29.226946716806477	30.96096249425391	2.4271705107146553	30.754007699784268	30.768939969082833	30.77104914677285	29.940688508083774	2.189533395628003	29.75390227190043	29.757626080063805	29.761148535653554
5590000	28.95274182261595	2.6005200396447927	28.72611578315054	28.733057418147464	28.73986081101695	29.40513069291788	2.235636063959431	29.20944329041679	29.229993674367407	29.23266978798069	28.896722055534415	2.1790639966282215	28.705169987576095	28.713869212926383	28.72082491176658	29.383931267401064	2.3088489079588155	29.175347244628284	29.193335334992916	29.20858966785873	28.896523948651243	2.1872564827264696	28.70538697061513	28.713481843495096	28.720320748047477	29.411746152450526	2.3082275271352914	29.210916694453537	29.219397611653932	29.227121915201266	30.9578107952092	2.4301170047230847	30.74721789752164	30.768395036711134	30.77109169736163	29.94064344175753	2.189586460228052	29.753682358697276	29.75759210433646	29.760965021492083
5600000	28.953549312344727	2.6061790620785295	28.726426538332852	28.733294570889	28.739936358607967	29.406300804884662	2.234449864562659	29.213136509935282	29.22982102010792	29.231891728830483	28.896773747185385	2.1790594834292403	28.70519219055862	28.71390681158603	28.72084745228805	29.384739625497637	2.305813304258275	29.175526205667968	29.193371156978667	29.209234191832145	28.89660600094136	2.1872536472360293	28.70550157666232	28.713520743540506	28.720330446289747	29.411267183115264	2.303980234390991	29.210538929690102	29.219435433059118	29.226312027101716	30.95944001470412	2.425967363737897	30.750551347414522	30.768248167165957	30.770305534360133	29.940437005216484	2.1896056030837827	29.753785064136892	29.75732672365788	29.760755883283565
5610000	28.953161986197205	2.6020566504282883	28.72579192679771	28.73338654532863	28.74006933859028	29.40724143820193	2.2352415025970265	29.213181457312626	29.23001505798551	29.232130260658046	28.897262527262864	2.179372600858401	28.705222422127914	28.71409304815805	28.720989051551392	29.386076374171182	2.3064240774679345	29.178963532130513	29.195007692880672	29.210252418238063	28.89689265824487	2.187240391106084	28.70559268761321	28.713568438861138	28.720330446289747	29.41204453823436	2.304798131764862	29.21083743897824	29.21971962554822	29.227504309716302	30.96051557090268	2.428660352752348	30.751142548834395	30.768463999333676	30.7705695049804	29.940560933490282	2.1895930979345573	29.75369098940961	29.757335493996983	29.760712028659434
5620000	28.952713519745163	2.5995653058946138	28.726017803031116	28.732812774293336	28.740144978834394	29.40666654125462	2.234935956914439	29.21162169792221	29.230275114368773	29.23369184260354	28.897336507476258	2.1793644476016736	28.705340648293898	28.713991796517348	28.72100610973478	29.3856348901293	2.3085483721405327	29.17759254739364	29.194209392509837	29.210025795666215	28.896955620268855	2.1872348971211717	28.70564026682354	28.71378260746893	28.720330446289747	29.41183445057414	2.305665755650713	29.211646712140862	29.21979628423953	29.227147032748697	30.959878181898212	2.4274898593470633	30.74975711859718	30.768674985117705	30.771855638511	29.94063217811276	2.18958751117643	29.753750947270426	29.757646407206085	29.76080327466944
5630000	28.95268355441495	2.599392154237758	28.725921295725335	28.73310931241113	28.73964107923038	29.40595168587267	2.235170157650329	29.212990250116334	29.230360688327032	29.23322484552372	28.897365352764083	2.1793598988405867	28.705340648293898	28.71419194023337	28.72108884916082	29.384472710820997	2.3095951204360152	29.172870021155756	29.19460732533626	29.211018247114794	28.897029957817537	2.1872283601387092	28.70573726613064	28.71378260746893	28.720416549136402	29.411595206478385	2.306710444102775	29.21012463769427	29.219656896483233	29.227617971293817	30.959148707710153	2.4311612873883393	30.75123885259474	30.768793665613753	30.771318312087814	29.94068597549197	2.189498565937561	29.754257954895987	29.75756082627296	29.760874044580703
5640000	28.953279665970367	2.606422733086401	28.72615383908633	28.733013275845515	28.74032737486904	29.40704081054752	2.23644027473555	29.213965649394442	29.230258914949758	29.23269906408763	28.897406903235577	2.1793550627995772	28.705340648293898	28.714258763470063	28.72112637530903	29.385220086819672	2.3084819748463823	29.177326318969612	29.194144456800423	29.210642341806558	28.897092158098733	2.1872230112220934	28.70573726613064	28.713800425771794	28.72052570764501	29.412390758329344	2.306847606774347	29.211245676330755	29.220690759161453	29.227539130406253	30.96040015532097	2.4283372153451817	30.752291356189893	30.768704808043914	30.77103667339013	29.940607670331094	2.189505074430227	29.75378555761249	29.757808307299875	29.760700214184272
5650000	28.953294864608136	2.6017522855998347	28.725802730848926	28.73297475805181	28.7400979240934	29.405740841458005	2.2350286290990047	29.21104650575398	29.23031601360312	29.23281999207945	28.897509691535213	2.1793458095265787	28.705442021178044	28.714329468208753	28.721296196995265	29.3843990227032	2.3076448667140554	29.173998244802565	29.19438794000208	29.209320921124718	28.89716026300169	2.1872168391825313	28.705815334981335	28.713800425771794	28.720552749807737	29.412083162517657	2.305383843663367	29.21110562178827	29.220257564737786	29.227484179698557	30.9592253500022	2.427405215614798	30.749151994358904	30.76877641750746	30.771253508170407	29.940634824004327	2.1895021205475125	29.754067705550224	29.757425233779013	29.760718558664678
5660000	28.953466657757325	2.6021053148866238	28.72573594690374	28.732961090854587	28.740092382529657	29.40512039688087	2.234995684544894	29.208353185115076	29.230250350747784	29.233018729701282	28.897577904158105	2.1793397005207384	28.70569531213467	28.71437525352131	28.72148906010046	29.384563730287297	2.306530372974209	29.174735694194446	29.194510164834966	29.21066400052473	28.897276759802505	2.1874475898884547	28.705845645940347	28.713977846008866	28.720557914110568	29.41227411015456	2.3043231042311345	29.211777850659775	29.220220812342767	29.227237138743117	30.957704020138888	2.427242825144091	30.746551654845767	30.76871052201733	30.771464095122475	29.94094992840697	2.18954428146173	29.754037909246286	29.757616157549037	29.761170111311557
5670000	28.952805855638445	2.5980854296631057	28.72558863886992	28.733030424860083	28.740021502240385	29.404834548556465	2.2348157575012952	29.209451827384097	29.229836007502627	29.23244132917065	28.89762818970795	2.1793333801745023	28.70576342941902	28.71439053345827	28.72148906010046	29.383736291563423	2.3080935288766935	29.17410288691768	29.193567453677886	29.208487647578046	28.89732793772765	2.1874432094937974	28.705845645940347	28.714008667750935	28.720557914110568	29.411681552673475	2.3067490279136633	29.210054385400426	29.219648166232155	29.22693079348408	30.957552782097167	2.4280056101591616	30.746684201674782	30.768166212485763	30.770825623936883	29.940827182564036	2.189555124078282	29.75385346663036	29.757724907813	29.7608459188123
5680000	28.952674062827516	2.6002519424704205	28.72607279424651	28.732769979039695	28.739428362697613	29.406769204561922	2.2361105472694525	29.212022408902943	29.229905004617443	29.233099004839264	28.89774139835379	2.1798241945810144	28.7057868278109	28.71439053345827	28.721644521275927	29.383693396911607	2.310078720216563	29.174156992040626	29.19314742052793	29.20890854137628	28.89737878869203	2.1874377164350975	28.705882098049795	28.714067815450896	28.720610794975734	29.41177010468876	2.3067777238009457	29.210638217114443	29.21961979290304	29.22718782925597	30.960074637002716	2.429342928277712	30.7505059816841	30.768266713480244	30.771495210275035	29.940615645133636	2.189649626527038	29.754147358630703	29.75751362060003	29.76066712104728
5690000	28.952612098812963	2.606463378533156	28.725554024501413	28.73286566453758	28.73974483033052	29.406520309638886	2.235176721417243	29.210878107178765	29.23018903017566	29.232860382424906	28.89778305525835	2.179819452005446	28.705815809098233	28.71449321502689	28.72162992752246	29.384725238125064	2.3078056267140563	29.17632596524945	29.193652458463866	29.210210250528476	28.897436439519097	2.187432686141485	28.706002238053077	28.714077313331423	28.720610794975734	29.41225878883689	2.3056631157218153	29.211735637658485	29.219762514270236	29.227510307593207	30.9600193149059	2.4302083386863225	30.749313810653288	30.76861526197157	30.77125731764446	29.940826124772972	2.189701716851518	29.753915782685787	29.757691357608223	29.76083719484331
5700000	28.95136319627676	2.601275602165826	28.724791535709926	28.732222413468186	28.739960462594794	29.40482252563322	2.2365054822235457	29.209212748006465	29.229888546029425	29.2316885225102	28.89781711130294	2.179815486068955	28.705898260932084	28.71456568083181	28.721746577928744	29.3835034659686	2.310092749734925	29.175127164493954	29.192865687130222	29.208375187354477	28.89748126571831	2.187428641327709	28.70593373148865	28.71409497422647	28.72061909649565	29.41117680596962	2.308074698669447	29.21044503243099	29.219673506503337	29.22661171787903	30.957802323774654	2.428780929588139	30.747095942378188	30.76833358642432	30.77007505389916	29.940882317088644	2.189696220895044	29.754105671493107	29.75754459763982	29.760924752706348
5710000	28.9527770333295	2.606116989616398	28.72565078396101	28.73308380658392	28.740223991540613	29.405079101006283	2.2370725309178807	29.20875280375381	29.229912891867528	29.232420778056525	28.89788188504243	2.179809848226029	28.705898260932084	28.7146605306721	28.72188357062595	29.384352030232442	2.305549189183182	29.17558305319793	29.194546245111326	29.21081361552016	28.89751559292335	2.187424242461463	28.706033141629195	28.71412447574114	28.72076177279458	29.411564831280987	2.3037307357713104	29.211006382278384	29.219768284605024	29.22687033477761	30.95781190585435	2.425825550691415	30.747120331103577	30.768355928514897	30.77085682499047	29.94087257466238	2.189696462117026	29.753911145440938	29.757519212151145	29.76092105591603
5720000	28.95208415050038	2.6060843783188012	28.72550556914136	28.73242505009055	28.739649573937193	29.40628918132243	2.2358329154311587	29.212627480544786	29.230280190497318	29.232909714221996	28.89795686805454	2.1799961653874105	28.70607338828219	28.71468810876697	28.72194621687695	29.384327202385148	2.307153002961296	29.175136927943846	29.19388624338952	29.209877298547667	28.89761190598153	2.1874158128354266	28.70606557501672	28.714201178472685	28.720936042689075	29.41136414646076	2.3043233660157347	29.210798073675804	29.219902909873884	29.22644459721729	30.95946253848465	2.4287299103398046	30.750237957476497	30.768631957347026	30.771173555642733	29.94064216357602	2.189717737011478	29.753718571945644	29.757261836435568	29.76064624503366
5730000	28.95139609427416	2.6018625866850753	28.725398866526202	28.732407376222685	28.739342038689628	29.40683428456432	2.2351155132482403	29.21247515936626	29.230337104392525	29.232654034113093	28.89804787463507	2.179988063236462	28.706232788526265	28.714772011631197	28.72208426091674	29.38520146396969	2.3066643789682364	29.17696811305975	29.193582151340923	29.21041146965653	28.897908094136362	2.187402009834536	28.706269417867123	28.71435078281687	28.721288942835038	29.411928157640915	2.304176275124465	29.212183052884274	29.22054536803516	29.227640124072853	30.95981884018756	2.425985312821194	30.750673202712242	30.768741594027702	30.770863117328034	29.94052548329519	2.189727044202798	29.754000388613704	29.757174837662248	29.760535259519337
5740000	28.951147583218763	2.598976700509384	28.725184167000506	28.732527711123268	28.739352781188988	29.40603437247788	2.2353372043330926	29.21000899635991	29.230263303463698	29.232833129227316	28.898112215367963	2.180378177892452	28.70646666720009	28.714874772024075	28.722164918120974	29.385189199731283	2.306550480282977	29.177535704394444	29.19302725978154	29.209021194435472	28.897987130720445	2.1873951177946984	28.706269417867123	28.71435078281687	28.72130708589798	29.41200504359561	2.303687667244057	29.211709575864862	29.21966027863762	29.227048319899076	30.95881097769934	2.423839076128492	30.747932680229138	30.76871531131811	30.77129197452645	29.940549384750526	2.1897250479132415	29.753832168783266	29.757214818164236	29.76083716072882
5750000	28.95224416180661	2.6026849519822113	28.72583654794814	28.732402078512862	28.739761117113495	29.40582208380176	2.2340193836198483	29.210504166311885	29.229787071321255	29.232985443025893	28.898174503529543	2.180372718132906	28.706535954923936	28.714951358010673	28.72208426091674	29.383766034460105	2.306344123250155	29.17507672641962	29.192478977474178	29.20876410797518	28.89805744119936	2.187389045733229	28.70635457540144	28.714493277333695	28.72138308997177	29.410878122721552	2.303200885264749	29.210415145510538	29.218671750145788	29.22659179918321	30.95923516301365	2.428410569990436	30.748361184759467	30.768213212883865	30.77126585432156	29.940635289831754	2.1897195225204076	29.754010237892466	29.757499249873888	29.760869369836175
5760000	28.950490694540292	2.588879289333221	28.72550688825496	28.731893992241687	28.739497202837835	29.406316639966985	2.2346575578188674	29.211319932401317	29.23011329311828	29.232491149110174	28.898200995693387	2.1803697329411507	28.706541268785752	28.71502271353632	28.722164918120974	29.38492395235906	2.3081203814844424	29.17605942984507	29.1935530403739	29.21021487033964	28.898135835544103	2.187382472454816	28.706456896721427	28.714493277333695	28.721482864505333	29.41204829902797	2.3062349743459922	29.21081124299628	29.220160963180284	29.227081674228426	30.95942295623175	2.4275383915189823	30.749217608064455	30.76850739446745	30.77088479806016	29.94044925943051	2.1897987698432186	29.753880710740425	29.75745833230564	29.760845241083384
5770000	28.951504217740165	2.5970689381247105	28.725819036240846	28.732431143841815	28.738851054701993	29.40656535654953	2.235248308441377	29.21057338136724	29.230405956776618	29.23332763504091	28.898298923841985	2.1803610522001584	28.70661029537852	28.715093916108017	28.722229645106793	29.385286919000613	2.3089890792927794	29.176940173997913	29.19417508066202	29.21031232989096	28.898161331949023	2.1873800505707135	28.706491196671188	28.71452303815693	28.721609386678182	29.412846074848552	2.3086366564544036	29.212267204703508	29.220358401753067	29.227283047436732	30.95944328998353	2.429698363901831	30.748827689523864	30.768861184186903	30.771624939968454	29.940811730787917	2.1897671071272407	29.754046880520466	29.75761475246867	29.760695715465594
5780000	28.952579908608943	2.6000810622120922	28.726385876993056	28.73330024283777	28.73961373424392	29.405462863407205	2.2349753481319286	29.207427163961768	29.229485195299766	29.233173676532463	28.898363534182106	2.180355394558066	28.706742124058444	28.715196325194675	28.722229645106793	29.3839082949158	2.3088119470182074	29.174704306324998	29.193379335330135	29.20830717856813	28.898209937675976	2.18737513429851	28.706504575082256	28.71452303815693	28.721670988653244	29.411575835525365	2.3052488431194043	29.21088214722384	29.21932458296896	29.22698446600981	30.958420834964212	2.4250767144689473	30.745723358471402	30.767914985426355	30.771561453837208	29.94089434436607	2.189759049591036	29.754284869098036	29.757655274332187	29.76091274456616
5790000	28.952577326683254	2.6022112240620383	28.72567794379626	28.732971047330544	28.739717594525967	29.40584401055896	2.2355262758993066	29.211636695144065	29.230011360481306	29.233462856886973	28.89842453550577	2.180349830425496	28.70676278232783	28.715339973412334	28.722281774686024	29.384732273128634	2.308611922963819	29.175910392547415	29.193831304429217	29.209738385475035	28.898262533867957	2.1873706722677193	28.706504575082256	28.71456644439967	28.72182297350032	29.411604741815808	2.306083871316551	29.210567401627976	29.21944476325498	29.227351924902536	30.957995728957442	2.4292219235904664	30.749331860343514	30.76811190962079	30.77174174182212	29.940743104741	2.1897063127883585	29.753975538312904	29.75759986299704	29.761009794386247
5800000	28.952036579521	2.5908616500606927	28.72571950368014	28.73343600362934	28.74001151501229	29.406759957462096	2.237844265680803	29.213014664064307	29.230382076625396	29.23310433008332	28.898459982903038	2.1803456502535243	28.706818651025046	28.715377859261338	28.722229645106793	29.385402977975943	2.3135391086769075	29.175380321066342	29.194235064384237	29.210949128601413	28.898361756589118	2.1873617827330247	28.706651310294355	28.71467375865911	28.721859107557272	29.41249470209353	2.311053092847844	29.211568665299847	29.220034870721975	29.227323711968037	30.960286018863314	2.4319582553167307	30.75119614235698	30.768805334494715	30.77152285492378	29.940497457068584	2.18972920505584	29.75358168825225	29.75742085400857	29.760829671737756
5810000	28.95226111558419	2.595313579751322	28.72541552101698	28.73311791611131	28.740801918628293	29.407417043041903	2.237605752004809	29.212393559569502	29.23038742190435	29.232783042387243	28.898515505637196	2.180340533734106	28.706818651025046	28.71545680544317	28.722141097717348	29.383793480742412	2.310224611918594	29.17424467195183	29.19367557218909	29.2081215688184	28.898427619721566	2.187356184402633	28.70670892572527	28.714806631900295	28.72196516428673	29.41168769593235	2.3084293401299063	29.21099150234567	29.21947122095576	29.226908856054774	30.96078360681489	2.426055780413076	30.75082687321461	30.768825896131286	30.77115380748376	29.940415083229222	2.189735223045472	29.75389097443172	29.757430871933725	29.760831093686487
5820000	28.951624934641956	2.5925977676170757	28.726262264131726	28.733060197509005	28.74002145398041	29.405649927447442	2.2367801156249607	29.21245002189809	29.22989604567665	29.232201032888835	28.898596404098534	2.180333522466722	28.706999334018295	28.715458212503513	28.722229645106793	29.383741113147746	2.3065940425803784	29.173445659950843	29.19282085110222	29.21029629667449	28.898489636647966	2.187350711858629	28.706778608904372	28.714887787180817	28.722022343712503	29.410987889373065	2.3045939495831185	29.210780447924915	29.219413834688623	29.227111103141354	30.957272253714958	2.4244730977848152	30.750040167237128	30.768332124892503	30.770532085797498	29.940643806166882	2.1897137876538237	29.75380238224586	29.75746239410097	29.760717056800466
5830000	28.9515321141216	2.597136148870596	28.7255072250143	28.732509006114952	28.739661706877428	29.406432346848774	2.2353884469671623	29.211513585618395	29.230345872126705	29.2322955539955	28.898600282515584	2.1803306920737815	28.706999334018295	28.715624947749518	28.72220044560661	29.38515114024006	2.304674743936437	29.176057120848142	29.19433666751769	29.210647478187795	28.898561017709536	2.187428667410219	28.70699253544935	28.714887787180817	28.722047865398956	29.411898362008582	2.301877176857362	29.21166946265587	29.220822448881854	29.22725989369919	30.959723333832894	2.4246010988332025	30.74974578145639	30.768789569058704	30.77068595373915	29.940650066276564	2.1897124158569943	29.75372633936528	29.75730513742139	29.76073443851396
5840000	28.95183263680245	2.6002564935020187	28.725438742496774	28.73290725415513	28.73970843543611	29.407003978055755	2.2345423853048594	29.21235545022772	29.23051237964907	29.233634630417857	28.8986624429864	2.180325199574772	28.707076670208384	28.715765643256745	28.72226492130195	29.385214800760394	2.306818191597536	29.175181767377698	29.193769152387116	29.20988976671811	28.898617333996654	2.1875256465565203	28.707047910424343	28.71496863653983	28.72210575828661	29.411886363938006	2.304071223045958	29.211838142238918	29.219487780042783	29.227263097650624	30.9598571319319	2.429593293877253	30.749788943935084	30.76890215928566	30.77198611706411	29.940687993782923	2.1897104995444683	29.753798084849716	29.757515795653227	29.760729719642498
5850000	28.95166560939508	2.600796818283129	28.72534547233191	28.732364219367405	28.739855418843014	29.406848429091426	2.2349668428446554	29.211862353987687	29.230582784775187	29.233313312062823	28.898730057989034	2.1803183111768454	28.70727984981975	28.715799867292553	28.722401480118886	29.384746454327097	2.307075820577063	29.177120575505278	29.1942914251724	29.2095708911691	28.898630418862215	2.1875234066607616	28.70711778347868	28.71502253722044	28.722022343712503	29.411587079080114	2.3047483298604416	29.21111457961801	29.21966876423722	29.227084870186445	30.960058610689437	2.4253028199200513	30.750249410772547	30.76901993822355	30.77171072216597	29.94081638671637	2.189698862132827	29.75411577129548	29.75760475796799	29.76055067080224
5860000	28.951494055226558	2.59130555221659	28.72527427804927	28.73255766209365	28.739692541053614	29.40501668165759	2.2355529286299802	29.20902001864547	29.230054570814424	29.23270527522003	28.898840357086566	2.18057300661592	28.707470686520598	28.71582635076455	28.722431069884525	29.38387002565147	2.3071297212862585	29.17490113655804	29.193059593370982	29.208912202514234	28.89866686067678	2.187518156987602	28.70717966248943	28.715257441625205	28.722022343712503	29.411003704356638	2.3045460626421552	29.2106029020903	29.219819193444096	29.226771896563463	30.957659383913633	2.424449366046383	30.74727796070761	30.768314597792667	30.770940254556912	29.940547346453478	2.189796180835718	29.75419809497382	29.75765033288163	29.760579146863854
5870000	28.951317934441644	2.5851884330415893	28.725603813889734	28.732412553545863	28.73937489912354	29.404931431246986	2.235360729756711	29.209021234259936	29.229585535004112	29.23221655902021	28.898893732800666	2.1809170575078025	28.70754221129021	28.715893101762205	28.722431069884525	29.38462596112998	2.306684154124555	29.173797084891728	29.193029948243527	29.210269898645194	28.898948715420747	2.1875051278227367	28.707251172935766	28.715316493498158	28.722068053398424	29.411944219434996	2.306024449628136	29.21056826153744	29.219471978954367	29.227387419710595	30.95791790255847	2.423679786977238	30.74723383177363	30.767994562707848	30.770540854699437	29.940518306834978	2.1897411597248464	29.753687347874493	29.757575072783045	29.76059069423197
5880000	28.952767241691436	2.6028736505843604	28.725746030506087	28.732628165565167	28.73940590821354	29.406101780212467	2.234773860389611	29.211587258888155	29.23012677925899	29.23243057427838	28.89895963407475	2.1809113241062588	28.70754221129021	28.71601002205125	28.72251272917512	29.385268400546344	2.307173536007815	29.175628413750275	29.194866753521573	29.21010461272791	28.898971185853533	2.1875029140203823	28.707251172935766	28.715324411018763	28.722022343712503	29.411827939970816	2.3055467006022914	29.210782374170655	29.220072301975485	29.227245563576552	30.959905071739865	2.429419998156018	30.749685388685045	30.76855912799149	30.7707080038133	29.940605537678508	2.1897329434104478	29.75385514395339	29.75755849813196	29.760593660107137
5890000	28.952536118738394	2.5999617975157663	28.72530386925746	28.732556028685934	28.740343332138114	29.40616912265124	2.235518764505238	29.211899028432097	29.230065427948162	29.23263866254582	28.8989949416197	2.180908192038862	28.70765723898884	28.71601002205125	28.722535938938638	29.384565080763455	2.3092189055922328	29.175538748150434	29.19329518361004	29.20913438674104	28.89903575556702	2.187497373786984	28.707251172935766	28.715378981264706	28.722047865398956	29.411576866224006	2.30726236184776	29.21111016592184	29.219180852187485	29.22674974378252	30.9594830184992	2.4312944637208935	30.75012572442273	30.768442623433963	30.77091962439729	29.940423350987647	2.189832310784605	29.753508996874906	29.7570708926824	29.760840132724958
5900000	28.95263365258742	2.606884664059323	28.72543716138128	28.732804669415373	28.739986081076164	29.40623935261013	2.235602766266288	29.212589803067942	29.230288474958403	29.232978375985702	28.899027339489535	2.1809049630292385	28.707758037702074	28.715941755644995	28.722559973072773	29.38479055501733	2.306137549633721	29.17543906688693	29.192929813065085	29.209532036483523	28.89908942967752	2.187492834243812	28.707293741939537	28.715423677912952	28.722132785203975	29.41173698515291	2.305331493541437	29.21084372598858	29.219499407937967	29.227407848840972	30.960029446290527	2.4313078446159135	30.75016804284586	30.76874160048976	30.771380709206156	29.94037063712313	2.189835485922548	29.75337775604522	29.757258987585193	29.760630208718787
5910000	28.952460343906584	2.605847562696733	28.726208983378406	28.733215256458816	28.73942491087	29.405216216856687	2.2357894150285818	29.20868568811857	29.230014182826235	29.232499816531515	28.899096293846217	2.18089903997314	28.707830569772	28.71605444102235	28.722648393971802	29.38383549578273	2.30888248417062	29.173432818296604	29.19444214730978	29.20858703810315	28.899157647040596	2.187485164509974	28.707378836916753	28.715658795232933	28.722259522942693	29.411445676026794	2.305862146123879	29.210450306330593	29.220050823032306	29.226750314032103	30.958870022011464	2.4310758106128043	30.746599114102654	30.768472950439147	30.770956806046275	29.94039007181252	2.189850842620488	29.753857714001846	29.757462424471775	29.76032004059971
5920000	28.951490522522786	2.6012389574368706	28.725504288613088	28.732416154001754	28.73956140528807	29.407299575007112	2.2369732062761227	29.21245611282303	29.230220439883972	29.232673979388004	28.899169743168507	2.1808920383655224	28.707910168956275	28.71617188027249	28.72269524696047	29.385204660251915	2.308166433877892	29.17581218511515	29.19444291886861	29.20963546835833	28.89922406262305	2.1874790728240203	28.70742157153316	28.715605894780918	28.722334281429326	29.411883887119348	2.305990538896424	29.211263372715287	29.219805793319953	29.227270350370322	30.96059690401532	2.4259541644871585	30.750257608538238	30.768606059343632	30.770966061911356	29.94040815335232	2.189835731776521	29.753748184092032	29.757443629116857	29.760799125827553
5930000	28.95209588893946	2.604314005826903	28.72598239320503	28.733294861226952	28.739426066292953	29.405617115731495	2.235022603854575	29.20999298008628	29.229821969999705	29.23273807371168	28.89920108996646	2.1808894482439465	28.707893875965446	28.71617188027249	28.72275814671461	29.38404610715683	2.3052834410777647	29.175728360211767	29.194056477745498	29.209373326920137	28.899281859667855	2.1874734939248723	28.70756576938532	28.715716669081118	28.722305333761053	29.41134434664465	2.3043661854088944	29.211217014298732	29.219661982456167	29.22708351951331	30.95792532865131	2.421894572518635	30.747021502488515	30.768255355329018	30.77099650765419	29.940540769634087	2.189823096006988	29.753812042544443	29.75759524720572	29.76054423926755
5940000	28.95081899386729	2.5916242826975666	28.7255259225781	28.7329466436934	28.73856868724057	29.404524947900747	2.235791281460066	29.207831140661295	29.230178056767862	29.232522740719777	28.899227358992622	2.1808861547976224	28.70803016617223	28.71617469600821	28.722807106961298	29.38309532256102	2.309274555225809	29.171901851786473	29.192276125862048	29.209313799300816	28.89931338817824	2.1874705600600937	28.707507739927962	28.71583511218656	28.722305333761053	29.411515619516884	2.3067407784936287	29.210563056423332	29.219141240418423	29.227481398860462	30.956861687895895	2.4245426918278725	30.745272188649306	30.768514042160184	30.770898820477353	29.9403461602029	2.1898409194642086	29.75374324198873	29.757360393083765	29.760580543171812
5950000	28.952104663016698	2.6049129893032172	28.725163777199533	28.732359586926684	28.739224970410476	29.406013103585096	2.236202922729776	29.211576046440225	29.230101159749285	29.232515263447347	28.899507111146995	2.1810655222682995	28.708090019238576	28.716205678700376	28.722858591754893	29.384113652373212	2.3111479026578996	29.17472887791944	29.19267189597671	29.209478292589186	28.899359169237247	2.1874664640477546	28.707507739927962	28.71584591590578	28.72237398896763	29.411384952355423	2.3069191493546586	29.209649182238945	29.21917525908613	29.227540721750742	30.958465681104148	2.4310972163559397	30.749266507457097	30.768512061337557	30.770886779746963	29.940368487639663	2.189889918206741	29.753605354495512	29.757291814091424	29.760535664353608
5960000	28.952297940427467	2.601293318126134	28.725414934206604	28.73305233292581	28.739953770466784	29.405641368995028	2.236790096134465	29.209542992232503	29.230052250433975	29.232556465914037	28.89955021623848	2.1810610357564024	28.708169687068434	28.716314525882872	28.722919027132612	29.38425983013455	2.3100595645818496	29.174830323666356	29.19325521367753	29.209190968509404	28.899621966884787	2.1875744655094156	28.7075668196672	28.715946186675417	28.722444446130467	29.41162910829436	2.30664140130274	29.210783052372204	29.219322727553994	29.226753038931257	30.957727820065273	2.4233917731463697	30.74758162939075	30.76846003705548	30.770957524046487	29.94047308504542	2.1898821513488644	29.753905058640093	29.757644590244535	29.760772387551643
5970000	28.95236468922069	2.5989350862590617	28.725870488435024	28.732968811666463	28.74017208036226	29.40703644981408	2.236228890320856	29.213777939599126	29.23057405730561	29.23333575140447	28.899804669312253	2.1810488230832115	28.70837919063337	28.716259203278597	28.72299940583602	29.38637462188666	2.3105873041847858	29.177591211497912	29.195386695058577	29.210382331875792	28.899626700027074	2.187573876219094	28.707590842361206	28.715955638240267	28.722444446130467	29.412632581323617	2.3082485806721675	29.212433200613933	29.220792193933296	29.227380104959828	30.96051062107407	2.4306385297340096	30.75155747485966	30.76900987644205	30.771752811445875	29.9407147352736	2.189865979355477	29.753989500056985	29.757690622573918	29.760631778824568
5980000	28.952170812082773	2.597039285935182	28.725985680214862	28.732355032595116	28.739820118427396	29.40565141903378	2.2367872963898985	29.21121311905113	29.22999340577026	29.232923052966996	28.89984637627652	2.1810452020894457	28.70837919063337	28.716331834831912	28.723070270092027	29.382837581728694	2.309084173398033	29.172683661888875	29.19195562597976	29.208413219882452	28.899667931761805	2.1875702204651724	28.707617152833546	28.715953743763443	28.722516420302505	29.41080575567768	2.306668070899545	29.20964183136581	29.21906145501214	29.226531379053966	30.958840711990163	2.425928558266053	30.749383153824148	30.768364308931726	30.771190130677788	29.940780577971346	2.1898578464634437	29.754089606517105	29.757760181689076	29.760765355196305
5990000	28.951518112840652	2.597387294665239	28.725846980319687	28.732693923588407	28.73921744254553	29.40604263304097	2.23662799807266	29.21179553748625	29.230190146302824	29.232758334316376	28.90006750180568	2.1810334392255433	28.708415234482704	28.716358808761804	28.72309641080139	29.3842372002966	2.306199788035679	29.175130635325356	29.19385089395482	29.208753908421446	28.899741694823646	2.187725580719144	28.707961291374403	28.71600107252764	28.722474828658747	29.4112019126407	2.305184722908703	29.2106910412478	29.219641680534664	29.227354729414483	30.958590592047138	2.423098503077003	30.75022990169564	30.768651271172686	30.771195029438132	29.94057263132889	2.1898776581950927	29.753974567739306	29.757582007301366	29.76074177616124
6000000	28.951603108258233	2.605642024895467	28.725674875600284	28.731892431641903	28.739147817075075	29.404061847369412	2.2346805557914973	29.21120478673397	29.230178351480326	29.23218815795712	28.90012285749552	2.181417069996818	28.70837919063337	28.716493923451857	28.72315093627645	29.384247599214817	2.3086146858025587	29.17491753580974	29.19366123891831	29.210057482644523	28.899769492179942	2.1877222190389984	28.708065879315207	28.716049780608593	28.722474828658747	29.411103234291417	2.304039091317604	29.210216833712586	29.219273751690565	29.226965405986675	30.95735344963837	2.427383618889396	30.749109077991807	30.768627527337905	30.770618331138287	29.940263566125843	2.189902940926481	29.75366169172183	29.75723813496781	29.760284794286306
6010000	28.951231881065596	2.60419350619887	28.725431771466567	28.73220005985514	28.738569423278456	29.404291089112057	2.2347554878067175	29.20588243533585	29.22981272422917	29.23291558836069	28.900166265292413	2.18141309035609	28.708479306838434	28.716493923451857	28.723261420566043	29.38374316527938	2.3088656605766174	29.174283047867483	29.19309423944464	29.209004313574777	28.899833544447006	2.187716696445957	28.708118615557026	28.716069745902495	28.72252303131872	29.41127473906656	2.30726578731624	29.209850755610763	29.21949352177959	29.227002001283584	30.957697679957832	2.4289140713177426	30.7427955204138	30.768223398285382	30.77108194785232	29.94041691640643	2.189837020968706	29.753715434265928	29.757334770834536	29.760528535947934
6020000	28.950944961566428	2.5977178190514136	28.724912305127823	28.73253053555037	28.738857893397704	29.405382989404597	2.235391504433286	29.211245722905876	29.230241944641616	29.232129722721687	28.900238961432436	2.181406732165326	28.70861860439349	28.716527443789644	28.72342226728412	29.384604091614683	2.306541231835766	29.174981134975614	29.19389363172261	29.210575465581286	28.899914103479766	2.1878602888801373	28.70828110493024	28.716135514338674	28.722516420302505	29.41114395708251	2.3048518920114676	29.21032245609584	29.218575882415095	29.226535217333126	30.95874663796734	2.427986941958454	30.748928371406663	30.768681063554254	30.770503236027043	29.940251649844093	2.1898518255076307	29.75331841011359	29.757207042234498	29.76036652016259
6030000	28.951940161527865	2.606028921912804	28.725371308521893	28.73236791799644	28.738843151499623	29.406294768326934	2.235483900862801	29.214299895217223	29.230211861631005	29.2323596429126	28.900270883412876	2.18140394935914	28.708642113333948	28.716548938368444	28.72344679565661	29.384191908052458	2.306456878834522	29.175342225045977	29.193568518803097	29.20961543054203	28.899960518073094	2.1878562249535505	28.7084321369235	28.716226224688903	28.722474828658747	29.411437881171025	2.304555054312022	29.2114522736831	29.219840385324837	29.2266648455334	30.959786974007233	2.42841351244538	30.752588118197902	30.768650655786423	30.77080715739754	29.94033559100496	2.1899366656128065	29.75364597268795	29.757098718392264	29.760322740896395
6040000	28.952055125348846	2.6029044686267344	28.72548844529827	28.732745131245927	28.739333533401037	29.405755904580044	2.2360484874688376	29.211038683408976	29.23042549802782	29.232603265006816	28.900295876771846	2.181401597022403	28.708675763777176	28.7165970519785	28.723479503500915	29.385130263199663	2.30993572939792	29.17585250736628	29.194401482750067	29.21029174035278	28.900042328313447	2.187848634278038	28.708573877904872	28.716252110818004	28.722497323180242	29.412276093483882	2.3072433992659667	29.21195503499453	29.22004809600613	29.22704445610073	30.959093406564964	2.428696405795066	30.749447837515778	30.7688611502644	30.77103155997409	29.940513174504524	2.189921247519038	29.753800685803693	29.75740178462533	29.76064655228408
6050000	28.952354151889455	2.599994194425312	28.725493360787237	28.732584947311352	28.739845576656517	29.406753925185672	2.23765292889559	29.21129393150431	29.23007059722918	29.233167363619284	28.900338449558518	2.18139695862567	28.708815884002767	28.716621969093588	28.723515476452782	29.385143519760888	2.3098423721613783	29.176186125534883	29.193269335511857	29.210916148523417	28.900116177003248	2.1878419807283396	28.708609311074486	28.71632331480476	28.722533753787257	29.4118499274881	2.3077333682181758	29.21049078138605	29.219507692504806	29.22703334957556	30.960032961964103	2.424112638980774	30.74946384125738	30.768453190464456	30.771429242828532	29.940642538472886	2.189898562708029	29.753952363360114	29.757394102240255	29.760652220335597
6060000	28.952532366695838	2.5940230930394863	28.726116678191467	28.732919285699758	28.739623785770792	29.404729092544144	2.2367992352293817	29.207036444283837	29.229396970812182	29.232363663829947	28.900386029270518	2.1813924225209336	28.708851911861096	28.7165970519785	28.723532704788745	29.383337984651632	2.307829157260212	29.17354682602068	29.192508400215782	29.20901374039244	28.90015897742238	2.1877376775748933	28.70870019369727	28.716371153165312	28.722563246939252	29.411123099472597	2.306651787949748	29.209772900363806	29.218752022878185	29.227279435791953	30.958056004714184	2.425612535555193	30.74534049881016	30.76775363517536	30.770758399409583	29.940819749317704	2.189882735741326	29.75396064869144	29.757503885940444	29.760683207826627
6070000	28.952269685833226	2.603031204732757	28.725485700958195	28.732519175640117	28.739217616624124	29.405591729181623	2.2357334161582623	29.21313661566285	29.230162608169323	29.232170199152453	28.900435105948628	2.1813858836748334	28.708885051249545	28.71656549143065	28.723535643979986	29.385120641878203	2.3065179883595985	29.176595954155385	29.194577130329037	29.210245163236255	28.90021267765168	2.187732675793757	28.70886628692658	28.716348877227393	28.722563246939252	29.412286301738263	2.3049568810716687	29.211526474914574	29.219769789107147	29.22732106450913	30.958950078317205	2.429029310138073	30.75164450249322	30.768587623568063	30.770568143787614	29.940567872418303	2.1899053729975506	29.753842484707164	29.757254028868516	29.760637674482048
6080000	28.95194272656801	2.6041669726139145	28.725269474948007	28.732229332533905	28.739015637054568	29.40578512305335	2.2356454579901057	29.20832960884001	29.23030520311595	29.232405047660016	28.900495097216336	2.1813780245194025	28.708915044029446	28.71657453600177	28.723566466829205	29.38473873051545	2.305717180264367	29.175918717351433	29.194547595082025	29.209880367533113	28.900270421018824	2.1877275039314283	28.70886339343687	28.716371153165312	28.722662358617367	29.411852397939818	2.3050839732824864	29.211537541177925	29.21976353180616	29.22730809927573	30.959703847496662	2.4282115637686807	30.746702433623014	30.768737051080343	30.77077821618473	29.940510411557668	2.189990250319786	29.7540490394942	29.7570965783877	29.760374630654923
6090000	28.950329008650538	2.588887879513336	28.72527619018988	28.732451128709233	28.739300086983075	29.405959205541706	2.235109486302587	29.2121006780683	29.23031365287755	29.23242830129403	28.90054927621527	2.181372882803518	28.70898433066587	28.71663049475072	28.723566466829205	29.38480156903038	2.309553229792108	29.17574587650312	29.19358813334289	29.21077651094557	28.900332318649653	2.187722042331386	28.708869193291335	28.716371153165312	28.722750577688814	29.41156338879316	2.3070666085381326	29.21098442031979	29.219023292106712	29.226577869424737	30.959254579024133	2.4252715458376	30.750105292169014	30.768753502495642	30.77079890679235	29.940572128040394	2.1900053862406748	29.753858372795868	29.75742220920222	29.76073596750902
6100000	28.95114406233284	2.600628373954015	28.725972716252553	28.732134373739026	28.73889677362186	29.406800727895202	2.235080251341054	29.212394246503898	29.230374248042196	29.232768214467736	28.90061151362142	2.18136604719524	28.709032481893217	28.716681044322538	28.723605683056462	29.38399035425909	2.30906858391847	29.17473712238965	29.193681993871955	29.20991786905745	28.900378674370952	2.1877178612687436	28.708876682899763	28.716379043008846	28.722828373190122	29.411197790872677	2.3066948840038815	29.210926337239435	29.21926367712861	29.226963384586035	30.96012584399455	2.427464966989265	30.75063454516753	30.76880722052926	30.771168115090543	29.9406901967074	2.1899934029275347	29.75420658616079	29.757453491259064	29.760432543361492
6110000	28.95164342543428	2.6051105642614165	28.7256766007699	28.732810645968453	28.739214668391217	29.406755591639488	2.2353108179604324	29.213909476281415	29.2303606666186	29.23213678026703	28.900663297650894	2.181361754063429	28.70909398914534	28.716730365256975	28.723605683056462	29.385472017118847	2.3086286907864286	29.17666634826069	29.19467842031135	29.21062453368199	28.900601485717186	2.1877083297248685	28.708876682899763	28.716432773740436	28.72287485495717	29.41196776743089	2.306385323693872	29.210653073184666	29.21989051918971	29.227190698548153	30.960569082727748	2.427845307509135	30.752214057029885	30.76878370553173	30.770564460826293	29.940371625107908	2.1900230034004946	29.75363089011745	29.75746616318834	29.760663059399363
6120000	28.95220535939284	2.6020910471767698	28.72549595075571	28.732773417683305	28.739550393362006	29.405191023203702	2.2357638127102173	29.207048530245014	29.23014651293631	29.233080244035087	28.900720702851476	2.1813566708307515	28.709032481893217	28.716735154204976	28.723614147470276	29.384049065848867	2.3069582912299613	29.175331423439562	29.19328672111236	29.209578018613826	28.900703566640843	2.1877472893878123	28.708965522394948	28.716499209421805	28.723020124540554	29.411376150656018	2.304035792387968	29.210842042771088	29.219898014842897	29.22704125226065	30.957865967790717	2.4241814729097113	30.743458400402023	30.768588569032353	30.77153570871357	29.94047983979238	2.189949311650385	29.75369646388134	29.757521622167623	29.760505175910335
6130000	28.952064338611777	2.5974189026446406	28.725700013372915	28.73301298856032	28.739756055895825	29.40630510838909	2.2356336873891745	29.21266518450641	29.230568434474584	29.232782940388613	28.900777647195742	2.181351762691659	28.709229480403874	28.716746816871837	28.723621604792825	29.385885601615076	2.308454515541861	29.178400217228162	29.194671938805964	29.20976180482412	28.900756883468635	2.1877418418534345	28.709056649711812	28.716603006882174	28.723129814100332	29.41260147652415	2.30600221023722	29.212501705477546	29.219750552087667	29.22722896974918	30.95920208304162	2.4262863235568117	30.75042424267276	30.7690134837935	30.771171390920372	29.940339177056035	2.189963647678471	29.753570777444686	29.757445058724947	29.760834614772048
6140000	28.952247802809282	2.5984301605474784	28.726406329855664	28.7332647209866	28.739767749163477	29.405770971688483	2.2353812779328455	29.21193704207721	29.230334278752345	29.232469264587227	28.90085268686929	2.1813453762186668	28.709321496965515	28.716763951288108	28.723772997333878	29.385536043927296	2.3075746084617035	29.17689350148011	29.19447383591499	29.209573982535247	28.900811449456906	2.187737182066056	28.709056649711812	28.716713296039224	28.72317112824916	29.411971709784915	2.3049766644135508	29.210751409153026	29.220089040596847	29.22775548056369	30.95876986292679	2.4250115396062046	30.75032935734873	30.768787458577442	30.770920602301366	29.940856454213403	2.189834125562817	29.753964816956668	29.757810946570117	29.760700468574107
6150000	28.9525868222559	2.6010810953485355	28.726443515694093	28.732967800766012	28.739896020124107	29.406971377648063	2.235459978921688	29.213631306915122	29.230503880686452	29.233080516732837	28.90088663845737	2.1813423454507803	28.709426530752093	28.716763951288108	28.723796901421448	29.385573929720888	2.3082383849182753	29.175774616869003	29.1943839654355	29.211053045983334	28.900855839557778	2.1877332572117525	28.709138585659716	28.716756108244414	28.723192915504512	29.412584356291724	2.307603732544391	29.211652906602602	29.220291553186307	29.227629454103553	30.960358063238147	2.431232735775941	30.75154874377175	30.768961095853392	30.77153538428311	29.940989150326136	2.189947841238213	29.75420320246323	29.7576784056689	29.761149599072308
6160000	28.952226222702993	2.602886433248237	28.726089820694092	28.73282649536985	28.74039057580284	29.405223663396583	2.2363369060485923	29.207791964258885	29.229800235862662	29.23277320579602	28.900927324266213	2.181337152075456	28.709485431313787	28.71678319181232	28.723796901421448	29.384916787320652	2.3076451599903787	29.176124827813926	29.19389133521932	29.209714092857325	28.90089417645709	2.187729896810618	28.709143965954645	28.716898250479282	28.723199177311717	29.412081948163603	2.3065042985908955	29.211569780713333	29.219810353434355	29.226969138784863	30.957667600015817	2.4262033507590606	30.74618909263414	30.768096722330586	30.770912513235437	29.94094541360807	2.1899530480134657	29.75433733546409	29.757788744094505	29.76086330673358
6170000	28.952808763415444	2.603787425216408	28.726107562962333	28.733600921537978	28.74049121833791	29.406367636791387	2.236472269769481	29.211965742786717	29.230266888310574	29.232946731659585	28.90098411658187	2.1813319119559367	28.709486058576232	28.71686608413921	28.72381586768231	29.38621464887636	2.3094745707104303	29.17725452511043	29.194842178826903	29.211074584893996	28.90095353372404	2.187724686660211	28.70916943523413	28.71699054404066	28.723222332443466	29.412497318599776	2.3068651672687737	29.21143284063073	29.219722251294762	29.227727174615204	30.96003486689215	2.431622417379279	30.74976188292195	30.768715014074274	30.77137852555571	29.94082676822321	2.1899634145349824	29.754240423681804	29.757772044683136	29.76089965309498
6180000	28.953053158374285	2.603657530953608	28.72681336941009	28.733684587494746	28.740633526146734	29.40699821873482	2.237147874862956	29.21335139386631	29.23015280769293	29.23279365480897	28.901006046843456	2.1813296345386943	28.709498467594308	28.716920387621936	28.723796901421448	29.385859709056145	2.310349910055133	29.17627396832886	29.194629470021383	29.21108334941014	28.901024536200275	2.187718550898556	28.709206026640025	28.717129394408268	28.723259291818167	29.41205430961443	2.30803846088529	29.210929550292658	29.220029930957182	29.22725371967822	30.960233649169968	2.428666906133366	30.751148780921255	30.768536796170675	30.771131567479937	29.9409804889335	2.1899499322132505	29.754468483680025	29.757788959661614	29.761078539313843
6190000	28.951752612920355	2.5936933200673167	28.726261667135834	28.733416173095613	28.740042509872417	29.406515707150223	2.2372646452906593	29.2117034034155	29.230286204303386	29.232464896615102	28.901015003071496	2.181325399441054	28.709556703843806	28.716948753178073	28.72381586768231	29.385893706329483	2.309903308120065	29.17730645084744	29.194857554877128	29.210581143576892	28.901075369001425	2.187713529665927	28.709212716600728	28.717209131378127	28.723305088408672	29.41188401382932	2.30853591820881	29.21115706680793	29.219518203595115	29.22675232894315	30.959808036715877	2.428366158287136	30.749955153790857	30.768716924813994	30.770848192190307	29.94078145371031	2.1899669547004685	29.75414447848129	29.75770290038301	29.761191219160033
6200000	28.95201844700337	2.6012459768916734	28.726188887920696	28.732807391525803	28.73938789637543	29.407343188483544	2.23715954380072	29.212279368319667	29.230400509782953	29.23322491340775	28.90109216484843	2.1813169851021916	28.709635272985356	28.717109937399293	28.724012866140363	29.38430133446442	2.308295555685291	29.17631492495709	29.194156567396234	29.21015918300539	28.901109391443196	2.1877089259147375	28.709311502349383	28.71722351864962	28.723366050802163	29.41169521412559	2.3050007377971853	29.210786727014742	29.220713412234964	29.227395564979016	30.960907760886286	2.4285846268328695	30.750230793039204	30.768843186055577	30.77154284084363	29.940792696342584	2.1899650303906277	29.75401844877905	29.757650695405342	29.760908020163257
6210000	28.952380475382224	2.587485345294098	28.726284393417256	28.73352327025038	28.740214281012292	29.406622918194223	2.2362510168003795	29.213774220909997	29.23005077192731	29.23276332270784	28.901144128076393	2.1813113260429278	28.709657479751975	28.717003896515997	28.724137941537865	29.38431796718993	2.3080352498703793	29.176602225121684	29.19441111596813	29.208320072810483	28.90114419848544	2.187703473958464	28.709264966478745	28.71745035709046	28.72343575017513	29.411763556473968	2.305253285538543	29.21131207642316	29.220153880466043	29.22723218023168	30.959863392461585	2.4236777603519704	30.751301398119818	30.76850933696698	30.77120744088609	29.940809230832837	2.189964601699514	29.754151701688553	29.757722518851416	29.760833964797445
6220000	28.952752136390554	2.6044467985490947	28.725512411100862	28.732568945799358	28.739281191206604	29.404237264122006	2.2363901675017672	29.20749084680085	29.229779607908267	29.232278668085158	28.901192233049322	2.1813070872905316	28.709657479751975	28.71705687238815	28.724247480611393	29.383040516405416	2.310283273033809	29.174030364911225	29.19294133002939	29.208355754988162	28.901215575566294	2.187715602698345	28.709311502349383	28.71745035709046	28.72343575017513	29.411003009365704	2.3076877482241724	29.210454154897878	29.21936476071602	29.226380036401203	30.956872849315403	2.4323971642754807	30.744778869465684	30.76819992607021	30.770602453194595	29.9405365518507	2.1900460131339066	29.753951942714817	29.757578014011102	29.760586077591796
6230000	28.952970827162606	2.606611409954238	28.725001079385557	28.73266440846035	28.739663713857453	29.407224896762767	2.23573459322728	29.214834632251442	29.230410149270785	29.232789166022844	28.901284179904472	2.18129903816844	28.70985331297487	28.717216427427644	28.724298795260943	29.384364046377616	2.3095088055488895	29.171919970955063	29.19307228602858	29.210110581283118	28.901233310213687	2.1877124189941566	28.709416957078613	28.717329005619774	28.72343575017513	29.411517941321584	2.306510888501653	29.210643262127412	29.219390629274848	29.22701206140981	30.960280597703484	2.4298536973254863	30.75191065487189	30.76876291673792	30.77111774031491	29.940508495691418	2.190048329250086	29.753877067109922	29.75744704946373	29.760512514765246
6240000	28.95145730900638	2.6011669413707064	28.72504260472495	28.732039320434644	28.739213540438204	29.405520404899708	2.23647340266318	29.20738955350684	29.22967179705236	29.232128577321127	28.901336096103755	2.1812942531796145	28.70986503330412	28.71745144121089	28.724298795260943	29.38365592557627	2.3067342478947426	29.174622148787975	29.193702843756427	29.20836260052164	28.901287568115723	2.1877075863029902	28.70956410011866	28.71745035709046	28.723456025704216	29.411540022547705	2.3050135713931055	29.21056693843916	29.219962804286077	29.226811097842422	30.95756414614336	2.4262852518692473	30.74522129426822	30.768124906164825	30.770542024322484	29.940254877741353	2.1901553368356304	29.753479261313505	29.757171218850488	29.760879766264672
6250000	28.951476455020515	2.5997373168502973	28.72533794372661	28.732363073963114	28.739189760915448	29.405700418248298	2.2350654701417962	29.210204983106422	29.230135993020838	29.232259811808042	28.901376072289302	2.1812907337971583	28.70985331297487	28.717523494159153	28.724488394093044	29.384114068334014	2.308591101677286	29.173202856276312	29.19350276095458	29.20962004539596	28.901302919104477	2.187704203686137	28.70966092831553	28.717507771660273	28.72348156999498	29.4114235243772	2.305748315311339	29.21074727345242	29.21900010499835	29.226303141402916	30.958028988340832	2.425418592721808	30.747988804806333	30.768579599639075	30.770709975043175	29.939877370322197	2.190067872552008	29.753694990445965	29.75711744274777	29.76047121658278
6260000	28.951169014361984	2.5976842334977808	28.72483153724771	28.732127649174124	28.739326921559076	29.405432520420277	2.2356649789117724	29.209843919421132	29.2301214992099	29.232661440140927	28.901420233288242	2.1812866231215255	28.709981859578647	28.717596762422232	28.72439226400758	29.383395898403496	2.3089307965361403	29.173367137359833	29.192952925926065	29.210087276514756	28.901384431542876	2.1878676963137607	28.709956309420594	28.717635321332477	28.723499894889443	29.411558522796433	2.306247906344072	29.210785954551895	29.21940497729808	29.22700546821982	30.958597099799654	2.4234927795702537	30.748222943207143	30.76853282663298	30.771076482724084	29.940104397093844	2.1898832957471392	29.75364127300064	29.757188954698506	29.760330189440158
6270000	28.950875178188255	2.5963930131052884	28.724748484086057	28.732161421768886	28.73926203694086	29.40598914791101	2.2357348884982424	29.21059534558332	29.23009541282763	29.232380657685095	28.901480507357373	2.181280389734052	28.710074572611546	28.7176529932501	28.724615904596806	29.385287685072164	2.3104975927268803	29.17685735797969	29.195220013857103	29.209369842305758	28.901434054364746	2.1878631863267852	28.709985052436096	28.717635321332477	28.72360900726077	29.411915618380096	2.3084142084288177	29.2110776269265	29.219893170795814	29.226272555906903	30.959672628945825	2.428823794079231	30.748812600246207	30.768508306070355	30.770822647746375	29.9401636445555	2.189878972542285	29.753618862912493	29.757018535192778	29.760520378643953
6280000	28.95153456389222	2.602593723413485	28.725085592016246	28.732482446180178	28.73950309399698	29.403805419076917	2.235460616062519	29.205000472494596	29.230009692950716	29.232347794944324	28.901568726708508	2.1817380634777446	28.710292689390435	28.71778567035743	28.72458524606228	29.384500767343518	2.3060081021682093	29.17506399700359	29.1944535923176	29.20967143989918	28.901499302613903	2.1879190474436894	28.71010861555486	28.717653238310895	28.723619432316568	29.411830946525008	2.302832203915153	29.21137002979562	29.22036084326561	29.22789391740954	30.956706927004873	2.426541212374614	30.742831725051442	30.768375080235806	30.77073606533843	29.94044641489027	2.1898536722383315	29.753578057110847	29.75731235471872	29.76069049933878
6290000	28.951512080721074	2.595623192837641	28.72623686372954	28.73272433997659	28.739706284151104	29.40640077122089	2.2348766543246104	29.211569321125523	29.230427523584545	29.234024285790277	28.90159840978335	2.1817352357213253	28.71033382767136	28.717811677133696	28.724706837182655	29.385434150586335	2.31006436779936	29.17739044823031	29.194634769625154	29.210385968424667	28.9015419111289	2.1879153933150253	28.71010861555486	28.717635321332477	28.723619432316568	29.412064948736166	2.306749431745855	29.211266207466945	29.220642393532145	29.227357799139465	30.960089704997397	2.4290651781521935	30.749866805309786	30.768889338943964	30.77243358502543	29.940703861164316	2.1898298945635233	29.754008240236036	29.757348751931637	29.760627928856614
6300000	28.951684834437025	2.5998769300571705	28.72610235609463	28.732750467264566	28.739592898761934	29.40464616614795	2.236335885210228	29.209409856163628	29.229944969043338	29.23248244676674	28.90163231884416	2.181731215664324	28.710441715125743	28.71784846473463	28.724740617611285	29.384948308782352	2.310009711646151	29.176251781659293	29.194087364026778	29.2097104706194	28.901556710557003	2.1879126180005137	28.710141004604182	28.71776635168534	28.72381223602024	29.411954991265404	2.306677027830435	29.211478200644766	29.220046109517277	29.22736260142917	30.957481771537314	2.426725928263525	30.747216839041066	30.768314956425755	30.770932610829213	29.94084417211729	2.189930196183874	29.75408562346304	29.75761434507231	29.76082507568698
6310000	28.95210717506623	2.5971534264339735	28.72546396494566	28.732680369277656	28.739515372723506	29.406303276264364	2.2362748585746606	29.21310895544593	29.230445667724428	29.23338882641506	28.90174223218046	2.182086523351995	28.710563984463164	28.718057964570363	28.724822313301065	29.383828468679592	2.3069959347982163	29.174011927725658	29.194103627433996	29.209193816083268	28.90158815763954	2.1879097695882903	28.710203241208095	28.717806305964814	28.723619432316568	29.411723656867597	2.3036675389020966	29.211499239081938	29.219898242686128	29.227272296170305	30.959419844022772	2.423070966160137	30.75161490701066	30.768889907915003	30.771809567785958	29.94080770386848	2.1900011097137635	29.753974091164324	29.757645229985485	29.76101293847515
6320000	28.952097738272748	2.5982727621796378	28.725497074326267	28.732438278465334	28.738827418780026	29.40553868802769	2.235448559755254	29.2131636757609	29.23034660310513	29.232728260110715	28.90177786785521	2.1821575793667662	28.710563984463164	28.71808833882089	28.72478460423552	29.38427583714549	2.3093315576173183	29.173806806263183	29.193178086633225	29.210591182264288	28.9016084511332	2.1879058347472986	28.710301261047906	28.717851257807645	28.723834843296892	29.41141123681399	2.3072401706219074	29.21003130461451	29.219145929041503	29.226964000173826	30.95899511767093	2.431252507082804	30.75103519185935	30.768775256333033	30.771145267849434	29.940415228688185	2.1900351942272005	29.753663807835316	29.75738720733385	29.76075637412937
6330000	28.95141121640055	2.597358259060049	28.725278017675613	28.732085836714788	28.739110946176492	29.406777013095503	2.235591404518638	29.210530659193694	29.22994588971317	29.23204063855396	28.901837276536586	2.1821508222808594	28.71082932670262	28.71810014862278	28.72484284948946	29.384173210118714	2.309841258013787	29.17581883169184	29.193223172958028	29.20823792426591	28.901657736673585	2.1879001262384405	28.71049933648674	28.71789454612942	28.723834843296892	29.41179395618758	2.307682751912715	29.21139118586036	29.21926455255472	29.227080826623624	30.96065116771649	2.429005065575934	30.74876639359136	30.768382652550038	30.770492591934	29.94020619849498	2.1900544563560307	29.753431133952635	29.75733122644079	29.760724939162692
6340000	28.95185933162684	2.6028687979207987	28.725327565197304	28.732105621319995	28.739710408357986	29.407311867493014	2.2358232634277226	29.213288592297623	29.230307583174923	29.23291202317552	28.90187063552688	2.1821468945864995	28.710733693976586	28.718140194547246	28.724849311817646	29.384723776597518	2.3057873658525683	29.175733699500903	29.1943125152385	29.21089215040389	28.901733240883065	2.1878932890007445	28.71059651279966	28.717955078578843	28.723839836545633	29.411568239855704	2.304052729061274	29.210997464168678	29.220095291723887	29.227094585956564	30.959872621110197	2.423172662908009	30.751682519902445	30.76868030785478	30.771306659001464	29.940363332506998	2.1900402715874523	29.753702044487966	29.757591082102348	29.760611558153858
6350000	28.950968403542404	2.593167876800271	28.72539824849175	28.732752259581464	28.73945539287729	29.4079966241085	2.2346537442160423	29.212999923010436	29.230587625825265	29.234259789359076	28.90212853530305	2.1821311060217425	28.710922097164655	28.718155089822204	28.72502206323727	29.386183974464547	2.3086829481328324	29.177355370925564	29.194657959469005	29.2110513084529	28.901775620685996	2.1878896240951904	28.710814274096784	28.717996018281895	28.723845662221173	29.41220561096917	2.305834490259503	29.211937213250902	29.22022389616866	29.227429151725225	30.96112239132792	2.4247227209207334	30.751508169145616	30.76903691785845	30.772696549818043	29.9406903546329	2.190011793619498	29.754119551832652	29.757587844804156	29.76085020130801
6360000	28.95152051500896	2.6016756465170507	28.725131324202625	28.732493119279226	28.739844735893314	29.406616506199427	2.2355328968374737	29.211647925761397	29.230383977955206	29.232619922286105	28.902206098713616	2.1821245178953403	28.710959000623056	28.718209892762573	28.725061519406005	29.385696808644617	2.3073058112580767	29.176357753319706	29.194576758468198	29.21032412943385	28.90182166038429	2.1878855018907686	28.71097893286675	28.717955078578843	28.72386086055866	29.41241369718728	2.305765242611523	29.211567176859337	29.219729709616455	29.227365115268377	30.959994597147304	2.4298664236335767	30.7500963197946	30.768812575679362	30.771066053081878	29.94063411513785	2.190062973384847	29.753678584837637	29.75743677986721	29.760876445902934
6370000	28.95075809973778	2.6016937930415374	28.72549219250423	28.732347854856584	28.739031758505266	29.40647020358839	2.235564213810084	29.21270205452982	29.2301804313069	29.232830130402576	28.902242086308593	2.182120276416303	28.711014581805003	28.718254780407985	28.725096637033495	29.38442403189457	2.3092456194152935	29.176332166778593	29.193629369125183	29.209213495417004	28.901917765529955	2.187877269557704	28.711075928104968	28.717996018281895	28.723906032309163	29.411586517756287	2.3062366181719343	29.21106692791473	29.21956187731128	29.22672376875617	30.95990073385515	2.4311134890723682	30.75108506273316	30.768634989468396	30.77126719547411	29.940541712489907	2.190120071754751	29.753664983740077	29.75743077099663	29.760889965926385
6380000	28.951339411312887	2.6019538727104954	28.725636326846647	28.732087578423126	28.738677039277917	29.405784066210195	2.2362457460778127	29.212088778415154	29.23018243038979	29.2321032405706	28.902270364962128	2.1821166028689127	28.711014581805003	28.71829939734011	28.725096637033495	29.384640714376914	2.310881772794057	29.176669899512987	29.193867144432552	29.208961615016793	28.901950665106874	2.187872587414881	28.711195699472384	28.718029476886564	28.723906032309163	29.411766569386266	2.307205788581596	29.210980734747682	29.2195356026804	29.226824034118703	30.95965872849568	2.433711023229677	30.750383227372136	30.76855593318909	30.770482521968106	29.940673908438573	2.1901070016304343	29.753853572158363	29.757283243117207	29.76082265648592
6390000	28.951288902440293	2.5969457752725167	28.726394564698328	28.732393494922867	28.73839994610976	29.404877049286544	2.2356475731837504	29.209671905350234	29.230175576551943	29.232679082321543	28.902488398385	2.182108305093626	28.711045789273864	28.71829939734011	28.725061519406005	29.38443184847013	2.30879027964538	29.17474623372258	29.19364515907225	29.2092607397119	28.9019844493451	2.1878694336412092	28.71127981470344	28.718050565657485	28.724054018528385	29.41131096686016	2.3051119841982195	29.21013094951074	29.219189191415445	29.226601241463822	30.95741260763631	2.430938720943855	30.747996112079797	30.76861484781202	30.771085424786897	29.940497651307158	2.190122631982644	29.75363110784928	29.75733354238004	29.76061938497712
6400000	28.9512216815032	2.5980552244766266	28.726209681344393	28.732307581794295	28.739055808810996	29.405021263932284	2.235825008067987	29.207824830019213	29.230074233981224	29.232828560085814	28.90251407890907	2.182105134015576	28.711091047636017	28.718307458970457	28.725074690341543	29.384115607203192	2.3104538585302232	29.174290050573475	29.19319530742021	29.210034071205943	28.902033698974858	2.1878645643762136	28.711294736770924	28.71812842011125	28.724228333006558	29.411590888193295	2.307362818387888	29.210907517715263	29.219247848456632	29.226966413266293	30.95848684150459	2.433202512230487	30.745741911969496	30.768379654628227	30.771212982594246	29.94043862709567	2.1901284239633783	29.753540677894495	29.757364217498406	29.760859985313395
6410000	28.951222796077936	2.599619267590463	28.725335985425822	28.732478580932447	28.739132672187026	29.405532625258076	2.235337790214842	29.210573989148365	29.2297716279649	29.2325178496411	28.90257522824174	2.1820991642159346	28.71126497111131	28.718307458970457	28.725102130601478	29.383682365192087	2.3061278669724694	29.173137671532075	29.192270162064645	29.20958745738995	28.902090492506264	2.1878593208004826	28.711321971307967	28.718139911525952	28.72424179538481	29.41128978275717	2.304284406545455	29.210243625052914	29.219656325849044	29.226963356792773	30.959150299648826	2.427881595205843	30.74834418360354	30.768217070169506	30.77080988223357	29.940593780704344	2.190116797568842	29.753941991076793	29.757375046012537	29.76064544632061
6420000	28.950936699811948	2.598627932651754	28.72514778974989	28.731867686505858	28.73929644179529	29.406589951076164	2.2352446346707118	29.211921450558236	29.230280233224207	29.23237587328191	28.902638846307813	2.182093756092193	28.711283911633537	28.718347532030158	28.725119805429895	29.38476430638698	2.3059757554496483	29.175713244241585	29.1948278415194	29.21014531923363	28.90219947880748	2.1878497824808125	28.711597449760802	28.71817758051309	28.724293828427957	29.41149139362724	2.30487587926035	29.21041176944868	29.21972855084573	29.22678538052514	30.95960735408383	2.424688074459242	30.74980993545355	30.768709580429057	30.77081459764601	29.940371962981448	2.1901352567969448	29.75371060836493	29.757436996849243	29.76078017623043
6430000	28.950504007190325	2.5931632972924428	28.724796742398325	28.731898715614143	28.738939084941656	29.406068450296456	2.234765797472484	29.21112278051949	29.22992420341194	29.232704315053873	28.902667544338115	2.1820912297603487	28.711357901037815	28.718379659520103	28.725102130601478	29.38392407119878	2.3092845772949326	29.17522397100636	29.19294383982188	29.20867972540217	28.90225672223213	2.1878446088965147	28.711597449760802	28.718204966827912	28.72431589804234	29.41142038434969	2.3062485160319763	29.210602007469834	29.220002297171533	29.227046653672737	30.95995725086914	2.4287667254039866	30.74934647865876	30.768348174968253	30.77111887806064	29.940631949282157	2.1900787678375457	29.75386340538647	29.75773021519331	29.76076236004313
6440000	28.950516195935055	2.5931774893739488	28.725000754708425	28.732258022895195	28.73864878481114	29.405430443584763	2.2360205945380454	29.210032443928192	29.23002711359458	29.232484894474755	28.902720738909093	2.1821140263993777	28.711403486053637	28.718409457424386	28.725119805429895	29.38400657528137	2.307162736797585	29.174240185283004	29.19407366658598	29.210038986215913	28.90230779645968	2.187839887480613	28.711731514690776	28.718252009432806	28.724301873038574	29.410956302554172	2.3049988338179315	29.210068806372103	29.21929503176308	29.22663380593202	30.95887959721003	2.4278443434780943	30.748307619777883	30.76845798729685	30.770946055439993	29.940591730593262	2.1901066012540817	29.753758068410058	29.757364595990033	29.760877893343803
6450000	28.95203093789526	2.5981328570919264	28.725471869701945	28.732293400857422	28.739251662124445	29.405446382221662	2.234337327848633	29.206163728211898	29.229822241141964	29.23258967238317	28.902759667491015	2.182110427363428	28.711457696307136	28.718454959965538	28.725096637033495	29.383920262287138	2.306126125078598	29.173915441608642	29.193247994339988	29.20868643354503	28.9023438018344	2.187836495088504	28.711835349779545	28.718283180353154	28.7243288232428	29.411292803355735	2.30473131149518	29.21037496525799	29.219713900979464	29.227811814665777	30.95864729632014	2.42725313931077	30.743705460795283	30.768168842632903	30.7710115167143	29.940464091421866	2.189993783885766	29.753761959699233	29.75739214106141	29.76072794744804
6460000	28.953281160821774	2.605600456299039	28.72551492247486	28.732550679411847	28.7393355327549	29.406670183078795	2.2354237784860906	29.211731819479592	29.230256177768617	29.232818158296627	28.902806102106958	2.18210610690911	28.711566779031642	28.71842462908934	28.725061519406005	29.385871690418764	2.3065009029850256	29.176648160704058	29.194551186892408	29.210896737032876	28.902385245438584	2.1878328118442836	28.711835349779545	28.71832101150024	28.724338498357696	29.411782752806083	2.3050298842395502	29.211163076600194	29.21986387504939	29.22764799311496	30.95977549714423	2.427723017773487	30.749929187144474	30.768681507500578	30.771165396750636	29.94037581949286	2.1900023028467777	29.75354825716967	29.757386227229688	29.760607553110304
6470000	28.951725494248738	2.5960171527565428	28.72583231724912	28.732525670682225	28.739442174124907	29.40514171766392	2.2372702048128854	29.208040307260962	29.23003325373147	29.232239264178965	28.902845791252044	2.18210176381124	28.711672742847888	28.718567309629435	28.725061519406005	29.385274671787712	2.3089698774256573	29.176513360119436	29.194343306163297	29.209948776550924	28.902446919449776	2.188021414789217	28.711841900453322	28.718305178789365	28.724351259221454	29.412243757415606	2.3075664482310674	29.21165384200688	29.22060443318047	29.22785577954987	30.95744338270496	2.424736088229964	30.745969815656018	30.7684315397783	30.770606202041456	29.940503319262707	2.19011039137451	29.75363851987811	29.7573159391861	29.76081213239579
6480000	28.952705134438883	2.6046740390723677	28.725663334300382	28.732640277005135	28.739692319399317	29.40565459601299	2.235269129264307	29.213177213931846	29.230208863964954	29.232189375112824	28.90290382315662	2.1820962047049677	28.71170335294208	28.718574362720805	28.725096637033495	29.38472272706023	2.3062511522778544	29.175597742671542	29.193189792549376	29.20986163419333	28.902502409523002	2.188077464510028	28.71188130192636	28.718305178789365	28.72443224579208	29.41179882783285	2.3044199291402103	29.21163336704378	29.219875745984197	29.22740719112361	30.958867309880656	2.4299105647757306	30.750539543224125	30.76864825192554	30.770571330214405	29.940489873816194	2.1902094611852747	29.75401766914004	29.757381390591615	29.760484639113205
6490000	28.953273736193278	2.6069551403414843	28.726395627899834	28.733259281154098	28.739778463928207	29.40746826005227	2.2355756556827218	29.214685913497245	29.230366182555482	29.233127944212967	28.902918493829766	2.1820931179781615	28.71175539876711	28.71865736957488	28.725119805429895	29.385062033137135	2.3083415539315237	29.175715635348165	29.194948169276266	29.210748004088828	28.90255864623743	2.188072610914974	28.711928814490943	28.71834895435612	28.724519699297197	29.411716314218488	2.306512756007218	29.211313943982056	29.219717146982894	29.227081644025425	30.96069535138223	2.42929461167556	30.75227519420239	30.7687911544809	30.7714146024245	29.940552732298634	2.1902159511664405	29.7540112533087	29.757407628059987	29.760575452112462
6500000	28.952295410850724	2.6014988370501855	28.725280332173917	28.732905001923257	28.740099660143734	29.40532976703113	2.235536863552507	29.21079667353462	29.229906764222036	29.232690374412428	28.902920391203402	2.1820925716492354	28.711735933116397	28.71872802123159	28.725119805429895	29.385389529029112	2.309251466758625	29.17681521409612	29.19487718168374	29.21020538588668	28.90258919873779	2.1880691667099597	28.711897441851935	28.718438407583626	28.72456246061709	29.412072629127483	2.3072171674183544	29.210767634942975	29.220028644647314	29.227462724001906	30.958396478593606	2.4300391935376267	30.74807784149502	30.768198516264533	30.771085581501183	29.94069399194152	2.1902056534275145	29.75410047028172	29.757666134130645	29.760585930251203
6510000	28.952109477349186	2.5975912627526263	28.725695447416555	28.733330108807465	28.740386589374985	29.405613775527165	2.236297606879266	29.210797686789608	29.229894732525338	29.23334554880774	28.902948044939556	2.1820901572409954	28.711774766976564	28.718776278137135	28.725142247643802	29.384347294104806	2.3068655618633698	29.175740679709172	29.19328307618968	29.209970438614775	28.902859162152346	2.188054967146354	28.712151609015578	28.718540689131622	28.724569086096455	29.41155809817187	2.304710532334006	29.210843893206338	29.220027748690654	29.227442470067	30.958732302989983	2.4266310041749604	30.74915747471754	30.76834223045462	30.771765105659505	29.940564334142028	2.1904704675830184	29.753870865917037	29.757728708454138	29.760776519077602
6520000	28.953205408172934	2.607458062731159	28.725466631880177	28.732222468280373	28.739875461778883	29.406912662926658	2.23531051707589	29.212112513854155	29.23012978348558	29.231993511260832	28.902955743156976	2.1820887324271383	28.711798659788947	28.71872802123159	28.725221693076676	29.38476742702079	2.30875347557631	29.174079990965375	29.19390254762981	29.21084893752484	28.90288069992446	2.1880522360808667	28.71227280663089	28.718540689131622	28.72456246061709	29.411775939722677	2.3066286347905534	29.21133437259029	29.21962400132478	29.22689794473263	30.960785427482485	2.4322255286828875	30.75046547019419	30.768519651733463	30.770393689910875	29.940421290425448	2.190481443789962	29.75346339704742	29.757406947222925	29.760650268885882
6530000	28.95138969997198	2.5890516720129506	28.72491810614207	28.73248603537479	28.739665159426636	29.40448485861266	2.2347985774169468	29.207883014230198	29.229687354681126	29.232035472963346	28.902999346817822	2.1820841136382447	28.71181452059065	28.71872802123159	28.725270941427528	29.383884907796336	2.304246311768756	29.173844146712725	29.192295670518682	29.2089392229828	28.902933105314084	2.1881200665418525	28.712473970162552	28.718634383425247	28.724599556645057	29.410810578887567	2.301362638309377	29.210455646452072	29.219385417796904	29.227024009676253	30.957480802029863	2.42382948497872	30.745253968148482	30.76815080946186	30.770469974913063	29.940566924792073	2.1904808298109866	29.75375877899316	29.757490078484324	29.76083302023017
6540000	28.953425807582395	2.605815431956024	28.725588325249035	28.73247819489517	28.739731634220316	29.404387452690862	2.233193193295986	29.207562841462973	29.229629157101893	29.23237643165518	28.9030332209054	2.1820811768064745	28.71184127246078	28.71871165639861	28.72531388196195	29.3837479033553	2.305408902375045	29.17354441775479	29.193630981326734	29.209479565176927	28.903000182184673	2.1881143406985553	28.712541835058197	28.718753456259275	28.724616959766948	29.411393886040564	2.3027288781831614	29.21062678993085	29.21976442131872	29.22711171042488	30.957905849184563	2.4283207676420466	30.74582279541722	30.76802888349216	30.77076224699787	29.940662532376184	2.1904721008920967	29.75387358301111	29.75739494025073	29.760975988328195
6550000	28.951913986210723	2.595545492796648	28.72519972529581	28.7323958898171	28.740144909140145	29.407587743699942	2.2343647063808025	29.216036165166035	29.230365307419888	29.232563154832548	28.903093761493356	2.182075016486395	28.71189121887232	28.718965495297063	28.725354616666422	29.38514552666696	2.3067557789683946	29.176403355797277	29.19459654730663	29.20879581203291	28.903052175940687	2.188215516995612	28.712597456570105	28.718773191314277	28.724623177774998	29.411189489972777	2.304974227858751	29.210906347209896	29.21899439819768	29.22591961076556	30.960905119706783	2.421981859542916	30.75432319124174	30.76878959863297	30.770889360850923	29.94071324158851	2.1904661783549266	29.753782854713762	29.757523195521568	29.760787899924082
6560000	28.952202431413774	2.6020624782357045	28.72502664125168	28.732157056159608	28.739911637674332	29.40643326871929	2.233752650738949	29.211820345755683	29.23049428610564	29.23320768424258	28.903119434044104	2.1820727160365188	28.711936174673795	28.718939783732303	28.725381349867263	29.385671334165856	2.3064426508308555	29.177579693492717	29.195614711019175	29.210605160962622	28.903142553965367	2.1882076555393883	28.712698575212308	28.7189509338953	28.724636175306117	29.411662151078453	2.3030742501304977	29.211695385541177	29.219909309003278	29.22706678952997	30.959518924800253	2.425867498746236	30.749117555898078	30.768948477117085	30.77158889063876	29.940481857227624	2.190430332225274	29.75366735727991	29.756935767023336	29.76034930609456
6570000	28.95234106133418	2.603905304914218	28.725639044378337	28.732139881409253	28.73968449525693	29.407183312928904	2.234594539279365	29.213016791149474	29.230531253748964	29.23301279775103	28.90315549960329	2.182069611327595	28.711936174673795	28.718939783732303	28.7254161117963	29.385461008235275	2.307031451922116	29.17651190455998	29.19502262871444	29.21014892461585	28.903173999493546	2.1882049476567813	28.712698575212308	28.718969313019784	28.724657172097665	29.412338162523117	2.303634443039875	29.21166745156487	29.2203320043866	29.227747664066968	30.95986230846719	2.422346951446196	30.750953285708782	30.768956738840913	30.771436030599062	29.940597539070644	2.190420818763846	29.75372799856529	29.757240064513347	29.760671095473754
6580000	28.952585248219695	2.6005799972342687	28.725820983785965	28.732796202853866	28.740007037552893	29.40508625203149	2.234068461390417	29.207200383914845	29.230139464648797	29.232232062101055	28.903202194993327	2.1820856966530555	28.712125634251002	28.718950906805517	28.7254161117963	29.38441425246966	2.3052109248991832	29.1751624739159	29.193066404684892	29.209581613670757	28.903231208483277	2.1882000724008113	28.71272196837117	28.71910613286355	28.724786791854786	29.41154037381727	2.3025791738162416	29.211352661688863	29.22030285566116	29.226767310349583	30.9579776110891	2.426783479038104	30.74499101089272	30.768574583334715	30.770659786368668	29.940445369299677	2.1904460966509705	29.75358950961738	29.75722416909519	29.760663498009905
6590000	28.951409631350895	2.598171074185901	28.72566852096656	28.732457268946632	28.73973407371833	29.405635037232035	2.2348074027967084	29.209654564048353	29.23018468721013	29.232623189604325	28.90326698251919	2.182319214417221	28.712193049601346	28.718988752185687	28.7254161117963	29.384845004619326	2.3073786457986833	29.17440346249277	29.19551035941214	29.21022978499671	28.90330432617477	2.1882141013679486	28.712871851726028	28.71919940773789	28.724842934678158	29.411606680170262	2.30565491434174	29.211015583138767	29.219509168284397	29.22725325599406	30.95832186101733	2.4224324764830847	30.747605209904798	30.768623165072967	30.771067671300585	29.940489739063253	2.1904419409248024	29.753783166873177	29.757501910749205	29.760442599971036
6600000	28.951590216968658	2.590740724608487	28.726005100078915	28.732940018144223	28.73922450076025	29.40587976621222	2.2346984869183486	29.21506383619012	29.230169035004167	29.232488731946475	28.903340663191155	2.1824799716558934	28.71227247734556	28.71907192125081	28.725470123534436	29.385827919872398	2.307415233527163	29.17645924539211	29.194851004363137	29.21174316325827	28.903358034132086	2.188208965549591	28.71289433966848	28.719287694123434	28.724786791854786	29.411988838508254	2.3061645630389433	29.21087655911031	29.219849594044398	29.227687835906167	30.959060414891027	2.424533787640045	30.753126645323015	30.768573685394998	30.770935026801922	29.940492972130826	2.1904288262785916	29.75382342362714	29.7574732126554	29.760768969211547
6610000	28.951945588664135	2.5926827872562663	28.725788358967986	28.733127669618597	28.740079752513253	29.406949239673576	2.2344837012846352	29.216457743828453	29.230335864694773	29.232460306351747	28.90334253837071	2.1824796792070695	28.71227247734556	28.719076003733356	28.72544711823032	29.38602192136859	2.3076016302082767	29.177247652921423	29.195938541418208	29.210378858125274	28.903407214271777	2.1882047600733987	28.712909762029533	28.719336371715507	28.724909868077553	29.41171344436112	2.3046018175374856	29.211161748153607	29.2199079006256	29.22753577380804	30.960798404538835	2.4296117526073817	30.754850884307444	30.76871856973122	30.770811087142935	29.940710987832144	2.1904090796384708	29.753910237878806	29.75769253750913	29.760732591210452
6620000	28.9516825301703	2.590583479024193	28.726103495219952	28.732706051721095	28.73984337881546	29.40665069687089	2.2356118971316943	29.211041337287746	29.230247372185296	29.232429207459987	28.903393332345082	2.182474754792313	28.712307358947893	28.719111161577654	28.725540182597854	29.384728918859466	2.308631803118398	29.17293544001	29.19478229552648	29.209942520183482	28.90346752045978	2.188199664474058	28.71296131109913	28.71946509134986	28.7249499651966	29.41147732226911	2.306359875237281	29.21083684038537	29.219375429897603	29.226543957407152	30.959493042309756	2.4249104348864017	30.748681323443414	30.768699475626292	30.770874530100357	29.940459581628954	2.1904300281535583	29.75359479517983	29.75716890366008	29.76078036213956
6630000	28.953499533185354	2.60261406478412	28.725679525661448	28.73299319059723	28.739878681772765	29.406506989377753	2.2351954534119907	29.21194917395833	29.230197657885853	29.232618538397674	28.90343218652097	2.18247135581131	28.712319411930867	28.71915196538732	28.725559590969326	29.384926892876653	2.307756466926954	29.177440672170324	29.193956956148885	29.209191394640207	28.90354360040027	2.188192602359393	28.71301064189586	28.71943752284618	28.72496444402556	29.41188649971638	2.305168725854553	29.211082461749484	29.22018035185787	29.226689349862802	30.95883900354692	2.4286621622349247	30.749834659676825	30.768576994886104	30.770998198185602	29.940576300117577	2.190457327827928	29.753924551637017	29.757322468619716	29.76058573727159
6640000	28.953225279903656	2.600653898733861	28.72672300371201	28.733013093648182	28.740063455844652	29.406535568585333	2.2350207594217455	29.21230767188774	29.229980364439655	29.232241882262688	28.903490866830865	2.182466320648029	28.712447439796918	28.7191916506763	28.725632150615134	29.384399917881044	2.3070684370613894	29.17612789662272	29.194081161760263	29.20967434921871	28.903611511854976	2.188186613910581	28.71301064189586	28.71953589972795	28.7249499651966	29.411354361169483	2.3047335958924093	29.21065602521912	29.21934033123883	29.227094487134927	30.95910474060036	2.429771077252133	30.749963944582728	30.768396789645678	30.770658854143914	29.940626885600807	2.1904408910194557	29.753906652914786	29.75752444665773	29.76053024910645
6650000	28.953218846855766	2.5993554862966115	28.726425584118143	28.73337060592565	28.73992532156207	29.405285824039094	2.2366866106188756	29.210695076808793	29.23005418417221	29.232195865416983	28.903530303964075	2.1824628753846578	28.712515321027542	28.7191916506763	28.72567438311321	29.384682859149066	2.310304757228859	29.174499892531767	29.193773985445766	29.20946896329742	28.903663922113335	2.188182162491742	28.713062114086092	28.719580566633145	28.724942982694348	29.411808373401648	2.308644709210539	29.21091848313516	29.21935707386104	29.227128939040107	30.958665868563408	2.4286493265866578	30.748968127620913	30.768484007403273	30.77064468658821	29.940782550889345	2.1904285082375887	29.753834891020425	29.757701012184526	29.760830112435265
6660000	28.951798007948707	2.5940295610072424	28.726065527588915	28.7322709163864	28.73934819503874	29.407010767752187	2.2344944208892175	29.212931915428907	29.230444736056867	29.233215502810133	28.903541574685047	2.1824618781364165	28.71248428744679	28.71915196538732	28.725755355626298	29.385399453061517	2.3061384617583243	29.177045368333864	29.195254741735823	29.21052306518667	28.903703610152835	2.1881787951913427	28.71312194962797	28.719596256676198	28.72499276025217	29.41122936216849	2.3017191204666925	29.210615577336444	29.219773047924136	29.226896908321358	30.96070833871718	2.4290878326863865	30.750842539006342	30.768876842261363	30.77135609729292	29.940573815761958	2.1904459984589395	29.75375167494165	29.757531163386616	29.760723151874878
6670000	28.952892743451322	2.6018956888138023	28.72605701749289	28.73278727175117	28.739660325561857	29.4051911529263	2.2363502248958236	29.21177049639997	29.229782698820657	29.2319287368598	28.903563763804296	2.182458496306682	28.712515321027542	28.7191916506763	28.725738327084716	29.384642808961022	2.3118796362597753	29.174893524550257	29.192715083251876	29.20947208345471	28.903753135320496	2.188283111128575	28.713225774897886	28.71959677206194	28.725059630988774	29.412193768681416	2.308255944248383	29.211826787866283	29.22005086760261	29.227054112957028	30.95875002973921	2.4335087741649537	30.750021465722945	30.76817225456245	30.77037361107224	29.94067095582455	2.1904091723032395	29.75383242736659	29.757413916859477	29.760878976767707
6680000	28.95278948468573	2.602721997933135	28.72547135507147	28.732732564884607	28.739720449807763	29.405268572901633	2.2370476323527337	29.210712241538797	29.230084051477174	29.23294904582672	28.90359287046349	2.1824541328228104	28.712540864643483	28.7191916506763	28.72576875458895	29.384655536886843	2.309302840794711	29.17606591480118	29.193731367432736	29.209038152006322	28.90379219754916	2.188279730434297	28.713225774897886	28.719608590170047	28.725218204558214	29.411873766977582	2.307499990663491	29.21108097528004	29.21972116453596	29.227526722196988	30.958257542452923	2.429320917501472	30.747845932674974	30.768508829195834	30.771309860488365	29.94051276867563	2.1904479194702624	29.753717075776464	29.75732284860979	29.76059489225443
6690000	28.951122924084828	2.595991765450309	28.724899678729447	28.73289385313117	28.740074201054156	29.4049665029992	2.2373278510059578	29.209025181015527	29.229823369532568	29.232301557829665	28.90361986170119	2.1824517139967963	28.712540864643483	28.7191916506763	28.725755355626298	29.38418070360254	2.3087806471006145	29.176508367843294	29.193396819247177	29.207778800802636	28.903833427934355	2.188275821190848	28.713225774897886	28.719625537344804	28.725059630988774	29.41161435094471	2.306979953095962	29.211180924137004	29.219132974146262	29.226962490096927	30.957401620849296	2.4224876732903073	30.745952950332452	30.76824791947941	30.770699678503455	29.94057019010715	2.1905102759520063	29.753705250284078	29.75736435907158	29.76086932361497
6700000	28.951115008834964	2.598224415815318	28.725559246050413	28.732657318941165	28.739826256236988	29.406570142113313	2.2343939598302267	29.21189439005913	29.23010930206777	29.232342234392142	28.90365935617587	2.182448374270739	28.712592741760744	28.7191916506763	28.7258038915781	29.38483548382356	2.304060592537641	29.17597474121425	29.194430896064894	29.209457497976004	28.903876128595684	2.188272123868273	28.713197670263213	28.719736198306734	28.725156927155545	29.411233944959292	2.302486458985352	29.21110841029739	29.219484608323697	29.227040437662435	30.959466091757978	2.420317270823378	30.75020081861637	30.768519576199726	30.7707957589695	29.940681201130324	2.1904994837995613	29.753881271070057	29.757358985462915	29.760714054386636
6710000	28.950848202510937	2.5965795912100544	28.725311592999205	28.73288046299743	28.739484027748787	29.406543548871692	2.23477557392057	29.210783876318047	29.230300518279364	29.233065493994282	28.903686737697893	2.182446032153236	28.712592741760744	28.71931109465613	28.72581933808337	29.384439815186617	2.3116582915735115	29.1739851640205	29.19442358660362	29.210157837494478	28.90390526336584	2.1882686760625627	28.713197670263213	28.71974950103024	28.725156927155545	29.411701477169544	2.3084020208632063	29.2105159866423	29.21979790117338	29.227468640049516	30.960044123540015	2.4314574936320135	30.74901075458629	30.76874678081826	30.77140926775922	29.940835145729224	2.1904232076680272	29.754192931901766	29.75748560930252	29.760682132988027
6720000	28.950829577202576	2.5993090552504787	28.72567751185177	28.732467537541346	28.739104719782	29.40821378033338	2.2361983637393306	29.21860466204709	29.230674079727283	29.232724496188183	28.903736047333712	2.182441782158973	28.712624630302646	28.71934704213235	28.725890545126024	29.38755148283497	2.3090263080934195	29.17961050115927	29.197884745578012	29.212298290694683	28.903943078354473	2.1882653844586213	28.71324902201594	28.719766878711983	28.725228838338737	29.41319826651278	2.3072173828603537	29.21275840990903	29.220836010088973	29.227830073862734	30.961069822251908	2.425766584545943	30.756542477657877	30.7691358682857	30.771188560095343	29.940919710714017	2.190514715065503	29.7543524003499	29.75772041612615	29.760775163693097
6730000	28.95279519799181	2.6049047294991357	28.725908381988823	28.733025076902123	28.74026859266572	29.405791360908275	2.236159284975962	29.211018719955657	29.230116785057838	29.232032768264432	28.903783669291663	2.182437532653744	28.712624630302646	28.71938330750065	28.725994207096637	29.38550177859673	2.3084816927477365	29.175627435292764	29.194984588973618	29.212423267503848	28.90402655916566	2.1882582721020314	28.713288267898292	28.71996446187	28.725373302915695	29.41210216403679	2.306421843914135	29.21113818067971	29.220195863760324	29.227567226277674	30.958943193513083	2.4276339707275203	30.749270954761624	30.76847583946025	30.770384592484568	29.940949536748782	2.1904232554258805	29.75437733625534	29.757887614022312	29.76092028574077
6740000	28.953119895111392	2.6025728445767515	28.7260961609724	28.733009367488023	28.740527106929033	29.40606557491046	2.2347354866875553	29.21202888881444	29.23009893024718	29.232452154278036	28.90381167846791	2.182434941383848	28.71269148108937	28.71940086149985	28.725994207096637	29.384623435138725	2.307643809248708	29.175621097951257	29.193974938807028	29.209281707994766	28.90402164275832	2.1882585359772038	28.713345355625552	28.719992430690656	28.72530386351103	29.41176273457966	2.3054951028392554	29.21079675582003	29.219424723321772	29.22753022071692	30.958474045889595	2.430213974866206	30.749241266156552	30.768537429856195	30.77086820588519	29.94093077368288	2.1902874620054105	29.75414408110823	29.757792535969187	29.761018290291027
6750000	28.952729643962392	2.601436010265172	28.725937075131064	28.73277715899778	28.739649998841834	29.40697970833841	2.2355071804061066	29.213877033899376	29.230316574085762	29.232445467460913	28.903846517387297	2.182430976373526	28.712764190083423	28.71942247439876	28.725994207096637	29.385273263574504	2.3070208641021064	29.176474092108215	29.19463463546273	29.211194876169134	28.904055710050386	2.1882927146458373	28.713537119212674	28.719992430690656	28.725352509116583	29.411889284728357	2.3055851504929183	29.21140482371754	29.220255977581537	29.227052385205127	30.95969292428151	2.4264353404574446	30.751233322926637	30.76874097491735	30.77081575716825	29.940809352560798	2.1902476640735644	29.754152916992076	29.757859765328064	29.76101785411041
6760000	28.95269613925831	2.602162696212792	28.72614733894755	28.733449949506337	28.740442970142784	29.40702067147567	2.235974739980432	29.214999577747015	29.230586129845168	29.232919781212424	28.903889851455613	2.1824263468535805	28.712810060373553	28.719489002991317	28.726047965956628	29.386930764883445	2.307758011338164	29.17833610392472	29.195434937606155	29.212385410219376	28.90410748192264	2.1882883164706177	28.713562474347256	28.720006220624654	28.725373302915695	29.41279731534522	2.305720295643813	29.211969852770686	29.220680252194118	29.228341476577118	30.96039994619611	2.42766166540919	30.753146911169388	30.76904553144893	30.77132431661391	29.940725204888007	2.190255920383901	29.754147695191847	29.757573692225762	29.761217288348245
6770000	28.95130404783641	2.590968684801196	28.72529422905901	28.732843801314495	28.740405059628483	29.40491908449653	2.233961232448402	29.209661602279652	29.229864391154265	29.2321288828142	28.903931839571705	2.1824225926043193	28.712832104361503	28.719513965831524	28.726047965956628	29.383357525550675	2.3059062315374446	29.17456822052896	29.192405344880868	29.20878114618504	28.904142828759618	2.188284297970759	28.713571234860986	28.72005690528485	28.725373302915695	29.410767247609193	2.303766239594353	29.210293941519694	29.218981250859585	29.22670069464937	30.958081007194192	2.421931228568881	30.747939796293785	30.768321511978446	30.770568498729013	29.940324906568655	2.190249687538369	29.753933412109507	29.757488877899796	29.760750787669643
6780000	28.952492959486193	2.6007553463653843	28.725666839850934	28.73320864952183	28.73959953191114	29.405317690673513	2.2348596100951483	29.20858446497821	29.229963034731632	29.232443858974868	28.903982452367945	2.182417141663023	28.71300368035964	28.719585912234827	28.726064365833178	29.385113705301837	2.3083561037349534	29.177996243266307	29.193653697682805	29.209080652081752	28.90419923831381	2.1885224201702886	28.713640415758555	28.72005690528485	28.725361787416176	29.41215769264666	2.3075872989832535	29.211922855111112	29.219682274731788	29.22690753485431	30.958572010291387	2.425961396667094	30.74634017497754	30.7683768878921	30.770755892068134	29.94038159709621	2.1902559244149407	29.753784693852236	29.757149933552405	29.760794142454078
6790000	28.952308864699084	2.598688968169041	28.725732789088255	28.732583667141526	28.73937501596976	29.40592474308598	2.234675726115725	29.209557351870195	29.230169367187326	29.233084443534104	28.904008017276432	2.1824145611474735	28.713118466170595	28.71962250078368	28.726137733440613	29.384947020069372	2.3073516807233903	29.17482498890991	29.194337200610132	29.21025141030412	28.90426954343708	2.1886330697433127	28.713702183043488	28.720074450210348	28.7254601938245	29.412123773374233	2.3046446161499605	29.211439830987494	29.220083814577237	29.227343209256276	30.959321808939663	2.4247488883319943	30.747733730937462	30.768611009086218	30.771501440699723	29.940387374022073	2.1902553482860507	29.754062006230356	29.75713899158187	29.760457770854813
6800000	28.951013277213278	2.590220129924065	28.72582915281304	28.732596244798835	28.739079253528878	29.407483512994116	2.2356943725697507	29.215014053837105	29.230064982683515	29.23301020944804	28.904028200068712	2.182412268366943	28.713163664594774	28.71962250078368	28.72623380989066	29.38528545476302	2.3086307594640285	29.175989635286882	29.195397559560526	29.20921641618013	28.904284509870713	2.18863161850454	28.71373081960771	28.720109243445155	28.725544478043545	29.41179544459424	2.3058284352278706	29.2108894708325	29.220035773174303	29.227265969991606	30.9602586892824	2.4259078205225992	30.75328881788968	30.768505475948174	30.771445490783293	29.940351898444188	2.1903006904592424	29.753545042093325	29.757250466014092	29.760531148117934
6810000	28.951158802259606	2.596048283274324	28.725540859345884	28.732719693448043	28.739859136075253	29.40621358399268	2.234860869513299	29.214042477050235	29.230424578490236	29.23289763147152	28.90404476549821	2.182410505073656	28.713163664594774	28.71968711820567	28.726141386958307	29.38441662239037	2.3088808567409487	29.174188229128845	29.193702736451478	29.20880382338811	28.904335845679306	2.1886260660180543	28.713759482583107	28.720192355651015	28.725544478043545	29.411823348923665	2.3050325262177562	29.210938038483132	29.219731613728136	29.226729034458273	30.959891637024977	2.42850211469032	30.75231845655712	30.768822241581994	30.771055930463078	29.940409550557128	2.1901658037970706	29.75376110924227	29.757394157670902	29.76051891273268
6820000	28.95177450573337	2.5942630386246104	28.72557897106838	28.732774842774162	28.739830920880877	29.404199283960757	2.2364237579857456	29.20639400276417	29.229627759994656	29.23211318217061	28.9041074295974	2.182404925008261	28.71322236353555	28.71978270920475	28.726335864306062	29.38471443318773	2.3105796301480845	29.175899532174725	29.195310254987405	29.20979217982825	28.90439546694031	2.188621104696301	28.713791272665247	28.720192355651015	28.725688137358304	29.411899346830346	2.3079559676203876	29.210671697393074	29.219844435924053	29.227517011684398	30.956922745008193	2.4273569234677588	30.74464092424551	30.768053362644885	30.770545204584632	29.940507261255007	2.1901999858225354	29.753467822535594	29.75720132698966	29.76092451934544
6830000	28.95232193565966	2.5989647017869473	28.72609814520843	28.732886937272525	28.739168847239668	29.404768751506662	2.2372150326061173	29.21000506596439	29.230229559401018	29.231967177573665	28.904379320585395	2.1823914018974695	28.71329571135496	28.719854971224542	28.726305377487282	29.384556578189112	2.3123615956511108	29.175078687902925	29.192931877042007	29.210606474729435	28.90439709879919	2.1886207201240273	28.713791272665247	28.720199260215544	28.72565987890262	29.412039704590473	2.309537240516895	29.21156994726198	29.22001669372753	29.226926144462077	30.9574792311833	2.432142906815914	30.74789151261101	30.768632623996105	30.77041107395653	29.94045540138297	2.1902747923294585	29.753693336851857	29.757395478440706	29.76051459767958
6840000	28.952118395868762	2.5967650968040403	28.72600904350642	28.733505572096796	28.739742859104524	29.40591444974052	2.237216618091351	29.211960549120654	29.229782277852934	29.23238339812677	28.90441924433275	2.1823878565855175	28.713318703264203	28.719897161592428	28.726335864306062	29.38484272921826	2.306600941914286	29.176004749072654	29.192872859482126	29.209984047187284	28.904438239957187	2.1886171192584056	28.71385676374002	28.720192355651015	28.725688137358304	29.411573093616852	2.3064510618810425	29.210951181981848	29.21920241497285	29.226714664117665	30.958752680446583	2.4244318607809987	30.75002600345738	30.768243779204816	30.770840693759695	29.940677273922994	2.1902547560333114	29.753666007120263	29.757511160866986	29.76052265493023
6850000	28.952363422178287	2.6066687046363137	28.725581504831236	28.73218563307686	28.739575315814303	29.40543635247721	2.2353212352001046	29.21216694448776	29.229839101382492	29.23213850238649	28.90446147597563	2.1823837599667884	28.713529189926813	28.719987368949454	28.726335864306062	29.383264055328755	2.3074148751606307	29.174306234796024	29.19368088167519	29.208112451265034	28.90446560525802	2.1886148213028185	28.7139716979038	28.720312282498618	28.725685037290923	29.410652015865352	2.3039386969648317	29.210070130645423	29.21904545121368	29.226769756801765	30.959111518212122	2.427202817498201	30.75052978002443	30.768278066612552	30.770554113663536	29.94048748712737	2.1902722698372172	29.75388440062694	29.757214183950797	29.760517865632444
6860000	28.950810189622437	2.594353717639591	28.72567478942082	28.73210062679118	28.73887532320033	29.404824685831162	2.234725220193322	29.207818171310073	29.230323083156325	29.23275170073437	28.90452854004747	2.182377911955555	28.71359272163037	28.720012777588213	28.726335864306062	29.384621509568692	2.30671808490188	29.176235885887937	29.194747346842597	29.20993645245534	28.90449294894655	2.188612485850979	28.713989325649983	28.720344805906354	28.725700066085064	29.412156413585635	2.3043698209077093	29.21210770692113	29.22007282049848	29.227577383212413	30.95843205613016	2.427308979119586	30.746033554811316	30.768745578103655	30.771150556593756	29.94040705854426	2.1902804950654504	29.753888850552805	29.757100838743106	29.760483968374828
6870000	28.951260831108552	2.5934656999579837	28.7249738316956	28.7322797623487	28.73882382658616	29.405639289184737	2.2364202173536762	29.209380075097993	29.23009352561021	29.23294034566773	28.904593685312072	2.1823721920924144	28.713618087186042	28.720050179683554	28.72643664971382	29.384368861589156	2.3093383730940524	29.17486913393597	29.194097803886415	29.209500498188874	28.904546524281173	2.1886078562701723	28.71408676980013	28.72038291611609	28.725720364723674	29.411568658716092	2.3060842491310107	29.210653564245774	29.219499938679817	29.22673157618862	30.958271251606245	2.4262013693480657	30.745920199717162	30.768520031490475	30.77134359231014	29.940237719473576	2.1902619160089234	29.753833234538575	29.757095522125702	29.760440810729627
6880000	28.95235313593666	2.6043171292289444	28.725289464177166	28.73221769727383	28.738928302503506	29.40521786021892	2.2360625549306916	29.209872875203526	29.22997803789564	29.232768954250535	28.904691924180234	2.182599232584394	28.713667295410445	28.720050179683554	28.72646303493896	29.384712697452898	2.310111397573611	29.174222525910825	29.192533588189555	29.20975510919386	28.904574113028218	2.1887033739117814	28.71419040484863	28.720444077354152	28.72574157739031	29.41197879992043	2.3069670894415544	29.21126614127974	29.219961081044595	29.22742236461397	30.95822723512313	2.4307300420237183	30.747433255605166	30.76833706746097	30.770893717065928	29.940176475115987	2.1902673745264902	29.753567899229516	29.75726982174141	29.760445187896703
6890000	28.952150573154345	2.5994835305227024	28.725351623906064	28.7325062091292	28.739521445105588	29.403678918200814	2.2361421893762987	29.206188031235634	29.2299359688209	29.232233263797056	28.904726834569047	2.182594235204574	28.7137056980089	28.720125213607098	28.726452570672915	29.384192938741297	2.30793509389053	29.173473328374	29.194034360351857	29.210224003537707	28.904589458454538	2.188700728591065	28.71433591776179	28.720464827995713	28.72594857625985	29.411588187040767	2.3050975603569146	29.21149890868178	29.219800361900926	29.22695694760055	30.956620605330322	2.4255681771925115	30.743115234858436	30.76826400207318	30.770632646124618	29.94040648950977	2.1902462478944478	29.753501944820904	29.757129409783772	29.76074501314568
6900000	28.951726493378636	2.5993041026931727	28.724787086016022	28.73178361047343	28.7394670257311	29.40498125401044	2.2355582975436348	29.21062736956418	29.229726210050885	29.232624812469457	28.90475525719134	2.1825917028840034	28.713920545854066	28.720253409567405	28.726427481816874	29.383599274882968	2.308405884078772	29.174551286414463	29.192200292407783	29.20856014528015	28.90462987929616	2.1886971538303746	28.71433591776179	28.72051602128569	28.72594857625985	29.41119412649367	2.3060154555254337	29.210224095099075	29.218963116277614	29.226733513685573	30.95858255748382	2.42509424528814	30.748555347291507	30.768187009971413	30.771032276214047	29.940455318573296	2.190177230648167	29.753684609530932	29.75728385557627	29.76037241717151
6910000	28.952200394651182	2.5990506489802088	28.72486672168838	28.732120670087497	28.739509618156212	29.406302990362832	2.234880038940516	29.21246058058069	29.22991125244456	29.232232538647832	28.904798455177055	2.1826677669628953	28.713978106308375	28.720253409567405	28.72643664971382	29.385431273300604	2.306912443851509	29.178339730617626	29.194581787163127	29.20965492717479	28.90468519133557	2.1886923950917465	28.714387864588474	28.720646913772303	28.72594993398593	29.411605884385207	2.3058936460017936	29.21114910132164	29.220130913139702	29.227213267766267	30.959619199894068	2.4316013688144866	30.750957063803686	30.768339271395966	30.770669024684242	29.94049240453492	2.1901746612632507	29.753988418177656	29.757235600891875	29.76037510892496
6920000	28.952185344424528	2.5989082605443934	28.725763686721614	28.733169623224843	28.740161507197556	29.40417963660576	2.2355024949622226	29.20628175738597	29.229715134302985	29.231860310065166	28.904818004250316	2.182665062108299	28.713978106308375	28.72040674690949	28.726452570672915	29.383712258392478	2.3068772756038673	29.17459483882126	29.19256379472769	29.20954001709145	28.904749596894554	2.1886867788905637	28.714475367350975	28.720652152352542	28.725956591740367	29.41147571646107	2.304917609949564	29.210608616156428	29.22002580383107	29.226665559878132	30.95645803652427	2.4207924420207245	30.74404261314804	30.768098639795056	30.770186732008014	29.940481878844174	2.1901765789762675	29.753795043354838	29.75747098528506	29.76056173975821
6930000	28.952171929774817	2.602150592882105	28.725534852578846	28.733110251211855	28.739697172348677	29.405233638566028	2.2358400300778447	29.207924766659602	29.22983537803293	29.23223667846249	28.90483963289422	2.182662883007221	28.713978106308375	28.720577062634664	28.726482009753074	29.38367710072357	2.308267115184978	29.175377466661047	29.1926998466724	29.208864961622698	28.904773162090645	2.1887681552408624	28.714475367350975	28.720726070276434	28.72594993398593	29.411427261306258	2.3078751980515793	29.210117543457017	29.219671754811934	29.226718190869754	30.958456338641486	2.4310104736521883	30.746082903921014	30.76822355939197	30.77056876583799	29.940751192151467	2.190152567161235	29.753931972563116	29.757465677050952	29.76072958132746
6940000	28.951691944183217	2.5944127414346863	28.725680924925673	28.73288808668294	28.739654802678835	29.40673220184552	2.237261470617409	29.21188830609866	29.23042054330869	29.232724812785225	28.904908623334425	2.182882034744811	28.714004828496016	28.720464071759533	28.726525990421536	29.3867368417821	2.310516247033726	29.17838616779784	29.196087807620614	29.21141365244692	28.904824804863964	2.1887636014625302	28.714475367350975	28.72076739232179	28.72594993398593	29.412179794210648	2.3084091248471696	29.211775462681455	29.21983973411836	29.226737713426825	30.958805474198364	2.42636916727633	30.74947801501257	30.76885177453355	30.77101535188657	29.94054253925483	2.1903175933218013	29.754075035191864	29.757264961626554	29.760597644197194
6950000	28.95248303612117	2.597980430093743	28.7257451410455	28.73316414285474	28.73971143541443	29.406453055451024	2.236711846808841	29.210230526257046	29.230110596623035	29.232648770766048	28.904932852613513	2.182879952597397	28.71406414012463	28.720455187660374	28.72656270380341	29.384108715682512	2.308395148783208	29.1747409680521	29.194120583127557	29.209406956285513	28.904835463119202	2.1887117747435	28.714475367350975	28.72076739232179	28.72597417016791	29.411166372730538	2.3054038871470066	29.210763471748166	29.218804439038525	29.226725958062747	30.958885729737077	2.427452156551667	30.747923855704467	30.768464025071953	30.771022729834463	29.940544176400444	2.1903170125652713	29.753812841008624	29.757318715470063	29.76057996902228
6960000	28.952674497918387	2.600861202826275	28.725377849247444	28.73282414547746	28.739857995346636	29.406003566288163	2.236998986922698	29.21125763319202	29.230470977511388	29.232495528894468	28.904981294247737	2.1828758685035434	28.714088820389897	28.72051817651365	28.726633505623404	29.386031264238632	2.3112380952143967	29.176856124501825	29.19511937093513	29.210138773253284	28.90489405818674	2.1887067401007965	28.714475367350975	28.72074795530278	28.726023003625585	29.411849479535164	2.308415983851417	29.211032312079915	29.21959271073306	29.226904914692913	30.95879617812442	2.4302008656969463	30.749390264037043	30.768919109999473	30.770923138933313	29.940604387413355	2.1903111302816884	29.75364662620688	29.75712068420379	29.760507728864937
6970000	28.952016578627724	2.59865641491979	28.725681400848416	28.733009232155847	28.74019400504836	29.404247669867136	2.2381187057342586	29.20705991273891	29.22962829689061	29.231675379055233	28.90500623794304	2.182873784009401	28.714088820389897	28.720577062634664	28.726639980251	29.385651158082425	2.3115528256551463	29.17590391364961	29.195147236275893	29.21015935220516	28.904924166113403	2.1887034458713566	28.714495566834824	28.72086517877112	28.726026618307124	29.412866205713904	2.3094678844924785	29.211421824680663	29.220797845109523	29.22769854530264	30.957288586458105	2.430651398990895	30.745071397587154	30.768063019592393	30.770086608343775	29.940962920685458	2.1903120854350675	29.754155539442397	29.757440660895192	29.760901430183694
6980000	28.952487860202012	2.6072863460848406	28.725896161941026	28.73259320357659	28.740059759831826	29.40588713042602	2.237652436793293	29.211715922817927	29.230005553909074	29.232571239437913	28.905008473902242	2.1828729132823286	28.714126022144452	28.720582190781478	28.726639980251	29.384305349048432	2.3081559753837646	29.17588126759022	29.193682384747376	29.20927463996202	28.904941206738968	2.188700714621025	28.714495566834824	28.72086517877112	28.72599713613312	29.41160581355091	2.3063372200386576	29.211106420072824	29.219800621527455	29.226493104917758	30.958288887200105	2.427894019505195	30.749480134179592	30.76838898934887	30.77085707236034	29.940670203819966	2.1903255633917484	29.75393562836541	29.75769517319437	29.760499824052793
6990000	28.952199514152664	2.6056247595778634	28.72581100703717	28.732623092828852	28.73989321076056	29.405321895443656	2.235915500915541	29.21057379358502	29.229713012448542	29.232389369720426	28.905054204514858	2.1828690818035263	28.714228664734378	28.720711077886655	28.72671780849867	29.38335888610821	2.307151211540638	29.1740431887313	29.192797978466665	29.20819996016086	28.904977079552264	2.1886966205631726	28.714495566834824	28.720921916895968	28.726026618307124	29.41149241862159	2.3049335598976883	29.21011239026909	29.219496373718098	29.226964063277226	30.95914040931124	2.429163008235075	30.748537616038202	30.768171768142103	30.77084664986526	29.94068036918193	2.1903231370550014	29.75413176352488	29.757294433816025	29.76076188821034
7000000	28.95100420930272	2.5974150138430447	28.72555452851506	28.732320109033346	28.739279250263614	29.40706972220776	2.235813692694949	29.216353290870664	29.230200259354433	29.232033500995975	28.90508508131883	2.18286581169478	28.714332450663257	28.720739160654176	28.72673988742091	29.384660738856315	2.3094941997702274	29.175650638862333	29.193212853019602	29.209029532010717	28.905007086294106	2.1886909410782716	28.71456391781214	28.72099211615639	28.726044387818092	29.41132071085443	2.306503892976635	29.209953487953427	29.219219953477	29.22639348960079	30.960504951068735	2.4279440629459725	30.75449391116147	30.768653372888764	30.770475213625218	29.940753900129554	2.1902429153545837	29.753931194662158	29.757282171450406	29.760715842151058
7010000	28.952075404539013	2.607434250822986	28.725535853406882	28.7325087442412	28.739226010072198	29.405492633333367	2.2360909199099916	29.20999543153068	29.230249296956043	29.232195583510325	28.90511766665014	2.1828626169301684	28.714412693970626	28.72077679755198	28.72673988742091	29.384186345887	2.3089453318897286	29.17577684663571	29.193253902428992	29.209200052492264	28.90501397611029	2.1886896051100937	28.714572773445337	28.720871127542637	28.726026618307124	29.412112513549012	2.3064418860238094	29.211741003141327	29.220085617870808	29.22737707508907	30.959124367875532	2.4321117627757527	30.74706223899458	30.768671555477958	30.770641154122252	29.94059040857214	2.190286599522981	29.753915565782723	29.75743736721129	29.760763430508607
7020000	28.951499670549957	2.602611031086835	28.725177790142734	28.73232556548207	28.739402571470457	29.40524284921599	2.2360852801140694	29.209059095671265	29.229740882336472	29.23232839848395	28.905173821973417	2.182857639826708	28.71459983732815	28.72078698561989	28.72673988742091	29.384250717707314	2.308075188198974	29.17503099308439	29.193280071529593	29.209244317030468	28.90506016291113	2.1886852211961694	28.71461689253912	28.720962124681236	28.726026618307124	29.411520403228838	2.3058554057649503	29.210745265604473	29.219975828502818	29.226908804464994	30.957890764650287	2.4265010107865725	30.746146536891214	30.767736296862903	30.770597448198586	29.94068760139247	2.19027682286759	29.753918568319417	29.75755110310324	29.760809337300877
7030000	28.952300303391134	2.6078986989067756	28.72521360997312	28.73275310470717	28.739168786228916	29.405921655073694	2.2358637831293664	29.21181411491219	29.230148598242437	29.2323370905536	28.90514864744725	2.1828562993853993	28.71459983732815	28.72077679755198	28.7267075351875	29.384981873202122	2.3072215822344906	29.176220329260737	29.193650060283474	29.210433908109714	28.905120814271168	2.1886794356054624	28.714737925978167	28.720987480709383	28.726109387290165	29.412110115701772	2.3051182293499193	29.212232542142427	29.22050833294329	29.227258278219033	30.959278101708964	2.428834623952884	30.750005861183503	30.768589787778026	30.770785179090097	29.940450443255422	2.190309247780102	29.753754288361378	29.757321138745716	29.760914981533894
7040000	28.950399746558023	2.5915543280896185	28.72557039798192	28.73239808062315	28.739241306857306	29.40600772668778	2.2364629449669065	29.209381661014067	29.229958540921174	29.232338458942465	28.905201463164993	2.182851781580806	28.714675060192608	28.72078698561989	28.726853809030786	29.38407663078515	2.3100616460702557	29.17478703653889	29.192949124622814	29.209153338404146	28.905145931734058	2.188795357214932	28.714813247670662	28.721046963881196	28.72621862262698	29.411772138705267	2.307286864713423	29.2104694504888	29.219677151079377	29.227521027114072	30.95922035006687	2.4277042767327015	30.747583586703108	30.768349900726744	30.770672203579984	29.940439448338758	2.1903111562311524	29.75408617141005	29.757543286047166	29.7608956315305
7050000	28.951393090547956	2.5955887195276808	28.72562746843205	28.732428262362852	28.739472252412625	29.406011225801983	2.2360192561398504	29.210302283959226	29.230202911746375	29.232560566247628	28.90526634870488	2.183188646831814	28.714744556727524	28.72078698561989	28.726873226978686	29.384880806576653	2.309024987201005	29.17560257349475	29.194114724927594	29.209521368346017	28.905170255528265	2.188792871142265	28.714869208164135	28.72114559665971	28.7262632867524	29.412084401271347	2.306689435068321	29.212040409719094	29.219974249754035	29.22702370518474	30.95919047639563	2.427895103888245	30.74858212424778	30.76866439635866	30.77101739607817	29.940607309232824	2.1902953002592347	29.75404027813595	29.757587716468798	29.76113599338641
7060000	28.950643267893355	2.5901135370222836	28.725271017528783	28.73261204543175	28.738876103800386	29.406008015406137	2.235888459608022	29.212205088270128	29.230118302595354	29.232329385850306	28.905276162000874	2.183187187546906	28.714767780438326	28.720819434924962	28.726881677875262	29.384086871598548	2.309707341072097	29.175294567172394	29.19254840726106	29.20922164171817	28.905212187107903	2.1887889746051035	28.714869208164135	28.72114559665971	28.726295215415625	29.41157848532556	2.3076940477333983	29.210792558612077	29.219817067221832	29.227418118114947	30.958981992171292	2.42600592876656	30.750483985745852	30.768482532753808	30.770739883109883	29.940559950103843	2.1902989111610363	29.75396342281999	29.7574730508882	29.760797543469717
7070000	28.952061206948546	2.600198741357972	28.725670351203235	28.732638564283697	28.73939349954207	29.405421867190825	2.2347159263297285	29.21002575397047	29.2298835236419	29.23269820556884	28.90530246259789	2.183184879453152	28.714772446132578	28.720819434924962	28.726992195105254	29.38524336290574	2.308963181639009	29.175988548655543	29.19305470686985	29.20986496291003	28.90525347311778	2.188876640375125	28.714889884461527	28.72114559665971	28.726306459010722	29.41232143015176	2.3059140549870185	29.21203936855791	29.219898106672147	29.2271407719144	30.95936693885476	2.42981119051089	30.748514632255713	30.7683473901403	30.771122871574853	29.940554294649555	2.190299367041291	29.754020480461826	29.75751784028607	29.76075528278769
7080000	28.95250303560256	2.591981439894558	28.72575304514037	28.732768392155734	28.740276660412245	29.406200862314304	2.2343836282502436	29.21326718917394	29.230470441669773	29.23260369142952	28.905312507395706	2.1831822847258104	28.714797881318894	28.720898891720495	28.72689948005996	29.38596812752706	2.307538812010176	29.177048613729042	29.196318842934183	29.211953797871978	28.905301937638658	2.188872481739831	28.714987041979253	28.72114559665971	28.726345104707782	29.412050557843664	2.3053823356463816	29.211404145367922	29.220319642909764	29.22736126622384	30.959155695369525	2.425264145518954	30.750819340868997	30.768906889523166	30.771015221075704	29.940675109292698	2.1903220762985485	29.753785301209174	29.75742212276367	29.760911718082838
7090000	28.95244364307896	2.5974093669861937	28.725652469473417	28.73277275897965	28.739788888875104	29.407171555589205	2.2361109121779545	29.21454469357584	29.230488317366536	29.232763350712595	28.90536151454408	2.183178020752819	28.714879245838013	28.72104199887943	28.72709292544553	29.385683872040072	2.309583475354645	29.1769865962139	29.195367017742768	29.21116647047088	28.905350278162746	2.1888680519161996	28.71507426879296	28.721267861490865	28.726345104707782	29.412234398474588	2.307243820711933	29.211162910871522	29.22040406553038	29.22769526146893	30.959669849353386	2.42590557930683	30.752701347626783	30.76894168265899	30.77120492258156	29.940622476451225	2.1903285070298986	29.754043451294095	29.75764473991147	29.760506214451976
7100000	28.952252796236134	2.602762167871892	28.72556474080351	28.732597745845933	28.73979186326961	29.405701346862156	2.2358046043488042	29.21061384088117	29.229794090165583	29.23279441377375	28.905383671446927	2.1831759473069368	28.71492642060203	28.72104199887943	28.72717454826666	29.384212636473592	2.30905277335854	29.174499121453497	29.19318577786704	29.208903380261102	28.9054055399442	2.1888632374527353	28.71519228491933	28.721307634235192	28.726345104707782	29.41177455621214	2.306403336191006	29.211099147945575	29.219078812702993	29.227169826622763	30.958740189587278	2.429496134022451	30.747990790033974	30.76819991100031	30.771044532238008	29.940752504685697	2.190248700059578	29.75398373257803	29.757628152985966	29.76069273225498
7110000	28.952261967851076	2.602862824754188	28.72548684582548	28.73287481146164	28.73965615248654	29.4063305589943	2.2353920405525827	29.21283049593429	29.230328975127968	29.232832813434364	28.905390780535644	2.1831750521814604	28.714932142296615	28.721046187976157	28.727225260973842	29.38556824613233	2.309250047060916	29.176273751284782	29.19414981265564	29.210467126162413	28.905482779803258	2.1889214416967273	28.71525726631701	28.721326536480102	28.726617681736855	29.41226081910829	2.306012081840503	29.210913067172683	29.220142745650143	29.227840672749544	30.960031499880817	2.4295480286932967	30.750748632922242	30.76877099582054	30.771213747055285	29.940912499789263	2.1902214540079257	29.754118071590884	29.757698446566565	29.760967170009984
7120000	28.95225453530346	2.6033990989853772	28.725224418692548	28.73257802634506	28.73974404480727	29.406610577768376	2.235827653682014	29.212544753445655	29.230140584826742	29.232943478310467	28.90544698924476	2.183170122749864	28.715019437812757	28.721146862648446	28.727225260973842	29.383869325367357	2.3052424109216707	29.174901317600735	29.193289439879628	29.209187591029693	28.905489006628425	2.1889190653405035	28.715315819941523	28.721390380646106	28.726591693563297	29.41092536073638	2.3027304978822167	29.210339540730228	29.219609969342482	29.22656344668813	30.959894440628744	2.421478667994775	30.75074968445438	30.768584618580363	30.771363136447658	29.940712411478255	2.1902253404061978	29.75400414873637	29.75740228603142	29.760751464593657
7130000	28.95183120017085	2.601307841758126	28.724457630870432	28.732702514242224	28.740020339673453	29.40542857383911	2.2353945675844074	29.21159914091995	29.230456900976858	29.233095509805054	28.905489275480853	2.183164662354375	28.715222455946034	28.721146862648446	28.727225260973842	29.385102748199216	2.308791694630621	29.174767121366386	29.195552090204004	29.20939474683799	28.90550129392316	2.188917809002426	28.715294198575613	28.721390380646106	28.726638029478842	29.411817811276862	2.306355585052467	29.211390784249417	29.219740202750188	29.227045119052384	30.959109880196156	2.429292868399458	30.749978950259383	30.768901677069696	30.77151355357659	29.940486771193765	2.1901949261258125	29.7537914777665	29.757401947768873	29.760610203069312
7140000	28.95254255053732	2.5982381133442773	28.725374261617496	28.732371885371357	28.739846981466147	29.405432331982322	2.2360954569219285	29.208199888901483	29.230305578021806	29.232238571260265	28.905542415934224	2.1831600072562907	28.715266499453836	28.721146862648446	28.727235257020165	29.384499186374466	2.306388697085826	29.177269880653675	29.19343600993955	29.210037842474293	28.905560657243612	2.188912717655575	28.715387541177524	28.721390380646106	28.726638029478842	29.412166523362153	2.304032054921576	29.211882513114542	29.220324644281693	29.227797282768567	30.957515118119346	2.4240736813649426	30.745712956486845	30.768735285571786	30.770653990993136	29.94072232842788	2.1901749929992014	29.753934091855214	29.757800483794124	29.760935676584317
7150000	28.951407577581815	2.5944811821911067	28.725367615396117	28.732449985003438	28.740122436173273	29.406898483319644	2.2361499131237856	29.214932401321317	29.230496069460383	29.233528501155625	28.90558382983804	2.1831564089985265	28.715228108917255	28.72125802723434	28.727302048258267	29.386276476167584	2.310773536854952	29.1769028997102	29.19426924323888	29.21109725960797	28.905599539805504	2.1889093541879086	28.715532481294023	28.721390380646106	28.726741517810073	29.413088326311055	2.3088907563030614	29.212174161178154	29.22072392738715	29.228509959492907	30.96060557967339	2.4294785509431533	30.752845185261272	30.76894898275588	30.771837981831254	29.940672358562075	2.1901672752902956	29.753989788614835	29.757756341897547	29.760951900423827
7160000	28.952501668514746	2.606231624991308	28.72551872726218	28.732510328800288	28.739562490952686	29.40587529141768	2.23568510186612	29.213058424622975	29.23008817228508	29.23267006262352	28.905609263508605	2.1832293322979504	28.715260571893232	28.72125802723434	28.727345548540345	29.383987385017008	2.3046831055490005	29.17500663537405	29.193105632050695	29.209427541906877	28.905652565629246	2.1889183693147993	28.715643809199417	28.721449388958376	28.726763498289674	29.41120707131529	2.3032050781216973	29.210384938870618	29.2196763429786	29.226809208385493	30.958913640500484	2.4246707116535333	30.751142586546067	30.768551500861015	30.771126604636393	29.940386237897116	2.1902582250688587	29.75331131623005	29.757543207162605	29.761089664092673
7170000	28.95097055573716	2.5961490736899475	28.72521561327056	28.732338721997706	28.739455940515548	29.405927617359975	2.2348036436407184	29.208269409798095	29.230404546370032	29.232950091553526	28.9056154960131	2.1832286741989773	28.715298972535948	28.721191927147295	28.727302048258267	29.38538009036038	2.307540576638827	29.176691903508164	29.196006207218115	29.21036934941485	28.90569515882883	2.1889147334647707	28.71567818902835	28.721449388958376	28.726771738819643	29.41220239853498	2.3045055945176633	29.212164542454378	29.22026177168577	29.227195232115978	30.958243119494394	2.427410905219885	30.746323222855537	30.768769767474105	30.771098808013072	29.940280201109985	2.190231045804269	29.753317334835344	29.757247654511232	29.76102398507369
7180000	28.951731907483204	2.603292126341359	28.72553576372861	28.73291663419191	28.739576536588352	29.40651323307204	2.2355002301825033	29.211667694569684	29.230293240818842	29.233109356850814	28.905685281248832	2.1833592167832743	28.71537825183839	28.721273903039986	28.727345548540345	29.384412356259183	2.307710760904066	29.174602224336017	29.19377993382642	29.21033281602218	28.90572810020554	2.1889222521575333	28.71567818902835	28.72157301726537	28.72679830214829	29.411216985630876	2.3073092622563633	29.20967230842234	29.21921720871554	29.226738459272525	30.960180031180002	2.4313984683669743	30.75004355459195	30.76875603038819	30.771569721091034	29.940443455314625	2.1902156081052726	29.753603839739743	29.757302122511636	29.760567969276128
7190000	28.95128044535058	2.597735644034379	28.725522526309597	28.73281727714371	28.739825585900174	29.405250609769215	2.236098719569848	29.208213388318473	29.2297555749074	29.232960778592272	28.905696706857402	2.1833577942669486	28.715419997439415	28.721311587638652	28.72737997369239	29.38385634510363	2.304082704479724	29.175914581090723	29.194341737119338	29.208076549321213	28.905774558706003	2.188917251289662	28.71569311712836	28.72171530943418	28.72679830214829	29.41134772289933	2.303694438566745	29.21151474584976	29.219522972476447	29.227012336386174	30.957474473415715	2.4214778430902704	30.745825871046915	30.767988873201755	30.77123010685951	29.94036674109466	2.1901511740765915	29.753719003801834	29.757167493258102	29.760535982186397
7200000	28.950985750477663	2.595946409410675	28.725069562326404	28.732680625540723	28.73975813881788	29.405407633941913	2.234338421613515	29.210903173975854	29.230089577253885	29.231998570526653	28.905725997551457	2.1836106843775425	28.715419997439415	28.721289393453	28.72737997369239	29.38434828953339	2.307181161150997	29.175776336772394	29.194380149589573	29.208770329181853	28.905794203630908	2.1889155546488306	28.715794949624883	28.72171530943418	28.72684201704594	29.41158940588888	2.3050816775915024	29.21084792198977	29.219493194518037	29.226776891882363	30.958525776070317	2.4270419361483566	30.749158565875952	30.768532086896865	30.770432285012824	29.940272397201674	2.1901126008286598	29.753499702268485	29.75722411090444	29.760444297657855
7210000	28.952066874602444	2.603626016709524	28.72525409644122	28.732513442526667	28.739283425666926	29.40955054775537	2.2355414583848097	29.21826779310494	29.230539387922608	29.232717363425458	28.905929416985547	2.1836012906035287	28.715479910973972	28.72130040425458	28.727408816867282	29.385760141330362	2.309536594394836	29.177497310296246	29.194747775763652	29.2098894963845	28.90582450876499	2.1890087670742235	28.715797892212702	28.72176752124991	28.726829696628386	29.411503693746244	2.3064929435067403	29.21049271545203	29.219734567489603	29.227054200299598	30.962730207083563	2.4292042357663988	30.756229134320268	30.768971771773735	30.771010059279394	29.940304750239584	2.1902172427331466	29.753569859164696	29.75697390606377	29.76046736085457
7220000	28.952249857427415	2.603779667775572	28.72618224176161	28.732862537117697	28.739527788537373	29.406640821070223	2.2352426387516062	29.213266992729466	29.23040695335453	29.23285878344274	28.9059483519236	2.1835995399684878	28.71549019585115	28.721331712253217	28.72741392724975	29.385544336765825	2.3068276587264176	29.17624754102434	29.194789632525467	29.21091324990874	28.905874885274358	2.1890042743527176	28.71590117086786	28.72196147957639	28.726844996772297	29.412304841953215	2.3066843965610158	29.211937215375563	29.220173363695974	29.22731722210796	30.960529909689367	2.429209334327832	30.751455422460673	30.76885575581484	30.771290917197955	29.940607596826354	2.190190316690161	29.75393529128065	29.757337213325492	29.760319172424843
7230000	28.952154806086913	2.5961806496997215	28.72572279849959	28.733087403013673	28.73957554822968	29.40569629688077	2.2357260052775305	29.213028308524834	29.229772293467676	29.232060421958437	28.905996637115948	2.183770146767516	28.715492062261028	28.721400759619584	28.727470619762606	29.384950200426232	2.309126173027883	29.176186291399514	29.194784649899596	29.208426483410033	28.90593312354377	2.1889991596577154	28.715925146351424	28.72196147957639	28.72706235768105	29.411867549748283	2.306884021062713	29.210785167850617	29.219945646799914	29.227173061276922	30.95870649959978	2.42883254822937	30.750639015844406	30.768154969365455	30.77033524745128	29.9406380267592	2.190131864184772	29.75408790714228	29.757386551516262	29.76067610911069
7240000	28.95170486690583	2.5981109079158182	28.726026514575683	28.73219003742611	28.739314346734453	29.405962902349255	2.2363744665385403	29.21018824709069	29.230120832066664	29.232682050985908	28.90606421626041	2.18376411456244	28.715536776172705	28.721482114601244	28.727480128885958	29.38381535412152	2.3076286057948545	29.173733946334725	29.193440085689286	29.209709515826923	28.905955412943328	2.188996553538079	28.715947225727522	28.72200265793913	28.7270800533624	29.411329538259693	2.306772345285931	29.210215276491812	29.219453557927476	29.22709412626582	30.958880005005195	2.4250335628668984	30.747965227532074	30.768522224114676	30.770983746311128	29.94079530123687	2.1903099253263263	29.75431587016352	29.757476175911194	29.76060022941506
7250000	28.95244747085655	2.6003687283540358	28.725839640466038	28.73302112443902	28.740002093502806	29.4065473972966	2.235855956190627	29.212721571998436	29.230100462320735	29.232085444511355	28.90609156086775	2.1837617310381234	28.715597798178486	28.72155401726873	28.727508127935938	29.385474589941648	2.3092110109161554	29.177608679044088	29.19402628549245	29.209958489708605	28.905987155361302	2.188993247633456	28.715990649375613	28.722012241176387	28.727104756110375	29.411747604502732	2.3078008167373927	29.210579165760656	29.219805878185923	29.227029828089616	30.959934085224663	2.427204875260966	30.751230550057137	30.768477699008038	30.77053573927872	29.94060798062005	2.1903279818238097	29.75384151085676	29.75742376016848	29.760734802061325
7260000	28.952675081611254	2.60067953890954	28.725802294866973	28.732862800816292	28.73947850281722	29.40555169224835	2.23658235336096	29.21005076715166	29.230199404613504	29.23266255772585	28.906115112398194	2.1837588429588477	28.715684420442834	28.721739406687327	28.72745360615848	29.384540828206035	2.3108184074454075	29.176284065593467	29.193417811091848	29.20988666962415	28.906037041448876	2.1890803047220015	28.716081568513616	28.722020390133572	28.727201807357382	29.412033075443755	2.307188259663341	29.21150686222031	29.220581943153896	29.227033854931037	30.959287785213103	2.4290020797203318	30.74856676268799	30.768661866509525	30.771096980519076	29.940504178897957	2.19041335725449	29.753594722269625	29.757364078075078	29.760849279820683
7270000	28.95204414390708	2.5899732844817995	28.72574533959878	28.732815913064293	28.73987139625379	29.404956892052276	2.2346077971845437	29.209122777497434	29.230061068728705	29.23260882544499	28.906145704715655	2.183756003314261	28.715701292275163	28.72177922683639	28.727521846226203	29.384101863344306	2.3068387652648776	29.174976626408856	29.193482215770338	29.210183984043574	28.906085015700555	2.1890759916524356	28.716135318501006	28.722025171456913	28.727250681316264	29.41149708809519	2.3035227940215877	29.211293344406783	29.219658997982286	29.227068842794118	30.957942350296367	2.425158822763022	30.746876317846837	30.76850012472767	30.77101271176912	29.940442190345866	2.1904192034842636	29.753879187135063	29.757278961442967	29.76067931627356
7280000	28.951233997927016	2.5863858672057254	28.72558608320744	28.73313368739448	28.739836261097427	29.406435922269768	2.23610521388409	29.21099677693895	29.23049950715644	29.232917907272103	28.906206487765697	2.183750614992885	28.71577046625026	28.721803884488693	28.727548139115513	29.385694827499385	2.31102529788429	29.175935960595197	29.19423785170644	29.209978896889837	28.9061159365933	2.189213197362495	28.716222765513905	28.722029060909403	28.727263186945464	29.411788259970244	2.3073530225738876	29.211131138218395	29.219571962807397	29.227427788823753	30.95924039011923	2.426384852163729	30.74916302668502	30.768947243378072	30.771204562441678	29.94024912118796	2.1904380371456913	29.754031272691183	29.75721547208628	29.76083148826355
7290000	28.95313578718051	2.6072039848884074	28.725970131086207	28.7331557682726	28.74028094459392	29.405724170229654	2.235435918962052	29.21047395146578	29.23003564663636	29.232318717565033	28.90622747590336	2.183747347786457	28.715701292275163	28.721836675749277	28.727578687217203	29.38509981804389	2.309399974858784	29.174269688717413	29.194081532563953	29.21018483088712	28.90615044019178	2.1892101979628893	28.716249195510798	28.722032967807777	28.727300749104607	29.411769059742223	2.305789717245996	29.211041318697706	29.219483674692814	29.22729753734881	30.959241745342585	2.4310027386439717	30.74857211770241	30.768499113175718	30.77074904660833	29.940681345337673	2.1903982297266067	29.753829366276396	29.757516315653113	29.76089181542919
7300000	28.951766426435277	2.5962872201288585	28.726404025938702	28.733192314136303	28.74038462827352	29.406389837315718	2.2353469754870474	29.212435992115886	29.230392670251394	29.233218333540677	28.906242350422943	2.183922444473671	28.71576364286836	28.721871185751155	28.727578687217203	29.384340851649945	2.307919078077818	29.175874771724125	29.19354393888048	29.209274029312525	28.906664608638238	2.195289172412396	28.716222765513905	28.72204177447496	28.727250681316264	29.41183014567373	2.30621854684054	29.21084667779879	29.220141490775617	29.22741077050639	30.96008487205195	2.428575366841935	30.750797177030005	30.76883714699374	30.771459716718965	29.940520950707114	2.1904130220016733	29.75368960832429	29.75761728661236	29.7607601362144
7310000	28.951705734268458	2.5975107952563063	28.726250147857716	28.732785488213725	28.740057239715266	29.405689469253947	2.236450431963075	29.20972379676727	29.229825740362504	29.233114139408332	28.90627391198925	2.183919638295244	28.71577046625026	28.721932499309677	28.727589015290725	29.383670519778725	2.307707341347931	29.175584403773172	29.192934593583097	29.209670571649962	28.906703297847603	2.19528594164409	28.716281738346094	28.722059754612562	28.727300749104607	29.411433673771082	2.30568885772672	29.211334042291913	29.219770410257784	29.22706184843209	30.95847626946189	2.427432412621776	30.747181336897352	30.768186832343126	30.77138903643417	29.940508467278114	2.1904403670200634	29.753920794090888	29.7574813961631	29.76099606598263
7320000	28.951088552925775	2.594377797989233	28.725854941155028	28.73252559786364	28.739352472161123	29.404162227013227	2.236290844313216	29.206107590947305	29.229179332549837	29.231856613969065	28.90629298834765	2.1839179353944886	28.715786645521796	28.721886197405983	28.727608648405244	29.382999134360244	2.3094599728517116	29.174026856675386	29.191528438043186	29.208370806706846	28.906730690377604	2.1952835733958787	28.7163157037316	28.72203753130089	28.727330698779546	29.411509473955718	2.306427840079703	29.2104381092796	29.219681267951657	29.22665436699519	30.95693430607394	2.425710033668437	30.744548081606993	30.767537070746194	30.770194414766785	29.940664413022727	2.1904238159008003	29.753971895178335	29.75755291161275	29.760804285045527
7330000	28.951390191831923	2.594811243347577	28.725645624247406	28.732463603306236	28.739412006565257	29.407158629862057	2.2356482702163984	29.21319403004419	29.230516353880915	29.233337247955866	28.906320147179944	2.1839152898927567	28.715886684902515	28.721871185751155	28.727651947140593	29.38524698246513	2.3090862995465367	29.176503540241487	29.193822746426534	29.21014853316779	28.906766198526714	2.1953089819720315	28.71636412116989	28.722099680769638	28.727300749104607	29.412308696309168	2.3060207718874146	29.212149661812987	29.220285894895817	29.227184093841252	30.96022524574649	2.4280313104374573	30.751173455518586	30.768946609424695	30.77172276604196	29.94038835774699	2.190449478676215	29.753764462526973	29.757583118911	29.760796301852157
7340000	28.951115472341904	2.592674798517408	28.72589649689906	28.733185349573606	28.739608332370842	29.40617135628409	2.235099354425689	29.212663940520088	29.230106633715124	29.23302245707883	28.90635455664413	2.183997432567278	28.71592818867189	28.72190355671905	28.72774397717873	29.384861622652778	2.3063009364829994	29.174145485469204	29.19433582381168	29.209827114270702	28.906772283322024	2.195306899953199	28.71636412116989	28.72212990629548	28.727330698779546	29.411718093356715	2.3052907605115216	29.210988828645224	29.219412236274067	29.226659297172958	30.95956700150146	2.4261489694425813	30.75085930388716	30.76856319238635	30.771461440983273	29.940465458100746	2.190571833130716	29.7540568006819	29.757717772251066	29.760640670801045
7350000	28.951715345636693	2.5979878343585927	28.72571327960774	28.733025680947947	28.73999920230297	29.40775544013777	2.2349614592340585	29.215096834058144	29.230463063716424	29.233188834499916	28.9063586715864	2.18401949000138	28.71600172183323	28.721871185751155	28.72771513877161	29.38509080478306	2.3074907685865993	29.175486325059456	29.194898453719638	29.20948919646652	28.906793280640073	2.195305166026112	28.716356911062814	28.72212990629548	28.727343684751766	29.412208645844256	2.304960266883855	29.21121961069325	29.220361390868565	29.228050913558285	30.960986490359957	2.422667706400206	30.75336166736799	30.76891330267021	30.771650817226003	29.940773239656334	2.190544809923535	29.75388284266799	29.757679885833767	29.760938543970553
7360000	28.952275882508232	2.6027435523908493	28.72617890981469	28.73334719162151	28.739709918418768	29.40705875317179	2.2357080957692474	29.211421955670563	29.230285343868253	29.233117149505727	28.90643825111001	2.1843760920330393	28.716125982841593	28.72190355671905	28.72774397717873	29.385665102749478	2.3102434569589048	29.177102606190733	29.19377366527071	29.21086742860608	28.90684673289415	2.1953802481193656	28.71638187082191	28.722207148818153	28.727368987416455	29.4124178290811	2.307367823638705	29.211604144449385	29.220358166123233	29.22775779922001	30.959720712297713	2.4293770304086877	30.74972686678143	30.768631772099916	30.771462293546342	29.94092059459034	2.1904335045236154	29.754126313108053	29.757770918407495	29.76118408642477
7370000	28.951526464072977	2.5957607485280065	28.725604895819377	28.732951413743756	28.739732646024777	29.405755175195104	2.2359316234154716	29.210243149243418	29.229943466515522	29.23253969268886	28.90642286675241	2.1843766655301704	28.716110453987024	28.721900626764313	28.72778242858661	29.383261050542426	2.3079747240574755	29.17451088424219	29.192636668560368	29.208846336728996	28.90689510393237	2.1953760934565314	28.71642936820143	28.72233141395208	28.72733336728881	29.411143411995372	2.3051051023642684	29.21029006878038	29.219292288535065	29.22686824872233	30.958900241630985	2.427112188147386	30.74843042332814	30.768383795198666	30.77089595286948	29.94096794149983	2.1904285528877416	29.75411687169882	29.75770943597643	29.761119060443633
7380000	28.95148426635072	2.6017855314628857	28.725519860542967	28.73255767999195	28.739581726664955	29.404971355236217	2.235825725624469	29.20795113555919	29.229756109952973	29.232387568664418	28.90649199673448	2.1843705480369935	28.716156847197922	28.721961102639604	28.727867742728513	29.384903847189666	2.3108287082003525	29.175109074030246	29.19382612399788	29.210261614415195	28.906936294767164	2.195372580299008	28.71646859672041	28.722463546143416	28.727375996668336	29.411970474945313	2.307125879106937	29.21111666192466	29.22021405095453	29.22718946150715	30.957647221100288	2.4299650087404454	30.746045527358437	30.768220311329873	30.77083191653858	29.940929666703763	2.1903998549299395	29.753912983297138	29.757569104349514	29.760909371595307
7390000	28.952121075121322	2.604919039600129	28.725693193723668	28.732332101765905	28.7394714815305	29.407097716744246	2.23614427136577	29.21291244994523	29.23042750027391	29.233201874038343	28.906711999108847	2.1843619690596494	28.716099261517705	28.722060692307746	28.727867742728513	29.384862083009434	2.305435200755171	29.176803999656638	29.194302502274954	29.20954666188268	28.906959488761174	2.1953706439949925	28.71642936820143	28.722577889600437	28.727416431596605	29.411961128299794	2.303953887368423	29.21148213216066	29.219991412460477	29.227030356635474	30.960776037998933	2.4286698070513677	30.75110849258639	30.768864391730197	30.771643660126948	29.940564994305525	2.190472544406988	29.75355618684829	29.75739625776128	29.760570571546907
7400000	28.952570082562094	2.600938694704939	28.72576506973883	28.732853094830233	28.74007581822743	29.40506915664791	2.23411515239534	29.21061918707692	29.23022857392163	29.232399214815178	28.90672956013397	2.184360489709473	28.716125982841593	28.722060692307746	28.72795354315594	29.385204698047847	2.304734469835572	29.176352993968123	29.19537919514572	29.209737275283505	28.90699849303297	2.195367111641633	28.71646859672041	28.722769233848506	28.727426845387253	29.41174601381074	2.3050649264480487	29.211506430669587	29.2202752750986	29.227263127243877	30.9579970260196	2.424550176185549	30.748335168894265	30.76865229735546	30.77082714718393	29.94069938273964	2.1904617367651293	29.754052465536578	29.757501367654676	29.760755094675172
7410000	28.95198076891039	2.58950593081975	28.726038652564277	28.733234939947188	28.740320555930246	29.406589547448334	2.23356264716603	29.213019666701662	29.230329896763415	29.23309214036598	28.906801591100592	2.1843541664017114	28.716239117333785	28.722118161308224	28.72795354315594	29.384527727833266	2.308406603334871	29.175010350416873	29.19394150285232	29.21047050045732	28.907005211374727	2.1953662453346565	28.71646859672041	28.722769233848506	28.727459314758242	29.412019667746243	2.3050346940354336	29.21041545554576	29.22002772699029	29.227566765584218	30.95988683038674	2.427434206273709	30.751182218752085	30.768777427811514	30.771388910085765	29.940581936530826	2.1902988382965436	29.753723406545532	29.75735897815648	29.76078053163767
7420000	28.953101532454202	2.6015385612310205	28.726062459552494	28.733047072935292	28.740091227784596	29.406323434648854	2.2359185963908024	29.21266696256049	29.230064547181584	29.232928604692738	28.906794868908044	2.1843524653435646	28.716239117333785	28.722118161308224	28.727989385906973	29.384249654480957	2.3105284801911443	29.175503144443724	29.193308539437503	29.208845120296086	28.90703692621532	2.195363051905014	28.716533425762666	28.722769233848506	28.727588642014354	29.41157168410742	2.3084962192734673	29.21038497632988	29.21971642859757	29.226824014693744	30.95904792411364	2.428241110380706	30.75047747419291	30.768472369284165	30.77125893125359	29.94053124328367	2.1902704658637724	29.753596435783848	29.757460314110062	29.76084023515098
7430000	28.95264327195402	2.602209491465748	28.725951248150196	28.732389853632633	28.739732388169976	29.404107843715856	2.235160198325185	29.206707764507755	29.229941716128153	29.232780040651306	28.906798769969374	2.1843501324675074	28.716239117333785	28.722123171124547	28.728017351261535	29.383640519121403	2.3055845095028693	29.173943919038962	29.19346349211453	29.209585552432802	28.907086334777734	2.195469621092048	28.71646859672041	28.72278474253075	28.7276950203397	29.410950958366175	2.3027081947389374	29.21025100913621	29.219822060844578	29.226677451025026	30.956304053786358	2.4259934560173244	30.7445276773485	30.768289129218733	30.771236294104973	29.9407029517804	2.190253740871313	29.753914867840066	29.757351661229663	29.7606838752158
7440000	28.952807863369895	2.602374731026361	28.725560432213744	28.732846204698973	28.740307610158837	29.406612882702024	2.2339027823246242	29.21410990199905	29.22988629075811	29.232445058854527	28.906837100436615	2.1843468078076804	28.716239117333785	28.722152442342882	28.728028073767284	29.38513792527755	2.3087461434293646	29.175993653651837	29.1940998124269	29.208477715244154	28.907135664151163	2.1954654535373885	28.716533425762666	28.72284971531003	28.727716163047127	29.41143254033484	2.3069338549959593	29.210849958033606	29.219513285013882	29.22713767320615	30.959695331687463	2.4308532858293947	30.75244098244622	30.768303733357648	30.77083073225596	29.94073090422682	2.190251206278845	29.75400208502461	29.75759994649826	29.760570772834935
7450000	28.952005031447992	2.5994901424100223	28.725011951121875	28.733025105220364	28.74047186194082	29.405710261711647	2.2349697601690783	29.211237883558805	29.22984845979902	29.23209736848593	28.90685578424073	2.1843449085696536	28.71629947886919	28.722152442342882	28.728028073767284	29.385638236886997	2.3097766696781297	29.17618201748882	29.195014596793236	29.210763278573545	28.907181873409865	2.195460561871126	28.71658293575578	28.722886546773736	28.7276950203397	29.41213428702109	2.307105257021617	29.211404450644824	29.220338016185554	29.227898574192427	30.95940511282467	2.428727672568268	30.749050266048194	30.76823395533036	30.770519955190046	29.94034152502671	2.1902303764801436	29.7535661609926	29.757301050722482	29.760640400918742
7460000	28.951731175650906	2.5984117505445923	28.72613931354536	28.73310624853409	28.740054012291573	29.406042355477158	2.235213013838283	29.213312983319902	29.230312165079265	29.23269968218601	28.906929101058868	2.184562332779662	28.716364087040603	28.722152442342882	28.728119162617165	29.384927631491305	2.306655368265535	29.17584453676536	29.194301925247103	29.210875119134897	28.907260467596693	2.195574926626182	28.716856327146814	28.722934018597535	28.727731605507266	29.41158325840903	2.3043827493764897	29.2110833206219	29.219891878117103	29.227107467587125	30.959221793945655	2.421499703725162	30.751714683776584	30.768691479535548	30.770933576787733	29.940552329723236	2.1903745049004972	29.75403752433873	29.757294577799914	29.760901547318095
7470000	28.952001185212453	2.6059225216426833	28.725540175052366	28.732742602847	28.73979959263394	29.405948732229874	2.2350324087427547	29.212224975817698	29.229727041298318	29.23242601144581	28.906959197554006	2.184559627244582	28.716367227762028	28.722352767773366	28.728012585542114	29.38484164671608	2.3095652635842	29.17421130392787	29.193814256873786	29.20989689453401	28.90728943072056	2.1955724398949648	28.716672335854913	28.722962311618787	28.727791299116646	29.411863360356627	2.3066228992944926	29.210577089902046	29.219541226387836	29.226921463186542	30.959274886693546	2.4303729036610644	30.75043368686562	30.76813840210174	30.770868716836915	29.94040804716269	2.1903886909644052	29.753895733640693	29.75725422799401	29.760835291048316
7480000	28.95230485915428	2.604584416821484	28.725682672913162	28.732892301961304	28.73981035262947	29.408075524403216	2.23709523933031	29.216658173264133	29.23029167191349	29.23321605843284	28.906973826646684	2.1845579984817256	28.716367227762028	28.722352767773366	28.72806878056098	29.38602859944711	2.3081090221988365	29.17715382554789	29.195622343753037	29.210226143147214	28.907303190859636	2.1955711571592986	28.716672335854913	28.723025508968927	28.727702961172415	29.412189969321815	2.306356882086016	29.211506378694295	29.219824559705923	29.227355543193067	30.960724727661177	2.425581792414495	30.754276019108143	30.768684033478856	30.771422101395483	29.94066644251152	2.190490022844925	29.75394199519871	29.757515976487255	29.76062956022771
7490000	28.951824199869346	2.6023585415918915	28.725987960399614	28.732471094216297	28.74007561134473	29.405698650973214	2.2359986286314935	29.21007922076087	29.230038702556616	29.23206215104314	28.907002131680645	2.184555551501233	28.71637853755459	28.722385003642398	28.728252394028015	29.384935201734653	2.306567680772356	29.17640254201498	29.193887665438027	29.21093037935512	28.907341937581684	2.1955677333049484	28.716920826529357	28.7230090443351	28.72772741004369	29.411811957907435	2.304000160679072	29.21071824939549	29.22005075087964	29.227603679630214	30.958316980088732	2.424100905606473	30.74729829838925	30.768371305325786	30.77049580310455	29.94054338771632	2.1904398433887917	29.7536376902545	29.757433262785057	29.760966075952698
7500000	28.952082193227486	2.5963982137304167	28.72549930075114	28.73244296198536	28.73944474602849	29.40406867856573	2.2352717886657962	29.207429396311593	29.229964402336716	29.23207168954488	28.907016924478313	2.184553569112637	28.71643412025795	28.72242820058598	28.728186889590454	29.383810008415136	2.309755685279264	29.173662161420584	29.192688116832716	29.20828801906059	28.907378965292637	2.1955722472026564	28.716942165837246	28.723025508968927	28.727773747624546	29.41112602930557	2.30645787791675	29.210460716535575	29.219032586101104	29.22615955689931	30.957990097316955	2.4286839870322403	30.745626864966745	30.768425962600624	30.7705301910897	29.940521320933797	2.190534177450038	29.75324019563687	29.75729379233968	29.760699828796046
7510000	28.952268264166513	2.6007211276373394	28.7256899430086	28.73227372714264	28.738969693833806	29.407029581794454	2.2353666021545973	29.213212099275434	29.230298712678355	29.23363857809764	28.90726917190368	2.1845425312326494	28.716544162933737	28.72240501915511	28.728256997452934	29.385369305715457	2.3078555169804282	29.178400365775808	29.194571202572142	29.20958226734754	28.907412260749776	2.1955694095880305	28.71706599471459	28.72302857398163	28.727852028105072	29.411625489853627	2.3051288798307192	29.21140099277924	29.219796246312136	29.2271835520054	30.960046292068398	2.4251958904266533	30.75110170947352	30.76873024418358	30.771989653067383	29.940336409058702	2.190539870205055	29.75356069198707	29.757074167690625	29.760383959423525
7520000	28.952657854535836	2.59824572219674	28.725704464041275	28.73269849326794	28.739364906227404	29.4066047263598	2.2367129217423503	29.2127206986576	29.230486715456678	29.232640540984008	28.907311209108183	2.1848611732829135	28.716544162933737	28.72240501915511	28.728303507278255	29.38583195269949	2.311000967191204	29.17758985024982	29.19539522014246	29.209390168562393	28.90744364201982	2.1956355365155855	28.717147352915518	28.72304957604227	28.727863691761694	29.41231425574499	2.3084911852038257	29.211443119555142	29.22021254129023	29.2271372170614	30.959363589015894	2.4260490114463114	30.75106987802388	30.768941518658853	30.771063692927584	29.940372960050073	2.190605135363905	29.75374423897613	29.757222527777028	29.76081195961301
7530000	28.953573892531544	2.6065875307205273	28.725473116545565	28.73305167488556	28.739645755249246	29.407282979270356	2.235350990118459	29.21424834327621	29.230377384775785	29.23237972815713	28.90733600470287	2.1848590085650965	28.716544162933737	28.72257162615208	28.728303507278255	29.385382015682058	2.3066025106130827	29.178499334854436	29.19512593230607	29.210524044660993	28.907479328226767	2.195632455682079	28.71734330039475	28.723059371155507	28.727896247535703	29.41187499200214	2.304958615568484	29.21202082386917	29.220103013623856	29.22707253696585	30.96076560734666	2.43234100916739	30.752475044532602	30.76882456068701	30.770789711646156	29.9405124179069	2.190592136040097	29.753669238500777	29.75750809350736	29.76066144022548
7540000	28.95199719160927	2.5971316379068674	28.72553697262523	28.73250371734975	28.740105274419484	29.406625394340303	2.2358168402613705	29.212307593253232	29.230431314623765	29.233260473850383	28.907352717836268	2.1850418694288978	28.716544162933737	28.72263576351888	28.728358382249567	29.38431189588401	2.3087925295480574	29.176052795811906	29.193883175120668	29.210172658862078	28.907521238183705	2.19577935569615	28.71738011165018	28.723066978686795	28.727897075517074	29.412019936421565	2.306279537433607	29.210819349014805	29.22027100364813	29.227582878191125	30.958715050603203	2.4249154776095434	30.749984935216244	30.768881538946964	30.77169398369054	29.940514467252104	2.1906233539515716	29.753933130868432	29.757478878002246	29.76068689494512
7550000	28.952835020272317	2.6065007896334182	28.725411101222903	28.732902027794864	28.739899099045783	29.407085523590233	2.235735230819217	29.21422337518726	29.23048712404257	29.233845144681812	28.907550011382124	2.1850327031343726	28.71651526303316	28.722673426298577	28.72831962892807	29.384654009541674	2.307737469804378	29.1761248452649	29.194874606863614	29.2093408352806	28.907563327442286	2.1957750317116718	28.717530929239967	28.723059371155507	28.727917754424965	29.41159158737189	2.304899092931531	29.21077107560187	29.219786075281696	29.227140463925444	30.959996094000118	2.42852150404223	30.75242237960929	30.768939817200895	30.772283817496955	29.94068442789865	2.190607287472307	29.75396206779508	29.757341639130374	29.760748844180277
7560000	28.950795702750955	2.5870484077937896	28.724931911283065	28.7325389988913	28.739234871403195	29.405167762139506	2.2356218703123347	29.210710967905918	29.229977038900607	29.232463127564518	28.90759933673761	2.185244255631026	28.71658125433705	28.722673426298577	28.728303507278255	29.383338335562435	2.3082346835102547	29.174450478556068	29.19151054174456	29.2099303064641	28.90757302600048	2.1957730022333264	28.717541668515047	28.723059371155507	28.727996922190115	29.41123889463871	2.3053827715583	29.211253187815473	29.219279677010533	29.22702965985337	30.958719774918354	2.425379182920393	30.748917921383544	30.76842454254399	30.77088956661088	29.94032722861161	2.1906386082329443	29.7532795404027	29.757188610212527	29.760803529930797
7570000	28.951367683532023	2.6001335485648207	28.72507398900424	28.732377578917102	28.73897642266804	29.40349815425351	2.235189723601219	29.20441839618251	29.22951773115272	29.231999601484567	28.907641054915313	2.1854203713627554	28.716638827920903	28.722693956636526	28.728273375691153	29.38305752567268	2.307175616978431	29.174424941576206	29.193667505216112	29.208080385786076	28.90761921623365	2.195769150053173	28.717581061671012	28.723080388423835	28.728038282248704	29.41103564223761	2.305779637865936	29.21040855193404	29.219458268092076	29.226451996267436	30.956416915210728	2.4281379029627574	30.742265328402333	30.767918735451474	30.77043649325484	29.940316138052147	2.1905548716655483	29.753414285938298	29.757497610690066	29.76088346731964
7580000	28.951683336778217	2.606891734148646	28.725133615536606	28.732316334345686	28.73897857867629	29.40640622221746	2.2363329802766456	29.210348970589354	29.230413064735586	29.232898730264107	28.907698040640398	2.185709499611147	28.71664947751116	28.722723388849342	28.728303507278255	29.384834219919362	2.309001212202998	29.176543292348235	29.193389123810665	29.21052991774427	28.907625185882576	2.1957684947812703	28.717541668515047	28.723080388423835	28.728063391025724	29.411923307100945	2.306994288144471	29.211684371707808	29.219890267697306	29.226744170066365	30.959903498133386	2.4296704015570345	30.748386195949053	30.768866366481394	30.77120461813555	29.94042447922463	2.1905399621216475	29.753787712088453	29.757186137431482	29.760528537886515
7590000	28.950343393779605	2.5899013399628137	28.725273368898968	28.73240826822169	28.73946789476791	29.40526529301131	2.2351735544906277	29.212492002770773	29.230080900745083	29.232154006144857	28.90773152511746	2.1857065991465428	28.716671189172942	28.72275285248262	28.728358382249567	29.384275072279607	2.3072762453281626	29.176455324338562	29.19309617678062	29.20945795659874	28.907663882497083	2.1957649327682334	28.717541668515047	28.723107135320994	28.728115054862055	29.41128864791028	2.3053584090447297	29.21132835764802	29.219454508605814	29.22663900863559	30.95809836399847	2.426371181813595	30.750352037652455	30.768512403443182	30.77055841627435	29.94079517332681	2.1904904442249764	29.753917436195223	29.757491526650753	29.76084773644344
7600000	28.952163151969046	2.604734765588001	28.725893936127306	28.73247598397704	28.73965476850343	29.405981194825987	2.2345246043773064	29.21002862702951	29.229626719682557	29.232879861572222	28.907735429795878	2.1857056659748344	28.71669630501339	28.722759692575117	28.728358382249567	29.384665831314354	2.305794055809855	29.17670774575796	29.19253480149971	29.209533098555113	28.907608740595602	2.195100909821953	28.717649533436564	28.72309291200659	28.728092877121014	29.411035525926984	2.3047729649287447	29.21106124916175	29.218843923934607	29.22613566448971	30.959574913585698	2.4311619037846115	30.747651772451174	30.768047332341986	30.77130771186676	29.940671033564552	2.190500915976417	29.75369012924256	29.757468406535473	29.760565967970123
7610000	28.95165710357168	2.6051881702413406	28.725657974796327	28.73229979027805	28.739200343318643	29.405459041394217	2.235233519679824	29.20717309906557	29.23025835495924	29.232946974191215	28.907762110064063	2.185703218899364	28.716826506254083	28.722835899334594	28.72844546260739	29.38400168628413	2.306314899244318	29.17550119306444	29.192796011542896	29.209791527892655	28.907628277632227	2.195099155491321	28.717581061671012	28.7230908404207	28.728115054862055	29.41167627593174	2.3050113146833713	29.21063118487458	29.219522655840493	29.227550910259495	30.958495197853217	2.4273841266900584	30.74510120252215	30.76867519216476	30.771292609649013	29.940404053898405	2.190464720432524	29.753794416983162	29.75735028789507	29.760591061146695
7620000	28.95190448604087	2.6051722676488507	28.725313160253776	28.732589019187397	28.739337555231447	29.40542744723881	2.2354123464482867	29.209059788836544	29.229984953958052	29.232696995034246	28.90781841510798	2.1858064846692145	28.716910711164505	28.722880089947033	28.728616449522914	29.385062731336536	2.306817715974816	29.175526448565964	29.193760657164795	29.210038758528125	28.907688161257227	2.195093958429497	28.717649533436564	28.72309534821538	28.728172848771926	29.41188312698271	2.304036486801082	29.211341355777385	29.220408090345032	29.227660414547685	30.959168167122797	2.4256507585522846	30.747136047682353	30.768368889104558	30.771120816834596	29.940525032372022	2.190413092564786	29.753885121577	29.757436420262316	29.760600457661436
7630000	28.951865874145533	2.5975708842308625	28.725658514056903	28.732385594799815	28.73979990783426	29.40545791859151	2.2355037661364556	29.209961957392515	29.230168566195662	29.233457041210897	28.907831710287176	2.1858033312619423	28.716916424677386	28.72292226821314	28.728669865821225	29.384859637300863	2.3080265695973368	29.175507779591378	29.19424051175437	29.2099825759286	28.90773307165093	2.195090007310808	28.717682555860588	28.72316647855955	28.728220009329892	29.41191362278913	2.3052163020594825	29.21115700773457	29.22068572091328	29.22789622788566	30.95875108724128	2.4237989425616764	30.748060366595592	30.768592101019337	30.771829901524654	29.940700595432283	2.1903468769817063	29.754133432363567	29.75734388566311	29.760529450370456
7640000	28.952917285226892	2.5998824681030137	28.72583608793851	28.732798030539122	28.739942387333247	29.405910898786455	2.2365827615860403	29.210678773551816	29.229448578540712	29.231982962264198	28.9078233232304	2.185800513271439	28.716916424677386	28.722976451758154	28.72866038612362	29.383362707130317	2.309888654962099	29.17451448419368	29.19281677618732	29.20789621495226	28.90776674848899	2.195086570890421	28.71773644313523	28.72316647855955	28.72823603359261	29.410916320124358	2.3075192092074137	29.211048934366513	29.218834282801264	29.225417435517443	30.959426246739735	2.4276105507233594	30.747895681043506	30.76787098635486	30.770360005563703	29.94069643093767	2.190359181088896	29.753850713186367	29.75756594316242	29.76079362716897
7650000	28.950803730527202	2.583959310272636	28.725908866767668	28.733009635082723	28.739667359771012	29.406719764873603	2.2351838696057578	29.21135826947895	29.230364932066585	29.23229288333458	28.907851846091127	2.1857971828284284	28.716916424677386	28.723060448999494	28.728669865821225	29.38527885663313	2.306151974289389	29.17763441373477	29.194442032207306	29.20903475186003	28.90779899892738	2.1950838552918808	28.71779368526021	28.72318987125897	28.72826971824574	29.41195000771961	2.303574677478262	29.21215967963953	29.220094701490094	29.22679237462848	30.95912054823638	2.4234576215380117	30.749682719520777	30.768784105398332	30.77059064281329	29.940556057708694	2.1904650757609025	29.753643390684044	29.75732454926225	29.760888430517394
7660000	28.951835743575216	2.59666442615908	28.725761067732414	28.734013133579403	28.739834006539134	29.407192885174226	2.235187970559688	29.21295924132688	29.23053531922121	29.2334808421884	28.907900802299483	2.1857928727867524	28.716921550371	28.72314631332739	28.728685527714248	29.38574926790009	2.3068521181283788	29.177974440714124	29.195317874122818	29.211281016968815	28.90780095748159	2.1950827880281905	28.71779368526021	28.72321391295795	28.728252960642234	29.412084832016305	2.304340970560555	29.21163052587763	29.220532866866954	29.227756402668103	30.959592096858163	2.4211782057941202	30.750134130254857	30.768984441864973	30.771713253109194	29.94082401127214	2.1905068695032193	29.753876680487505	29.757555087792035	29.760793119436972
7670000	28.95290580710705	2.597784879602654	28.726666834513864	28.733412929180304	28.740149844704128	29.406695008651866	2.2358165409371935	29.211862338019216	29.230400380526675	29.232977380015427	28.90793055775959	2.185789894162417	28.716921550371	28.723232579230636	28.728685527714248	29.386590488927595	2.3066097942779935	29.177945438689438	29.19632074893441	29.21261642909787	28.907847112738764	2.1952072477883147	28.717905560535836	28.723203452500773	28.728220009329892	29.412403068306855	2.3053760124202	29.21217207362598	29.22047071071491	29.227386433420918	30.95982652355702	2.428810121488176	30.749964022447323	30.76885347635684	30.771419240942972	29.941120043708466	2.190481372406143	29.753783965449923	29.757831600866744	29.76097778004749
7680000	28.952722363172104	2.596702503273225	28.726098773341754	28.733247772250348	28.740630373673607	29.40757176900187	2.236001388184615	29.214405527871932	29.230134327733005	29.23202805108012	28.90795736203241	2.1857874686527166	28.716939178125237	28.723232579230636	28.728685527714248	29.38523633109863	2.3048642552684613	29.17875773878093	29.194988570689134	29.210048150684383	28.907887281325326	2.1952038712413144	28.718047716731288	28.723278791971538	28.728252960642234	29.411289270291434	2.303538582943976	29.210925304746524	29.2192971731561	29.227270761709242	30.960516082379584	2.422893478970807	30.752617043863683	30.768505791153082	30.770309442697066	29.94097932884973	2.1903768626336557	29.75393361091563	29.757774820269923	29.76107328127223
7690000	28.952921906586543	2.6048842145169093	28.726024207166105	28.733082701641422	28.74014313597529	29.40486886936169	2.234740867178622	29.21118853659446	29.22987833263216	29.231863915484087	28.908036717585702	2.185907964276383	28.71701720880114	28.72323640552515	28.728713717822387	29.384938598998232	2.3060836792677657	29.176171352428586	29.194367164766025	29.210271439322216	28.907910099853893	2.19520175923204	28.718047716731288	28.723246548869298	28.72826971824574	29.41175660069462	2.303794700729316	29.211378141550984	29.219536650966376	29.227096625045267	30.958173221902612	2.42719333739443	30.74970153895809	30.768276015281543	30.770297627063204	29.940991888100417	2.1904325674790344	29.754124063562617	29.757710268730783	29.760747596363956
7700000	28.952862789155358	2.6044154325121505	28.726234903625002	28.73285361928282	28.739653622235917	29.407826452548207	2.2353057234153115	29.212402069817195	29.230129174470147	29.232787083175836	28.908057010900325	2.1859060833989	28.717050940219153	28.72323640552515	28.72871635021371	29.384987275647728	2.3080127703465836	29.177519259610143	29.193930486337962	29.208815540616627	28.90794472552416	2.1951987246199094	28.718047716731288	28.723246548869298	28.728406136387832	29.412115714892387	2.307004667548673	29.211610692432632	29.219750166382294	29.226816550080787	30.961798311918937	2.4292575505095115	30.750847731626717	30.768586805211278	30.771246342125448	29.940736081528573	2.190454448000901	29.753954632181117	29.757246361005993	29.760742151111767
7710000	28.95232326609831	2.5953717813550083	28.72590051427795	28.732816830245355	28.7401433932992	29.403805610853983	2.2343879841234457	29.207567345214386	29.229664120674776	29.23186699143921	28.908093097527424	2.1859028847752864	28.717071096691033	28.72326257364633	28.728713717822387	29.383439257739813	2.3014926526679105	29.173980580999345	29.192814296887985	29.20856787016261	28.907980881411206	2.195195476399753	28.718127178023547	28.723411471451975	28.728406136387832	29.41082481487809	2.300044663337323	29.209992706990118	29.21903162511738	29.227035077517797	30.956657506914638	2.421310242496361	30.74594133770314	30.768025635640722	30.77024048489303	29.9408244397857	2.1904463918192536	29.753790354944226	29.757428857852503	29.760781740703244
7720000	28.952649306287334	2.6042149984002574	28.725801703646667	28.732913477882423	28.74047629346393	29.406513867264	2.2340787142162535	29.21368251179571	29.23034058498962	29.23249853639777	28.90809746970118	2.185902504740184	28.717076731901486	28.72326471789696	28.72871635021371	29.384888605704266	2.3065151963932076	29.177100076103116	29.194009693074932	29.209786480393916	28.90800420355455	2.19519342508737	28.71813101224003	28.723278791971538	28.728406136387832	29.41161300803372	2.3039096814857083	29.21141794478287	29.22021765647451	29.226969100800044	30.95982067019778	2.428039634118583	30.751848585587677	30.768751010824502	30.770878970640265	29.94077927984359	2.1904523350905327	29.753931794023906	29.757440815446827	29.76095343649799
7730000	28.953203700106233	2.6011857422743367	28.726239361705076	28.73339448909457	28.740894972776605	29.405518545093067	2.235352221589483	29.21092803553214	29.230073230747326	29.232386520122233	28.908112004805027	2.1859001089215737	28.71710675325501	28.723350220156043	28.728725349302273	29.386271793680745	2.3078405222892866	29.177593063485716	29.195685539915583	29.210087587355343	28.90805712462512	2.195372110042373	28.718127178023547	28.723335088414423	28.728390995056053	29.41209502898941	2.3045023874032857	29.211487487887126	29.2205371939095	29.227523768234917	30.958058494288416	2.425742817627057	30.748062738416102	30.7684134714552	30.770748622506545	29.94080585454468	2.1904500008125614	29.75415966278617	29.757602263636294	29.760983458247654
7740000	28.951231740436267	2.587427529898303	28.72642003607027	28.733115496486903	28.740051670201183	29.4068935557939	2.2358642318171262	29.2133267517249	29.230081300832794	29.23231982878114	28.90812662350065	2.1858987938565493	28.717088817149307	28.72338675571988	28.72871635021371	29.383290790232508	2.3059913301820156	29.173217066107963	29.19297322210049	29.208489909954803	28.908034618464185	2.1948135620676594	28.718107668442844	28.723486175275816	28.728406136387832	29.411054417289492	2.305246481696214	29.21004663748426	29.219341617744305	29.22679777143034	30.95935740059078	2.420079521392834	30.750943494389944	30.768521068341062	30.770639905453415	29.94072381510378	2.1904156805490316	29.753931597177484	29.757566223186515	29.760821534182963
7750000	28.951983173848657	2.5996575327018605	28.726105316520062	28.733027819947317	28.739858446274113	29.406288775776076	2.2348877974887493	29.214518316862975	29.230327934690926	29.233044346517786	28.9081417223691	2.185910990241919	28.71712059121809	28.72338675571988	28.728713717822387	29.385379481533725	2.309094922239364	29.17735090069132	29.19407783858639	29.209956975680406	28.908068452872417	2.194876880647631	28.718127178023547	28.723614477129324	28.728506177799332	29.412467436399584	2.3068118114833562	29.211315754637333	29.2205254974565	29.227743350981612	30.959484960202644	2.4287264943800153	30.752600731921213	30.768787236750597	30.771466185656646	29.94063335919472	2.1904500868806007	29.753976649029074	29.757429934123103	29.760807203861333
7760000	28.951616426874974	2.5913464666841297	28.726734570201298	28.733493174030052	28.740159178132892	29.406336660639745	2.2347112714256805	29.21242516337006	29.23045736919297	29.232665010251658	28.908183435224245	2.1861075498193814	28.717226890379123	28.72338675571988	28.728713717822387	29.38560034974905	2.3065865052673455	29.175401308430427	29.19495337299189	29.21025397309495	28.908086161437886	2.194907381212361	28.718225534084787	28.723557866837382	28.72866861185534	29.412134885250357	2.3052976252234383	29.21138461993716	29.22030248355532	29.22700079258297	30.95939448815539	2.4228289161646543	30.750684135814822	30.768911121170042	30.771042518436133	29.940676981618832	2.1904467260348515	29.753835734253244	29.757675197809043	29.76097300263826
7770000	28.95222867955663	2.5971593648961235	28.726479709006167	28.733461437625152	28.7402321738017	29.406049025953862	2.2359436070732555	29.211100286221356	29.23029993628365	29.232301458449907	28.90820064897007	2.1861041183622256	28.717205244282262	28.723401971325025	28.728745308941	29.384604072149443	2.3082120929804253	29.175337742259288	29.194510218314846	29.210777470920345	28.90813084169599	2.19490351701572	28.718297741546877	28.723625683596456	28.728611756841172	29.411406515733866	2.3065836576134386	29.210589551800652	29.219646618971268	29.22710962341685	30.95835111538063	2.423911067454033	30.748542994792224	30.76868658865353	30.770693931284203	29.94054069278761	2.1904596772077167	29.753953499791823	29.757481797581406	29.761054959231043
7780000	28.95201328691973	2.6047540833384906	28.726152602970465	28.7329064930502	28.739051187603003	29.407651573028392	2.234823384031927	29.21569209381824	29.230328704983577	29.232691735085446	28.908205326668007	2.186245286901549	28.717149053561073	28.723401971325025	28.72871635021371	29.385127376172683	2.308368027356842	29.177035745504263	29.19419013486285	29.209737846820495	28.908146288455974	2.194902162823443	28.71831789377857	28.723698269719797	28.728611756841172	29.41150794338471	2.3050355531970923	29.211005088793826	29.21913138823289	29.2265782587684	30.961183130928923	2.4295977456966846	30.753712869425968	30.768761234295532	30.77086172351456	29.940586268038754	2.1904378030895955	29.75371903361585	29.757427607042793	29.760947740127932
7790000	28.952536596423172	2.605663602312237	28.726417280056687	28.733445652658517	28.740409877234363	29.406490114772538	2.2363699710350176	29.21310409838895	29.230648495004	29.233609281450036	28.908188003800884	2.1862451188117165	28.717205244282262	28.723414572444916	28.728685527714248	29.386875145892272	2.31015771570272	29.177822955487457	29.196616275571966	29.212440544651674	28.908174849438005	2.19489974546397	28.718361305884276	28.7237091984509	28.728611756841172	29.412436140405553	2.308573936863677	29.211510813673755	29.2205767834673	29.227711939398233	30.95982970660218	2.429975971152758	30.75146073542762	30.76910216460177	30.772046113306963	29.94045177338529	2.1904494488762967	29.753704562091656	29.757317691792316	29.760717730460243
7800000	28.951987270325883	2.5976713863034666	28.725920337021563	28.732718507601547	28.73979747803524	29.40529512379377	2.236828996014149	29.207782364075083	29.230113072819805	29.232628703811947	28.908225388164848	2.186240845303223	28.71723428437302	28.723436387424247	28.728685527714248	29.384082863918042	2.3093813234098994	29.17471533153224	29.193115735493805	29.209514271250512	28.908430273864454	2.1948876441160987	28.718408036676585	28.72376177975382	28.72874378931386	29.411270382322872	2.3070660317172424	29.21047298649834	29.219268718140363	29.226373835538777	30.95826880602655	2.428497277376335	30.7461332844995	30.76855914271695	30.770952331864475	29.94043876729144	2.190548958730593	29.753904898849107	29.757280784166618	29.760554168822175
7810000	28.95202581389495	2.604394466598331	28.725334611168496	28.73263431623846	28.7392511626333	29.40505644711932	2.2366682861024074	29.212358740295798	29.230328085403485	29.233484887137088	28.9082858298866	2.18641544651476	28.717340271474534	28.72351571338165	28.728672210591775	29.38385637432624	2.3084866687238677	29.17487357589252	29.192798863454705	29.210091206664757	28.908460500624695	2.1948850762476355	28.718408036676585	28.72384000967991	28.72880673938978	29.411597418845016	2.3055687551892166	29.210305596349105	29.21977117917081	29.22729483714515	30.95857033798192	2.4299537488347007	30.750688140654198	30.768729715508847	30.77180306235041	29.94033686840517	2.190592889877838	29.753824331866962	29.75720643050679	29.760187481061585
7820000	28.951909049440072	2.60085999562888	28.724936921790977	28.73318620075431	28.73997286578055	29.406624733945307	2.2356280112067957	29.21304719795129	29.23024897266638	29.232644580082003	28.908313673577698	2.1864128305174426	28.71736011848649	28.723543606211877	28.728685527714248	29.385294092130287	2.3070793900550703	29.176007879664002	29.19405503546573	29.210254255255915	28.908472401868465	2.194882797017216	28.718448029656372	28.723843810708047	28.72880673938978	29.41203936665744	2.3050854886629297	29.21158487885077	29.21988246633534	29.226926304043765	30.960165753346395	2.427462099511174	30.751050904663316	30.768671183688895	30.771064170372345	29.940267263649755	2.1905998826421413	29.75356821097999	29.756990344252944	29.760550798884957
7830000	28.952281251873256	2.607502427345762	28.725396539806418	28.73253982091675	28.7402581051214	29.405125856177868	2.235499646069765	29.209998596747237	29.230405339584497	29.233024872617378	28.908329054074297	2.1864758294368176	28.717370268774	28.723528474686226	28.728685527714248	29.384585599783588	2.309897048702108	29.17544712962119	29.193671743971706	29.209555278682767	28.90849022179661	2.1948812716179886	28.718459284450965	28.723874729482525	28.728869854121104	29.411690788607892	2.307180036745469	29.211071616021947	29.21993713880254	29.22733586713314	30.958414275660026	2.4334205682210195	30.74766207510469	30.768789707792187	30.771125908662164	29.94058113339979	2.1905358213724373	29.7536027750828	29.75733436444589	29.76058540481371
7840000	28.95063836116803	2.5946541394806486	28.72509880582612	28.732160046924044	28.73976452741614	29.405815840475668	2.2363790384873985	29.209462066960846	29.23011341368089	29.232736758073674	28.90833769065305	2.1864744915247725	28.71749368224284	28.723541134187855	28.72871573643558	29.384697181212946	2.3114065243056836	29.17572826924021	29.193838595268332	29.209738813689842	28.908515775696557	2.194878952790422	28.71846965926437	28.723874729482525	28.72880673938978	29.4117587678702	2.3084939233057686	29.210375598719356	29.220532654484053	29.22736055446791	30.958292674127673	2.428970330760958	30.74702824354789	30.768544425985	30.771148472988465	29.94050644081323	2.190510836006383	29.753850234518687	29.757235798264905	29.76072349488304
7850000	28.95147472946471	2.5986219501056658	28.72540153429103	28.73272621367653	28.739657320681637	29.40440783461118	2.2372583066953013	29.20744612774577	29.23012018362765	29.233150650221166	28.908554427179062	2.1864652788346537	28.717584753621303	28.723528474686226	28.72880715137849	29.383955127850093	2.309972963717205	29.174780269377536	29.19179892847361	29.20956042833973	28.90855163528697	2.1948751729884344	28.718619535906658	28.723934630912858	28.728935948433545	29.411516525663284	2.3069500728034833	29.21071277353477	29.21927176723834	29.226994426054418	30.958138535268738	2.430434970385213	30.745241959436868	30.768583428078742	30.7716153094915	29.940610809533315	2.190560743377886	29.754080712620503	29.75739879902106	29.76056355353201
7860000	28.95191980182971	2.598900422078428	28.725771451633342	28.733194803417643	28.739076438569302	29.405447872154063	2.236175968641078	29.20838498672022	29.229669624417546	29.232211148118797	28.908611381546695	2.186460385464783	28.717608786707103	28.723567392751885	28.72884594007561	29.38392958564291	2.308796934590146	29.175255378596503	29.19310975499571	29.208516295347998	28.908597711814686	2.194871208272033	28.718624839496695	28.72398181779627	28.728995146765975	29.411074845229628	2.3073713056389846	29.210550747774167	29.219160137694765	29.226279138029142	30.959037811452838	2.429416911697237	30.746558041928132	30.768107060596964	30.770580587682446	29.940501895733146	2.190566893355292	29.753560501071924	29.75723903126816	29.76060923203267
7870000	28.952360417475443	2.6037111028075444	28.726375565607718	28.733455225238288	28.739477729238402	29.407326540113697	2.236719183758085	29.21358935566604	29.230478409144894	29.233096580413537	28.908643761049394	2.1864577177672246	28.717647422685097	28.723567392751885	28.72893666650393	29.38654096440537	2.3097686288325794	29.177334337540188	29.196031318291848	29.211489027958937	28.908596179473303	2.1948709629373626	28.718624839496695	28.72396272893282	28.729011904428887	29.412316938770967	2.3087229833462657	29.2112413906519	29.22019593440195	29.226937110104004	30.961273967919237	2.431205348879348	30.751832606050026	30.768910336596356	30.771519660400248	29.9405715236147	2.190562724525925	29.753944078444583	29.757574275311185	29.760589841723508
7880000	28.952444897727702	2.6020532702642183	28.726440001215973	28.733314804889147	28.740079925364295	29.407263203313274	2.2363211097890625	29.212662714036675	29.230313314039485	29.232979541110616	28.90865159805294	2.186456954300979	28.717647422685097	28.723567392751885	28.72893666650393	29.385220219550437	2.3058956993631132	29.177770374817246	29.194977876619944	29.210737237810363	28.908593587690877	2.1948711123383973	28.71849854235057	28.72407400993137	28.728995146765975	29.41124964927403	2.303429266916466	29.210892991590466	29.219731579388338	29.227213597358862	30.960087965191942	2.421805547778718	30.751052598973555	30.768720175962372	30.771345639281584	29.94050053046248	2.1905021998006142	29.75406944415752	29.75756491407022	29.76069666631657
7890000	28.95328326315445	2.606427415853697	28.726184766159996	28.733635212335706	28.740136918195116	29.40699871035285	2.236159131195003	29.21456428541658	29.230161729914503	29.232793019086305	28.908666139234338	2.1865010295959126	28.71777717428438	28.723593274242106	28.728978358001804	29.384613399108435	2.3112668056555696	29.17532189094885	29.194414373126996	29.209723045706106	28.908637247801483	2.1948673093611304	28.71849854235057	28.724104572152086	28.729048189647514	29.411605654940708	2.308469090210802	29.210965660955736	29.21956106615503	29.226942476612024	30.960836440150185	2.4315079813386804	30.75281914135487	30.768618489090258	30.771235189259315	29.940596623565597	2.190423729605194	29.753957527696762	29.7572807479279	29.760872805302817
7900000	28.952314906900206	2.6021702504337325	28.725437252812	28.7331897592603	28.739608166386855	29.40555275003007	2.2362314514607116	29.21154410562691	29.230381170638886	29.23239688914289	28.908691967557235	2.1864987623848355	28.717927532891984	28.723619369823496	28.72893666650393	29.38387303017491	2.3080397894301914	29.17451341094949	29.193822856558256	29.209020054895873	28.90867204089557	2.1948644057427122	28.71849854235057	28.724213511987543	28.729048189647514	29.411140823443226	2.3060373724988117	29.20989154394004	29.219367628355357	29.226694409115893	30.95874446589798	2.4268327750988874	30.74948389110943	30.768833745457073	30.77079587418344	29.940167651918888	2.1905074998054226	29.753589973126257	29.75720764715371	29.76039852743508
7910000	28.951511894233214	2.597451376416346	28.725392880926446	28.732308403848187	28.739613964997076	29.406120718239688	2.2356986573083044	29.211253632301037	29.229952495643595	29.23235493873896	28.90872436075941	2.1865783983519904	28.717950702084423	28.723743372078815	28.7289594777568	29.38370422457287	2.3054997688501544	29.17468924121035	29.19299662976056	29.20849943498519	28.908664527769748	2.1948648150978762	28.718584141760303	28.724132273856284	28.729043294351335	29.411661820650476	2.3037909297872603	29.21183422001081	29.21952691428421	29.227169718913657	30.959045215265643	2.4247291642644737	30.749418972600342	30.76839600023723	30.77079353948686	29.940449021356418	2.1904908167594948	29.753652863369787	29.75719724126476	29.76053247082023
7920000	28.95204505138499	2.5977105192268883	28.725718711892487	28.73260922449859	28.739792419728893	29.40726013874635	2.2353332667425936	29.212266220719812	29.230121980040508	29.233364287540308	28.908743986311915	2.1865765866978375	28.717927532891984	28.723717428529362	28.728981850709317	29.385668079424143	2.3078971401808936	29.177750285150875	29.19457964443856	29.210704432237222	28.90867450239478	2.194863730065692	28.71865171475934	28.724132273856284	28.72901881692094	29.411934669651284	2.3058913394028706	29.211651514819014	29.219770598008964	29.226927884685523	30.959877009720337	2.4292477955734166	30.7502885324269	30.768499948964894	30.771715648477123	29.940622202896353	2.1905458416399797	29.754182501078095	29.75751141951389	29.760538643610982
7930000	28.95308530007395	2.6051318374045023	28.726017913296246	28.733247906684085	28.739431834265552	29.40699839941486	2.235148877504738	29.213292621159553	29.230516571488153	29.232826081239033	28.90875436528172	2.186574790998403	28.717972531919585	28.723750113447004	28.728981850709317	29.384962413098187	2.308180021839584	29.1760267311043	29.1943825132023	29.20983055387311	28.90866041776581	2.194864107901251	28.71866181215215	28.724104572152086	28.72901881692094	29.412133358812973	2.305152259906963	29.211792764992403	29.22004958109214	29.227623474368876	30.95990727246288	2.4274049808389564	30.750644108031317	30.76893763095127	30.771273220232697	29.94073876801984	2.1905675846465673	29.75421319463949	29.757233257836084	29.760463084402915
7940000	28.952760202823313	2.6047636572023163	28.725572193307613	28.73253446143025	28.740134788146314	29.405145156987345	2.2359264462124133	29.20851845669932	29.229743514452146	29.23212502058404	28.908807488468828	2.1865702623904544	28.717988079075948	28.723924006728964	28.72901346067524	29.38333729677222	2.3081081593746506	29.175217202274013	29.192555089669476	29.207647009666555	28.90870391543052	2.194860329427076	28.718667621113088	28.724200592896626	28.72903628653817	29.41169884749763	2.3061211820949703	29.210804320583595	29.219716784313864	29.22679530012323	30.958568203876002	2.42807529853671	30.74665085292854	30.768183395627894	30.770550789734187	29.94078344883053	2.1905646154855094	29.754180242668852	29.757522407946887	29.761007037292536
7950000	28.952757673883333	2.6036476725488464	28.725989004263848	28.732902506262075	28.73991552700589	29.406342571084515	2.236347523490244	29.213973715222917	29.23025218718665	29.23256067314376	28.908833314490405	2.1865679072136115	28.71801250395594	28.723882757836755	28.72899875867226	29.38558163369134	2.309706982405572	29.17694787327464	29.195331561163172	29.21083339980041	28.908732140730987	2.194857926892929	28.718699236827064	28.724200592896626	28.729048189647514	29.41205384694013	2.3076325446170545	29.21154682148605	29.220144605342995	29.22726548031895	30.959859936184483	2.429468287763583	30.751529696351533	30.768634065757162	30.770659635948423	29.94072985689767	2.1905218970707985	29.7541262326978	29.757509322317432	29.760840351140537
7960000	28.95270450476845	2.5976286158633513	28.725893474273093	28.733643110354443	28.739856192681906	29.407792315881643	2.236790881177965	29.21536558343629	29.230165129530015	29.232577963910288	28.908844773647374	2.1865669216771897	28.718035650237475	28.723965761392584	28.729034995756717	29.385016552807006	2.308440431300132	29.175297123440917	29.194371475822237	29.21040976636055	28.908768790179423	2.194854384688188	28.718864046805443	28.724213511987543	28.729043294351335	29.412047128458575	2.3067240586625264	29.210837814206783	29.219177028850446	29.227645746007166	30.960681692884176	2.424057010216678	30.753528621683035	30.768615203939472	30.770944638154603	29.940637303585724	2.190529920373479	29.753784645654086	29.757687024951395	29.760706165617876
7970000	28.95264295819215	2.6033397932114113	28.725934804177186	28.73310683240014	28.739518090079628	29.407904847488734	2.2370084892746127	29.215629948464525	29.230544898493264	29.23246187286734	28.908863301338243	2.1865649500705726	28.718044712560975	28.72399199188697	28.729069689057894	29.38559777349779	2.308948549322281	29.1772217039346	29.194516701874374	29.209886876445715	28.908778541579537	2.194852705189572	28.718901672865442	28.724267337676064	28.729043294351335	29.411963132347292	2.3066750107129192	29.21176037519998	29.22008592786387	29.227096973198577	30.96145395925009	2.4282901673852115	30.75390057370074	30.768992833364997	30.77089532880458	29.940777953509322	2.190710920581228	29.75396195542233	29.757431905417228	29.76072845963577
7980000	28.9521706328371	2.5967225327329815	28.726435596022398	28.73303603923267	28.739804879626817	29.405478533269736	2.236883523979124	29.212301244061837	29.23005143515562	29.232015007941513	28.90888609077354	2.1865625990109776	28.718054416694525	28.7240257449188	28.72910396734305	29.385465315919003	2.3083162504819827	29.176222713991027	29.19520901804122	29.210152134443106	28.908779796423868	2.194852289699024	28.71889838919597	28.724267337676064	28.72903628653817	29.411985119847742	2.3060399126374986	29.211779560325667	29.220243992491454	29.226873064451574	30.958543396735678	2.4275296456592987	30.749793223629247	30.768396751346444	30.770379225326593	29.94069800441034	2.190698453808118	29.753788073316755	29.757538973197818	29.760751031419566
7990000	28.952485488778855	2.6042731304943283	28.726898152027935	28.73329806171491	28.73972650857253	29.403960121930844	2.235709874040002	29.207025438688955	29.229756541433385	29.231996819316933	28.90891278924062	2.186570521622322	28.718044712560975	28.724045650960058	28.729141134407662	29.38321476127321	2.307193851756256	29.173677511588075	29.191553969246904	29.20801288273725	28.908803036044436	2.1948485392862094	28.718847144451644	28.724310384156112	28.729048189647514	29.41127133799861	2.304260476728235	29.21044664066619	29.21863678083585	29.22655696392023	30.956593352972117	2.426919255741757	30.74448661435039	30.768068389612893	30.77038984958057	29.940686261532218	2.190700324668352	29.75386527674091	29.757367067207927	29.760834045437296
8000000	28.951519798751534	2.5957328165061258	28.725966607038544	28.73286304221469	28.73907356848943	29.404934550824166	2.234995251231836	29.21042544841386	29.230257775205175	29.23248759696889	28.90893833869658	2.1865680093662476	28.718054416694525	28.7240840331523	28.72910396734305	29.38380950609613	2.303881190180026	29.174307849530464	29.194184005966832	29.20934466962686	28.908829685289636	2.194990193832219	28.71889838919597	28.724341381357128	28.72905301148149	29.41073992691053	2.3023487742238555	29.210387281778182	29.219239717218635	29.226892924394573	30.95842277375366	2.425012692930429	30.74894046170732	30.768720657918166	30.770946920493607	29.940317666480034	2.1907330464473573	29.753534744480532	29.757108608854246	29.760526505125654
8010000	28.951399027387247	2.5955506802792176	28.72548642989632	28.732945074485297	28.739180549067306	29.407596845510696	2.2347907775725986	29.215525476702453	29.230530473561792	29.23273600869684	28.908976622278995	2.1866084693924175	28.718082726376167	28.7240840331523	28.729162746821792	29.38542928994711	2.307324304379189	29.176583202702734	29.19448802583797	29.21002906261234	28.908841296534884	2.1949890753459225	28.71889838919597	28.724337841981864	28.72905301148149	29.411935229072554	2.3062342347350473	29.211392846100786	29.22041049381566	29.22701937979326	30.960338492881284	2.4232142067429554	30.7535527022506	30.76895629880041	30.771101178230964	29.940365038736818	2.190728443139102	29.753665188757118	29.75724591276228	29.7604891319587
8020000	28.9512472383995	2.596395048295957	28.72612964591661	28.732757542384597	28.739244206665372	29.4075033405953	2.2363683390442706	29.21533497114055	29.23045055840211	29.232709348084406	28.9089798204975	2.1866080915492025	28.718120567623917	28.7240840331523	28.729162746821792	29.38579826955459	2.3114593197683058	29.17635499674595	29.19494762659429	29.210751734643384	28.908836995035195	2.1945819124743378	28.718898443029936	28.724374060206213	28.729092915658615	29.41208625338054	2.3092061915661417	29.21145356479253	29.21967440914514	29.22729248621162	30.961318249785844	2.430880488920654	30.75348406718432	30.768898784857193	30.7711543048845	29.940458551802095	2.1907889299799024	29.753590288060447	29.757359808347772	29.760630717404634
8030000	28.95144800613615	2.591773127409982	28.726262162665446	28.732998124441554	28.739973832453995	29.405802400576782	2.236878755039491	29.212205326479733	29.230250142672322	29.233102847117173	28.909015568337857	2.18660502771864	28.71817711705227	28.7240840331523	28.729162746821792	29.385977468485734	2.3085641010451208	29.17669751120363	29.195244959608033	29.210790377757547	28.90886734858833	2.1945792241234194	28.718898443029936	28.724376153495925	28.72913298182886	29.41261142536569	2.306028791425739	29.211556121600537	29.22047726813863	29.227700505733047	30.958395119593376	2.426264475952398	30.74965798115632	30.768695805968505	30.771491774282186	29.94083292663508	2.1907574017874922	29.754226892430374	29.75765878794187	29.76123104952939
8040000	28.952053911727	2.601361237098047	28.725848915025804	28.732594792802875	28.740253697277275	29.40800524755588	2.2364672103891454	29.216087020426894	29.23027473223457	29.23274915894721	28.909009205403652	2.1866467145718165	28.71817711705227	28.724044790725458	28.729162746821792	29.384993002716776	2.310363713294566	29.175532325496956	29.194366765608635	29.20999175031551	28.90888062268611	2.1945781121669263	28.718902336638212	28.724376153495925	28.729092915658615	29.411994717604728	2.3087044288452843	29.211073946986566	29.219672388823476	29.22768981412331	30.961518674397414	2.428612276842005	30.75442394080821	30.768671683519777	30.77098492441027	29.940860878062352	2.19075394216068	29.75409166914968	29.757726684781616	29.761011663675042
8050000	28.951249555403987	2.605127321797439	28.72516430330623	28.732499907618802	28.739511926404766	29.404598508634553	2.2356482303610967	29.20781844842402	29.22969187234176	29.232310850153553	28.909027309779425	2.1866451429843674	28.71818742930175	28.72405916918479	28.729162746821792	29.383042873682008	2.30844763210451	29.17386215355105	29.190915305974208	29.207944676400878	28.90890021521095	2.1945749755985524	28.719081206243363	28.724461982111826	28.729092915658615	29.41129195174565	2.3049714991340045	29.21030610219044	29.21932468219493	29.22605259452287	30.95803172347378	2.428817818687719	30.745544428069167	30.768039924683368	30.770583049745913	29.940976930144345	2.1907427966748334	29.754127997854525	29.757657049971556	29.760807943648977
8060000	28.9503692120283	2.5944350692260665	28.72472487117208	28.732227675784102	28.738758466875314	29.4067896348778	2.2361433045267525	29.21364819830703	29.23040694323396	29.233002448518352	28.909058144499596	2.1867950601206294	28.71820649668171	28.72402556831512	28.729096016813163	29.384727824205786	2.3064717278742304	29.174321575985743	29.193159380014173	29.210956686407627	28.908935939695166	2.1945718484170573	28.71928781832464	28.724405341032202	28.72919848191351	29.411798572979933	2.304850207502755	29.21109440164998	29.219319270200472	29.226795197305506	30.960326654542037	2.425911225739629	30.752107478724785	30.76886523310578	30.771326919980897	29.940542135989283	2.1907773457349506	29.75364810377445	29.75737073643332	29.760344162963232
8070000	28.951088446790887	2.5952873905104603	28.725623355494562	28.732650465494142	28.739123887021286	29.40491163326058	2.2362780863251297	29.207625212953708	29.229949229291428	29.23234448431016	28.9091120784411	2.1867901909448806	28.718263716673967	28.72416358394516	28.729162746821792	29.38475989534074	2.3078787010242796	29.17612753753268	29.193663562496123	29.2076838448544	28.908982277775046	2.1945678615937307	28.719327819709903	28.724405341032202	28.729224895432157	29.412060944991893	2.3058721733099428	29.210760524110817	29.220045550394925	29.226806936923353	30.956917307961096	2.4218890034913474	30.745691125682544	30.768351901528533	30.770715877681354	29.94072432378804	2.190783001393406	29.75381827122761	29.757375959498773	29.760618789001324
8080000	28.951230446868134	2.59838742420119	28.72553072789438	28.73258185918803	28.73888023289829	29.405450298171925	2.235654107836953	29.20841035748626	29.229777932168638	29.23253582244141	28.90911611928601	2.186823936686583	28.718263716673967	28.72416358394516	28.729186259992886	29.384598052254116	2.309450185186708	29.174603376892104	29.19308187484791	29.210114613662103	28.90919877319777	2.1943992598889324	28.719327819709903	28.72442181128674	28.729308788316928	29.411003377093348	2.3067588171290847	29.210039833256857	29.219064143085937	29.22631524989107	30.959152563248676	2.4292047224176594	30.745966815005353	30.768210628584193	30.77095824821639	29.94064624379691	2.1907895690402333	29.753927661839818	29.75739377896636	29.760565206111643
8090000	28.951473996089643	2.6028671805927845	28.72526831398526	28.731949194839203	28.73887056923744	29.405212737046057	2.2356286654772055	29.210831662318206	29.229587562906723	29.232619662000776	28.909154209140116	2.186820253945396	28.71827564459997	28.72419172380527	28.72926618138349	29.382997586979233	2.3068609920061256	29.173011816370597	29.19191674120281	29.20984982587351	28.90921252731264	2.194397937021111	28.71936631537437	28.724405341032202	28.729255416315617	29.41093816496946	2.3041717906239514	29.20981723756269	29.21917061481279	29.227108022423828	30.957849462260317	2.4267799444776803	30.748763364990797	30.767904225994947	30.77094557393862	29.9406175570243	2.190791146530321	29.753652350244213	29.757358780172233	29.76066358033775
8100000	28.951520445470926	2.599341583639757	28.725385903514056	28.732195140255527	28.73914456508128	29.40707789975253	2.2350015452677954	29.21429616509421	29.230550214845422	29.23312843559123	28.9091752163398	2.186818463291789	28.71827564459997	28.7243803282266	28.72937003214279	29.38572814891733	2.3062549554866534	29.17779117090715	29.194900681590227	29.210631067131665	28.90942782152343	2.19438836098913	28.719411259230753	28.72447015644619	28.729294780544357	29.411835453785702	2.3033969771248355	29.21155859690163	29.219862921768907	29.226947225561215	30.959632598076812	2.420467890398493	30.752310443520088	30.76897023349288	30.771513541157002	29.940682218909465	2.190846918658393	29.753860260694932	29.75728664017006	29.760515238448495
8110000	28.953415467988428	2.606907535262915	28.726222141080697	28.73283598871729	28.739968401035085	29.405422721421907	2.2355502221153714	29.212240400877963	29.23001571664711	29.232274565172972	28.90922993933635	2.186813760603948	28.718430133038428	28.7243803282266	28.729578112537393	29.386165550086577	2.306726892219375	29.177285367362174	29.19560128041605	29.211146267283173	28.909475451396705	2.1942925587583435	28.71948062933184	28.724475603258924	28.729308788316928	29.41284796174744	2.306091151743862	29.21232713252977	29.220432356759254	29.22728490973378	30.958056277422685	2.4264002253723285	30.750452308268404	30.76845470914465	30.770698815397793	29.940934933705456	2.190826084392868	29.753878693442175	29.757657466597863	29.760746889005112
8120000	28.952626714482065	2.5960830100120735	28.726001882358773	28.732807133321927	28.740145194162757	29.405599642314186	2.236388225989491	29.21189855804737	29.23021427320881	29.232738736615254	28.90926586611985	2.1868106051432674	28.718464841328952	28.7243803282266	28.729557054385246	29.385475120747497	2.3086184371734704	29.178214402752886	29.19391246692299	29.210653021467486	28.909476604864867	2.1942924235434846	28.719464256043118	28.724484144967903	28.729308788316928	29.411898667763634	2.306263287976565	29.211324767244015	29.21986495440455	29.227595482381975	30.95809523515903	2.4264139703080683	30.749956656180093	30.768626655646763	30.77118876713046	29.940937651550556	2.190905186299017	29.754014023082807	29.757550138041076	29.761093565376587
8130000	28.953148137910695	2.6074165368665123	28.72665118814706	28.73291669670361	28.739832062933658	29.40641127225637	2.234290074871662	29.21101524551062	29.230475279118103	29.232836718961163	28.909289619481964	2.1868083686805453	28.71848838414963	28.72440558672985	28.729556737314994	29.384590811589934	2.3074276238092595	29.175143576293227	29.195267876438173	29.21026897156817	28.90950740778341	2.1942897981388576	28.719428201416918	28.72450496612538	28.729308788316928	29.411611889417877	2.3055936900778433	29.21052661376431	29.219986564962483	29.22761377106146	30.96022049773697	2.4307228325449897	30.749252742238596	30.768912902309452	30.771158117553625	29.940881793022818	2.1909101875645	29.754184355484348	29.75750297080389	29.76083726144671
8140000	28.952201638305592	2.599865568428506	28.726379632565436	28.733000514090442	28.74018816674136	29.405791235886436	2.2356100086744464	29.210827703370477	29.230122231588737	29.232936349683545	28.909323740383766	2.186805311354233	28.71857172872924	28.72440558672985	28.729556737314994	29.385284094461156	2.309516858602379	29.175471995774494	29.194404293075504	29.20914226285335	28.90956237249808	2.194284855588717	28.719464256043118	28.7245653439804	28.729294780544357	29.412056557172818	2.307371161194632	29.21083172009212	29.219291556462174	29.227731259762358	30.958824325580885	2.4272574277237986	30.748881065824555	30.768568332712732	30.771323658204498	29.940505865769634	2.1909454272855444	29.75392310984203	29.757597428789545	29.76087461709937
8150000	28.952841187232007	2.6060553297232185	28.72536644616716	28.733190887219855	28.739845087762095	29.405733096707298	2.23654273816406	29.211093331385904	29.230184228520713	29.23225320120546	28.90933340959067	2.1868044513678124	28.718586515425883	28.724430815354495	28.72951862860086	29.38468582373983	2.3075228857937122	29.1754190854025	29.193907576685348	29.20903795641159	28.9095915765539	2.194282354791494	28.719654677034114	28.724596726558715	28.729277378452082	29.41119037228605	2.305503075234848	29.210446681111648	29.219526398493773	29.22687740652365	30.958979795236036	2.427106578090116	30.74916667051126	30.76860478494497	30.770677704592487	29.94064650588403	2.1909308254796676	29.753790150711016	29.757511135535548	29.76084068813259
8160000	28.95225747003667	2.5976190934017973	28.72619834511886	28.733244320171615	28.740114497169262	29.407174804703516	2.23711848163687	29.214656876909352	29.230610581923376	29.232919989620907	28.909351682299203	2.18680222325693	28.718586515425883	28.724461499682352	28.729578112537393	29.38485485933698	2.3082373070906117	29.17583947539311	29.194180732350254	29.210086806635942	28.909595577191055	2.1945589730499333	28.71952019623015	28.724546316944455	28.72928351641888	29.41188660548563	2.305637365669294	29.21162511968356	29.220141594844918	29.227350918180377	30.95913769016515	2.425098329380889	30.752662712264637	30.769044141250724	30.77131359959266	29.940436102041588	2.190947649779349	29.753737306832477	29.75715669699144	29.760441658612773
8170000	28.9520990948721	2.602947591776338	28.725052009601203	28.733102172823024	28.73940237453926	29.407201066238954	2.2356340415239067	29.210360127389997	29.230303744662525	29.233706336955425	28.909387147585694	2.186797916466523	28.71866332273589	28.724582804300454	28.72964318848102	29.38471273234501	2.310401601101411	29.17460508494433	29.19376303306231	29.209827550140147	28.909588565158042	2.1945595476086943	28.7194847759777	28.72451949909493	28.729277378452082	29.41249658314369	2.307953365410575	29.211547428866957	29.219788535669906	29.227712247520557	30.960472039448224	2.429730280316525	30.748256345814724	30.768683468192506	30.771958488116628	29.94034639543077	2.1909587586028567	29.75370744488891	29.757174604208153	29.760640200716253
8180000	28.952489282164755	2.602172523527119	28.726161393245466	28.732936289454123	28.739767489434538	29.40664559259886	2.2355755082621585	29.213116382597406	29.23021925503005	29.232890608407015	28.90941801523468	2.18679520174437	28.718735048603683	28.724582804300454	28.72970894399752	29.385445341427353	2.3091909502404184	29.1752750904449	29.194036204394543	29.210797631218753	28.909608066243	2.1945578959781433	28.719464256043118	28.724546316944455	28.72928351641888	29.41193202692532	2.3064656149623723	29.21110564141384	29.220162588158544	29.22735787975918	30.960418564606197	2.4326845372929835	30.751484216031255	30.768613560208205	30.771314933045343	29.940390741042567	2.190798788807022	29.753578129321447	29.75732663510868	29.76063530792715
8190000	28.952088627193795	2.6000113809129775	28.725677030367915	28.733111712537355	28.739371039891243	29.406261079591413	2.235867243673394	29.210744915132935	29.230166154573478	29.232108439647504	28.909438422463797	2.1867934175249557	28.71878529813469	28.724617549692855	28.729741647887856	29.38374804183345	2.3073012682619423	29.172858002872477	29.193930431697666	29.209171651010614	28.90962659664416	2.1945563808216053	28.71952019623015	28.724546316944455	28.72928351641888	29.41121717887433	2.3038282887749872	29.21078211571752	29.219828429894278	29.226793818125735	30.95988274385721	2.4293726581955757	30.748902296177	30.76853631082937	30.770506121041155	29.940383275363004	2.1907573594451746	29.753504414998	29.757510918853974	29.760719470003888
8200000	28.951967684389558	2.5954097522649637	28.725406737326498	28.73259381323723	28.739911368147297	29.40800705973722	2.2346489121437316	29.21531511452158	29.23051973700226	29.233458557920294	28.90952039133424	2.1867858084546636	28.71885781833246	28.72469654679582	28.72977866068184	29.38474178308527	2.304169148632084	29.177117260565474	29.195542216288864	29.21033947376932	28.909658892860904	2.1945535206664535	28.71952019623015	28.724595470922047	28.729321251653317	29.411450017037716	2.3025294410659343	29.21104319168345	29.219622863156644	29.2273698660158	30.96137814986717	2.4207112301841622	30.75334318311053	30.768981218493753	30.77190769520243	29.940508710336257	2.1905865050471474	29.75362327709192	29.757299566493487	29.760834595993508
8210000	28.952038782846714	2.593096595639237	28.725770215369508	28.73295662572912	28.7394849952175	29.404713180471656	2.2345129900851277	29.209155526261352	29.23004713934086	29.23326622818258	28.909525691305898	2.186785288887368	28.71885781833246	28.724717542036572	28.729741647887856	29.38414533033195	2.3069253749497722	29.175088277437936	29.193652023199967	29.209379192880522	28.90968072923131	2.194551678150698	28.719428201416918	28.724633154042813	28.729475459303938	29.41162674480883	2.3049962145356213	29.211118582802037	29.219875392823724	29.22711092535575	30.957964852999353	2.4229631047281552	30.747645181643023	30.768420509603544	30.771700872990117	29.940743052044592	2.1905474512887304	29.754100344574148	29.757704676496164	29.760833491091333
8220000	28.95268358529068	2.6020518573668694	28.726128936026427	28.732867213035988	28.73934036201066	29.406038004569776	2.2352814356523147	29.214357214264375	29.230514286452557	29.232426438738077	28.90953263735782	2.186784316377432	28.718955461406914	28.724824796549637	28.72970894399752	29.386039409223393	2.3091586311013073	29.17717990439955	29.195579933125153	29.211091243736405	28.9097191068846	2.1945479731311033	28.719428201416918	28.72466969479577	28.729688899451162	29.412431579947572	2.3073727514625686	29.211879695134975	29.22067216358118	29.22696502726064	30.958652603376198	2.4277062414143753	30.752591602907636	30.768975835403644	30.770885836980124	29.940949190829805	2.1905082867477788	29.754155510018826	29.75775547897183	29.76084262523756
8230000	28.95268359019456	2.60081165057314	28.725650031463868	28.73283083326157	28.739448501179215	29.40617306922436	2.2353410416127386	29.20841169375035	29.230350074554153	29.232498819689837	28.90954738859604	2.1867829856763055	28.718955461406914	28.724824796549637	28.729766462604953	29.385205170934565	2.3078169392375147	29.176337343221395	29.193579530809387	29.209854152002087	28.90973107833949	2.194546999072999	28.719416716889704	28.72469699998082	28.72974662739516	29.412133378231115	2.3043551770621535	29.21170085541406	29.219983209923683	29.22739366285061	30.959492482284308	2.4296543423088717	30.74627985491263	30.768782538312852	30.770858419456736	29.940746544440454	2.190458965322304	29.75389869014968	29.75755973802007	29.7608557123285
8240000	28.952083553970258	2.5930895670304372	28.726221808758353	28.732802943502563	28.73975884949246	29.406676849623484	2.235229878853879	29.21070104519516	29.23014548717616	29.23343601173657	28.90958431356541	2.186779482505738	28.71897539772087	28.72488705546464	28.729806700041706	29.384474765317208	2.308444237584902	29.176203213352156	29.19382847450634	29.20978637739288	28.909769072603858	2.194594710165449	28.7194847759777	28.724787145245728	28.72974662739516	29.41169891084046	2.3067502068240637	29.211309472459284	29.22015165310181	29.227044013000825	30.960082904841162	2.430317920766098	30.748594547314745	30.76852577926239	30.77172578518047	29.94077729370784	2.190510311052021	29.753901932520673	29.757462988503235	29.76095095829153
8250000	28.9526397632333	2.5903429157816413	28.726378297148745	28.733257293057306	28.740299059917124	29.405705685664994	2.236598318054353	29.212023604427348	29.23029832115373	29.232854456745283	28.90960753702988	2.1867775260750326	28.7190481472395	28.724870013654005	28.72990235301562	29.38539531550868	2.3088132176584977	29.17601019615183	29.19506695332042	29.209598402251977	28.90980376528116	2.194591719304233	28.719654677034114	28.724800156792774	28.72974662739516	29.411957652769505	2.3078084293415846	29.211072519029955	29.220554946264482	29.227227751141015	30.958549467424135	2.4253753902397355	30.749964908089073	30.76874225493534	30.77112141722285	29.94093747253413	2.1904829639087375	29.754228442487822	29.757593986884764	29.76093748236473
8260000	28.951759849880162	2.5905516286377903	28.726137082339598	28.73324448220488	28.73970967531787	29.406047728251025	2.2369342472721505	29.20981439388932	29.230205449707405	29.232810965628744	28.909669457906503	2.186771888754232	28.71908135456696	28.72494976242799	28.72992181739315	29.38520953280594	2.3082790807731146	29.17631342191431	29.194466882762747	29.209478032596962	28.909812375899147	2.194590160459188	28.719673864212247	28.724824450227125	28.72981930978566	29.411914804090124	2.30559710670854	29.21088705296637	29.219933056136576	29.227292561683754	30.959590590269784	2.4246311015077424	30.748331012007952	30.768665098011205	30.77125806581655	29.94075190149326	2.190480914080895	29.754203441072715	29.757441153228307	29.7609353569279
8270000	28.95260025417981	2.6051827899953253	28.725948130723044	28.732711955883417	28.739367197360586	29.406848991991904	2.2354612055390146	29.213536306501563	29.23049939055403	29.232955806234926	28.909711335685284	2.187018046412476	28.719092899517953	28.72500145152617	28.729929895364204	29.38389022023347	2.3086982387869455	29.17532405967354	29.193738982589394	29.208424384860457	28.909853101270066	2.194586704137099	28.719711062449136	28.724851493344616	28.729857726960365	29.411672973181677	2.305720857170303	29.21155890669781	29.219785419791208	29.227042115909477	30.95988850454523	2.4261592742916998	30.75114095550084	30.76894854423289	30.771340958194976	29.94042097335274	2.190510220277179	29.753823858674743	29.757316088630475	29.760554779189135
8280000	28.951838285435407	2.599370804003079	28.7263211870167	28.732618717209206	28.739491920279228	29.405290611632786	2.2350363851619517	29.208546443280394	29.230188033148238	29.232328068565327	28.909758247851663	2.187014024514218	28.719196366257275	28.725047724936104	28.730021136404424	29.38504211484772	2.3080379692808584	29.17636699195096	29.194236931918894	29.209478365552748	28.909877061862606	2.1945823572055874	28.71973936642969	28.72494204845736	28.729981034693697	29.411467483341966	2.3042152426021425	29.210481985460767	29.21996212574166	29.227078370073194	30.957191484500406	2.42703924771421	30.74673653321654	30.768558151466834	30.77072285831744	29.940722376286143	2.1905499084361924	29.753723700412788	29.75758092921717	29.760856037731326
8290000	28.95233998627706	2.603673104920846	28.726057846899902	28.733006155108	28.739571819114378	29.40635390453723	2.2353118288332623	29.21137723197832	29.23009953516864	29.2326833346316	28.909773695820874	2.1871082683430294	28.71931586506568	28.725063205106753	28.730041099145055	29.385275564825832	2.31034654038789	29.17533544223185	29.194852359642844	29.209948755522014	28.909914367607996	2.19457919659604	28.719711062449136	28.72494204845736	28.730007863221616	29.41204877282109	2.308223279265155	29.21021287546354	29.219564424815513	29.227539359108775	30.959489092009047	2.4335821467831042	30.749358617266438	30.76843563360942	30.770999611971803	29.940737668575963	2.1905486147541025	29.753914031184244	29.757496036084312	29.760959443921017
8300000	28.952170140288647	2.6016513706109206	28.725468854001527	28.732746251152488	28.73928943010774	29.405392339716848	2.237105946165942	29.21190144767645	29.230415049453676	29.23263600305986	28.909774194319557	2.187107140933572	28.71943955118043	28.72506871338937	28.730021136404424	29.384772240158888	2.3093718767916793	29.17509547069773	29.194359590231144	29.20962354170969	28.909925040489004	2.1945782417049284	28.719644728890124	28.724912788277408	28.73006797291566	29.41169509582146	2.30725804509911	29.211038485557943	29.21993404141775	29.227013024726375	30.95873629352298	2.4279661674463235	30.749994484776217	30.76885711867833	30.77102427634008	29.94065013950387	2.1905557519507455	29.753609719696563	29.757356226608756	29.760829201817646
8310000	28.952438903377942	2.60240818504541	28.726007236933768	28.732872525542277	28.739886674821523	29.4055111964472	2.2365827977984236	29.21168834908511	29.23026777243672	29.233203177639332	28.909805965241937	2.187104165903777	28.719523236888804	28.725076307485402	28.730034303441535	29.384200002899913	2.3073112837703054	29.173154611256273	29.19415902529962	29.210219770199757	28.90992059806775	2.1945785372100683	28.719671999840998	28.724883550535132	28.73006797291566	29.41217931341274	2.304982378735217	29.211614393061748	29.220080891142796	29.227635015243504	30.957657886891287	2.4269404451825967	30.748009348067185	30.768668431384356	30.771503746687255	29.940933581739667	2.190447046355592	29.753839411245366	29.75756775299129	29.760891238546517
8320000	28.95345062526592	2.6078636926266747	28.725410821432867	28.73321794469299	28.740236440942198	29.4075722990006	2.2363420821315922	29.213469857489486	29.23043312243346	29.233065840120602	28.9098546158065	2.1870991736762226	28.719527163060082	28.7251468846732	28.73004880958002	29.38559316920428	2.311983015406825	29.177094079920018	29.194525137160824	29.21008422727628	28.909933651240234	2.194577423012913	28.719711062449136	28.72489505049859	28.73021311632889	29.412376832849727	2.3093312660806604	29.211313793439203	29.220394782656463	29.226932660755985	30.960898260697324	2.4352876961018404	30.751411457721044	30.76884498596759	30.771301017482095	29.94087442522368	2.1904010727392156	29.75413716992479	29.757518832357526	29.76116104419881
8330000	28.952009149525757	2.599950091359975	28.725999066350127	28.733393831585488	28.74008415538612	29.406506104043164	2.2368093767406787	29.21078577314689	29.23005537992563	29.232382910190665	28.90983267930883	2.1871007909983615	28.719527163060082	28.725125040818423	28.73004880958002	29.3846072435111	2.3071937496618364	29.176135241637525	29.195031959911724	29.208216639817657	28.909967597604716	2.194630244094439	28.719715779944295	28.724936834995802	28.730249187877767	29.41183837832115	2.3049189889513473	29.21144784977423	29.21972260341493	29.226947083382196	30.959080487973043	2.427185953482566	30.748393534449647	30.768475349530007	30.77084020731311	29.940942729249798	2.190404157941453	29.7541785678078	29.757604600275293	29.761044991865326
8340000	28.95169415934928	2.597602128648771	28.725187709547228	28.73268581489978	28.73961902660382	29.40591804413905	2.2362660895635784	29.21035652649241	29.230285266072677	29.232010245995212	28.909861247526393	2.1870969002899403	28.7196347392747	28.72513542122651	28.73004880958002	29.383851473726423	2.308148801488485	29.174564855247112	29.193304717773984	29.210696954480667	28.909976148798123	2.194648317987612	28.719715779944295	28.724974482624162	28.73030640707543	29.411630258018285	2.3066450291673273	29.21122881423354	29.219567546619714	29.22671950365427	30.95927652729757	2.4255045233587045	30.7487687575934	30.768708774448662	30.77041115181802	29.940714603870074	2.1904249069532757	29.753960971368286	29.75755086935054	29.760971368886782
8350000	28.952703286836165	2.607803596382366	28.725186849687795	28.73281004923219	28.739451089462037	29.407264640037553	2.2354252270324566	29.21395060104561	29.230603723901282	29.23296741341715	28.909878905192244	2.1870953334435965	28.719647656506442	28.725174697938233	28.730021136404424	29.385322580476938	2.3084493887868827	29.17562343717812	29.19397526788481	29.210763643709637	28.910028256724942	2.194741046126296	28.719752100815946	28.725033187707027	28.730314378023127	29.41181853565214	2.306739370647282	29.210866144539835	29.219945438316593	29.22723610902011	30.96071185992424	2.4325881744726616	30.752230049819598	30.769062108462027	30.771413583292052	29.940874949570777	2.190411758773404	29.7541514025058	29.757587727944895	29.760892608797217
8360000	28.951915232332304	2.594812406947681	28.72579693265904	28.733257350705316	28.740065624697937	29.405936652239205	2.236843894753116	29.210762711677667	29.229764645619767	29.23241405745093	28.909912744915307	2.1870924570655577	28.719716156404004	28.725198695911573	28.730034303441535	29.384140104763087	2.309676279238915	29.17554336227449	29.193206864408126	29.207590972984427	28.910002914714493	2.1947412509972577	28.71973936642969	28.725056213273962	28.730314378023127	29.411511532036325	2.307192172005198	29.210536008051005	29.21948488770474	29.227206010462716	30.95876699115822	2.4252699241271802	30.748443233872237	30.768191959230816	30.77084458737576	29.94086107230998	2.1904135004692655	29.75409137301634	29.757723715409085	29.761003155664845
8370000	28.9527652349215	2.606634106253183	28.726225976250365	28.7327870936018	28.739555123950062	29.40664922970211	2.2362249183915237	29.214028862086497	29.230272852482948	29.232772002821424	28.90997671368084	2.1872830919689332	28.7197827166179	28.725232885168978	28.73004880958002	29.38611994567487	2.305719562603285	29.178655364131842	29.195590859399708	29.21039168040063	28.910018762805617	2.194739560763413	28.719752100815946	28.72500292406899	28.730309897656603	29.41231464871254	2.304163938763295	29.212086472909995	29.220533812116557	29.2274478634215	30.959595301829008	2.4266498800126652	30.75223517248878	30.768614635712602	30.771205999130906	29.940941368332762	2.1904059274111125	29.7544574956327	29.75777239977331	29.760908919021883
8380000	28.952258768570463	2.600466107620747	28.726075132940757	28.733364308796823	28.739885085676985	29.40827457373656	2.2345407584201973	29.21428452661367	29.230532219369355	29.233425253087187	28.910009730145422	2.1872801895635168	28.71981690687941	28.725259777058625	28.73005249456839	29.385310747056007	2.3080163408752643	29.175778698026757	29.19563960144132	29.210487737753326	28.9100252347676	2.1947389685203293	28.71977402964077	28.725056213273962	28.73030640707543	29.411694957486507	2.3054765831016675	29.210961056175613	29.220078737290947	29.227135308358736	30.96157483853435	2.429809206877563	30.752345881138716	30.768950805746048	30.77168788653547	29.94077307143402	2.190417310840675	29.75410034691122	29.75771487111294	29.760818781306355
8390000	28.952119533098163	2.6039318295450093	28.72639599468871	28.732990767099167	28.739863207658665	29.40620921011918	2.2365062547290058	29.212030702273555	29.230331104358054	29.233329337792778	28.91001551315471	2.187278055368006	28.71983722010788	28.72533094027012	28.73006724054781	29.38468070467574	2.308426190095701	29.176224845141252	29.193896682888024	29.209135409521387	28.910036872493404	2.1947378512626337	28.71978471837639	28.725074830265235	28.730289093901753	29.411578240726985	2.3063441059642593	29.210619480728223	29.219928347691692	29.226832416879134	30.95955716616955	2.4309978467127515	30.74946464167564	30.768753516763027	30.771763498816142	29.94074434409468	2.190585426779357	29.753912887333183	29.75766813545338	29.760697972225373
8400000	28.952229632015193	2.602537303176777	28.725647782129222	28.732569467892656	28.739130869458116	29.405779470221088	2.236217372947969	29.20963676743319	29.230178394263607	29.23256229370089	28.910036245117443	2.187363978555871	28.719864185576995	28.725285283137502	28.73006724054781	29.384750893772562	2.3075322555610813	29.175735094467285	29.193592990479846	29.210210967289964	28.91004821055457	2.194784925162104	28.719870607367575	28.725074830265235	28.730309897656603	29.411822630174473	2.3056913785008377	29.21101016699896	29.219864850773114	29.22710761738201	30.957917728999572	2.4279666544370766	30.74654223277797	30.768618679328874	30.770979230792292	29.940358624588775	2.190686376970624	29.75368673206979	29.757196772170786	29.76052595271177
8410000	28.951928178127456	2.602549260312861	28.72611595502563	28.732581483282377	28.73884508657225	29.40698535860935	2.2364323792070486	29.213379987391306	29.230503944652984	29.233442827103914	28.910258185487944	2.187353364510043	28.7198810910092	28.72531668343405	28.730034303441535	29.38508645439129	2.3088715470988523	29.175807095629473	29.194285007136095	29.210443579089112	28.910028803915022	2.1942497699613015	28.720068715956877	28.725074830265235	28.730309897656603	29.41223511544219	2.305742046429557	29.211589149115945	29.22003470585222	29.227477125240426	30.96019789711028	2.426405737886236	30.751818002787623	30.768942308576822	30.771767915192537	29.94036549705922	2.1906836860658934	29.753777089953367	29.757100776303965	29.760634745724005
8420000	28.951841364987406	2.590383680655319	28.726189574036923	28.732681023480275	28.739823326954543	29.405861624487475	2.235039086887005	29.211144037540556	29.230128985110056	29.232263263122263	28.910250171053356	2.1873540265118208	28.7198810910092	28.72530903580661	28.730034303441535	29.384493113154356	2.3081372748655493	29.174878894300647	29.193249302512186	29.20964812904912	28.910066890620694	2.194246519774983	28.720172590503775	28.725079837885602	28.730314378023127	29.411508509505765	2.304809959567111	29.210953305101846	29.219812086876964	29.22643544486574	30.959626539806862	2.42917315250608	30.74965715686113	30.768592206410574	30.77066767415729	29.940527368540952	2.1906709199564927	29.75374534155533	29.757442736386643	29.760576711560525
8430000	28.952443982871287	2.5971174545660225	28.725754623021146	28.732742703180605	28.740435004293758	29.404629804989344	2.2334871840537107	29.20940830374093	29.229974493824315	29.232030292893263	28.910268206436594	2.1873514190671166	28.71984713754347	28.72535402710227	28.73005249456839	29.38474366498809	2.3081965260143376	29.176012953567895	29.19436261554634	29.208828960028793	28.91028264198757	2.1942370178090225	28.72020829323492	28.725116829856592	28.730309897656603	29.41151717424963	2.3048662387586267	29.210483865699967	29.219734068036445	29.2272131998517	30.95801300019232	2.426720621447196	30.74743023668335	30.768431375600855	30.770437545020897	29.94048679855362	2.1906748300127052	29.75380641241101	29.75733996437287	29.760711090342678
8440000	28.951694407988814	2.597381773716485	28.725646104053844	28.732574777212417	28.73933969899578	29.406022602300354	2.2337695674987947	29.212534365395754	29.230304607791272	29.232476632392927	28.910261917431043	2.1873501056581235	28.719853481807384	28.72542351869874	28.730071674023584	29.384631304191604	2.3053363850129585	29.17568371499005	29.19385735672352	29.20886031406768	28.910286826863906	2.1942365596854807	28.72020829323492	28.725129589102878	28.73026227464227	29.411991798791068	2.3030237953367165	29.211562851927138	29.22006250322087	29.227295817749514	30.959286897130458	2.4245925900335346	30.750995776800924	30.768703286933686	30.77078284049404	29.940737581319855	2.190623937013148	29.753788663967327	29.757455205284522	29.760837902393597
8450000	28.951334734912333	2.5968506273000815	28.72571536403652	28.732841010525092	28.739766236273493	29.405889865353725	2.235325825170205	29.212876220146846	29.230082659742116	29.232512343293227	28.91024802058901	2.1873504252505493	28.7198810910092	28.72542351869874	28.730071674023584	29.38510011341706	2.30873389716847	29.174418962288218	29.194515097439897	29.210522136204844	28.910317532767785	2.19423394487915	28.720213700377364	28.725152720372893	28.730314378023127	29.411995357395252	2.3068397739552897	29.2109192567373	29.220135001294736	29.227825096273286	30.95929522069246	2.425613852876677	30.751303731464333	30.76845458668911	30.770882139964037	29.940977132557553	2.190626008633144	29.75422272521362	29.7575108692534	29.76084730411354
8460000	28.95202317428696	2.6015002687155655	28.725503205841964	28.732620027589334	28.73995575171297	29.40625874477675	2.236064700239002	29.210395371407596	29.230399716855736	29.23314835471065	28.91027442261421	2.1873481929717653	28.7198810910092	28.72542351869874	28.73005249456839	29.385817491450762	2.3075327622022055	29.177718070050346	29.194017032081447	29.210868776982657	28.910305005741346	2.1938177530091747	28.720266066832732	28.72517694113293	28.730378553375544	29.412499285032464	2.3064764018662443	29.211843662171624	29.22028692167148	29.22765430645236	30.95902913825103	2.4273204518011235	30.748347092172594	30.768761699386264	30.771437288228448	29.940404862859843	2.190716791763455	29.75375870258614	29.757435435814045	29.760893591384736
8470000	28.951577316169733	2.595005083271849	28.725770156612782	28.733203450694894	28.740251644128872	29.407022763985665	2.2361160709311183	29.21179126136746	29.2302077346984	29.23264837959764	28.910282579398658	2.187345761663305	28.7198810910092	28.72542351869874	28.73005249456839	29.38443194790165	2.3083405936576633	29.175747354259812	29.194687654546744	29.209284794738643	28.910334325265104	2.1938152254987378	28.720311963109054	28.725192186038406	28.730378553375544	29.411692172043722	2.3049621235525195	29.211794025976122	29.21986373277678	29.227157788939486	30.959790732552463	2.425506547809558	30.75000042388256	30.768560491637793	30.771029450900915	29.94061261567403	2.1906960141729126	29.754071085518785	29.75744442634203	29.760688886183836
8480000	28.95211036508137	2.6070367470244507	28.72541907126888	28.7326587013156	28.74001558963097	29.407283496181016	2.2363637520851865	29.213297421962473	29.230312933946493	29.233167095775975	28.910313816725996	2.1873422339128687	28.719907335154897	28.725430788036313	28.730178121420945	29.384708053524058	2.3103804529426233	29.175164599278858	29.193980523299253	29.209689955106818	28.910366924438218	2.193874588656434	28.72035420639192	28.725196573752427	28.730524234964513	29.412187410337367	2.3081876101944543	29.21134430112152	29.21953448317248	29.2267608775069	30.9609099266228	2.4305039744511263	30.751591340459917	30.768742916993418	30.771584319860374	29.940552874296433	2.190667270796991	29.753803068519414	29.757559535716943	29.760729177024587
8490000	28.95154414653269	2.6045230813029288	28.72569096820634	28.732826562910557	28.73929606177509	29.40595580478529	2.236675719766348	29.21047243781255	29.23029061620783	29.232186039388164	28.910333610247413	2.187340439370838	28.72000433325252	28.725466118908223	28.730217212366714	29.386253971688717	2.308102975643763	29.176904471156885	29.196274604129066	29.210353040826295	28.91035660082029	2.1935487242714347	28.7203401857029	28.725183349764833	28.73057307904781	29.41226640811014	2.3057087136199557	29.211441616849612	29.220442294849626	29.227863477273136	30.959674317608748	2.431957352361408	30.74745353959119	30.768646705554424	30.770631130945162	29.94070867438017	2.190652521202476	29.75406567410091	29.75751348804298	29.760800908714693
8500000	28.9519824743102	2.6033467390610983	28.725829034535217	28.733075629200073	28.739869746765272	29.40598148220365	2.2349481765340173	29.21254761666608	29.229914714146645	29.232678320563796	28.910382487341753	2.187523959081881	28.720024486429004	28.72549866457711	28.730217212366714	29.385127528827656	2.309208663570014	29.176523706061587	29.193594528904008	29.209759583659405	28.910359918239106	2.1935483844513626	28.720348999126127	28.725183349764833	28.730506076086478	29.411782749741622	2.3052991818490094	29.211932991262508	29.219214682767493	29.226815614945977	30.959147162152487	2.4296912137220956	30.74987681143132	30.768264557066836	30.770898437030908	29.94090362593929	2.190712540872254	29.754097927922164	29.757771284810666	29.760672405686822
8510000	28.950603992553823	2.5905956513376145	28.725702335762065	28.73259583951633	28.739564791816058	29.406869965455495	2.234363943355713	29.212944051407614	29.230230417294663	29.233156119638878	28.91037135455532	2.1875229935705915	28.720070287541432	28.72549866457711	28.730217212366714	29.3844380583066	2.3052284490954085	29.176115610207336	29.19394472374672	29.21051989477157	28.91037768435373	2.193546876335011	28.720361100593905	28.725183349764833	28.730506076086478	29.411311826800894	2.302497505252149	29.21109598203937	29.219520061852215	29.226570998606107	30.959211768030368	2.419829556950759	30.750990748746755	30.7686383200137	30.771601373027174	29.94075011115501	2.1907254738917414	29.754015095972356	29.757524470288054	29.76084342957702
8520000	28.95077566458122	2.592907871508171	28.72534546137051	28.732735745083758	28.73958962787367	29.40679337674377	2.2346441474749428	29.212825774308527	29.229984965165553	29.232009511162925	28.91035042695913	2.187522879569868	28.720087171639694	28.72551382139483	28.730178121420945	29.38499268859844	2.307514246693502	29.17649341088769	29.194274382457213	29.209518993938097	28.91037178307239	2.1935463580298897	28.720361100593905	28.72520032291692	28.730515202303845	29.411584181340285	2.3055035491413682	29.210959642109415	29.219317512909438	29.22674213713278	30.9600594890574	2.4235963371126084	30.751159807722917	30.768439871051598	30.770456062955546	29.940795842813262	2.1905856621516806	29.75393855818738	29.757637102720338	29.760846165428173
8530000	28.95165209700404	2.6059093082639797	28.72535979841644	28.732818516114932	28.739271182100083	29.403583656394186	2.2345386938416074	29.208949949610442	29.229567074780604	29.232110377712722	28.910379034893595	2.1876591372328003	28.72010531422201	28.72549866457711	28.730178121420945	29.382548161815468	2.3069953485932295	29.172462174350578	29.191899689651784	29.208026589763556	28.910369603025973	2.1935465281923037	28.720266066832732	28.725191486643347	28.73044753773052	29.410560942263686	2.3056988082664702	29.209866985062735	29.218952792853287	29.226321293150598	30.95726388291301	2.4302385204997847	30.74645461294848	30.767961326013825	30.770528667386348	29.94033153159691	2.190627660459472	29.75375044175272	29.75727930249265	29.760579365064565
8540000	28.95062397354124	2.5844050438885096	28.725583649920004	28.732123199724818	28.739293634841605	29.40563827352184	2.2348597587456838	29.210692912231963	29.230317144200086	29.23257133942964	28.9104147623588	2.1876560152863496	28.720108685223803	28.725531240334362	28.730217212366714	29.38572352583397	2.3076677625731508	29.176602826793957	29.19506986764967	29.209845889045297	28.91037370879975	2.193626582546728	28.720336398329664	28.725191486643347	28.730506076086478	29.411947170984917	2.3054279076405484	29.2114514747596	29.220336733727194	29.226920264759837	30.95872912290017	2.428479121250563	30.748896169783006	30.768763871554974	30.77102667865426	29.94046633479835	2.190613696480859	29.75373471743221	29.75713603938584	29.760599157450596
8550000	28.951692040248425	2.6032958766566296	28.725304001069606	28.73247529837518	28.739763799014046	29.40573604727932	2.23503259064957	29.212020899677132	29.22984808021439	29.23242580341322	28.910420794030607	2.1876552024069924	28.72010531422201	28.72556917175161	28.730261653604774	29.385197726683902	2.307234324082272	29.17718819835642	29.194629521725133	29.210075533205156	28.91037485092784	2.19362621514373	28.720365568769918	28.725218201998203	28.730506076086478	29.411789563771283	2.3053900099849867	29.21020992870276	29.219877541667344	29.227522294995293	30.958746547316252	2.4270033319577395	30.75048578732975	30.768210280244745	30.7707065249026	29.94066251830325	2.1905464750708177	29.753929416131605	29.757262170810755	29.760610043045165
8560000	28.95257823095746	2.6063374938898356	28.725119820229796	28.732555209547684	28.7388742194878	29.40596736500127	2.237245855729662	29.21155892805374	29.230373947948923	29.233048662414493	28.91042411673852	2.187654078466615	28.720087171639694	28.725582139853138	28.730265222803126	29.385751190574357	2.3100481316718957	29.178101172477454	29.19539710405382	29.210503772544644	28.910436622508705	2.193620957257515	28.720379642629304	28.725265024467163	28.73065692062094	29.412520108552457	2.3073382688796658	29.212010537415985	29.22058515421156	29.22755537595442	30.95965097931381	2.4293731370463503	30.749721435617875	30.768827861101776	30.77150081060145	29.940570250731447	2.1905565129006788	29.753788082102915	29.75731998727278	29.760634482793286
8570000	28.951441374694404	2.595034091187524	28.725042987894923	28.732139489556957	28.739522609220096	29.405298190767848	2.2362585623013027	29.2084299631184	29.23014675319775	29.233540394861564	28.910451364875616	2.187651698294067	28.720108685223803	28.725582139853138	28.730273432592263	29.383743203312047	2.3079355226671416	29.174781591730188	29.192863908355278	29.210049363111736	28.910444899840027	2.1936202218692635	28.720379642629304	28.72527972814946	28.730720122123202	29.411346533765464	2.3054713230355737	29.211353645045957	29.220224601033053	29.227005574422765	30.958135882823136	2.4240808617307086	30.746763970990962	30.768562174839612	30.771969731830367	29.94056078277053	2.190548895333708	29.75361321176856	29.757286861689455	29.76071452323457
8580000	28.95346720398156	2.606418687177021	28.725296199334895	28.73254221889193	28.739751136288433	29.40567462163302	2.2361289018910027	29.2138766129082	29.23028179516946	29.232646480112468	28.910473489124172	2.187649416444694	28.720108685223803	28.725614351493363	28.73033455249816	29.385649085458752	2.307781589623224	29.175837431676346	29.195256215817878	29.210774571213733	28.910424479685027	2.193656618732268	28.720379642629304	28.725267528065544	28.73074982673505	29.411914978086553	2.3063634238086457	29.21172156956989	29.219751174199928	29.226928177410166	30.95914269707535	2.42968961837703	30.751295517294054	30.768715698666867	30.771057228749154	29.940533245845504	2.1905518269562796	29.75387110535707	29.757388019151918	29.760602898588612
8590000	28.952245824186893	2.5904262184767375	28.725729143464157	28.73310008146798	28.739945875734247	29.406711983594203	2.236283713067433	29.212896992865836	29.230590821146873	29.23384481366834	28.91049555359851	2.1876474742342045	28.720124517023784	28.72564069480579	28.730358410926826	29.385507149647278	2.306467586288971	29.177084644631503	29.195868552426305	29.21172971000385	28.910429403398147	2.1936547241726707	28.720456227012335	28.72527972814946	28.730871652723213	29.41222545873315	2.3045624947565386	29.211440226603123	29.22065106799365	29.227748671143335	30.959710308538288	2.422451459620801	30.751153433783	30.769042972270455	30.77214063054468	29.940541735387217	2.1904658988422363	29.754102812332412	29.757527401734897	29.760681148414317
8600000	28.9524612506133	2.6038209238708814	28.725661588451324	28.732998753893824	28.739984986738023	29.40721410383657	2.2349895891218132	29.214658653709247	29.230273819898414	29.233425218003408	28.9105390982794	2.187719336233738	28.72021283781413	28.725683927648966	28.73036892937087	29.384529403288273	2.30849533558671	29.175514061962573	29.195021236175762	29.209028606933895	28.91042012047346	2.193655402521625	28.720436483535433	28.72528735374799	28.730720122123202	29.41141398010874	2.3058676811859566	29.210616914115377	29.220080405192192	29.226776547531465	30.960452456868985	2.429070432065177	30.752693767996632	30.76871807345131	30.77184651644537	29.940584214349514	2.1905126140061566	29.75375082150357	29.757480285366093	29.760695289146547
8610000	28.95206053926592	2.603424426905794	28.725627515030766	28.732662786150662	28.739638084398926	29.406862775311108	2.2355150609490564	29.21314883359402	29.230252609323166	29.23228010970006	28.910574027345795	2.18771630515489	28.720297017278135	28.725672695579192	28.73036892937087	29.385087329387797	2.310531072151096	29.175403607770026	29.193507871659882	29.210463264989198	28.910447419251703	2.193652989376034	28.720436483535433	28.72527972814946	28.730685182943656	29.411807992684018	2.307939487438392	29.211011614575767	29.219819142259514	29.227071704454346	30.960372508942164	2.4306329326467644	30.751367886168293	30.76867666169778	30.7706731590115	29.940550827185977	2.190467661055019	29.75378577436522	29.75741115144582	29.76077277727295
8620000	28.951805896483112	2.600726485190493	28.725229969242243	28.73277920760774	28.739574792678333	29.40548783649134	2.2366038981603698	29.208570705605307	29.22992812693574	29.232417444270528	28.910621285412034	2.1877123141018444	28.72032590519715	28.725701342675542	28.73036892937087	29.38372303850682	2.3080906626005295	29.17482523681979	29.19312890198908	29.208645956393767	28.910470704951468	2.1936508635194607	28.720456227012335	28.725304473827634	28.730718937182903	29.411672928681824	2.30660987304188	29.210615737676477	29.21993762882056	29.22674608297021	30.95907448279027	2.430941277758318	30.746584645614984	30.76829723087	30.770840319763266	29.94036252342171	2.19048514412619	29.753565325541537	29.757265370806095	29.76089550236092
8630000	28.95063174862835	2.597158580343849	28.725094962919606	28.732295938335792	28.739030098718647	29.40533455315368	2.2342739681610966	29.21098672819569	29.22986885522176	29.23231810235295	28.91065563651401	2.187812443386608	28.720413499578218	28.725701342675542	28.73047647122875	29.38300013558736	2.304037991137927	29.17224645781315	29.191728471130677	29.208538540544037	28.910477891827377	2.1936500311065585	28.720456227012335	28.72528735374799	28.730756431620467	29.410927778855424	2.3014057773715715	29.209831968914706	29.21909502206332	29.22661441199509	30.958188602642927	2.423693404340336	30.74885804470385	30.76827986601694	30.770695141934986	29.940251184109815	2.190564997026405	29.753378553654755	29.757079046899975	29.76037450059204
8640000	28.950414446837442	2.5963215873983643	28.725163079464547	28.73226537612622	28.73923155771542	29.406921736485028	2.233451309504532	29.2124913488234	29.230255345626425	29.23295155432075	28.9106792663766	2.187810402983853	28.720504379485444	28.72569856954802	28.730555191974013	29.38597934320564	2.3077209527348175	29.177492846574918	29.194728759917552	29.21051427456297	28.91050615684097	2.19364762527694	28.720456227012335	28.725298337550456	28.730718937182903	29.411784082819178	2.304589846572483	29.211563366150664	29.220175323666076	29.22698905045888	30.959721994669696	2.4277302766812254	30.74985422281776	30.76862834583509	30.771121205184823	29.94061533515386	2.190532766231753	29.75383638458908	29.757232490154045	29.760447139678114
8650000	28.9502547522827	2.5971601028203786	28.7245828068665	28.731857056687783	28.739013644945057	29.404033547719205	2.2342875834236606	29.206298541193643	29.23021144265705	29.232860280499604	28.910720739769374	2.1878067613951884	28.720504379485444	28.725798704438922	28.73056414446374	29.383340021149753	2.3077445987166993	29.174589614849456	29.192501970073714	29.2091521587581	28.91053585946991	2.1936451238422703	28.72051669263934	28.725331167300048	28.730723102710776	29.411618491519707	2.304941369772325	29.210608753613712	29.2201947662563	29.227462397159115	30.957035303716065	2.4244381508498454	30.744236229606187	30.768563989808484	30.77112568371703	29.94064953696502	2.19052962276667	29.753755687017865	29.75712616346215	29.760856561722143
8660000	28.951496050520593	2.6010411920723517	28.725378588962453	28.73272370648051	28.739207289452345	29.405921056297547	2.233851047120233	29.210751469452	29.230149767281084	29.232800495852786	28.910755277141405	2.1878000621350027	28.720460411060543	28.725922468380546	28.730588457704844	29.38553219889308	2.3057661637322946	29.176201973922595	29.194527974576378	29.21170062550277	28.91058199297506	2.193641089208661	28.720587220213375	28.725331167300048	28.73072983182941	29.411998313012298	2.3033339813603826	29.21126278258208	29.220370619326037	29.22762001369356	30.959558837377834	2.4274695279041087	30.74914533828671	30.76861293403894	30.771196243346942	29.940844168115543	2.1905148870547353	29.754020342744163	29.75751587211512	29.76084827417278
8670000	28.951713486892054	2.6021414197298993	28.72597926875705	28.732590802188277	28.740002888247353	29.405429330845827	2.2335534294777695	29.209383135031977	29.23043383918155	29.23312687421512	28.91080101182063	2.187796184894377	28.72055257096039	28.726048011912646	28.730640998856956	29.38564570191756	2.3084191265515845	29.175348088490207	29.19563301067489	29.210674872763267	28.910636509612868	2.1936362489255203	28.720651530559007	28.72544071824872	28.73082757418141	29.412295327874414	2.305306822720344	29.21192329741529	29.220135270929305	29.227722702879603	30.95847922544272	2.4288751947569787	30.74787359726038	30.76882590720786	30.77151331265194	29.941001044910653	2.190515038713694	29.754178061579374	29.757919594343058	29.761172560644482
8680000	28.951153950301837	2.593289701581218	28.726056328292273	28.7327255885549	28.73990124257282	29.40608824850569	2.2341709696243752	29.20791667773626	29.229857599366348	29.23222898481381	28.910812118985223	2.187716155911676	28.72055257096039	28.726124510904278	28.730640998856956	29.384871898549086	2.3068109712185816	29.17690912973547	29.194528470264597	29.209887352288852	28.910656840208574	2.1936342957077644	28.72071187936544	28.725455831285068	28.730858205248666	29.41130710625542	2.3035028645699787	29.211243149466235	29.219922300697664	29.22707327575819	30.95982416026015	2.4280460516162092	30.74631747660785	30.768283863564026	30.770549950475825	29.940850099491062	2.1905526732191474	29.75392706589708	29.757662898592592	29.76099071779289
8690000	28.951984305798433	2.6046643029060017	28.726414444880128	28.732708382200794	28.73910370914458	29.406386287515165	2.235915499937919	29.213465491901086	29.230269477235904	29.232956229011155	28.910798130041382	2.187715250583661	28.72055257096039	28.726100740083673	28.730720825819947	29.384255935800784	2.3106111964880474	29.17439363316975	29.192818283870253	29.2095323984926	28.91068540325522	2.1936317963704126	28.72076971609422	28.72549953929834	28.730858205248666	29.411472155564155	2.3075698454216234	29.209901723526716	29.220077785219054	29.227164141058417	30.95969844445256	2.428649991563213	30.751658023805593	30.768690403980884	30.77140260238792	29.94056936801442	2.1905774944957237	29.753623413952916	29.75748209834574	29.760878557093935
8700000	28.953122696515603	2.603357960370642	28.725767244918995	28.732763348269074	28.74022810370106	29.405875809400243	2.236354096680374	29.211210337568637	29.230386921066426	29.23270418351654	28.910837834383894	2.187711841114058	28.72084935056256	28.726055931412933	28.73083651137884	29.384580742646612	2.3108908426674346	29.174784471162486	29.194670715706756	29.2089919037168	28.910683961824716	2.193649927144666	28.720779394247067	28.72556479283489	28.730858205248666	29.411761881426738	2.3083289851018622	29.210386561065405	29.21968417786023	29.227022286918363	30.95883184526583	2.431414818247533	30.7485369085502	30.768816239782776	30.771067314606185	29.94063154512452	2.1906386338506243	29.753529617043792	29.75738474389376	29.760927023308724
8710000	28.952387199393424	2.600769986899022	28.72538022674838	28.732516809744347	28.73998104850862	29.405422266315465	2.2379460407460385	29.210609718371096	29.22985012393926	29.232129945914323	28.91082994118591	2.1877124242047277	28.72089544492399	28.726037281974484	28.730720825819947	29.384021348481728	2.3101165039556455	29.17302211514958	29.191825232763556	29.209324207086873	28.91072495515659	2.193646397937639	28.72076971609422	28.7255915371709	28.730858205248666	29.411709036927338	2.3065611485155477	29.210877631882507	29.219316768042056	29.226814924074407	30.957597852174427	2.4245274187641983	30.74869387703753	30.768228053182092	30.77040920407608	29.94043091999425	2.190769067653688	29.753649273974723	29.7572407031131	29.760459587541682
8720000	28.952764906578132	2.6054512335111895	28.726263381721214	28.73280767162943	28.740236641893084	29.406286195375483	2.235313805782225	29.212525334619105	29.230357881307647	29.23313018228302	28.910874090303363	2.1878080350385987	28.720914964342093	28.725944202270924	28.73074692164209	29.386421531777913	2.307750806705464	29.178148758304925	29.19591581105223	29.211063578725017	28.910737236856527	2.1936453720018725	28.720738014936128	28.725661166305926	28.730889387398854	29.412257583128515	2.3056280108539426	29.2111576985216	29.22077663232445	29.22748258012888	30.95964300552155	2.431262010704451	30.750824915178203	30.76881150674384	30.771578488982584	29.940692899081856	2.1908132936620555	29.75405199391801	29.757462598178982	29.76048316378688
8730000	28.95200092527745	2.597540890330029	28.725938676620792	28.73258338550411	28.74023970758215	29.406910935942744	2.2369158395833284	29.213328090116562	29.230209444178186	29.233375199769487	28.910888562077776	2.1878061040651695	28.720909302444134	28.726037281974484	28.73091254988711	29.385688871638603	2.310697921977668	29.176713540481842	29.195320824375244	29.209334190938286	28.910779117515105	2.193726634949583	28.720767156052553	28.725797198197952	28.730871652723213	29.4126745445993	2.308082220980198	29.211655024311323	29.220413574562514	29.22677110456496	30.96000187348993	2.4253833888234144	30.751589650467878	30.76863052098432	30.771708730558434	29.940755284904334	2.190875145058907	29.754159959342424	29.75782590167921	29.76068565467731
8740000	28.95176728461704	2.6026145285351774	28.72559610200755	28.73273593268784	28.73991286702563	29.4053868493029	2.2367689284838392	29.21230701129742	29.229954061997383	29.2324420697688	28.910874218972726	2.18780593426979	28.72086126200539	28.726037281974484	28.730916272376398	29.383030773322478	2.310644822895654	29.173023528712285	29.19261395809157	29.20798200325143	28.910808540762343	2.1938167521001195	28.720767156052553	28.72579991442573	28.730890510156534	29.41135822904554	2.3074914027093767	29.21077194339485	29.219408074869214	29.226657537012823	30.95861817814282	2.4301279533673017	30.74892267501302	30.768341756541115	30.770817239099333	29.94068398113623	2.1910166855867863	29.754111329269982	29.75753847165683	29.76080499504576
8750000	28.95219850924882	2.598422237933921	28.725478639097375	28.73290593203822	28.739819291427477	29.406822455108586	2.2364412424974174	29.213460844944528	29.23012665287387	29.23225528456745	28.910866387655613	2.1878065214750526	28.720914964342093	28.725990052012826	28.730936742070224	29.385233586566358	2.308817796340447	29.175287499567872	29.194120262456376	29.210070754581672	28.910834518766972	2.193814523106224	28.720788590809576	28.72579991442573	28.730891721997075	29.412195866961373	2.3057610377180415	29.2107862220094	29.22001198237001	29.227745201490205	30.959871127268045	2.428607550388979	30.751105478099184	30.768431986533464	30.770674028675526	29.940792701799733	2.1910075842571395	29.75396952757196	29.75774678530494	29.760920132512968
8760000	28.95276907416735	2.601745349590256	28.72593721916555	28.732991331813682	28.74056389983466	29.406431182121334	2.23681465685944	29.211964107678526	29.230265866790262	29.232536918096887	28.910889067050586	2.187804437064507	28.720944186290843	28.726100805357504	28.73092093171922	29.38508087472957	2.3087176468177524	29.17671735725493	29.193779245244343	29.20997648949557	28.910830670204774	2.193814586794125	28.72078510252932	28.72583699193366	28.730858579501227	29.411880776163002	2.306182571247377	29.211178558055423	29.219743459522604	29.227461802079326	30.95962314588476	2.4273342554542334	30.749823957716554	30.76871027377918	30.770921335799972	29.941066040083072	2.1909308772906364	29.753934519644258	29.757918692262315	29.76091877544587
8770000	28.95262103653156	2.6032534945717214	28.725404615612987	28.73332194300641	28.740100348147568	29.406807069008842	2.235813364865171	29.21509890388896	29.23020177072856	29.231848519059465	28.910893962210263	2.187977099144849	28.72096878224974	28.726100805357504	28.73091254988711	29.385692978245046	2.305142601456628	29.178060952083335	29.19448896884723	29.21118513385658	28.910848241494975	2.193812972467599	28.7208448973675	28.725870799555572	28.730858579501227	29.41234219391592	2.305560525427833	29.21127805418126	29.220547682398735	29.22768775998673	30.96014511122089	2.4253324933755196	30.753310400931717	30.768632699832892	30.77022058902085	29.940886551826623	2.190999990625068	29.754035036574376	29.757931885915227	29.760763105936903
8780000	28.95184508669935	2.5994456056476767	28.726013335065826	28.73299335427752	28.739559225984124	29.4062498761733	2.2364646797209358	29.213111029268	29.23012945250243	29.232403333780237	28.91091644210981	2.187975089097612	28.720975758290802	28.726125238226906	28.73092093171922	29.383853522366756	2.310371240938724	29.175360250306245	29.19377698600823	29.20831455772911	28.910891084000927	2.193809305176873	28.7208448973675	28.725888588148457	28.73093611587872	29.411650623499316	2.3080038876824505	29.21112822236635	29.219239573969592	29.227060712229456	30.959262857314187	2.4294802621462095	30.751238030071384	30.768543961973794	30.770753328118825	29.940850196075196	2.1910894940712082	29.754121128061193	29.757738417867998	29.760657600213285
8790000	28.951999009639703	2.5998176905473027	28.725774220077735	28.732764588603345	28.740083587434906	29.405421776513297	2.2365767060498762	29.20949200846895	29.229987496813205	29.232588447719454	28.9109026262692	2.187975077874228	28.721010225474217	28.726125238226906	28.730936742070224	29.384450817331416	2.3078869962518365	29.176399380743714	29.193403331230904	29.210120632371154	28.91093084647676	2.193805420407484	28.72090265212953	28.7258981964682	28.730956607022257	29.411898295425647	2.3056629028576316	29.210851326333998	29.220102385616286	29.227814113331572	30.95683503782375	2.4202371689923403	30.746260891529346	30.76837844860608	30.77083756366762	29.94071958885812	2.191135988918581	29.75420402120235	29.7573348368896	29.76089791136134
8800000	28.95128681443634	2.590268364784165	28.725990544181222	28.733519101718212	28.740091078380853	29.404186116179112	2.236670546893462	29.206200437319787	29.23011225187002	29.233059653998414	28.910935539480512	2.187971656207298	28.721066394704998	28.726135020671425	28.730927455184222	29.383352969979356	2.3087720057283474	29.172974465042998	29.193427522776894	29.2099643581111	28.910932358132918	2.1938172649287955	28.72090265212953	28.7258981964682	28.731024677016094	29.411871511334976	2.3057234195786207	29.21122271199743	29.220526674509017	29.227608812547928	30.956606929332885	2.4272088770295612	30.744451094352467	30.768561396737553	30.77142033784999	29.940932111415943	2.1911097739534595	29.753935082550118	29.75771473019949	29.760995421434657
8810000	28.950996439166346	2.5901467339689885	28.72580885129541	28.732554182341953	28.739981038384784	29.40436263211302	2.2356511146208597	29.208476327022613	29.229704944999853	29.23203470520262	28.910937824836246	2.187971461945926	28.721035922422207	28.726110504657242	28.730941451460403	29.383059299702424	2.308602032501661	29.17400632192227	29.192705874320612	29.208692678470303	28.91097556972223	2.193813505618696	28.720952826766126	28.725922435506604	28.731042740911924	29.411139020987175	2.306032663379837	29.209994713480633	29.219402664653085	29.227473141611824	30.957779404894517	2.429490414271266	30.7466047161712	30.76816928074057	30.770484121245325	29.940792006525026	2.1910674948124402	29.753618474670418	29.757547819838326	29.76090314317648
8820000	28.95019911892425	2.5908093690836087	28.72589789970091	28.73216884798058	28.738797985875216	29.406277278900912	2.236739429966918	29.209979847047638	29.23028203947316	29.23241156627538	28.910948699581944	2.187970229851783	28.721084121288115	28.726110504657242	28.730941451460403	29.385239170374945	2.3104934328854845	29.17474458564503	29.19524476633299	29.210042007006514	28.91095531030422	2.193814589439519	28.720947825914752	28.725922435506604	28.731042740911924	29.411862249721743	2.308213299551432	29.211033053868544	29.220087454482563	29.227604063635678	30.95872979525343	2.426743628771956	30.748348342388965	30.768744858483316	30.770870970936443	29.9404242700678	2.1911007948660512	29.753481516541836	29.757347250845555	29.760768362701125
8830000	28.950189040671678	2.589547482274811	28.72499594272857	28.732957702863587	28.73928825057995	29.406995365286196	2.235893045172269	29.214200814640563	29.230378421553198	29.233604755113184	28.910960864645805	2.1879690467335893	28.7210895132055	28.726113567604518	28.731043038244703	29.384971088290435	2.310194553250279	29.17537881846486	29.193276385207504	29.208820835474615	28.910986529032833	2.193811874712074	28.720969535506477	28.72607755980407	28.731040066977375	29.411900378457435	2.3069988842121196	29.21150509849592	29.21947965227413	29.227169933126653	30.95996079454296	2.427296436719054	30.752572544587437	30.768814971246357	30.77205525225077	29.940406188573878	2.1911018610820037	29.75382576324327	29.757136246420625	29.760750350347664
8840000	28.951194259434818	2.598876296131074	28.72539113406718	28.73239303529251	28.739256904927103	29.40551415070509	2.2359458550915607	29.210248140357148	29.2300842744607	29.232077465620154	28.91094898105083	2.187968869440534	28.721165795808012	28.726113567604518	28.731038552543588	29.38417057104534	2.3075702219828105	29.173830943653613	29.192585406289574	29.209939099017006	28.91101019320461	2.193809828053161	28.720964860721775	28.72616597329938	28.731101982447022	29.41101224106976	2.306022901947264	29.209927159383884	29.21865755438176	29.227120766839402	30.957187283800316	2.42092481038433	30.7476628319062	30.768410245662004	30.770505612252585	29.940237649537455	2.191217470678425	29.75385697830002	29.757170741446817	29.760560273289094
8850000	28.95080395981846	2.597235540766369	28.725469483629002	28.73232370470854	28.738961183231897	29.407301561579434	2.235491846966854	29.213897991584425	29.230361236678853	29.232484595922983	28.910992036754664	2.187965208878874	28.721127775851013	28.7261334775104	28.731070122082713	29.38540463007052	2.308952521639289	29.176813403532268	29.19553216218389	29.209800870192982	28.911020399835586	2.1938089049679115	28.720982447392636	28.726195271421908	28.73117120379032	29.411728324343265	2.305723988382689	29.211227761497856	29.219581428958563	29.227149478743605	30.960290181104472	2.4263044980633066	30.75146242988501	30.768758230981213	30.770726891897866	29.940289243988374	2.191212137612824	29.753596145456452	29.757250503462167	29.76040315840222
8860000	28.952120698183553	2.5974704366874843	28.726207278085226	28.732829552108008	28.739780896014445	29.405451128757512	2.236014812361315	29.210777719113533	29.230460813780944	29.232673588992455	28.911028242715446	2.1879618424545533	28.721234054645507	28.72616911411538	28.731065953255182	29.384898763274226	2.3083748369306107	29.175469127682618	29.194750728372608	29.209616508517204	28.911007208946135	2.193912983898906	28.720969535506477	28.72609522144441	28.73117120379032	29.412230129317788	2.305875160459354	29.212001542445066	29.21991559826735	29.227115383204257	30.95810679328023	2.426266090366183	30.74907154188452	30.768883836848417	30.771032613136242	29.940397402184388	2.1912023629070814	29.75342551382659	29.757456234950837	29.7604519756363
8870000	28.952315316580883	2.6036324447375456	28.72558431425824	28.73265844888004	28.739185275616656	29.40541218162758	2.2364155106499353	29.210032369454467	29.23008528752249	29.232604570074088	28.91103321139026	2.1879614006679504	28.721246455305153	28.726054986142678	28.73108162462799	29.383866218393926	2.3089048074426164	29.17531305454348	29.19269732512862	29.20817965460492	28.911013948986266	2.1939122671826747	28.720969535506477	28.726115468624037	28.731157783825026	29.411633671326072	2.3063657325750437	29.21076613743091	29.219511643499384	29.227349440181527	30.95780425403136	2.4282137154472934	30.746304513830616	30.76843824418171	30.770886103820857	29.940456534881143	2.191290621069313	29.753565084152644	29.757130338210956	29.76071442308515
8880000	28.951092453607206	2.5951610691492055	28.724963228107136	28.732112008959277	28.739450635576574	29.406677386553795	2.2357585281822776	29.210183209963073	29.23023633497222	29.232878905332363	28.911021457874366	2.1879611027581722	28.721234054645507	28.726054986142678	28.73114579988655	29.383863165971107	2.307361276509423	29.174670423913486	29.192545595302995	29.209466834747772	28.91103413462432	2.1939105845772	28.72097762386877	28.726180346673004	28.731169470770393	29.41121894256521	2.304082401723302	29.211488674876414	29.21936058312242	29.225975618812818	30.959279843279816	2.4278017236850964	30.74755405529714	30.768649726251727	30.771300746149613	29.94039647496476	2.191294377860212	29.753438330506864	29.75717635097007	29.760356424026615
8890000	28.95114985215732	2.596468217230417	28.725410627583265	28.732458875524955	28.739404168445617	29.404480771696942	2.2351598487420183	29.210229996560404	29.230184433930916	29.232658494702417	28.911015486156646	2.1879610818736417	28.721246455305153	28.7261675789415	28.731070122082713	29.383883778251157	2.3057619235451057	29.175004461654005	29.194158884186358	29.209527430291736	28.911048456877506	2.1939093879718623	28.720969535506477	28.726231466392747	28.731172759013376	29.411352263496667	2.302678577005422	29.211226495407526	29.219514268607753	29.22752884738062	30.95774755327393	2.422518482144801	30.748207352140938	30.768605405630815	30.771012942248774	29.9405338630821	2.1912831992896655	29.753784225543797	29.757379489615523	29.76041496248643
8900000	28.95147156647926	2.601265128365116	28.72571373978144	28.732516312198086	28.73932127669918	29.406946928096144	2.235596028981762	29.21412742173771	29.230511019833806	29.233120221486846	28.91101696112073	2.1879609237837507	28.72129640843666	28.726124510904278	28.73114579988655	29.38552422262749	2.308774160408149	29.176110867887463	29.193706421530088	29.210804561059536	28.91105704676581	2.1939087316643415	28.72096690574528	28.726231466392747	28.731178551382776	29.411460090374565	2.3070770319397917	29.210198986111674	29.21970697767094	29.22665008711745	30.960081116290915	2.4263817651197876	30.75177251801927	30.76895773147489	30.77157455905619	29.940536603067294	2.1912828970068983	29.75358735034269	29.757066637582255	29.760365391030493
8910000	28.951473609929494	2.5927148875752173	28.725784016157867	28.73251670522496	28.739757522231045	29.405879417817445	2.236247147720449	29.21393659103204	29.230394857745907	29.232474488866487	28.91105543280782	2.1879575692043165	28.72130537327407	28.72619227224672	28.73115879301303	29.38492196669586	2.309118306266447	29.175946509368952	29.194717837011915	29.209367871738884	28.911062983599592	2.193585547363762	28.72096690574528	28.726211835762477	28.731254706836836	29.41196606786025	2.306591363363489	29.211332279769618	29.219745078490703	29.226857861959317	30.95886300908401	2.425472831521484	30.75178027712582	30.768791271123142	30.770766882644207	29.940613011501668	2.1913127221439495	29.75341232480308	29.75713463299966	29.760900259969016
8920000	28.951704051881546	2.5953910756903333	28.726321829897117	28.73296672548831	28.739823070058844	29.406860918465505	2.2355894678893913	29.2118385480573	29.23029268386577	29.233044143317024	28.911078111123654	2.1879547623905147	28.721348367549567	28.726195256268817	28.73117699851013	29.385110528767257	2.305421940439372	29.174860546285075	29.195280960717717	29.21028952100271	28.911085686148876	2.1936710576314113	28.720969535506477	28.72624161898864	28.731254706836836	29.41183552921211	2.3039108592261632	29.211785131427472	29.22025412672931	29.227159142450503	30.96004817540012	2.4278611061508504	30.750349841997167	30.768720605272726	30.771376124717136	29.940536568297297	2.1913443053309116	29.753954123995747	29.75728516550805	29.7607804056492
8930000	28.95105795954349	2.5824011632823773	28.72568851315805	28.732824369004938	28.74021127772162	29.405880022730667	2.235799420235671	29.20951278866016	29.23024456160806	29.232890365135912	28.91109394308534	2.187952789480709	28.7213843344585	28.726201011823207	28.73117699851013	29.38416551006808	2.309020073374841	29.173582118040137	29.194117647124642	29.210080502571643	28.91109424002055	2.193670230080062	28.721022876499248	28.72629190667041	28.73128452902513	29.411540414198488	2.307941052501434	29.210706439916788	29.219028727930304	29.227263789309358	30.959151315969056	2.428084772337986	30.747169467538342	30.76860656549642	30.771168981049748	29.940675791320963	2.191331853245306	29.753954052678395	29.757447783859778	29.76084078131437
8940000	28.953473985279555	2.605637639756181	28.725336542422852	28.733239283565275	28.740820854509202	29.40621173164683	2.236027646491895	29.209662867545838	29.230253783454344	29.233422563424256	28.911071587522635	2.187954267132178	28.721382513621993	28.726212960085945	28.73115879301303	29.3848690631647	2.308840498108621	29.17523627961211	29.19362913116476	29.21028309583001	28.911138149968217	2.1937980684721436	28.721022876499248	28.726309226516445	28.731297908409072	29.41153174765894	2.3066100021730405	29.210936298226805	29.21934493971838	29.22718990189307	30.959631728158946	2.426740376668616	30.747256576446375	30.76862436333166	30.771570780351844	29.940769073141798	2.191322807163793	29.753759893304533	29.7575797619643	29.760821273286943
8950000	28.952850723509904	2.6040394941257454	28.72590924723301	28.733052613201586	28.740677936784955	29.406586522121966	2.2358975488021575	29.212710075087188	29.23036113427231	29.232118274175356	28.911105409963632	2.187951309612528	28.72148551968592	28.726286253823154	28.731221092956854	29.3861405638938	2.3084218767623303	29.17757465149694	29.19470169940836	29.21077864411475	28.911123791512363	2.1937966276182066	28.72103207426281	28.72633973559793	28.73134535108186	29.41248661660641	2.305844143499533	29.211909811341958	29.220241150449993	29.22750673233415	30.960382164439935	2.4287960146975403	30.75108433774533	30.768814432413944	30.770462892873475	29.940939814756327	2.1913450917955424	29.753770403279134	29.757605565149802	29.76109988672217
8960000	28.953831111037108	2.6027374706871003	28.726199718867992	28.732995245661648	28.740395849705948	29.405676450945794	2.2354750991980286	29.212484461139358	29.23011019577187	29.23208451970166	28.911115286394757	2.187950393497232	28.72143681616034	28.72628196120467	28.731243517541227	29.384983104799268	2.3079967832978165	29.17641965376107	29.194863053324028	29.20988176574172	28.911145863792658	2.1937947988034456	28.721062999386085	28.72633973559793	28.731387930072934	29.411450361219934	2.3053298251616843	29.210976120447057	29.219236383138163	29.22673162526187	30.95894384105185	2.4300962834667694	30.75033411304366	30.76855497931521	30.770471963535797	29.941146759226303	2.1912285407079093	29.75402133774681	29.757510472526803	29.761253130690736
8970000	28.95197185206396	2.5960609404846755	28.72595412991786	28.733455540847636	28.740072011376355	29.40472337793995	2.234367191915876	29.20854070474979	29.229836552819094	29.2324344821872	28.91115596084671	2.1879468613610147	28.721568453043773	28.726308262391356	28.731243517541227	29.384326604764798	2.3078199127934775	29.17610594676101	29.193215804213608	29.208634703247068	28.911151276799757	2.193792682492124	28.721051334044166	28.72638317370844	28.73139897120796	29.411789763833568	2.3059022462884693	29.211675344772573	29.21960921959244	29.22671014448495	30.958456989045207	2.4289931491307244	30.74620235100317	30.76827920604279	30.77078151886406	29.941001775780457	2.191150803099745	29.753992404766436	29.757488276101093	29.760890665207448
8980000	28.953147474064078	2.60742501946805	28.72605502039755	28.732908322889607	28.739921442958295	29.405527188895082	2.235663694284559	29.2119248573107	29.229899288446997	29.231820679340924	28.911176461585946	2.1879450427034746	28.721581064367832	28.72632031089158	28.731243517541227	29.38450598083063	2.307999115386839	29.176031916875274	29.19207862333703	29.209108915333708	28.911138432749965	2.193792747529058	28.72103207426281	28.72638317370844	28.73141439669545	29.410935060075527	2.305909405775487	29.20974594544074	29.219167587046627	29.226089125223503	30.959360256657142	2.4307344732233216	30.749145514355554	30.768141749186324	30.77022785130067	29.94060775855003	2.191183735683379	29.75373158591086	29.75703508113608	29.760560593178056
8990000	28.953062202071393	2.598401348921071	28.725753054031696	28.732481996662727	28.739949258436738	29.407559039037643	2.23450715952387	29.2151261680567	29.230359363671383	29.23318556371013	28.911187048216682	2.187981516808919	28.721570635862754	28.72632031089158	28.73130624128931	29.385107532833906	2.307178403331713	29.176559063915008	29.195104857827275	29.20973256354868	28.911168615478577	2.1937901630061285	28.72106301684871	28.726403306955483	28.731449973812474	29.41217631477583	2.304046053854717	29.212101255614733	29.220373149559272	29.226669404427696	30.960086148840784	2.427836019620212	30.753378045636715	30.768811880497694	30.77164393107212	29.94048553921315	2.1911648451499195	29.75375620160448	29.756954833482105	29.760405702516678
9000000	28.95304792645032	2.601658259194988	28.725828053079475	28.732912303856477	28.739907362270326	29.405519156948444	2.236631219308238	29.212362355502904	29.23048231302041	29.233173800828297	28.911198022746827	2.188070662889099	28.721581064367832	28.72631583787389	28.731366695771428	29.38533646280531	2.310145075236706	29.176384747914007	29.194042372434023	29.210514181748298	28.911191251585983	2.1937879219213032	28.72109646044529	28.726403306955483	28.731573899637656	29.412224126979847	2.307228293872823	29.211849986106063	29.219964739457723	29.227252345101785	30.95821065240064	2.4252934633473124	30.750097073816587	30.768889632799794	30.771463240356283	29.940678370860645	2.1911858153748947	29.753832343255986	29.7573818589665	29.760704389510902
9010000	28.95289959790515	2.6051762359687824	28.725520878690453	28.732540446034264	28.73994517609295	29.40604133320411	2.235435059006019	29.210875221654526	29.229865002429094	29.232002153407972	28.911199396825314	2.188070259188057	28.721590388574292	28.726308262391356	28.731345303243387	29.383783871702267	2.3060588154499144	29.175399888389702	29.193608780111294	29.208693627471163	28.911187074913556	2.193787945287681	28.721112557108118	28.726433388605354	28.731465451118364	29.41142889478907	2.303817293755803	29.21128967371162	29.21969910293317	29.22665982405755	30.959343513331685	2.4272056516587575	30.748985814425815	30.768184558131686	30.770342218206203	29.940814857168224	2.1910671774491606	29.753999764624556	29.757462287807265	29.760761321728364
9020000	28.95221004926628	2.604655184073734	28.72558219040568	28.732871801422267	28.739521320115685	29.40572446919192	2.2361472642695484	29.20993775726307	29.23031178683956	29.232859637379075	28.911232455896478	2.1881090824975757	28.721664133712416	28.726308262391356	28.731366695771428	29.3844708221187	2.310616167750697	29.175718358726822	29.193392219025693	29.208777144941912	28.911410496324756	2.193777174447004	28.72123974328452	28.726468264940202	28.731465451118364	29.411765781190628	2.307539285336441	29.21072285075503	29.219586852412984	29.227067161087064	30.958578083782236	2.429106501590874	30.74804139702635	30.7687403135921	30.771241809720753	29.940863298775845	2.191109323720793	29.75443207320669	29.757463938078672	29.760457198386888
9030000	28.951406764682563	2.5976161035469687	28.7244652686324	28.7321669871218	28.73936173542732	29.40715622832457	2.2371555715066336	29.21342925218334	29.230259240990826	29.23229535571021	28.91122701890896	2.1882349099237692	28.72172501853872	28.72631583787389	28.731345303243387	29.384815725179944	2.310302666579351	29.175372440613828	29.194079753023267	29.20912502968412	28.911398116241337	2.1937781606002686	28.72123974328452	28.72647107817481	28.731449973812474	29.41156535416223	2.308077929622883	29.21086405101715	29.219312097711423	29.2265366830908	30.96050961063565	2.4309083593681384	30.751503809479885	30.768682731151408	30.770674271398214	29.940611476926733	2.1911333067966097	29.75401833699415	29.757447233853753	29.760865242016227
9040000	28.95160165667083	2.596168904005421	28.725860237181884	28.73274124387954	28.740234313875476	29.40804959282393	2.236662290602202	29.214501689930735	29.230524368960115	29.232846125578007	28.91124895945272	2.1882328798334347	28.721798046027168	28.72638058739814	28.731296955516996	29.38678796624037	2.31135682082133	29.17610432001856	29.196143501033752	29.21221905306463	28.91139592422661	2.1937783427125384	28.72110679766925	28.726476011059212	28.73141439669545	29.412497093820384	2.3092076656906455	29.211760277025768	29.22027110306272	29.227639849832467	30.961663737662196	2.432565498969807	30.75286068752142	30.768984889776746	30.771261901831494	29.940610644269782	2.1911787241286738	29.753863131280724	29.757238330610086	29.760652841687875
9050000	28.950829471701464	2.582506989463634	28.726262322848545	28.733329531950545	28.740167714010827	29.405675333740284	2.23680958721661	29.21247211275712	29.230231320660277	29.232265805984568	28.911259454231573	2.188231907626817	28.721812569424518	28.726360772990027	28.731345303243387	29.38499490598097	2.3083862079876254	29.17530697880481	29.194528053396475	29.209795016420756	28.911437287272786	2.1939659665341713	28.72123974328452	28.72654582816822	28.73141439669545	29.41211007714592	2.3061181195072584	29.21146827449352	29.219893808323658	29.227302994413183	30.958767080135765	2.420468097837819	30.75037435970871	30.768663945611532	30.770710605468963	29.940711177682353	2.191170008211362	29.753728551785215	29.75739087857216	29.760786407681866
9060000	28.9525554663698	2.600979080755216	28.725866225044438	28.732947749101704	28.739963182028127	29.405092814244085	2.2363632100549045	29.211130790684386	29.23008185576337	29.232146849940246	28.911287967985263	2.18832866994647	28.721858750570682	28.72644794529387	28.73136804959678	29.385629592423882	2.308423998757602	29.17593139051167	29.19397275706912	29.209448329252638	28.91145650552857	2.1940404417074917	28.721336666343216	28.72652695596546	28.73141439669545	29.41210325657542	2.3049526888435574	29.211122442402697	29.22011441532713	29.22751377270143	30.957610861582314	2.4268197652630215	30.74907906804328	30.76848819908191	30.77050325208113	29.94071696451128	2.1911721043983365	29.754217722445265	29.757650904386544	29.76050236460378
9070000	28.952180800852673	2.6048341057186115	28.725788876060676	28.73315055088165	28.740232782331514	29.406253641469007	2.235843577644827	29.21244835289017	29.230368877461565	29.23258699082587	28.911274475715363	2.1883297802631017	28.721858750570682	28.72640854297353	28.73136495991396	29.385157516130594	2.308446154510174	29.17445397178915	29.195749490969522	29.21131026961414	28.911492260610753	2.1940373765099364	28.72141355931313	28.726540458038635	28.731449973812474	29.41196659023271	2.3066869402337993	29.211243707373992	29.219622139767907	29.227455507063773	30.959256325978583	2.4313303946889246	30.750397472200476	30.768796092476293	30.770991151305843	29.94075316071758	2.1911686721497636	29.754105579511652	29.757512568204866	29.76063712175497
9080000	28.95249391970104	2.6054319663008605	28.72608033803229	28.733475397030475	28.74024698534743	29.40579295197414	2.236133454065298	29.212007937225177	29.23014667336478	29.233175729115413	28.911295922139566	2.188328001390963	28.72184969510466	28.726522305089194	28.731434280906118	29.385314520176387	2.30804109436894	29.175901978491765	29.194177476725027	29.20981897212237	28.911488174914385	2.1940378024768528	28.72141355931313	28.72657395477963	28.731465451118364	29.412005725953787	2.3055330440582407	29.210795257685216	29.220215076709362	29.22763482113251	30.959254213406474	2.4268064739826625	30.75034403667092	30.768587306120352	30.771640355876947	29.940895955368514	2.191113232823793	29.754249153188194	29.757741421436208	29.760869832317773
9090000	28.952336312877097	2.6032300985272654	28.726064617572725	28.732935173115262	28.739566242284788	29.406546206674676	2.23587403111731	29.21233204273996	29.230371321913644	29.233398129828814	28.91132756296609	2.1883253109735743	28.72186214840237	28.726555322074383	28.73144872949692	29.385137865262262	2.309122698903821	29.17667467131094	29.194204494016695	29.208758333329172	28.911514826594285	2.1940355416089314	28.721445852015467	28.726601980480535	28.731449973812474	29.41172965075235	2.306391731252493	29.21066201486535	29.219325644454017	29.226726463950044	30.959062754617204	2.4292364893362253	30.75053498288403	30.76879786061116	30.771767593292747	29.940850300677216	2.1911497744557025	29.75411745072911	29.75778397771444	29.760910086346012
9100000	28.951890069060415	2.600894930676661	28.72559288944372	28.732412160263834	28.739360562055424	29.407572240535455	2.235368279580798	29.214614641126175	29.230040727823773	29.23286490922814	28.911312675657108	2.188325829062837	28.72184969510466	28.72658360039145	28.731473971572754	29.384422863394864	2.306985349357139	29.177110422722187	29.19390553832691	29.20893651118483	28.911549532201857	2.1940324185374913	28.72148058795856	28.726608995914585	28.73140487947547	29.41146647274794	2.3043366392120554	29.21144690038382	29.219468614618084	29.226608158791763	30.961066751724765	2.4289156337330398	30.753036364105224	30.768459098852862	30.771315809328424	29.940869460885864	2.191113691276503	29.75426049339098	29.757832779691434	29.76068979413541
9110000	28.951637958524906	2.6003026281497976	28.7258690611158	28.73231410320943	28.73925172864993	29.40592090683366	2.236576392876729	29.21148370502494	29.230033188488434	29.23234068475721	28.911342645002605	2.188398252059802	28.72177648034261	28.726593809682377	28.731536924893405	29.3849972324575	2.311379580958173	29.17509537112209	29.194303932641915	29.209860597678126	28.91155344115811	2.1940305105383504	28.72145642879917	28.72661529892539	28.73139897120796	29.412109641727135	2.309107010737382	29.21074561872777	29.21994405993991	29.22715636020925	30.959350280120294	2.4306313793736627	30.74940587788743	30.768372097457487	30.770619921069745	29.94089306524655	2.191069902509533	29.754091004564156	29.75754049217324	29.760832248877744
9120000	28.952099917804098	2.599171055837744	28.725380691821876	28.73215710173467	28.739320960097196	29.407662442026478	2.237209544301971	29.214963587023476	29.230338478381128	29.23317501285316	28.91137631622812	2.1884715769871756	28.72184969510466	28.726574535921856	28.731522214782004	29.385242337878758	2.3104010898724163	29.17654123048164	29.193830796574865	29.20940555373162	28.911565056785324	2.1940295405501025	28.72145635135821	28.72661529892539	28.73139897120796	29.412167662778383	2.3081009045537293	29.21072993798414	29.21996459048794	29.22685634713891	30.960540031530112	2.427815641241445	30.75334752947257	30.76879058902029	30.771474652707084	29.940548738027875	2.191132234074989	29.753867597265625	29.757483145538203	29.760574766230047
9130000	28.952320091868884	2.603207169078265	28.72583883101388	28.73239916993265	28.73953455923606	29.405256762951314	2.2363796180501696	29.209064034974457	29.22968629806843	29.231699682013705	28.911407905079802	2.1884688522837212	28.72186214840237	28.726533346535426	28.731565139978546	29.38500964094126	2.307422094605504	29.176296039773966	29.194275476917745	29.210513282951883	28.911590691886087	2.1940272647233385	28.72145635135821	28.726625637097676	28.731486924297904	29.41164727162087	2.30469511602712	29.211229621720445	29.21990835310365	29.227477678696165	30.95816403710662	2.4267958196176265	30.74690042106156	30.768092258974946	30.770122040891465	29.94088646395349	2.191101091020109	29.753981186643628	29.757423205281846	29.76074821251504
9140000	28.952264820990177	2.603848754312114	28.725502324881663	28.732712917025246	28.73942820765896	29.406106122496272	2.235542473229898	29.211067834505574	29.2301210654934	29.233063863523423	28.91142003234339	2.1885405814093137	28.72188706146305	28.72658360039145	28.731532260035692	29.38531277426934	2.3110228223444156	29.177379043343016	29.194273146922026	29.210208490282717	28.91159829442993	2.19402668229381	28.721418188964588	28.72661529892539	28.731449973812474	29.412237765061533	2.3075700424265047	29.211526798910693	29.22005476061876	29.227647581962973	30.959758531408895	2.431184358139913	30.74891954548854	30.768562536376308	30.77143799436085	29.940734852481373	2.1911068246727323	29.753979341463896	29.75751164637454	29.760791538820467
9150000	28.95237203861668	2.6004797696692137	28.725650732616348	28.7331557419017	28.739913799721904	29.405450319073065	2.236438026437274	29.211000190293078	29.230142650324254	29.23221207165677	28.911466735778955	2.1885366029732203	28.722058378526008	28.726627090515713	28.73161726347129	29.38444307436467	2.3082875650819914	29.173836998492245	29.192986295597077	29.21017002419983	28.91164116230341	2.1940421102662575	28.72146866851265	28.72667141787864	28.73149996616998	29.411541928851822	2.3064136202909435	29.210720742898395	29.21974863109482	29.22753634343848	30.958400635375448	2.4257447421668723	30.748789189944247	30.768535149589844	30.770465593057786	29.940728868365746	2.191107143527325	29.75392247311659	29.757558305230603	29.76088680303159
9160000	28.953381471465015	2.6031575966783547	28.72598465571169	28.733592773953646	28.740558304003912	29.40744239062246	2.235685685173071	29.214311077805615	29.230517052244423	29.2328854846635	28.911477957504555	2.1885356299753953	28.72207037806823	28.72658360039145	28.73161726347129	29.386423653860906	2.309849343986573	29.176979247623485	29.19656322044256	29.21212868241407	28.911670023893468	2.1940395963902883	28.721669401722806	28.726625637097676	28.73149996616998	29.412311854161718	2.3069196122110402	29.21199237785037	29.22072203239053	29.227535951881162	30.960579180435452	2.4278481644404826	30.752525021111108	30.768970831325515	30.77120711028305	29.940824063528996	2.191098400009958	29.753990004915593	29.75759813595905	29.761126218408748
9170000	28.952869956674203	2.6016097658661623	28.726673440103703	28.733912227299786	28.74048398103158	29.404739557377603	2.236647976552216	29.20644641528603	29.22967225358137	29.2318885362705	28.911492197332798	2.1885339875038796	28.72214475677356	28.726627090515713	28.731640256877807	29.38457132456247	2.3087132723893773	29.17502555051515	29.193748033268143	29.20970878666902	28.911676043481283	2.1938382719552765	28.721669401722806	28.726675365603516	28.731589472256157	29.411909163854542	2.3060200814677945	29.211001804674847	29.220082354045303	29.227409734708726	30.956967521313604	2.427197050139153	30.74401857265213	30.768120141889497	30.770338647706968	29.941013800171216	2.191104914025304	29.75396986039259	29.757997713071383	29.76115254958186
9180000	28.95235760121516	2.5967090716073646	28.726460944683517	28.733596856189514	28.739848204639813	29.405080275441946	2.235693239518562	29.20828699697431	29.229930087105053	29.232217099627693	28.911486615224995	2.1885339523670075	28.722081487866564	28.726627090515713	28.73168154384318	29.384895447443075	2.3068738311312185	29.176306936780186	29.194454518476974	29.210580689731714	28.91169648192202	2.193836486103326	28.721735642799466	28.72669429574571	28.731564851180444	29.411828897801232	2.304165619070978	29.211518800661885	29.220098470199922	29.227117906973128	30.957822861572165	2.425934292987148	30.746056541683245	30.768340530961638	30.770467890433167	29.940761222655762	2.1910509568739065	29.75389663810194	29.757478452129227	29.761111810230208
9190000	28.952568849901066	2.600939340665244	28.7264139819017	28.7331798028029	28.74006451832554	29.405925053267772	2.235747014301976	29.211120071652317	29.229645152702858	29.232011580343755	28.9115408445567	2.1885292465938098	28.722183444063912	28.726722726005548	28.731656843305416	29.3853411388239	2.3099582488108865	29.175480426959766	29.193527021431645	29.210100324197064	28.911916051603534	2.193830988451779	28.7217080476681	28.72669429574571	28.731589472256157	29.412119109162425	2.3078324787226956	29.21112641857637	29.219645950432657	29.227428782267335	30.95997779415184	2.429424684926241	30.74963325395992	30.768057569893358	30.770442449053988	29.94062412851012	2.1910619611675064	29.753619944974417	29.757318818187887	29.760865873314593
9200000	28.952428523803324	2.5964542293622146	28.72573213206035	28.733172941397434	28.739818182000565	29.40727094121673	2.236978398870489	29.21176321238278	29.230566727740317	29.233609596725604	28.91176860730225	2.1885191679606515	28.722183444063912	28.726828981234327	28.731656843305416	29.38467991302982	2.310515989501308	29.174877097228656	29.194356503460533	29.209779556644815	28.91191071817155	2.1938299214169037	28.7217080476681	28.726705444460045	28.731642825448805	29.411724640649748	2.3079964270280007	29.210355009138258	29.220145887342063	29.227737985609686	30.960530636940096	2.429312601815058	30.749234397420373	30.769003884888782	30.771894753166958	29.94072792797929	2.191002628653017	29.753878666501954	29.757357088889332	29.76066250881899
9210000	28.951990729183557	2.5943032342677217	28.72584869409035	28.733002154351563	28.73990064406589	29.40507007925865	2.2365063111375343	29.206832077970347	29.230268828887773	29.233156244741366	28.9117624853101	2.1885197009696706	28.72224295067346	28.726767945617464	28.731656843305416	29.384815929459208	2.3085095278804566	29.176056672575395	29.194680741359434	29.209709235890195	28.911920386213566	2.193828973234689	28.7217080476681	28.726675984508237	28.731609717245618	29.41196803975238	2.3058354841666713	29.21091067630743	29.220000277704425	29.227489266514407	30.9578305664185	2.4241214857423095	30.744990575987664	30.768700315559002	30.771533542694385	29.940913175735037	2.1909325672417705	29.754028983599213	29.757428601490286	29.761007366685288
9220000	28.952043781589087	2.6003378093801395	28.72600620185753	28.732719916254993	28.739402738956805	29.406965262972427	2.2360855089869633	29.213584912205775	29.23008903463556	29.232634753748744	28.911774977213447	2.188518151279958	28.722277232164956	28.726767945617464	28.73167953103347	29.385552610994935	2.3100371011094527	29.17611151066306	29.19376061545413	29.21144575551165	28.911941840065303	2.1938271794766844	28.72171958701201	28.72662264525654	28.731642825448805	29.41214910129751	2.3074051622650775	29.209917159568775	29.21962690818502	29.227449422675697	30.960398479838954	2.4294410577649472	30.752049232071535	30.76852726851926	30.770849184173453	29.940841727723832	2.190938726184168	29.75391996920859	29.757457125419712	29.76108345352059
9230000	28.951845078206198	2.5985928940547955	28.725792978267133	28.73316275293523	28.739963078095208	29.40741055355294	2.236925610060469	29.213935213026993	29.23033432257192	29.23290632571171	28.911796635355124	2.1885589001660204	28.722277232164956	28.72687388034994	28.731656843305416	29.38564254427662	2.308216312934458	29.177783242295547	29.19421113850205	29.210215936372084	28.911932399544327	2.193825784044536	28.721731936814084	28.72664212458733	28.731664701954223	29.412483336548025	2.306398787396006	29.21192870347361	29.22021348863225	29.227212091035526	30.960460334265175	2.428395414515889	30.75215516908618	30.76875271322576	30.771187173387588	29.941199959119203	2.1909900099425026	29.754449224068406	29.75778320852012	29.761119086745275
9240000	28.951836314166147	2.5995167856395103	28.725912583688512	28.73317258287659	28.74011791299079	29.40652966304468	2.2364397666227642	29.21232201547508	29.23022408532115	29.233472373143357	28.91183216011689	2.1886439035996452	28.722363328347605	28.726945772048907	28.73167953103347	29.385198500094077	2.308432959177908	29.175927931457263	29.19590374876868	29.210049422836768	28.911947163606964	2.193824383362909	28.72174872774136	28.72664212458733	28.731642825448805	29.41214212980547	2.3063521678522703	29.211335061613166	29.220747197388494	29.227251621731043	30.95999095634932	2.4307301197585827	30.748725435437024	30.76865973242238	30.771840029192127	29.94109582705116	2.1909988008578187	29.754136275050588	29.757984725769663	29.761270089424194
9250000	28.952208530297163	2.6042193140759045	28.72624418080571	28.732880749076138	28.7395989010198	29.406875541340217	2.2360429399498782	29.21322683690307	29.230377748607086	29.233028543003307	28.911864092266654	2.188641198598184	28.72244280344261	28.72700828705286	28.731741009351786	29.385537562485105	2.3092875293501964	29.1769847804496	29.194440119589643	29.20947675292373	28.911968630668433	2.1938225081502467	28.72174872774136	28.726663381257964	28.731746795892583	29.412239855626567	2.307700802871523	29.21198267977129	29.22009988828015	29.227234749835464	30.96029934947499	2.4315493336699188	30.751449320190904	30.768780662476253	30.771361671847398	29.940882165329594	2.191016577623965	29.753973220974267	29.757735840411023	29.760881987265755
9260000	28.950715356966814	2.594637145477879	28.726125263760483	28.7325060490711	28.73883137209865	29.407066554395776	2.23763700288333	29.210565031437426	29.230098868244674	29.232618581169216	28.911860036423892	2.1886413984003044	28.722405223723204	28.72700002333619	28.731715746273213	29.384999247755722	2.3125388305560413	29.17436838898021	29.19468480015367	29.209912432343188	28.911957739858686	2.1938604449574397	28.721731936814084	28.72664212458733	28.731773907576233	29.41210191254902	2.3102131475455416	29.21097029659355	29.220141293836058	29.22690761761931	30.959993052646276	2.4314589587270725	30.74765941680286	30.76849307805042	30.770917968127296	29.94051129536193	2.191051204744798	29.75415099509503	29.757495357758945	29.76079783501332
9270000	28.951218809852264	2.6018863244282953	28.72489747752069	28.732286452077282	28.739100133566367	29.407594364406066	2.2368661529177927	29.212033480322887	29.230101217914566	29.23287646853386	28.911859053310426	2.1886410084166847	28.722363328347605	28.727021336555183	28.731656843305416	29.384883818047733	2.3080901368727016	29.176062405805844	29.193294543872156	29.209172218244504	28.91194799286246	2.193860957207619	28.721731936814084	28.726608995914585	28.731664701954223	29.411644327071816	2.3058346633459808	29.211003785128323	29.219414389385367	29.22694498033472	30.96079721607096	2.4283225172282865	30.74993406043137	30.76854527433609	30.771289173911327	29.94054380821614	2.191047643339086	29.753899717780968	29.757786567876128	29.760645881036815
9280000	28.952093614563186	2.6001989925004403	28.725381726777314	28.732291665004926	28.73917543129349	29.406101526228756	2.2364318150526787	29.211191606709736	29.229712622934656	29.232220219374057	28.911892903290692	2.188638081700158	28.722449602784888	28.7270344414922	28.731697439002883	29.38401877888595	2.3081093485359405	29.17469971949465	29.192907796752515	29.20814974812778	28.91198507376733	2.1938578051860014	28.721805734463185	28.726608995914585	28.731664701954223	29.411049387661215	2.305447667862708	29.210429279771855	29.218782047765753	29.2261779114795	30.95925525898148	2.429410649269305	30.748381188210296	30.768146988437344	30.77062184355796	29.940423823695323	2.1910798497351456	29.75383930565559	29.75740426369987	29.760346288705488
9290000	28.95201249871825	2.6016209743211958	28.72565189884989	28.732094471655046	28.73878700834665	29.404453749070445	2.235817028789002	29.207670878722823	29.22973911089467	29.23211503252414	28.91190826868749	2.188636188520221	28.722454362678967	28.7270344414922	28.731715746273213	29.384017674225117	2.3074189403098333	29.175748329400413	29.19315254629266	29.20859474759225	28.912212136314487	2.193811820715568	28.721805734463185	28.726688898775055	28.73176991876223	29.41172540914129	2.305274129897818	29.21175042157321	29.219619360166597	29.22665063764618	30.95785165258928	2.4303978647399136	30.74539227343309	30.768094013923204	30.770479401600713	29.94082363025855	2.1910357593976717	29.75410278405228	29.757343429946552	29.760625502525897
9300000	28.951248740969664	2.6035110905916015	28.725468519528597	28.732353352424987	28.738588749844716	29.406371327303766	2.2354500825832524	29.21042247622512	29.229823144039038	29.23292413051732	28.911927188297565	2.188634625629945	28.722431834688933	28.727084451329674	28.731715746273213	29.383963837610743	2.3080330469435224	29.175271340373143	29.1922144716249	29.209517751559705	28.912229323100142	2.1938102981179117	28.721975159786552	28.726634852809262	28.73178414451187	29.411634739783324	2.3069849537630254	29.21087796236231	29.21950969031512	29.226541325599115	30.959199245378212	2.4300195339373443	30.748611895076294	30.768274225159516	30.771296824382972	29.940697492419186	2.1910485487196825	29.754016899763155	29.75737504195345	29.760380392035515
9310000	28.95175280450535	2.602222934935793	28.72560848639282	28.73272032908796	28.73874694995358	29.406526193795912	2.234856069327744	29.211265399846965	29.230219572250768	29.232525286394612	28.911934573317964	2.188711974664545	28.722405223723204	28.727116110752203	28.731715746273213	29.38524701252016	2.307740254509958	29.175485631064202	29.194021502077977	29.21039271228792	28.912238737035995	2.1938094825208365	28.722016486933036	28.726630555055188	28.731815874083317	29.41222983038458	2.304913127280915	29.211562540426602	29.22021026005215	29.22759170108386	30.960223806621006	2.4312219206178183	30.74946829068145	30.76863359090011	30.770929310415358	29.940939314437443	2.1909981878081424	29.754182499020153	29.757788979248446	29.760788640997426
9320000	28.95191587040451	2.600078144993129	28.72581852530581	28.73252026692957	28.739418213716302	29.405520453164613	2.2360405309418523	29.210760251164977	29.230254030509414	29.232188879703536	28.91193293010761	2.1887103994491253	28.722431834688933	28.727146388099257	28.731805458068628	29.384879431582256	2.308390275991197	29.175394855501835	29.194111583733047	29.210087615296246	28.912281833440815	2.1938057464909124	28.72210149373967	28.726684243893267	28.731821544804003	29.411681912761896	2.3056445340481986	29.210430681988754	29.219577864403277	29.22741908283639	30.959050014656896	2.4264410260982054	30.74908500571255	30.768710118577815	30.770646686775848	29.94079695240043	2.1910853968908595	29.75392887962101	29.757436316551455	29.760865516652952
9330000	28.951947468511204	2.5973372152303913	28.725853479651523	28.73237659626166	28.739560084238214	29.405443418868987	2.2365971191491685	29.210305644033568	29.22980928027154	29.23226594169539	28.911946588029203	2.1887085367549526	28.72243924712403	28.72724998980579	28.731805458068628	29.384166635199577	2.311299221552544	29.173601460770456	29.19289176785496	29.208797362330902	28.912295437786646	2.1938557861479886	28.72210149373967	28.726705444460045	28.731815874083317	29.411896612082447	2.3090912315018	29.21111620739965	29.219891254819203	29.227495242832	30.958095886140438	2.4293019178548017	30.747612899308518	30.768165437161386	30.770649531381036	29.94090625372642	2.1910763536372118	29.754118118636384	29.757516287417268	29.7610983550791
9340000	28.951964102842144	2.596699593707513	28.725659366730277	28.732493944690848	28.739901312486694	29.406680160154888	2.236080931025269	29.214807985815206	29.230313586108675	29.233209511725974	28.911936701059606	2.188708878700115	28.72244872242191	28.727189773978	28.7317972560556	29.38454241721772	2.3077073839324687	29.174969547894527	29.19462665634893	29.20992547579184	28.91231225408581	2.1938543436991833	28.722121413003393	28.726716434454787	28.731832433094873	29.411743626513246	2.305588363764051	29.2108663809364	29.21995795103261	29.22732418796948	30.959566072318836	2.42427760937929	30.752814160852612	30.768724643737613	30.771598776785574	29.940810699880473	2.1910852452545155	29.75401429792391	29.757585551854923	29.76103542982421
9350000	28.952328264350882	2.60413095642078	28.725308582854822	28.732543086746986	28.739553683702916	29.40401923307701	2.234162488567379	29.208962635640916	29.22941044172419	29.23201839185937	28.911947329326065	2.188707955365548	28.722405223723204	28.727116110752203	28.73182826645341	29.381775635359617	2.304906280916802	29.171558697589944	29.19176340711175	29.208232251759814	28.912297663918597	2.1938534680245017	28.72203875118726	28.726716434454787	28.731827808658203	29.41090941899878	2.301594408380608	29.21005902413248	29.219453747013787	29.226130829475782	30.957644903622985	2.4271013797874894	30.74712819279265	30.767857427485524	30.77048156469975	29.940646558733327	2.1910996675849637	29.75357188438061	29.75744221853228	29.760818763666414
9360000	28.951607696341426	2.595190857133383	28.724788902165557	28.73235062986707	28.739948561965626	29.406792092142652	2.2335231382381133	29.21410192763554	29.230344693846654	29.232943681100792	28.911956575334006	2.1887065541215245	28.722405223723204	28.727189773978	28.731913319496677	29.38512101919684	2.3082098752734446	29.17681457047613	29.19383658605444	29.209465372856993	28.912339781802412	2.1938498891331366	28.722121413003393	28.72680889892935	28.731821544804003	29.411529471718186	2.304278892506461	29.210998867997887	29.219676868691458	29.2269572276942	30.96040237626246	2.4292323193565695	30.75204673012675	30.768795403963182	30.771226949323733	29.940727388523342	2.190943554065621	29.753731739205957	29.75754104555854	29.76084625719802
9370000	28.952717417385365	2.604416093420927	28.725526179243296	28.73222889708275	28.740186424055803	29.40776035352135	2.2328461711850864	29.214391449709872	29.230542976025877	29.23310052327709	28.91198238013852	2.1887864049738006	28.722405223723204	28.72724998980579	28.731941708523514	29.385378950537994	2.3061577504782518	29.176419761324286	29.19504568287442	29.210341535968485	28.912337189172188	2.1938500844632216	28.722164761065812	28.72678509188286	28.731838461667547	29.412027554851623	2.303165655647252	29.210919928094462	29.22069850691394	29.22796452828927	30.96097977962478	2.430718949257822	30.752528955232513	30.768980573836323	30.77150758844501	29.940854910267248	2.1909332392434804	29.754039399201602	29.757644887509677	29.76087255821641
9380000	28.952584213081877	2.599873172038376	28.72638310090641	28.733233101351267	28.740410494991306	29.407035167784283	2.2348460579884732	29.215696162336222	29.230505009116172	29.233006824134343	28.91199002707266	2.188784935114346	28.72244872242191	28.727276041695138	28.73197676994597	29.386198664802926	2.309147720240364	29.17834177075274	29.196389895980726	29.211078169437435	28.91236449461752	2.1938468105500952	28.722121413003393	28.72678509188286	28.73190006007659	29.412148113212847	2.306987073393445	29.211822254078243	29.22050617840226	29.227644169421524	30.960348214201826	2.4278391640306607	30.753632298872763	30.7689511302226	30.7714221301987	29.941108131840828	2.1909053372787617	29.754336441041126	29.757583191739414	29.761286552341787
9390000	28.952658890130962	2.606395213400957	28.725977976261692	28.73301230853714	28.739659591503298	29.40505941358602	2.23509783401231	29.207941163872533	29.22963082997248	29.23313087391383	28.912023699286706	2.18878174989767	28.72245890888951	28.72719927824717	28.732010507576163	29.383662857454322	2.3088929050005946	29.17487534454137	29.192974688815283	29.20853024634353	28.912351653019865	2.1938464838278215	28.722121413003393	28.726830796584	28.731883095919084	29.41120286979645	2.306736836567506	29.210291449458296	29.21871591853892	29.2269299645885	30.958877246227992	2.4319834098786433	30.746176877069583	30.76805602343113	30.77147051095704	29.9409941242713	2.190906972019344	29.754181347743113	29.757539815306668	29.761266410519664
9400000	28.95221228477344	2.606185818822337	28.726373924071165	28.732983557926946	28.73949529988834	29.40672323673135	2.2361335306905947	29.213739506362753	29.229976286081545	29.23192189705167	28.912020177433565	2.188781616124045	28.72245890888951	28.727276041695138	28.732010507576163	29.385609656237786	2.308651687759352	29.177402642565497	29.19504297465319	29.210596445413184	28.912371593239662	2.1938447347094026	28.72217008667077	28.726858608571714	28.731850318300726	29.41173965665416	2.30508598095717	29.21137721968189	29.22040353589433	29.227165696177238	30.959428248880613	2.42908776497396	30.75183062654402	30.768413304005165	30.7703676019338	29.940754238301754	2.190927953326817	29.75372303694629	29.757571100278962	29.760929909130695
9410000	28.95159458025048	2.5988027364841146	28.72612334780547	28.73258594189546	28.739659127697443	29.403866918096014	2.2349220758839796	29.208987397812034	29.22975553806959	29.231958838685863	28.912032963236026	2.188798606879243	28.72244872242191	28.72734515904842	28.732017352809812	29.383283694880355	2.307300956828967	29.173436010348414	29.191644096622458	29.209507390000574	28.912351074526057	2.193844528910235	28.722184925298542	28.72687866191033	28.731835930003875	29.41139932622679	2.304095446459407	29.210511124686832	29.219435998828853	29.227305722744244	30.95684102152333	2.427779386309606	30.747041767723662	30.76812027424913	30.77034694011576	29.940802212921483	2.1909220329921024	29.753822154731353	29.757328592286328	29.76069198707757
9420000	28.951555271399815	2.6043513769600017	28.725606951873772	28.732645178300366	28.739900858788204	29.405693491108632	2.234741255890037	29.210964112431174	29.229915307462633	29.231908139260884	28.912037912801352	2.1887982181465664	28.72243924712403	28.72732335268936	28.73198605659708	29.3847058732961	2.30548259182513	29.175553666895965	29.19439765140671	29.209950781000618	28.912384240978827	2.1938416985091	28.72219082849631	28.726900554955648	28.73182997119743	29.411466354573097	2.303720512006854	29.211081572553013	29.219659044668628	29.22696786936124	30.957884334583685	2.427226972114286	30.748809553083593	30.76835674304308	30.77026165619249	29.94074554338455	2.190927931404555	29.753699940576094	29.75755831048321	29.76103550615312
9430000	28.952491229788198	2.604060466386314	28.725732008670768	28.732964519572256	28.74035727883514	29.40602336715266	2.235275747359897	29.20993745882729	29.230315925277083	29.23291766392518	28.91208284871231	2.188856614808252	28.722454362678967	28.72732335268936	28.73198605659708	29.385057364659225	2.3076841452392896	29.176260710951638	29.194849420186316	29.210125354414593	28.912419427789164	2.19383811986127	28.72220485858707	28.72696043960889	28.731835930003875	29.412288130811973	2.3065824553900343	29.212048289341375	29.21997407374058	29.226799244190847	30.959438542387193	2.4298711451178607	30.74840315976769	30.768767639935156	30.77136494963778	29.94034616646852	2.190805092675589	29.75373069236654	29.75703942546702	29.760545710023575
9440000	28.951650545856864	2.5925932136179815	28.725558580269762	28.73262486867222	28.739850563856674	29.40566542171564	2.236450507813592	29.206818497876913	29.22988159525979	29.23262273041391	28.912097084664655	2.1888551899843125	28.722478605823646	28.727348515136168	28.73188845503668	29.384681230269376	2.310066193620095	29.17647348529855	29.19321223953007	29.208832216639475	28.912444987160118	2.1938357442258547	28.72221176969798	28.72702719409947	28.73183148536341	29.411974292274152	2.308680118365453	29.211197379459076	29.219768879688484	29.22694818576285	30.958891591143068	2.4311754987746466	30.745116591856398	30.76830824102219	30.77106168636234	29.940552557507797	2.190811966836887	29.753703233412104	29.75756229751719	29.760602137737987
9450000	28.95293997529422	2.6018792298391133	28.72562836322647	28.732706600503835	28.740064841335656	29.406282557707364	2.2362037479552477	29.21224738258725	29.23019624417099	29.23217063486345	28.912082643189336	2.1888563570765243	28.722489974617453	28.72734515904842	28.73188845503668	29.384109563272354	2.3082161048331815	29.175341374296288	29.19309776191208	29.20979968553219	28.912447461634944	2.19383488514309	28.722278236067254	28.727028326280347	28.731815874083317	29.411852844177165	2.3059245580578263	29.210440157454148	29.220022801247566	29.2275638949731	30.95959454632958	2.428416946312688	30.750232673552237	30.768591066732974	30.770585768254143	29.940793018226323	2.190790594689358	29.75399784195145	29.757448073458477	29.760959272193965
9460000	28.951488330645624	2.593765856241197	28.725179470729877	28.732273475506453	28.739726076479286	29.40654668185096	2.2360102150084	29.212092945746818	29.230359218321762	29.23339514958631	28.912087704359678	2.1888559453450567	28.722496050511662	28.72734515904842	28.73188845503668	29.386094560960967	2.3072353342669656	29.17814962385408	29.19477521039599	29.210227847185237	28.91244126985552	2.193835409874514	28.722344428544357	28.72702719409947	28.731835930003875	29.412244153611123	2.3056086734031673	29.21176749234356	29.220011985747902	29.22745308169027	30.95912132174521	2.4238336945932533	30.74933170654785	30.76873447966065	30.77173563012389	29.9405195236647	2.190815762055878	29.753605293744858	29.757370448954205	29.76061916998685
9470000	28.951424032661812	2.5989479615289883	28.72558209413229	28.732025427110425	28.73921627839656	29.404931791468684	2.234651835677403	29.21081395693732	29.230170909155817	29.23253484250686	28.91211301819758	2.1888537605592355	28.722496050511662	28.72739411113225	28.731915697635927	29.38451879216449	2.3100280848186334	29.172994608513932	29.19392368844681	29.210412607249673	28.912422629524293	2.193834985079872	28.72235927487318	28.727045342278334	28.731835930003875	29.411294539850125	2.307836512199776	29.21078045071966	29.219444564821206	29.227104440260085	30.958554535689764	2.4325626451275038	30.748966614040796	30.768618967000975	30.770983415713715	29.940610034879366	2.1908463994892857	29.75413673281861	29.757194272075257	29.760644270320796
9480000	28.95198421166487	2.605845300743715	28.72553301376857	28.73200871599328	28.738926006371106	29.406443816938896	2.2368677829558363	29.21174319090295	29.22968645682958	29.232762886138243	28.912137259615772	2.188851668978567	28.722513767514705	28.72745460250418	28.731915697635927	29.38351067239698	2.3100898711184206	29.17397176122133	29.19203096459089	29.208023355193106	28.912427372705817	2.1938342467971137	28.722429942431862	28.72707807685873	28.731835930003875	29.4111881219507	2.3071488707028	29.210155611438484	29.219336215166138	29.22642006098627	30.959926288478115	2.4291238454217257	30.75025474043261	30.76815084114385	30.771221839645627	29.940261527082896	2.1909394840362526	29.753625818937007	29.757229593915206	29.760351709746722
9490000	28.95214749509777	2.604762983592592	28.72606896569972	28.732371094604808	28.739067649081157	29.407667887021702	2.2366677556088863	29.21341569300446	29.230629121180023	29.232980963322937	28.912177821123535	2.188848124496745	28.722644551873657	28.727455838383595	28.731984513260837	29.386185201601986	2.3091215832022813	29.176045949276944	29.195321961081568	29.210186340658854	28.91240221643494	2.1938348069821556	28.72240904215056	28.72707807685873	28.731899888793265	29.412464917067524	2.3071491699792497	29.212208307969327	29.22077049124782	29.22749296661662	30.960809727102237	2.4290582169869483	30.75116336407756	30.769058116189736	30.77133293131582	29.94055550190792	2.1909121712674344	29.75337984374812	29.75720449437992	29.76048425221663
9500000	28.95161854242023	2.6015189980473497	28.725634508765964	28.73229830905935	28.738607306143106	29.40530400335577	2.236287937669998	29.20982454847736	29.22980974889125	29.232020304138384	28.91217438925238	2.1888481887376634	28.722644551873657	28.727472290829056	28.731974499284718	29.384707614656175	2.3092616966997515	29.1764972190957	29.194706503388197	29.209626395856375	28.912601015197264	2.1938275465055552	28.72236379121387	28.727105008160997	28.731869040625185	29.41164195833807	2.3060771742832227	29.210503983782193	29.219606478930345	29.22749433123018	30.958724333712496	2.4282396164143165	30.748163081260415	30.768234804226253	30.770416818939808	29.940626225821948	2.1909059450961608	29.753395516095242	29.756926162342197	29.760602443389693
9510000	28.95080883831569	2.5956655849070676	28.72503739259374	28.731977099695904	28.738634829593522	29.4060073586879	2.2357575538919052	29.212207057879443	29.229961697376474	29.232150883879072	28.91217136713509	2.188848439737748	28.722692767336408	28.72745460250418	28.731974499284718	29.38375633692538	2.3077040931115618	29.175928921805813	29.192420985925374	29.208268536412564	28.91259384277307	2.1938279925142203	28.722387915839533	28.727045342278334	28.73196201543665	29.411042908592275	2.304704288203034	29.210956409361664	29.219140871582347	29.226660039309124	30.95876655713761	2.4240543913586006	30.75029620491025	30.76841347311796	30.7706035191457	29.940421388936674	2.1909236766871913	29.75350999618268	29.757045384190356	29.760496720303266
9520000	28.950720599222485	2.6039762248153338	28.724657698508672	28.732047168095924	28.738321686602855	29.40614588779047	2.2346303964705037	29.21321407468993	29.230355035911185	29.232925805299743	28.912178492009943	2.1888478032260936	28.722644551873657	28.72745460250418	28.732044545854365	29.383830579714644	2.3081032546685334	29.17395700019485	29.193341667297275	29.208469576918205	28.91259344594995	2.19382684816378	28.722429942431862	28.72707807685873	28.73201985603998	29.4116616145528	2.306097546964874	29.211901006332155	29.21936498440008	29.226386524513508	30.959603588544233	2.4292162521860727	30.751063248754868	30.768797681776746	30.771348647582972	29.940445117562707	2.1908503569768616	29.753571635034227	29.757117372588677	29.760307931990695
9530000	28.951623776603768	2.6029032774759986	28.72512587442867	28.732160750155174	28.739271452221963	29.405921423073202	2.235211302053141	29.213040845754627	29.229951132545253	29.2324446228555	28.91213976519697	2.1888488280128313	28.722644551873657	28.72745460250418	28.731974499284718	29.384080501630535	2.30865568981134	29.174519327406145	29.193907019110274	29.208326133118938	28.91259766452214	2.1938262319042474	28.722465401016507	28.727045342278334	28.732042195462057	29.411863235365992	2.3068583045784337	29.21142406700477	29.220172854362033	29.227145754360144	30.959499471627066	2.4277732614243392	30.751212273395375	30.768317255865014	30.77089098700147	29.940563837069313	2.190841956123334	29.753696876979436	29.757463954068037	29.7605227034787
9540000	28.95069226831018	2.5906111081286265	28.725296801370412	28.732300943278332	28.73939067462814	29.406652566606983	2.2359949673966484	29.21452683435874	29.230417640909057	29.232659686163572	28.912145452364765	2.1888481116308878	28.722561469010184	28.727455838383595	28.73205079412265	29.38498954357038	2.308910123449515	29.17579983786643	29.19515004228399	29.210793959836874	28.912625674606947	2.1938238461807607	28.722446715159954	28.72715057587471	28.732054809552384	29.41178115472404	2.306332273528277	29.21060980799639	29.22028716419091	29.227234734315747	30.95874978890188	2.423810136814219	30.752643505885263	30.76886941359048	30.771116255451574	29.940426855041093	2.1908397670997712	29.753642627294965	29.757573958030623	29.76036322901645
9550000	28.951704843204727	2.5897450745219968	28.726175767398928	28.732555672786095	28.73886668833586	29.405024005039373	2.236828550740414	29.210773293312677	29.230096854933006	29.23237358622188	28.912164489457602	2.188846464600434	28.722551106190977	28.72745460250418	28.732059323911393	29.3842501272196	2.308721516266869	29.175691152366124	29.195279794904074	29.209460371155348	28.912654975150506	2.1938212904975316	28.722472308742915	28.727187737310505	28.73204807418687	29.411844707086242	2.306834717310537	29.211181189088077	29.219902458221746	29.226968050747935	30.958254511654147	2.425159855945148	30.748675262156752	30.768519501228475	30.77077753708517	29.940445023726088	2.1909002859093576	29.754042902673223	29.75742378150662	29.760527211770622
9560000	28.953260684916316	2.6070801927167278	28.72586390333001	28.732935962781013	28.739076438336937	29.407606537697127	2.236684050942119	29.21319377278213	29.230411079797157	29.23328391815779	28.91216491044741	2.1888464884839465	28.722717576442818	28.72742833847185	28.732056589459155	29.386469394572707	2.30841578521367	29.1794721733951	29.196712235662265	29.2110647987015	28.91267663130002	2.1938193096640797	28.72249437563905	28.727235244816413	28.732072638673586	29.412589287582726	2.306226588096224	29.21207761618384	29.220816950678426	29.227713419923077	30.961097769811218	2.4302944610052126	30.751408165671457	30.768804255912304	30.7715983066513	29.940723662062783	2.190864849448064	29.75417158472452	29.757439385295214	29.760640133001772
9570000	28.952494183323456	2.6027468356692176	28.72570899487801	28.732816734225693	28.739641642472186	29.40546957392321	2.236907553899718	29.211537495984608	29.229849547277148	29.232382335510703	28.912164524441906	2.188845779283719	28.722692767336408	28.72749002549194	28.731990823313126	29.383923583298856	2.3095594457460242	29.17488119451012	29.19344289333506	29.207444046863426	28.912648528260654	2.193821629884123	28.722487808162196	28.727199669947687	28.732034621972463	29.411524295595964	2.306773282888946	29.210413219514717	29.219532195422502	29.226815292890382	30.958855733829854	2.429257294941389	30.749502334966778	30.76830003706444	30.770747857344634	29.940560770251086	2.190880400979224	29.753668719493085	29.757591394147006	29.76073066798122
9580000	28.951234043181923	2.5924343377958254	28.725396093683887	28.732407505605764	28.73982568263494	29.40589014731543	2.235944259228817	29.213185628752168	29.22987249637552	29.232232669247875	28.91215685474177	2.1888450070331085	28.722754722707414	28.72753022444192	28.731990823313126	29.383856555106657	2.3066284591067157	29.17439314618378	29.193044590815116	29.20760572600904	28.91266562850173	2.1938200731752784	28.722503299671448	28.727193331358308	28.732017848398772	29.411383103602663	2.305242148149825	29.21060758417571	29.21921165091647	29.226980026630038	30.95796769121221	2.4225747520224763	30.750961795266555	30.768297281452476	30.770621142715665	29.940422716728925	2.1908820664448574	29.753701919175327	29.75741866974636	29.760930494016073
9590000	28.95216494965499	2.6003362894672706	28.725472146435727	28.73214425726248	28.740118081529943	29.407260032743707	2.233913478974561	29.215994570420733	29.230599621958433	29.23277943263624	28.912160204351945	2.188844626506663	28.722754722707414	28.72752698328255	28.732043634370285	29.385624781986614	2.3049988519938314	29.17808903315879	29.195635003108816	29.20964911537311	28.912682826498706	2.1938186290531423	28.722503299671448	28.727193331358308	28.732042195462057	29.412050901066657	2.30285258439984	29.211825961008394	29.220486527980924	29.227529945317762	30.960484386998775	2.4220787874451557	30.754363846025374	30.769035240409735	30.771147110102376	29.94062711558971	2.190828333190061	29.753682645581055	29.757440029254635	29.760815018253165
9600000	28.95222691212114	2.5971044985849296	28.725518512871155	28.73298181246647	28.740336668867183	29.405380991214635	2.2344256049878557	29.211188767942406	29.230194758491223	29.232673976866103	28.912188461618292	2.1888312110263692	28.72274836608186	28.727621245230964	28.73207969038251	29.384741279588894	2.307876535881981	29.17484294183917	29.193451051130737	29.210714369224767	28.912723458153177	2.1938150783466375	28.722524698334713	28.72725020372203	28.732034621972463	29.41160793935772	2.305182874489587	29.21036206723638	29.219556974611507	29.22725004961551	30.9585434327544	2.429705712085252	30.749222631292504	30.76864874423085	30.77108950897443	29.940633106593626	2.1908287981581087	29.753680650827143	29.75751274313479	29.76096535477985
9610000	28.952901417437456	2.6055193640992407	28.72526825355224	28.7328818665464	28.739665524340424	29.40632942825916	2.236013906129948	29.213039308962262	29.23042165850216	29.232896275619833	28.912197787552042	2.1888304135228207	28.72278946230313	28.727670308162054	28.732056589459155	29.384218953346338	2.309649837503252	29.175420506053136	29.19312868784729	29.210214094134603	28.912750552450362	2.193811726507604	28.72254633758686	28.727350931262517	28.73204807418687	29.411633656218108	2.3077531580405424	29.21051286565392	29.21925303011033	29.22705840520458	30.959248033824384	2.431361829197719	30.751177709304223	30.76883570899714	30.771231927745998	29.940623917678707	2.190799560950485	29.753861110579454	29.757560921959332	29.760773792273447
9620000	28.95286332396724	2.606334620271956	28.72573186566009	28.732764350695405	28.739855886637102	29.40488143263	2.2378097247875792	29.206877194239713	29.229928035241514	29.23250699162225	28.912188322694305	2.1888310238657107	28.722802227785767	28.727619701655374	28.732043634370285	29.383537817700887	2.3087796541389434	29.172888835577293	29.192682394640443	29.20843897038965	28.912752107771574	2.1935809379763502	28.722521981173532	28.727409171561924	28.732072231852673	29.411475960449184	2.307996367260257	29.210377587223437	29.21868970442402	29.227371233274113	30.95784749085379	2.4275473618936143	30.745141917072157	30.768368762062735	30.770917737210944	29.940650874882074	2.1907958296981906	29.753707656424595	29.757506768210657	29.760682488504997
9630000	28.95318201373565	2.606049657138816	28.726378341429793	28.732686667244145	28.73941730021186	29.406146142083976	2.236997818405813	29.212741374642015	29.230324688416246	29.23239612126203	28.91220175519146	2.188829888131306	28.722899710681222	28.727573263392202	28.732043634370285	29.38603829689797	2.307633799315285	29.176675701789595	29.19461787794846	29.211284935450365	28.912724250487763	2.193133945973125	28.722521981173532	28.727428183211845	28.732072927373565	29.412352908840557	2.305117629273974	29.212155932656003	29.22061189411727	29.227892607278456	30.960212703372374	2.4298766669789362	30.751227135903697	30.768774818257278	30.770826701429485	29.94079193031013	2.1907815249266736	29.75395607915928	29.757426454516725	29.76082649795816
9640000	28.952839578246866	2.5976970092499574	28.72570017426806	28.732717710104005	28.739573862171024	29.406629552754993	2.2363855762358575	29.212794168973247	29.229903066561164	29.23217722657791	28.91224449234007	2.188826272592655	28.722915071729787	28.727658907489975	28.732092600737275	29.385111287695747	2.310395979999544	29.177245673656994	29.194292582338058	29.209628819970593	28.91276755333739	2.1931302392957157	28.722564815868605	28.727446208968715	28.732072927373565	29.412166698024123	2.307620571530641	29.211216779824923	29.220500613807914	29.227401092724186	30.96020040852931	2.4277958013851157	30.750924605886926	30.768366881673415	30.770639163187326	29.94099120545508	2.1907632445994287	29.753896565736184	29.75744704978861	29.760810166947245
9650000	28.953165273994177	2.602748540859853	28.72578315858567	28.73270079032369	28.739675680976028	29.405548096325937	2.236979447290511	29.206652328900674	29.230385703146737	29.232420716461327	28.912282772292304	2.1888229363283886	28.722940009450046	28.727725772071903	28.732107256620907	29.38504785521893	2.308186150821281	29.17610033094097	29.19484625916273	29.21007175137145	28.912782681989512	2.193229875413857	28.72261754216126	28.727446208968715	28.732078625784048	29.41196547186854	2.30604107272842	29.21080228136816	29.21998760086956	29.227353662629636	30.959352407328176	2.4298157276449004	30.745022573520863	30.768843366069703	30.770754331767872	29.940971181228747	2.1907655672726296	29.754098802023165	29.75752504481731	29.76061188204937
9660000	28.95223969746616	2.597248858806157	28.725690838189088	28.73225270460008	28.739649196222857	29.404472502564897	2.2362572529302223	29.206928286092317	29.229196594995535	29.232085130757298	28.912316845019117	2.1888201349327674	28.722915071729787	28.7277663383422	28.732193927643333	29.38251251223496	2.306436844882399	29.173586174787214	29.19213491059232	29.20927995099542	28.91278124889012	2.193229928697629	28.72261754216126	28.727459583899712	28.73215903699365	29.410312393448947	2.3048276559043472	29.20994423267444	29.218151906922426	29.225865709356796	30.957548987153658	2.426789619768937	30.745433136766984	30.767641166259423	30.770537078102834	29.94077691239449	2.1907978785687057	29.753710291683703	29.757312061818915	29.760499551504793
9670000	28.951960906775316	2.6006475523573096	28.725197016158027	28.732418652554152	28.73951136494724	29.405896377166695	2.236270175985916	29.210751389719345	29.230203272072536	29.23302631960167	28.91232329039923	2.1888195890282485	28.722970572899328	28.727762702814914	28.732144899135008	29.384977912303267	2.308428330760163	29.17680970102426	29.19395203014652	29.209732955170335	28.91280718469983	2.19322763517536	28.722650137955533	28.727470646728218	28.73215903699365	29.411834791075016	2.306063839870431	29.21134181979128	29.219796031977683	29.226846157232167	30.95850282322326	2.427361024106449	30.749019748454764	30.768635566581505	30.771454441553985	29.94063015100837	2.1908110277439907	29.75392398553321	29.757117154397992	29.760314463962825
9680000	28.9516135842125	2.599757145910397	28.726003230341753	28.732679920314858	28.739607725054086	29.40761123657112	2.2358721098931262	29.214933101301863	29.23018825547107	29.23219662306008	28.912350634627384	2.188965953721782	28.722940009450046	28.727751492100367	28.732144899135008	29.385126655812737	2.3077015335064734	29.176133743951798	29.193824954255746	29.211093565260697	28.91279660487917	2.1932323012379293	28.722650137955533	28.72743791920661	28.73213379671063	29.41226151778376	2.304691645844863	29.211903401064752	29.22029925963639	29.227689959141806	30.960291086661524	2.423704573503812	30.752788469833654	30.768565635030384	30.770538022653135	29.940540216108232	2.1908212961347897	29.754075337956664	29.757402380550516	29.76072336175665
9690000	28.95198216383808	2.6009367267281123	28.726280050352575	28.732669435382512	28.739620999115324	29.404817515588896	2.235506208683024	29.211995396544125	29.229834333517566	29.2319349377497	28.912338139472734	2.188966382949581	28.722940009450046	28.727772644291445	28.732144899135008	29.384251123605928	2.305908511247335	29.17436706073103	29.192943267751744	29.210786624374183	28.912819799876093	2.193230312406687	28.722725379598085	28.727446208968715	28.732108813154564	29.41146543723295	2.304195431219941	29.211431979177497	29.219108904803075	29.22709094830499	30.95723583321422	2.4217845529962427	30.74994692274018	30.768253223561658	30.770322634803712	29.940603895113355	2.1908144942445356	29.7538186785518	29.75727992914134	29.760671784915363
9700000	28.95167518475848	2.5962279801255863	28.72568146231589	28.73346972250552	28.739948748273726	29.404796059690714	2.2351683832917235	29.207140418501503	29.229553475891244	29.23176243816834	28.912330163769106	2.1889669403576955	28.722940009450046	28.727790126220007	28.732125504941216	29.383775462884085	2.307120857281501	29.173889479664005	29.193099068825678	29.2100700889956	28.912786977289123	2.1932309826136853	28.72268134315021	28.727459583899712	28.73210275084977	29.411791292831033	2.303167839843542	29.210921651173308	29.220085388018077	29.22812697325178	30.957718096671627	2.424391397684728	30.745551816178388	30.767982966036534	30.770204714084393	29.94075231256283	2.1908296374992293	29.754020120064304	29.757283775217505	29.76083366532439
9710000	28.952203807008818	2.599155320866611	28.725457742852416	28.73306955961679	28.739799060445243	29.405594468985193	2.236282370451447	29.212248070191087	29.230137424916684	29.23260976156245	28.912330376873523	2.188966881586332	28.72301717914539	28.727772644291445	28.732116899869936	29.384058553225998	2.311403768981661	29.17454751485483	29.194134623270152	29.209708271833755	28.912810082821288	2.1932282050346252	28.722742194774508	28.727496620919162	28.73213379671063	29.411474865864925	2.309225845335797	29.21003185072993	29.219445789975666	29.226926960353783	30.959551510260205	2.4331653428875715	30.75075829110813	30.76858914751887	30.77093142529188	29.94049696013706	2.190851629569235	29.75373402328946	29.75734412322432	29.760571385291794
9720000	28.95224252440972	2.593901439069965	28.725597714260623	28.73288482976446	28.739943002475346	29.406538941120147	2.2379178762984457	29.212476541173853	29.2300097947978	29.232804112590173	28.912343877007817	2.1889656714623382	28.72301717914539	28.727799946008776	28.732116899869936	29.385337806088714	2.3117508582586495	29.17646449398424	29.194691781589647	29.20915893958363	28.912799039465153	2.1932288458444567	28.72274445897832	28.727496620919162	28.732108813154564	29.411976906191022	2.308486552277803	29.21134629160329	29.219489750142017	29.226544876209466	30.959350624005072	2.4245506102620857	30.750359734041307	30.76845942491672	30.77122454541501	29.940557175200464	2.1908453949238607	29.753659854473295	29.757337364433187	29.760632753883158
9730000	28.9523879989555	2.6009789565115957	28.725467215645036	28.732485909497775	28.73998518105114	29.40776114375279	2.2363039224877124	29.21384395489987	29.23004935536395	29.23213473059309	28.912339494964	2.188965891778547	28.722965629060834	28.727865565144477	28.732107256620907	29.38381423957298	2.308308006598042	29.173766820601553	29.19317305887583	29.209195776127437	28.91281802119145	2.1932272576133585	28.722759829973747	28.727549224152412	28.73213379671063	29.410581483095577	2.3044053637214077	29.20983631159265	29.219132625454243	29.225898800481897	30.960620992058477	2.4278743412306563	30.751525640111954	30.768456634722657	30.770410765136354	29.940551812190527	2.190842615563438	29.753689953570465	29.75750676397842	29.760551316713588
9740000	28.95278635693178	2.607898591762625	28.725889224096175	28.732880148017337	28.73980708977958	29.405695718304475	2.236267683664115	29.210125204728175	29.230059142839437	29.23205431929581	28.91235194837605	2.1889584197373804	28.722978337645948	28.727865565144477	28.732092600737275	29.38463020800227	2.307539796762036	29.17612252454259	29.193795341537964	29.210682100342627	28.91281070861844	2.1932278219796837	28.722767131971914	28.727527196629318	28.73210275084977	29.411453240172637	2.3042941808917132	29.21053083301741	29.219298365205397	29.227256745966283	30.959194166425295	2.429465200547835	30.747783364935287	30.768499972843074	30.770447184274907	29.940483363322276	2.190845512711595	29.753778690988614	29.757464559540985	29.76022147843261
9750000	28.95243336629637	2.6027057081705176	28.725659275542277	28.73254069849314	28.73927314062083	29.40744377402438	2.2353961914049316	29.216268176321908	29.230483187000765	29.233253181880585	28.912364465625483	2.189059806167499	28.72301717914539	28.727871958102348	28.732202371556625	29.38421524074976	2.3083224974880614	29.177110944761388	29.193829366735088	29.20757375707928	28.91281522438004	2.1932273765045727	28.72277695603506	28.727470646728218	28.732108813154564	29.41167252977664	2.3030238652225172	29.211628320899145	29.220114748914384	29.227091740222406	30.960478789549228	2.42590442892301	30.754084309566956	30.768911804939037	30.771714340641942	29.940443856089225	2.190858565697463	29.754004432122372	29.757165223500323	29.760164255379095
9760000	28.95097441987978	2.589643719444295	28.725180959656118	28.7323531877131	28.73973902343117	29.406469322076845	2.236265488649253	29.211046629230516	29.23015835046597	29.232646719730667	28.912360657698756	2.18916475343367	28.72306807914637	28.727865565144477	28.73213892250626	29.385375026049772	2.3077663345133623	29.177912209612558	29.19438887016245	29.20913415024188	28.912840399431005	2.1932248899360904	28.72278160695903	28.727544331111083	28.73215903699365	29.412341059889176	2.3047492147990947	29.21207496161689	29.22044209888947	29.2274626582569	30.959346888099116	2.423071537342537	30.749360048467622	30.76858229218061	30.770980954241345	29.940913626465644	2.1908168340373653	29.75411008432069	29.757496786067698	29.760642701464814
9770000	28.952502104280445	2.597769108082873	28.725483170056613	28.732439986092963	28.739874244932725	29.404430363495702	2.234898340354051	29.209025485873855	29.229912674976013	29.232305723021895	28.912389573424257	2.1892978571851938	28.723119537630414	28.72783733022218	28.73222295135181	29.38399868298712	2.305675721313969	29.17384485464092	29.193852844964056	29.21067725022959	28.912864711436722	2.193222763751312	28.72278160695903	28.727566909564896	28.73213379671063	29.411475287202627	2.3038685981283744	29.210450627514565	29.21974261003554	29.227183803370703	30.957723274072368	2.4253926966043426	30.747262146526975	30.76834048471481	30.770709075328234	29.940953195012177	2.1908034059883983	29.754090627270468	29.757635539021518	29.76066399216954
9780000	28.951437254436918	2.5952889429839345	28.724956483798437	28.73222364982014	28.739444128873433	29.4063895254277	2.235265877820083	29.212846159064803	29.230076949998562	29.23190474269137	28.91240262917228	2.189296771864585	28.72312499660904	28.727865565144477	28.732251493469896	29.384815793703655	2.3086378378706405	29.175683669064664	29.194635225883374	29.207893295135847	28.912888077760517	2.1932199699776067	28.722846059813612	28.72763646933052	28.732279620223835	29.411684942460735	2.307038795774049	29.210418390362346	29.219164696593964	29.226981788877836	30.95963879753251	2.4286408783240767	30.750252870885078	30.768464877072525	30.770295713642646	29.940569746915678	2.1908377380702593	29.7540672857964	29.757440557845577	29.760465578753006
9790000	28.951316394862832	2.6001807141823186	28.724949344815567	28.732207112154832	28.739037552052945	29.406482323795082	2.236215586324294	29.21076226854015	29.230276959258013	29.232514649339418	28.912425391187913	2.189294155860234	28.723191455434762	28.72787432687685	28.73222295135181	29.384403675313344	2.3090503173608803	29.17601754192345	29.193325684787563	29.209158652180054	28.912866459698467	2.1930779869161383	28.722851139939312	28.72760756064708	28.73226518844494	29.411544474930466	2.307375517410975	29.210545490771782	29.219803564039047	29.226838127168953	30.95945488763432	2.426092427444003	30.748671882919176	30.768684278388292	30.770853943925577	29.940616166790708	2.1908319141407335	29.753729586712666	29.757597697306743	29.7605093992915
9800000	28.95239874271997	2.6038092080123594	28.725148381007696	28.732019142199665	28.73943774526317	29.40493637579147	2.2366386482206777	29.210181163534386	29.23060373079212	29.23330808723719	28.912448217950338	2.1892921835210757	28.723250284904225	28.72787432687685	28.732261344063453	29.384508960935317	2.307145350841972	29.175357445965716	29.193243998257266	29.209226284160977	28.912893576284315	2.1931112513436646	28.722818935927897	28.72771858030329	28.732350980838525	29.411794893037964	2.3040659781027197	29.211462110034457	29.220009185753256	29.227258076941837	30.95768260909852	2.427527744304163	30.74823089381811	30.769017361737177	30.77167450646889	29.94066234412388	2.190772338005725	29.75390632845799	29.75737001406128	29.760617762143013
9810000	28.952083721142866	2.600848312229717	28.725484462780642	28.732462472436467	28.739640360772594	29.406260679584463	2.235607312098476	29.21128785610656	29.230198217500813	29.232922659526285	28.912468368340445	2.1893099377527485	28.72331203903373	28.72783733022218	28.732261344063453	29.385042152863395	2.3094693750047055	29.17552530505537	29.194682109109607	29.209726326536916	28.912883222517156	2.193111000526205	28.722851139939312	28.72771858030329	28.73238374623126	29.41206367081735	2.3055646894064146	29.211530913286452	29.219853412863078	29.22736185071596	30.959277718827966	2.42685299815529	30.749603395094834	30.768643898304852	30.7713560907479	29.94070402602875	2.190757788012547	29.753912653800448	29.75748346420514	29.760891995726983
9820000	28.952017238348944	2.6023070635069274	28.725395826283776	28.732395878405754	28.739495969050807	29.405410911997485	2.235203205022854	29.207695868784008	29.230291810674885	29.23300592109859	28.912499646405053	2.189307280452167	28.723384038895002	28.72790683747246	28.732261344063453	29.385862386322263	2.309260915905117	29.176878613302982	29.19513298559205	29.210160311931965	28.912902438350258	2.193165069896948	28.722851139939312	28.727744111438042	28.73236539753879	29.41234579360757	2.3064620299108314	29.211806247915636	29.220082899005426	29.22731108588748	30.959018156791082	2.428464059699816	30.745884131957443	30.768728989281378	30.771444139125176	29.940559114478543	2.1907189676087526	29.753833387986916	29.757381590140547	29.760741860391807
9830000	28.95249382187055	2.5965916436224448	28.725817157107237	28.732877648038198	28.740228177347312	29.406207345577076	2.2357463358293557	29.210439746170046	29.230070462751513	29.23266718939894	28.912497348108705	2.1893188999256217	28.723471448525153	28.727884082340232	28.73229930417493	29.38595664491889	2.3101440046724506	29.176230873819772	29.19551648189927	29.2105222451524	28.912913015178002	2.193164154541943	28.722846059813612	28.72773725065937	28.73238374623126	29.411838890669937	2.3083518731211394	29.210831631517365	29.219883152672427	29.227706930821363	30.95966977700445	2.430384744279948	30.74842750497627	30.768412969562085	30.771052415310418	29.94061805058655	2.1908343184522017	29.754249097762	29.75738455322717	29.760856559947683
9840000	28.952640576099427	2.606856971299491	28.725861825235114	28.732980132205043	28.739972669859952	29.407815600223216	2.2374025714672348	29.212196831557723	29.23030054901238	29.233356572949894	28.912504020797545	2.1893184337189866	28.723485017715735	28.727892033117172	28.73231642666094	29.38528521333245	2.3087962334482675	29.175926503202266	29.194722971983243	29.21005928813413	28.912929604693055	2.193304256624984	28.722846059813612	28.727638289823297	28.732440476226774	29.41190674047623	2.307542312203952	29.210671821717877	29.22024595576123	29.22714444779795	30.96088290769167	2.4319340226044988	30.750515996438402	30.7687001406849	30.771539597537682	29.940554604380985	2.190839663557701	29.753699245312973	29.75760611218392	29.76104340890504
9850000	28.95250339037603	2.597679629465674	28.726421294432413	28.733170778313074	28.739616385356904	29.407569908088426	2.237536825303621	29.214077777903164	29.230343023293837	29.23271213948407	28.912511881973412	2.1893175555244833	28.723527274869124	28.727892033117172	28.732373965871503	29.384848256187222	2.307667783113264	29.17514977171809	29.194450892077654	29.21007314786576	28.912956183066846	2.193302056787559	28.72293696814181	28.727723952348377	28.732466438133933	29.411511469728442	2.305945564681625	29.209977551911432	29.219887293281584	29.227663625044496	30.960010454602926	2.426087546287129	30.75188080033722	30.768727172866992	30.771019201630697	29.940743568667898	2.1908240313194347	29.75399023694185	29.757980038800227	29.76085712411866
9860000	28.953103628631023	2.6019471456656915	28.725983012928204	28.733234459208692	28.73998206116647	29.405819907459637	2.236903630749799	29.210230662188856	29.230085214296246	29.232445097733635	28.912543514506154	2.189314834434895	28.723590736092003	28.727903524929424	28.73231642666094	29.384265740452907	2.307261426199999	29.176039497727714	29.192894121537464	29.209481617987585	28.912953840505796	2.193302193592101	28.722851139939312	28.727750944624933	28.732475290543817	29.412079980806116	2.305842084316835	29.211737886413026	29.220029078670763	29.22709785349233	30.95883675471578	2.4226685199197857	30.748260284390593	30.768534760444588	30.770890780000627	29.94101795207377	2.190797666970602	29.754145080755144	29.757780994921884	29.761012282334164
9870000	28.95304445815357	2.605477767690368	28.725743514406652	28.73275244004934	28.73983994190646	29.406678184864	2.2367845769811665	29.213589694756728	29.23047073892218	29.23318713992818	28.912561054525778	2.189300824624271	28.723590736092003	28.727884082340232	28.73229930417493	29.385884441584754	2.309983869556693	29.17639109810041	29.194922592496503	29.210617159269294	28.912925587772172	2.193280181515484	28.722846059813612	28.727745931324012	28.732499703761377	29.41190479531979	2.3083973600643666	29.21089050950305	29.219571559588154	29.227453634937884	30.95975895390563	2.4276578708884777	30.751411774406897	30.76889746259052	30.77160312627067	29.940843049314225	2.1908140916936967	29.7540244055984	29.757640170352378	29.76077690831258
9880000	28.95281207725641	2.607547968983159	28.725691564507052	28.733143724026714	28.740029440835006	29.405923816658156	2.237298317299782	29.210329632078686	29.23010617510993	29.23233035576902	28.912572798174562	2.1892998028247277	28.723570060367475	28.727903524929424	28.73232783126476	29.38517445724785	2.310096951111952	29.17559485174567	29.1940743593671	29.210807822432674	28.912937004704155	2.1933836424954554	28.722851139939312	28.727750944624933	28.73247104364907	29.411962977960705	2.307469041092315	29.21061791016935	29.219951069539434	29.227388890193403	30.959585888862662	2.4323396073271812	30.74782062764306	30.76851546852602	30.77068548584272	29.940836163282626	2.190814492639919	29.754090345252944	29.75716975156861	29.760816313091908
9890000	28.952604396345727	2.606539467455853	28.72552949102063	28.73347522231217	28.740159160828632	29.406212805864786	2.2365360544348207	29.209782477681916	29.229893780322513	29.232260975334697	28.912589166431662	2.189298062130776	28.723596854803013	28.727965828772646	28.73231642666094	29.385602700852335	2.3071995577444597	29.17596443776702	29.19534857208268	29.210192319449693	28.91292753258279	2.19338226750873	28.72293696814181	28.727750944624933	28.732471912433127	29.412022770913424	2.305395108984057	29.211170050881634	29.220187836788476	29.227841907531783	30.95882755872369	2.4294902683653574	30.747870424784825	30.768340684381563	30.77069398390028	29.94065972555833	2.190830595760467	29.753978904305914	29.757411089962567	29.76081092598546
9900000	28.952687410148407	2.597654740716496	28.726077017900284	28.733183912934063	28.739695117946077	29.405718484673326	2.236403151620321	29.210137053248395	29.230414564778467	29.232852985722978	28.912618106478998	2.189295083653979	28.723641935471143	28.728136025618745	28.732374086051447	29.385362270676545	2.3057922182510797	29.177206762315304	29.195460693983982	29.209842033637948	28.912938474423626	2.1933797813942886	28.723029934503284	28.727815177098424	28.732475290543817	29.411927294841288	2.3039476488100097	29.211524117942847	29.22059142722722	29.227390031181272	30.958863368052857	2.4282266430228936	30.748277599778923	30.76883668889095	30.771065331916507	29.94081398590542	2.190815906106056	29.75394373962562	29.757468945859102	29.76092056703065
9910000	28.95372733236846	2.603876072741376	28.726317156195233	28.733444148651365	28.73991345244905	29.406362634822017	2.2355903184245043	29.2122109690158	29.230212806150693	29.232726836905606	28.91259590459283	2.189296781727154	28.723679058612756	28.728145021288913	28.73232783126476	29.386386528679555	2.3079751210132486	29.178209738858563	29.195414550625646	29.21153465499534	28.91292962286691	2.193380485159009	28.723049850468666	28.727785566551812	28.732471912433127	29.411895936472217	2.3057809075113904	29.211736311026925	29.219786947393345	29.226879454521665	30.95990031615905	2.4302450850317765	30.74994193419499	30.768658104473232	30.771163600528546	29.940704275529857	2.190807438099806	29.754224645691195	29.757613492181214	29.760599280396466
9920000	28.95382920381797	2.606453807978569	28.7267336435176	28.733791088984603	28.740310237002898	29.405310698716264	2.237078801202295	29.210731874899473	29.230043533021245	29.232308205554673	28.91261142609598	2.1892949792523035	28.723757220509896	28.72815139042288	28.732374086051447	29.38533019003566	2.311476317099454	29.176828332120593	29.194784642166773	29.210446674231584	28.912972833341247	2.193416383996852	28.723056921489462	28.727875766574186	28.732475290543817	29.41246237320597	2.3106572172515194	29.211692411274722	29.22080282400951	29.227311093898837	30.959278851460883	2.4343255109113366	30.74877549711491	30.768479393541803	30.770687042832044	29.940879935774934	2.1907935958018587	29.75450711388674	29.757700070478762	29.76111326710511
9930000	28.95377112926246	2.6070397308390545	28.725902554712874	28.73365447346179	28.74097594579345	29.406353700197005	2.237031035447798	29.21222198039588	29.23035504917207	29.232743274471222	28.91261635522735	2.189294191769204	28.723819436648498	28.728161462844035	28.732374086051447	29.384528361044442	2.3059599152196704	29.174511601227575	29.19404774196324	29.210557385295456	28.91293587324835	2.193418797191744	28.723090060330737	28.72785508410952	28.73247104364907	29.41164823644456	2.303839135031285	29.21106929411453	29.21956897948202	29.227305559877077	30.959748453399648	2.4268720560485306	30.750560524458656	30.768809333448512	30.771207396983534	29.940702729706636	2.1908497894414385	29.754104829214022	29.75750341721151	29.76092141703783
9940000	28.952030829514285	2.589070629940904	28.726900819148874	28.73358093174904	28.739896570220893	29.40638310737506	2.2359329542225046	29.21197158314093	29.230335613413516	29.232671644912326	28.912621730100994	2.1892934043849053	28.72384277281588	28.728161462844035	28.73236008522565	29.385309950583096	2.30666403689919	29.177224476728973	29.194335601710172	29.210051524593627	28.912934967609893	2.1934181891414335	28.723121392929237	28.72785508410952	28.732475290543817	29.411674151954667	2.3055294186402078	29.210360235444476	29.220149589213	29.227073890547313	30.959953738726572	2.4240303777742196	30.749962238444702	30.768781232404876	30.771122842904	29.940832543091084	2.190927840597449	29.75372803184641	29.75767527039652	29.76070949805785
9950000	28.952900202979052	2.600049229114349	28.726141277857728	28.732948796378118	28.740283384709446	29.405859735171497	2.235558125963426	29.209843592805008	29.23015863913587	29.23315477454051	28.912662507740826	2.189289841814025	28.72385469358893	28.728179749118517	28.732425118290095	29.384285590007398	2.3097240286938194	29.17499332906888	29.193600291062925	29.20948016530678	28.91294294660293	2.193417477224385	28.72317905006782	28.727880577286403	28.732475290543817	29.412538055639356	2.307092100673675	29.211843418789066	29.22007119722946	29.22749491898005	30.959190466936235	2.431081800143601	30.74806297913567	30.768567233812416	30.771269405988562	29.94088177204115	2.1909422900648403	29.75417308993621	29.757709792701654	29.7608288475448
9960000	28.952196320117217	2.6012917861288716	28.72637084895728	28.733267552460298	28.739813061969294	29.40559146448666	2.235679671058691	29.20804414458908	29.23032421899073	29.2331527271624	28.912660673175612	2.189406440340756	28.723927647672546	28.728161462844035	28.732435231171685	29.384119206597646	2.308939093569445	29.175438486297967	29.193443689050454	29.208934528350806	28.912956114389083	2.193415449107799	28.723216763871662	28.727880577286403	28.73248639916951	29.411601790043893	2.305298235721589	29.210329439835476	29.220067210433903	29.22735533465829	30.958551123410544	2.427693738294263	30.74583335441807	30.76874106862909	30.771536734437014	29.94084675681798	2.190991119729614	29.753979414541003	29.757580650486616	29.760748081006128
9970000	28.952411765916004	2.603089736792485	28.726497435163065	28.732794159923277	28.73956917111093	29.40544919122598	2.235498529592346	29.21146901467902	29.230188115049447	29.232396805621505	28.912686154825685	2.189404251347157	28.72398004197058	28.72815139042288	28.732435231171685	29.385497609402904	2.305015098968661	29.17749512015671	29.194978003012316	29.208642251690577	28.912954786850047	2.1934155369835255	28.723242373827524	28.727882700400187	28.73246400856599	29.41254878458737	2.3037477955954464	29.21206222066029	29.22058645445402	29.227833704809683	30.959118402644517	2.430597352683851	30.74928746901037	30.76864028644588	30.770849166822853	29.94093515102953	2.1909823627108924	29.75417757297498	29.757623414818454	29.761180431976904
9980000	28.951574880304847	2.5887265822672565	28.72661628432366	28.73226179413037	28.739049921189544	29.406007720281107	2.236336800538972	29.211451283765527	29.22949653563453	29.231950917719395	28.912710169420667	2.1894404733850945	28.724017617583048	28.728148987523305	28.73245316801102	29.384515034154536	2.3083065821541617	29.175969306715444	29.192591249811727	29.209231304956397	28.912973759419945	2.1932838346884647	28.723216763871662	28.727931827077583	28.73246400856599	29.41092051195511	2.3054853458241733	29.209750600313765	29.218827443568024	29.226527632254907	30.959026411646825	2.423320461818043	30.749373587868316	30.767877972952668	30.770283046801737	29.94076794157314	2.1909970020459415	29.75427961286958	29.7574163749449	29.76060961420597
9990000	28.95265844917935	2.5965723839384696	28.72623749822379	28.732843371468327	28.73950039897716	29.40515058733371	2.2352645531826867	29.21079240190222	29.2297913673132	29.232930716529918	28.912727493769413	2.189438902107569	28.72415041755839	28.728161462844035	28.732458159876668	29.384299779733123	2.309145351528181	29.173862059932212	29.19401750459607	29.210774334184556	28.912983191822295	2.1932829512469714	28.723242373827524	28.727931827077583	28.732444679112636	29.411604804795065	2.3075711648386728	29.210209677797806	29.219177724608393	29.227367239928743	30.958795845471624	2.4313372661727137	30.748904703121568	30.768252897459682	30.77138942030669	29.940567934147985	2.1910132938380036	29.75361448519784	29.757508352158418	29.76079721744715
10000000	28.952327370726458	2.599476215310577	28.72556990569749	28.73285652408058	28.740022381175475	29.406117744507366	2.235218713499141	29.212705460951934	29.23027001500556	29.232782246506744	28.91272101202113	2.18943794393513	28.72417209649999	28.728136025618745	28.73245316801102	29.385197380661925	2.305243817519045	29.177213286764175	29.195017670543173	29.20993957822281	28.912994131634807	2.1932819661237146	28.723242373827524	28.727951426686182	28.732444679112636	29.411541924633955	2.3037784063307343	29.211789251005747	29.219708675198223	29.226845033228635	30.959318897674112	2.423547238197174	30.750843622108384	30.768687014161664	30.77110898322895	29.94072030205578	2.190998914794843	29.75388610645594	29.75746724381684	29.760936414154415
