10000	40.09048562568155	0.6887323027213739	39.63258928082142	40.11069295126899	40.53347771420644	39.10744792979833	0.6589261743412179	38.65745028189891	39.1004136512545	39.542403621092326	40.07382321341494	0.6671306000740956	39.645292523985844	40.11780239736918	40.52876537337184	39.058528038145276	0.6473765789366036	38.64412573679311	39.08350243032055	39.49156364682406	40.083652538569766	0.7129763199086778	39.60419525570067	40.087431029282506	40.58046568514735	39.052310591229556	0.6473154726405018	38.63908407766053	39.03953278116364	39.4831762878643	40.08474383143497	0.6856382848026593	39.65583818156328	40.073744283395605	40.55902192827704	39.10237673103974	0.6413651200716788	38.684176201342034	39.12973179803235	39.53052734217447
20000	40.37787179659312	0.7499220877791547	39.90265469850145	40.363112933821334	40.86589500269352	39.41260664612529	0.6610925940142723	38.95807654046193	39.437812605203504	39.82815453081221	40.392135024009406	0.7070493295957919	39.91426864861056	40.38031105080922	40.865448607540756	39.39013503356185	0.6640004728482262	38.94843471059896	39.36847337466361	39.81238606806779	40.401695626551295	0.7221720220357501	39.87873941546951	40.38554316652319	40.870359219104024	39.36735803575097	0.667184331794377	38.921775542340846	39.34275398614456	39.8197979137578	40.395192878030926	0.6969828874299714	39.93756161572687	40.390696935606265	40.84721124060991	39.40755279820723	0.6814183894728052	38.94759841080735	39.38993843607908	39.84931600848727
30000	40.562694705589784	0.716658307393437	40.0750856413806	40.541380136646225	41.07488382039106	39.61183390876125	0.648964066613727	39.17260193778331	39.63217569065844	40.036756186821684	40.580256641191895	0.6898488830517836	40.11248348700593	40.60512176237182	41.078806489578334	39.56084597932616	0.6611029084311223	39.122142812352664	39.570044979980494	40.017295457242575	40.583129099650506	0.7080100413471003	40.08258535688581	40.589275348697335	41.06912162633338	39.559938033132134	0.6473033100686054	39.108429706811066	39.58481281738456	39.98227240524124	40.571562998847455	0.6728633432714064	40.116108501504634	40.57648466012746	41.01131358732064	39.60089061174154	0.6442238270545505	39.17077131890606	39.58811936146033	40.04382587597624
40000	40.761723354886385	0.7166111131611573	40.28063460484929	40.73390239863825	41.257234157557704	39.78298388075075	0.6773477979707127	39.3266724656024	39.78333534917917	40.25731549120953	40.74536670865287	0.6910944279751364	40.27013859143937	40.737781961159044	41.227575316046355	39.74855901451579	0.6823833313761671	39.27336958664912	39.756091847664976	40.218494959565916	40.76113347358531	0.7331028273383672	40.24378200745548	40.7516202217043	41.255460191258884	39.73833498143662	0.6713454652772887	39.30425948150156	39.71849737539693	40.16501139998201	40.76641416079545	0.6931504090415967	40.31241305341903	40.74476988766178	41.229828846270095	39.79147289231303	0.6674720480197868	39.34884155285815	39.802687749186475	40.25187723102912
50000	40.93536309491005	0.6867404467155286	40.489705045463786	40.92161280681206	41.37792623419364	39.970707110588194	0.622567270458484	39.54011427470027	39.965243401251	40.415642417145904	40.935512706198054	0.6642980601925229	40.48443311507544	40.948011045783645	41.37522471722629	39.91078475009413	0.6248300069698047	39.49350084648154	39.910309395948744	40.314308847721065	40.950229559649244	0.6884984852661765	40.50509420473985	40.96946818873382	41.401959593343506	39.91524703536877	0.6193949741158802	39.47737956149299	39.91838159627698	40.332461251286944	40.94873786192315	0.6529685132422615	40.51570002295536	40.96247131015369	41.38057104771416	39.97885250520594	0.623153291021793	39.54235448738946	39.9649165279291	40.413960862945856
60000	41.10750998977646	0.7530258305453691	40.63226961697645	41.09050103349153	41.58459794328948	40.13155383257644	0.6645033575297689	39.71471598443904	40.13772464369336	40.541947607023104	41.11485793732384	0.7116797999114104	40.67564931967986	41.10665450157282	41.55830069619738	40.09749939094041	0.6822431545395234	39.64067447789313	40.12018535964998	40.53751549699611	41.102198893466124	0.731564309393801	40.63088950652893	41.102383930240535	41.56727371905102	40.09666857817568	0.6723209329027183	39.64959150880817	40.093808619795986	40.53873225152858	41.12723401085134	0.7075266653031244	40.67668225331507	41.12287070117975	41.5956465836904	40.144963607343506	0.6734616699741038	39.72488680791844	40.162153274961476	40.56220829750558
70000	41.26415176404303	0.721470288375659	40.78712508886617	41.282718191135814	41.734872649764846	40.29543124241386	0.6638669740591285	39.8295448977289	40.28182082434682	40.748866346766434	41.27202456719144	0.6950769168903836	40.789943670350866	41.29540722977302	41.75069739713028	40.257184633609	0.665324442472726	39.7929297319704	40.26854312819084	40.703181048710164	41.27848330503735	0.7200836650459772	40.79284504043537	41.28505460806424	41.76869296077925	40.26347084592287	0.6620600125080879	39.81571714757081	40.264411020943754	40.69412645486378	41.283472433756955	0.6906787749759776	40.83232366441674	41.29006820450998	41.761789705842105	40.29756614933756	0.6565133429762812	39.85332214378343	40.301507554473694	40.725938281210404
80000	41.46287930997463	0.727385048482567	40.9818736843219	41.44582343319789	41.96381252217184	40.48631161658047	0.6611653057429314	40.05220495679541	40.49695759280388	40.94619885374663	41.453037246578255	0.7026089285012033	40.97501393595531	41.43621589003187	41.91240035042402	40.44061290247158	0.6528672627386873	39.968221635277416	40.452791656375965	40.89515018933551	41.46585690744106	0.7188327823922459	40.955480965181344	41.48706168275106	41.9366444465402	40.42833879990021	0.6562862578459727	39.98910413316974	40.41527812641216	40.89318611914051	41.45434240305585	0.693279837603659	40.966605631322075	41.45866194934136	41.94824820597031	40.480959686932955	0.6511933423954551	40.03801880181324	40.48209004725185	40.937167866994024
90000	41.620106107197984	0.7046734568280086	41.15915331275983	41.63935974987861	42.097708147400546	40.65688178240564	0.6508526954022418	40.226848079272	40.65522439807074	41.09441696802094	41.63494511285451	0.6818144257342632	41.17046435971389	41.627688403300546	42.08308847399756	40.61269029006182	0.6522196329357229	40.145993965616505	40.589582721350105	41.020982679577024	41.62547751318664	0.6989633984766707	41.14288136835578	41.63929192867029	42.10539249228767	40.61327296585795	0.6400038648314026	40.17532836308655	40.62245321349283	41.05023223695328	41.63720132681094	0.6669709970765472	41.17143312981633	41.63924074710768	42.07452896519555	40.668696748212	0.6452720737324775	40.273738388219556	40.64299884973567	41.08134982356618
100000	41.839016285122156	0.7389385303924503	41.33279852191455	41.833726625817704	42.32092072164856	40.85784283778559	0.6557736291301216	40.43633869715114	40.87689331762935	41.27854469064383	41.841607947034476	0.694871062634527	41.36163037643476	41.860269554883885	42.2850212167367	40.80333328468494	0.6549138736176823	40.375799676957385	40.800155481820724	41.25309638754351	41.82857961203568	0.7261133815459055	41.32017823313126	41.814188782205164	42.31880795974327	40.80881636821831	0.6588796776956892	40.36495588320713	40.79700394288153	41.24712449487487	41.819750547266345	0.686898879450612	41.34419149733989	41.84501895234483	42.25148926562959	40.83222444118498	0.6522125326189737	40.374800292653376	40.830705182863255	41.2811036750713
110000	42.02839490005806	0.7219711623755342	41.56185897924064	42.02780673718176	42.49222891257989	41.06998455434047	0.6486168685580598	40.63825023076777	41.088577929517335	41.503771425928676	42.034121157305385	0.6872646472364076	41.607844877067095	42.04030673685163	42.49373944129359	41.01551223358005	0.6287763995024562	40.57931048634773	41.007234714584484	41.45569144784622	42.029325208137564	0.7128650630676464	41.53297147146115	42.04152684322416	42.494865058035714	41.00892339891564	0.6444570852082542	40.58012603457066	41.03747774946237	41.445692252103015	42.03179141256554	0.6744109478551403	41.58222313946738	42.04361415915704	42.48211948308068	41.05960088578346	0.6417434302841877	40.61565809266408	41.063947272566494	41.51644637418516
120000	42.17552010597423	0.7226202200126074	41.70186840093767	42.18541773325105	42.657114788486346	41.204197449760244	0.6544887038092853	40.790518402575614	41.185441246002775	41.638028610226215	42.16645901742929	0.6917789461914777	41.713725024752875	42.156145627078864	42.63746337866063	41.16583790891642	0.6672285690103867	40.73771176048144	41.15224869927087	41.59602288439835	42.16403740966923	0.7138700459775855	41.663222981028596	42.17024864607805	42.64413334295709	41.168161540392155	0.6574562847480753	40.74053413646909	41.172319598981346	41.58947616087276	42.18600614319646	0.6979632984262036	41.73607252717697	42.191273766561615	42.62270146117844	41.204373358427596	0.6460457125089946	40.79789565334478	41.18908002507953	41.61278435881541
130000	42.317796740135584	0.7417922695279209	41.81142436413536	42.30330607257694	42.800760797551185	41.34033324853936	0.6631952851875482	40.91561956740715	41.318431410911565	41.81233491702713	42.316037075960004	0.7018874560067343	41.86169312405336	42.31719945226181	42.7839152506959	41.310489529604034	0.659816189128543	40.8669332634186	41.3089879552077	41.74158861267163	42.325479775578735	0.7155812084561336	41.867686741374705	42.31911160910966	42.801898076623075	41.31045413962251	0.6637445884404931	40.851104367386526	41.31872854157754	41.751552582239285	42.33623536547533	0.691904654467461	41.85726488293915	42.341887478327365	42.79280327858846	41.35609406590039	0.6647644900252921	40.91141561408719	41.35842355088291	41.79353120423964
140000	42.49053892854095	0.7036058100049661	41.997791615925166	42.483627477625035	42.96667335350351	41.53661780087766	0.6459397508481249	41.115546917888146	41.549149726462254	41.95886535449522	42.50042823427538	0.673138225242224	42.02400453389262	42.485307859437086	42.933526111101536	41.49339115000527	0.6301699317851678	41.06741280421913	41.46699929906853	41.91006224089815	42.49770310922945	0.7031496447282874	41.99947659461419	42.48757031428349	42.99141820236493	41.49061236134996	0.6507507017015759	41.046539224451166	41.47350020254504	41.91047015534551	42.51069482815567	0.6773274126769114	42.05249659926926	42.5007728074721	42.9762374968041	41.519169728254916	0.6438194097431647	41.06923167900494	41.53176409156195	41.9189803118586
150000	42.6421493461361	0.7263694110596647	42.16650434446488	42.60398256485546	43.12897787733318	41.68882815414354	0.6513903272301984	41.25488252218388	41.69228493853197	42.098392149831156	42.656241306817236	0.6962803363022066	42.191182614056714	42.64940957857438	43.074368703130304	41.6560644508356	0.6606554836115972	41.207906615539386	41.64249693626577	42.09660661777829	42.6488665702762	0.7212827113690904	42.15804069802127	42.618280669486126	43.12470897104419	41.64568198685082	0.6652032356836309	41.20584176801504	41.58959919091264	42.07259336881798	42.65862611133579	0.6781243519063597	42.19613707387553	42.6273028833139	43.08802197776794	41.69436820792238	0.6657494126500114	41.25216802239503	41.6732710082868	42.106338624231746
160000	42.824278497373065	0.7153665701761154	42.35584596098768	42.80709426587062	43.30521371815237	41.8521563520638	0.6594743376797474	41.423612590219726	41.88177090907227	42.27357099473203	42.83166122110898	0.6851632561148535	42.3710399875656	42.83633450136915	43.322778196667535	41.82046672269562	0.6510024527439723	41.40459277647378	41.82590740273763	42.2582538799051	42.8245986260701	0.7073234384621649	42.37059773903176	42.8286991323116	43.30239854234478	41.82643763842358	0.6482547405386481	41.415050798808466	41.81443075530528	42.26669283991787	42.8307440305645	0.6816940787909294	42.4086679346175	42.83044512906336	43.31134570044705	41.857986108666815	0.6509528294207637	41.46189250540296	41.85291688786137	42.29999781885381
170000	43.00828998835785	0.7611450922033207	42.47555561721827	43.01074607685945	43.51420627216134	42.034861056649696	0.6830624464564892	41.59856935262485	42.03079295504479	42.451834931504514	43.007412925446594	0.7233395127735746	42.51518717137478	43.03440063521097	43.4963124352566	41.989907808559764	0.6678409778011403	41.54264936386424	41.98319212282518	42.44109147426185	43.00407569578056	0.7480252076522507	42.49814702592028	43.01327985471971	43.52288600745355	41.98436840362207	0.6668917145754649	41.54830455638837	41.98056238327276	42.410317407762385	43.012361523834585	0.6937452306212725	42.55319772801374	43.00411744903256	43.47020028326964	42.027433598200616	0.6663281836929723	41.60690461001747	42.00620839804527	42.458512379236815
180000	43.17872469331642	0.7129274855805158	42.68024416914568	43.19451352517018	43.648504273812584	42.20651617624076	0.6369556028265083	41.76887906634384	42.221872007838826	42.629623977027066	43.185362859665254	0.678535304904019	42.69306615455949	43.19898639188425	43.65733136950813	42.183306330369504	0.6275080459075806	41.76041376703163	42.17225927075765	42.60625013174491	43.189530361979685	0.6848708661983105	42.7277269016151	43.17956281075677	43.66350060489017	42.178842770865	0.640367995239733	41.72150657865914	42.211509032506314	42.632108497875095	43.19762494879686	0.6721856906061774	42.74230275576594	43.19836423476424	43.66484863878558	42.22506561301623	0.6442388883844136	41.822576342328105	42.23138379988794	42.672328177025804
190000	43.29755650350311	0.7137086697026566	42.80317166767813	43.279338031423286	43.76433225035024	42.33931920083152	0.6434471485793237	41.91023249247265	42.33848712282519	42.76045833146016	43.305403093907884	0.682010217417426	42.81140100049586	43.2785067279202	43.743828985716384	42.292617022807185	0.641002640664575	41.863528438083314	42.29663545750637	42.70544552852865	43.28899505803441	0.7118505711690924	42.79371225576642	43.28031512345729	43.77995212340271	42.30180408405501	0.6405244082718062	41.865760010774736	42.27748964715578	42.72985235117071	43.30837022588197	0.6683002526468419	42.86580514659535	43.28641015063194	43.76769537079491	42.3343872474627	0.6333856599503084	41.91445888668052	42.342657110342905	42.73445506049974
200000	43.502288412359036	0.7433015464415388	43.0360702219144	43.512540742507205	43.99255451761819	42.517300055630194	0.6542829389694488	42.07981470347765	42.544509800648235	42.94399945835411	43.49438444601193	0.701306374315119	43.01376197188506	43.52944374669521	43.94175002416918	42.46777422196605	0.6494014788136572	42.03677294950962	42.49193751180495	42.88072797167863	43.511846148188695	0.7337492453248244	43.0176855833085	43.503057100366675	44.007621497911686	42.46173325177503	0.6687364696386929	42.003664020447836	42.47932101112267	42.89449851956088	43.500930177729025	0.6933610382319361	43.06611580555419	43.516453539735664	43.949029983636	42.527139792987306	0.6542046771931467	42.098858705433145	42.525703946998036	42.963442085853586
210000	43.65798781638724	0.7231124470748934	43.151284220324904	43.66837251112314	44.13738147735622	42.66670154725479	0.6413398576857253	42.229150040687905	42.675458889371846	43.102742211462555	43.65368474117059	0.6792128675361061	43.16466450463281	43.63529759975104	44.10714041290454	42.62821016463012	0.6408111560895243	42.18022103454382	42.64263736783501	43.04916823939355	43.65470531584687	0.7106487045024553	43.14963101059426	43.67924860251394	44.12234722471483	42.619117860896054	0.6369008394537572	42.18161242299894	42.62226208465455	43.06482955000302	43.64773355186207	0.6792354710783611	43.19282997129288	43.63564018485822	44.114176524407554	42.66592906134538	0.6384116831274043	42.228033912440594	42.67248746303664	43.1092528378593
220000	43.825762674543256	0.7315595509270831	43.308696352363995	43.83645754056048	44.31420698332127	42.84194665469891	0.6395740535354689	42.398465422760836	42.839558823719216	43.26206717615999	43.82259168739626	0.674775241750012	43.34792592318817	43.83546448327831	44.257878784098644	42.815140802463134	0.6364474052783408	42.3711622365145	42.82541311138445	43.24630210170365	43.834887746678724	0.7154911523510555	43.35722792216677	43.834952076036394	44.313697117657384	42.78760708560857	0.6229548732570562	42.34901473219667	42.78233680211642	43.223275671832226	43.82379026212544	0.6710813219891588	43.35797324736171	43.86175012819527	44.25276747347733	42.843226520123935	0.6274167903955501	42.434683686042575	42.8395316883616	43.2642431075013
230000	43.92915993270755	0.7123907719965218	43.43089482577515	43.931344922025055	44.43161543831161	42.94757554572479	0.6540112179751183	42.50177713094857	42.95859228620709	43.39781463279532	43.93250370594008	0.6852860488412601	43.4994689015693	43.934222713206395	44.37024383590144	42.90452061331868	0.640953073699466	42.46727498243664	42.924266946285286	43.33805124066652	43.92700117986622	0.7040852425526747	43.46268839703209	43.935568540617744	44.42393727386505	42.89039256867272	0.6330584642296445	42.48658804572584	42.8940659497228	43.33014947052572	43.924202815451345	0.6709681860888783	43.49913315580101	43.91799606095332	44.39644296015376	42.93834986036535	0.611008281745036	42.50275276987573	42.97528489981729	43.362959900824066
240000	44.078171271959675	0.726509523188754	43.60080414252361	44.07652445220458	44.55594668744043	43.086332072662614	0.65442609453769	42.62817543219714	43.08594534801551	43.53405901965103	44.064623407622065	0.6723552581486828	43.61808749796409	44.06061954388407	44.50606535892091	43.05380146206459	0.6540718263844679	42.61474439729368	43.05502853285303	43.47990697279572	44.06407246787431	0.6976773336863583	43.600115703729244	44.0595118631535	44.510111925846445	43.05400017964041	0.6490425771701953	42.61152667646223	43.05777375882972	43.49127288412551	44.06919347155447	0.6801852289547888	43.633148705009496	44.05716711955607	44.480131367527065	43.095975759186075	0.6304916933040517	42.65707118870599	43.09679113571978	43.523596040074395
250000	44.2455649340513	0.7382305572874461	43.71553094117446	44.24856115117427	44.74896086074642	43.27042630018403	0.6633454521647904	42.783473562782	43.2544832523953	43.7516793167837	44.2564237530004	0.6926626700811832	43.75801950265125	44.26217964212427	44.72544113605859	43.23930370689514	0.6442951076362154	42.79979212745058	43.202950632137956	43.68329535051137	44.24217997166605	0.6970577123589858	43.74641487894961	44.22616580547064	44.70206584113747	43.23959108886869	0.6437160328205114	42.82392487877445	43.2248278691182	43.69626160430498	44.25943650338104	0.6681806542760131	43.80625397193038	44.252593407296416	44.684949060073556	43.272188549909146	0.6242720449962966	42.85093095357649	43.2448029512758	43.69736886104106
260000	44.426205037391654	0.7251922606664132	43.94603403166829	44.43570128592377	44.91683451984474	43.44471511700979	0.6547204789005695	42.98323284597995	43.44202590271604	43.86001582733499	44.423512167945916	0.6817157058899579	43.980511091876885	44.42271737523356	44.88368941739043	43.39031577084498	0.6418736013973713	42.95135623781357	43.373215344328074	43.8016412898194	44.4267626788927	0.6968352203101769	43.9316784809628	44.42761326098464	44.90714901846036	43.4127127886723	0.6395078326586808	42.968239917401036	43.391076518933204	43.87165830043459	44.42368599638814	0.66428349691275	43.96683403084636	44.37830999747532	44.860628504351496	43.43535181457046	0.6212088771564985	43.018604792384195	43.41072886261601	43.857962487444425
270000	44.565587590048075	0.6836258233943052	44.09984819363151	44.54241065825663	45.03186098707459	43.588690496390775	0.6200185429303602	43.193553200164274	43.59546648204526	43.976259486173575	44.55864333334268	0.6599751491282736	44.13552608771384	44.588307171615625	45.00560317221767	43.546160070343255	0.6157221861072382	43.15947177608615	43.56885613310688	43.97886524562794	44.56386010242689	0.6564536019744186	44.12117738587783	44.5687751986228	44.99587496319643	43.53107605545399	0.6266578616528846	43.11870310074677	43.53519784036588	43.94558122175379	44.55930951063894	0.6515596528841725	44.13455459895788	44.571603295084685	44.98668567060301	43.5830764050584	0.611704206568418	43.19376422846193	43.598051674207625	43.99081281095673
280000	44.69565804391242	0.7089411938213248	44.190739547343995	44.69191664815682	45.16860461440071	43.69945080747737	0.6333310349235693	43.26840815830312	43.688948721287666	44.149504749198364	44.690766661179275	0.6668508910174243	44.24420327746183	44.70133652846503	45.160593065553996	43.6696476395018	0.6169415058791773	43.26028416471425	43.67823339939385	44.09483217802067	44.69220397499756	0.6987505700287857	44.2301038405501	44.70998257653558	45.190803185519016	43.66914270651598	0.6095225329747198	43.24339885578442	43.67308406995616	44.06686049697552	44.68109196152532	0.6515338822869583	44.25941241170251	44.67758440886184	45.147272288274266	43.7002174078764	0.6105194002689134	43.27745674387722	43.707007160886405	44.138984965015005
290000	44.836661622532255	0.7218596677351282	44.34169471789243	44.82713163046865	45.3552553804555	43.8549024770598	0.6357434955363295	43.44579149063988	43.83700621742264	44.30045004904775	44.8412230992692	0.6710824377981647	44.39805968191217	44.86465093625715	45.31812171252312	43.81239247343262	0.6287317722064096	43.387953597042234	43.81198935620105	44.2201011613565	44.8245153979929	0.6889241312143678	44.35712011717659	44.82305454239864	45.310027844869545	43.81229968699503	0.6399842093674609	43.36131538201462	43.83521815259395	44.26082378517721	44.83205860213002	0.676801176976796	44.37406114686649	44.83948728273448	45.2670538169505	43.86448602412197	0.6039662412629188	43.46735845173579	43.85861790873892	44.274277114107285
300000	44.94385059126298	0.734067839154775	44.451520268732985	44.9190623061129	45.405512072947076	43.966871665156916	0.6515371850108038	43.525116784360335	43.9657167410598	44.40015139050322	44.94454157618342	0.7079724639745424	44.47278286388741	44.938903926307106	45.41528554153529	43.92955709558248	0.6377631199902417	43.52671516913551	43.90754120864693	44.35852076563827	44.953277848886415	0.7096281965246339	44.46221295974861	44.94545272486763	45.40476155926929	43.933906146637995	0.6530268599372719	43.500001510393965	43.927354364718326	44.377165407784325	44.945127793888986	0.6857780771794154	44.51204268740126	44.94406609675384	45.35122955612327	43.9649580830851	0.6255987458165652	43.53501798549016	43.97783883533623	44.38922346862894
310000	45.11773587188984	0.7172461568413924	44.66376977796079	45.12119555854325	45.592239071202656	44.14176881701197	0.6366657995908054	43.687066793244185	44.140681315752275	44.580012660473535	45.11817701059852	0.6690638617030245	44.659583150426926	45.11633865439195	45.5789445205782	44.120716845227136	0.6282037675048179	43.695973181522376	44.10443631441794	44.533789588921195	45.10460555013213	0.6974086009303458	44.63567894913753	45.104117908250956	45.58283413516116	44.116353480383125	0.6398074070987966	43.6650337915091	44.1016250845855	44.564562078492756	45.13859085786048	0.671710886289752	44.67952766494655	45.145727335700215	45.60456071663436	44.14772307329483	0.6234544663643227	43.738111876304	44.13928353878545	44.56443134257176
320000	45.25391420181048	0.7273679916874628	44.754123307790145	45.257287008019134	45.74801983829979	44.28629542328047	0.6619011921371256	43.81350212915116	44.294846148586245	44.75049700032485	45.25569087596141	0.6795571420153399	44.7732952008691	45.26684692684181	45.7397077494167	44.256560722321794	0.6494804394159617	43.80626633404537	44.276073561113805	44.70722550129572	45.255531870341294	0.7004341963789547	44.78849978868426	45.260153528164786	45.7356680705597	44.250382568598226	0.6370166201937598	43.777659960062046	44.26358235309141	44.69536750477306	45.24917890737523	0.6714542967331734	44.78432969331494	45.23891106613538	45.70311263643114	44.28037337949903	0.6115880476049158	43.849547591937394	44.28216980935787	44.71092349290495
330000	45.39429596173089	0.7392237473611812	44.89049535018215	45.41581873339088	45.88154578197877	44.41781796382254	0.6470493240788419	43.995186784982636	44.426588008909064	44.89022309748548	45.38493211786754	0.6838221225637868	44.94130143267173	45.406473157154196	45.86310150385917	44.38750690484361	0.6245655561616896	43.9518046280899	44.40936157240431	44.84078263680821	45.38809103700809	0.7069655057248703	44.98217321512539	45.3919557581945	45.86154527463663	44.3768773274493	0.6297777918656792	43.9639351895093	44.38315450367943	44.81164240044231	45.3966795350869	0.6734985073977421	44.9507881587833	45.416037980337094	45.86352139662906	44.41178797682088	0.5999787032024982	43.98718099718376	44.41584996295943	44.822917111999665
340000	45.54096518635345	0.7253736036821776	45.031517766403965	45.55303361086055	46.038912938643826	44.57311016452694	0.6358839350713855	44.1232176358761	44.564547025051965	44.992574497704254	45.54296275259354	0.677226385285479	45.06644645245227	45.56346707371462	45.9856393013348	44.519406759711195	0.6349156591335807	44.08049759376636	44.525156922541015	44.96188367266628	45.52670228940975	0.6965242724268199	45.0629436943201	45.53808124014955	45.983813476028594	44.517437735268565	0.6295455795541833	44.091630523494814	44.506810453058094	44.93525689820009	45.54343980358711	0.6632271015201636	45.10205452027349	45.516897950933966	45.95902079070405	44.565630703034344	0.6057481918125946	44.12828087567493	44.56322015315648	44.98814471993411
350000	45.68997878617691	0.707943970834306	45.216421090406406	45.66208844429603	46.15670892919276	44.713146009898814	0.6156630705978791	44.29149532186399	44.69613221591775	45.13998787656794	45.69615301933601	0.6522427596798207	45.2487181127937	45.67118437043447	46.15112258265018	44.67349517619409	0.6209153112034849	44.26332444963142	44.67125988821818	45.07993355545669	45.67858522130217	0.6811146218629888	45.217836562664644	45.676740283889735	46.13672426759623	44.67650845410235	0.6148316106268769	44.271636812832554	44.68796671500033	45.077906456226096	45.69137364090018	0.6393001376980624	45.27273496681711	45.68753766392862	46.13655708716281	44.70468352181321	0.6027831687146696	44.29245673364673	44.712820596179796	45.10128465086838
360000	45.830262187074005	0.7124477221367254	45.34399098540568	45.85348797640073	46.31309026864416	44.81989377261389	0.6364873493029215	44.398368390645885	44.81877367898818	45.27461147412535	45.796617437165985	0.6658910084716071	45.346300720961565	45.79305081089258	46.24428014179928	44.791108874426925	0.6257023625314638	44.376219235617924	44.785647911818515	45.211148531243175	45.80118182437519	0.6796947298984084	45.358305640534994	45.83147768725269	46.26316168997816	44.773222308057605	0.6123825353981216	44.37646874915676	44.772120705788694	45.17364196689478	45.81241719173104	0.6639326394811209	45.37745886271789	45.82103925166597	46.28979793464635	44.81755061171597	0.610958937456849	44.42419659933321	44.81236001575013	45.219121164989005
370000	45.92355519854851	0.6994468410932725	45.43646446907137	45.93507674201192	46.401368110182986	44.94602578875793	0.6190905819670552	44.53075283424166	44.929572574705844	45.35057137288101	45.9110828795026	0.6619322035786075	45.441522456298856	45.90691904563657	46.37332497163644	44.92996290082328	0.6067826331460057	44.515740169784294	44.925276530920655	45.34934209447741	45.922335723918586	0.6838606046059299	45.4585681067398	45.927463963076576	46.38734156913886	44.91278177266821	0.6086246075868617	44.50497285871788	44.91607295997967	45.316850648409996	45.93578544152408	0.6485199659088844	45.50212686735972	45.92210338261778	46.37105322701126	44.9608640011839	0.5834744934242173	44.56113432146055	44.968382161143644	45.32149473791189
380000	46.08638898268444	0.7070035599182469	45.62773362268305	46.095144633017014	46.554039075693254	45.11039183163126	0.6438738626840854	44.67822560968697	45.12627384204622	45.55971742826472	46.08610180482885	0.676336449637564	45.62819825811687	46.100716584541374	46.54887131024023	45.0949400098638	0.6265844515958536	44.66394065000428	45.12797953985438	45.51909632261308	46.072333417429526	0.6922507703274473	45.6189928639661	46.0846059231877	46.53803717223663	45.07594778962311	0.6300260315277202	44.659067110947845	45.088995421581316	45.51402019536309	46.088775515272744	0.645689560564639	45.643521323922414	46.10975205520812	46.51336120446037	45.09757919180099	0.5985867354389394	44.71117320501732	45.100177397628826	45.48816857544839
390000	46.15088682785233	0.7038416368060065	45.69177269388031	46.15262687327382	46.60968515032856	45.18891677430422	0.6235161698714378	44.797134268653195	45.17709629119759	45.6025910792649	46.164581680597436	0.6762886456855276	45.7219535409589	46.15825007586255	46.6280027857904	45.16855896568031	0.6162511039850112	44.745451959118455	45.17376964615376	45.58048791259389	46.14898758552305	0.6907957507414939	45.71249202269996	46.17047957948434	46.61038523025344	45.151085338497296	0.6195621743861798	44.723292128265335	45.1613357458795	45.58081330605157	46.17096047730043	0.6427366774745197	45.75551255660357	46.170939460518596	46.6009276044811	45.20904154187776	0.5842211180236123	44.821715406704996	45.212626797454575	45.60305817068807
400000	46.315385333555966	0.6751080854089466	45.8562890722952	46.31023572545166	46.76322618585299	45.33603797624215	0.5901207925632037	44.92270741472818	45.32210082628883	45.734717560703686	46.32478274026797	0.6213566629546273	45.90624378818931	46.31817711664847	46.738376287433844	45.29874860790166	0.5706571055787794	44.90457163775838	45.30137172715768	45.692734027729635	46.318615765018265	0.643964374299378	45.89374481524405	46.321950400257876	46.75533576979507	45.30502911926679	0.5684290954502794	44.90133552886382	45.315186258775014	45.70148387634741	46.313167054878804	0.5952822979352368	45.902088835529185	46.331539151371096	46.71432542797682	45.323747762250804	0.5557220644269861	44.95338895273087	45.31988500839185	45.72504495049151
410000	46.45194808076548	0.6876893732168965	45.993448559112814	46.476145048360685	46.88940864780267	45.47324072614054	0.6345063303193207	44.99861646477917	45.45737003311956	45.89009393361513	46.45073901362133	0.651711137610311	45.998369579591035	46.466040633362766	46.893717297064576	45.443851446464045	0.6064325670018941	45.046974501612205	45.40316097733637	45.873274884851604	46.42339651790187	0.682257525398112	45.95095035643976	46.45264911942428	46.86970443666432	45.43768083796591	0.6144976119715253	45.01057808076125	45.427563151845305	45.85661464427188	46.44348843623363	0.6547130447480467	45.99565773882699	46.440496858423145	46.864816282514305	45.46644195437878	0.5785655314342742	45.076886504531295	45.450977003273394	45.86596775628537
420000	46.58899144104914	0.7343141080041168	46.077432248743115	46.58212297802378	47.107693319725364	45.61697165408744	0.6335639844884322	45.19014286988376	45.60746297251087	46.034967049916425	46.5969548302671	0.6780349136567552	46.14089011711709	46.589266289578894	47.050869463862284	45.57285011050763	0.6124262370349832	45.1685688766787	45.58005812548332	45.978536060372605	46.579575311383486	0.7092245780420482	46.09101898117049	46.5913847784595	47.05571630000459	45.57856848452642	0.6179116552067986	45.17204169398075	45.58239830865831	45.98751991878776	46.58436875854756	0.6643451279262258	46.12961156602378	46.59557450136075	47.0113186760634	45.591868005414476	0.5851574748897729	45.182451539443186	45.56341422540446	45.98782504665441
430000	46.712803052208514	0.7418283419405274	46.21578873404555	46.71430869914615	47.23674336057448	45.70434780810323	0.6510443231239719	45.26459499334082	45.72190441100558	46.1164631954459	46.7008538857271	0.6888529135849764	46.24914968782481	46.68828726768919	47.16131933713619	45.676877305119326	0.6220282429887078	45.25347967211351	45.68061829429444	46.06612559834621	46.68948343787748	0.7032573765594775	46.22515759538517	46.67893563727259	47.14207813710159	45.66975032324614	0.6162574331210322	45.25754573879352	45.65834927824393	46.08636160953387	46.68631590141175	0.6590685313231384	46.26265018639247	46.679428861703414	47.10030191336421	45.694206762342915	0.5850927628969653	45.319602642910354	45.69566160047833	46.073897082143176
440000	46.84527418200714	0.7342406684775982	46.323434734018655	46.84295599255326	47.358292832575685	45.83686965236872	0.6346759443394484	45.39711072283097	45.81773985241889	46.24577797338882	46.81917349992413	0.674261192982238	46.338668410480615	46.79384469559478	47.253639732266976	45.7954611709066	0.631018992542035	45.362845690805585	45.774288833789164	46.20128023586497	46.8182809508285	0.6974629096486465	46.329681931265156	46.790500489972544	47.29843174013939	45.79707117299837	0.6237458048416391	45.37283506183182	45.77519336468316	46.20872707501109	46.81385792107888	0.6509285027793862	46.3601901474794	46.796935044156555	47.26964222735907	45.81424975972415	0.5941764720220586	45.41649638398729	45.804295651775135	46.20018973045291
450000	46.97099021673867	0.7301363397375042	46.48504485782085	46.9407554736314	47.42629399123814	45.99529951993173	0.618762790356396	45.558204593957726	45.98537653826673	46.439985960906206	46.967572984967845	0.6731806459826082	46.49111483481948	46.98012172437903	47.43746831900485	45.960084137177745	0.603589246412943	45.53230669966597	45.93644112325161	46.39737983245478	46.956025143654976	0.6795178778403641	46.479863696090284	46.92812538110962	47.42123087287011	45.9553224849024	0.6142047149961365	45.54422147573532	45.971894883105605	46.367546074370274	46.97672369707632	0.6346477915571141	46.55123135858873	46.94732846631855	47.409157114587885	45.98391013539849	0.5656300081749763	45.60336286272735	45.97685846592879	46.37133617878138
460000	47.043252644382164	0.6802603790436995	46.58263160508691	47.030224171163326	47.512783705568644	46.07618511099007	0.6068415017279559	45.673287566840834	46.076055037614196	46.48752109921598	47.06070975222554	0.6324935801104395	46.63669130062998	47.05587970280196	47.47401918855144	46.02910918881747	0.5841690034475672	45.635727722968966	46.0302481650271	46.41347740307853	47.040190401722555	0.6572434356394469	46.59464249239295	47.03182593410618	47.49939991336697	46.034524638116466	0.6014936588838914	45.60506463111188	46.04687268435976	46.43312814183299	47.047886333608915	0.6101160644615053	46.631703832614406	47.05553839653222	47.47543529116061	46.062709076930716	0.5675839203533215	45.65892217013104	46.05566092569723	46.44300494456994
470000	47.203749150171454	0.7033050202380603	46.717246152086304	47.21137703118786	47.67955593734249	46.21588493735928	0.6241606512985337	45.81091920813684	46.19428681428859	46.64049057050261	47.208628595765155	0.6637725019046403	46.756504415407385	47.238131257863756	47.635884861195265	46.20138413505597	0.5871789402997197	45.802604536347836	46.212793581364025	46.593424338239	47.18774438248897	0.6863731623817629	46.708869182419186	47.22145825042796	47.64379520674355	46.19552968107908	0.5932876529417974	45.79204249268421	46.22250199178637	46.60283605453873	47.212714895755454	0.6404708212087796	46.79305303064321	47.224698846377585	47.657380234003995	46.2051005399451	0.5522152375279838	45.82369111051547	46.205087729516556	46.589558427893564
480000	47.29254956723547	0.7125912004464585	46.80206220777198	47.314068739698484	47.773639716052855	46.32626882587214	0.6286076727795961	45.923953500990685	46.31524093773651	46.76773643247428	47.303565160684734	0.6720833262634965	46.843732123754485	47.289865925279685	47.76107740840666	46.28433317797023	0.6243345629267939	45.8432643057695	46.290087545687975	46.72174157196792	47.2725475295908	0.6872879349081862	46.8008733069414	47.2661059885523	47.726237378211216	46.28938085370122	0.6085176745021147	45.86289023596587	46.29101773057732	46.69690933529229	47.28907689876683	0.6384321782057111	46.86425358198419	47.27409000207582	47.717266060020535	46.32491362366415	0.5788995104012955	45.93226656610782	46.325241832645645	46.73927930914821
490000	47.42361149141421	0.6861697850976405	46.94309111771056	47.42824592074072	47.897736734431774	46.4407187775795	0.6121453810098375	46.02871051041411	46.44583681065866	46.845590762463225	47.42434510634661	0.6501465802824554	46.982608825309754	47.405532630839076	47.86421317474783	46.42239998798292	0.5744428240734696	46.02072581505347	46.412932998890874	46.81769629209536	47.42067256178581	0.6692073772542139	46.94709717406189	47.43908892567688	47.881438748555695	46.410523453537785	0.5840498857329667	46.00978443116611	46.395055246043576	46.79369489584824	47.42584013242516	0.6253561950400535	47.014971138621696	47.454885420324764	47.86118129256068	46.43395017498681	0.5490412686864136	46.05731121862624	46.45448205097175	46.800064402612676
500000	47.52969292796572	0.7409459101423531	46.98402389016455	47.50185540904961	48.04222365702164	46.55679658059429	0.6370449543637526	46.11717630191672	46.53879306959621	46.997344169890255	47.53679255720568	0.6832514297272249	47.07228773870565	47.52560035619548	47.977406861843775	46.53567184816679	0.6122802574836669	46.105895777307154	46.51491562845882	46.939509816977555	47.507207246054435	0.6995786082978037	47.02136057554558	47.49825321174289	47.96791914279122	46.529205516446744	0.6095221199245084	46.114314135633315	46.501182033870094	46.942728502238	47.55150648507187	0.6515441446509499	47.11920928448165	47.549014534856084	47.971750818632515	46.56710469152799	0.5705693321977542	46.17385223760495	46.556244507685314	46.95971721485196
510000	47.649474597330176	0.6808066160780276	47.189896467497014	47.69737661325355	48.089515777409034	46.65622216588473	0.6090953236704958	46.2590234996779	46.68273413008407	47.064387929073135	47.64105971251165	0.6388970998979057	47.24559294011702	47.662073723656036	48.07369715128834	46.63791573361349	0.5828516337550892	46.25202777649782	46.65249242967233	47.035161846245536	47.62272724822516	0.6624350513508104	47.19148415208253	47.62857280354321	48.06383082655488	46.629150422272545	0.5937992735491076	46.258635532450946	46.649261347640916	47.01496446828057	47.65681952758605	0.6210307444656422	47.240194706900525	47.66304670647977	48.09837148711886	46.662435814457396	0.5548106150258515	46.280224871047594	46.688454205300516	47.048104380201735
520000	47.75807766884048	0.7223180544456331	47.2668011089055	47.75391926750424	48.241242142931156	46.77011303250268	0.612302918202201	46.371543819184126	46.78508282781404	47.21587768160419	47.76076327586347	0.6468311377716555	47.322071747008835	47.76948610888154	48.20429895679146	46.74138670768938	0.6021036526759589	46.369216488581806	46.73790828195948	47.14334418524106	47.723158760050936	0.6702426222284898	47.286456748547266	47.738684290380625	48.16984794173283	46.74226634350371	0.588470248285432	46.35770150630569	46.746307283298705	47.12809891308055	47.74212229555697	0.6361664262737468	47.30963104237874	47.77936919699966	48.18220580677374	46.766897995813345	0.5580058583683375	46.39841663928833	46.77189323982368	47.14717951996338
530000	47.929273299382565	0.7095369143955653	47.491160526468875	47.902005263390976	48.37278985365016	46.96941209488616	0.6163116407158981	46.56302765503942	46.95371672972713	47.37068928605344	47.93960703102804	0.6558342377679028	47.51062033662872	47.94515538635463	48.363428475513025	46.9316161860542	0.6024366271773459	46.540169773592524	46.92656247735006	47.323500161057815	47.923159449831246	0.6735130450967426	47.46939408845753	47.9075019399088	48.38191787821086	46.91139271747391	0.5993383716966169	46.52558990815508	46.9128499873308	47.28883452522122	47.947268488530284	0.637717630870045	47.544104995731345	47.96133150559693	48.357818816078726	46.931187632203184	0.5571636335546089	46.5794531982132	46.94002767316984	47.28694787783336
540000	48.03417779334215	0.6934475653432629	47.54859186307917	48.02127812782613	48.502158855352704	47.04856748743996	0.5941762311772631	46.64182511803483	47.02602322481307	47.45207411252012	48.02579057213219	0.6383004796696576	47.58921534544662	47.993959292741195	48.461364611918256	47.02663318894578	0.5656375725517031	46.6736354929277	47.04975395311122	47.421794243629144	48.010909596010045	0.6504439669034735	47.54877484020821	48.019392309228536	48.45273152218117	47.01128018813164	0.5741444444835854	46.63295662457184	46.99552244501433	47.420777823825986	48.02162971919433	0.6065814765134677	47.60750735401025	48.022301453480715	48.41720203660253	47.020870195258915	0.5253818793858065	46.6540909497909	47.041280813710635	47.37264736458589
550000	48.15258526508525	0.7042286633218865	47.71919952183664	48.17342001611522	48.60836047135362	47.17257246833049	0.620464434070642	46.76434421719908	47.191535484965684	47.59907282595042	48.155731002458936	0.6625537385326765	47.72305322336711	48.177944037066226	48.579793084436986	47.1534905554771	0.5970319486968672	46.75490074236683	47.15096125207488	47.561046699141265	48.134577084745125	0.6833893548215869	47.677787636442496	48.16364347748771	48.60084041650103	47.135164774078824	0.606753651262626	46.75072924709132	47.13592265283533	47.5391266934892	48.15005126018903	0.6420653325755553	47.73925477153348	48.159532936261215	48.57216419290079	47.16336918105644	0.553435156100443	46.781628513313656	47.160706659158464	47.54222389409986
560000	48.235901435705394	0.6956707378152769	47.75384154456572	48.25030797623833	48.72986094005143	47.24222676351899	0.5989817641841262	46.85076791233075	47.239672450602455	47.63073452516678	48.22720784540964	0.6304809849299512	47.78687159078462	48.249249632420536	48.65513856590489	47.21821731896043	0.5806079374643449	46.86625097301524	47.22724150704708	47.6107408828844	48.20046560703186	0.653762971629988	47.780731261396745	48.207962120958484	48.6527040385177	47.21270134580131	0.5824282104181133	46.83262703940312	47.18932721835364	47.599622090810584	48.23052662015733	0.6143681287559877	47.86188422261494	48.22257897829994	48.64778956104105	47.23966097970288	0.5381279486811757	46.892376348601346	47.245368513497226	47.59194053003371
570000	48.358485376271275	0.7099544176634265	47.89103669504174	48.32904760998705	48.84706746000818	47.392389783709824	0.6005102832939794	46.976733155834225	47.364208021590215	47.823652539819236	48.3558171670524	0.6482193475647	47.91085170195652	48.36008350100043	48.794039728128986	47.35614935414954	0.5860160450211557	46.973462336006996	47.3618298573322	47.77235613278876	48.339367378449694	0.6662038204427913	47.88988269678498	48.32759510012879	48.80973084193391	47.34937411852955	0.5809681619153843	46.942329117690754	47.331999129276326	47.75979845268375	48.359300821099524	0.6291407980204206	47.92823775829284	48.348334992812426	48.783689304730714	47.3690699848427	0.5425512250983584	47.008113078730936	47.37351413428814	47.73321378498572
580000	48.46037164804261	0.6857435057725816	47.996145687575876	48.445635209696135	48.93625404447842	47.47640783807456	0.5988939024303657	47.091585459808385	47.45296672423329	47.8414616294494	48.45759208708684	0.638303835810556	48.04116346927324	48.450489275167314	48.87914071768113	47.44540837934329	0.582065430976671	47.04885062433568	47.4415519399425	47.826934574284564	48.41698147172572	0.6479633231197868	47.99077000420915	48.443966893960656	48.83388904023935	47.442157434561864	0.5701357130775728	47.03289006013034	47.417035811138234	47.817139625861586	48.447508147399745	0.6035335728622685	48.027832389680725	48.44157221375359	48.85775171932407	47.460182531449625	0.5172533502790426	47.12154933223793	47.46716930373391	47.805961640407915
590000	48.55553879047425	0.6920915792817661	48.088226676133644	48.5672697963971	49.02051827687273	47.5872075375714	0.57851933305963	47.199753250664656	47.600263060129	47.9826118931598	48.57146942861154	0.6297110281337449	48.15721111504811	48.564291454506154	49.009800645892206	47.5770150526783	0.5696658677468802	47.1922664607997	47.59264202325315	47.97826403754627	48.53512181099943	0.642179171195122	48.117527398142606	48.54093883943436	48.95648638928134	47.56784808455226	0.5681531144891605	47.20317594469484	47.57329163592546	47.95119665903548	48.572468828997174	0.6129779179863594	48.17292495905649	48.58622591167262	49.0143445460049	47.573876902345745	0.510292021417565	47.234247833455946	47.593959939072434	47.93170030713733
600000	48.69462534175775	0.6782559193579939	48.26245256389788	48.6884295150204	49.153500026648274	47.705572383419046	0.5971532456555454	47.29141364344841	47.71964429647417	48.14320592942147	48.7002962842485	0.6337196769044234	48.28711100915923	48.715511735081556	49.14116293982811	47.681923371934595	0.5681363759802633	47.30262516480645	47.684508471851814	48.08226865837703	48.670701542972736	0.6495124403805947	48.24674933171312	48.68883077680741	49.135288291969026	47.66743154898206	0.5819211373302958	47.274300644759336	47.66978282314241	48.079141091494904	48.678031111753064	0.6034448227222253	48.251378365444864	48.70171482925707	49.11898939457114	47.684670728426475	0.5221784022643176	47.32830944254958	47.68904642575507	48.06094606650605
610000	48.78240483503611	0.6791784656952995	48.33641730529533	48.78617723509416	49.22872810179539	47.80909160618692	0.592698005997079	47.411139941945265	47.800149009240634	48.19388141919197	48.793162783377454	0.635335841941113	48.35471721229787	48.801642790842614	49.20700671038284	47.787045999433104	0.571130201178517	47.42576636221357	47.76963446342239	48.15482878271747	48.77147456821566	0.6292785428888475	48.37409755183573	48.76446994079299	49.19173174352299	47.786482346332946	0.5624515778741671	47.40619556821183	47.793499642301285	48.14216245091686	48.78010138903922	0.5950847397371326	48.37548634621804	48.77770948700707	49.15536568226072	47.819098524012475	0.5270436128953029	47.49416472943106	47.81988760810171	48.14821057867927
620000	48.87914969179766	0.6759387733684705	48.42696268539351	48.89634968735464	49.33054000351551	47.89275601400762	0.5811454955277461	47.50919883906305	47.89114789422824	48.26983645385633	48.88133419030617	0.6278153861851135	48.45223621777321	48.87514501542681	49.27620591034264	47.8722940578745	0.5585322412959718	47.509879034105765	47.88430554612371	48.26993450012043	48.84838696880121	0.6229742960705509	48.428358488857995	48.85249876200723	49.26746974718623	47.85229596268772	0.5460816553299302	47.4618155848317	47.86982450234551	48.23335370154473	48.884416787578125	0.5890015934151461	48.49675137333211	48.891742059587415	49.28831324348485	47.886765862168076	0.508561465733272	47.55148231994723	47.90376022030334	48.23068983703181
630000	48.96194940243871	0.6820507871559498	48.47795786265591	49.005696238295776	49.40172860582154	48.005147770823626	0.57518949000137	47.604032885845136	48.020737605653316	48.41184873042124	48.97903943265669	0.6178059305663126	48.54018065265307	49.001051539865855	49.42630639664969	47.971874968236854	0.5544179749402233	47.60061247886382	47.98576262399286	48.346966309005545	48.94708528385353	0.6206391148815882	48.521252126716135	48.95624323101941	49.402514396289654	47.95278660289327	0.5483232840982174	47.57456984793538	47.97043877770518	48.3258740875078	48.976357665245295	0.5782114751955548	48.56856058409181	48.99295054059877	49.374203611178075	47.98155092405618	0.5145439370434186	47.650483570607086	47.98937582951462	48.34544871164389
640000	49.127917839722535	0.6824979076466522	48.67348435900607	49.13363233634786	49.595610784170944	48.134374825118556	0.5928686284172677	47.730310557389295	48.134018617239164	48.53886709399892	49.11736772792881	0.6396442631408938	48.71213166163187	49.10357253866134	49.53875499664046	48.106857046823514	0.5650350784554978	47.73641151300999	48.0965351546486	48.48264667328026	49.08492326470805	0.6424976851312182	48.63838946576938	49.092828193073316	49.502347209010665	48.09088357790877	0.5561385260291121	47.7367645075891	48.10371155118105	48.438250688411784	49.12041638397768	0.5926095519824642	48.732895998336616	49.12389808104201	49.513607102367054	48.120206269108785	0.5007997919137795	47.793064910987795	48.106882902710126	48.45184627549349
650000	49.19217647140722	0.6856713235858032	48.719436792144876	49.22148578518165	49.66598328392444	48.19964057697701	0.5890083579897614	47.81416448776806	48.215110822000845	48.614844865728976	49.177487908536285	0.6286558345000794	48.78184415999318	49.213688268249	49.59839838954845	48.16813814653274	0.5528079120340444	47.78978084261141	48.17722289835536	48.54768284217455	49.166781932324504	0.6299211872609638	48.7586644244874	49.182342476671394	49.614347387414625	48.1651960461533	0.5604596920631054	47.79648222186631	48.1938561669254	48.53190701293721	49.17334963415811	0.5895793650416689	48.77967636132669	49.18733918280168	49.581473449399994	48.17712729822951	0.5066155848865455	47.83757757248864	48.199269847603965	48.499942046445646
660000	49.272328921653994	0.6794309595153127	48.82175540988071	49.25543758258898	49.74125582865432	48.29354164476762	0.5898255501900374	47.91651905315801	48.29485869825167	48.67670286476495	49.2670778049016	0.6370246763748446	48.86854954642196	49.2558703887284	49.69296937750211	48.25046660473045	0.5733124166618636	47.85351885615028	48.23757229063102	48.63482520689793	49.24715782446697	0.6516534720987386	48.81701586048735	49.27007940557675	49.6702095689441	48.24256580370105	0.5698651015103068	47.85893792546031	48.24393739934254	48.63186214719376	49.2635776229135	0.6132035604259899	48.852983540154284	49.26330434654206	49.66076403108259	48.27762742263991	0.5150302372471129	47.93659530011787	48.275343136497995	48.63235995795726
670000	49.391655162919385	0.7076097563525946	48.9408994069171	49.371797253156956	49.854341499700254	48.41558728898484	0.601341015253962	47.997179677329	48.43458256840982	48.834821868903724	49.39698356963279	0.6422689486365781	48.99137457373267	49.38004173770899	49.829388525838674	48.378786215555834	0.5691214069689963	48.02110995872938	48.39722916435062	48.76576087254416	49.370043887662	0.6510267301778704	48.91644728554493	49.374493528189426	49.80549571919243	48.37445532142076	0.5690311760129539	47.96963045763681	48.38311941747425	48.777998326687644	49.390155054097285	0.6028816137223022	48.97763643458254	49.408117975579444	49.80308832803185	48.39117909310552	0.5043117684861174	48.066272347953	48.40972201254055	48.72470959629947
680000	49.44088190578868	0.6780631714625087	48.96583083856725	49.43735904449183	49.878886570934874	48.451386964914875	0.5846591280315248	48.06763509280235	48.451975484895286	48.85429538257554	49.4505714562817	0.6261602677320874	49.012091269345824	49.44329437610085	49.8825314229022	48.44215552324284	0.5681670868708962	48.06404387057789	48.453737313604194	48.813593381279034	49.40872620180894	0.6292672971169588	48.986281307123924	49.40607796425981	49.846110133561695	48.441452651849346	0.545424761204732	48.07783790338871	48.47558827342374	48.79695178773143	49.448423033579495	0.596774119055593	49.03944544217852	49.47308946622899	49.861360424331494	48.47526732598248	0.4903078984072636	48.15866862180954	48.49095127964496	48.78956474627502
690000	49.56397313308434	0.6841171086594859	49.0952121355894	49.56820247157958	50.04224559022829	48.58475635870282	0.5781352938243295	48.21109400849071	48.57723501976421	48.99835490887771	49.56809433945489	0.6194394745064511	49.169307928744615	49.591996930943765	49.99458995396363	48.53561832751001	0.5514185175070819	48.167803775742954	48.53255715251791	48.93164343733153	49.53582981358544	0.634446712455366	49.12718098610844	49.56622283471985	49.985011837371445	48.5348209121992	0.5427885838659452	48.17492864824054	48.53080304800629	48.90449256174257	49.56412653269824	0.5773540279052419	49.178004138734266	49.5620898968414	49.96998252935549	48.56406837039808	0.4929180855311054	48.248577767936595	48.57448175810781	48.89900281307658
700000	49.65432129901619	0.6844777273931874	49.22221220075869	49.68160024775176	50.10032564600989	48.68905601915924	0.5887957636682968	48.31094792509024	48.69137319344756	49.07027232609253	49.65703911364448	0.6327430213643506	49.268837418191055	49.6661001475927	50.06622679761458	48.65050809907714	0.5536024014784716	48.289348739031006	48.66189005917309	49.019917681596965	49.62819631948717	0.6433838807064453	49.19306656225842	49.64663431038646	50.05011060572581	48.64538478000462	0.5496732882356083	48.294321835436484	48.66047882754191	49.01085461338165	49.655662552727556	0.597711508035986	49.26191056368985	49.67040060607587	50.02928604488501	48.66930751702386	0.4790761094964313	48.35408256926894	48.68425691007677	48.99748565847321
710000	49.76939263199107	0.6773056020872994	49.29774822856785	49.77098802649661	50.23396239696574	48.797892553924875	0.5842007853536404	48.41793207980281	48.794971198128	49.21981431580001	49.794057308148304	0.6213852881260659	49.39113769248424	49.79824652419502	50.21045450132936	48.7666837729199	0.5361742959855961	48.41547450034663	48.77933560633416	49.1495497124229	49.75440468267769	0.6181203727059721	49.3625375879294	49.74833170098871	50.165496145975	48.74972034601653	0.5458870959013546	48.40506977353139	48.74851734746892	49.10969398494051	49.7790235163283	0.5833651825114397	49.391447045919946	49.77421668237227	50.17930517926877	48.763862386049965	0.4730840441982489	48.43681962825647	48.775338469299584	49.07683312000389
720000	49.89061168786652	0.6643972231732465	49.43713443499011	49.905958671571355	50.344929327897134	48.8889629159532	0.5785727168068738	48.5153410855517	48.88523563146772	49.28666521260974	49.87659233242811	0.6162406995469092	49.46048544094059	49.89012762194783	50.31379765215849	48.87482735491212	0.5426063448157158	48.525071276531065	48.8848572284499	49.232906759832744	49.84736417926113	0.6103068733557435	49.46440512085061	49.85076548955831	50.25874918150026	48.858004203232774	0.5297363224777967	48.51433276519009	48.88230541025375	49.22040480979551	49.87910214928548	0.5723872333093356	49.51032353787155	49.89404298859867	50.29132353635209	48.869361755447464	0.45607206962943125	48.569998488027	48.87421128612606	49.18721033410618
730000	50.00032384147601	0.6706335534716739	49.572175864218245	49.9905251108103	50.467963069443265	48.99481989358592	0.5772377141974476	48.614507251999555	48.97532897780005	49.37984260232981	49.99739458792842	0.6203886654836167	49.5898403268445	49.992647233773624	50.41500724426089	48.97075528219273	0.5414138722811632	48.60539733570442	48.99285544107147	49.334127930924645	49.94856209232432	0.6187863535392506	49.54491531365275	49.96449276364008	50.365332790038224	48.95691412538259	0.5387773468727662	48.604692032887215	48.954030380997104	49.33025692900999	49.97864053105527	0.5633891647780142	49.60318482929493	49.96197140820636	50.357644606521504	48.96214472085974	0.469711369886877	48.66556502054559	48.95900315001518	49.260791402232805
740000	50.05577812960483	0.6689595079064816	49.595572682678764	50.06704294360065	50.52248681136929	49.075258814153074	0.5931078207184576	48.70193387562938	49.07362115944031	49.47721200907745	50.05471541047326	0.6351481249895902	49.64254118143104	50.067313195409355	50.464696685230045	49.05206521418185	0.5464187263259846	48.67902336043308	49.062119011545725	49.38963927629916	50.01321280367481	0.6260629783063122	49.61845051939007	50.02647036564825	50.42908424755224	49.032369580266945	0.5585665869075448	48.69164491424418	49.043482999430566	49.36716464475391	50.04002223657707	0.5897729157868622	49.69630943828833	50.04585521113293	50.43796033431449	49.03653298426747	0.4712901654706573	48.723246704966	49.03681333600281	49.36129516620158
750000	50.13867461461645	0.682239660541678	49.71552689488684	50.14385272207764	50.599236321536715	49.1677998363773	0.5715874373319024	48.80492266518088	49.19799170403614	49.51669167641238	50.13239858419068	0.6171713396441497	49.78347396604437	50.13792548947983	50.54714948712632	49.13708356533479	0.52988219609618	48.77256784591335	49.15640821776958	49.502178511626425	50.097130827736734	0.627292590192395	49.679935027519605	50.1055298118213	50.51310590603353	49.12161130818653	0.5274198346779487	48.79139062833106	49.145260957521245	49.47467013053537	50.13830477267943	0.5648289566994704	49.776093985433874	50.14372632723633	50.51452184796248	49.1527456065079	0.45995189439070555	48.84840276877876	49.15463233276449	49.462024777524405
760000	50.24181652415468	0.7018462242278384	49.78049883810307	50.24119573254596	50.70248866682604	49.25058452729357	0.567069372548931	48.86711114327837	49.27120506981003	49.63832277506424	50.259528515364785	0.6167574664800418	49.836768462379425	50.26855682489755	50.65678425228029	49.2341213689692	0.5445162963984974	48.89569548473044	49.231894458312276	49.60716690033894	50.19932257090023	0.6336238905097076	49.789517911533125	50.218944469352266	50.626029900706115	49.225261471719016	0.5382764398092476	48.86522096114066	49.245829063767154	49.589735469771895	50.23420780771698	0.5771528330577478	49.8741264789451	50.23459941216297	50.61259251464372	49.23691076216056	0.4559514922375752	48.91305838599272	49.25120273739975	49.54032604254187
770000	50.32929140328913	0.6849635658876361	49.888604219446975	50.36065832348298	50.77146793441812	49.326399788890576	0.5794389511878406	48.9425491034698	49.34214928023917	49.72788289041024	50.31648419994544	0.6292073207607612	49.86747886375399	50.32890133047816	50.765993007012725	49.29498175221153	0.5461277525799259	48.95054499630428	49.324695765273674	49.67139725352279	50.27619062507866	0.633769712475591	49.855122749436504	50.30051633818992	50.72696693649236	49.28285754296573	0.5463995439656733	48.92197843590253	49.29107503109877	49.67447862282994	50.30790763460931	0.5786300171055504	49.9012626323664	50.31826991999484	50.6983126018337	49.30452754400927	0.45750623099781856	49.020869565239124	49.309514205373056	49.60167070645313
780000	50.4478480889755	0.6636547855306366	50.0015723064243	50.477629499550744	50.8737667923139	49.44983708649729	0.5580110891627228	49.074203310121426	49.45753508190664	49.830762964017254	50.43227140115853	0.6002776961345012	50.04273487568999	50.44726660479943	50.844222420455836	49.42018244832115	0.5198653098683921	49.0704987212609	49.44659349779282	49.79082431558	50.395464079535344	0.6060319314830697	50.00519624801089	50.420271186812	50.77779158319741	49.40680663960467	0.5178128934114306	49.06682193403713	49.427226326465544	49.76997340398743	50.431623973819775	0.5580881395310439	50.07733361146372	50.45524431327447	50.80696617774464	49.42059802433729	0.4557019066093425	49.13508252576688	49.43316541275287	49.714705678547084
790000	50.531619158392274	0.6545997453664515	50.09746646803868	50.52911300216755	50.9775972813124	49.54210019811797	0.5535067543022392	49.180651180194	49.547762030262575	49.91328005987802	50.52254629149982	0.6045016258204825	50.133309905338	50.54034986894905	50.9164870769136	49.5088290484148	0.5245292217293941	49.188675488312754	49.51291607803384	49.854274471036575	50.49302009208789	0.6033376255266548	50.102307222487795	50.51557673243326	50.901674157399	49.50861496167717	0.5109294877416868	49.174523556737455	49.52682082534103	49.84715500698729	50.524013580160705	0.5509972063192166	50.15667934333649	50.542426556331804	50.880328684860395	49.5287534432009	0.4447038134956741	49.247329237912815	49.56148315316572	49.818516971919394
800000	50.61819941217751	0.6612728752627979	50.18490193053215	50.60869627571118	51.06523340495294	49.61674971317543	0.587816882125839	49.22659407735678	49.64314757373681	50.00673646681531	50.616207182625104	0.6157578323966596	50.20745124376618	50.625643361544505	51.059427197737094	49.60115386108679	0.537603889724096	49.23732628368734	49.631923576697716	49.97628815202775	50.590625140701405	0.6172949958577645	50.17945829116684	50.62239752766861	50.9845079390843	49.573665651572	0.542354973883358	49.19641652440894	49.599909602055334	49.9462662101122	50.59796465266754	0.5752002449235001	50.20760155988785	50.618961031245426	50.95643496856739	49.61086108151697	0.44194871950551534	49.32919855050101	49.62408546210939	49.90191385378984
810000	50.741942394575815	0.6870921223303097	50.29129835670232	50.758271271534355	51.18186548983262	49.71643491117563	0.5933275494946146	49.32954321956031	49.71002911847313	50.130959628370434	50.711627436364616	0.6333113112830909	50.29195648768591	50.71710126337001	51.144555068684404	49.69650441452417	0.5305996097615818	49.35863084424207	49.72205509296199	50.069180640127385	50.66585722580977	0.6349182995204246	50.24383001977144	50.69241458267478	51.079027034405726	49.67321402486231	0.5289155990643505	49.294773948985764	49.67172478859173	50.04721786383833	50.7010569014064	0.5648147437831822	50.330496487496276	50.697782507744805	51.06728041615425	49.6835504537037	0.45251172315657484	49.39321044398583	49.690790571791	50.00526575997997
820000	50.76739152843016	0.6627105644999918	50.34051947701967	50.76817290640899	51.233787972939204	49.79687471768936	0.5585911016117101	49.40797922314763	49.82333319527844	50.1537915001325	50.78071283712631	0.6019168146935789	50.39686245631046	50.79527612692701	51.199326499195955	49.773022712359406	0.5224847833013532	49.43569121034538	49.790184057096226	50.114064533074966	50.73106816497181	0.5997417124301797	50.327582016015675	50.740654469901884	51.159486822949276	49.758991600332415	0.5158803014148663	49.433491713814476	49.78277122096161	50.10353169098687	50.762916145208386	0.568766051623205	50.39359614904692	50.75893974000301	51.14943722659758	49.77613403711385	0.4344722784840008	49.48575798869521	49.7847834650095	50.07080150576651
830000	50.85442611240836	0.6630758934194638	50.41269715177525	50.854827751081714	51.30885168019119	49.874681715581616	0.5617352156431267	49.518822574453665	49.862950440332746	50.25605087113981	50.85673887371752	0.615302097069412	50.45318389994753	50.86152595084829	51.2616211891813	49.84448496054966	0.5196697672358443	49.51319176788149	49.8252940971389	50.191900493876624	50.814846289652664	0.6137214514878463	50.41735657873749	50.819701495509705	51.21606759847244	49.84243354678508	0.5192717658748777	49.50084654943496	49.83282837765857	50.18712504668216	50.851286542996284	0.5569945352208486	50.50659267285586	50.809396999888364	51.20430814091828	49.83050114920613	0.42559840287382256	49.55607767986802	49.822368804066706	50.096935890453246
840000	50.959849375493555	0.6630015770651628	50.51082165702129	50.961215850602684	51.41630889212211	49.94016772043512	0.5547646110582343	49.57448385384477	49.957271624154345	50.32286035571539	50.94190899010908	0.598671426894902	50.55801389589291	50.952935953685056	51.37825709784675	49.91336151592501	0.5068665679704051	49.58712890906071	49.93721792936786	50.25146870895946	50.88871035134739	0.6108956140650194	50.492411050751684	50.89250375360907	51.291575271494004	49.911417981354305	0.5041224582237044	49.57351703980368	49.92282015055007	50.24957023263951	50.93059070749534	0.5403273726780421	50.592231409742205	50.93700434316571	51.31093474473532	49.919973798645266	0.43531791685122134	49.63636602604278	49.923049130651904	50.212386184141295
850000	51.023789620706175	0.6726703583978524	50.5636980505435	51.0282017500503	51.47423890593939	50.035887292503034	0.576412947967088	49.65986854008586	50.03354310548119	50.44451138501597	51.00167115490329	0.6129802500920222	50.57663917368852	51.020956755333174	51.4170729005143	50.020531029165596	0.539982044436383	49.684549787446166	50.03354602628592	50.35201148678254	50.95358762798499	0.6165343634898004	50.53847967286583	50.93937883689082	51.376928746015295	50.001911294500324	0.5355109215245827	49.64209504291875	50.02544616598908	50.35477147100565	50.99539002520778	0.5583076147991018	50.629237177637286	51.001019925702494	51.36260520224121	50.015699674296506	0.45349279435896356	49.719704758155125	50.031804752702456	50.30738832748787
860000	51.142161661324174	0.6855211073529117	50.675578552216436	51.14203687778102	51.61035688237651	50.16183196343783	0.5670108280693367	49.78832551240258	50.16000636486655	50.525347592096416	51.14190179111054	0.61851874596309	50.73075245709211	51.158968455851046	51.55734041287596	50.12434353077314	0.5106719436515464	49.7954855719314	50.12323730364918	50.48622193565486	51.09114180390652	0.6236853492071988	50.7011698654591	51.07267463326572	51.52615007983329	50.1169429680201	0.5063346819393509	49.76645879696884	50.137451612563964	50.479318426452785	51.14831581505308	0.5399446677056937	50.79486862027878	51.142619885870246	51.494112645985425	50.12155121666014	0.41609929724339645	49.85462997934147	50.10794734766517	50.41535009884073
870000	51.183256324721015	0.6436354471557264	50.74650253704701	51.19499432868948	51.607089714024575	50.19895342003015	0.5503838436568222	49.8342600221927	50.21663916020637	50.58822131776671	51.193195186486854	0.5888781378292873	50.795105645884	51.21329382212715	51.5880777150325	50.18649444752768	0.5125895460421923	49.859240923069706	50.18354564391795	50.52801312805156	51.14100916176725	0.6042665662886404	50.74379145752971	51.151502755073935	51.544865955006905	50.184170202755396	0.5029303626970253	49.87839385581272	50.19138732284405	50.526106598423716	51.181547430757455	0.5383125605946606	50.807629690458796	51.19984997706544	51.54676744536568	50.20191863612944	0.4120562999639715	49.91619961015411	50.2199361263016	50.5015951794603
880000	51.25131992729309	0.6547358201372889	50.80387069314664	51.266181150884606	51.70345955387473	50.272279269506676	0.5781849142202024	49.896629186233596	50.29269852627024	50.6844328722978	51.25014536959682	0.61898176654777	50.84751065717677	51.253811051820165	51.6724637362346	50.24724842863088	0.5198208957700062	49.90674712886787	50.250061673139626	50.59817222813541	51.214221007624296	0.6087047564260377	50.802388445689395	51.22841291632196	51.62201439075905	50.22715986739383	0.5259495082004714	49.8865502450276	50.23152904495667	50.5920153586497	51.237072300366826	0.5601923617210595	50.86837375114582	51.254223904940105	51.61210509793205	50.246473758480406	0.4322129312367182	49.955430545224516	50.261766301016515	50.552596092950864
890000	51.392239292805506	0.6265928683861308	50.9838172141299	51.41314854171435	51.832047275596025	50.38601528241662	0.5400045882111375	50.0231745080834	50.40773794129127	50.750060744853684	51.379997775022154	0.5804701211178468	51.00102333512329	51.41594297442707	51.76129778243728	50.338231168764395	0.5010563901270074	50.00411001847922	50.34971026010332	50.689327487763194	51.347440006475026	0.5916782173753008	50.94704328847413	51.3636684270121	51.7486616724113	50.33996931315663	0.5064805248141233	50.00164802143008	50.36467188098547	50.691701210545325	51.35769003520722	0.5307469687735746	51.02180372811483	51.3762756193609	51.734679299257	50.34153509273202	0.41237431552914056	50.05801134202673	50.37774951587224	50.611548634715376
900000	51.442887837973416	0.6687556973388448	50.979297450060365	51.46508714769219	51.908197922956084	50.45092943973137	0.5653944361058392	50.07896975935962	50.461105400041326	50.83405622636192	51.435278491383066	0.6092938426535954	51.032334207081405	51.45104634981277	51.8638226129753	50.42600651375101	0.5116404157662263	50.119239898644025	50.43660767942758	50.76125043692184	51.39442580973	0.6088363408958032	50.98212387375443	51.414607544001505	51.812077645036375	50.42401995839342	0.5059647159486584	50.101205916864	50.435782755932586	50.77247301971812	51.43896983184996	0.5613567461899751	51.08403469768142	51.46830621432012	51.80882509699808	50.42036217244631	0.42356294176143977	50.1537401282164	50.42087229700287	50.71517692215064
910000	51.54207706956817	0.6580599229817004	51.09915516335812	51.53183022380912	51.986873458087835	50.54787990021672	0.5486812620733825	50.18743393557869	50.549782819065015	50.915653434608764	51.538411138126726	0.6051944365083158	51.15058824448204	51.54533259109432	51.95500923601852	50.51275971427895	0.4973514380300649	50.189483328078666	50.552180976219546	50.84773644804177	51.48552921200287	0.6001001516897614	51.08626301259715	51.48933432094826	51.88938524463181	50.51892482620859	0.49336523616541006	50.213403763752744	50.523281490599544	50.86375876396654	51.52084883847446	0.5337842317977629	51.17793840313532	51.536474297718144	51.88025156810477	50.5074773398633	0.3998481476819299	50.24322807334852	50.52411557039697	50.764498418784655
920000	51.580490909332525	0.6696481783778188	51.11431975813046	51.575126564899165	52.03251720872524	50.57511319508833	0.5600832585817861	50.20457924216376	50.59697915503406	50.95221350217815	51.57515932411141	0.6085795899091454	51.17341721975135	51.564622627138235	51.988529301790805	50.56181509111767	0.5140239210718351	50.23763504212157	50.57162429630088	50.908492507599604	51.51421822968788	0.6118633659101381	51.10868777470771	51.52332674650365	51.93492462242202	50.54681095704413	0.5121752093001858	50.221701052854996	50.57999490944599	50.87704032584396	51.5542704413295	0.5568648575888397	51.1816640878626	51.56053855185445	51.953987481334416	50.54970917065362	0.41399415878733886	50.28928199637144	50.5373478336637	50.85599091438706
930000	51.683308783460625	0.6451486589577401	51.24656629906329	51.679475772310155	52.12957946611675	50.688952370980594	0.5246202453585751	50.353380973501814	50.67565294922747	51.04167844211723	51.67923366887929	0.5771372162499365	51.324734778541156	51.68951530890756	52.06010220416252	50.65378299877901	0.5000298914796532	50.32519185072826	50.6485351160334	51.01077026175682	51.63209358920472	0.5785092916118874	51.245528428051756	51.63645612379955	52.0296194312331	50.64768896647252	0.48498904547446514	50.34011956724265	50.651225592548585	50.98012661692627	51.66284970327431	0.5243918974488034	51.3226475973025	51.64845348653958	52.02672103794555	50.64795424534783	0.4109023506794115	50.39741610453054	50.65948590002834	50.93761899971878
940000	51.785733604664614	0.6277631069026833	51.35537450284416	51.76637875324214	52.21168341199764	50.76919573174783	0.5429469518469944	50.42690791992788	50.79175189723128	51.146033965087874	51.773386726755334	0.5953888259110527	51.3833770895948	51.78578493737055	52.16641953517026	50.75876006917235	0.497167824793679	50.46288340777155	50.76840195445745	51.113165298860444	51.710914404271094	0.5923003708587055	51.31952766137695	51.727362214726796	52.11264447903777	50.734768278834714	0.49794680780322526	50.42974621379833	50.74629574387717	51.06982341063589	51.74869005834722	0.5376241063509976	51.40679116241368	51.77555137229844	52.096839558537646	50.72488269287755	0.40752359143020644	50.476371902849415	50.753083471697096	50.9865645958179
950000	51.84487201067063	0.6391012675012521	51.420574602992886	51.85911750600014	52.29700856101199	50.849287970218924	0.5173216779609069	50.50458388558576	50.85801332311037	51.19751000808353	51.83904749355738	0.5685600087096547	51.480135781182454	51.83647928807659	52.22318791586165	50.83089086854779	0.4650149865309406	50.520537362067884	50.83848539006625	51.14389801550218	51.7974272188564	0.5739076603677616	51.434696594074964	51.812000468203124	52.174812898706946	50.80317020853541	0.4744421959372643	50.49925756122067	50.79988841165649	51.12229187245903	51.81651556780656	0.5183303640924267	51.47902729445062	51.84159997755502	52.15971857615036	50.80677439419658	0.4050468610784866	50.54193487862952	50.829479319360395	51.075814189863465
960000	51.936180162023135	0.6359198140143074	51.50886594124448	51.946169553336325	52.34168799199937	50.93840222637165	0.55426796183865	50.580984438836985	50.95188260215994	51.312222768694184	51.92409858639059	0.5765562131751911	51.549334693853865	51.947535333130105	52.31721543990517	50.92829645385644	0.4992604345184513	50.59074989871007	50.94576916045537	51.28292286772287	51.88671606793425	0.5827645260092628	51.49401903582773	51.894278656394235	52.27966995762927	50.90847265952969	0.49986465810638864	50.60435205072276	50.921505078975244	51.25876953616259	51.91385108400575	0.539343164825403	51.56077538341697	51.9267870343278	52.28169934920247	50.91194886929611	0.3972628375112959	50.65847597890981	50.935183254952264	51.18719503987283
970000	51.987904843549124	0.6749486856609833	51.544871092966915	52.003231498159955	52.44014493471244	50.996004581404414	0.5626157264983335	50.61283062348906	51.029602742915756	51.366608158548175	51.98703986766803	0.6235372758960745	51.57805892822616	51.990229774442106	52.42493470066926	50.971064801395734	0.5049914918418961	50.64885001379609	50.994756998547146	51.318078090409145	51.93562735367454	0.6091821140316989	51.529397762587124	51.96990866267724	52.358584526151134	50.963129259722216	0.5020124955261652	50.64536485242339	50.99712373604974	51.30393012075693	51.97003601899568	0.5667023004789323	51.61341822778971	51.99867720590268	52.35308590509567	50.95881293164402	0.3950671347899087	50.71535010896281	50.97355304269395	51.23452521437803
980000	52.03717995536824	0.6402706153317097	51.6041802616656	52.049153938262215	52.49091523654018	51.04795734793083	0.5167013101585669	50.70641155481534	51.045836048824086	51.403789852086526	52.02925895272072	0.5677819973253008	51.67945439327162	52.033842706553344	52.41857077114844	51.03681087605941	0.47645215928561385	50.71103090638786	51.06314434788574	51.36454313687371	51.994114129248295	0.5762564187916818	51.62298040391602	52.03064093781977	52.38721723144832	51.03276634883507	0.4692556166681749	50.728868529195445	51.04410007055627	51.36445081586741	52.033156783528185	0.5101828665971243	51.69995768274908	52.05020065666484	52.39132477611124	51.04309021093722	0.38644179314502985	50.80527596216979	51.064762591740504	51.29883701832317
990000	52.14402953707628	0.6588540995741868	51.721589257773445	52.141938194265116	52.58354794741952	51.141212733912404	0.5259805726657631	50.829845929591	51.168150927780424	51.503226646121334	52.126671221603935	0.5855088106799968	51.776213353516454	52.15893471407864	52.53244273952333	51.10167428751076	0.487493842648422	50.78772337846768	51.12666807960517	51.44158740926748	52.076919708453254	0.5747038248444861	51.72187559847275	52.08836762203152	52.481363473056874	51.093644397891616	0.4890148877498547	50.778914065526294	51.127108134541835	51.436975000526175	52.11014589218662	0.5269494657346615	51.79190187629988	52.121000005762305	52.45416204685531	51.08525130429944	0.38224796055734933	50.85041746573845	51.1015036156945	51.352373629631316
1000000	52.215827880663845	0.6412843521995863	51.80606554973336	52.22493840139009	52.63002401674578	51.240290864165715	0.522583583685394	50.90228871325317	51.26301631142455	51.59979946456398	52.228798398589554	0.5644013410578661	51.887289546850745	52.24117478691828	52.61544656739916	51.2001104831374	0.4512125593053421	50.91081006450996	51.21503354831418	51.50936369963535	52.164627637480315	0.5636782333884965	51.83807616204131	52.20338689839281	52.54676551930389	51.200862317959945	0.44762343163400475	50.90102653398682	51.232876129048435	51.515713769951304	52.21189605668242	0.5050787069928794	51.890747305701034	52.22466269107258	52.542652958266764	51.18644788159854	0.3697951691332116	50.93926753756352	51.19167242681587	51.43433884886914
1010000	52.28320885651376	0.656393856672037	51.830894455673814	52.307020569400365	52.72233902875749	51.29033873864207	0.552736961636667	50.929544168304886	51.32254820656438	51.65566576678375	52.281154480129835	0.588226317011535	51.90986827898832	52.302278977797364	52.66251668483837	51.273133776155895	0.49578921461844006	50.964178117538175	51.265017158238116	51.59553420220736	52.213309816481335	0.5926837604422426	51.82578371668306	52.2424954118638	52.60580778112438	51.25100756725352	0.4846202047225314	50.92760682932271	51.27008546145211	51.575880441745824	52.260694504888	0.537306907346355	51.9152576822802	52.27938664677812	52.61800665926768	51.24030604342305	0.38135484216927656	50.97143115498446	51.24491675830481	51.49083733086264
1020000	52.40183573600908	0.6472931518849984	51.99191734699514	52.4214624013314	52.84836593036254	51.38715591815446	0.5304808724613719	51.03861522653813	51.38808488271484	51.75606785781826	52.380744548804536	0.5871859769518357	51.96945394347544	52.40678485668964	52.77178225613497	51.35536050268865	0.4657610696339933	51.073184186351426	51.37976843160079	51.682877689778934	52.32237300086451	0.5841201810381432	51.944462541203066	52.32775718063587	52.70669888705025	51.33919868251686	0.45592309137962256	51.04097237472642	51.355610042697336	51.643503262981795	52.35020176821917	0.5005074967019099	52.02955723550426	52.34901636863172	52.70857347300558	51.32080062589144	0.36204403916751465	51.099548936454546	51.329532231577794	51.570796478913465
1030000	52.404201837620015	0.6392953188657655	51.98708196594026	52.41909464186416	52.835191932510924	51.40157158410897	0.5258792453232818	51.05406091221754	51.417908967342086	51.74943117748861	52.40181352504057	0.5823770841307861	52.0310317034592	52.435532134953114	52.79751708498863	51.39837489311369	0.4768975085760581	51.09439588296043	51.39936109941287	51.71090930371917	52.33921236360833	0.5797038567627201	51.97760453037132	52.36822836005952	52.737627114302256	51.38185462750475	0.4810648543695532	51.06948817538151	51.390495371796476	51.7074314059622	52.381832906733166	0.5143517855019039	52.072597898894095	52.405463249312845	52.70786275154627	51.391355351436935	0.3617355709467829	51.16974167642672	51.39563333603702	51.628227563634994
1040000	52.53549928263903	0.6426033780637701	52.07628203733333	52.54475840190249	52.95451106562781	51.52499423337237	0.5229260501508459	51.18112302977129	51.531917768201396	51.89507018975205	52.51952789431319	0.5626669632927024	52.1435737035752	52.53862669159135	52.89352382349287	51.48200505880602	0.4637001388576496	51.19592368770395	51.48168257934655	51.79390778994698	52.47108602764725	0.5785982365199437	52.09655687466845	52.463048068624104	52.88439684875968	51.474765680590465	0.4718520500300657	51.16675876426113	51.4827771062712	51.80209420601861	52.489205340049544	0.5120885110465629	52.160510632991894	52.50883502023103	52.83376404245788	51.457488449366124	0.36886340880115204	51.22815942790992	51.46350214682602	51.707997468144804
1050000	52.590630395331395	0.6487749662337862	52.17768026927508	52.60403306288814	53.039622369417685	51.58229813610112	0.516099057209893	51.22934042264529	51.57698016437325	51.92913897649442	52.58219355579095	0.5697809327429428	52.21894955967696	52.5856456176747	52.97520518488075	51.557112402464824	0.4610466044630426	51.26165318685896	51.57497627018201	51.869236946345694	52.51973576581946	0.5746935270441582	52.14606797456213	52.53424683854836	52.918948018631255	51.550033265271296	0.4559178248962084	51.252973680517684	51.57253718766995	51.861495335750256	52.56115443338803	0.49432529453011087	52.242622256776514	52.581338888847405	52.89416148527026	51.54680200771694	0.3598962241676764	51.29877797299624	51.56326031269604	51.79526396787038
1060000	52.66361738320583	0.6264205260423976	52.237924510454334	52.68398636098174	53.097894675370625	51.621190381032335	0.5022256120896151	51.31003844862911	51.612510005857715	51.955869062559394	52.62541065190685	0.5573172785889836	52.23999604838049	52.63068057634254	53.02420367902435	51.60628707698787	0.46264493025396924	51.3186422298236	51.6333259149709	51.916963137731585	52.56193001574051	0.5597126693555706	52.190315736957714	52.567075384356784	52.95022526263209	51.598779391265815	0.4593072309719144	51.31023603970522	51.616826855176825	51.91644811440812	52.6094090085474	0.5025603276493313	52.28594768127683	52.636912263308176	52.941246989917836	51.58669042527701	0.3715374551573956	51.359172325547284	51.59086309114261	51.83706695281622
1070000	52.74111646137184	0.6226806095767665	52.3147651843033	52.752719176712574	53.16875658998243	51.73170359196795	0.5266215762802552	51.3831288328704	51.77329369086087	52.05814385635782	52.72884893061556	0.5730910907316639	52.38028570763121	52.74883432564451	53.1299268640801	51.70295759444695	0.456527514172183	51.39281598732505	51.72353387888042	52.01888297447903	52.667860393723664	0.5733600421531625	52.29211924076413	52.71036935122953	53.05941812981651	51.68099785159128	0.4619501526418251	51.378460246550134	51.69465831924637	52.01485377782588	52.69052924414365	0.49579690319342085	52.360130703133834	52.718169089188336	53.021552723271256	51.66534532770617	0.3520683961856491	51.435798215179595	51.676528857354114	51.907060389953315
1080000	52.80908960187355	0.6237514230047466	52.4178435604979	52.824664532652896	53.2178653848497	51.81116789826714	0.5334120579248409	51.487699676495225	51.84570066115673	52.15387145750383	52.812377019465835	0.5803762353162796	52.453331752177505	52.848741619894916	53.21787326894777	51.77190513333575	0.47378812401558995	51.49462786703879	51.796732045472524	52.0969021229419	52.72715671704994	0.5687540727857536	52.363140411864705	52.763677279600316	53.122833195073284	51.75644109420592	0.4595044985273675	51.45786635429161	51.80623000203057	52.06991341266211	52.770168880845574	0.5058861273651513	52.46314027496773	52.803675857016245	53.103125850011104	51.7367466438161	0.36253884434813893	51.52008992398274	51.75635958253349	51.9727889615414
1090000	52.857174263554306	0.632216315902138	52.432462525269166	52.87661367933072	53.295493735514256	51.864450725615164	0.5192927640756525	51.55318298120411	51.87724211706562	52.247784448731224	52.85881864170277	0.5739167661338207	52.47294473091972	52.875508054341665	53.25779386019646	51.82534573035323	0.46054336347968794	51.521327465480304	51.848197220678024	52.14354358707734	52.79773279975173	0.5582172155417202	52.425741964352376	52.838436957874805	53.20603024279922	51.82447458413613	0.4528780299210352	51.518390571663986	51.842449031434924	52.13263241159571	52.83643492438618	0.4856860664951404	52.52812062796209	52.84300433144371	53.173999074373064	51.81024227558488	0.3393741532520916	51.600848953552706	51.826204139133296	52.04346051946543
1100000	52.88599477511721	0.6304905924680095	52.47443229972971	52.88079915259361	53.33233403607173	51.91304838511056	0.5122188378538962	51.583873417359555	51.93635528413965	52.258157419264194	52.891972711485955	0.565289475987027	52.525337507484046	52.9033408631753	53.26327432673297	51.89229626184969	0.4639943036302314	51.60494399121627	51.9219905896618	52.21458164504308	52.834078947717565	0.5574204753908959	52.47150317021161	52.84747464926802	53.219600178424876	51.8735613687456	0.4699307588220696	51.57191876444543	51.88308389370087	52.19776041220503	52.880779417132004	0.5044353641408341	52.54280413310883	52.90557329465472	53.22974246697402	51.874139700621825	0.3528522723326967	51.65664260903293	51.89612804838355	52.11645603143498
1110000	53.00252037875543	0.6215560432253963	52.5871562740276	53.03409636141299	53.422960152961416	51.98922000872399	0.51508630437293	51.650227679347964	52.02321348042669	52.3387799452983	52.987374500235866	0.5590235940972046	52.61243934747579	53.02513727972989	53.38052207022826	51.971611159683995	0.4549839407682101	51.7121395641937	52.003803397926994	52.26760853994207	52.91308615021652	0.5624991690870792	52.561008123567106	52.946602357815	53.30324833029994	51.95708529142252	0.45225655900711054	51.69140361831373	51.96845519905993	52.269885291473706	52.957972157309705	0.49538864254568626	52.6411618270578	52.97617263891776	53.29659600077492	51.94804236687183	0.3441381567329292	51.740592280265965	51.967429772276546	52.17596630976954
1120000	53.03166594637504	0.6372481086224014	52.60840023177656	53.032592973448914	53.48531979832477	52.0544525923968	0.5212085699365183	51.721372718056465	52.06053100788105	52.39264432284769	53.03199381564629	0.5694159388805916	52.68366925121636	53.046141915950614	53.42137967967579	52.03333149479033	0.4613714864643876	51.74163208889779	52.04874469166386	52.35021991542979	52.961815211164094	0.5855504403411245	52.595408690316894	52.98591178370205	53.37089210213857	52.023283961837905	0.46737416018879685	51.71076465089	52.05466340997067	52.35369963446713	53.0268985087538	0.5010979091922033	52.70916697634685	53.05848164212544	53.360069732326565	52.00167995213567	0.35034799622564994	51.78942146822059	52.01553380085321	52.23606140237262
1130000	53.12911347206115	0.6301623475176853	52.70905177593791	53.098256810490525	53.56944031185525	52.11911377394609	0.50449867987857	51.78212099195659	52.109420411627795	52.4547728698626	53.12688172933965	0.5671651249204565	52.741987417003656	53.14508763183396	53.503356552485805	52.09213684535692	0.4490370711920667	51.80110986932157	52.11537306935444	52.402762808426424	53.04391105353247	0.5579651561599697	52.679913457289835	53.08508396219887	53.40777963249146	52.07259708927269	0.4494453738191204	51.77744941430507	52.09331348504202	52.37572721414694	53.09398748442051	0.49371007776637166	52.78323425044644	53.10159462846886	53.422383504911245	52.066919083395895	0.33025431577625536	51.86880817177188	52.07846120758763	52.298805887498496
1140000	53.18426765884571	0.6186419476159636	52.7994532291297	53.2120915071789	53.595329115359064	52.1820919071889	0.4942363296196648	51.83715102345464	52.195239674847556	52.51961632610518	53.16873042809124	0.5492483413426389	52.80144459027348	53.2018404676935	53.56288561603558	52.17559175736549	0.4241544593368903	51.90642092417076	52.20589944130339	52.46614366896051	53.099117915340585	0.5548481842721852	52.707174725483	53.127828082334005	53.47697716818281	52.15379565664291	0.41873106409483957	51.86451706655251	52.18274725947863	52.45619870062765	53.160061844727466	0.4841335179081128	52.844342409425614	53.17420315700846	53.494941030723155	52.141740872463124	0.3239025333579737	51.94414138741912	52.151640634495486	52.358963724563885
1150000	53.21054748239672	0.6342166739874255	52.78283535811354	53.220320966726476	53.66031340664296	52.22978321570801	0.531724989969846	51.898348711565276	52.24546218389506	52.58133823092107	53.21208883012418	0.5665924635976303	52.83631854359645	53.2225510256646	53.60324296446685	52.207583751798154	0.451629222382153	51.93519577953363	52.22779058946202	52.49612552125664	53.14745679558478	0.5783628207148114	52.78510698397595	53.17568343941258	53.557238701231455	52.19654073662599	0.4551349958090336	51.90948889238773	52.232123405553935	52.48878664616303	53.19003765770853	0.4893718800883052	52.8931482827803	53.20298177305615	53.513271981253766	52.201967277632114	0.3212884100280595	52.003727520874406	52.2139478727369	52.43211340997847
1160000	53.31104012130142	0.6123832192316652	52.9042151109855	53.32579751404458	53.738584547138565	52.32508137891769	0.4859891162810634	52.018182795109	52.323011270961516	52.68170289027901	53.313028952739174	0.5518832108916529	52.95709959457283	53.322817296642285	53.7021160068346	52.30504905056717	0.42877529444523255	52.02060521449923	52.32589595437911	52.577308162336195	53.222245366771645	0.5420809560272619	52.86112768004151	53.2484430216399	53.600550964754966	52.27775764747095	0.42750285149152617	52.00345959669349	52.2868499345207	52.56927830760101	53.28259476134873	0.46332013667353283	52.98327190792567	53.306818647021394	53.60285317630876	52.25877196129894	0.3297778978365588	52.06819927137726	52.274068441986245	52.47139812372056
1170000	53.37395618701351	0.6227788280113603	52.98624069547698	53.356699807568624	53.8277481744066	52.37096550608871	0.4975112836561683	52.038884702648794	52.38093286916346	52.71139383313128	53.37042870413134	0.5495527642876311	53.034200381564176	53.39580052819573	53.748040161580946	52.366231376256884	0.44061938285196917	52.072306660813645	52.41106642204403	52.65983777832129	53.287030759136925	0.5525482351928879	52.94713127694785	53.33145634675224	53.658615397965036	52.340190951442004	0.4327342129440295	52.08524374691727	52.37811838465517	52.6355008384034	53.352911176568966	0.47092805314041075	53.055559428720784	53.37986967121438	53.67597760108149	52.32475920761949	0.3232421024840713	52.1410590422529	52.33421120731482	52.54646828772395
1180000	53.44893268955334	0.6162833256547275	53.06847970202216	53.448406544170254	53.86067799356694	52.432056028519504	0.4935488476556112	52.11092776413359	52.42781580705726	52.76668640990896	53.44615653803011	0.5410886312651441	53.09725985152489	53.447001503894384	53.827026137874824	52.39468141087736	0.43572631819255214	52.112558763270705	52.40437845772565	52.70213701263594	53.36304933127927	0.5505691720804421	53.0178597371098	53.38153827081642	53.73745144878521	52.38382179240701	0.4323140636359346	52.11667805860222	52.394104295222604	52.69470566504861	53.39166973377783	0.4704712688235801	53.07616082716079	53.40802190192748	53.716083763839684	52.366336505442646	0.33426063391292943	52.15381226184731	52.37141225431486	52.60288415656016
1190000	53.48139128324862	0.6089769508336662	53.06499012457346	53.50389735371428	53.87307587557313	52.51108716648888	0.5032353375014379	52.18194789249079	52.51479769343847	52.86183577973756	53.505259698636785	0.5595478907394809	53.1562068245909	53.525114714660724	53.884571755636934	52.4638213934816	0.43536458452444793	52.1767742038515	52.47185823807663	52.759331407418046	53.42548526544384	0.545846822410642	53.06385657375769	53.439985534026675	53.81052422937564	52.45344510538023	0.4466660278382297	52.165590188545536	52.47484431710649	52.76424173642363	53.45822361194522	0.4766141575991082	53.155176223659716	53.46012341814689	53.7915674216023	52.43033093668983	0.31644832639063436	52.23774286713939	52.43939183527647	52.639988549611566
1200000	53.5542228858104	0.6293796825878495	53.11850992313743	53.551731676340395	53.99327307879632	52.57018929537993	0.5019184739065055	52.25480392584917	52.56625250519248	52.92747978942142	53.55719783564058	0.5566942785837524	53.191770894147254	53.549279562190904	53.95633651586867	52.54009245647896	0.4412293028436617	52.25256156172953	52.548203429451526	52.84972043326213	53.48463771741901	0.5557811019511321	53.12282739914356	53.470517788595444	53.88424336971646	52.532192643181695	0.43184450661990964	52.248675793232884	52.54037180482476	52.825658006634754	53.541303032165196	0.47156509854494516	53.244321824840654	53.54068699727018	53.878072352884985	52.50056589852923	0.3357812184929038	52.30408234799917	52.503610415421235	52.73504575642781
1210000	53.60201458725483	0.5993863153106372	53.167892344192865	53.62817060099817	53.99842369853154	52.60492011848964	0.4895257241458685	52.301496847763005	52.63566398059173	52.9426236604199	53.59854969761946	0.5248962955407467	53.29296448785295	53.61848730063204	53.97355009025553	52.56852684041176	0.4316547089087966	52.297213922224216	52.58470583403472	52.86422581319366	53.51943233800243	0.5248681581859452	53.17234138815935	53.53770548834902	53.8642433499526	52.5573282300556	0.4289252611241254	52.28700239522071	52.56424730696007	52.85730854223265	53.56910131915689	0.46309219698454346	53.27457563617929	53.60657412240511	53.875699728337466	52.54867897983008	0.3067000096289979	52.37044133608566	52.55579605960826	52.75219447240695
1220000	53.69453540361064	0.6012198575475286	53.3033282656224	53.70568419757022	54.10033183104539	52.68586413551029	0.48122199155610484	52.37222305367479	52.69620747914004	53.021916947797436	53.68801846372159	0.5316998846886886	53.33585405417493	53.69789068641492	54.06940760826697	52.64977038722589	0.4208200568023194	52.38958208465607	52.68351908975932	52.94296456498971	53.606430262800345	0.5304532585887024	53.26100291991708	53.62582814534026	53.96782437783135	52.631445424768124	0.420505819954309	52.38986814364175	52.664719026840146	52.910014162386794	53.6459534525456	0.44629079762765816	53.35339225981966	53.685380924594284	53.957349054876175	52.61714699778623	0.32385535065478155	52.42571715869706	52.622775835973016	52.8394211549002
1230000	53.716283224855225	0.5930883015330325	53.327825617171975	53.71884570263786	54.10645249164543	52.73185976747314	0.4968185115956551	52.42045852208027	52.74184459392389	53.06853548194448	53.72274818542134	0.5439064507526068	53.41144647965707	53.73828827300906	54.059043100747324	52.70412114641218	0.4378192316172407	52.43527017488187	52.718567882883605	53.00881985593941	53.6460084895698	0.5459526065079696	53.315680229882325	53.684207549498566	54.00730846217688	52.690602523872876	0.4232754562072717	52.42274905790167	52.715146192277956	52.9813128570782	53.68162472112327	0.4690716877762149	53.3945005433213	53.70096782504413	53.99736425515102	52.679395751955056	0.3024816659908191	52.49512159618337	52.69687249380658	52.88533967632773
1240000	53.78889604383217	0.6132953443575796	53.393175403238544	53.8036246865567	54.18664272873038	52.77911422941999	0.4877332993230812	52.469915454531694	52.81286670336861	53.09813552808586	53.7776122634805	0.5411441691622573	53.446092110846635	53.794025653728056	54.15616683442564	52.75627808534791	0.421948704434878	52.489538596014604	52.7796797168104	53.04786446862302	53.69973765508451	0.5415925489897749	53.35571346092423	53.721421896100495	54.051064163930484	52.73516534128206	0.42444045784257683	52.46786969377179	52.77362704437553	53.035636201769776	53.74181013595595	0.46679286128606445	53.43645940714825	53.77144672947518	54.05026248051072	52.73496831337681	0.3230776932758971	52.526596076656446	52.75676442685727	52.97112572423596
1250000	53.87630749994335	0.5905179757170942	53.49193531180913	53.90042820018047	54.277978272659624	52.87952005855416	0.4884368656384442	52.557836282121215	52.891304957656885	53.2065882303602	53.87012935688543	0.5224212479977905	53.534786833812504	53.89559134971422	54.21771906576882	52.8223261303934	0.42995976257443846	52.55232300908366	52.83333951363714	53.11094049059086	53.803041171816524	0.5331668607443371	53.48572043482744	53.82468159048159	54.1601932986942	52.819353910151705	0.42834566426969456	52.54157819175637	52.83222429480364	53.12210621187086	53.83293810819458	0.46832540112619925	53.5215615772059	53.85881353915053	54.14859060361677	52.79409313055737	0.30939660764153926	52.60703118845204	52.79463666898434	52.99907576930833
1260000	53.89663767009923	0.5935998139190627	53.53750555157964	53.89340814712148	54.28651096359417	52.91878502562271	0.4859687826782974	52.628718543209054	52.96189037699692	53.227445170711704	53.90630998442308	0.5294044639600628	53.575326579859734	53.93822107988315	54.25668276139526	52.87770696902475	0.4127310279131277	52.617760660560236	52.9104319345945	53.17087786978365	53.82277106445969	0.5079422103302519	53.51669950227536	53.83329981307226	54.157662457807135	52.86795035803532	0.40988274729577695	52.60327411448239	52.90125277334357	53.151729712032704	53.87561465611856	0.44900120513364333	53.582974556731195	53.90759029878845	54.162970011831305	52.85042508004179	0.3085098343956138	52.66388559766381	52.871056790051746	53.06189291132747
1270000	53.98897310542988	0.5843465490737418	53.583023748820914	53.98737624800961	54.411441765697504	52.96968907037003	0.47519175555416665	52.63071248601532	52.99507113138633	53.305356619970475	53.981771318818645	0.5152045052362941	53.633662451933915	54.01128909433278	54.34604109418248	52.946216778416705	0.4116806915026675	52.68495602276845	52.955576311470956	53.22771378970077	53.89274216660148	0.5195787571487902	53.52791988189153	53.91271088267093	54.26063943283266	52.92812484968278	0.41517266152645543	52.65192842838595	52.9428940482056	53.232716693464624	53.94557115856114	0.4517611330074764	53.630836040746054	53.96791596192541	54.272714025208785	52.901423852167454	0.29255595058238026	52.70775089296472	52.91129172361495	53.09487625855588
1280000	54.027346467232924	0.5739444089160426	53.68617787591893	54.052405257398476	54.3949198951163	53.046556796305694	0.48027566329778293	52.76251155243222	53.07253953224766	53.35834947495372	54.026733991253295	0.5217652051683843	53.69641389279872	54.06370332888729	54.36100270830197	53.003989037765706	0.414887666894487	52.74762694919464	53.02979823625849	53.27463634157091	53.94912637962214	0.5060520845471411	53.633684174338605	53.97534576728556	54.30943036280081	52.9908258619484	0.409290232947899	52.73883298307307	53.001604166615266	53.280730190764935	53.999534009467325	0.4464357839388518	53.74966291325842	54.01540003783548	54.29118391703186	52.97033745023484	0.30450847758894856	52.77503148198646	52.9877911146319	53.18130416568992
1290000	54.08209923632727	0.5981420056963235	53.67398823346534	54.09034321024693	54.50677274769709	53.0984853876034	0.48587679847716714	52.78358901887697	53.11192413208805	53.43854598820955	54.09064863963916	0.5269115405591204	53.74861936046015	54.10146600842355	54.485008711080354	53.05082023391081	0.4195810742669694	52.78323663461774	53.054833900696856	53.34876564416673	54.00420626182308	0.5287839287945668	53.6725626046493	54.020494152504284	54.403694601098685	53.03932469991373	0.4061617412434894	52.773127389050224	53.055125109002844	53.32005069391234	54.04819747437388	0.45706814166546184	53.77528073941659	54.0821014598603	54.34419095470815	53.01146306756526	0.3007206974358217	52.85042703068523	53.03698386625597	53.21160838422984
1300000	54.142518465216604	0.5773490473654338	53.79426642301566	54.15418980932165	54.546544130602285	53.135609693537646	0.47876655697577347	52.82208400617225	53.14294375656661	53.4714770093286	54.13009946912619	0.5309637885554	53.80060883064148	54.15872130749078	54.50761300171985	53.111071387109085	0.39771125737728286	52.85078142968247	53.13623339661249	53.37606477337109	54.03736663246273	0.5079581132106149	53.71884147366244	54.04850764986361	54.390120095963226	53.11007953180636	0.4141625701298547	52.84578887970489	53.133854816086796	53.395342734828745	54.09952966839808	0.43745844740074613	53.8211436943422	54.11779890543863	54.42428920859417	53.073425292162035	0.30424081398211783	52.896726889023455	53.07894536246861	53.27709880931177
1310000	54.206232172222464	0.5950918335835463	53.81084992506637	54.22987804568876	54.601294927631	53.179949227712484	0.4904472233817694	52.89468543832571	53.19335024747821	53.51151936722861	54.1921651284962	0.5342015582510027	53.86994969816836	54.206062174560806	54.53904106277006	53.16618884326914	0.4106373623137894	52.932121399882746	53.182539202624795	53.43885396072853	54.117321430958995	0.5350589735177468	53.79217670160689	54.12814722007326	54.45987397066244	53.153737279787656	0.41387717140496055	52.923091551759455	53.190604632303916	53.42990200650815	54.15855540460796	0.46330748245760156	53.899650024689336	54.1993469192737	54.469930438136686	53.1285929507636	0.2936759592798553	52.945907205989954	53.14225769999514	53.322268132044535
1320000	54.24469684138899	0.6017020355344427	53.8458720316925	54.256729995861456	54.64814564878762	53.242513973445256	0.45793262414677083	52.93377618146288	53.26387209673017	53.56054361008147	54.23295934171555	0.5181498130513349	53.89196135973849	54.2544730807637	54.58949061112039	53.22230115035788	0.3928665004337844	52.97844198853815	53.248096288320966	53.498434306492804	54.14299185439661	0.5233296863222517	53.82490227750426	54.16345875437997	54.495985484390175	53.206070805729	0.3979892465331035	52.966115896500305	53.226813319841874	53.478217618251136	54.21026774028927	0.44332500653025375	53.936168013441716	54.240113659786104	54.51495458305559	53.200235074566194	0.2903969297072151	53.01532767995031	53.21199414564015	53.40055050179083
1330000	54.321043659204705	0.5678241632169615	53.966121298280385	54.32860168209251	54.71568890204834	53.30799583286634	0.4598639075491336	53.00057091574164	53.32193377910332	53.6019634520364	54.311886996323445	0.5030420859194771	53.98209327510203	54.33221119436695	54.64461477298666	53.26413345676661	0.3862888366978795	53.00683794185107	53.29110617638372	53.52688874960806	54.22515170631656	0.5024275668045539	53.904459396857256	54.2529098333024	54.55944181209113	53.255865482652034	0.3800886945832143	53.026160312914506	53.27242531030937	53.50584744698896	54.27013821722616	0.4295182917487815	54.01433239320256	54.28617405822285	54.53650759562786	53.234919299352555	0.2732049283597639	53.05453702540205	53.25328406309717	53.42464344771987
1340000	54.38665874253513	0.5543592916618404	54.03240638874334	54.39691373807313	54.762433669481666	53.37971741413648	0.4498837790345047	53.09895309713885	53.39318011400029	53.67921689765672	54.375246876987234	0.48931937134386766	54.063910940388524	54.37290397343858	54.72013969934875	53.347977891726174	0.3813905079818142	53.10949715313384	53.372245454676246	53.60858934271503	54.30087081121105	0.48502119546527683	53.97370240563572	54.32823745188211	54.63087996359989	53.334896052609054	0.376651510002331	53.115815994224604	53.3635197799895	53.57904394953493	54.341792460426184	0.4261507487601568	54.08000506220201	54.377140026642934	54.639564428354994	53.30097350676567	0.27559068903441897	53.1403760781504	53.32926133597756	53.48641626208594
1350000	54.41282016742932	0.5944899397978213	54.04120710632186	54.42424571128613	54.77202944812479	53.39881198142322	0.463701975975554	53.108145300750735	53.41523596663853	53.70924685851658	54.404930788836715	0.5141805669498455	54.083506988804075	54.413279734825736	54.74366494564647	53.37636737287296	0.39205643366329085	53.128500480773724	53.41288535896076	53.65050642327255	54.32059842743146	0.5200396751696291	53.994115857113584	54.339919075439184	54.67413788681909	53.3616044040069	0.385452587199151	53.1197999227571	53.3795546527429	53.629004035504494	54.37053738297714	0.42059242397563495	54.096405104247204	54.392304522018804	54.6625618036157	53.35639480914976	0.2655968846647328	53.20566749364305	53.37424467203697	53.52481375316118
1360000	54.487608643234864	0.5982244877145524	54.088041235019546	54.49709595251328	54.916639290514674	53.46906466128972	0.4922120572729527	53.14858519341166	53.48569914859174	53.78060190854022	54.46508387794503	0.5492545725457169	54.1196640401558	54.474453268832875	54.83487216390177	53.44211200350263	0.40540197027850605	53.202255203848495	53.4652173820664	53.704116645160845	54.375168966703484	0.5372261345786316	54.03034792865708	54.37776745054265	54.75115847720134	53.41783066027063	0.4066655320645272	53.16407230874725	53.43446170945377	53.68747300036567	54.42006687465862	0.4354589971008965	54.15016814979951	54.447835373189804	54.710053628660276	53.40758351096479	0.2761604276757785	53.2419209059002	53.420825342159624	53.597322944983134
1370000	54.511199840615944	0.5863582702146953	54.150590821220234	54.504545965099354	54.89321316291766	53.53283787207839	0.4574582043938236	53.24326730511093	53.53716340357796	53.84851509215403	54.52625516962603	0.5091330463543532	54.2124525467631	54.54304101285064	54.8651939441357	53.48817651833515	0.4077690090863373	53.25868290549491	53.511048013779586	53.76082299691163	54.4248249740874	0.5271057431784248	54.12126435121323	54.42763673664305	54.789312375786665	53.48612467122783	0.3955678694252566	53.22528691626027	53.50714587887995	53.754743969472486	54.48807942552593	0.4399860876733665	54.2146040704842	54.50305982651068	54.78612443909507	53.45184786434422	0.28172126290361055	53.273992750191724	53.475719407976314	53.65603788040001
1380000	54.57474910895434	0.5657601425179045	54.19079036227836	54.59927465186729	54.95060757838608	53.553694409027344	0.45652343273711604	53.246913992082966	53.55439798202073	53.87389102178406	54.562455379397925	0.5185361309279108	54.217419251624676	54.60046059067891	54.926430404664245	53.515589964090985	0.3752592274164296	53.272338821325306	53.51398665456033	53.78210670556073	54.474550366607296	0.5105619321789565	54.1178779700631	54.507823954321836	54.83760170479876	53.51873264670336	0.3776760831446114	53.27581021933614	53.52634245453821	53.78493307327331	54.524928270097064	0.41978549892691275	54.236546596183246	54.542405238795254	54.82129131600061	53.49869752136017	0.2637716056363357	53.33154243817576	53.507581901701414	53.6792703912135
1390000	54.66786401351782	0.5834701412129937	54.2643905389142	54.6815943088957	55.074300969752024	53.637333011050515	0.4620958499088163	53.338692931500916	53.658519576192845	53.953380184363546	54.64341459320559	0.5200971234026031	54.31461239185126	54.682669550754404	54.993861368925096	53.60009752506845	0.3736079711690795	53.36307985704813	53.62090940464549	53.84792292147467	54.5442699929251	0.5126468946901407	54.21389477533863	54.563967304402546	54.91232944701423	53.582810304345685	0.3778560885813543	53.34597409993779	53.614526652297144	53.834444050920126	54.586974683576095	0.41752319441132263	54.325004922522744	54.60546257261465	54.87753522802113	53.553282009951175	0.2700005411283192	53.383105746501684	53.565546373433094	53.73031689247101
1400000	54.69123854459605	0.6051117340186907	54.315072118351004	54.71128967526194	55.10959893158342	53.692336842893184	0.4375419531334965	53.39579952923047	53.72140564652736	53.97945148091348	54.68900108732098	0.5059735565281418	54.36288409373482	54.681080593808794	55.053034619627596	53.65178467094255	0.35808141330749854	53.417569197024406	53.66309514238651	53.88916248280891	54.58937125775246	0.507905825494783	54.26825132231146	54.61399274042489	54.92937054206152	53.6566791161932	0.3654980498407746	53.41684501501195	53.68816949955295	53.90622551110426	54.6401801986838	0.39677723955143707	54.39240026776471	54.66289596081478	54.915976312693914	53.60714224059926	0.2586521561530387	53.4586705636511	53.62451713220851	53.78488498884527
1410000	54.75373249461371	0.5911565024123316	54.37548772171609	54.77071148104283	55.16419189867627	53.742950357021506	0.47534835239378737	53.43021931333095	53.74738832726544	54.06538588449317	54.7306856641597	0.5241813188777625	54.393399532377714	54.74815180936068	55.08223666763298	53.69556438948239	0.3789922879085412	53.47217185506756	53.70643995429306	53.96021454085265	54.64485077752001	0.5113207342618242	54.33087275395162	54.65212301979574	55.01468799724451	53.68058620558334	0.36207295844778387	53.45996553510089	53.709167934246	53.9353250500202	54.69916804775559	0.41088996943380773	54.431881137144714	54.721473342080714	54.98245521465925	53.65619330136049	0.25485030529525554	53.498604073416324	53.67693617495225	53.832834203326286
1420000	54.82419324363246	0.556370544731895	54.475761756130254	54.842221108903104	55.20377705230061	53.79272468542903	0.4474569737884211	53.500363305456915	53.79470927239026	54.12067780627529	54.79239641546129	0.48262188224044555	54.47359692214066	54.80480827175734	55.130740546347184	53.754685408122434	0.37523233803633155	53.51738646319755	53.77723503593475	54.013904344851895	54.708414026437886	0.4893700528582354	54.372123869946435	54.74507309505495	55.0505810495231	53.745594674995694	0.369168829023275	53.51202514405806	53.776985815848604	53.99923459033386	54.7545644370503	0.40453060228363397	54.5070078823712	54.78928383890133	55.03766384494728	53.718358092822164	0.26544947813287956	53.55816866768144	53.73722180269515	53.896445925034214
1430000	54.86377002432822	0.5499198366070525	54.4898697292643	54.87113382002962	55.237270943830225	53.83175391460155	0.4431504430449975	53.53578760445003	53.84409800026408	54.130010263125456	54.835136266453745	0.4816057788927643	54.52500565340525	54.845814588705394	55.15267573658566	53.80329607286402	0.3535855572762298	53.58660887593011	53.8409980857828	54.039956205931304	54.736380753649556	0.48430909100319525	54.41748714265002	54.765098042345315	55.069571282287306	53.809069605081554	0.3502378161348837	53.582468755231446	53.82322443004806	54.04808129247951	54.81556144989268	0.39486115781060166	54.57758676828933	54.82724654445245	55.1005480050657	53.76105489853332	0.2577926212197176	53.60406617809029	53.770966545152234	53.94832440449624
1440000	54.873295937263286	0.5537988839385701	54.495665112360996	54.88433126738029	55.28187389368662	53.865676468366644	0.4449892591549982	53.583991449699795	53.87807845664471	54.172141180379825	54.868028599603775	0.47986438684680904	54.54379854936674	54.88230006158598	55.20404410718098	53.842040415529155	0.3611490789827893	53.627265942837624	53.840716247037975	54.08462485903645	54.76758506345916	0.48549328324719593	54.45949219274543	54.789092851116116	55.09763509046831	53.826583075470374	0.3547162042880113	53.605894369821456	53.83611125679809	54.09094322727813	54.82967312869915	0.3813316624883936	54.584640888837804	54.86381272536186	55.09523319786696	53.81556806038974	0.24678710212067628	53.65936071316407	53.8261478423461	53.98466509491267
1450000	54.94792547440555	0.563143388367319	54.55635708480221	54.97100143269503	55.3465644276574	53.945560277391984	0.4404226043662594	53.668504548307695	53.966855174808316	54.245218403946296	54.934915224859225	0.4807691856661574	54.608926849140644	54.94030104678805	55.263144013261595	53.91206767390768	0.3522800492677135	53.705525477719284	53.92929280596085	54.14659872382627	54.832961835787536	0.47604300350777634	54.53106538865262	54.85019455557995	55.14984850482685	53.89678474988534	0.3533012471428686	53.67979763235079	53.91790970772891	54.131953638200926	54.90469356990343	0.38739097605750283	54.67027112821065	54.91730499628963	55.172617695483666	53.86011275636306	0.26229887185470324	53.70693313868701	53.87608411863901	54.035973219939365
1460000	54.98788502965949	0.5741549768064175	54.61539892710118	55.0077112859348	55.358473524752675	53.97699379634886	0.46047787622152114	53.690468735331244	53.984455522400154	54.27817175344021	54.974337638578334	0.4936997334327624	54.6608704412985	54.984400993029254	55.31254899997724	53.94615668132549	0.3571242272988182	53.73649177454662	53.970785169784996	54.18027665745647	54.87692631756732	0.48535540664928023	54.56939273728381	54.91092994960542	55.19262023356107	53.91776105379153	0.36311546145598317	53.68658109023524	53.937455583234666	54.164214302240616	54.935633208076894	0.3973824342542452	54.70002898515111	54.9424299425294	55.20157074584779	53.90215609651794	0.2583252239179599	53.75382913878563	53.9108612858364	54.069343787461406
1470000	55.03636246204222	0.5497001657512663	54.676089350260746	55.03927163901639	55.41739681667704	54.03433009081794	0.43124986037411434	53.753392233749665	54.06230654687839	54.32627956145528	55.025060329518475	0.4789409993064388	54.69844531466528	55.07011790564597	55.347061716973535	53.982236292391015	0.35186848866099285	53.769559203840544	54.01209918912255	54.21776162997567	54.94344147252827	0.47196316147955725	54.657481703321125	54.97625891719528	55.2848528000117	53.98402332433316	0.34531847459810927	53.778052704739835	54.00312184948881	54.22830499084072	54.99111915767734	0.380169207066916	54.74126461851396	55.02279838107441	55.26175869343987	53.95207296628299	0.2505826707418686	53.800925207163615	53.96575690901409	54.11149063188489
1480000	55.09693614843987	0.5492350234920634	54.73695495782911	55.10978471173422	55.45612215251645	54.097503716075124	0.413113554179164	53.83671012294686	54.133161940381896	54.369720365125055	55.10054050105382	0.4646394730118527	54.8073220326947	55.126881086152565	55.42154150512055	54.05411394519304	0.3386140133342232	53.83975957654081	54.0759128966385	54.2966091853803	55.00280268715073	0.4600909919296539	54.72036427659034	55.03075187884913	55.31772400174963	54.040649667756334	0.34521759500746735	53.82981980919628	54.056611183672786	54.28579345216148	55.04311220418252	0.3766328802595651	54.79643048450204	55.071912870272115	55.29409104238094	54.00682326612273	0.24953936620435765	53.854175503896855	54.01685574242312	54.1747330906516
1490000	55.10911301344543	0.5686273032215496	54.747728888791336	55.09653437888475	55.47845458815662	54.11058654020683	0.44149098985387386	53.83426159094012	54.1404908238312	54.40602027992931	55.1132336754902	0.4873980468111983	54.806634202617246	55.13133575840813	55.44769931301044	54.06136137549424	0.3539089637713175	53.86549593213334	54.09404057893554	54.30242852419665	55.00550207089908	0.48113009915731797	54.72234261179436	55.04506187930787	55.34876812077613	54.05294077221755	0.36540459427379696	53.83917418073693	54.08986125636287	54.2876190081603	55.06363957778607	0.3903435020658043	54.82982062415504	55.093278220330646	55.320845903915924	54.03104268941385	0.2597099143449263	53.878473925025176	54.05195279259968	54.214673709873985
1500000	55.15531880977037	0.5513138053702306	54.790795375337005	55.160005735891204	55.538133892445884	54.16329084191491	0.4423960199783391	53.89561322783258	54.17212446653336	54.46272040976383	55.1538985358406	0.49038974206512326	54.8523085667359	55.153616065535545	55.47749330262857	54.1277641560983	0.35382153908075686	53.92251957116822	54.14977445467815	54.37849910758598	55.06453156473914	0.47149496077713265	54.778999074882144	55.099240321985874	55.37631663772695	54.11363823279712	0.3590425766797837	53.892603107945476	54.141746935044	54.36437399075585	55.12044620529304	0.3845920352366384	54.877329411430466	55.138664581820734	55.37883158079344	54.08486924556059	0.24918751480834683	53.93416971781118	54.11334899119562	54.256574859410115
1510000	55.221117430937824	0.5529390048538397	54.854669674092506	55.22264357718626	55.59309823630588	54.22022470746125	0.4268803538837686	53.94198683439765	54.233356030170825	54.51630283593943	55.217620808477065	0.4739784806735298	54.92825734633071	55.23757894017335	55.54331840022599	54.18245973074494	0.3438683940220248	53.97909575577566	54.21849664625849	54.421918349143766	55.11133227757985	0.4587567422809223	54.81957567312655	55.13469452978566	55.41710720552035	54.17269519466397	0.3377283145480906	53.958502587080496	54.198236339120484	54.41264883532372	55.17571202072983	0.3725891482311189	54.9459903952211	55.18480121596062	55.41279621367907	54.13851974460662	0.24322063075594832	53.9899758510823	54.160176021548125	54.30327210547717
1520000	55.25303248698142	0.5621276279188885	54.883115354628174	55.244261689366034	55.6350189459217	54.2570868227317	0.4288243555222752	53.98951304257569	54.242033851946104	54.55194052929598	55.25675665872509	0.4872586562604308	54.95282651382899	55.25956412610412	55.58147971187438	54.23519411102518	0.3449972766152354	54.04018449146212	54.25783810125941	54.461087193813725	55.15087760236686	0.4753313989263459	54.86627404116466	55.16653315318166	55.4660524421338	54.21400025558492	0.345140061953165	53.99005566741219	54.23083778127689	54.44689848006362	55.214129503634744	0.3790594667967094	54.9643044581299	55.237104438514585	55.470840543547325	54.17939338709428	0.24114085034644756	54.05042090408337	54.20007423667814	54.34163197559762
1530000	55.31416694064894	0.5314163098684337	54.97028490733929	55.32522697417362	55.689473494275916	54.30461142310422	0.42810634303418976	54.03217465048147	54.315313097562495	54.60268423017288	55.30996974029125	0.48639642646041226	55.01870110893563	55.329618510682536	55.66658917805795	54.26872708299759	0.34633840633068114	54.06818894857666	54.29520663786194	54.482890519574134	55.200651869040136	0.4847847923497853	54.892470608227214	55.23215439925576	55.520215750129815	54.252236394341935	0.3431526857945183	54.06401887585761	54.2780164246802	54.47219062252786	55.254241632410654	0.38565577242755794	55.037202381045105	55.26870799891243	55.51990088102567	54.226924463873765	0.23473081261236733	54.09419315145765	54.24193055496456	54.385330305081865
1540000	55.36917896490787	0.5315149541132888	55.020578136709766	55.37478846725661	55.73398766168991	54.36512387306979	0.412742575009327	54.11681552353176	54.39022553057112	54.62945116669154	55.366621045677284	0.4528315608834132	55.09950198578094	55.36969259313678	55.65702424574896	54.31517346639856	0.3339147790498901	54.12588254392745	54.33273689040174	54.53981707220831	55.25656388382175	0.445608188830623	54.97883846782976	55.279704517637896	55.546457807237545	54.29825074123618	0.33233318996533495	54.10688886480977	54.30944664141616	54.51678185788779	55.30273374849599	0.3716648720989857	55.08393332429786	55.322991464958605	55.53776609460884	54.281223788623095	0.24352307072075233	54.148340147956915	54.29743350140234	54.45494958306508
1550000	55.40690874928211	0.551422361913073	55.05378512173903	55.42666863033701	55.77078270142577	54.399484725073115	0.4318135350384801	54.11778822884219	54.41567977387028	54.714192394302664	55.39684954370595	0.4765382642550405	55.10587210399415	55.41721757544035	55.73322079766766	54.35288623060873	0.333181777583728	54.15575790830201	54.37501712481186	54.585024648515216	55.29884046289834	0.46816985980698966	55.00077873954916	55.31846938574782	55.61991052838144	54.35150987603137	0.3366996534877846	54.149246913286284	54.383858975005495	54.59368610520401	55.359135393270314	0.37802558631762073	55.14366400074388	55.374202379493724	55.624571927347844	54.314255072774124	0.23726049546428665	54.18061749896428	54.32711762112463	54.47287923921473
1560000	55.467524547641005	0.5030164449886382	55.13338180511735	55.48844676272515	55.81213978811006	54.4466452140002	0.4054157360632013	54.17233120358772	54.46817036884585	54.7078913180555	55.446246024410975	0.44843188158542524	55.16935578933125	55.480106491828494	55.74289379218612	54.40484850658968	0.3370061686304988	54.187988318241224	54.42184477052419	54.64367434180302	55.35320918794537	0.4336597191943568	55.071390633546855	55.384126356135376	55.64883331539478	54.38957907646155	0.32640344729331966	54.17691144815912	54.40975388415949	54.6281623299367	55.403853969332	0.360169108157306	55.185710969126895	55.42846017580408	55.63945018363853	54.357994103349554	0.23409605022909813	54.2142396234751	54.37479634424827	54.51998416635209
1570000	55.53204465728998	0.5339403868332815	55.17543375568226	55.54019409479575	55.920921082256726	54.513238595905605	0.40133121348349743	54.255394224354774	54.517590753557386	54.77929228837207	55.51444547690966	0.4365044462342249	55.24340010972233	55.52718663788481	55.79916465402597	54.457572949763275	0.31317081645088163	54.26300553943151	54.47784247710466	54.65458404937901	55.40958811198659	0.4385403361903423	55.12874040797963	55.43264066372875	55.72233377504649	54.458225020511904	0.3238629260044009	54.25873715358286	54.494693597122264	54.68455354477735	55.47132230660464	0.35310892088868134	55.2590890471445	55.507104035588256	55.69458581619636	54.406849066539294	0.2323866412208087	54.27057512362644	54.418632290575644	54.56526839399574
1580000	55.57899266478153	0.550823803738456	55.23269691006095	55.5981993497558	55.949760231602134	54.52523894616941	0.4209728720372785	54.25976240072828	54.52470849209983	54.82572938774458	55.53829760251016	0.4684670619792865	55.217156028986324	55.52481196010382	55.85934688361082	54.49113645037452	0.3185020807599063	54.28001869729316	54.50595589210491	54.71578361756576	55.42934617428784	0.44989045592069277	55.14740578852512	55.432791029347015	55.72939619559972	54.475983584243274	0.3056781405830279	54.271680826340315	54.48407995042778	54.69332883325281	55.4849696324844	0.33613843995799464	55.26359250535587	55.48716651082638	55.71797237518987	54.45284282771534	0.23520843204898842	54.30421169807718	54.46814302105477	54.619472023818304
1590000	55.578169820712354	0.5490799657847227	55.21496419892402	55.58381040212403	55.94383522962802	54.56234364536765	0.4310176434123188	54.30038398005008	54.56776173548839	54.86319388967003	55.566649897410535	0.48948953892131586	55.26456481914274	55.60379676920015	55.889415383290086	54.53083528583754	0.32873822700971655	54.33470557299434	54.5553016496561	54.754567641330596	55.46290848935423	0.4699231011238704	55.17745470110745	55.48355369828177	55.76945652426318	54.520451479567605	0.32977201801434625	54.32327060531482	54.538880555403495	54.747166779906706	55.52853658076922	0.3731644261296985	55.289970145253704	55.55675248188159	55.78046297529389	54.49124930722502	0.22879051126974428	54.36755488717973	54.51270841598115	54.65025240696651
1600000	55.61387722691107	0.5261850560081073	55.260554173384506	55.61363429517952	55.990518193446235	54.62065546209753	0.4034248651632647	54.34788670243576	54.63115224408635	54.901363952284726	55.62023710332186	0.46002331550221837	55.345296488365534	55.642279975410474	55.92982633546639	54.574452056125374	0.31519381813208786	54.37868602600784	54.58769205564852	54.78469501055296	55.51221608112051	0.4488505688506593	55.23918956993256	55.537221450028866	55.79984241416062	54.56152570150169	0.3224996265248117	54.36049853355233	54.58135267863844	54.7764271229559	55.56256605723149	0.36035096683598355	55.35263433235411	55.58292930023127	55.79914682412814	54.535152156913895	0.2321308340170018	54.403527879373115	54.54688671042081	54.69780801453083
1610000	55.67390790178	0.5270251098851999	55.330610727460424	55.65836303539089	56.042771331070156	54.649444128958606	0.41746776340839686	54.4051763609745	54.656472719666255	54.936413150960554	55.6585118556902	0.46122749639297966	55.368911490430726	55.67031714357773	55.965892881381606	54.61926467307741	0.3366791825208369	54.410467664144285	54.63101581405394	54.83757837128954	55.55077592659943	0.44854447642149037	55.274893153119315	55.57054999248605	55.85074237286793	54.61326132398006	0.3296870321924425	54.41563653246701	54.6320108672727	54.84239036403917	55.612534876245554	0.3639733817620994	55.388480325328565	55.63643661161138	55.860621116535	54.5748300151705	0.22661926652885606	54.43715010970787	54.59247725798197	54.733284976829616
1620000	55.711347581695804	0.5328821247356941	55.364109986809794	55.72332734316494	56.075662982348426	54.69691589446213	0.41466082149051287	54.42490639881012	54.714451793016195	54.98372477655556	55.70776708493446	0.4630941115324973	55.39879656949472	55.72983388774395	56.03038464609439	54.660845520016686	0.33090754087184443	54.45933727573893	54.675892770350615	54.890771233454025	55.59386160458403	0.46356598684754247	55.31009171853388	55.62545823172346	55.90755311540773	54.64850620278217	0.33000370453368205	54.43603207023228	54.66666948538156	54.87539644197824	55.65478386590921	0.36712496024370883	55.426407430508874	55.67142238264455	55.904458223986694	54.608412580980165	0.22680029410652575	54.47576662812128	54.62634290389825	54.76375067044558
1630000	55.74451188996574	0.5422140536653767	55.40896924683691	55.76018937637833	56.113653162647374	54.73617572227464	0.4211769792513904	54.487409376535254	54.75397853561651	55.01340651680418	55.73032547311336	0.4634622739861692	55.4220655912523	55.75179239871909	56.05483738212559	54.68604065927097	0.3100307982165981	54.497528367625804	54.70326704488312	54.89577645517102	55.62766627622761	0.45929152265392803	55.35997017534003	55.65293788827589	55.91890019808132	54.68273635323519	0.3151733298831262	54.4970861401956	54.7023742938735	54.90706511013842	55.68764876455463	0.35790255503154067	55.45384818684326	55.70852336328787	55.937585305733094	54.65212001939585	0.2284411026343439	54.51902932520375	54.65863768067017	54.81033967071366
1640000	55.796542298221695	0.5063972841611376	55.459550203278624	55.80814809891976	56.135830500758885	54.78114817108286	0.4148698239067479	54.533555841826825	54.775444363456344	55.05660123042939	55.78314467700886	0.4493198524346709	55.508503123145516	55.802844575870274	56.08500822217037	54.737739086119596	0.31185257139334094	54.561168342527	54.761856774938934	54.94642679099152	55.674685511675825	0.4312192308800292	55.39310224201367	55.68984016808028	55.97707613184458	54.72908660166622	0.315004485508741	54.539967650919024	54.75464310438788	54.93894155527814	55.73471889804218	0.3461993200688569	55.533587873901595	55.746552750072965	55.95972443301704	54.69784840634206	0.23444104180652342	54.5488323644844	54.716310177940436	54.85751496865257
1650000	55.85805710240509	0.5049340827052429	55.52998174193645	55.86429805579364	56.18181231690083	54.825186315921734	0.3930179841247258	54.564772326576005	54.83318404912919	55.11615152845596	55.83084376797459	0.4411117080997849	55.53797820560872	55.85456169442081	56.12984232185173	54.77510034908288	0.3118511768850045	54.59215881272813	54.79038709078071	54.99174498275649	55.71865081769506	0.431361239694723	55.44119755487675	55.73868095417273	56.00991435375874	54.76595352153147	0.31217021281598195	54.57523404953119	54.796182422014326	54.97836367944946	55.76689359717518	0.3501202748183016	55.54546003555183	55.784171161156664	55.99964261174496	54.741359604059966	0.2277427665712324	54.60644607870425	54.763935192860615	54.89322845397629
1660000	55.88642160994134	0.5164246080494528	55.55941887560011	55.890940628537166	56.23687668411417	54.87562853036666	0.4072362129171058	54.62296341739666	54.88236447420884	55.137268388301784	55.87091389741452	0.44919949961033756	55.59673449812914	55.89371784743543	56.164385912070735	54.830948268679734	0.30921509930440644	54.65831019504402	54.85271640289267	55.03327562936454	55.76915249513596	0.4341476875621662	55.4877186226016	55.79004371423112	56.047957363748665	54.82645968406507	0.30291274637784393	54.6416581517323	54.836944088202344	55.031839075489145	55.833718976999855	0.33862315656310105	55.6080154924319	55.861440239794234	56.06923070751346	54.78898430210747	0.21102528899633827	54.665701346703145	54.80432341334493	54.92909539557243
1670000	55.92483325768323	0.5264022842276997	55.59153730919529	55.934583515965414	56.27606336620024	54.897138427596545	0.3975696340494495	54.63095537003093	54.90520314398843	55.17730160031009	55.89798321996534	0.4418476440798844	55.603709353526206	55.918852368887556	56.20437923290409	54.86480165943656	0.3088539707637316	54.68312452825204	54.88979011253031	55.07349298916417	55.790289240453845	0.4329466378846652	55.51984179045704	55.82087247486753	56.10130024359067	54.857709113671845	0.31100837834032713	54.68027152881614	54.875653616000676	55.07882383671152	55.864526830495336	0.3523101401304459	55.66693587843379	55.888021243929145	56.08976700806076	54.834193581531416	0.21481428199634114	54.706673045729964	54.84651009518714	54.98959065900545
1680000	55.92987617772456	0.5174894033974057	55.60012201064078	55.91950794297502	56.28060597005269	54.92126967208141	0.3984711193024902	54.66884334740669	54.93133446659493	55.18084000978234	55.91525524933269	0.439381162851259	55.631589246772194	55.947111525017036	56.20655053663808	54.89005765864708	0.2989759287130754	54.70500897617546	54.900642912411925	55.09771720130574	55.80620941086771	0.44001036247054476	55.50873142583359	55.832047688534196	56.109487234108784	54.881153870591	0.3096310013761252	54.68243821628697	54.91182479786591	55.10404470933179	55.882261876198655	0.3400125578547481	55.6802211207412	55.914345646598264	56.09860097279767	54.8572184061959	0.21988243752268155	54.72217641849235	54.87997973857192	55.01472101091396
1690000	55.98894399801024	0.5224571477542924	55.63066916970274	55.99066486966393	56.334817644836384	54.97653192984505	0.40614949801292055	54.72534614174593	54.98508920424845	55.258431771218504	55.977590870387694	0.4425858057447157	55.69557758182763	55.9930385907143	56.2743020419883	54.9411409930151	0.3101589719605509	54.756448313467644	54.95811512582965	55.156884728129796	55.86063506257902	0.42584024651473484	55.58333211193995	55.88074954365521	56.15534898966365	54.940906394184736	0.30886085395158835	54.751192278288876	54.967983597019185	55.15564959195003	55.93443265839362	0.3501639687839446	55.735291846758	55.95801429176397	56.158101859246884	54.883330952428174	0.2208504168800349	54.74809405612281	54.904384572854646	55.04070876466717
1700000	56.020424552777	0.5140988487944074	55.67624705066889	56.02599361431725	56.370191188118255	54.98216731744801	0.39869397737274515	54.742563452815006	54.98513224502766	55.25513572607963	55.99457844292621	0.44625380222643984	55.72625060432122	55.99390185256192	56.2928077962435	54.95836418057325	0.3065831967905224	54.77804297530126	54.97956908864648	55.166813494455404	55.88980516838902	0.4275047904660038	55.62421878088941	55.9151287628233	56.1776316194285	54.955456356391416	0.3032566152511089	54.77288677624138	54.98171892329823	55.16375307796895	55.94966809308255	0.33519622597588433	55.7490423612225	55.959890628617565	56.17289474644604	54.93562509002185	0.21364265372707958	54.81753680701292	54.947687975247135	55.08228775819794
1710000	56.087418404199056	0.4928248263809819	55.77219678289119	56.091743533732284	56.428944017188364	55.0585845000864	0.3823306995525075	54.81349265966704	55.08813031642631	55.31920510690532	56.06702389192906	0.4238176029096215	55.80661922165967	56.10211694350144	56.35159131436777	55.01815604222475	0.2814502715143044	54.85173248664773	55.03313074077215	55.20101244221413	55.9623829710598	0.41852627505100937	55.70710658972341	55.99061316604936	56.26503082751649	55.00396012902427	0.2911630642166601	54.834882963532294	55.02823916442826	55.20446902663686	56.011968272906955	0.31598207744018086	55.816170118327406	56.012523978654706	56.218213764250066	54.97611410373084	0.208826378939936	54.85484734389091	54.9979977659261	55.123923094642606
1720000	56.105065498530635	0.5017758372143404	55.785276581240176	56.10413518339679	56.43988773797275	55.06736751779187	0.38638654658548316	54.819178895732506	55.09434491759666	55.33331642699839	56.07190442266388	0.43441272160121525	55.805971483923315	56.08725609339241	56.36482488514703	55.041535971459204	0.2929926468560886	54.86583839965694	55.064630382383086	55.24421702007903	55.96199707458717	0.4219888841275777	55.68657032771416	55.977851006284254	56.25106220889511	55.03619622983871	0.2848938291463122	54.87458989810235	55.05915902494829	55.229430175728325	56.039043210912325	0.32712745987502295	55.82333911443236	56.0532994406459	56.257356678473236	55.0142816841898	0.20319388081525552	54.89802895788561	55.03672489241556	55.15204879143382
1730000	56.15332199312268	0.4984039191134266	55.81775783673934	56.1734339380304	56.48935110137761	55.15141299344201	0.37630839004705985	54.91314757895825	55.17568153030169	55.39989553036992	56.148503465906714	0.42454073151155225	55.88760392869722	56.17956661568	56.43387492048993	55.1187180418624	0.28912669657860435	54.94229898030545	55.14138736680529	55.32019112283933	56.03394475970285	0.407819418420777	55.78393989837246	56.05003376842033	56.32353367902676	55.09721573770867	0.29387732943928624	54.93738008918323	55.123702391801174	55.29258173634429	56.10297065777991	0.3217723175298852	55.898096492783175	56.13254189082926	56.338380464331145	55.052685888122625	0.20576515540913248	54.9247115602566	55.073111411546435	55.19319566610129
1740000	56.18306765349758	0.496462524214031	55.849965038866515	56.19451677653492	56.532058302136875	55.16810412685371	0.3810029705176091	54.92446351626244	55.18688999662698	55.434182602085876	56.17099096297687	0.42751475203712264	55.8907843828281	56.18340630209774	56.46729144271826	55.12854259628143	0.29786590987631456	54.964039477752465	55.13819944393123	55.329384793448426	56.06362631701107	0.4049905102341678	55.79576255459969	56.07287029501376	56.34509144804526	55.12385613803997	0.3059162479609952	54.94115311463428	55.146103132213184	55.34373748434578	56.12003359039288	0.3363208341639234	55.91168136803596	56.13740344659854	56.34130919129001	55.08568023766527	0.204117522012729	54.96667819067821	55.105723989984824	55.23424101447506
1750000	56.188240994420156	0.5025804830592585	55.861195386008106	56.18953005112749	56.53085017240627	55.21000967413655	0.3948541543535595	54.95931705007464	55.21358324840927	55.49837826698586	56.19485358439862	0.4333119383367271	55.93050867747257	56.21094539592767	56.48196855503112	55.170753476624014	0.29403921953654666	55.010913155493704	55.19382568433723	55.36310243731471	56.07703916512655	0.423821310798341	55.80693737896453	56.09893628160614	56.35942091216827	55.15952030550266	0.2891182266879368	54.987269240075264	55.18681356209835	55.363751518877024	56.156411258677956	0.3274756288572239	55.967877137299055	56.18222447975751	56.374289135427475	55.131744971879506	0.20218069444085862	55.016511424850705	55.150748383190034	55.269334992031226
1760000	56.262627934565735	0.5107371593775188	55.922559880882034	56.26968694404951	56.59181714700327	55.24529195023233	0.36725207638051577	55.015890653877015	55.25568252898654	55.50092269935881	56.24004330505549	0.40935852458209865	55.98717796326718	56.266561311964985	56.51756373384051	55.207054084519875	0.2936030519373572	55.04541814474317	55.23128365852012	55.40220432635939	56.127503456123684	0.39717701987143256	55.892409892465395	56.14585173541211	56.40421326069058	55.202543911617546	0.28294919147398784	55.04791452998768	55.2277536051769	55.39419337806604	56.203991621818204	0.31155124333395995	56.02244888605382	56.21996839023896	56.409772379465856	55.171580809904825	0.20948869958388994	55.05245452477883	55.19513025111629	55.30338375622693
1770000	56.31319061222346	0.5150696630483383	56.017440576355376	56.33363752012801	56.65245936385887	55.28351680929134	0.37809972892948096	55.050143689830676	55.29690499367938	55.53685396691419	56.29380715529167	0.423350591132008	56.03639767404444	56.309810121677444	56.567757531280634	55.24334274900201	0.3004279662522179	55.057724011692706	55.254096203071384	55.451365262033256	56.18444814585636	0.41175888613956324	55.9541597994574	56.21063311570081	56.43906545128189	55.239367844042626	0.2929177034341913	55.04387127072215	55.27940012212741	55.433153566305315	56.25059339764713	0.3181267710704496	56.05881413608134	56.27023130389746	56.46919450374284	55.19615823123256	0.20595198543862414	55.08668180838647	55.215893191587824	55.33643321506379
1780000	56.32691813671269	0.4957495836913692	55.98963152002551	56.34160573851031	56.66237784675718	55.31768400773415	0.36985786772664514	55.06883490373757	55.30645626764587	55.5810473613558	56.31711064825024	0.41621276977188987	56.069704878820076	56.32672268910121	56.590276291330596	55.281057960755895	0.27924565151627273	55.11032655925193	55.29863760948949	55.4605779287286	56.197822675752015	0.41214684723439676	55.93038791106104	56.211639945293385	56.47117678186275	55.263694397765036	0.27780082029503106	55.106937378510466	55.2832635228668	55.444951994405784	56.27584165066907	0.29515866386786704	56.09845715584274	56.289535759151626	56.4611591874481	55.229603729134766	0.20972713404506246	55.11711333288309	55.24908459561051	55.37414857962348
1790000	56.35006487152038	0.5168765606680599	56.01163516237417	56.36523924935001	56.69893137742231	55.36062049033692	0.38962575461576526	55.13677032665563	55.3808010430558	55.61872622353572	56.35679456762575	0.4266882915700339	56.09992157554699	56.38306277936335	56.65840808050825	55.313875402577175	0.29037192726604927	55.14604764787546	55.33959578604754	55.50630211000602	56.23497255929918	0.41706509594982627	56.001221635947786	56.274849774725844	56.51996122981073	55.29828683897245	0.29617022243112584	55.129998700000584	55.32589393123759	55.50188494449269	56.304554602388464	0.3226856736491282	56.12244282720982	56.328055752456955	56.526381824840215	55.27372893736249	0.2112806927114245	55.15606461440938	55.297052098788875	55.41020271787282
1800000	56.403036904748085	0.4949571631619358	56.06945427042213	56.417543527028954	56.730279270095565	55.39616763397312	0.37412164182824637	55.17567193619554	55.40605239276518	55.63906778934896	56.39268564553282	0.4210257075983294	56.122640846758706	56.40344647351196	56.66938452473242	55.35807591594906	0.2736294905197664	55.193729108364494	55.378520292536166	55.53372902206922	56.26962261994212	0.4069134921965902	56.004868289408584	56.28264660046975	56.555710286733245	55.355298210792306	0.2680978306311117	55.18842505250317	55.36283177060733	55.55321336170913	56.36532246632788	0.30945511358453537	56.1637518833726	56.387050024717055	56.57676823389096	55.31917437128512	0.19205018414551434	55.20980758588148	55.32836474604174	55.455351335648004
1810000	56.42884478130393	0.48901572050083025	56.10829990965243	56.43865504428207	56.77346609901	55.42148615569307	0.34565838294453705	55.18095629645177	55.43186580571981	55.67321556564159	56.42025282951024	0.3982891271457534	56.169935188892275	56.4515500439945	56.685159372495306	55.378279681156236	0.27392236978464535	55.21807173987163	55.40220478740358	55.57729552623885	56.28833895968601	0.3929266094074712	56.03554644355725	56.320540259643195	56.56643814106629	55.37142301527418	0.2685532835192238	55.21036244707954	55.40007326473622	55.55534207584826	56.375009734684205	0.29757077769791407	56.1883830534653	56.378233274055276	56.577485917078505	55.335236055012224	0.20460900202469023	55.224271047893374	55.3584232048222	55.47338742854714
1820000	56.48093474979587	0.48443503636499197	56.15735547923328	56.49683124055028	56.80868342252725	55.47331728436738	0.3626403902932212	55.244612339383906	55.48894165937548	55.72158928307773	56.47005188810356	0.39876763697438705	56.222176563835845	56.499969055670945	56.734172505859696	55.42582140773221	0.2798465531132883	55.26571509594655	55.441666685826696	55.61837370522201	56.35343613580109	0.3876271036517807	56.09710231997222	56.37925167987834	56.620201339720595	55.41031591961989	0.26509902391015605	55.238757028718375	55.42018543988979	55.603363578888505	56.419549693451124	0.3028284408314282	56.224341785395595	56.440438078563886	56.62863094669727	55.37234052440765	0.20230775111647736	55.26484664587176	55.394403088741115	55.50814257701963
1830000	56.47586965761037	0.47825975720868785	56.16510136338807	56.48710448929897	56.80682067216853	55.485174146661066	0.36876421884539107	55.26857483130386	55.486488447352045	55.73532382362015	56.49155763829117	0.42375850490859657	56.247128429206455	56.51593475946407	56.776872868078954	55.43964355606105	0.2777422336405438	55.289862247133776	55.465020902560255	55.624283424059975	56.35960070183035	0.41405263936905046	56.13640108519375	56.402309080248685	56.622158975946505	55.440893939794364	0.28323333189779987	55.28841712660826	55.470699808640546	55.633118824247575	56.43833928947938	0.30625288283747587	56.27103680596862	56.46173436665873	56.6533477195991	55.400526979409534	0.20203692352942465	55.28064016698771	55.42518652069003	55.544721094962355
1840000	56.54057399355206	0.4972320844843671	56.21981892506733	56.55592118032223	56.87701920968449	55.539571157386426	0.3639000745343698	55.31489779279903	55.54039912761141	55.77781895490202	56.53877295064268	0.4084115659801961	56.26735085768169	56.55273082006203	56.82016106709989	55.507105133383014	0.26723042307338457	55.33803218096315	55.52469687106536	55.69524752581664	56.41515783904581	0.39720296654345816	56.1717384395552	56.42292185051765	56.6768242927851	55.491188888905064	0.25850688060068777	55.331349075139194	55.51708491859172	55.660969872883754	56.49913527118571	0.3046874426477611	56.32421729214391	56.52608120346798	56.708863745628214	55.44276824431572	0.1941695985477979	55.32325908207175	55.45838171480281	55.58267917753786
1850000	56.59000418788159	0.4783345972929216	56.26065731468776	56.60914272837856	56.92900178910783	55.550890900082194	0.3634972841433244	55.317149169108916	55.576859166097556	55.80570683088252	56.57404155910286	0.4125307208531911	56.29813708203079	56.59017947818997	56.84601762491401	55.52527474855861	0.27655524158690886	55.365500000487756	55.547667728571625	55.715393411999315	56.44238923850876	0.39677565680552546	56.184665119065855	56.4729757479012	56.72555580555693	55.51305398270808	0.27818514681691914	55.35839001488601	55.5422756012728	55.69834342643891	56.52153078553897	0.294889128398342	56.33958989130608	56.53576250391701	56.72804042658243	55.47182912644207	0.1921328902359345	55.37016167177629	55.48700892252481	55.605608321533175
1860000	56.6130115174343	0.4785639462208945	56.30729715799299	56.611349295012516	56.93477224085511	55.58759234587693	0.3721432264239396	55.35754183309439	55.59894768400196	55.83953937717123	56.60110801495366	0.4066577189059112	56.3541930722985	56.622608493017374	56.870492137389526	55.53986453471949	0.2768108818108219	55.38540990766137	55.565596964493565	55.72993312772512	56.478799037903094	0.38447033308084827	56.236419592718335	56.4963625003128	56.73146467375949	55.536092811947185	0.2728240799301299	55.38957751694211	55.55785017030685	55.71769687439369	56.545675969366634	0.30222421052303267	56.36094296392639	56.57009896833014	56.754195739483436	55.510515224950005	0.18483112636941143	55.403120555165046	55.53386717268984	55.63606376030571
1870000	56.65247859169945	0.4937944150776954	56.33556206922247	56.663226451754525	57.0019811455974	55.633627489667404	0.3446767474112249	55.41659454920541	55.631531439221554	55.86161192538161	56.632188780049674	0.3903476606935679	56.4054771634551	56.64019639656691	56.885893675786406	55.58554000655964	0.25463409240263757	55.41439835450571	55.5937692283093	55.76223549907796	56.50870006604322	0.38213179429784866	56.26955244626221	56.527505701124426	56.76523021606338	55.58055801297043	0.2587282109615834	55.43421157006594	55.60642064447149	55.761057912355824	56.5877362318044	0.29289439002912543	56.416177508648026	56.60069502623134	56.785199689316954	55.54708496294685	0.1888106855087171	55.4380638922271	55.565872670890215	55.682801148059426
1880000	56.65711316947025	0.4863252140035315	56.342114684371424	56.69391599595473	56.98027050139567	55.65337744539811	0.3656780836764374	55.4217463473949	55.65227828701309	55.90042479848652	56.656877120803735	0.4115792358201138	56.401307987144044	56.65961608610541	56.94290345065596	55.62137537047533	0.27958839928374807	55.467044476942846	55.64419250751622	55.810766261441486	56.532101145131904	0.397278288284041	56.2867018896581	56.54176697889548	56.823183209336335	55.60536397221359	0.2588813650280273	55.455106817843216	55.626666396796196	55.78735315382077	56.605780013193765	0.3003273705990149	56.431830274128515	56.62717049054446	56.8070667242109	55.56949674975241	0.19019196945426942	55.44946291784926	55.58760657030392	55.70152147687242
1890000	56.72423910506353	0.4549440646898704	56.424249406545265	56.744984945964134	57.02586236795232	55.71804915417931	0.33968417081957	55.5165269851852	55.73098686897486	55.959834498990446	56.707035456451464	0.38923941446739957	56.46588787546075	56.72933545413031	56.97649922479043	55.67430243652399	0.2568016662447386	55.530846450873625	55.69238022732742	55.839436798445	56.58721697606873	0.37855747156455594	56.36388245962118	56.61169333990496	56.843164030558356	55.66620875742588	0.2517419887058133	55.521433719999095	55.68829839372445	55.836358566791766	56.66918790439292	0.28074258631967836	56.49929568066722	56.68538717853734	56.85970846079398	55.60256888239077	0.1892002721198919	55.49914702501819	55.62442968115649	55.729736771186
1900000	56.77179232092922	0.4737288368910331	56.46495528087484	56.79367042760986	57.08971963099591	55.73960660969048	0.3462691954393872	55.50994247766438	55.74840933485149	55.976101222369046	56.747229101950886	0.3963233230757479	56.495763892188116	56.75857691067304	57.01154550307538	55.697574703138045	0.25444636223808637	55.547655219410245	55.71569826649009	55.864403422038606	56.619991958313214	0.3713874716207819	56.36988051911502	56.63966220092021	56.877428743521016	55.68962131345166	0.24979269830978967	55.54435874312418	55.709099357344044	55.86462760504951	56.68381649594177	0.2954202642083671	56.50458396850403	56.704236093791685	56.876758787273445	55.64094916918639	0.18384091874761913	55.53952035565641	55.655913889991666	55.76102148638608
1910000	56.748812172164875	0.4656850573859777	56.424583326685635	56.76513593780314	57.06923841429908	55.72855626268641	0.34689037580649773	55.52586662908576	55.749813117086376	55.964608441846764	56.73205084689101	0.3840533730801592	56.499245638706014	56.76440471184029	56.99123660565832	55.705057133791634	0.2616466661044982	55.550389758975726	55.72347657222475	55.87601207816107	56.6083246411415	0.3705020403792448	56.38304364980868	56.62999554187989	56.86141409404999	55.70673023720551	0.25198553570097376	55.54741280528103	55.734073656602206	55.881876715043276	56.70711594238253	0.279638863065103	56.53986565878107	56.729099975450254	56.88870832611822	55.681052013362624	0.1799176303823833	55.57960597608327	55.6975508286597	55.809453790580136
1920000	56.79558898470842	0.47525084888589214	56.49931955578688	56.80232090762327	57.09862930839744	55.78262247194954	0.3369267522533805	55.56605226596897	55.79803384500569	56.00272103596928	56.779341118924705	0.3824925134637987	56.53882104082402	56.814728193828245	57.041548778765	55.75716480777113	0.2518136953763453	55.608235432839926	55.78015636876179	55.93042397184546	56.649543703346666	0.374103258037993	56.40198010130606	56.669630538489336	56.91051710366067	55.74937189887174	0.24662086263116023	55.606668434175305	55.77357565492884	55.91281484262593	56.74469895047272	0.2733507430997813	56.595806271904564	56.75960446715508	56.92421019239858	55.71076373200028	0.17549055478947817	55.605759268930484	55.721730799983675	55.831627939897714
1930000	56.808306283940404	0.4761728119989849	56.51096020766422	56.78469121863888	57.14427804708861	55.81753152260607	0.3437742991901632	55.60770084870004	55.83475184850194	56.04751087822261	56.81223941304583	0.3916504384776253	56.561959788152194	56.83402050458771	57.07223207116475	55.78935591652401	0.2553611387737875	55.64783664807008	55.811750490092294	55.95523248208163	56.683746700668245	0.3742215296533971	56.44547832060052	56.69753356871082	56.93175487083914	55.779553948301775	0.2459995640113814	55.63339370754493	55.80607541802344	55.95267648042328	56.77661406512434	0.28372342433807257	56.5997998209202	56.79102001132715	56.97406068908827	55.74749567481908	0.1678657433740001	55.64778311345287	55.762876801981434	55.8623561026946
1940000	56.86852706610778	0.46185129450057255	56.57747402024906	56.892890156267626	57.20692312962021	55.86346229674506	0.3337824897417931	55.64325900668632	55.87009815983362	56.09124582999921	56.86816339787282	0.3808306083491893	56.63214833036653	56.89544910625726	57.121418868025685	55.831387109066796	0.24245518097934776	55.68585528059444	55.84749853537298	55.99613514723498	56.743378662777026	0.3715859458480368	56.50893653242032	56.759012492479414	57.010752228853605	55.80977326240776	0.2439714047996806	55.65653030385209	55.83079200309736	55.9746312775429	56.819384349565986	0.2855552647474108	56.63824033389297	56.834339530820195	57.011805608342975	55.778210195215244	0.17075581724157285	55.68079426931171	55.79353356555876	55.89838661903221
1950000	56.89533156516589	0.46217904828095946	56.592202193556616	56.898636411007466	57.21041848026231	55.883483233133376	0.3417512155406591	55.66890638347378	55.90815574992042	56.1195861522212	56.88491814857173	0.39000845501534936	56.65730963287412	56.91395244041976	57.14393816638098	55.84162724350468	0.24962108078106857	55.70585424311679	55.8610601404895	56.011111198644514	56.76323147124108	0.37190834383710586	56.539086807312174	56.78099536094446	57.015253845956735	55.83693991745758	0.2441106937699241	55.69015221363166	55.85318025168816	56.00574724452862	56.83823104414833	0.2788273703534732	56.6630772203391	56.859781942806904	57.02538439686422	55.801885023320736	0.18008466463827033	55.702200004045324	55.82099205245624	55.925122908373794
1960000	56.935495027299936	0.4924724362900845	56.60252338705785	56.95039844722783	57.266294617045844	55.92489392598959	0.34954679205281436	55.699916866181724	55.945496076718875	56.167094458495114	56.92049347302747	0.39863309977442285	56.67795114921267	56.9274056565902	57.19648898295366	55.888968944893236	0.24560819410293025	55.73755957896391	55.905899897119085	56.060746555765974	56.79251518986872	0.3826757740904944	56.560755295062606	56.79201995038474	57.06271688601835	55.866341409028536	0.2449247292564837	55.7223283229071	55.88489372278687	56.03952201518614	56.87651438739032	0.2758860950958355	56.71333796571578	56.888813500439134	57.070731114272675	55.83170168986684	0.1770184349599198	55.727240092038656	55.85050696792392	55.951486407472515
1970000	56.97974414549853	0.4602186372141038	56.70452261676832	56.98295144279848	57.28350647942739	55.955448041680796	0.3389031973224068	55.7474519983564	55.95949045232595	56.17936124226374	56.9689597513117	0.37608315778695595	56.75070387664698	56.9667218793177	57.24560747798425	55.908905046969466	0.2428295787503911	55.76550393126475	55.92026725227098	56.079290472531014	56.84466179713157	0.3630012674219393	56.62141919378266	56.85790053928139	57.09752441656231	55.89262298247273	0.24892419583838962	55.75306491744601	55.90604571515274	56.066394814720674	56.91330474594542	0.27104142590339253	56.741767841445956	56.92882466757487	57.10206424660063	55.84903003655664	0.1774375793662413	55.74715819168805	55.86220883306147	55.974758939032505
1980000	57.00967778813833	0.4759706671742295	56.71605419216697	57.05013799160088	57.33824988051162	55.97634604968586	0.33633614795251265	55.75323617536615	55.99950964149384	56.20382418441289	56.97911732125307	0.3801229224532897	56.74157673709463	57.00585218767948	57.21924374683972	55.938751134093714	0.23355222601988865	55.80242553075579	55.95608563746799	56.09820916413987	56.858591800616516	0.3551302375041315	56.62110078077013	56.88606554320226	57.10414348564027	55.932838646469904	0.23160128659344062	55.785395591839354	55.954125265477096	56.09209416543691	56.94562012306546	0.25771196791085854	56.78586530889706	56.955586591316134	57.12264131784407	55.880764350207585	0.18361813927936999	55.77700688327076	55.901131970159156	56.01300470109811
1990000	57.036757090560464	0.45937260708266026	56.72647145212596	57.039851463592235	57.34904217163205	55.987108174988094	0.3348026032441517	55.75618337434521	56.00672264668779	56.22342489118678	57.007777355657964	0.3683832420914511	56.76163249676689	57.014490394469526	57.26544246813009	55.96943248933286	0.23428363144426337	55.83505362278427	55.989023337625476	56.127808848297065	56.8830135096089	0.3489591681900445	56.66415899642768	56.89519545872393	57.138364437742574	55.96560016425801	0.2322437289416806	55.82894815725534	55.986555149286474	56.11884147354029	56.96677660139742	0.27299131060778453	56.821148637565464	56.98997802628814	57.145364709614576	55.91167385970613	0.1816417173587781	55.80578813377447	55.93393821788405	56.03709673939699
2000000	57.071049378120634	0.4712019339847316	56.762700680919686	57.08258576358745	57.38784678555193	56.03676743168233	0.33769250601796535	55.8279461452519	56.04240956715443	56.27234313435982	57.04224509707268	0.3824362956187432	56.80765789948574	57.051373601382494	57.29561593254995	56.00070943587134	0.2345110445856455	55.8577106356951	56.013892890193674	56.16396777023556	56.916570461177464	0.35798771974687654	56.690999504652346	56.93299298511569	57.170341875956915	55.98101326969997	0.2351603663509765	55.83821286070377	55.99398954885934	56.14519919414268	56.9878625324957	0.2636506620695069	56.81579370539755	57.00828115331221	57.172051218431534	55.94696472652884	0.17472059657505248	55.832852966968495	55.96442874001968	56.076426980169316
2010000	57.063618995926944	0.44533360402144506	56.780110828197934	57.076524717122254	57.377054135941705	56.07683497549029	0.346194240069385	55.865556869322646	56.0868114572222	56.312203608136095	57.08730321098952	0.38381891352633096	56.84595309856043	57.103095306723304	57.34096408274854	56.02776524652741	0.23354095548842194	55.882852929609776	56.0431328074676	56.182764324320125	56.94796666674071	0.3734159992542069	56.69521394214597	56.97385771921678	57.21512079273584	56.00746546917735	0.24078377275389654	55.8650470381502	56.02914313306529	56.17651792698846	57.02793583077235	0.2737726676131081	56.85220813650517	57.04435060935431	57.21640908598616	55.971769056498424	0.1694967845269613	55.87250134580031	55.98536326025361	56.09118365373986
2020000	57.09701502833235	0.47306651607428357	56.80687169466538	57.12056929800034	57.41426316964177	56.0921163559988	0.33375055950167226	55.88768974783811	56.10277643584266	56.30967300235858	57.09046731203427	0.37978059833555006	56.86932106406367	57.11400928981226	57.341594030464144	56.046260444597834	0.24065955467783468	55.91227697588548	56.064132430550586	56.20175207581499	56.948128824167036	0.3635673064793218	56.72024696356554	56.98157193869753	57.198616687588384	56.03771274769333	0.23984904913249583	55.890713321131784	56.0643023006821	56.20941679206847	57.05380894642221	0.25731240720525467	56.89488698429551	57.055334600551475	57.23727308042903	55.996235507762975	0.17547159190504047	55.89656029108795	56.01086697791684	56.1249217386316
2030000	57.13191747333501	0.4370178750314118	56.85110772433752	57.12362481668336	57.42509215535082	56.12387997452207	0.3195514413151526	55.91032768566113	56.12765102391788	56.3521137236915	57.12104288404972	0.349043882325983	56.88827067774076	57.13628655065524	57.37642719668656	56.09267334495823	0.23231639202670523	55.95555982748944	56.11497824029093	56.251572071387955	56.99595635347293	0.33316592684409735	56.77539957606322	57.0026586161388	57.22537982106001	56.07709011825953	0.22370847962718313	55.95516535954154	56.091906095227955	56.23452114284868	57.09531016569901	0.2558304867352771	56.934917957965524	57.1167164502598	57.2771095047266	56.024585623963134	0.1677145425491189	55.92748637115142	56.04495023575255	56.13901818684367
2040000	57.15662882641524	0.43353307418823495	56.87156810616703	57.17395378238385	57.45240974996342	56.15209285459769	0.30609081033535324	55.95661540688381	56.161628107730905	56.3740285829009	57.16057824952663	0.3441972894734078	56.928479070569345	57.175198770993575	57.40740398737848	56.12684203619962	0.22251870174506888	55.991172336270395	56.13881590189711	56.27786635198966	57.024457407516394	0.33443074258235755	56.81951754599581	57.03841279963075	57.258272459621494	56.10530619492489	0.2253803660858029	55.97638192675695	56.122235005945285	56.26103954591679	57.125170739453075	0.2553444559939395	56.95780051329765	57.14202886348273	57.30442100952077	56.059809895235496	0.1622885698105365	55.96631179683738	56.079212072699434	56.17074627329785
2050000	57.19928296341962	0.4608447039498586	56.897214169318225	57.25106457463579	57.515659356262844	56.16952757222538	0.32537417859738293	55.97690568162107	56.17959694680809	56.39726352371307	57.17587355239905	0.3637904437010958	56.95168074119871	57.184936049399155	57.43936029586771	56.13556183484349	0.22538290749467255	56.021766264783366	56.15682239721601	56.28747297038858	57.04522741196548	0.34917813193257874	56.82321590008892	57.06172939772111	57.294496253612	56.120876080610735	0.2211919727419905	55.9913577474476	56.13205744570874	56.27572805105176	57.125242167362536	0.2633722938539567	56.976599740497356	57.142427297084716	57.30320356400086	56.08633099895839	0.16165049407610885	55.9898389607869	56.102569936562034	56.20053796881024
2060000	57.20906338640727	0.4641447942958162	56.87624202713178	57.22625581728667	57.54068614642676	56.20416887160181	0.30949342886721154	56.00591002227724	56.21189346760005	56.429457009923425	57.20675860262737	0.3488340574443619	56.98250175944783	57.21995043506344	57.452144357811015	56.168033747776484	0.22246576757617523	56.03816287871196	56.186087677714376	56.32688249441227	57.075128375686354	0.3400693726318482	56.85239484008347	57.10012092231237	57.30558853416322	56.154716737586156	0.22332871266433774	56.02530532813063	56.178645611176904	56.300172519154195	57.16602726791089	0.24377473544933084	57.01300966331209	57.18542678590809	57.329670514082935	56.11884932119758	0.1597039605601038	56.019373067787164	56.12998067554618	56.22952890925441
2070000	57.26702889117671	0.44778361982806736	56.98582319925355	57.27905917173102	57.56247170355308	56.24883306221654	0.31702739035036187	56.04878457430172	56.269942188774486	56.46818648920546	57.2509187808786	0.36019222420629915	57.039058382380354	57.26794121266376	57.491563067758385	56.1945815296225	0.22000011591306545	56.0732263131125	56.20993854645474	56.33777342486094	57.117786114365074	0.345902673344357	56.88856956116471	57.14239009979232	57.360919465220036	56.19379956163868	0.20833524811965426	56.06555778937327	56.21379496485405	56.339655737806254	57.212934700757955	0.24710201490800332	57.04834886310686	57.22121983577398	57.38917130249643	56.142024254392865	0.15810651445912322	56.04741589550123	56.14788462216008	56.2514505887484
2080000	57.27049443875994	0.4370464338007044	56.99001197203738	57.28795099243579	57.56915513465569	56.26349719895189	0.31161976120446105	56.06354636375731	56.271599730091964	56.476585873312615	57.26807633527276	0.3514099904361127	57.06936353762125	57.27826232531608	57.50325922012532	56.2135817964479	0.23198640702330614	56.09395664535754	56.23641056647126	56.372151190357236	57.12814338639576	0.33824834816181526	56.920465162558365	57.14685067414165	57.359447794428284	56.20234199301043	0.23262603750950542	56.074528999840986	56.22246037274021	56.350679502891374	57.213692821748	0.2580772717965121	57.0717255716562	57.24103426947684	57.3752461092749	56.16911139474403	0.15995160042335313	56.0672294964655	56.18133028770923	56.28777841659211
2090000	57.27971934008452	0.43896901024787177	56.9846992985446	57.273572442467184	57.58773310405168	56.26747095982028	0.30719247491245305	56.065389615698976	56.27230624355428	56.4831490916574	57.264626091532826	0.3508307511818385	57.04639887776991	57.26969203421446	57.506577062207185	56.244584970281096	0.21992000083384636	56.11435987184585	56.26108314492285	56.394857253718214	57.1285049536657	0.3425435962321422	56.90539251489488	57.148828710547924	57.35926903642758	56.219758848736824	0.2193522952189546	56.09466414503274	56.24032789193133	56.376000506641645	57.24259340037638	0.24769289825694946	57.102495575630314	57.2509149254938	57.405781597120836	56.19512259640166	0.15409627399266881	56.102113430257944	56.20953382905241	56.305763760154406
2100000	57.3354893144918	0.44915743875202035	57.025145242151325	57.33759393917619	57.63604187194095	56.327582400146284	0.31020287996545337	56.11870372200302	56.32600659730487	56.52648270096476	57.32733005484744	0.3506502136623813	57.0972929012192	57.33072740716507	57.54084157256206	56.27626427470325	0.2166351471490691	56.16752821355973	56.28962242791704	56.419060147325645	57.18738270594231	0.34505263722084883	56.971875660232456	57.20320425242376	57.424187984561016	56.27547963463724	0.21604872743648965	56.14248310410876	56.30191684481306	56.423795820071426	57.28018971718406	0.24808225256731123	57.14009245735499	57.29279953530116	57.439253934310834	56.22890566039793	0.1548840085305464	56.13831249148796	56.24054801492952	56.33236758150544
2110000	57.345527721929656	0.4538222966818608	57.059202250153554	57.33706473762361	57.64607853790285	56.32011462051022	0.3122546598492404	56.13166960212263	56.32358188895781	56.52296837062169	57.32207752941336	0.35400940869815395	57.11217699754798	57.32410378410309	57.54836983676335	56.31213790099154	0.21520318538135744	56.1952575044357	56.33323102909496	56.453657374918464	57.197167272783034	0.35045743356545217	56.976067585443545	57.22210780030502	57.42837815328921	56.2932243745658	0.2150975573560565	56.16869152062454	56.30829820579241	56.45089856271184	57.29435365305506	0.2579612714596596	57.14026890940096	57.310297919148276	57.466240041154634	56.25614369641999	0.14932752683529762	56.17883366222753	56.275908097552275	56.36089040672983
2120000	57.3644251633376	0.4188331241317245	57.091581080008865	57.37211912911137	57.64659814966451	56.35526585912936	0.3069900324021696	56.15605038258725	56.368284081548396	56.55278402244529	57.348114412451835	0.3420115547215006	57.13425910269957	57.370353717782635	57.58454771036122	56.334707294893924	0.2081953846654503	56.21318456684314	56.34425069235709	56.47158803949374	57.219620771919246	0.33409924843388816	57.01241700210943	57.23708548259265	57.439408083111395	56.318010273933375	0.20481991257750798	56.19796068087769	56.33990871875683	56.465244314349704	57.32533157295334	0.23897374350538841	57.1783407484717	57.34787211566655	57.482093862379315	56.278557226970825	0.1544320607622963	56.19179006867389	56.30484914077442	56.386844348048896
2130000	57.388303801369034	0.44410268054276214	57.110196733863745	57.388356057167655	57.696554745616666	56.384498831528	0.29023932331140245	56.20609715540727	56.39014845374484	56.582701435463406	57.386121543593895	0.33391823491205225	57.174491984749004	57.40574995727452	57.619531656560625	56.360883036560345	0.19988545337048638	56.246360066146345	56.376552475978535	56.50077267243594	57.248756927312975	0.32232739308202435	57.056356603206616	57.262779051860285	57.47428475361379	56.351044976136905	0.20380726883238096	56.23755957880995	56.36637188963287	56.49524613392543	57.35555347734668	0.23158497914911594	57.21542410470585	57.384954175657114	57.51666861416374	56.29832709631442	0.1560346287039418	56.21382716963545	56.3221572316596	56.40836209567828
2140000	57.41987677129331	0.42945374012452714	57.13311925061376	57.42233225816566	57.718982616344036	56.42589974738924	0.3094419647608169	56.215601733770626	56.44033743037431	56.6479528828294	57.42435702224315	0.34673539169279327	57.19266753093168	57.44442958364146	57.661452935954586	56.39101352189639	0.1991136299995384	56.273517525149984	56.39929612762481	56.531387645745745	57.284485961061556	0.33836717902558106	57.062276059196506	57.29966134473754	57.527368380070534	56.38271662667369	0.20377091875990333	56.25384810687738	56.3948982226556	56.533352517355425	57.39101638387988	0.2340487721217824	57.24454399034417	57.40366030421455	57.55617527769215	56.32985236916428	0.15169570484183575	56.239422390228036	56.34852021522295	56.43792005770794
2150000	57.446632406245776	0.4334643094216319	57.16709442254879	57.47457369564044	57.73945664688686	56.44229548703272	0.304952916371193	56.25807518885886	56.4596927736998	56.64248707651714	57.44849760088563	0.3463025943213768	57.25406950936457	57.45746471507846	57.6858390228373	56.41491901173326	0.20984997220208662	56.29864981736878	56.43709535732654	56.5599495800974	57.30911502298086	0.3417869348299222	57.11074448608434	57.32532870835871	57.536598478407775	56.40968420438332	0.20252605684922126	56.293367392297114	56.42291935474934	56.548895125660465	57.41443138667062	0.24401290016306706	57.285407251559704	57.42900514191466	57.576428730940876	56.35770711116258	0.14841134582497112	56.26656556050198	56.37425235235844	56.46310470173252
2160000	57.49766560055143	0.4261755850725109	57.23581606670582	57.51445429841618	57.77915657953935	56.487509208352314	0.2922766136337549	56.30964165926551	56.50240971042696	56.686322599046434	57.49820810928751	0.33183395348798694	57.28783435405497	57.509653734472735	57.717882518470354	56.44763499558452	0.1965064462717922	56.32126704976705	56.46669706285645	56.586740504609104	57.353308948975794	0.31599015798613306	57.152964882317555	57.3786058299368	57.55895818083923	56.44136562895903	0.1938521532790448	56.3311609063369	56.45601585184127	56.569412415838634	57.4343921812667	0.2391777846479457	57.296961324539346	57.45211464020697	57.59784622373188	56.380841946391094	0.15509686857677946	56.293955194222605	56.3959033943135	56.478495378259865
2170000	57.49393001491075	0.4313613394140129	57.21768802455793	57.50387001463545	57.78555167557191	56.4908495561	0.2986965097143672	56.30967194987166	56.503858511657334	56.69780350812609	57.49083675374639	0.3306606180114537	57.28748107499039	57.513224109800134	57.71813985680563	56.459997061836404	0.20771884418038553	56.34847033502075	56.48051155610567	56.59939234661198	57.35649022620379	0.3284618543334988	57.151930275690994	57.373911321904785	57.58186706340527	56.456407926270245	0.2004625843637433	56.34118657858947	56.4770587159584	56.593438268495525	57.445731254523764	0.24418619933558872	57.29531568339245	57.46624661570086	57.62320980392579	56.406462419572804	0.15571149038354748	56.31435257222048	56.426663278260804	56.50972237865753
2180000	57.52990701015943	0.42617071336632323	57.2573733636459	57.54325541127497	57.819060047684225	56.51661733464632	0.3042085119418044	56.32780631250737	56.5283316959932	56.72453594246149	57.51633260315339	0.34533437112514254	57.30514346446729	57.516298306848185	57.754394997728824	56.48918192657553	0.2023640343214109	56.37857994039164	56.49808638918324	56.62317685722962	57.38100137061093	0.338871357514649	57.164662024109326	57.395837509304904	57.62176246095108	56.479285362131485	0.20394529572940212	56.358703650360354	56.50048128889542	56.6298147377503	57.49427227877655	0.22935169488261498	57.348908988962236	57.510838972311944	57.65220864259488	56.432218117296344	0.1440143632081192	56.34831839810853	56.44703122659452	56.537971158935406
2190000	57.51979637442809	0.42150867490074917	57.263029294006444	57.50951981497539	57.79628346119406	56.52636037422579	0.3035503892537816	56.335422469705534	56.54202669042171	56.74000531507771	57.524257196593695	0.33449839996472475	57.31103138438949	57.52927422911945	57.7601719904363	56.50795952303146	0.20042824300095916	56.39639634721134	56.5328363566268	56.64411922800003	57.38865923204966	0.3195686014203072	57.18279142703826	57.409914001569284	57.60767039671177	56.49503888396756	0.19252933280883663	56.387083810475545	56.51322853503255	56.62902889402056	57.497308708883985	0.22974699929945028	57.36938004817728	57.5162244048382	57.644727855384886	56.45947525974729	0.1415527703961119	56.384431265929905	56.47784697785327	56.559637639680474
2200000	57.573631590112974	0.4199254171188758	57.30067459970245	57.57041421835879	57.8682341044221	56.56775000204474	0.2972140441381847	56.382193679307804	56.58946362875521	56.765021664002624	57.56729659598574	0.3288609256619005	57.36608466371262	57.57489689089185	57.79122567877012	56.5466302998578	0.19111262293619233	56.427100824399126	56.56163527594103	56.68180117165994	57.43212723300811	0.3174838772873316	57.229523689894975	57.46057769164463	57.65951949081025	56.53699490960335	0.19979225510229792	56.42135053295304	56.56260672469416	56.68127975746274	57.54223404611237	0.23290367264947903	57.404939452750035	57.56105698395163	57.70281477701558	56.485204369709315	0.14153139249040753	56.40436982385781	56.50150560049471	56.58997879834445
2210000	57.60017489806821	0.44240771039308757	57.31228754189172	57.6111323712332	57.90086465806954	56.58499596591562	0.2881876109327519	56.40405189472152	56.59133988344548	56.77888790862648	57.59211262077074	0.33005850030743705	57.378442250533205	57.59529974094252	57.807912299018675	56.560524453474876	0.20096787622591197	56.44414186500745	56.58517138553781	56.69300393517634	57.44935038498799	0.31643529155595984	57.23947282531654	57.45562195965427	57.676488054503416	56.55113180879475	0.19220767372353104	56.44080441446543	56.56357521186651	56.683786440646074	57.5513456571195	0.2290441250637913	57.40890437672301	57.56351160179534	57.71955705831554	56.512498080505544	0.14331062837650574	56.42698201839296	56.53504965827679	56.6144506021938
2220000	57.62652735702482	0.42082875281147614	57.35254225639533	57.65267685176286	57.91026234078812	56.61511815741781	0.2824858030414609	56.439780150476686	56.62641432235576	56.80455199028184	57.62071481108153	0.32202102976334057	57.44342385025684	57.63165828992665	57.82411340822862	56.58815396609734	0.1867278972098402	56.47737893918644	56.604739164306096	56.71834765726945	57.476981616622844	0.31304654535911547	57.297335352617026	57.50038994710121	57.696702778306395	56.57487930882981	0.1884592208742344	56.47374084036265	56.5912785470403	56.696424245775745	57.58793608917108	0.2292275420521434	57.450119633228304	57.5962744664938	57.746582522538816	56.531433001519225	0.14505697923439806	56.45287171864503	56.55072213376576	56.63404864153705
2230000	57.65828048766435	0.4280492285525439	57.39036006747598	57.66808821671888	57.94814816045249	56.65128785322455	0.29707853634291875	56.47290621692527	56.671094265388874	56.85497194638006	57.644235676155425	0.3301415269239851	57.43726263741007	57.665913253797676	57.87332818628135	56.605528142010215	0.19225519034215582	56.49592959591413	56.623565091722156	56.73409353473131	57.507619487209354	0.319309093069728	57.30979126317995	57.53189700654575	57.73369856448869	56.60375880326479	0.20042693114880514	56.48920712858096	56.63539377510348	56.739658789145324	57.60582811492181	0.22928022390046837	57.46628170477645	57.623526982880605	57.76330967683054	56.54494818890281	0.14859034155996376	56.46017022019416	56.566482008164854	56.64805402512737
2240000	57.68479075822402	0.40461524139301946	57.42810349467659	57.684988167618855	57.9515839563102	56.68555409941895	0.29072485231639145	56.52089948086696	56.70128038087297	56.88732588603505	57.68250716364339	0.33405495785445555	57.48460607675166	57.70438614507215	57.90004199001985	56.646685219012326	0.18998641733235017	56.544091759850716	56.66732826496366	56.77386314075457	57.54767825724204	0.31362713292241695	57.35059887411527	57.56277075846229	57.759878406215876	56.63494639056142	0.18716832843135714	56.535025506868536	56.65504867035962	56.762109164533044	57.64301128049109	0.22316319065707993	57.51671347709346	57.66097213712426	57.788553501980175	56.57322693794724	0.14203316761456178	56.492463646426756	56.591651277290204	56.674301318657044
2250000	57.70112146891519	0.4123423948162098	57.42873443392617	57.71521063208803	57.987932466636174	56.690637798882705	0.2725368723751077	56.51898611014447	56.697588329923974	56.87751931432038	57.68558726265299	0.3040481380958753	57.479639551774696	57.700137594750586	57.88629012866991	56.66082241210977	0.1795488740191351	56.566231914429686	56.67973130360815	56.780572552234375	57.54689694677368	0.3005515957623697	57.353037940749346	57.56128255361517	57.76190347358808	56.64223092796322	0.18359805885826874	56.53274178017809	56.66269888560774	56.76348783100705	57.65321797578291	0.21662662974481425	57.50975511972221	57.663215190350414	57.7965865306669	56.598710814586056	0.1425897154009064	56.51800902918984	56.61719695809282	56.70143863344289
2260000	57.699364769272165	0.43355112848505023	57.416345446188544	57.7078894495194	57.98498536751165	56.70341885005235	0.2826607240609275	56.5151473402432	56.70805164589655	56.89713289053278	57.69709675619428	0.32986719085576727	57.49910776647978	57.72297596746212	57.915554020217634	56.68214752399316	0.18751308499627445	56.5708790648625	56.70390530544162	56.81223502999797	57.55656382808519	0.3225861272685158	57.35602859938395	57.57808813718023	57.77570374078597	56.66521887165623	0.18386346482883764	56.55762478015795	56.679754953776516	56.792183588812854	57.6744685513003	0.21986472989850125	57.53032509573585	57.6897528349033	57.82667211942146	56.621478394393066	0.14436225867433713	56.53388887430964	56.63435815778027	56.72424690871384
2270000	57.74986157108343	0.41288649018493606	57.478137859125106	57.75773571280668	58.04172404101884	56.735233834840194	0.2693274592752916	56.567433046339204	56.73997028103682	56.92274404194352	57.736204381195854	0.29672967839175135	57.54148875501304	57.74990502227875	57.94937925851561	56.69899052556357	0.18480823071423824	56.59526851699962	56.71670763246539	56.821997333056935	57.5954657111495	0.29728555658156497	57.395757875442214	57.60960158278704	57.80808751254926	56.69762653761228	0.19040522405280605	56.5925188686495	56.72064727687011	56.82879851796726	57.70041766768061	0.21852574442757536	57.558713015879505	57.709667813258555	57.851621058353906	56.635111171906885	0.14793039149276216	56.55373951752591	56.6475986446511	56.73696355779467
2280000	57.76300240473016	0.4163038134128342	57.487097503289704	57.77626486793528	58.04954514147801	56.73992989661064	0.28700922738895346	56.5657883771502	56.7499903957208	56.93881838035295	57.73823179016921	0.3167424396063025	57.54151467525204	57.7556645572742	57.9433099796141	56.72694784303091	0.19332187169766962	56.63140759048412	56.74471038337917	56.85616422606636	57.593318513581536	0.3080029126844154	57.41772820241557	57.60267470695161	57.797179024622444	56.709905338374654	0.19459592786681254	56.600791771345996	56.7310789141923	56.83453081275462	57.711230209463714	0.22468727351568035	57.58447847868039	57.73496532212148	57.85369920544795	56.65646065208758	0.14902161358465174	56.5745674220272	56.67233848839311	56.76106777295898
2290000	57.788473474922625	0.39233287969172054	57.53513894821948	57.789160089854775	58.06427489460946	56.76884957667092	0.28382465805780543	56.594987349707615	56.78131148694621	56.95577381820501	57.78164858653961	0.31287627355805336	57.58998795023012	57.79395385170717	57.99296550781487	56.74062519757609	0.1859383733921455	56.63884563906627	56.75569365120094	56.86791960945719	57.6301844046973	0.30755961490990497	57.44854225880689	57.64296458275581	57.836662536128465	56.73737296069276	0.18850966061633775	56.635689862771294	56.760773551353736	56.86537987696026	57.73193347521199	0.21996147949927025	57.59438298776203	57.74715981946977	57.88413997832071	56.67621796849751	0.14682543540860185	56.6011668376706	56.69477942005405	56.780067250375325
2300000	57.81538802369734	0.4084430237959512	57.55361156044238	57.813632467550406	58.08728377650447	56.81298539902855	0.270540348195294	56.64527999339158	56.82526763405008	56.99141161543192	57.82234781033638	0.3081292704449027	57.637488877448945	57.823057060936655	58.033518366584666	56.76708274038285	0.1790844347391425	56.6681728150459	56.78191694685831	56.89163306981345	57.67777694164894	0.29239706755838296	57.48826444457721	57.690783070737936	57.87899767190714	56.75828071106968	0.18494529853908945	56.667406786004975	56.78051228868698	56.87965014122982	57.76555282359492	0.1996879111159087	57.64717343239027	57.78353780002684	57.89694010162248	56.6991438344118	0.14020896082279607	56.61305418443529	56.721807649784985	56.796994666683055
2310000	57.858036481035114	0.4113358728379859	57.59195763381599	57.878392502798015	58.140008163282744	56.81490053141303	0.28187952549177625	56.639283625427694	56.844318182383304	57.004323987672215	57.828216747284095	0.3194607837045841	57.63476800561532	57.85071126229991	58.05095075116168	56.78537864801796	0.18338774205781008	56.68617806555361	56.80667639473599	56.91737670554344	57.68998660483256	0.3039853435265625	57.51493498364307	57.701260908403455	57.90558935572348	56.771444657846324	0.18308309856213786	56.67170705813467	56.79065048303329	56.89888535014013	57.77919003477967	0.21864145442362298	57.65441371661521	57.787468381422656	57.91760416328638	56.719664264072655	0.14065500850972873	56.636164943736944	56.738613484117344	56.82337423813651
2320000	57.86178219630428	0.4020475026723513	57.59478394966065	57.86694479108749	58.13515757687484	56.855863449788096	0.27217719551134834	56.67147111914772	56.867433010693006	57.03836390424396	57.859525416328566	0.3034918832658989	57.66557678980705	57.871488516486075	58.06845373887665	56.81514617761142	0.17938242599151147	56.71158869301202	56.83344120894731	56.93393803461433	57.7157894448234	0.28646107027688517	57.53474780113334	57.72910841605572	57.91072537213141	56.804815333185225	0.18016418761891456	56.69463838796247	56.81760415786914	56.931435226142945	57.81430117529607	0.2080586229986117	57.692638233370786	57.83057409921463	57.95859774934607	56.741425929675685	0.13603836939304917	56.66311282497606	56.754755114247764	56.8396663084202
2330000	57.86143852116149	0.3721913856421601	57.624533309741	57.86711969883888	58.12153644025495	56.85475881187115	0.25797513965904983	56.69802939901289	56.866192982859985	57.02261131775447	57.863413116216805	0.2916033618711096	57.68664703403267	57.87344652788585	58.05733602677962	56.83650576568663	0.1711627368995184	56.73961893308993	56.84818433298789	56.94920538481625	57.717259737003445	0.2853568074298996	57.535623717432436	57.72070406623743	57.91552761076166	56.82819266220366	0.17058019913517308	56.72654201296564	56.84339747561506	56.946571143252584	57.82681674455742	0.2030687938369938	57.706710744721235	57.83569261973825	57.955850150456385	56.76165863686903	0.13372170099658887	56.68540669690468	56.7715456200515	56.85651350144043
2340000	57.87613400472779	0.3989490479117254	57.60311164707975	57.883466857043246	58.14944371811859	56.87902480472372	0.2739652365902726	56.69860143936691	56.898704539749104	57.07295942806279	57.87080015643462	0.30819559525791457	57.67696491310694	57.888867398608824	58.07488841224068	56.85312475582639	0.17535945399630026	56.757058212299114	56.86804938428246	56.974163635160664	57.73550335850161	0.28998893342675597	57.55580248089157	57.753773343327424	57.94077485362183	56.84462688960047	0.17663193522987083	56.74473149729104	56.864266852607365	56.96885494461791	57.8480327899723	0.20806196002727476	57.716859192711425	57.87586099291768	57.99047273539621	56.780550446741444	0.13276999348725196	56.697968294961974	56.79781813694497	56.87806665320253
2350000	57.90331993364315	0.4061069610423682	57.64538260426708	57.92128441707406	58.17840094143039	56.895900149380466	0.2728586836278425	56.71703854455963	56.91318240238403	57.10412641565055	57.90191549442697	0.3075248980041187	57.7202919062423	57.92081865351537	58.104715244962534	56.86565065281049	0.1742079994458649	56.777437530617505	56.88545575714191	56.98042293696483	57.75601548715033	0.2939432288289223	57.57813371162267	57.781033235220285	57.95470517006786	56.85633456189639	0.1797580718819269	56.76402791522155	56.875245298475704	56.977004067555	57.862598512752726	0.20591315302966276	57.74294646433377	57.87972113725619	58.00157041089695	56.802029398422704	0.13713997399957323	56.72470188040731	56.825097362399134	56.89917134294206
2360000	57.94301476962131	0.39591799976732867	57.68171983690247	57.95421307472772	58.20444824361287	56.92043800337785	0.2654361687666114	56.75044965504458	56.935190639257186	57.09952006153309	57.93267367818203	0.2883722148132908	57.752188327677516	57.946193570313575	58.13080542625781	56.89456192966272	0.17395454558289192	56.797511548137464	56.918149632157636	57.003804903783994	57.78314321209214	0.2808592810017619	57.60480598193681	57.80231360993578	57.970828181294095	56.88785325333162	0.17589212325488063	56.79955457538726	56.913412573064775	57.00310603054922	57.893218159892726	0.20843455899115118	57.76971856895048	57.90601492162559	58.04071814325275	56.82012777331027	0.13289292862273164	56.73579788523028	56.83725808448718	56.91766428231921
2370000	57.95077278725238	0.405865181935874	57.67020139732598	57.96712888188924	58.23326166746854	56.94345747566374	0.25574907701345256	56.78167764760252	56.946481368779345	57.121572401799725	57.94390359033818	0.29263828330373476	57.7624013408414	57.9609405035975	58.14112845351506	56.917883334192176	0.16437610752684284	56.82279835849316	56.93187283077331	57.03052405380305	57.79654253241402	0.2785676336867002	57.6255777291506	57.81405062100024	57.98616535118619	56.91627323821341	0.1693324295305751	56.81970239041843	56.93605836188814	57.038838706186844	57.92002115951401	0.1957907518745159	57.795334417403026	57.935174025976174	58.06153869197617	56.84251377422866	0.13300369805947185	56.76162453598204	56.862661274441564	56.93461156595644
2380000	57.969288336334905	0.3844166555477531	57.70605701996765	57.961311401912134	58.2450049950761	56.94692479448686	0.2537547121492053	56.790655429858106	56.95898856707768	57.11691328276278	57.959038326846816	0.29103745772548645	57.77526415252106	57.97182143153426	58.15077169904753	56.94741799575008	0.16274063211896292	56.85259120754948	56.96158471650822	57.06377779273137	57.818983590179315	0.2784954115928407	57.64110772407224	57.84599250800392	58.007108155546945	56.936863440250576	0.1696494961027889	56.84710283250801	56.951293595240784	57.04956445091942	57.934777197590535	0.20296062541956136	57.81567128816424	57.95309031420908	58.07741398165067	56.864351688749466	0.13387573414221438	56.78459091728344	56.87664396332909	56.963373606372166
2390000	57.99058920103892	0.38202552608012225	57.748806517630506	57.99770684835707	58.23234762692902	56.980401535789035	0.26751552114990157	56.822932578510844	56.999546954058474	57.16970629743911	57.987272669671	0.2965555804291282	57.79822785710848	57.999731267530535	58.19156423858096	56.96084648587394	0.15697373727658065	56.86931137767023	56.974721951113295	57.071727711702515	57.84273276256483	0.2771728968394221	57.667816282688065	57.85727038167498	58.04061868983596	56.95260915571471	0.1626647103060494	56.852863662300734	56.968789645518086	57.06689376493206	57.96581484880371	0.19260755793540324	57.847306750145975	57.97448007870911	58.105305813854564	56.883166591485384	0.13247160404858876	56.81233050903037	56.89889356342523	56.97412982652259
2400000	58.00026444544823	0.3883386955363236	57.73759830382704	58.01291655408764	58.25950404419453	57.008044396334604	0.2527332679732976	56.82474927512206	57.02064916031025	57.18450783526045	58.00863153070412	0.28105059195218285	57.8226708236352	58.02073665524745	58.19735650947933	56.98558421220722	0.16278757124871687	56.897971848106806	56.998943137882904	57.09493692816123	57.85670780987237	0.27398503454472195	57.67539314250952	57.871311226595225	58.04393790645885	56.974794693638174	0.16051379241333552	56.88272508990491	56.981712038985194	57.086053592369105	57.976768790073926	0.1908856530146249	57.850424314028054	57.98210643401747	58.11113160654499	56.904357030926455	0.13023504165305297	56.832885707244834	56.92559972731394	56.99299723542017
2410000	58.031109138581535	0.37472644652323983	57.781326198999245	58.04706094718472	58.29081964113614	57.02540345046625	0.24880071866558984	56.86903713104975	57.03343250476274	57.20143344570485	58.024695828673764	0.27761744495363216	57.83905283909099	58.04412231632266	58.21293321466074	57.00510978441731	0.15763626036866185	56.917633550055484	57.02113297359182	57.11128150779354	57.87400092818147	0.27596068558383696	57.68037562145857	57.88907725880229	58.07013879849504	56.990919254826764	0.16477117375111855	56.899513431316485	57.01250440096278	57.10971533799384	57.9983935882195	0.2026510841087088	57.872229587538826	58.01489743198225	58.14304083783828	56.92501619496426	0.13125761438914144	56.86105074647405	56.94342975030426	57.01200097509828
2420000	58.06007482783226	0.37971861803120466	57.8101409762029	58.06481835234611	58.32852438834969	57.05355394431481	0.25047986164697256	56.890078967633606	57.06589493981622	57.229300116938774	58.054304516880066	0.27548040566080395	57.87643249245753	58.06922321072755	58.25494378711306	57.02246668408435	0.16626163716528697	56.931841558224804	57.04261752877845	57.13247282882246	57.90605089582785	0.27711832029379546	57.742662218292196	57.922169351813146	58.10028116546017	57.01330582556176	0.1572501054573118	56.91934502805669	57.032974685891816	57.12330262388158	58.02839107050868	0.18899884451472354	57.9055671072026	58.04562663082001	58.16058907797401	56.94456936627165	0.13082285716661013	56.872701949448796	56.96138353829943	57.03787580054165
2430000	58.07681013728118	0.38152948576410883	57.831369548485625	58.102258975311116	58.34525179155914	57.06259290315735	0.2535851929518064	56.906364531411	57.075255729195405	57.2393016009081	58.07191977831422	0.2871523264119566	57.886112093517184	58.08575222789287	58.265970404354086	57.044190519354785	0.15921972738311183	56.959356503366735	57.06143519423536	57.14890998833593	57.9197103575357	0.2777337448653068	57.73896397049229	57.94456498380603	58.10659558899632	57.02795263986637	0.16082156169051234	56.93596679844143	57.04533065328784	57.14135787228678	58.0381007855805	0.1935789855276456	57.91891684328137	58.056274215308065	58.17255100763498	56.96300406382651	0.1332005228746873	56.88551770878044	56.983737795849336	57.055557351014755
2440000	58.08867165809048	0.37890272274305253	57.831379673849284	58.099331074630356	58.350170602248625	57.084394004739515	0.2634578532047023	56.91828621922207	57.0863734327105	57.25820740220379	58.085636506918746	0.2861960020980135	57.899221344687646	58.099410275860095	58.280427460590516	57.057341573929186	0.16368002789765346	56.968971647840064	57.076292892048265	57.16747281814232	57.9376295789697	0.2825472920937951	57.75625502864876	57.950156881007985	58.129759557286064	57.04868904238541	0.15191057485935364	56.96255379696002	57.06294120560719	57.1551296980884	58.05720483683159	0.18524890916250877	57.95377684742958	58.07025512369467	58.18618888599507	56.98234005490204	0.12597450522925477	56.904823156653634	56.99844724908637	57.069454081176545
2450000	58.123837808912555	0.38597916440502394	57.882066206987886	58.12817567742337	58.39118420618121	57.092026242102996	0.2504145546593046	56.94191817836223	57.11063948914991	57.27207511028001	58.091034080165436	0.28843233034795734	57.900018836225144	58.1000737579984	58.2743267899999	57.078364479206186	0.15305503017883704	56.98536901060195	57.094583280408514	57.18180064225362	57.94952219263238	0.28298172040955244	57.76720161781775	57.96098995979729	58.14536079463559	57.070103737440135	0.15522263082655516	56.97882661929272	57.08588436738042	57.179022980162216	58.066313092488535	0.19374261921079183	57.93947120501875	58.09079828466216	58.19308701964442	56.999402349180855	0.12627092473504206	56.92309965741268	57.018045053506995	57.08508070188353
2460000	58.13009787505871	0.37488984379463075	57.88821566784391	58.13607104237489	58.390216821194834	57.12480673425994	0.25368982644318994	56.97106179581465	57.13839487564537	57.299389576884344	58.12044482703432	0.27846913543175184	57.94155547048545	58.14650826839265	58.30828677709432	57.100780729819576	0.16048423382206697	57.0175376071802	57.11853589520358	57.21114444908886	57.96039290291394	0.2758274531474674	57.773887443604025	57.984967573855954	58.15217905259712	57.08879368669169	0.15871869864341004	56.99806076452383	57.10573261121908	57.19374128496622	58.09156966312325	0.19750394082717232	57.969805548118764	58.112590154877665	58.2250313941974	57.01651917399512	0.12661481487403364	56.94377964125386	57.035442675886905	57.102074649931154
2470000	58.14671534254614	0.3693766071845257	57.90991221108287	58.15814623728622	58.399939481673904	57.140200853777436	0.23960657827689133	56.976526136691874	57.14866425755222	57.31230802859449	58.139067813419665	0.27125752403177383	57.9633187816546	58.142244941008656	58.32749837884988	57.110450517724274	0.1622466539249929	57.01709322527009	57.129281175794425	57.21639435742121	57.99748778189765	0.2533715120696473	57.82952735552192	58.00824610378089	58.18958881314631	57.11014886022892	0.15569167603613007	57.017996356449785	57.12723402135372	57.22122983803561	58.12111816616007	0.1823244662421888	58.003769620956746	58.13580524656807	58.25290004500861	57.030976860919694	0.12960515988510762	56.954641328120495	57.0494187347703	57.12100894372451
2480000	58.1779222363853	0.3879242851068035	57.936625528461164	58.17313046792138	58.44010622185813	57.16589658618419	0.24246090982301602	57.020397991172786	57.16937467714942	57.32614805905225	58.16649497239879	0.2807416584870528	57.985828409835236	58.17537778342199	58.3462659645705	57.146110052955216	0.14683642167786426	57.06462189947533	57.16295112911716	57.239577002680264	58.01376992613636	0.2640871806016913	57.84165422713154	58.0266135371061	58.204028553829524	57.132381321958114	0.14360494006595415	57.049443399783364	57.15089076311128	57.22937995943121	58.13217454880454	0.185671615554495	58.016972067675475	58.149366001298404	58.260317236607264	57.05149401765847	0.12785908915264924	56.98417683594007	57.06925022151465	57.14184075538128
2490000	58.17572644056744	0.37580674090765154	57.921145976424505	58.19356450088593	58.44004937750122	57.17678073021805	0.24493196314721682	57.03962464936367	57.18899959127485	57.3385969240333	58.17623445012526	0.2754200852848491	58.017537609840915	58.20032639648122	58.36474269355295	57.16033884010171	0.14767220626743682	57.07771507959501	57.18364954075332	57.26298317687834	58.02612534491068	0.26511298762175256	57.87544881518956	58.046578013139815	58.205421317540505	57.147285956155365	0.14628446479739263	57.05567495241842	57.16398204081901	57.24710525253102	58.15447037841439	0.1875949794281802	58.04358093829142	58.170576717763296	58.286975838588106	57.07098552526957	0.12394734900618716	56.99735139240984	57.08866630806948	57.15918630277474
2500000	58.19548221407155	0.35386973316163634	57.96709053841096	58.1886904530928	58.4360164760456	57.201320832482985	0.23673562048181906	57.040981513854504	57.21610475801771	57.36723593088623	58.19663910495825	0.2693962899885654	58.03702512456597	58.197696912662266	58.384020538075184	57.18132650586069	0.1413802262367602	57.096844139751305	57.1975531206933	57.27959345366789	58.04784325709818	0.257785488769299	57.88789050762162	58.065606295559384	58.22508891023408	57.17571461365388	0.14054202230781573	57.09995090130552	57.188030080524214	57.270729693130704	58.18130325182914	0.1710247905037687	58.06868767598217	58.192348129859866	58.30341241169113	57.08568931591704	0.13012168997968498	57.01146058990791	57.10112676665378	57.1735379570017
2510000	58.22879262110109	0.37102143366895335	57.986107103767615	58.245305765722655	58.48279548529411	57.21641763102361	0.23839465234812746	57.066579536122106	57.23344899043277	57.38513971363466	58.21816204929654	0.2734477668023064	58.04849138970414	58.23592968432553	58.40534464990326	57.196357283757315	0.14478303088916417	57.11763386458389	57.20877879298989	57.29601448731938	58.06601295262836	0.2602052245082067	57.90551515768801	58.0881482633285	58.25339625468139	57.19457645361002	0.13857627508307002	57.11119845183437	57.20607563245602	57.29559105758404	58.19360923099562	0.17440952581357388	58.08483046029241	58.211529336966706	58.31524910392852	57.10797868340057	0.12257955820539913	57.0450527967774	57.12985680814998	57.18998393564049
2520000	58.260721209746016	0.3768517117104515	58.013863777005525	58.27683806559847	58.52292850100218	57.22684956597654	0.24269277810182982	57.082997965233375	57.25304893745907	57.38438151339116	58.23347662068175	0.27729026137688023	58.06970859029663	58.25816876116865	58.41946289047524	57.211752821026046	0.15214136534678124	57.13855176348958	57.23187781668729	57.315627336932806	58.08059573462427	0.2634172770520779	57.90027891442754	58.10462011142566	58.26992747131594	57.200397328196004	0.15152190448079617	57.11748843604245	57.22264753049696	57.30401630576763	58.20681727281411	0.17936010434187166	58.10087738185687	58.217883676472994	58.3267810166741	57.128005364813674	0.11771046114939325	57.061588821637116	57.1485863974961	57.20767491889464
2530000	58.25545548887057	0.3613993143393998	58.022291344295915	58.26075224087373	58.50473626913388	57.25741679099937	0.22951666547421384	57.1106387371362	57.26678894579452	57.41216260524567	58.25274486256096	0.2632971686024099	58.08855147773379	58.261628227023714	58.43008157829833	57.228561529268944	0.14025740190206523	57.15045051423301	57.244307625820994	57.32526005852715	58.10847852676183	0.2548634255194691	57.947495712460224	58.13421208719993	58.288124709549564	57.21786825025132	0.14819532147248202	57.1329343743505	57.24084693276662	57.316684140965464	58.22956952804069	0.17290182184055292	58.12548594120636	58.23929022646616	58.350335251661555	57.14498619930842	0.11542362725344758	57.07631433381194	57.159851255896854	57.22695841214639
2540000	58.28052754685579	0.37391102136491483	58.031050078889415	58.279993975420915	58.540705425542406	57.262843192882706	0.23758403043472756	57.11378302991345	57.282804933150324	57.427739201454884	58.26714254704874	0.26977685955340225	58.085132895128915	58.285410704426425	58.45489004814739	57.247506215140916	0.14487199723717956	57.17009772343304	57.268256000837624	57.34616049138005	58.10877160497002	0.2596589388819712	57.940116907011266	58.132317442050805	58.286014314906524	57.232169133773446	0.15091114494095956	57.14123706761942	57.24440367985592	57.33940926870286	58.24094379989933	0.17484100913483008	58.13257320423438	58.2440252428611	58.36745264058179	57.16236666948192	0.1139925187629277	57.093403558948104	57.17212184163722	57.24479411200714
2550000	58.29609363018963	0.3684882617946541	58.05127881850392	58.29855388359423	58.54165370319198	57.271343260411335	0.2413720343348957	57.1100839747444	57.284011580535164	57.449637866471214	58.27475225637185	0.2694659359919651	58.10581386937684	58.28889917454575	58.45501109753187	57.26398867413741	0.1414828521557595	57.19000290740518	57.27661965178171	57.358914634560186	58.12290833900278	0.2529954113097301	57.960825517614595	58.13654542065477	58.3046401014861	57.2584075362484	0.14285517438837128	57.177767245510466	57.27852296719483	57.355495190923826	58.25695862557982	0.17687804856560357	58.151992400442175	58.27006120543116	58.381003779020176	57.1790737818306	0.11266033218346645	57.10946110784503	57.18918615175208	57.26277747170694
2560000	58.3199788155087	0.36572908299620904	58.06520907649155	58.32326146016784	58.57285451573862	57.31306016570245	0.2277031083464856	57.16431612786868	57.32253026890869	57.474504637117235	58.321675351281336	0.2583349385336431	58.159427644784145	58.33561660009488	58.509352174898396	57.28301101297926	0.1474707438229291	57.1974812317948	57.301374499509755	57.38011852371735	58.159596252631204	0.2508908216783209	58.00202021493969	58.171592930514805	58.335188911028894	57.27917474405666	0.13899449579581025	57.205147565311556	57.30169117805579	57.372539401504824	58.27817733679412	0.1761550364565782	58.169713983394786	58.29393765766447	58.399370209759475	57.19193746833631	0.11468478767012785	57.12666200998081	57.20117069622363	57.27629647880736
2570000	58.33107559866136	0.34802152639631695	58.08482836662168	58.34155318621441	58.58889712098131	57.32110725079293	0.23725980640471467	57.17199588818337	57.32518280759255	57.47978310318377	58.32255100927998	0.268588909365746	58.16008992944854	58.32990757081201	58.493090154905204	57.30025614509849	0.13590423312682864	57.22530230154693	57.31844833408277	57.39328213567951	58.165548026981114	0.2551562353865835	58.00233621188827	58.191098566088876	58.347268989791154	57.292675882749464	0.13851961853768302	57.207838953663355	57.30915567914864	57.38958841915626	58.294954346635265	0.17491215471607466	58.18708029855644	58.30796816156071	58.41855246172048	57.20744534300922	0.11687163828874056	57.13765527942449	57.21811983086905	57.29388799664874
2580000	58.33563488065567	0.361090539907019	58.108631028183474	58.33611008975143	58.59075162792345	57.32968788174664	0.23269101816053878	57.175625184378816	57.3452520451156	57.48840083014678	58.33099006582672	0.2656833053450454	58.16377861944887	58.34281416614725	58.509967474376964	57.32132822893641	0.1338522589085635	57.24369998702024	57.33643812664947	57.41679070431736	58.179762650816954	0.2568252644225246	58.019009018014586	58.20202517986992	58.355510433798464	57.30909300584774	0.14468433034265438	57.2263986598142	57.328681301509775	57.40729383177748	58.32073391831121	0.17575375583050853	58.2071370594701	58.33565319621649	58.44290152394509	57.224523258833145	0.11442412925309599	57.15722677262916	57.238137906553746	57.30958690328087
2590000	58.358770308043376	0.365027647752098	58.13444692951814	58.38515915912857	58.596102075090606	57.34915224238775	0.22572481389503776	57.21019111055175	57.347060821810146	57.5111871930083	58.34310920350596	0.2639677438553147	58.18331692464898	58.347682524142996	58.512565551018724	57.32948931031121	0.1473233304107386	57.25399851263832	57.351136276664526	57.42946189770624	58.196320361163664	0.25551441489654125	58.0359638824193	58.21139772769993	58.37097824040427	57.319834809315665	0.14230856165351496	57.23975236989697	57.34329849558685	57.41800701911356	58.33871512702304	0.1629340236428377	58.25010403154153	58.35087256378722	58.44884847969317	57.239400159429955	0.11504321677405303	57.17058447150159	57.25330659833675	57.325486698290824
2600000	58.37942305748994	0.33584995769970183	58.170222484166345	58.39130648047251	58.598743989687506	57.377686450784324	0.21909685404668897	57.23234212503941	57.387490966411086	57.52754096318125	58.37180920105745	0.246343886391329	58.215862981365134	58.380271872400726	58.54877206082166	57.34693767466969	0.13491833922981675	57.27186487194391	57.36149667774008	57.43834440772298	58.22162268610543	0.24021577565970392	58.05636369894967	58.23174287646508	58.39796521556119	57.33652939492831	0.14437452987260238	57.25952060146068	57.35516352771083	57.43672333118681	58.360520116635634	0.1606192684552993	58.25682475510347	58.37113296011252	58.47441311434748	57.25322168198375	0.11451373386978725	57.187390275068736	57.26581461606834	57.335169039453476
2610000	58.39907117799923	0.34910650149874484	58.1718648484765	58.40114400633183	58.64332184363364	57.39475903436152	0.22251002332439768	57.265044242024935	57.40247530093177	57.54075074229541	58.38983465388775	0.24918599460760799	58.231952818753236	58.40240670423425	58.55913476026982	57.36615756400874	0.13450911372559468	57.287543377656604	57.37954891586166	57.45972488797444	58.23749720549684	0.24457471522127802	58.087387160306264	58.251466704638375	58.40791688575465	57.35858402961031	0.1360085202849687	57.28493074964115	57.374429499274996	57.45224979306571	58.37522757380173	0.17174722857177754	58.27132390021926	58.38336141550866	58.496970298314274	57.26917065409375	0.1162487150463286	57.207229851798964	57.284965505550545	57.3452588236239
2620000	58.42908313572645	0.3649567544869994	58.17912887783944	58.444076136236404	58.66872111205799	57.4069359077215	0.2163957454861689	57.263018927799386	57.415173400132176	57.55003497514342	58.41760392153957	0.25171076640010026	58.25605681456942	58.44395590184101	58.590526159322025	57.383232136783406	0.1308351741854906	57.310610939870486	57.40134823850081	57.47515719055652	58.25134884446425	0.2405883036001864	58.097550327713186	58.26996018857598	58.42548588241506	57.36731713551653	0.1392873633844514	57.28736912945566	57.386076073961256	57.463228933283034	58.38495513063227	0.16195624330861486	58.28096912781997	58.396319021795684	58.49485451785951	57.28670787867109	0.11741784776588197	57.22995538700187	57.305356334658086	57.365936098110424
2630000	58.4344417175942	0.35437256216085455	58.20681967669015	58.44870423314461	58.66770884478355	57.42051255169676	0.22436730881810782	57.28434456594411	57.44300733141538	57.57476766846327	58.418564912712505	0.2604100425445305	58.27296514506951	58.43275633992262	58.599937120476696	57.39967907386119	0.13037943915505087	57.32816433415244	57.41188223842116	57.484583131181914	58.26610249417677	0.2452622063968276	58.108467840230105	58.28054359252325	58.43486775041137	57.38944448192104	0.12977471935618176	57.314519457828894	57.40723379276736	57.47808377382782	58.396281911456214	0.16584298806955156	58.2914549112101	58.406111500781265	58.507341983545935	57.30216915825446	0.11435189456039804	57.24468165265557	57.31813590520561	57.38343245859706
2640000	58.44002840736222	0.3342759509609096	58.20351723054327	58.436306138915896	58.678841306675984	57.432208961901054	0.21469751706253895	57.30257371870581	57.44388428422185	57.5842691512611	58.43661353202251	0.24658923594097068	58.28294298006168	58.44737442737153	58.60543101325833	57.414536560608234	0.12811135454709086	57.340265794071925	57.42452111738977	57.50767945074533	58.274926026390666	0.22551234461689423	58.13628713724469	58.2856128746123	58.4333194135265	57.40187998711248	0.1277457099309861	57.32652629872181	57.42044162451923	57.488614102691116	58.41566149434324	0.16246037880962885	58.3227148103542	58.43196070822417	58.52830864188145	57.32148039192842	0.10973353576045843	57.26160825261678	57.339591312555825	57.39852954162556
2650000	58.45018614260165	0.3473918728043148	58.224434552293886	58.468235425364256	58.68300395416948	57.447091518142805	0.2082868710586295	57.30777828543814	57.46143774104196	57.58859493883581	58.44455151101224	0.23671544942280826	58.27911565196624	58.4586750852797	58.61644650656917	57.428275119191795	0.13166062469369677	57.353317614880424	57.44625338298842	57.519557964682605	58.29224840078417	0.2222040499487776	58.14888271510754	58.30206983527319	58.45111912411946	57.42617402103661	0.12350877223377545	57.35097323768246	57.43969708987344	57.51473423160561	58.42840967892477	0.16090549640335353	58.33274583259589	58.43396488067337	58.542334249043904	57.33716913698364	0.1104888124623607	57.26874754273369	57.357001916495385	57.41810897922949
2660000	58.46895388900767	0.3515474847069369	58.22872027981017	58.48936176699898	58.71659757893866	57.46152350102742	0.21718242608596988	57.32874324495063	57.46675546591024	57.61197379263312	58.46026449931206	0.24747080684840173	58.312676957252634	58.47631717821345	58.62481779621195	57.442196679232694	0.1269317757027623	57.36572693662049	57.457966111992576	57.534984113963894	58.31018265147412	0.23614647557882618	58.15590122994955	58.327905852272586	58.47283585828233	57.44005016133416	0.12224119479722434	57.36715401406704	57.454051258505764	57.525520562579295	58.438608459091995	0.15981184351241012	58.33607971673132	58.452537068653655	58.55233433877714	57.35141550477814	0.11313316072025081	57.284856134375964	57.372300821933834	57.43208173273983
2670000	58.46833875466435	0.3408907782802452	58.253167762104056	58.47547843494739	58.70847016434879	57.471864744544334	0.2167001838994852	57.33812003912461	57.48341226081767	57.61398440851367	58.472064001430304	0.25104836140575537	58.31944857604723	58.491377214073424	58.642935110447866	57.449967227811165	0.14350707130775753	57.37540926492101	57.47097804233418	57.54589571166014	58.31729923717893	0.2396096938134476	58.18672205308271	58.33687550249405	58.47910060941024	57.45023392158471	0.13625206517394714	57.37656018567027	57.469363157889404	57.53944873768986	58.45562116282258	0.16893797723734724	58.35173405611731	58.461723966250936	58.57959953061733	57.36546217140688	0.11362499530667773	57.29881869151664	57.38488742711803	57.44822922690891
2680000	58.49521962245574	0.34459354185239455	58.25964736628322	58.51066017179107	58.73585227506529	57.49673961165773	0.2041218258893588	57.365241425695515	57.49514806819694	57.640590795079085	58.495944577799136	0.22872102961646856	58.34502335621931	58.50453600396052	58.6623357071414	57.47955638199801	0.11937400072058327	57.40897870097236	57.493844080000905	57.568723761334695	58.346805635110364	0.23007758058682498	58.20158828228019	58.35340489276531	58.50853013685683	57.468331683712904	0.12568229886523188	57.40275635297119	57.483749856695596	57.55532724121317	58.478510392162896	0.16014663401373916	58.37666967767695	58.49816453338026	58.586637356052606	57.38311568108219	0.10961929129820377	57.32068420349649	57.40070389452835	57.4604525112958
2690000	58.52830629045967	0.3408708218599576	58.292664344716066	58.55232857172757	58.760589455821446	57.520184207976186	0.2121975853666304	57.38857343697824	57.52742139520144	57.660007768453916	58.51780226441843	0.24281395250774165	58.36146022569347	58.534693595796476	58.68133239357021	57.487710552520916	0.12518589159044408	57.41052904464264	57.50363689663358	57.57783449367739	58.36090106829234	0.2357601694490074	58.20035888093508	58.38583389783527	58.52498664404952	57.48388308753443	0.12736021234595146	57.41088175720072	57.500474286737315	57.57218947034255	58.49841308459656	0.15694411674239725	58.4009917041335	58.50554534185976	58.606097491866215	57.39687498370334	0.10670712295319133	57.332551665819466	57.41018062261115	57.47654159035692
2700000	58.53806623872772	0.3253076766291309	58.321253069139246	58.538936188861896	58.7596552851936	57.532733345761045	0.20472080693560984	57.403785365109094	57.54858842856876	57.67535500312312	58.52286493109374	0.24226878209108538	58.37765485396741	58.54140681068115	58.68644287253319	57.509406862678176	0.1255143285311411	57.444621935287664	57.52570783082949	57.59251835275484	58.379897831839465	0.233455135573216	58.23507503404582	58.39612144807147	58.547723360982815	57.50200633505527	0.1236481728204926	57.43042243311324	57.51739843029224	57.587579449565055	58.51268754586755	0.1599946287730836	58.417041317408014	58.52432598621587	58.62747644839395	57.41094396618613	0.10813816787306652	57.34555380222785	57.428115008512364	57.487115595685324
2710000	58.53734477306343	0.33688604070641964	58.31718484256415	58.54653375618847	58.76977082033058	57.542156134754755	0.20864294276691092	57.40289840787321	57.56320923931182	57.67739943144071	58.53686685064911	0.23498997915984787	58.3876289986966	58.55032551468706	58.70024035520835	57.528269105734026	0.12618074861898143	57.46169141670302	57.54161099332396	57.61488766266287	58.37927649464151	0.22780229528626217	58.232961605114	58.397415965140425	58.53615539779458	57.52011224139576	0.12103823720703229	57.45022521141263	57.53631723108705	57.60285134270083	58.53627181765879	0.15040034332067606	58.44787360844284	58.547292019149474	58.640927740864015	57.426374104077446	0.10922042593826217	57.361678666505995	57.44194329157402	57.50663471892324
2720000	58.56618748596347	0.3374893340231887	58.35299325625992	58.552258158101566	58.80409175360155	57.55336964615764	0.2118437698856007	57.412726379910396	57.55960616935701	57.705368472481524	58.56322513703237	0.23812548066598035	58.41505977501797	58.58218523047188	58.72689483225559	57.537887364279634	0.1269793247705259	57.47115888733089	57.55969469229093	57.6246059808353	58.40240754169273	0.23438072318722145	58.25975018857655	58.42711127929675	58.568442298417324	57.52809380930168	0.12595213101444336	57.45918114974473	57.552249592275615	57.61460261754201	58.53982856814126	0.15070361571285631	58.44581691230128	58.54495195534385	58.64512898595712	57.43671531386833	0.10977359023159314	57.372741778069646	57.45494673412547	57.516794597298166
2730000	58.56253047650649	0.3448465546974021	58.3282840553545	58.56053082249066	58.799590309396045	57.571420677294064	0.1978963792778988	57.4497352417943	57.57190314917623	57.708246916356515	58.56890033872132	0.23311034395545865	58.41441953269658	58.57164215225343	58.72736120931117	57.55069181976233	0.12017539519144432	57.483961528227994	57.569510176807036	57.63478986250353	58.41275154313048	0.22043540662275393	58.279016534915506	58.42032035364996	58.56632757645412	57.54505840240348	0.11694534784137309	57.475733013852455	57.55898052991212	57.62855502981712	58.55248768997436	0.15140124328237042	58.45941348743143	58.56486654625953	58.65746584737187	57.45134959125145	0.11008913441993137	57.38911497110265	57.46826960904983	57.530040435304606
2740000	58.583600149641164	0.32267983718772547	58.37435191389987	58.59038922647636	58.81075802297522	57.582160798245305	0.20283343238462567	57.45920611356708	57.59075334905624	57.717579811471865	58.57294395165878	0.235018656914597	58.43193984824519	58.58048196403898	58.73044527445945	57.56465840960452	0.12152644328818164	57.504229339158	57.5824017644032	57.6478309967116	58.41991231126596	0.22432113917841975	58.28143922748225	58.436846335886685	58.57418186309182	57.55898275383368	0.11736442396502593	57.49739982567821	57.574745734249625	57.63732525616511	58.56969085914439	0.1578444660309771	58.479165551408705	58.58539265205428	58.67894898967178	57.46500997877921	0.11160912060242621	57.4016102685788	57.48491961374558	57.54635513172759
2750000	58.599338250833235	0.3350455162726304	58.368410379807806	58.601786479966414	58.84160247029276	57.600030849385426	0.19992264603137466	57.480360757862485	57.60814398815414	57.74076105230725	58.59808638995342	0.23552367616336042	58.455622339361796	58.61297842098762	58.767068503686815	57.577744077592506	0.12311299567707472	57.513197891811885	57.5979539312628	57.65753244358231	58.43872189894923	0.22446680299526162	58.28287997774372	58.463117500956116	58.59853251387697	57.57687906201689	0.11692689830822052	57.51002252672122	57.5935307105001	57.65887327944329	58.59110376806867	0.1449100796649007	58.499995239664635	58.60089147278066	58.68615587820358	57.47813150812077	0.11087214590760527	57.41181473320226	57.49337480869143	57.559293989060976
2760000	58.61842909630118	0.32625234451578483	58.39649922482876	58.61145191589141	58.82613161258125	57.60957358676117	0.19531329128666583	57.485244851159855	57.622056437469595	57.74207248245289	58.60974359673372	0.22500003390623421	58.47091720765167	58.62472907172883	58.75407031270349	57.59286629814374	0.1210812575300858	57.52687408312125	57.60964044048967	57.673602640037586	58.45202719122404	0.2163196312794104	58.329361143625675	58.464323666295854	58.59163280835286	57.59140901001976	0.1206644867237256	57.525606621306565	57.612164517932484	57.671709277914935	58.59811192123099	0.15019942275437445	58.50634051624797	58.607572285495294	58.70227569803532	57.49083396710168	0.10856187728456201	57.43067164992368	57.50496738458422	57.569956734989916
2770000	58.615360940558816	0.33903538758549756	58.39429339170196	58.61853246978471	58.836472040587246	57.62532194255816	0.20058149472151146	57.50447277040087	57.63871310095378	57.76054941397932	58.61905225829329	0.2390682010088832	58.481974590248754	58.630259280822656	58.77309131088352	57.60605216737782	0.12285493899977476	57.54158752238621	57.62485611929699	57.688741776306955	58.461146483935714	0.22466680072093434	58.331630660535005	58.47821305060482	58.61138347048768	57.60228373924057	0.11860414436888306	57.54374498167421	57.61824252667098	57.68054692834016	58.615125502494664	0.1488806509669661	58.531851137156636	58.631113566134594	58.714549205953524	57.50419953419267	0.10814601499883891	57.44856474254509	57.516769113376256	57.580507424968715
2780000	58.65665943864007	0.33165205580308066	58.42768084245651	58.66357654427277	58.89220979919632	57.635716933040705	0.19969801372381066	57.51381383414346	57.64619631462311	57.77826354838938	58.63651515357711	0.23357959193099742	58.49241817663945	58.660354302040645	58.7929978936854	57.61987013686757	0.10926200347521688	57.5555445307416	57.630196148309714	57.69971021986796	58.47804711767005	0.22581093867475996	58.350201882134485	58.49320896752939	58.632209782589015	57.61555106739593	0.11321389109813289	57.55082454037182	57.633863232045925	57.696710490544156	58.62102862753809	0.1508501425867686	58.53236631560246	58.6338653721796	58.72654361997782	57.5180730744556	0.10743768096746295	57.462449197385375	57.53397167035872	57.59071371763395
2790000	58.66587649698222	0.323560448940978	58.466166194273626	58.670824973222	58.886691723740796	57.64893301850742	0.19637209802390435	57.527623202281696	57.66216460691359	57.78409349130699	58.65551888082642	0.22266705463544825	58.51692093433882	58.66550572903222	58.80980942133803	57.631766826992056	0.11771840544072548	57.572912910100754	57.64516999523474	57.707906510771764	58.48654495217001	0.2087883867776654	58.35783195987092	58.48914763548162	58.637662401064944	57.633470942323676	0.11014702288925758	57.57193937684377	57.644081799781134	57.705649287443876	58.63566689335093	0.1495111661196254	58.555910465753286	58.65166121760767	58.73790821840478	57.53234367911092	0.10834630974319348	57.480741892498244	57.54816215274526	57.60247364065005
2800000	58.68041542564265	0.3309419373864975	58.463378012768544	58.6887538819786	58.90934010211939	57.673395726892075	0.20074383125107273	57.548829344959216	57.69224899677513	57.8072815113532	58.6651578075481	0.2343599191823009	58.531257419536324	58.68169106095678	58.81758695500998	57.65294888216345	0.11031688498036271	57.58762646680376	57.66157870330476	57.72891255750342	58.51040879133132	0.21869277465708872	58.37194915651979	58.51912338316155	58.66162066706384	57.64428304491103	0.11199042881008113	57.58669137077583	57.6604966364829	57.719629737998076	58.65753245503341	0.1429981561785993	58.572787641859705	58.6741452145097	58.75664373542827	57.54351178989701	0.10737035782662413	57.49177928439234	57.55881571365561	57.61553178010811
2810000	58.68231978067638	0.3191802339206007	58.46053768547161	58.689566247670065	58.89390538235745	57.67945491605299	0.1987727516929129	57.555830819415775	57.69065770546641	57.81249091822327	58.679615900380085	0.23256735003880818	58.53567790084019	58.691419465661696	58.83344012327572	57.65987662414387	0.11326234371424149	57.60459506261703	57.670131544911584	57.73662027176847	58.5182944354296	0.2171519598820196	58.38124969379285	58.52964737107459	58.67003693812985	57.655537672274534	0.11253516722158839	57.590595298728296	57.67220228635062	57.73244004597256	58.66184962377567	0.14948459939856015	58.5735812578788	58.67393109358738	58.76763234934201	57.55522779691623	0.1075571123491982	57.499807402978476	57.574017390112274	57.628941505780446
2820000	58.70568225374271	0.3286631537264836	58.501678340688	58.721342814968224	58.92692219463277	57.689578874061354	0.20501336893164512	57.56435486771808	57.700814059321814	57.82649094572829	58.690581510839145	0.23247936661186938	58.566541892729006	58.70246855143844	58.83618050264485	57.67194152656091	0.1185687880866119	57.61737122974711	57.691113764599784	57.750537072269	58.53221754110519	0.22421732690160734	58.40666176889167	58.55394344725126	58.678502777540174	57.66964685066288	0.11543703984622013	57.61270796297555	57.68184768836696	57.74552912596148	58.67900140724403	0.15134548018222568	58.59175935492936	58.692913034616254	58.77484537676737	57.56362851751801	0.10914479439483017	57.51143916641264	57.5832082822085	57.6397570863202
2830000	58.71629787211916	0.32907012828059423	58.50605502383587	58.728152589134524	58.93945599416722	57.7105424007083	0.19491851482054215	57.58981183192253	57.719155130451256	57.84336897802309	58.7108864527369	0.2258722307210787	58.563284904274916	58.72384418492405	58.863016061663	57.69378559248783	0.1097946547256634	57.63396887047709	57.70999851728087	57.767473546633944	58.545092186461076	0.21864161546883562	58.40882346737695	58.55347667615622	58.70055278523826	57.689037539575295	0.10853120007650416	57.633656125135786	57.70289242695584	57.76434343013614	58.69200155195826	0.1454717236631485	58.60440628162507	58.70548528551891	58.79863740293581	57.57848200009246	0.10766775690614554	57.520488949781	57.59788768601333	57.65262209982814
2840000	58.72202369831494	0.31567533239189743	58.507884012065524	58.73427011408009	58.93966786437354	57.720432627664685	0.18893422075282965	57.6094440133768	57.72318675010883	57.84971996295928	58.71146489162248	0.21674451196408503	58.56830466278493	58.714635245760846	58.85839656918553	57.705135613974576	0.11258627227617939	57.64568905713506	57.72169417774278	57.78183596214675	58.55166039058126	0.21410381861413005	58.40647750005235	58.56219108100231	58.70579975346301	57.698449011173544	0.11705506874752516	57.63758410823634	57.71649272452413	57.77685014075959	58.715039046273944	0.14234469402695554	58.63863393993834	58.729611005611886	58.8078215887348	57.590885356242204	0.10561937445296199	57.53274190946765	57.60959753390925	57.66475819669526
2850000	58.73015720960541	0.31580987654589887	58.52053311983629	58.73903879022858	58.94146604326623	57.73745378145707	0.18285140151705284	57.61755162925116	57.74836428748566	57.85817514051524	58.73449756619206	0.2215939769603466	58.59795867661301	58.75028676407022	58.88117518677392	57.717612055895025	0.10913838522893986	57.661804787248386	57.73400402679845	57.79278610157045	58.575990055733385	0.21073185899603722	58.445667307009245	58.58988288396745	58.72381368017904	57.70652865307317	0.11187916731366752	57.64269309999807	57.723865891762046	57.785865645241756	58.71791891347213	0.13791073534319528	58.633894807100006	58.72775446340369	58.81290831471188	57.604818165401504	0.10434481248560216	57.551672798228	57.6222272251535	57.67560287669425
2860000	58.73991120942748	0.31709492874406503	58.54082740520202	58.75635326428524	58.959156487245494	57.7449012496059	0.1906009508588314	57.623713890690894	57.752587935725806	57.88252437226653	58.743935939807386	0.214251336708865	58.612069509948256	58.74363503099063	58.893067757479066	57.72845538744651	0.10530563132954769	57.66701717010613	57.7431543265822	57.80316522756684	58.58262263916596	0.21046647118057102	58.46220271828612	58.60121166315251	58.73555344516813	57.723174678961136	0.10411999746173793	57.66747280849916	57.736013254402636	57.79344393085795	58.73092163955759	0.13705579275887542	58.64635687348333	58.73900624498472	58.82865503963198	57.61947502243859	0.1021997849437182	57.56538035863061	57.63506860558422	57.68761495190897
2870000	58.77448244008198	0.30316319583261975	58.589750267212644	58.79029664132491	58.97388144227695	57.74265972543167	0.18848154373056558	57.63110911434565	57.75618606311015	57.86838515842592	58.75513521494864	0.21428326553817595	58.634475711622656	58.7769044226539	58.89949064416466	57.74596408039691	0.10533015419393535	57.690173550312004	57.75766189369595	57.81886549784518	58.59438657522888	0.20399521164104564	58.47733075551582	58.61231862588006	58.74097069340726	57.73889412195348	0.10408622937612977	57.681221394946625	57.752861425174004	57.81118377083796	58.740873176188295	0.14378686930160345	58.65610186183227	58.74994492949847	58.83747518031702	57.63095430767651	0.10284054583666291	57.576333417689796	57.6469544654331	57.70394708042062
2880000	58.77172289731651	0.3225542399554138	58.54607952493952	58.76888551608097	58.98616288257666	57.77103956689217	0.18506445036691868	57.65802905945171	57.77782640260414	57.89122723159443	58.77081838808849	0.21319004462805094	58.64093282488773	58.77580856411801	58.908826214889345	57.758662170922506	0.10219039812425135	57.703705091771496	57.77627073873447	57.82692105827816	58.60524706627205	0.2063308710140573	58.48414782169313	58.61455405943965	58.749730244728525	57.74895471285098	0.11184031817302684	57.69110785222694	57.76710042838445	57.821496620432114	58.7612825103652	0.13734074949501568	58.67755371742116	58.77301234491125	58.858124178290296	57.64285654970607	0.10159860824326061	57.59265755389174	57.66047060281437	57.71359638432874
2890000	58.782601639643396	0.31728278919359637	58.56338110017721	58.79064733725094	59.00271352152049	57.781668918121476	0.1839936887339231	57.66361186100118	57.79555924376264	57.90955652496318	58.78250320342742	0.20907770455245273	58.64745821716742	58.79191298254142	58.92246539113644	57.77034291690857	0.10333596019763801	57.714124729262586	57.785558417124435	57.84089997790361	58.63080789435993	0.20330128232203087	58.49778977046391	58.64591340813723	58.774454720708825	57.75576678713311	0.11059540047393814	57.690041402959025	57.77310589951597	57.835085974281256	58.76966071123832	0.14280645556710406	58.681156644765835	58.77835268733513	58.87194474067633	57.65612596627892	0.09767278825525792	57.60467443689625	57.671742897730674	57.72369537265202
2900000	58.7913895773937	0.3150554572672466	58.59687121294646	58.80455774752899	59.01068983865372	57.791733745834286	0.18475531062839579	57.6805309313686	57.800906218951845	57.91532304385591	58.78378972265243	0.21024893369686343	58.656054715503856	58.78753525697168	58.930670878000775	57.78031507774433	0.10255955723659846	57.7228530052637	57.79613480449071	57.85169033614976	58.62993228478896	0.20266957064910604	58.50894211209408	58.64486674504619	58.77513285192195	57.76997652056081	0.10158740021242552	57.70650908221012	57.7822021285192	57.84156485426806	58.79047581312866	0.12981500173841765	58.70816382041866	58.79770501819147	58.880458586256246	57.66857015383448	0.09649803812813922	57.615934355794536	57.6817986447124	57.73361575986806
2910000	58.81568880991761	0.30589951246990815	58.62128390082229	58.81691331497139	59.035332721949594	57.808784192379164	0.17437943536247716	57.6966596691359	57.81898224422479	57.92337321438695	58.80363078826792	0.20315196515562195	58.67105203172289	58.81030884184512	58.95222142978001	57.78865492195377	0.10285935749155033	57.73318828432632	57.80489036986259	57.86226187791384	58.65563400516363	0.19769223170146702	58.54346618669735	58.66893092413852	58.80136006829979	57.78770421577364	0.10181134925763483	57.73046256184629	57.80393745605741	57.85672440973908	58.80112109571496	0.13086027799667588	58.7289979053125	58.80760280398039	58.89039794066438	57.67924162363734	0.09649938813805303	57.62736212109439	57.694020470833976	57.7451068647597
2920000	58.810190611209926	0.328614736686031	58.60199353693074	58.83060187609813	59.03686738310696	57.81594670056991	0.17852515285663406	57.699662757196606	57.82093582975938	57.942930081858165	58.80924260077609	0.2123259952036925	58.6805291441856	58.820049882922675	58.95438543379991	57.800698079054435	0.10320410875569794	57.7516854574082	57.81585486540124	57.86998903729624	58.65400554180286	0.20023436670770633	58.52842649031777	58.66272652694143	58.791216884404264	57.793264719363755	0.10483265294879042	57.73894970942528	57.81296668342474	57.86697735956207	58.80704715145872	0.133784158281875	58.722514882573506	58.81621598470771	58.89781515995924	57.68881239226034	0.09618827872747258	57.632255683651046	57.706448609400745	57.756548145971024
2930000	58.820516777865755	0.31883834755785834	58.61533578029916	58.82980454524239	59.046841952084776	57.82585008189065	0.1802199851080684	57.71127170356276	57.83986265258906	57.94683030049424	58.81882380944974	0.2125066413135525	58.67872696076795	58.82638500806592	58.97478289891815	57.81608889974342	0.10366903403357895	57.76992117558019	57.82879027770684	57.88674192952833	58.658414502707245	0.20397426171175778	58.531457961628746	58.669403679834986	58.80147900960049	57.814441249485874	0.09312300039330931	57.76011127986668	57.82745759247391	57.88088735453205	58.81829537092849	0.13139139409662307	58.739929280566066	58.82497557474256	58.9086490773541	57.70202490033577	0.09544489509497368	57.64635525363605	57.71843894578333	57.772540271863136
2940000	58.84305165477462	0.30716012217251737	58.62515352931551	58.85262810193285	59.050534699918856	57.83902195085075	0.18166219430336794	57.73058828514163	57.849544155993726	57.96277656017347	58.83808102582573	0.20643185948800782	58.713155351954185	58.84633051356491	58.98371919981831	57.8273106887385	0.10040793750911783	57.77887571291276	57.84452022816757	57.8965809384245	58.67527045855125	0.18929093970356634	58.55784124401362	58.68115369901028	58.80521335140215	57.81756889720891	0.09954938809840398	57.76445522009047	57.82570465433118	57.887866700203546	58.82671865331369	0.13762417194844875	58.748093135008396	58.83859122162217	58.9191371323423	57.71182546184591	0.0940573662377203	57.65560707960899	57.730397534188796	57.77954671935245
2950000	58.856045371315616	0.30048699188625755	58.65505591879908	58.854775668185795	59.0633709422095	57.85126946541061	0.17675875592514675	57.74176562598275	57.850063850196605	57.97541796300082	58.848726968503655	0.20112155975617016	58.71582979935923	58.86271811116768	58.988561844983074	57.84102140083308	0.0951527411473655	57.789666597568825	57.85713768964901	57.906970561335214	58.686267355170294	0.18860996722756943	58.560512776508126	58.693583373380875	58.81945564812585	57.831727802157545	0.09935367947328752	57.78021479278122	57.843946660650616	57.898993497516	58.84204105473625	0.13092596976983106	58.76506446172735	58.85369408273027	58.933082552061215	57.72042360110528	0.09398823880044388	57.66301190581878	57.735898258814245	57.78938629784933
2960000	58.8709033749625	0.30561029687473995	58.677957821658346	58.874358614388896	59.08192860333956	57.868064178101704	0.16561203642686184	57.774349271429955	57.88423536367143	57.97856352326314	58.8693716734453	0.1942261230058841	58.742269374486646	58.87510433677362	59.001423069443526	57.85112917951331	0.09591548082692362	57.79873314602446	57.86395541063581	57.91766159745184	58.71043495881372	0.19360726431219463	58.59330149979426	58.72309759114913	58.84581933500422	57.84348301223359	0.10051060065471412	57.789866954457075	57.85640434230041	57.91602326069576	58.86267475764001	0.12969524003137192	58.78511615522319	58.877822322445006	58.95697345188066	57.73082404101578	0.09446101120854086	57.67167113753354	57.74743879065393	57.799000686184264
2970000	58.88383019199773	0.30251180928956156	58.67615371897986	58.87444218961928	59.099756521394355	57.88061729153349	0.17415436387222044	57.770536216463064	57.88152084399672	58.00918487315651	58.883455703753995	0.20105804435351976	58.752388283201384	58.88841881718439	59.01927387887673	57.861225489709156	0.10007165591532981	57.818722614223574	57.87547575643431	57.93057683276372	58.725711015192495	0.19134222750930585	58.606742016388964	58.74405988085604	58.858666939109135	57.853682140855376	0.10173102029776396	57.80379292521138	57.87009646310965	57.9245944411186	58.86815583802586	0.13013087653364822	58.782679609826616	58.878619302641056	58.962008552267775	57.74108128835545	0.09567070258018463	57.68172483557334	57.75920911313211	57.809344003153754
2980000	58.894935668503074	0.2947127051192022	58.67504053978152	58.897043647671325	59.10163616381854	57.894826745282465	0.17215688278314456	57.794041006066486	57.90117166431021	58.01411628070047	58.8963634480775	0.20169294067942634	58.766984920279675	58.902843994739854	59.02856911042519	57.8681817375275	0.09873707557980067	57.81480679142861	57.8867974320879	57.93711654290339	58.73436598732993	0.18987646198573763	58.61441911607823	58.74516534795043	58.86592127198216	57.86264638468216	0.09973435259156045	57.8088838146288	57.877429450175455	57.93455957238096	58.87949028487579	0.12872019204778912	58.80211789586404	58.888749717486036	58.97362072000206	57.7522621213531	0.09495214410840942	57.69344225386307	57.77020833059981	57.81718486889565
2990000	58.919464544362185	0.3036873893706649	58.70359097832379	58.92168971136307	59.13891659773755	57.90677898488245	0.17272910261696883	57.80372560625081	57.91236062427016	58.02187557608723	58.90449301127789	0.20280803585520912	58.781756543506596	58.91901074084122	59.04215493231676	57.88358991002619	0.09921403789173985	57.827215496993375	57.89986406755161	57.95372486692131	58.74268537432412	0.18910622083014428	58.624018324453864	58.758610031357065	58.88069359568919	57.87597000665846	0.09703947160658732	57.8251677125028	57.89328478643843	57.94337383956073	58.895970099698424	0.1261032206650277	58.81667321785227	58.90655267945857	58.983057901306225	57.76465923543514	0.09262665185894679	57.7122871840334	57.78031817987042	57.829645331323356
3000000	58.92390072652407	0.3002350515642945	58.74055378686981	58.927864753073685	59.12999162216193	57.91155146011924	0.17321548954906585	57.79541588180831	57.91632306007033	58.02665366571893	58.916479682978846	0.19323065315813637	58.79354147112551	58.92278112291042	59.04272999887701	57.89035112048264	0.10586089776804158	57.83757532159322	57.906481537601884	57.962124329236126	58.75643637920839	0.1937595627813408	58.64409224725012	58.767859632079805	58.89393849834461	57.886298193301066	0.09947110680258062	57.83754384252872	57.9035657812679	57.954620206279	58.90637084297006	0.12451793957587658	58.83142524297166	58.9198359183033	58.99334595174185	57.7753486883103	0.09161502211750498	57.72352864238115	57.788691628236634	57.84175615429227
3010000	58.940986504040566	0.2941234841181079	58.74952559280315	58.94649305933595	59.14747551757377	57.92188732712121	0.1660918322914454	57.81859890784976	57.92776382535814	58.03092650216423	58.926719910761015	0.18793985157409357	58.80479574928668	58.919258576820994	59.05351633330681	57.90710138633186	0.09563184055452857	57.85650776553878	57.92310344910276	57.97256584840739	58.766622348759654	0.17882449981051726	58.655196298970495	58.76948708371343	58.89572068025846	57.89748284966089	0.09574688869395034	57.84764038173814	57.913933317894035	57.96473524278593	58.914586533354594	0.12202752169193717	58.84537698052331	58.92479077174071	58.99852544219002	57.78595636805705	0.09046570424373739	57.737754598347095	57.7998322845926	57.85110422632201
3020000	58.93799140416298	0.2868632165215693	58.75933017991021	58.947391968199355	59.14286198925064	57.9283002593253	0.16292601873401777	57.82056014446676	57.93187246704829	58.039447142769916	58.9280161179434	0.19910038186926587	58.81828886351672	58.93461870603107	59.06806728698345	57.91185809337658	0.09541160655819293	57.86492354502289	57.929843510879664	57.97744672359923	58.768843148872904	0.1858868764988451	58.657626290402206	58.781265286105	58.89983046664495	57.90940157578135	0.09539573272522361	57.862375756682	57.927217503744274	57.97556308762983	58.91965470061918	0.12267743351421619	58.84660792738319	58.92805353885139	59.004363611871774	57.79698721679365	0.09010507861287449	57.7501103810483	57.80946787009992	57.860499565775314
3030000	58.957350484486426	0.3013822831246276	58.76282958289052	58.95502708355481	59.1732229568935	57.94236784191472	0.16446293575158324	57.83622439107946	57.95071659062147	58.05785466307037	58.93895046208369	0.19410819286820113	58.81290510340121	58.95070281519776	59.071476298540965	57.92574884757767	0.09679105197531489	57.87395863124638	57.94257400075237	57.99279233367932	58.780289097828955	0.18528486084354376	58.66756529400992	58.79350003336769	58.90808590520435	57.92017706239157	0.09819545601673779	57.87801013095759	57.93700257940126	57.98352305081336	58.93316073023427	0.13000868916804914	58.85559168691343	58.942392198080185	59.022017100852196	57.807615768216436	0.09115754207726308	57.76039906006316	57.82061120662199	57.86910642433833
3040000	58.97531169351167	0.29823815571114937	58.77319739915873	58.984357239723835	59.19379084553132	57.9616527535174	0.16433287423403203	57.85776858717996	57.97101947258459	58.07298913444093	58.96430980853686	0.19154377493535824	58.84392612101132	58.975278185717826	59.08857225039199	57.93873093446817	0.088235827284948	57.893918326921934	57.95061263904412	57.99625477270491	58.79862888884103	0.18844728137047376	58.68655974614384	58.81857747006043	58.925907452678636	57.92929065666013	0.09376040973237074	57.884421640472276	57.948066165745146	57.9915979120728	58.944288927350826	0.12496378236636027	58.86791511722855	58.95422378734205	59.031741455119665	57.81716001034286	0.09134680328837042	57.770066518111115	57.830604953989244	57.88004517699656
3050000	58.97954784468422	0.29989622520124254	58.77696013681368	58.99988569997068	59.176301943304566	57.974255021593756	0.16159735756858698	57.863635632763206	57.97771525971207	58.08540733166683	58.96734551843224	0.19641690392412836	58.83973845755094	58.9761946849156	59.10288968914014	57.951390545535915	0.08662374302439904	57.90634374656155	57.96612133740274	58.011584808188985	58.80567077136994	0.18800521633243136	58.6831757795953	58.81878971274907	58.93903571706955	57.94270585561132	0.0963104969290223	57.89219916770246	57.9614949767941	58.00918477369962	58.95277433471845	0.12935204228570626	58.87907767130638	58.96252256081975	59.042749258652016	57.82700705749273	0.09385516271293788	57.77967104205855	57.842917441046794	57.890603101707896
3060000	58.9885247049525	0.29686277599723576	58.79639798568869	59.02819879555537	59.19184390279465	57.98306684092528	0.16463694759147804	57.88197461518253	57.991795419029344	58.09456981548708	58.986616591106795	0.18409128344742992	58.86632238812367	58.99281879536363	59.11003020573209	57.9634865423336	0.09107904249549563	57.92024914352644	57.977918445081286	58.023957578938166	58.82469921888547	0.184793467341561	58.70700881555061	58.84192398425385	58.952963004275006	57.95412413980943	0.09593448828069549	57.900733652087865	57.97272694947458	58.02020280878802	58.976301059069435	0.12790375908858104	58.89789462195347	58.989547484946065	59.06666461572425	57.83769297083159	0.09245865704980842	57.79348518527166	57.85289927878331	57.90232728396004
3070000	58.995065846406526	0.2932125194988031	58.8068787838406	59.01091530787899	59.191583951636346	57.98905004245922	0.16209117420563104	57.88766831811406	57.9959462875799	58.104228747619	58.9796602389387	0.19064119304040383	58.85722628624346	58.9916187379543	59.10536742092782	57.96878267434536	0.09176101646102414	57.91819259670124	57.98629403476936	58.03310560749431	58.82316516783839	0.1838490838760186	58.71932927300477	58.84014359022798	58.94832203405952	57.96342640155529	0.09010578178140882	57.9148600286984	57.97865612058506	58.02748230443258	58.98239836108284	0.12150493344957575	58.91338957715061	58.997191158500584	59.06402988783701	57.84634274535185	0.08980620934960126	57.79917735760134	57.86079456051018	57.90673348046329
3080000	59.001871794614416	0.28763397464103047	58.81390133397718	59.01117627735594	59.21854205050593	57.99849126702162	0.16422920067663585	57.90123090688413	58.00821227042299	58.110951941802725	58.99423882630591	0.1949528413638888	58.87894803585519	59.00586342281176	59.12514033199046	57.97926797042418	0.089544354889967	57.93619676907019	57.995084927057555	58.041175847136046	58.83006277125089	0.18447365260848497	58.71964031964825	58.84273534817117	58.96117100616293	57.97397087060911	0.08887083420317382	57.93029594591749	57.989903020633136	58.03099278618603	58.987859794174824	0.12454485001731462	58.9175762157557	58.99299031784343	59.07484807088153	57.856337742162296	0.08885409068084196	57.811648359746656	57.87139181136941	57.91791533214123
3090000	59.00016852297322	0.2896328355557007	58.81891481847036	59.00773600842864	59.199962811065184	57.99734307886511	0.15888436049252172	57.89979455021255	58.00727589067111	58.10289233705431	58.99720713220801	0.1840967289190698	58.88086869009301	59.00521852220234	59.115809013117605	57.99000638999735	0.08543010850354331	57.937432783048564	58.003679318427515	58.047087425214	58.83893260839893	0.17618158305228285	58.737470339339225	58.84884059281975	58.96523482958028	57.98159114453312	0.08878263069067553	57.934974007999394	57.996867916138584	58.04241878768573	58.99178870216731	0.12039486657138676	58.92761065227529	59.00507931889602	59.07092291949663	57.86672071163502	0.0885493481387572	57.82128696266406	57.88241637808383	57.92817605056753
3100000	59.010486706330994	0.2955338758718173	58.814918679224604	59.02818549637543	59.210211940952384	58.01046146923629	0.154015506379574	57.92110303985482	58.02061459483973	58.11592995247668	59.01095154350205	0.1830622038072778	58.896505701773926	59.0221934315843	59.14280588018984	57.99760641836601	0.08515050948125959	57.95087594777771	58.01235962816207	58.054659303614606	58.84470438648825	0.1824688228739267	58.73287280908577	58.864375020424525	58.98355461959686	57.98997430582824	0.08573305730741364	57.941340400162986	58.00415218233748	58.04958833791088	59.00270860930366	0.12531242884210114	58.92561174363372	59.0156865610993	59.0955572391835	57.87439105863168	0.09016525077156319	57.82782286486494	57.893099308757726	57.93456635043021
3110000	59.02816384056601	0.2764842931234335	58.848504795074874	59.03127970946635	59.21302634247047	58.02185598974813	0.15977507627047188	57.91626538533454	58.02779338898397	58.139905719519604	59.02007778465159	0.18689361901481202	58.905067639898036	59.03472205489869	59.146439511317034	57.9990593987154	0.09210083266167786	57.949937349686266	58.016459858518644	58.06483659419931	58.86334476125039	0.18360082817241494	58.75529086226337	58.880889049471314	58.98995044977233	57.99968650615001	0.08892276028545372	57.95684784836702	58.01243144091592	58.06028981801474	59.01599319284987	0.12112233825004441	58.94314990231976	59.0275079337481	59.09809897191167	57.88344001992254	0.09047090886390877	57.838057025608364	57.897918890413095	57.946165211115215
3120000	59.03277708833481	0.2812719276336996	58.85442244293984	59.03989780435472	59.22277716210977	58.04071388857063	0.15080686223336384	57.94932966698045	58.048864244324406	58.143861269649044	59.02759645001534	0.1815370955613353	58.91033351749255	59.03621746165352	59.15600515856194	58.01298001308856	0.08568239497244988	57.96627453421255	58.02816114590701	58.07152809647052	58.86890201862473	0.1758756896622535	58.74966299474161	58.885309771257894	58.994907459495195	58.0081071892696	0.09055207417676464	57.96459349317901	58.02324652694318	58.07160513818944	59.023220817757824	0.12443882877286945	58.94797001242952	59.034857927562584	59.10869623795209	57.89411177824614	0.08893369320292444	57.84890032982069	57.907643974206074	57.95393642115839
3130000	59.05161357077647	0.2936658632139084	58.875530704570565	59.06377846350179	59.258128970989375	58.046503285348756	0.1555326026731206	57.94857153917448	58.05058504208071	58.15675871140966	59.04516016967801	0.18509757486942108	58.92926159163862	59.05524719465548	59.17484528723652	58.02885651040895	0.08109905594266012	57.98807816983223	58.04028420251096	58.0823406137441	58.87836413586151	0.17782633245983714	58.77065807777848	58.89260519364774	58.99854523899231	58.02173648957376	0.08681789818362014	57.983616971017746	58.03730627710023	58.0802281479692	59.04039027240534	0.1206319221230909	58.96868857531999	59.05069796133302	59.120919405820004	57.90259432919379	0.0896620262911424	57.856972091750876	57.91637119716525	57.963299867037286
3140000	59.06089893165125	0.2762483137116097	58.880919321139615	59.06470731791249	59.24570386849774	58.05452177153886	0.1496207549205692	57.957384466105594	58.066227585129276	58.1567804508335	59.05268106498452	0.17761147198736854	58.9326257308568	59.0639160123375	59.17489974897416	58.0376269359705	0.08517102369267243	57.995252912983744	58.05131470190682	58.095632417707776	58.89272735568829	0.16981711962758514	58.7892632260026	58.908139142738214	59.00771718138955	58.03310086457584	0.08631730478996599	57.98835434889534	58.04861011436425	58.09104952219021	59.05120092360503	0.11206398764806534	58.99035023769369	59.06151771111827	59.12618220846447	57.91163234170399	0.09018812925482016	57.86432495843622	57.92385117191657	57.9721738598894
3150000	59.06768947900066	0.29030635821059786	58.87168252336351	59.08288509382595	59.26928247680914	58.07336127557941	0.15341049880232518	57.97814126938458	58.08068772516254	58.18556777770584	59.07158732424058	0.17918861279583154	58.95043793249233	59.083769616976575	59.20144925382548	58.05043313757623	0.08297900182053337	58.011827067066925	58.065503098044275	58.10515028559821	58.9074366092761	0.1747289124983615	58.79245915712441	58.91836859376653	59.03208370726174	58.04585623866711	0.08586833089623434	58.005348890846406	58.06033117480803	58.10465882629932	59.062472069971406	0.11513064618575818	58.99802665284589	59.07348486647889	59.14032719083516	57.92245060421802	0.08732614218975408	57.87336897556355	57.93595949994914	57.98298606297116
3160000	59.056282101483674	0.2711820757542809	58.880967788502964	59.06658254527526	59.25064238734899	58.07267540460505	0.15201854573981002	57.98256209318765	58.07718751220125	58.17633002897543	59.06687072347095	0.17836938794106244	58.952019834204805	59.07077054345258	59.185107867229775	58.05842146257636	0.08141231727004204	58.02042586089966	58.070669574277304	58.11534597777275	58.90818463489331	0.16641222652694185	58.807246017296706	58.91615595280098	59.0222925233345	58.05245506033886	0.08419307317702007	58.012655351767094	58.06863185648754	58.108261807150555	59.06655392636552	0.11463064215033156	59.00113730880878	59.08016679395476	59.147107149984784	57.932204281483784	0.0872711224674167	57.888077038266964	57.94304048227175	57.99160213752585
3170000	59.08387860269006	0.28476185407614324	58.90352515284053	59.09737715156429	59.28988913745128	58.08175628337574	0.14519229299900466	57.99080122441004	58.08871293267488	58.17990569231564	59.07918597600109	0.17791032847848792	58.97482938612025	59.08477492489892	59.19869666833561	58.06619921943836	0.08409753968849655	58.022868635218884	58.08117351595972	58.12333990409866	58.9188069588571	0.17046064764751576	58.8151523651664	58.92877572858562	59.040592553347764	58.05996163420482	0.0848361065528256	58.017555666559126	58.07738646629824	58.117539084327866	59.073226643192086	0.11406272770150631	59.00809995716585	59.08193083428153	59.15055683978447	57.94208048918558	0.08691691728522194	57.89894312816842	57.954907834872955	58.003111531138636
3180000	59.11210369937732	0.2838678564832086	58.924120203536965	59.127218048247876	59.31618610290983	58.098158956156794	0.1464931156537238	58.010154355596455	58.103825873037025	58.19748445141669	59.095868167607705	0.17610161707379304	58.98097980117062	59.106838408272225	59.21945218905603	58.07275729381382	0.08733443064265435	58.03242093320293	58.08994536659631	58.13191719209627	58.932756454595264	0.1677491259805112	58.82852503697233	58.94595535730404	59.05009502275475	58.07088966909923	0.08397884597341694	58.03554397135686	58.08679764925063	58.13000948253557	59.087532060891746	0.10860503223587041	59.02640089770328	59.09744172800923	59.16332436311931	57.95103152025759	0.08727282196622578	57.910766244093985	57.96401423978654	58.01170189806342
3190000	59.1170770010008	0.27039078331761174	58.926155114742684	59.129315207969576	59.30920674161712	58.09796095499438	0.15544857554140382	58.0017061439235	58.1067756568069	58.19858272832654	59.10130783909552	0.17201316356626875	58.999258613394005	59.104405234952196	59.21517509900261	58.082757155149345	0.08365678261079744	58.04163432270512	58.099644269991344	58.13941184927821	58.938262337076814	0.16977282955160064	58.83274188027243	58.950478113496786	59.05725352917368	58.08096628566694	0.08524509794032785	58.04207141287908	58.09800694317797	58.136525025441074	59.09300233723941	0.11476115568775846	59.02497839258224	59.10246898698084	59.17218743642622	57.95968887317519	0.0865633696263766	57.91834668413273	57.971358263124394	58.01859477730322
3200000	59.10444718989456	0.2795724884625505	58.922400296408945	59.123738567308386	59.30191394693569	58.110902139121	0.14238612888133462	58.020051533163695	58.11818297465323	58.21509123398802	59.10607231839512	0.16926956047180647	59.00584029980106	59.109174412933974	59.221435463507746	58.08878898906785	0.07972417124233132	58.05310988512578	58.101447531124094	58.143486935303635	58.9495823418548	0.1674086453524645	58.85038687832929	58.95787056055459	59.06578806469327	58.08771634291081	0.0855551890950303	58.04767875042883	58.106371653183004	58.145437388262856	59.09890610728562	0.11118085059786245	59.04222897073249	59.10795107947915	59.176000779949604	57.96792397714514	0.08581125485357557	57.925594734030746	57.981392477520146	58.024407461956265
3210000	59.1253659386436	0.27471549901775083	58.94015439449196	59.13651337005746	59.317615501950584	58.11981757437441	0.14494997064035706	58.02737910051773	58.131155925887235	58.222215773488294	59.12017609599349	0.1688509022121565	59.0158764675953	59.1304624609714	59.23171245548212	58.09846576383027	0.08263769555610075	58.06018912776305	58.113324210290955	58.155184024696204	58.95483534296605	0.1634726848897222	58.853459657835856	58.963890894754435	59.06462083677568	58.094123442198345	0.08597593258685486	58.05358373450361	58.11054506747299	58.151006250249544	59.109391591246556	0.1123786294066126	59.04212918218049	59.12007500542131	59.183535732752034	57.97730701663336	0.08481619655254419	57.93342400138279	57.99271160037972	58.035685925794596
3220000	59.13181099388863	0.27512075294496735	58.95598189425238	59.139549271578595	59.33240783908569	58.12669716356431	0.14261736652611648	58.03243896447056	58.136155075233944	58.22660063446835	59.125083389599034	0.17018221786620918	59.01873698380301	59.13696084824561	59.2398153406482	58.10694324807288	0.07974976800536479	58.069525164519995	58.12121500431703	58.15972947497656	58.96215732532476	0.1642117406726209	58.87474486935852	58.97570139997961	59.07357474363968	58.10423939929177	0.0817609979576262	58.065562551588016	58.119788614141	58.160460468321624	59.12051016108114	0.11032918992489565	59.05712143774023	59.133147092751884	59.19308322865672	57.984858357914106	0.08404488746747169	57.942688383540116	57.99823540515251	58.04390190277106
3230000	59.1401057904473	0.27492376098840704	58.951267648372536	59.1505097745706	59.333571601384826	58.14620516771161	0.14468084998917963	58.05741636686066	58.154318430460215	58.250083482120715	59.141790066043846	0.175132051590819	59.025585728835765	59.16097325223228	59.2673837704348	58.117177355608916	0.0793906288475519	58.07467531253968	58.13224024118418	58.168640308745566	58.97537424169007	0.16066666825785006	58.875700049566355	58.983900752030976	59.093019318577674	58.11197146663532	0.08182700270194893	58.07154653386389	58.12516433724909	58.167101690071405	59.13159090485431	0.11601809734331055	59.05841612538991	59.14828694768126	59.210290305400164	57.99296573044251	0.08455992829544962	57.950917965240095	58.00523000501424	58.05318844170563
3240000	59.131925623379736	0.276464851654908	58.970881864895034	59.14149677267107	59.3201463627973	58.146223693149736	0.1436856933443172	58.05397545040252	58.1484383590234	58.251711437010556	59.13787860790175	0.16897173145232455	59.02999545737761	59.1380734741115	59.25814498023541	58.12866660667129	0.07839386510206059	58.09251066108146	58.14001516602946	58.17923563529399	58.97316778198188	0.15925229558453413	58.87706381890265	58.985955905909734	59.084205329205616	58.12186639476797	0.07957911966687381	58.08258869798583	58.1338799095163	58.175822782902145	59.141890327914325	0.10825675330992864	59.07846762359475	59.15388514871272	59.21623675683419	58.00143530575366	0.08357584269798196	57.95905061952347	58.013650999188414	58.05849822353808
3250000	59.148352251748676	0.2748259672786305	58.971931889581356	59.16069435733719	59.341458310423874	58.159271460821266	0.14521514779182668	58.07262689597192	58.16522233340679	58.25761371039721	59.15541284383428	0.16807763690955277	59.05053852759542	59.161527881886656	59.26897844703885	58.13735807173362	0.07802324335079487	58.101408445529046	58.15139058568644	58.18848561077056	58.98841089635787	0.16306948316951245	58.88027315711231	58.9994262254258	59.098088780739054	58.13179991643	0.0798884997856842	58.09338209535871	58.146664206766886	58.18573215256589	59.15288752925634	0.11015174262522777	59.08451487484571	59.16642039061141	59.226999061484655	58.010630189194096	0.0830995279403192	57.9706474044866	58.02356438499211	58.06840131300896
3260000	59.159921735897335	0.27534082898344137	58.97358808972395	59.16988704088339	59.35330441903494	58.17261197755182	0.13876808793998968	58.08538503489511	58.1794985920567	58.27168899110269	59.16509630538296	0.16384024434810543	59.06814255994372	59.17708014419328	59.28102515656244	58.14603887071459	0.07835951238067261	58.107375142960095	58.16205759981658	58.199011528164306	58.99499735196062	0.16044928187859858	58.891344806566686	59.01257309147731	59.108769844627915	58.142961473034646	0.07884512355856046	58.1069521374007	58.15714834381848	58.19746661141464	59.15967388895214	0.10731017034630394	59.0942106756149	59.17204388647881	59.2337482394464	58.01992674450872	0.08237090511903736	57.97811778005787	58.033042333186195	58.07842912718606
3270000	59.1719286719583	0.2680752383159113	58.98693261940946	59.18032369941361	59.354351111780474	58.17504971980348	0.1422263705752952	58.084663583109226	58.186511684053364	58.2759851726516	59.179266491155495	0.16262610267976108	59.076846359299786	59.18671214686505	59.286006592913246	58.15621484377845	0.07473428703111298	58.119479042192864	58.168602160109366	58.20836424833842	59.00813037342214	0.1580707226871546	58.91394432980436	59.02314899290326	59.128979938571746	58.15205511086479	0.07767475594794354	58.11635495825688	58.165131824709675	58.20498157866882	59.16802186748957	0.10235469334606596	59.10417954786274	59.17096152905448	59.241467929352254	58.0282153962773	0.0809280901088082	57.98617958032483	58.04157044745547	58.084951400303424
3280000	59.18167003369464	0.26631068724795615	58.995892502742414	59.18646843098289	59.379843942852	58.181429529920145	0.13665249169047844	58.097787452144054	58.191387752082434	58.27577316432021	59.18371039028411	0.16082072045395063	59.081256795823045	59.18880194159906	59.29336974596178	58.16023131373501	0.07770632031926612	58.124629285615214	58.175477619385006	58.21353232101119	59.01742157302246	0.15330827831845437	58.9196439113562	59.027956636476944	59.12598134285962	58.16133280922643	0.07223580230992187	58.129481668834124	58.172266006380255	58.20895505600897	59.175163584861295	0.10319840854212334	59.12151876001745	59.18688457755747	59.247457837409414	58.03496910505286	0.08262670028888396	57.994333583356735	58.04646669005425	58.092656746539866
3290000	59.19006048334895	0.2610146847698228	59.01718225881912	59.20597002025178	59.36435346675842	58.192374615055165	0.13424178345078155	58.10992456728717	58.19985622025324	58.288523726804094	59.18398837930851	0.16461607599731892	59.08108662659656	59.19034909903313	59.30110221116552	58.170518325578755	0.0736333451569622	58.13238246756479	58.18484208067106	58.221955371207244	59.02252295875119	0.15902353800494992	58.93158438854328	59.02925075813495	59.13399909178514	58.16720816383845	0.07700547828979981	58.13282892694593	58.1802294407311	58.217746216311134	59.18920177827078	0.1046564253275787	59.132189480080385	59.19867221930997	59.258797457982624	58.0435381086122	0.08222426190027138	58.004498056801374	58.053105918681325	58.10132435250276
3300000	59.193450824005076	0.26219199802494864	59.03483203176523	59.19284147124997	59.37352972246201	58.20220730209683	0.1351109494728844	58.12367013329032	58.20650676682052	58.29878950722403	59.19286619144223	0.1592870846285342	59.093568874267106	59.195967744600225	59.29260367266452	58.17885747018098	0.0734103054525624	58.149319968398075	58.192046026090765	58.22497388568512	59.02937944599277	0.15757482694031172	58.93399568481983	59.03889714293018	59.140839160387245	58.173287703685936	0.07849156358091024	58.14134988695212	58.186936717349916	58.226378310724044	59.19266924992847	0.11039081331388477	59.131546552088295	59.20603670594128	59.269924321237184	58.052845765375	0.08202911808206952	58.01247589637818	58.0612794305098	58.11070345927709
3310000	59.205546500349776	0.258077025812919	59.02656643937097	59.21968859557019	59.38905420186785	58.20181242792699	0.13325937877861077	58.12105231325603	58.2156829045786	58.29198295130699	59.20053570584797	0.15723825599676872	59.09741194868167	59.21074758585708	59.30911708968665	58.18566610443547	0.07400175016337851	58.15481200643442	58.20000037580974	58.235943499451	59.03677989774758	0.14786614548096447	58.94413598542103	59.042894085324534	59.1476725054661	58.17985499976968	0.07836140923617294	58.145026754949924	58.19643775749308	58.2337330614662	59.19589746549837	0.10430241499698152	59.136060044617764	59.20309545170652	59.266497278486476	58.06104696489946	0.08262092996705936	58.02135286973009	58.07079366185242	58.11835169419315
3320000	59.208691839886924	0.25488577921088706	59.042259712792536	59.223496574743265	59.38333331351204	58.21108928071459	0.13486939742821694	58.12944734480594	58.2163503383643	58.30367258436815	59.2140364328694	0.15128279898786054	59.11646145688565	59.22044199785526	59.32182078091194	58.19279420165189	0.07309893081426018	58.16059876636593	58.20727088558472	58.24129725037328	59.04982140335345	0.14723178962039782	58.9544754841938	59.06305966367859	59.15967327344879	58.19010740549837	0.07596304664775738	58.1569164183435	58.2051024122987	58.24038466052322	59.20504729433971	0.10301000265940853	59.13943592740188	59.21663863678383	59.27687169398199	58.070059478077106	0.08082245370712861	58.030455664197575	58.080995462046666	58.12434422605066
3330000	59.20846904983215	0.2701462577024973	59.03104512250309	59.222976892966614	59.39999786601757	58.217277311040064	0.13322322305812723	58.136482819143886	58.218440677050836	58.30746213418995	59.21629279760084	0.1610613859703918	59.117581807628405	59.22690889117696	59.322634509038906	58.19881688091266	0.07521547492097974	58.1672488605967	58.2127834116001	58.247674658833965	59.051279945185186	0.15533611896848076	58.952788336207526	59.061122704381376	59.158187603255854	58.19760954759792	0.07668657437416743	58.16399481244726	58.21527895431683	58.24791654363571	59.215125709366184	0.1083291264853036	59.15159957158127	59.22671336554936	59.2900953640956	58.077692466601896	0.08061110733368478	58.036112756121625	58.08955067930363	58.13066966507412
3340000	59.230573656249646	0.26246505914009405	59.045194814497094	59.235623622991355	59.41987879049512	58.23213997396014	0.1371409145997075	58.15030487520306	58.244046704145674	58.321720114905986	59.232946834583466	0.15623693214295684	59.13636334534455	59.23609041274882	59.33881428487895	58.20821641695237	0.07368770036190891	58.178538909671026	58.220682115532895	58.25496709584247	59.07455745131183	0.1515288736030441	58.981116467664485	59.090449952370264	59.187411143987134	58.20617545479724	0.07587997925863502	58.173209686713754	58.22173093935924	58.25645734760678	59.22679200018078	0.10847599162056605	59.167050423906595	59.23611623066684	59.30231195586746	58.08587749935204	0.08041824077381012	58.04659024689569	58.097352166642395	58.139818478791426
3350000	59.24415027623759	0.25449447646952916	59.07595827820944	59.25614835345341	59.4230258258831	58.240763888836874	0.13124571439476132	58.16292498103326	58.24977790489518	58.33053611397351	59.24049309837048	0.15434164505793202	59.14137251816885	59.25062343376709	59.34252449461868	58.2148045154451	0.07520220505354423	58.18495756097494	58.225069824973026	58.264134070451554	59.08160108898099	0.14543517059158834	58.98905291342073	59.088161614053284	59.18378390601433	58.21109945596948	0.07769776791856214	58.176999051767645	58.226897219587336	58.26256019759818	59.23349027895194	0.10275289820228645	59.17449410646909	59.242600203001274	59.30023799430177	58.092941902795324	0.08030196312082145	58.053819984603166	58.106116273586075	58.148387196151205
3360000	59.243523925574316	0.24758017047367295	59.08205930919105	59.25509251861668	59.41278443088729	58.247996742781325	0.12712887157997557	58.1658831830118	58.2604797900088	58.33818324274712	59.24989251492133	0.14468649839908462	59.16422497095692	59.261309010188455	59.351351464564715	58.22347602965834	0.07143237222794158	58.18862707492808	58.23592431814	58.27068654394767	59.08930895641396	0.14445964027821961	59.00231701816859	59.104811464925184	59.195166258083226	58.217304952557775	0.07609611232413045	58.183414153387446	58.233392205248386	58.26947291312224	59.24151981053655	0.10344128992023247	59.18399336299329	59.25343255310972	59.31271750878233	58.100499626787496	0.08025363621266726	58.06030653830968	58.111263842883986	58.15441181406691
3370000	59.24920699514989	0.2585528292382287	59.081379073064305	59.27065432211057	59.43182485754412	58.25520831823858	0.13333784386384848	58.16867533990505	58.263004059389196	58.34675239979214	59.2548907804378	0.15213083710917827	59.15830355875531	59.258462273739156	59.35993593307102	58.23130205429963	0.06943669517622714	58.20171085737586	58.24386297098336	58.27698558024827	59.089280076000726	0.1499614948048428	58.98948013062036	59.09738284339825	59.20240148696806	58.22467996842476	0.07486738073043153	58.193712380899484	58.238918085101346	58.27338591862882	59.252215673077735	0.10277635763888412	59.19762587032899	59.2607911098694	59.31824504178561	58.107497739023316	0.0788187206758622	58.07026191192291	58.11705606644483	58.16089379244646
3380000	59.24354545608463	0.25823983456984156	59.06880866017215	59.25312842822073	59.4242414711373	58.253735233801166	0.13160753446059906	58.17328447000568	58.261653404889564	58.34562835302862	59.25108831877847	0.1533121743998297	59.15883026202367	59.25999052580314	59.35069871644674	58.23996815153683	0.07220632350134405	58.20759340388426	58.25408829254583	58.28649479163525	59.08935868712821	0.1544018143150048	58.997455281213846	59.1013563927379	59.19794576855142	58.23489407842182	0.07288815944383265	58.20147339940287	58.24760554628885	58.28370966942724	59.253403536237165	0.10262938953257952	59.19508277588986	59.262843045009944	59.32696361707732	58.1150852164961	0.07852102925462258	58.07742658415846	58.126799614196884	58.16862263310465
3390000	59.26952548892647	0.2545617183036926	59.10390378864021	59.27994686540114	59.446090984603686	58.27815965758336	0.12389949257120557	58.20235241258503	58.28587210371794	58.362863383718484	59.27449189117448	0.15269433692042195	59.18122670695131	59.27956638235746	59.38075589372746	58.24748053587231	0.0714007508301016	58.21590178903484	58.25926466673555	58.29558406155938	59.10957303705789	0.14613925648793502	59.018657431559255	59.11700039906738	59.21372917651708	58.24550127933455	0.0683513159128525	58.21717212434578	58.25690741735814	58.28912706194378	59.2661716966068	0.10244564581909807	59.20909758737375	59.27715213656861	59.333697867752626	58.12173955452688	0.07826613352837394	58.08255449818301	58.13333743020506	58.17577860262701
3400000	59.28221656175144	0.25589326559229125	59.112445463986475	59.28914354190813	59.45692333824788	58.27825989422116	0.12367233437786881	58.20574090699605	58.29214469014221	58.36189220591394	59.2802884959415	0.15497458770179515	59.186535756423595	59.29226040088871	59.390163271871344	58.256595172635286	0.06931676284257698	58.223572334829036	58.27059101745351	58.30174918805514	59.11285881558433	0.14903440606524374	59.02127458704238	59.12827571231479	59.2148558364604	58.252643991636276	0.07062352316131466	58.2263523725491	58.26418446993158	58.298500527120574	59.26764295897223	0.10532702095428506	59.214847257079	59.27926147377155	59.33307099052864	58.128494800262	0.07820272528798987	58.089932054455005	58.14021377375184	58.18091747766607
3410000	59.296667335341894	0.2623419476351894	59.130433694347865	59.31782013675692	59.487053636189074	58.29164308371712	0.12129732875538657	58.21523455395483	58.301412644165595	58.37670657417686	59.291559217507796	0.14435646045513384	59.197766513153745	59.29748332643547	59.388830577754796	58.26286501323591	0.06839885690328618	58.233252072861944	58.276705978959754	58.30904117227024	59.12540069882766	0.14729710012761743	59.03258045769444	59.140821368830544	59.2297597315128	58.25967926085962	0.06697484859055511	58.23158058162934	58.27196850308605	58.302247163790895	59.284174876410965	0.09724687865067008	59.2245316088954	59.292033191071056	59.35163215001007	58.13521462960511	0.07860885880704484	58.09828054747529	58.147902665206985	58.18815614144948
3420000	59.28592477916787	0.24642651447235892	59.114704105433425	59.29745612442834	59.471277057522826	58.28933935473967	0.12009882882939235	58.21272169732758	58.29027644852904	58.371981221789454	59.28825921856875	0.14294397552707397	59.196800146986305	59.29636932150781	59.38357986257946	58.267879766077264	0.07145270020272386	58.238228461260775	58.282973038459076	58.31531391305569	59.121432031794804	0.1386884100849696	59.03701874099678	59.130147354786004	59.22096259659102	58.26683656599733	0.06802014126801297	58.2415032966992	58.28053204332797	58.3120142176339	59.29019030533218	0.0982020518156362	59.234085440466295	59.30449549197638	59.3585297710446	58.14212593470312	0.07863294810641724	58.10472052846675	58.157049169346905	58.194524363753374
3430000	59.28319318255338	0.24281884559314948	59.12867924223225	59.29277666854953	59.45336975398192	58.29479955140899	0.12087366791754153	58.2126838449681	58.301568005707864	58.37803120248987	59.28604606519844	0.14846363272012358	59.193840708097916	59.29805029343192	59.38407915675995	58.27588438596407	0.06926066185621951	58.244493021576005	58.28965071291604	58.32418947052153	59.12142591178069	0.1438587003183184	59.027533257566645	59.13131583779548	59.225675273818844	58.27141375194527	0.07022365808520979	58.24259526416161	58.28373941631095	58.318298273052996	59.29400609160822	0.10004370992686154	59.22973026297916	59.305156080442856	59.36234122433379	58.1489628251969	0.07981235483132247	58.109964460700915	58.16424095679746	58.20160005861309
3440000	59.299589155860474	0.24442430208970667	59.13757661692452	59.30665420773927	59.48654412010301	58.30260311744555	0.11798377570445782	58.227839555643826	58.312717995496826	58.38609112631218	59.29913988703012	0.14373102011920838	59.20886469550278	59.309723409987	59.394142107445745	58.28211235663418	0.06839988118234205	58.24800455682768	58.298117818285135	58.328657643927926	59.1389250032709	0.13992501056290074	59.05193581284494	59.14753230427368	59.23916206081111	58.27997030255309	0.0684703655772905	58.252454731416414	58.290596480556964	58.324883571411775	59.29742095607867	0.10121971294014956	59.241135050501356	59.30595228138361	59.36313336358123	58.15581292893927	0.07856229271493348	58.117111317126195	58.170370895337896	58.207596702790774
3450000	59.31624994539084	0.2480839566182259	59.132776851929506	59.3255758844375	59.50077430660524	58.30963113245528	0.12308577565272259	58.23098611460775	58.32169597825235	58.39431281828581	59.308613455750965	0.14566890657480808	59.218340538871715	59.31686205325997	59.410474238527705	58.28910124468207	0.06500995983095444	58.26077214649589	58.30194956833977	58.333131171218014	59.144257536938234	0.14198421243985132	59.063136966455836	59.15284984505236	59.24044526721843	58.285970179999836	0.06930101211050961	58.25668672850719	58.30003410934229	58.33180988548918	59.30441494696825	0.0983085917451381	59.24941064910653	59.31156398468923	59.372574100281405	58.16315495973052	0.07727810480976215	58.12295267696464	58.17750360496798	58.21672612417943
3460000	59.30142350910707	0.24622669347998108	59.14742417736056	59.318234342304336	59.46953987022207	58.31124375909745	0.1189866781127073	58.23610289980132	58.31260605412514	58.39250838129917	59.30887592666145	0.14281560349670058	59.21297003531651	59.310810100605224	59.40157846142229	58.2951658860569	0.06541620321546875	58.26492217655823	58.308200791208726	58.33929882600392	59.14631033110546	0.14242260587023733	59.05496610761342	59.157035398743005	59.24447532921149	58.293016909302985	0.06875373373883877	58.26328773246692	58.30676395773301	58.33777716768695	59.31285014641534	0.09360878018233598	59.2596218105931	59.32364200782769	59.38012914711473	58.17063430283859	0.07607226847324108	58.133396319461504	58.1859146335221	58.22222807892481
3470000	59.32504501839981	0.2532212309852673	59.15705062550997	59.34078681546693	59.50564393843699	58.32212462107084	0.12474618941411876	58.24750195243605	58.333552465508554	58.40745787927591	59.32106167623428	0.1460308518515606	59.22668266579969	59.32945399175371	59.422410164535634	58.30108630738044	0.06580388771499765	58.273413704916386	58.31604540655688	58.34426293191874	59.16041640008546	0.14584734538466465	59.076457106745465	59.17119392721138	59.25604171779037	58.300193537876126	0.06994668926370659	58.27227221276431	58.31372486983416	58.34608120207467	59.31634706781032	0.09848739531874363	59.25547256438736	59.328695147522815	59.38637800578256	58.17786726979672	0.07581306828193525	58.14089182207951	58.19292852468933	58.22854431885378
3480000	59.32701788281324	0.23942251639957546	59.16196722528669	59.33926806214333	59.505123268795195	58.3351440620179	0.12236766520266981	58.253822539326165	58.34117817317514	58.41710450299249	59.33530913801858	0.14262513963851814	59.2516738554487	59.34017944802589	59.432095437988465	58.30706524306346	0.06924077178999262	58.279681834368205	58.32296441537313	58.35153172261066	59.17569433472059	0.13777472361769932	59.089812169329484	59.188399252753655	59.27452039436217	58.307189669163876	0.06939145032892811	58.28054028647594	58.32108170381363	58.352786084829816	59.32479041368743	0.09831779448999811	59.27175458277074	59.333960913178814	59.391616562226204	58.18393852075666	0.07547544295909665	58.14326978538328	58.19770738905943	58.23431863284678
3490000	59.34788408839377	0.23670460934142282	59.194303117389865	59.36977827847764	59.517607565854206	58.341409456723206	0.11690655528772485	58.269531335492786	58.34865012208097	58.42660192079198	59.34666977606983	0.1357430662286797	59.26668430265296	59.35188286512308	59.44795180422186	58.3137010400009	0.06711737361838475	58.28794857268438	58.32903545033592	58.35724428092689	59.1839739912058	0.13434633022891743	59.10291233276996	59.18794991501447	59.281850583436864	58.31314387765259	0.06856711795761758	58.28369267443183	58.32860713185429	58.35834600940038	59.334752598149855	0.09354508069178155	59.2844256816106	59.343864980655226	59.39957290620145	58.190287429924844	0.07579058934067723	58.15241570311079	58.20265283894487	58.240916057114816
3500000	59.342565068827646	0.24064891211978776	59.177131205800094	59.35886498651462	59.51042228004654	58.34746740548219	0.113772256005096	58.27835996117848	58.353905675069655	58.42601237325154	59.340487314130584	0.14044823865549505	59.253921768050276	59.34752889572893	59.436060662187394	58.32200005415493	0.06562213090693383	58.297131098185616	58.33538189406183	58.36346905452595	59.178169733238754	0.13705206726359528	59.09257964756128	59.19167197673711	59.2802270853731	58.320185924942336	0.06492290416184875	58.29356482827472	58.33343470574344	58.36340043872346	59.33816064761907	0.10010460662010716	59.28747522761542	59.34984275783418	59.40330141666973	58.19628103833173	0.07470914699666034	58.15929140841726	58.2092002241087	58.245589330937484
3510000	59.35155742202937	0.24396888072374442	59.196180848110785	59.3720417315415	59.52968306342764	58.349233632916366	0.12361804841489885	58.280641971098404	58.356852717964884	58.430964185596466	59.3492813408721	0.13905151568649954	59.26636989964329	59.35807769441102	59.44307272908228	58.32646535381206	0.06677598357698897	58.300699696143596	58.339931496771214	58.37076341757529	59.18694155808737	0.1419061532647282	59.0996247804961	59.202824260415724	59.28909272031222	58.32653458133258	0.06318665203170956	58.29866768831328	58.33879739665864	58.37021215864617	59.34405933988872	0.10165352942070474	59.28977881124011	59.35630881586705	59.414382628274325	58.2015871061805	0.07392746421837855	58.16223205631061	58.214620761519456	58.24923941870009
3520000	59.358953146048506	0.23869609446317722	59.20299479094541	59.37085836450714	59.53541591183375	58.357876783255016	0.11561633494382692	58.282008269934316	58.36910420266033	58.437610240312246	59.358584193960986	0.13199803101084337	59.270315721498385	59.36123576162766	59.452679350083756	58.33375998444719	0.06850112576193218	58.309594901673854	58.348562851150234	58.37716523425139	59.19456943666563	0.13471854662729477	59.10752740871608	59.20236755968033	59.290075076493174	58.330439571358504	0.06681496817192271	58.3088218390113	58.34379841890725	58.374208284779094	59.3559636791746	0.09467369603466591	59.30540180877282	59.36468341084409	59.41944476941319	58.207273197922206	0.07303296486079117	58.16893728777378	58.22065736143574	58.255199220894106
3530000	59.376835402836946	0.232389861719461	59.23364295628896	59.385730796225495	59.54330473732038	58.36838935916821	0.1123850613241281	58.30279351339027	58.380397196327976	58.44331631164337	59.365922561453075	0.13531439071601262	59.288738592623716	59.37217518656725	59.45737279472901	58.33813127598788	0.0671587996637346	58.312258557353	58.35339648011008	58.383256271175405	59.20750136241311	0.13245735118829946	59.12697184105397	59.22255122041024	59.3034370475514	58.334611202545624	0.06734928996867635	58.311803174473766	58.34950602421354	58.37855840685195	59.36431004198058	0.09464292024205526	59.3074278195209	59.374978931722595	59.427334221806646	58.213434286289065	0.0718861031878576	58.17881647962176	58.22571668753051	58.26252082552812
3540000	59.38484263482615	0.23754234915548936	59.22388080551582	59.38923999362137	59.565063982995305	58.37315619084378	0.11436715900778928	58.30312834671644	58.382730213074645	58.454034182083745	59.369596506062365	0.1374690164540109	59.281351936643375	59.37923748641852	59.459783255015765	58.345944633354485	0.06384556755309125	58.31889389648335	58.35976466097918	58.388277961336186	59.209491226393304	0.13678226580878564	59.122763571939814	59.22085734787604	59.30812718147443	58.34285896001175	0.06534030155301214	58.31536019854249	58.35714825250484	58.38569330131193	59.371561425687915	0.09232751942701968	59.318855633609516	59.38126369047487	59.43503427627955	58.21906729987509	0.07292742107311201	58.18469967749525	58.230148657759614	58.2691390421072
3550000	59.379861943420025	0.24492201952574483	59.218564824526695	59.40314046728925	59.55282047386632	58.38008096590259	0.11356138500863064	58.30936520521705	58.38760518090156	58.4573921151785	59.377487670044026	0.1339199746657948	59.29419626167984	59.38551612422525	59.470320148661315	58.35186704974819	0.0664120827520879	58.328720785992836	58.36437857767274	58.39357780038923	59.21719411608985	0.12862307675379503	59.14100036962773	59.22645723029734	59.30908836176437	58.3488152228541	0.06538505776770025	58.322190946231814	58.362524742989905	58.391320677946	59.379704776676675	0.09159403241864181	59.32885688728159	59.39035839934853	59.440872442527876	58.22561748409658	0.0725805920302782	58.191482512460155	58.23765600801654	58.27451786572447
3560000	59.395873195244036	0.2326515900651077	59.248631604414804	59.399447667998395	59.564273816586194	58.38636686043698	0.11477280063182456	58.314369063519166	58.39409785080095	58.47169865681961	59.386953158998516	0.13628027644172785	59.30469748308572	59.39934732511758	59.479635787614484	58.356794222047476	0.06907521352458164	58.335829142063005	58.367964375706094	58.39971531963481	59.227514316134744	0.1299649418821377	59.14956907281513	59.240399556823256	59.315672840086975	58.35488382792169	0.06475298871426208	58.32867403532445	58.36555446142772	58.39914315735155	59.38321148653893	0.0880994924217425	59.33712805464425	59.3882147208807	59.43994935626324	58.231920034076055	0.07212429469186213	58.196325209527686	58.245143254555074	58.27969745899547
3570000	59.387400640543184	0.23350977484186475	59.22449200877836	59.39809955701588	59.565709109923034	58.38933352965195	0.11599553380168161	58.31916028021535	58.39801715592577	58.469351308721606	59.389415534806005	0.13046258560738072	59.303361571703434	59.399762798408375	59.473688044880504	58.365397997354165	0.06407878186475491	58.34206565038451	58.37637365271798	58.4077175001422	59.227268535780475	0.12359909684169464	59.14779117671809	59.232477234487575	59.315041923323996	58.36467155256025	0.06471888425402458	58.34262158781591	58.3753962460853	58.40502330905567	59.38572780360474	0.09398809880560383	59.332707492245746	59.396522572741816	59.447289963835274	58.23737134813401	0.07167872234052795	58.203178093343155	58.247662885985065	58.28542653267114
3580000	59.3932288684457	0.237856951908517	59.235196632294745	59.41282326220042	59.56824897987052	58.399179569675844	0.10636869055709275	58.334830935678255	58.4052980483021	58.471748389701105	59.400521512217495	0.12966312142780514	59.326792795469	59.416121139710214	59.49013540426708	58.37070957949498	0.0634551315081294	58.346194583311124	58.383824327456466	58.41028560968288	59.24108275609735	0.12618875208027497	59.16839931870395	59.254818443239515	59.32978905716206	58.370061386285144	0.06824904906968925	58.34572572904379	58.38418195209455	58.41198596834042	59.395682013274104	0.09080963416943624	59.343577257343746	59.404856125194186	59.46074627634726	58.243673510621086	0.07080809361149716	58.20906524010281	58.25472391529423	58.288531646887115
3590000	59.404953096029885	0.2240476667384873	59.25513950995075	59.41792921045696	59.56307248954112	58.4056563949869	0.1033548920287138	58.34351995144956	58.41175343431567	58.47473644585131	59.40580591499271	0.1271727853045783	59.33046566775378	59.410444891158875	59.4977563554936	58.37685964105891	0.06271529900445366	58.35195748371153	58.388860621246934	58.41760927581343	59.24569290649581	0.13207746265668086	59.16384676400353	59.25914355068519	59.33635982459473	58.37501635117983	0.0667384748684428	58.35076729060523	58.38864274959985	58.41526834737477	59.40497355865407	0.09051893054216756	59.35583167204492	59.41273400746941	59.468793789013006	58.249597006696334	0.06949215703650607	58.215546666646176	58.26083016942579	58.295365999016006
3600000	59.39977681568077	0.23855868321891469	59.24904761040129	59.419320495702664	59.56920837961863	58.40712564359717	0.10521529398918826	58.34201108995253	58.418329586265074	58.48064999898435	59.411729270863745	0.12499001678163366	59.32916916112603	59.42083636423342	59.49912443418115	58.38255058277757	0.061469265505033614	58.358815729982766	58.39312506467324	58.42160503191325	59.24826193467068	0.12442362712422968	59.17428861821527	59.260629388206254	59.334955341568346	58.381604305205435	0.06716369968000971	58.35787698933042	58.396125994233174	58.42489302767337	59.40520163090636	0.09072072266645219	59.35903089840428	59.41509384042885	59.46576626742059	58.255544103440194	0.06863879280808316	58.220168341527746	58.26667739748525	58.30350981873296
3610000	59.41349330458454	0.22849208663748388	59.26135086483706	59.422694408526404	59.58430984444071	58.419215270400244	0.11166357601050003	58.34930460768208	58.4274491446121	58.49744802099436	59.417271997212	0.12985549025137785	59.333926901618376	59.42350735995035	59.508220347713014	58.38731106024666	0.06616147391453663	58.36675478359092	58.40122883821846	58.429124994529886	59.25400251560937	0.12876464997934167	59.17218806378599	59.26279260313457	59.34404027835552	58.38613205080734	0.06484178625113733	58.36706208579014	58.4004667334231	58.426302421277896	59.40724139863179	0.09318259309994353	59.351698941880336	59.41944460157262	59.4741580926878	58.26072315430098	0.06906485392715067	58.22613535055662	58.2718371311302	58.30836675989186
3620000	59.42346942641972	0.2322412326240402	59.27057583836924	59.4335318444261	59.58833522842023	58.41719148265479	0.1028062696170862	58.35699418528776	58.424466025086886	58.48892523654638	59.41643675392135	0.12948577314001503	59.33401950959974	59.41966366842469	59.50978580700354	58.39446054365678	0.06242401716732158	58.37103088655668	58.40782039943554	58.434595752720014	59.25778359430527	0.12829766602755574	59.184152080204996	59.265969809020675	59.351984718255295	58.39279776807026	0.062133326073582254	58.37362295005359	58.40755347131915	58.43078681283468	59.41869972697984	0.08850562163839204	59.369902239447285	59.42509528704987	59.47895376203704	58.26629057698109	0.0694681478299381	58.23163628030312	58.27878411810695	58.31280278360884
3630000	59.40652604998806	0.23046525483075475	59.252440859240544	59.41698444413961	59.57146438495309	58.42003180347962	0.11487249890300341	58.350636150475864	58.43280068979543	58.49762422778574	59.41912800830291	0.13279742577417647	59.33171613838027	59.42690148099497	59.51137023606861	58.39771972326021	0.06327686443050011	58.37666443750332	58.40999426199846	58.43909025510458	59.25711382257001	0.1302641555733172	59.17405127354317	59.270504653320096	59.346690112278935	58.397822051331396	0.06052960788636355	58.374624012383435	58.413484497810785	58.435841902430866	59.41942050833357	0.09429264320318177	59.36901764176831	59.426718998582075	59.48372306129971	58.27181271447094	0.06841499139244454	58.23864320447343	58.28242773213764	58.316730883087104
3640000	59.43763543049106	0.2286305390598964	59.28321852975171	59.44793143968202	59.61520932470029	58.42730055873196	0.10711216018730738	58.361147813251684	58.438152283646644	58.499785119058345	59.42816760531806	0.12804104883058384	59.35174383378155	59.43585038593553	59.51382498347385	58.40306929574045	0.06415344351795892	58.37954142949002	58.41659277744251	58.443008668698205	59.27215755286345	0.1272879915670701	59.1954308096291	59.28139740798745	59.36269830515184	58.4038778743508	0.061709243277957564	58.38325135113243	58.41524256666257	58.44001635317155	59.42593720876682	0.08565319401397996	59.37495014363121	59.4351500442855	59.48574812644459	58.27738620687447	0.06775540628280906	58.24317777640409	58.287644880256806	58.32368168748646
3650000	59.43285099550901	0.22491394627255087	59.27802009525224	59.44480702053268	59.59590657672509	58.44415708583431	0.10266843697975098	58.37970628035738	58.44878772057747	58.513474620671985	59.44245926767309	0.12431027348233639	59.37001580688985	59.452047462933976	59.5298336512149	58.41050271855059	0.06321544713810465	58.38643569914072	58.42214682373216	58.44993814909418	59.27949698028531	0.1256967541164354	59.195606382832686	59.292982140735326	59.373114449967915	58.407431440261	0.06324879678251326	58.38890976903325	58.42114833276173	58.4455339889536	59.436073799475416	0.08809016063871611	59.39178272780096	59.44628088429805	59.4926992383973	58.28270649171169	0.06873384016885649	58.248153654616374	58.29313103195723	58.32804226542652
3660000	59.44271088058145	0.2201144630521974	59.31199626525977	59.45466830806095	59.598981962998785	58.443565208158574	0.1091915524379123	58.381315924086564	58.449640768541684	58.51744095482521	59.44093002411606	0.12949122218912257	59.36347652065062	59.440673209498755	59.52825424557753	58.41542791131369	0.06250690549987746	58.39327194960266	58.42770749527952	58.455836146160436	59.282149087587	0.12366116299727477	59.212301520928946	59.288655324761976	59.36619518815853	58.41335753077603	0.06348106164750078	58.39302302326467	58.427456225380055	58.45232293479726	59.44315112789311	0.08829137169406018	59.395567547797214	59.451437899759306	59.50329920836005	58.28763219301259	0.06899114307465906	58.25361868228479	58.300682381829205	58.33582534080914
3670000	59.43332731461012	0.2335499380852397	59.28328341926981	59.45748762256903	59.601188818675496	58.44798949945466	0.1044517246940849	58.38678783633744	58.45965593509926	58.51647746068148	59.447525018102425	0.12095931588495291	59.37120237158347	59.45475119769088	59.52871172835915	58.422492845564626	0.06009405105733336	58.40116198624108	58.43296427031167	58.46163310916328	59.28562359418563	0.12209845732729933	59.20821012208194	59.295671646425376	59.373346610065965	58.41922055612061	0.061364987075509955	58.397255086183826	58.432111525286686	58.456778077380534	59.448031529830175	0.08903686588476507	59.40091577898007	59.45823881099385	59.507263865946655	58.29372106722677	0.06874531412643654	58.2586238180694	58.30673990869106	58.340228401449124
3680000	59.450558833629835	0.21857070936216308	59.31716650799846	59.458915263636776	59.615211121100906	58.454959682077416	0.09964370251519648	58.394449029581	58.462396731233625	58.524004260705425	59.456393900839466	0.12156396727701858	59.387348784260666	59.46760663024888	59.5378426667372	58.427913616784494	0.06031861288899895	58.406905120148764	58.43916534908831	58.464921841618846	59.2987450304515	0.12143500695938371	59.22806796076638	59.310104731202884	59.38461712433499	58.42496457969154	0.06063370793731122	58.40346872313192	58.43838838605622	58.46471414812639	59.45470129152832	0.08365740137130387	59.404884101427456	59.4639530279598	59.51048896878977	58.29897192785021	0.06702647284639857	58.266122593288	58.310656116450204	58.34482266499553
3690000	59.464906441654335	0.2206313062229131	59.315618642423416	59.48095230351757	59.62649303178106	58.45730627109592	0.10354726516228337	58.39571183391298	58.463725555214914	58.532890395585916	59.45999644017955	0.12361633644258008	59.38439008214334	59.466470391208695	59.55098679908009	58.434087270462705	0.06007550708545792	58.414123573192306	58.44538657334658	58.47109005641861	59.2966620717376	0.12300438419891974	59.22108302231325	59.309730429949454	59.387310145136496	58.427383299797185	0.06423712303626118	58.407440429107716	58.44132063932904	58.46824568724386	59.45533556833379	0.08826492843160857	59.40475934131223	59.463326335190516	59.51463040863308	58.30485324835582	0.06787314825209806	58.272557406801624	58.31592968814151	58.35162065646313
3700000	59.46278560974041	0.2141557847176611	59.32004524989737	59.47423741191971	59.61040296960106	58.465462920226415	0.1065845518553353	58.40325841197176	58.474938469189	58.539497587981145	59.4590814804275	0.12440041256442895	59.38562068650721	59.47034422770964	59.54301854964266	58.44005302412148	0.059131856753416985	58.42195818566192	58.44937786732433	58.47614108950168	59.300728856639005	0.1223330962995378	59.224254561589156	59.31529167865868	59.386830464703365	58.433144731764294	0.06394984030245528	58.41114037183765	58.44714794231456	58.473140521469745	59.45999410479045	0.08294607416253509	59.408603813475146	59.467946734539254	59.518055008366424	58.30943719730463	0.0691332768052886	58.279741074320185	58.32050413679852	58.35685021075486
3710000	59.47607376325411	0.21088770624390865	59.33224651744646	59.50172903269236	59.62916539177365	58.473766052037256	0.09481759575974832	58.411791013870015	58.47712488466289	58.54222696885688	59.46997152395271	0.11718386816889388	59.3954580805151	59.47867556534457	59.54964103185219	58.44381506632129	0.05844014508152616	58.42631616522519	58.45376144496791	58.481595097753676	59.30939779851567	0.11542746104231656	59.24053227231118	59.317721398170505	59.387043252269464	58.43987579090717	0.061932473987345124	58.41722762131406	58.45353676741222	58.4790856562952	59.46641508902613	0.0827626637863333	59.41899861228772	59.47364002836964	59.52562695740899	58.31442188067746	0.0689995054113104	58.28402830896508	58.326860784280754	58.36117109802449
3720000	59.475404650639675	0.21806559164952347	59.32812462586918	59.486398756034546	59.63611060867845	58.47434899013084	0.0965759437551186	58.425215922056374	58.48054089817181	58.540015088896915	59.47373755150979	0.11417055220666228	59.39938548053646	59.4842421643354	59.5502701550099	58.447337143483686	0.058909707631304244	58.43167522467225	58.4597347882224	58.48439101697993	59.317010994571284	0.11359886132230655	59.25261819458832	59.32459504016822	59.393277387174834	58.44411098089472	0.06211713089651431	58.42347459806733	58.45775922054775	58.48451668293478	59.47175063862911	0.07811004798420439	59.42666983776675	59.47900057136779	59.52500495315373	58.31881274525879	0.0689601331412342	58.2862321319801	58.33135100662903	58.36593283497845
3730000	59.46737721924861	0.22301225089492266	59.321284377135036	59.485580894279565	59.62129777339829	58.47957879035418	0.10028841783186508	58.42275457443233	58.491745459208715	58.544723931247844	59.47182723802394	0.12494566289840191	59.394420212094616	59.480841885746315	59.553177948282006	58.45311314964799	0.057296530426459165	58.43607465254104	58.464818572131406	58.49059786568112	59.31910451367199	0.12301878353432241	59.23872568666447	59.33226843387985	59.40622880139766	58.45010574057673	0.0586770705161414	58.42963780493606	58.463436027499576	58.48640120344595	59.47542259923807	0.0861819065234297	59.43029521227939	59.488066117396826	59.533640652320194	58.32429637206857	0.06889168701975551	58.292225550474775	58.33662146248811	58.37162258502467
3740000	59.48308406364921	0.21427962217795413	59.34414509485033	59.49550375924439	59.63814302998852	58.48330728686196	0.10119199712943062	58.426841127454686	58.49196360330521	58.55091502694277	59.48542157367041	0.11786734801131223	59.410702819381584	59.48931874164434	59.56893387190975	58.45733625672669	0.05570279728585257	58.43700051711879	58.46945944059257	58.49423976665616	59.32787876163479	0.11877939145641069	59.252859724656616	59.34170644926947	59.410451460513535	58.45502778376597	0.05823309757953541	58.43740386155745	58.46728730785579	58.49166086758979	59.48345142420942	0.08416409876050113	59.440794319664406	59.493103137724844	59.53896184687779	58.32847885650538	0.07034737591392624	58.29775896363187	58.34077075138751	58.3767925163332
3750000	59.480084284051664	0.2124582773274677	59.352954182280826	59.49107090288058	59.62359449354737	58.48861146961214	0.09407060834500305	58.43264195624743	58.497999191509564	58.552857415700764	59.486898291588524	0.11766024407688067	59.4208740696465	59.495711332891574	59.56169798468153	58.463479346084775	0.05548990097116486	58.444050620556766	58.47496346454381	58.49865358717259	59.330270478457756	0.11663440403360985	59.26375741153938	59.33902222637575	59.4116811629204	58.46049913308714	0.057162734254551775	58.443202932614945	58.471652954983796	58.496681076267464	59.486187928782684	0.08650333123626412	59.43638173353555	59.49431753757621	59.54666179537784	58.334090560315545	0.06940934605252153	58.3032494957513	58.3455681118716	58.380909082083434
3760000	59.50131373396571	0.2128738218284158	59.36039656099619	59.519919739642575	59.66245809216369	58.49193387229671	0.09959671025431707	58.43324830942646	58.497123284704145	58.56411768357684	59.49307122414925	0.12006583436977904	59.4186276939211	59.501776519041115	59.577221545034234	58.467479387242605	0.055751605743645655	58.44795294097301	58.48130689716944	58.50165252257682	59.32981059479561	0.12277535873326732	59.26025654682588	59.34081530430359	59.41437714794087	58.4640755500456	0.05682913954984113	58.44909603014	58.47636175100459	58.499190271588894	59.493847575851376	0.08299087428859275	59.447005243644064	59.50328338037405	59.55180472450857	58.34006898423015	0.0682082987223513	58.309837770970105	58.35203270450839	58.38612307590253
3770000	59.51186371239102	0.20220729091320466	59.37856987619756	59.52825427050165	59.652712509311726	58.50100841648715	0.09281145592313363	58.441744317804364	58.510947448954056	58.56925223534163	59.499942199997186	0.11144645203370977	59.434122593500916	59.50607470787119	59.575505044559776	58.471180156796464	0.05673510058835747	58.451574616976394	58.48439798444032	58.50642486679312	59.346428387257795	0.11338778140631194	59.276824218381705	59.35945197193282	59.42397647995747	58.46764962216782	0.05920185829407221	58.45238780395567	58.48120329873906	58.50431631671297	59.49809584542952	0.08786701439116636	59.45242431739205	59.50663354441321	59.558631966206605	58.34471778315556	0.06831182810789053	58.3156495406113	58.357439038517626	58.388280504863985
3780000	59.51377890620962	0.21820143434606631	59.35908536358758	59.540118302381515	59.6733118017857	58.50604034230559	0.09380057479213041	58.45530862977649	58.51425148158589	58.56698179666619	59.509156801202856	0.10891219554157795	59.43560643924572	59.51079153513481	59.58626810916878	58.47415102446843	0.057789516572233766	58.45495746161751	58.488602822458574	58.5086597079695	59.34959539515901	0.11281198967222468	59.277620978341716	59.357900543924345	59.429953859887796	58.47215349745133	0.06012411344437307	58.45562656608915	58.486819583974224	58.5083806404745	59.506231188072476	0.07953342811399076	59.464771773296214	59.51552675060194	59.56066832867792	58.3495222468315	0.06789120145840417	58.3194672942319	58.3617347798812	58.39392442469883
3790000	59.51121832541519	0.21713670306762167	59.36412531599053	59.52930288901773	59.669348905257706	58.51743123040796	0.09452504416543019	58.46581453015976	58.523388796762475	58.58294061192956	59.51678170832014	0.11646203734777169	59.445761867156875	59.520775972490675	59.5955747710897	58.47828778925718	0.05981973340996834	58.46174337379791	58.492487379091486	58.514742848705936	59.36078538652903	0.1134539725048671	59.29687573123423	59.36944885892093	59.44055173236109	58.47741797457491	0.059141414679340434	58.459303434701404	58.49029329823728	58.513364453129356	59.51143380482713	0.08346073444174389	59.4646190328468	59.518743566249576	59.568223084410306	58.35414096985169	0.06821209755729381	58.324590296452214	58.365853946447416	58.40048143236756
3800000	59.52408197826785	0.2110119374314356	59.39452626117765	59.534940190615316	59.68123038889463	58.51896539211631	0.09641701067498028	58.460187581161605	58.52633450307299	58.58807996389987	59.5170810392901	0.11650889311176635	59.44463832661343	59.526552207004755	59.59635186287629	58.483426580926526	0.0589556710297122	58.4676766430953	58.49674427974179	58.52020431594205	59.35999789402571	0.11740089200196786	59.29065876848746	59.37390383193684	59.441272851436864	58.48339073834112	0.05630293453455946	58.46252176523197	58.49384247146933	58.51799670187468	59.51807065025661	0.07933439922235118	59.47461079572999	59.52286283589561	59.57226832211614	58.35888003828623	0.06843503803221873	58.330629395867184	58.36938566979298	58.405620956203165
3810000	59.51409643173678	0.21829763873262745	59.38013244544336	59.52865209630025	59.66588758287478	58.5183239822493	0.09688122435736359	58.46546729439133	58.526459144887184	58.583411946958115	59.517034172671025	0.11059555106487086	59.452038927070184	59.522302668447196	59.59544740563467	58.48728392546251	0.05867227112993859	58.46793698783331	58.50158001538959	58.52521927096726	59.360667194406794	0.11697605934380297	59.291528856157285	59.37087386757326	59.43906808809443	58.48909085201947	0.056472859649383096	58.47259897635146	58.49968463009927	58.52350625217671	59.51714244782783	0.08362725674768343	59.47065402957452	59.52787385904402	59.574184179781504	58.36319156211161	0.06859717381011661	58.336466953423354	58.376031578501575	58.40892764113219
3820000	59.52247570616175	0.21569960819063494	59.37916259647008	59.54535553473491	59.67018153063263	58.52414140538038	0.0943242693795579	58.465431822804064	58.531690328206444	58.59278486791756	59.52220980300081	0.11538026923841174	59.44421681610969	59.533904855468485	59.60354638507836	58.49255251829622	0.05715677946711252	58.474432858213405	58.50571495834707	58.52931498324314	59.36840092067083	0.11352164018460019	59.29474441757134	59.381783012093706	59.45127816540954	58.494194538012295	0.05573115354358176	58.47825365916499	58.50431345559852	58.52824180903467	59.521863371161366	0.07947386781332905	59.476771475464034	59.5301612109658	59.577820213109646	58.367713834945114	0.06908032594408722	58.33874336348992	58.3803142637036	58.41418790208468
3830000	59.530272488609384	0.19937170503431303	59.39844262090556	59.535299439614526	59.68021244515031	58.52810978781699	0.09555741664287892	58.470798772313735	58.534440812632766	58.59249316983815	59.52977040416638	0.11235067901933153	59.45644075534775	59.53785529921946	59.610104893222555	58.49570817511742	0.06073180179479851	58.47561622611827	58.510995109805776	58.53302558225199	59.37404516404111	0.11091713961239735	59.302605073030726	59.37962869335382	59.45858899477219	58.49686291501407	0.05705810150223253	58.48017641938436	58.50858538760496	58.53130678353977	59.52504195365118	0.08268561454434536	59.47795588472407	59.53525469817991	59.58129816918843	58.3719600169939	0.06921212330539872	58.34248578602125	58.38330900398957	58.41808386750747
3840000	59.53252178285008	0.21199871371984252	59.39588016774072	59.55434647005073	59.68237835980298	58.52874341683219	0.09322952135671815	58.471838466915074	58.53502528583804	58.59638481969828	59.527784390917866	0.11141850014794057	59.46284970086817	59.5357154392458	59.60410568767445	58.50089920990518	0.061443986350117996	58.48355726587925	58.51637283064299	58.53899974309224	59.37299652317311	0.11064949621870053	59.308838109812896	59.38099026947352	59.45605000500134	58.50092790916173	0.05744428413101442	58.48357474763244	58.51415988041511	58.53615842697426	59.53158841730865	0.0754950143110734	59.49056658152669	59.53884167640277	59.584417249742586	58.37604021496456	0.06938815004388853	58.346637373256684	58.38825900314611	58.42295579767435
3850000	59.53910688009174	0.20981468932833333	59.40647104854484	59.55895413399714	59.69116520025485	58.53765755232986	0.09241516025925692	58.48309189993539	58.543112743473685	58.60315221167327	59.53559769400419	0.11459168338946217	59.462526530275056	59.543638074221484	59.61657254724563	58.50614987928178	0.05827428460062464	58.48778686570464	58.51952216129071	58.54124141455449	59.37952975235211	0.11439200433278214	59.310096780012046	59.39166906360494	59.46041571312079	58.50638399176426	0.0560134920583571	58.489803361850655	58.51837022742869	58.539916308506115	59.53482701601515	0.07894854521609015	59.49413081242904	59.542082743314936	59.58627051632002	58.380978034361675	0.06890248330859157	58.351972693896734	58.39360482803638	58.4267536709657
3860000	59.54835523597243	0.19905634239517767	59.42764015687288	59.563265859998225	59.68667514507804	58.54627622499141	0.09129699505438156	58.49479215211439	58.555797245253174	58.60833760958337	59.548059483825405	0.11203821838325977	59.48063029109722	59.55718925156451	59.62692011509246	58.51195831235013	0.05741055118565259	58.49744762725526	58.52370686394027	58.54722448791788	59.39140017183835	0.1099693461010757	59.330650013809766	59.402884420572335	59.46782511745957	58.51099953813743	0.05479449094094783	58.4926535219147	58.52310817963031	58.54549741934757	59.54623930046011	0.08030125532270403	59.50300313986439	59.555636061835884	59.602096384215756	58.384455529801016	0.06860809906984872	58.35381027485566	58.39740662663748	58.43087996925745
3870000	59.54448666072869	0.20696150757636406	59.403378286046376	59.55686114082359	59.701862727037316	58.54944914067784	0.09204299324136758	58.495284081894745	58.56016123352298	58.616765733786096	59.546554094326964	0.11104736693317702	59.478544522188585	59.551671870295095	59.62710750442567	58.51739503827874	0.057825396340839004	58.500337387748026	58.52884991803964	58.55194689370456	59.391073571763975	0.11187118106366166	59.32172773196673	59.40103200900634	59.47181145156684	58.515941833449226	0.054991173624309164	58.499640885210525	58.52716839696555	58.549360474300805	59.55256466008519	0.0759720568389021	59.51069841483161	59.55801092048982	59.60271296647857	58.389406376133564	0.06738068503619811	58.357202623652114	58.40211221292303	58.43599822703788
3880000	59.55934086386024	0.19974222537434752	59.42491097600531	59.568848117851374	59.70436711367737	58.556201236387935	0.08657768237824925	58.50412989308372	58.56303207313006	58.61560670815913	59.55654171267083	0.10706577309321899	59.488339698895146	59.564799967322344	59.632380222770934	58.52055216284416	0.059220710791140115	58.505161038072075	58.533155815364154	58.556043055024325	59.40016710153151	0.10981390625307841	59.327197965936975	59.41500151614924	59.47706834004212	58.51883005844571	0.056892720259470564	58.50324581461188	58.53099735113739	58.55228632116782	59.55326079245051	0.07902992305501376	59.51199896738484	59.56260756190589	59.605466292594286	58.39335503746523	0.0682920142156298	58.36220779873158	58.40554491579201	58.4392648031622
3890000	59.5565926323219	0.2040350284739334	59.417550266989814	59.56285422128394	59.705188584614355	58.558235468124025	0.0867322019514858	58.508659258433404	58.56283071728794	58.61726207004226	59.55706886276148	0.10790813389792576	59.495754620494615	59.565074767568845	59.627580113960136	58.525662281811854	0.05641796852878048	58.50866470200721	58.53801048003724	58.560762875963746	59.401365145911385	0.1088684029687474	59.337445740246615	59.411871240660574	59.47302612573145	58.524173101940775	0.053559641267000226	58.5073931134842	58.53409416102022	58.556310179454336	59.55874772010446	0.07591854640136145	59.51856422228259	59.56714867592332	59.61089967577966	58.39762843574907	0.06908381302468135	58.36558183437928	58.410837130473205	58.44356553998712
3900000	59.56255066369253	0.2086881030088446	59.43517113874137	59.58747224361356	59.71512817817519	58.56264890203735	0.08849180503614502	58.507227491112324	58.57223431027617	58.62628989748104	59.55981192353455	0.10595374802045004	59.49671845253856	59.56964786418125	59.63115400601983	58.53001490233497	0.05533121663180687	58.51353535301643	58.54120577447919	58.56460618021207	59.40449505864821	0.10871975686772853	59.34212805153082	59.41487327981116	59.48169902051124	58.527199458510694	0.05522836087564918	58.51179194957547	58.5385511840944	58.55867754755411	59.56222800450241	0.08001451198410399	59.52347820368889	59.572355721272096	59.61695134480442	58.40124532218373	0.06879994526279763	58.37294688614339	58.4140779555691	58.446753251485546
3910000	59.56844123324702	0.2017178043820902	59.43256245003742	59.5824827523048	59.718861035971145	58.56849764388872	0.08728614490932363	58.517993714008696	58.57553233902983	58.625189656795534	59.56661444337512	0.1057339362032162	59.50202078259039	59.572495612703854	59.6330855374585	58.53455971663019	0.05408981859718585	58.51863399356434	58.54523939047219	58.567254500355375	59.4098250872501	0.1060918021538218	59.34922233820858	59.42178168382943	59.479805551219684	58.531940451392934	0.053844974158049154	58.51641464661473	58.54402221402312	58.56450422955112	59.56722858819447	0.07653419674700761	59.5301224087754	59.57413663333786	59.618261134268195	58.40465339119567	0.06917541003081666	58.37492389057675	58.41774083703854	58.450943536631655
3920000	59.566386133618856	0.19926826412346724	59.436502741398456	59.57100085186245	59.72474152685246	58.57129007294376	0.08572961373237178	58.52178017257913	58.580468930518734	58.63097650914491	59.5723362548961	0.10547480100607293	59.509704820271125	59.58085394193773	59.647359783542385	58.53919992165064	0.05294195372341494	58.52196486081226	58.55142414335549	58.57199070440326	59.4185941445329	0.10684870914221331	59.357551233251634	59.42618420852038	59.49372775304843	58.53635499399724	0.05528350545999495	58.521761640997326	58.548497461919645	58.569129278921395	59.57239554631338	0.07762944525531577	59.530377579989214	59.58424529431517	59.62370024684927	58.40899636662431	0.06814064987073955	58.37747048440621	58.422003676907266	58.45533245824174
3930000	59.572430932092	0.20226732199569913	59.43944987487588	59.578908185497994	59.72253988345801	58.57627229897321	0.08829634142364814	58.52299175740627	58.5854438416098	58.63719145563742	59.57441453569696	0.10916269716186758	59.514968968099936	59.58181164071294	59.648973473422636	58.54391448769024	0.05131543963957077	58.527776465662996	58.555749826903266	58.57560663675782	59.41944549971102	0.10788274521439839	59.35522092747059	59.42869463903254	59.490834311661374	58.53998813793751	0.055156517299980085	58.52587245826564	58.552364480348174	58.57305970130065	59.572842729980074	0.07948055188578192	59.532858320592624	59.57979245716822	59.62560334628827	58.41299551101354	0.06784025356526802	58.38066276928833	58.42548735344674	58.459501218081336
3940000	59.57592156504349	0.1972880043989664	59.443510517685	59.59171957880297	59.712755919429284	58.58185147189066	0.08262092230117864	58.53230783900794	58.59090276649047	58.63952463877701	59.57931187177282	0.10357663199264064	59.51268066827012	59.587013481362426	59.656188614342014	58.54693404626571	0.05054947542985438	58.5292332969506	58.55780994216932	58.57873332749719	59.43119817747109	0.10340846612425648	59.366485285333525	59.44039436820255	59.50581350628447	58.54436132473347	0.05447754587654952	58.529463953269996	58.55531840952219	58.57680838004396	59.57761307864319	0.07237779759672913	59.53725655036458	59.58440946726147	59.6261885203848	58.417546610953984	0.06691800182911321	58.38693419960058	58.429588015994355	58.46425304401792
3950000	59.57940286716525	0.19926318918024993	59.45324412934637	59.599533950619374	59.72349306807358	58.58546707282741	0.08289852716696446	58.53751372390982	58.592257512399584	58.6434827416146	59.58256059160678	0.10068131853834876	59.51614968999482	59.590770739950926	59.65437126809993	58.55134583078554	0.05021466083946692	58.536502919526484	58.56233393163069	58.58210731545691	59.427617482918656	0.10554176163328975	59.370074434657894	59.43388984950817	59.50393509213478	58.54920449263435	0.05318174473764133	58.534003424380835	58.55998163509763	58.581238300925264	59.586716889046734	0.0719586623788296	59.547205305375826	59.59463921008188	59.636581285785766	58.421358045735595	0.06594419398514496	58.389917800789625	58.433480476879765	58.46662770197832
3960000	59.590101633039026	0.19921861718965067	59.47043462607587	59.599164252685	59.73459397706266	58.592290329067545	0.08449557991231846	58.54300662501584	58.60161098009146	58.65405913566019	59.59286566536612	0.1031190701434745	59.52880521992496	59.60229414443374	59.66493273288686	58.55505403576977	0.05336389601031904	58.54159218246871	58.566469501835286	58.58547729983436	59.4394865856239	0.10594137978168836	59.37599525112609	59.45349330951156	59.5142785988726	58.55373610125383	0.051258058127088786	58.5387087046553	58.56295888772732	58.58487425180239	59.5886939013392	0.07623356009577986	59.549952434842126	59.595851772682785	59.64077981078905	58.42548310402065	0.06546211308214549	58.39380299553431	58.43720418932901	58.47019604168543
3970000	59.599961165386254	0.19037613484040694	59.46679087159218	59.61793259598227	59.73828662840859	58.59312931024293	0.08277731471428473	58.54624515813453	58.60026172116801	58.65427193343689	59.592350821433165	0.09807243376345945	59.534495840750125	59.598117261184115	59.657468462009746	58.55925907250921	0.05390700561647007	58.54581480153358	58.570280174816745	58.590308666133005	59.439474837171254	0.09944205134515405	59.381141096975185	59.44567839013232	59.510019602541114	58.557495771165044	0.05059760147226289	58.54377360781571	58.56699470438029	58.5890043259934	59.590452453150874	0.07640519623738151	59.55141518725741	59.600789181464414	59.642770356714756	58.4298229567784	0.06399363081460188	58.39890686964511	58.441405835230654	58.47405700357076
3980000	59.59163571611096	0.19614408236904468	59.47151911133941	59.60102922331053	59.739208108187015	58.597894277301144	0.08111246665708079	58.55033268626599	58.60179742782684	58.652900384334714	59.59521164411771	0.0976948280798089	59.53579618239131	59.60358853233634	59.66166752278179	58.562126121823525	0.05514207078225025	58.54829129726821	58.57373124569231	58.59512229565463	59.44158822474177	0.09985487022175582	59.38383200132661	59.45165593495679	59.51212963282825	58.560938095605316	0.05061557728003632	58.54660981000097	58.57129957315756	58.59289216397337	59.593768797017624	0.07412900248878877	59.554588013324185	59.59877088455549	59.646067047937436	58.43442112287158	0.06322790149747198	58.40152642284367	58.444664727097305	58.477803814487885
3990000	59.5979735740458	0.2047383733924595	59.46613942835557	59.620689220299255	59.749426487074956	58.59894585806586	0.08345721635405053	58.54599297516678	58.60838883588092	58.658135495844945	59.594329049564905	0.10697656659873986	59.5253568954574	59.60439670507504	59.668845136416245	58.565304206275684	0.05648508588610691	58.551161133987556	58.578397947010934	58.598700651108004	59.4448664628486	0.10705020428247844	59.38119437035978	59.45320993353493	59.519476004999305	58.56439370181205	0.05224307251808526	58.55025100767071	58.575098714475104	58.59602594920882	59.59893606684976	0.07876124641253168	59.56164162618821	59.608080341811444	59.651180558454286	58.43834711550374	0.06229747134460702	58.4037884141927	58.44781992716144	58.481597281866755
4000000	59.60807421588361	0.187330809446448	59.48518941741444	59.62259502552344	59.74772036900871	58.60014756462029	0.08750033058426332	58.5476518289488	58.612227211611234	58.66014358206854	59.603100365130395	0.09870098441223539	59.540844441530524	59.608857329716976	59.66899036381573	58.56906791614751	0.05613834386606454	58.55558970559948	58.58274516206191	58.60101997122221	59.45269871332006	0.10015890435279433	59.3911166063654	59.4651228001057	59.52773435911824	58.567998514998955	0.05197575088278599	58.55389386474526	58.57894339388956	58.59883637354772	59.604558152721395	0.07471216144820722	59.564664177329426	59.61523728448786	59.65337503757212	58.44207922737721	0.06201259234854216	58.41012693828	58.4503911115478	58.48492991134618
4010000	59.59822586401208	0.19446313717244698	59.469554859699684	59.609010316747074	59.74575695522246	58.609679634673405	0.07836431109007629	58.55953926193488	58.61887497164156	58.66391620157632	59.609149857320375	0.09670453322424959	59.55435508552116	59.61283121448568	59.67539624583728	58.573707204069	0.05386171705907917	58.56020633431205	58.586000081036644	58.60480696510545	59.458530935257315	0.09798884867030129	59.40095513388894	59.46596551776321	59.528417038860155	58.57167565904151	0.05204850425408134	58.558311322349425	58.58304966313687	58.60356595529936	59.607804248779864	0.07060702605844499	59.56935447762225	59.61504698706367	59.65572123105384	58.44546693817164	0.061932675494641924	58.41269638043869	58.45369053567131	58.48941568033216
4020000	59.59951402832664	0.18875195337689787	59.47521883385498	59.607044894831446	59.74449705125205	58.61890889802233	0.08082490071857107	58.57340084660121	58.62654161936052	58.67424964454671	59.61588320809124	0.09375716978685261	59.55772777085132	59.6255343906966	59.6791737315921	58.5774870333501	0.0526337112565251	58.56481363134377	58.59024530030865	58.607823656212304	59.46036965303662	0.0970811863255467	59.40391657178364	59.46984009204348	59.52544141884949	58.57494189164374	0.05228032566603598	58.561882215813	58.58598626263274	58.60623487091952	59.609796250564315	0.07502597313934921	59.57156001062234	59.61914219412736	59.659963365860676	58.44887933018976	0.0629271360631572	58.41805052310336	58.45805881661194	58.49240830364474
4030000	59.61440297593702	0.18670897448267812	59.48944790726238	59.633389171997855	59.74793073060726	58.61820238804986	0.08225724004205694	58.57027975730821	58.62537687995429	58.676374770690515	59.61685018472867	0.0942120192101988	59.55742605137775	59.62207836343434	59.68337774255576	58.5809080969997	0.05281716484862156	58.567044675246606	58.59283721282872	58.61177763148963	59.462382224377514	0.09890172771530172	59.4015919966953	59.473683704098974	59.53237719618705	58.57877082293727	0.05138722062896401	58.564861584511114	58.589378590611204	58.60989070244725	59.615298067374184	0.0732613899299631	59.57475172463502	59.62391102463222	59.66699267079348	58.45277509671074	0.06305808847496806	58.42317230597813	58.461385841873536	58.49792415132122
4040000	59.62031129655331	0.1953427417412742	59.50771901096608	59.63674874887231	59.76676581463358	58.62490618859235	0.07960912717752944	58.5797739036305	58.634343373291074	58.677393102769976	59.62140110910497	0.09512936171429444	59.56300246438313	59.62862956242134	59.68595124223506	58.584756931991386	0.051689630433538976	58.572321723762045	58.59582580361183	58.615937047243406	59.46737361231468	0.09721536810108947	59.411243533821505	59.47243196218722	59.53459411365206	58.5830257679655	0.05019399921620822	58.56938029211767	58.592790894255444	58.61369204907277	59.620134765086846	0.07182717224119763	59.58454199511041	59.63058211814516	59.66817780229642	58.456439491191595	0.06294595469082254	58.42575332987976	58.46459868563807	58.502827853611166
4050000	59.61612241142394	0.20183654997424508	59.487436291214706	59.64006501555495	59.767821848430785	58.62509244437909	0.079570301882835	58.58189808618194	58.62936284782585	58.67898894778341	59.62476807530089	0.09548554489171145	59.569846079108515	59.628846667024426	59.68887624178194	58.58732846631624	0.053377444329996464	58.57531823469413	58.59936331855579	58.619479015365044	59.46911722822593	0.0982462956691199	59.403894199421934	59.47811575838803	59.540796393189616	58.58771882669543	0.049118565302149815	58.5734730341943	58.598072737981454	58.61757218555832	59.62156912164764	0.07134457409633252	59.58734393700569	59.629212440927844	59.66917900151939	58.460220971662125	0.06334906670736569	58.428426306962024	58.47003286285876	58.505308694942734
4060000	59.63093281874328	0.1802822622969128	59.522854802888666	59.6430667494136	59.76668804316181	58.62514209102424	0.08204941880257198	58.579282067022746	58.63269437219593	58.68188656082291	59.62801556190518	0.09346307562395435	59.57233294372224	59.63447028309312	59.69512371310009	58.589343530704	0.05540667556136284	58.57624455716984	58.602353716566824	58.62255486679027	59.47617313173718	0.09845558815072637	59.41328537182725	59.481900875106994	59.548375051566566	58.591794929268985	0.04822981675369771	58.576040252958364	58.60264345743197	58.62037201461233	59.62334545975789	0.07255570519579861	59.585922532033145	59.633132207600575	59.671517960345824	58.46332470309103	0.06323514264239155	58.43106005053841	58.47294357784668	58.507606453232654
4070000	59.6267307474167	0.19122639325444257	59.505923522648196	59.64904737890415	59.769231623674386	58.63135883708613	0.07758861420439257	58.58554072156772	58.64124277864152	58.68609126727928	59.62978003560418	0.09343656578105096	59.56983638235285	59.63903763708646	59.69538403056328	58.591515682054585	0.056594996663128214	58.578231861647886	58.60586031705395	58.627249424618064	59.47474695186374	0.09624853797769357	59.417607508268226	59.4793495985732	59.543393035745325	58.59543878674907	0.04751359744274255	58.58024234341	58.605853729483606	58.62477534878787	59.62865818759124	0.0693683365086431	59.59189886240871	59.63563574694352	59.67577383958428	58.46646154759707	0.06333899833515332	58.43402842004419	58.476423389503154	58.51108671783286
4080000	59.62879909010306	0.18986397403848343	59.5177662071401	59.65064584907956	59.756336167854386	58.63400526470485	0.08094139393402826	58.586494125056404	58.64132137485005	58.68866530886035	59.62928652324849	0.10147759080475298	59.57499232263482	59.63836216357012	59.69746748014742	58.59519684745166	0.055100682828243555	58.58139737588526	58.60881244537396	58.62973800137536	59.47907472008113	0.10347475660433893	59.419436504049024	59.48691284126441	59.553859339006344	58.59876359242369	0.04807269241950243	58.58300945819482	58.608628315123866	58.62814721659873	59.63386752967795	0.06935696511545122	59.59120711002706	59.641253343131	59.68427960831369	58.46996498092569	0.06390452559793122	58.43843336928423	58.47954703360887	58.51516796970293
4090000	59.64186297331565	0.18940815148174076	59.51775695794881	59.65843237696778	59.78462202862613	58.637641042562464	0.07802618364902283	58.59090027514743	58.643900576219515	58.69268520003481	59.63732976958714	0.09368638097515114	59.57975409085371	59.64577649991136	59.698972064245716	58.59868007416724	0.055542943540329286	58.58480816751893	58.610996247054594	58.63366831626163	59.488978168094775	0.09616253115938558	59.43070827516354	59.49330715758524	59.55654757386335	58.60242228544403	0.04663553145847104	58.58660386610539	58.61152015801757	58.63212569442738	59.63851552630362	0.06838667050668062	59.6011905118623	59.64919806075618	59.684970467675406	58.47340996608228	0.0640875820310108	58.44176535144106	58.48250630214591	58.51811236921561
4100000	59.640639847553246	0.18648864889957556	59.5227682260671	59.656465492959356	59.78283585598317	58.644977628216985	0.07568748307039573	58.597560767649874	58.65126912158583	58.69797241113185	59.64369343879265	0.09657970457430133	59.59108638563145	59.65200207529433	59.71032845076748	58.601929611537386	0.05492292411332409	58.58961004432577	58.61414160069111	58.635699541982106	59.49526534189951	0.0984376087059135	59.43422184263959	59.50690621651407	59.5643119206021	58.60590330592981	0.0455646955056019	58.59107217351598	58.614490807255265	58.634306944306864	59.645184794695766	0.0723727964704973	59.609113862304355	59.65543426768265	59.69476243977914	58.47641698047412	0.06422509079202082	58.44547348864068	58.48662304822553	58.521008359822154
4110000	59.641386066538296	0.17623941340921617	59.528772081093585	59.64717906546356	59.76554861276573	58.64957500009468	0.07467368849699835	58.60668621490808	58.65893259422904	58.70228780475354	59.64735239902329	0.09578949420665366	59.597073084329566	59.65187434434939	59.71193569379457	58.60532902276711	0.0558449248781959	58.593673701661466	58.61826347116288	58.63916479549863	59.49861660724223	0.09761758400549551	59.4390813509567	59.509779396430446	59.56755174905173	58.60877386053052	0.047686639113149965	58.59417939664311	58.618427497141184	58.63658016608437	59.64523050636463	0.07009009069700849	59.60857641119924	59.65609257179662	59.69355091123639	58.48053183799286	0.06437054106712271	58.44958302211201	58.490600201677296	58.52522106881411
4120000	59.65834752428758	0.1849216788120773	59.54230973734643	59.67618911235942	59.798576397109414	58.64749371433526	0.07710663945661902	58.6029462493637	58.6568565542198	58.69874938042757	59.65315624366727	0.09090700310213115	59.59808529961868	59.659807571123324	59.71644629420369	58.60941090806024	0.05372849494092652	58.59732436624212	58.6208977027258	58.64166390678003	59.502748602259985	0.09671682710054141	59.44662103259256	59.51121714092784	59.57405856387342	58.61149444141203	0.04798064570325897	58.598166936261315	58.62076146293563	58.64013598503087	59.65248823344591	0.06767062932285883	59.618019041066404	59.66240516662627	59.69925313543028	58.483778484845	0.06447504324719426	58.452674147121854	58.49422395906955	58.527306638555
4130000	59.654136204268546	0.18042228046312103	59.542463700370845	59.66919430322151	59.785281500976524	58.65363829755004	0.07832303328737686	58.61326515130482	58.65956868214112	58.70420324034764	59.656586388538614	0.09508108132034278	59.60142058891673	59.663510000836986	59.72368738209134	58.61283926546898	0.051896495192037526	58.60018243927852	58.62431146512164	58.644158721304684	59.505352061107395	0.09486709871026278	59.44436494713691	59.51553448475709	59.57210736047054	58.61606702349719	0.04591348806460356	58.603453703774846	58.623966961084705	58.643909073283496	59.65157421658024	0.06733712549803654	59.61375976465254	59.658498879285034	59.69596009606908	58.487523822996444	0.0633935058597731	58.45556329987635	58.49728216779749	58.53079108529212
4140000	59.6576114069414	0.17501965793111884	59.54209770670554	59.67223031924571	59.78781203185484	58.655361581807064	0.07367242270460347	58.60900446767305	58.66199347028986	58.70824596677868	59.65369634299892	0.09172359515131034	59.59785996349915	59.65981389595953	59.717622050951405	58.617060655466624	0.05009652015650336	58.60323341921812	58.62789266502649	58.64638127445708	59.50959003160472	0.09531043191568887	59.45332107231914	59.51920292525894	59.57802617741537	58.61880136124041	0.045776484860574056	58.60546695337721	58.62764170987674	58.64713506454933	59.65848044817849	0.06892739775007445	59.62397134764607	59.666321202541184	59.70471387219402	58.4908812123845	0.06279861630459568	58.45993111072542	58.50100799377806	58.53337292090663
4150000	59.66905783996312	0.17989644091122975	59.55246752855599	59.68633530777258	59.80988839607106	58.66101668694815	0.07572646319843589	58.616104334109295	58.665282894653146	58.71541133224229	59.661238266828704	0.09153229918194966	59.60560403605015	59.670209243973034	59.726774061139324	58.621208178703064	0.048565295710108064	58.60788831653853	58.631434888531864	58.65079229969491	59.51405944096007	0.09414550315160393	59.46056248387785	59.5235461841503	59.58038718881943	58.622659662937956	0.04419918554126042	58.60949865319982	58.631055074957715	58.65074752433432	59.66353205085824	0.06427027416299562	59.63079094861786	59.66922197763933	59.70522186508526	58.49417265640871	0.06237098130084686	58.46231135018271	58.50445850261421	58.53700236537684
4160000	59.67087305976689	0.17684844885338022	59.55144330100201	59.69361229617749	59.805656609889255	58.67050490333163	0.0716926604316994	58.630168168568915	58.67742428119386	58.72400231753459	59.6677932684583	0.08797464436134411	59.61825945650929	59.67764170753429	59.727568579063245	58.625002329137146	0.04755353957664944	58.6124528626713	58.63476061586085	58.65285723428317	59.52580846870293	0.08752221662972128	59.47754096436172	59.53585543759395	59.590135488075276	58.625129292147776	0.04514699526193125	58.61229566601391	58.63491218841375	58.652948588006055	59.66810763527977	0.06708064198060813	59.634993282960885	59.67558480574511	59.71117831555562	58.49715833468734	0.06261239268395079	58.464538089124986	58.507502055261746	58.540084413858374
4170000	59.66673125645843	0.17841247861610993	59.55775192411873	59.68250311889007	59.796210146219835	58.66609442613043	0.074771521424084	58.62308036636722	58.671335577173835	58.71742231588118	59.66564603531076	0.08984463040790476	59.60868967604852	59.6715202038044	59.728229117329235	58.62902845003541	0.04580545707603019	58.61547922727466	58.638858374967775	58.65579318236401	59.51910911213733	0.09431749063457687	59.46403081450722	59.531219947110976	59.580886252086415	58.62759550104921	0.04604506146138137	58.61531910158243	58.63823961427343	58.65605050225259	59.669073414680156	0.06629882918749863	59.635679169064424	59.675455021370325	59.71368828909619	58.50101686052457	0.0619242822672755	58.46903933145647	58.51152897463136	58.54314049132114
4180000	59.67011413886785	0.17751749464851957	59.55412163206347	59.68740361215408	59.79527785705781	58.668465962343255	0.07325972009568177	58.62491725907977	58.676094170266296	58.71820147386463	59.66694393892045	0.08715902941756998	59.61675154722937	59.6738355095915	59.724956888597475	58.631956769840706	0.04488539968779811	58.61932687901071	58.641810964597525	58.658376245513004	59.51887690644547	0.09193287954440271	59.4655597994222	59.52565902079019	59.583928959041955	58.63021985650113	0.04604571458266494	58.616955333213554	58.640014184102796	58.657989912013555	59.669499318391	0.06724182584425173	59.636156224502216	59.67724276088313	59.7123426735485	58.504240210697894	0.06209300014898197	58.47252929548605	58.51466935713731	58.545098918988465
4190000	59.67053380987611	0.18084346609839197	59.5600205003597	59.69048605057711	59.80837544807463	58.678574155663206	0.06944217642263728	58.6376493169182	58.684696082543226	58.728658596626836	59.67421174401141	0.08765044096333881	59.61719648050821	59.68045571798943	59.736682801738986	58.634530086450624	0.04555908325197832	58.622787288762	58.643414334403346	58.660268129335876	59.53006376133722	0.09620583745021323	59.475865627889235	59.536172559187946	59.59922084507895	58.63431193822647	0.04449588235766497	58.62047135921715	58.64261791975099	58.660870558609915	59.67295892002441	0.06539363324441505	59.63875816399029	59.68210208235965	59.71828675853398	58.50690669129913	0.06143859252482063	58.475425843786894	58.516864884929596	58.546373339760336
4200000	59.68124283060896	0.1778239344732928	59.56700316172712	59.700496455076504	59.81349262059779	58.67961109497386	0.07286228398682769	58.640106990351086	58.68914131581627	58.72757369257634	59.680650379260705	0.08709904744742127	59.625659157081884	59.68675381516266	59.74227083184226	58.63842264826999	0.04523738184907548	58.62643941732639	58.64629910146812	58.663862799238224	59.534178379663224	0.08986102828437992	59.48133221058313	59.54448322617145	59.59751118541094	58.63687215608799	0.044222343979871015	58.62450505283009	58.64462763552645	58.66258457237203	59.68008360609228	0.06449460019601029	59.647111543869684	59.69049767266023	59.723249624316956	58.510177647718	0.06120899354715843	58.47962987009645	58.52018029443225	58.55044595522324
4210000	59.68266975400932	0.17260585679644633	59.58296008672082	59.70135974140523	59.81367916306084	58.68211578452053	0.07020752776790291	58.6394282001319	58.688012950285284	58.72912367299289	59.676925891094044	0.08577801511508402	59.62012345296499	59.680270276322126	59.736761200423636	58.64121679201604	0.046096085112792944	58.629504335690214	58.65057605520205	58.66618136038614	59.53542156712975	0.08980769595548546	59.48102256780597	59.54381273345709	59.597055217709745	58.6408936872346	0.043094982792256875	58.6284278348128	58.647448248568224	58.66611705123549	59.67854858538938	0.0659503626628946	59.64543363445996	59.68708193117844	59.721404157061244	58.51391766400356	0.06103847629396059	58.481703608282636	58.52363859268439	58.55472262637011
4220000	59.68824295241897	0.17913894309097986	59.56840652825316	59.707088432542605	59.82501414254174	58.688079895323916	0.06708742495252881	58.65209576880965	58.695163719910965	58.731921749258895	59.683906632794326	0.08830621418384921	59.63381039846924	59.693902878033946	59.74741325611974	58.644208416037	0.045443668386780614	58.63274071966594	58.65313308885172	58.66961115548837	59.5376818263271	0.0914949100489507	59.48316733239919	59.54776355215405	59.59907478250966	58.64397765746747	0.042278113913819144	58.631285557342025	58.650603947173664	58.66885662458154	59.683467993023946	0.061652493569966646	59.64918769854583	59.689234001035715	59.72506970540456	58.51765002600669	0.06003458377552416	58.489217478729834	58.525139561577134	58.55892615404472
4230000	59.68459628363268	0.16954917905548073	59.57974915252371	59.70486103651179	59.8163947807177	58.693408378835784	0.06698907417521006	58.65653143265641	58.70251697641227	58.73926454494261	59.68847930860516	0.08644160822649949	59.64342424984833	59.69442117518064	59.74709033279849	58.64745331159517	0.04508767391726998	58.63557401125448	58.65705836918195	58.67261952575768	59.54125484723261	0.09073727971125084	59.48418939803092	59.546403676034885	59.603092555861366	58.646807813766316	0.04296839098897957	58.634614997433246	58.65467934431604	58.670809018265366	59.68788626357904	0.06223775053591687	59.654644786203534	59.69443987601547	59.729352114056965	58.52079614868327	0.05983666360145871	58.49372876726115	58.5287060085843	58.56262454687249
4240000	59.689417617800544	0.16831711541372202	59.58155396295511	59.70841777182427	59.812161173481734	58.68659643899873	0.0731120169355776	58.644600434265314	58.69475423280949	58.73760482915834	59.68824319975579	0.08533113190939012	59.63533148926495	59.69514447243603	59.75121496684102	58.650208464756396	0.0456127865386694	58.63884890737764	58.65956927260694	58.67610281376297	59.545131517552655	0.08874178567881576	59.48820187283324	59.55309450326524	59.60946698142918	58.649317155604464	0.04344482852745047	58.63806084107931	58.65765904252163	58.674142142603756	59.691872372952204	0.06351595858386518	59.660268891705144	59.701497838414326	59.73471175130639	58.52406376198357	0.05903768436749215	58.49514815996026	58.53316125352147	58.56428260150355
4250000	59.69610563315514	0.1754946135167444	59.58724678479984	59.71601682369597	59.82463601559283	58.695242606776965	0.06724640536805282	58.657760318840936	58.703262324370996	58.74162439314835	59.69283509160364	0.08393043204676769	59.6396100978492	59.70440907537848	59.75066109729509	58.65293876378663	0.04670017221982456	58.64244168528799	58.66249342585979	58.67958129682349	59.548401384624725	0.09052523641312393	59.49342576400048	59.557366937536095	59.6103347449775	58.65230574510773	0.042296231375637726	58.63999582698126	58.659979479804704	58.67752418428151	59.69531697965677	0.06459313578874952	59.66208124112654	59.70219817354131	59.73682815121686	58.52652038747833	0.0591576715327511	58.49894563531508	58.536042210711216	58.56699353189236
4260000	59.68833214990419	0.1720887950211345	59.571248637892765	59.704488323131905	59.81576543569031	58.69486747407027	0.07122955197973159	58.656988480838166	58.70447342442236	58.74448830404057	59.695385012400294	0.08611452562338329	59.64214936218461	59.70532161169741	59.75375817306793	58.655789487289	0.046617345354226694	58.64454992813048	58.66586306096046	58.68241142796073	59.55187327295064	0.08992203880773295	59.492722849134914	59.561516649678595	59.61547397213153	58.655392623614226	0.04070628386563865	58.643025314413514	58.66280619439213	58.68000757070165	59.69471489908029	0.06504380972898317	59.660442673949	59.699267698300474	59.738176085933546	58.52989170462838	0.058737083814636194	58.50253111922325	58.53902273881269	58.56832816651453
4270000	59.69907987661541	0.17111832825582057	59.592564873183186	59.71381561011998	59.823016422794126	58.70202977712601	0.06829544495568972	58.66318591788898	58.70947379978399	58.747447095731935	59.700225990068176	0.08108437304448853	59.64838387143646	59.70946678355668	59.75504716083972	58.658933449376754	0.04545153215338616	58.647624959462924	58.66795298636855	58.68526775442754	59.56017647547654	0.08463753103892364	59.508988652648355	59.566464144568826	59.62065337172669	58.657615985843584	0.04387782475083164	58.64477767086049	58.666117738892105	58.68353561670969	59.69953665797922	0.062236264423221076	59.66894509516603	59.707605608696014	59.738547406530564	58.53316628425886	0.057871468111739335	58.50604981372146	58.542363401876486	58.57194728824332
4280000	59.705240361012315	0.16605841767697857	59.600527462118464	59.715461585173294	59.832222560957135	58.70399821900674	0.06618979886975467	58.671369560932106	58.70981844621211	58.75002952218193	59.70165674651741	0.08304347036292875	59.65190606287446	59.71007470722982	59.75898791172894	58.661355038198245	0.045057757354747874	58.65011707600687	58.67018132686305	58.68734115014435	59.56160505504388	0.0826380433245623	59.50805053573965	59.56916701353792	59.61816118866378	58.66026577673617	0.04380354738795142	58.648063520053185	58.66794657727254	58.68638371190177	59.70032938492871	0.06626527300202352	59.6641601021768	59.70903366712395	59.74434317976317	58.53627075949337	0.057400278072359166	58.509826122213404	58.54434075043774	58.57348087405289
4290000	59.705241662223614	0.16905680085585695	59.60254364673157	59.723993885479416	59.83148640763963	58.70894197618325	0.06819994251829217	58.6744439584891	58.71482531510898	58.75447632083684	59.70210650839454	0.08420378187732469	59.64693911700716	59.708015490483405	59.763920091011016	58.664525385961504	0.04458320615157285	58.65186798970296	58.67428096577642	58.69039177675933	59.56250307996317	0.08657473855582792	59.51301134648624	59.570325013586405	59.62228267563668	58.66377500721332	0.042976259292298286	58.6524466503005	58.67190161907719	58.68847215495151	59.703825269578296	0.06372517645841629	59.67259840364688	59.71182971723833	59.74618430070039	58.53972053502251	0.056738712062921935	58.51150288313721	58.5484770118298	58.576510123007154
4300000	59.70198971749617	0.1707831012324833	59.58386168346253	59.72043238503707	59.834791551388534	58.71088021110113	0.06745179352193655	58.67612710753025	58.71602471064938	58.75632564473052	59.71146170075821	0.0794330338995452	59.66463036950284	59.71667002756761	59.766003932915964	58.66622897584691	0.046629959060838014	58.65439837496703	58.67635883240892	58.692628310301565	59.56599833144146	0.08465841359837557	59.51736368931801	59.572219495594595	59.62361651795394	58.66597747186081	0.04271615202065159	58.65532537273885	58.67330418790729	58.6908089260597	59.70828653170205	0.06767978095542247	59.67666853780563	59.71775637873948	59.75345545291322	58.54264953020692	0.056429008412789035	58.51408886056991	58.55089405423402	58.580874190840476
4310000	59.70440083328092	0.17026566289481546	59.59306795460449	59.727030727386705	59.83546254697195	58.710791725598185	0.0673502873831784	58.67438319078239	58.719013531433276	58.75364186903787	59.70753227279676	0.08514159008639377	59.66240789475311	59.713357921324544	59.7629723868521	58.668697656122994	0.04636118246209869	58.65603854982619	58.678587421200625	58.69435260416216	59.566435763947425	0.08967066638537245	59.51376765951144	59.5764728974828	59.630174960408134	58.66805005468953	0.04391165242044251	58.65708306961463	58.67639974742026	58.6935699646304	59.70839574948411	0.06445209946257455	59.6761157522939	59.715779424148764	59.751410466475896	58.54586742800462	0.05599884695684217	58.516656657488255	58.55369481823263	58.58348948622621
4320000	59.71847724051925	0.16016933508752032	59.6224205933282	59.73722156760144	59.839773231871035	58.71634382984064	0.06623899557212808	58.679446186696126	58.723248350324724	58.764014708778994	59.71573670037794	0.07949557258790003	59.66956385767378	59.723679568474395	59.76986714203964	58.6716769201372	0.04581537818284364	58.65982938299068	58.681783672082716	58.69688621984734	59.5751808676097	0.08883603784001606	59.52312492403294	59.584815097079186	59.63809210742097	58.671261773420675	0.04289537945573576	58.6596590204623	58.67955787992089	58.69601250763012	59.71486149382839	0.06525407478957712	59.68379707573564	59.72154943025109	59.757325649290145	58.54869399408481	0.05560082519048785	58.51988187014192	58.55710985176299	58.586907860075655
4330000	59.714846709678625	0.16248735212868928	59.611659623174035	59.728175142179616	59.8347615722619	58.71672113896441	0.06699012625728697	58.68351697037936	58.72321102120505	58.76202650157621	59.715644724849696	0.07918522417051958	59.672252336483616	59.72197586600201	59.77032844740101	58.67438814269654	0.044544813873522514	58.66258478226833	58.68451783775309	58.70002103390367	59.574911870517134	0.08807693384666679	59.52478274892152	59.58343020149524	59.6313649770071	58.67447055750729	0.041459514781963525	58.66212044127095	58.68265686069583	58.69807093933367	59.71593670522603	0.06293113132503902	59.68290095813329	59.72426497173307	59.75711777785022	58.551672950688996	0.055045956910177864	58.52302426042509	58.55961547931461	58.58865136299454
4340000	59.72942307941328	0.15476765325946826	59.630206153451944	59.74512149541868	59.856275507273075	58.720603289529805	0.06338663591512143	58.685297010372324	58.72726177313314	58.76534159657143	59.719638040585096	0.07899447093514834	59.67162299579019	59.72732365160684	59.774146125336244	58.67654017893643	0.045425287120374185	58.66476125940096	58.68742234756368	58.7026206892564	59.57776287802615	0.08351507868219148	59.53016984626662	59.586929062893475	59.63709140558996	58.67679818822255	0.0421148696827965	58.66628294287406	58.684849031706875	58.700894878928004	59.72133131713029	0.06062038268321294	59.69186749429163	59.72868149950979	59.7597991481112	58.55472379927148	0.05526807967696905	58.526646747763536	58.56295418560252	58.592048507531246
4350000	59.71874659768827	0.16924698108327527	59.61504519514025	59.747224716722215	59.84412476462618	58.72051174343999	0.06355799304044948	58.6893686311559	58.72871179289629	58.76071874630852	59.71663362848628	0.07725519431868676	59.672816471847334	59.723354084085194	59.77057176684659	58.67918754755676	0.04425939018357788	58.66753560972727	58.688528644872946	58.7055518813493	59.57695862666956	0.08534176557371657	59.52808868257681	59.58569826196704	59.637360035308554	58.67957882299658	0.04197053632901432	58.66879285344967	58.687671007484184	58.704073386562506	59.72291190150179	0.05965272250955018	59.69055734937747	59.729778702832846	59.76205082522351	58.55779641950611	0.05433655260089263	58.52941857112796	58.56584760963911	58.59393659931294
4360000	59.72318586547652	0.1648158469458875	59.62325496865856	59.74323875652122	59.842956559203046	58.72917019802934	0.06654720606840867	58.692853421983884	58.73780568043095	58.776424670040065	59.731980497377506	0.07811912556734082	59.685381484543946	59.7376597046849	59.78554776482464	58.68167387672243	0.043856466053751236	58.669602736895214	58.69132050552275	58.707220099876395	59.58603289815579	0.0864839456597348	59.53639616727513	59.595542846844765	59.64594600225595	58.6826340979319	0.041597609126603735	58.671992635350165	58.69055252704298	58.70695671785005	59.72804744642947	0.06254089733896037	59.69645988443394	59.73537098530659	59.76937842827769	58.56006368383603	0.0541276650807651	58.53292199299761	58.56842140309268	58.596053466203344
4370000	59.731794286083826	0.16557111465121135	59.623704921926375	59.75223734747301	59.856024929756494	58.72902051920833	0.06616101363190599	58.69243596802874	58.73702353505034	58.775627702579975	59.7288275806897	0.07793707261662983	59.6829968095019	59.737677445118166	59.784148464338365	58.68410188183321	0.04419159052238994	58.67196431809941	58.69336909787273	58.70998971089129	59.588391049735854	0.08333657284520235	59.53665067822852	59.59760644633105	59.644295717502764	58.684803819127325	0.041541984003055525	58.67387038270799	58.692848803773394	58.708824498300515	59.728256188126224	0.062460361780467266	59.697121972572205	59.738006729017286	59.76966571054578	58.56266763312686	0.054119549388575904	58.53555798044203	58.570669870605144	58.60009035091105
4380000	59.72738492188443	0.16649236541150367	59.624450452185116	59.74560395184119	59.86143498744255	58.73237122856321	0.06209322897061237	58.697590112644065	58.741177411661575	58.774310169082966	59.73359414066975	0.07618763989037584	59.68817218133383	59.74064796008958	59.78497257574911	58.686192193558234	0.04559237342722446	58.67451609354786	58.69633058333415	58.71198155459684	59.5899545570607	0.08180427320143492	59.542383904344234	59.59882042051636	59.64410372145649	58.68702274840968	0.04251024627657706	58.67646136178475	58.69563219474803	58.71137862608244	59.73094698605165	0.06083000806546328	59.70142044081366	59.739074906957434	59.76931846170109	58.56552283994114	0.05371157029541458	58.53767854632023	58.57364115713797	58.60166134106714
4390000	59.737877840942595	0.15907730533293238	59.63069790489344	59.75126886997035	59.86466325674079	58.734098278586984	0.06520934679699593	58.696984125901615	58.73947025638556	58.78455632830229	59.73460063564842	0.0808632517790692	59.690092584693936	59.745686156582664	59.78995687281137	58.68872149683207	0.04481338798167552	58.67703434667335	58.69826053485933	58.71331477127218	59.596636378426595	0.08622508964309465	59.54926875545885	59.60587767820671	59.656095682749196	58.6893340847185	0.042290642710597584	58.678804966951354	58.69772023036138	58.71350926623744	59.732536141378965	0.062009465763012764	59.7000896398352	59.73896160542899	59.77498099195486	58.56809114652506	0.053821236267388904	58.53958272559294	58.57637564991801	58.60518730295369
4400000	59.74134937949565	0.16403871616869342	59.63958356354849	59.76299913097196	59.869762553642516	58.7379429428781	0.057779477281077664	58.70458390640218	58.74559672095947	58.77771585847866	59.737687128431894	0.07455416719317393	59.69789970659808	59.74395545920265	59.78970831854904	58.69062240746549	0.045996669254353834	58.678934007006184	58.7002489685198	58.71627489016079	59.60020640216871	0.08046937467585438	59.55487688633595	59.60372137608043	59.65641240008183	58.691511188350454	0.042219663665610946	58.6823606208571	58.699872419504246	58.715643216741526	59.735932341951425	0.057954252780386024	59.707518681344695	59.743596836211	59.776084174721994	58.57050573388353	0.05360109678464574	58.5407186895297	58.57867899627067	58.60712437845487
4410000	59.735696442568724	0.1638494206187074	59.63080058197624	59.75143806443579	59.87175781679749	58.738153888758454	0.0590542027687259	58.70747178077505	58.7442060180946	58.779769036453835	59.73543923390229	0.07423363501281217	59.69505040095515	59.74104307691389	59.786753307224906	58.69310751410662	0.04441976702848317	58.68211373263608	58.70222410701638	58.7184116858202	59.5993355660776	0.08100160706479655	59.55448260684746	59.60553125135468	59.65636321683008	58.69418054418181	0.041363985739580104	58.68406657456909	58.702582248484845	58.71782822678945	59.73681094526685	0.057937167325875595	59.70942691149318	59.74485746900173	59.77607089373642	58.57290058702244	0.05370169227969477	58.54284808251564	58.58131921407558	58.6090345398697
4420000	59.74414235056199	0.15123726202676094	59.65084289315299	59.75872820940505	59.8582889293575	58.742057955284665	0.06471214642355631	58.71054401921684	58.75040679639629	58.78531233778128	59.741118946147694	0.07630962127545095	59.70263439152071	59.74737651632111	59.792667796923965	58.695354698242326	0.044780773415122724	58.685676822588384	58.703117392609904	58.720880515634605	59.6062270799999	0.0791297130646553	59.56405123642716	59.61785140793832	59.66092962405293	58.69678817220837	0.040940913731969675	58.68613110980286	58.704476253780996	58.71931725579026	59.740455612951536	0.058760961905048245	59.71112683289383	59.74833476054858	59.78021214385842	58.575286115723586	0.05444350716617298	58.547705208212115	58.58352856833021	58.61257829323443
4430000	59.746001139869826	0.15879946393114935	59.64808122981897	59.76686512656106	59.8680056483162	58.744970097014914	0.0600969719067183	58.71003613609372	58.75124617855961	58.78695513956909	59.74606305781749	0.0737429477305084	59.702479324350506	59.75049947870101	59.79775998818983	58.6974215133245	0.04459349515628226	58.686724241316426	58.705392159921615	58.72334947875798	59.60856730072948	0.07998291339936728	59.55891150636726	59.61533494969264	59.668142732752756	58.69958114663055	0.040157961755573075	58.68841018685415	58.70715900350808	58.722003745327946	59.74417151957876	0.060101294358760354	59.71280127108332	59.754287631069445	59.78302841906048	58.578722473730934	0.05320763781103151	58.551413378744144	58.586635562300366	58.61539544334193
4440000	59.74917141542975	0.1597642177684942	59.64918127471906	59.77379818381084	59.8671891668001	58.75040598114171	0.06086754836032328	58.72312723937965	58.75695813487504	58.79155226394039	59.75129082216229	0.07217075207378701	59.71048987196534	59.75658516429442	59.79992549395127	58.70040629159306	0.04346804231489935	58.68961974398662	58.70776924736735	58.72508714860384	59.61391491378694	0.07978755610650798	59.56819268556367	59.62583338011557	59.66875377361539	58.70232298187123	0.038900102903846816	58.690785271545664	58.70997526335134	58.723538779879554	59.74644074676454	0.0594385687116528	59.71757412170665	59.75304544013706	59.78789051258454	58.58165726513265	0.0531275079116787	58.55407753823464	58.5888515903912	58.61799054514135
4450000	59.74733558434041	0.15785428062976667	59.6414706177664	59.76798221176968	59.87110173054564	58.74636451091028	0.0593239482507993	58.71390209157684	58.75546052498167	58.78758262836769	59.74700982553216	0.07467984806613694	59.703838754408366	59.75311976759795	59.79703604668015	58.702342519227344	0.044557594113522746	58.691628872920624	58.71065711310268	58.726849388245554	59.61142000430307	0.07978378599485578	59.56668001854863	59.61747979496019	59.666516077523696	58.70399618730776	0.04081955089302445	58.6933875888808	58.71196190052959	58.725949551643026	59.74815324910023	0.05755006182260778	59.721072615932876	59.75474066945797	59.78478005621556	58.58402109272955	0.05296378976628972	58.55820296076121	58.59034602896031	58.620654179974466
4460000	59.75358911004442	0.15219529219532849	59.658403035012846	59.778712096425146	59.866663965436416	58.75359255518642	0.059372750262994024	58.72238718594031	58.763365384583	58.79414761067988	59.75658728972479	0.07246636960679252	59.71793732515443	59.76337744500668	59.8071646119823	58.7047910072986	0.0436621137741173	58.69373935249924	58.71360241283361	58.7298982092477	59.61848357204656	0.0776270611073898	59.57438754622615	59.6244048541277	59.67044977283259	58.70585229432687	0.041488478037032435	58.695675072258496	58.71377408239281	58.72837360200419	59.75294946768352	0.05627643068111496	59.72570380258752	59.75900818524087	59.79144913028649	58.586580001557216	0.052730520592075794	58.561073294242846	58.59246296954157	58.622926889320816
4470000	59.751874475440985	0.15931797881255666	59.652191120462355	59.78033395404676	59.87078714229677	58.75742125744035	0.06002068147491536	58.727186505096284	58.76488285348755	58.797880728320465	59.75699642944548	0.07280521863269573	59.71545707648048	59.76422742199122	59.80838291022839	58.707425606525554	0.04195219448264368	58.69572058180821	58.71529039442312	58.73127904485967	59.61832573811801	0.08074813779931486	59.571811323185315	59.624651765879335	59.67538480474665	58.70772728217333	0.04182885621838819	58.696896253128145	58.7158733140307	58.73098960317405	59.754464335741574	0.05847612551508714	59.725548519262404	59.76274233861193	59.79504531329809	58.58948424092671	0.052994922560336846	58.56302818985726	58.595530655726876	58.6252377298222
4480000	59.75703269262075	0.15336429268618976	59.6662369953558	59.77834312420784	59.86900163973821	58.75675491953047	0.058505982209841725	58.72258053207425	58.76439104632708	58.79681560994712	59.75568003272348	0.07357445592538789	59.71383880449457	59.7617711790129	59.80632352718091	58.70916771723847	0.042006134615440845	58.69846569278738	58.7172146002554	58.73271067923468	59.62097260137302	0.07787687089315945	59.57536713681142	59.62780908935834	59.67588815899316	58.70944482785425	0.04178177732984718	58.697738802587374	58.716976581022934	58.732992763309255	59.75578130346183	0.05756880745898992	59.72825074808392	59.7625491466774	59.7955912001142	58.59198273681625	0.05274972238458004	58.56404143234625	58.59940144264592	58.62682950691925
4490000	59.76254831674863	0.1531473787576383	59.67230434037479	59.78052891478774	59.88129110186364	58.75941659666976	0.06021441070637494	58.72897284911288	58.766511004489914	58.798958908238006	59.75986058913499	0.07148673886386596	59.71926011257379	59.767561435300536	59.81037895916943	58.711550259628964	0.04103289414777469	58.700688087160245	58.71936761303623	58.734983140999304	59.62374408811887	0.08054962104709275	59.579090289200806	59.63065804141857	59.67860471596184	58.711689440911634	0.04081152120187476	58.70001130343771	58.72011292211334	58.734767897433684	59.76105608961431	0.05763207339065705	59.732400881728964	59.76879115002376	59.80015660996936	58.594084784795456	0.052679002414696786	58.56506099802517	58.60168988913867	58.629011215746104
4500000	59.76088368124121	0.15164659430030766	59.669815629982686	59.78036960363897	59.87709217753034	58.76032794368884	0.06111934443926394	58.73253331393571	58.76885221289807	58.79913197438174	59.76008855665436	0.07147542527327894	59.72080967207601	59.76494707238588	59.80775454679619	58.71383079134538	0.04046830844717137	58.7033260714707	58.72135083775542	58.73665015117515	59.6231381779536	0.0801253354887566	59.57453266519181	59.631592583016754	59.679679839626644	58.7138277566739	0.0406869300927392	58.70229511945809	58.722231379408555	58.73723655598382	59.76306469607216	0.05676647762609958	59.73401727839844	59.769339342326205	59.79891040694082	58.596598763941444	0.05273490599059583	58.56844706386673	58.60358168551667	58.63317358512624
4510000	59.7623689248731	0.15270275791900653	59.66386409513189	59.7841173175629	59.88642608830635	58.76725943402663	0.054883937965947295	58.73646241478809	58.77280760931445	58.80337019207115	59.76399718818666	0.07155132909223808	59.72066980327051	59.769751980643875	59.81174312514686	58.71668535474875	0.0383456645264843	58.70583048341639	58.723617231453034	58.73864492041514	59.629968005897	0.07788912117803821	59.58766161053445	59.638300530368056	59.68235755155048	58.71620351036369	0.039955010957440557	58.70443941360136	58.723786028365375	58.739643785110125	59.76497345779881	0.05683707560448116	59.73766607615523	59.772527047292584	59.80343842074801	58.598820109761725	0.05285617064715948	58.56989501497924	58.60585562073679	58.63582588228144
4520000	59.76548850481629	0.14746051500875518	59.6805512400557	59.78546060062278	59.88083366212702	58.766286574171694	0.0569465243466573	58.73649150981487	58.77404929429677	58.80549294717623	59.764404649854555	0.07211495132939005	59.72394646947749	59.77263046834831	59.81513551178756	58.71892738850266	0.03797075757286065	58.70805175588363	58.72529380486645	58.741199212198616	59.63372096722429	0.0761529723008906	59.59091708446025	59.639328406786255	59.68483153793642	58.71856044223475	0.03982699006521602	58.708267721875224	58.72568974726293	58.74153826243875	59.76500908217144	0.05898869320914206	59.736916979125624	59.773406362824744	59.80404175087057	58.601169410475485	0.05315635971460855	58.571477194302034	58.608377261875006	58.63780110250435
4530000	59.773071616209265	0.15208928654591683	59.67448611519289	59.7931154576774	59.895649326243024	58.773476684170035	0.055801585402260594	58.7445283053802	58.781367883228235	58.811740134386426	59.771304507599126	0.07083293393042711	59.72783947672801	59.77694823845543	59.82362039462939	58.721191899661704	0.03796740510860935	58.709894947827145	58.728077425558595	58.74296649199157	59.63481750586168	0.08160154688902234	59.590451718029136	59.64260817968664	59.69243521338571	58.72037955293714	0.03989557479478397	58.70984946325547	58.72814585507659	58.743772954184074	59.77344426556289	0.05565858460116207	59.74603746824128	59.77975849315749	59.81112507327175	58.603281566828485	0.05345655806014075	58.572981919647674	58.61090755151957	58.64013340632315
4540000	59.77057028186753	0.1456851037664156	59.67347656564002	59.78517188623891	59.88962553978874	58.76920757053208	0.054443749562967554	58.737491878362945	58.77530407876888	58.805879413802955	59.768082405061314	0.07080630792737148	59.729286749293905	59.778798282788394	59.81495136861986	58.72338894445891	0.03692363216537973	58.711413066431305	58.7295132850788	58.74506616203104	59.63599810035034	0.07528735785045083	59.593406205422504	59.64296492017284	59.69146965398231	58.72219238732898	0.039638360907527655	58.711662545535205	58.73025568264182	58.74504602565842	59.76839020759523	0.05799688949393207	59.741828059433814	59.77671430730781	59.80762086952356	58.60614112825279	0.05358155698813632	58.5758399142167	58.61412881623379	58.64347777341169
4550000	59.77818861629181	0.15000589594222277	59.6857211189459	59.80042524033046	59.896078357096215	58.77564762356128	0.054223623036059744	58.747220385165896	58.78392818049666	58.81297546203406	59.774088837101935	0.07076433745596847	59.737442331594984	59.78195088674	59.82247959291108	58.72494664204732	0.03831237609296418	58.713744543716565	58.73206745060767	58.7474143336944	59.64152046103552	0.07581402675962814	59.59571135352355	59.64645193981828	59.69487769684362	58.723897359131804	0.040116855655922636	58.71364043505214	58.731562561853835	58.747183378071064	59.77214757527911	0.054560166596273864	59.746363870272056	59.77877587752849	59.80675114727336	58.608239302896614	0.05389355728707087	58.5789629301385	58.61611884477416	58.64555165201331
4560000	59.77785142416558	0.15374350797411399	59.68506167697956	59.80143685427083	59.90207233982897	58.77500322023533	0.05931000917769029	58.74587558647876	58.78200302560377	58.81551030171748	59.77673442257379	0.06978694588033679	59.740664664429445	59.78302504152735	59.82303686704424	58.72686907928073	0.03894347116965211	58.71618665833742	58.73399417963284	58.7493162311132	59.643905339306265	0.07615940697898689	59.59740009183451	59.65009990105888	59.69804205295424	58.725696577889806	0.040524069857601	58.71508137756986	58.73435097656514	58.7487512570134	59.77734224580762	0.055845448941507426	59.75061797377797	59.783536122966495	59.81481760624658	58.610209588165816	0.05374166971235242	58.58127987733847	58.6171256431563	58.646358414912534
4570000	59.77190031385253	0.14605822804659302	59.68034402964284	59.78905618636284	59.88547085272341	58.77800569734064	0.055925929017899716	58.749543625172365	58.78425534696524	58.816605619127	59.778202871736305	0.06929924329621602	59.73739322288493	59.786649150588175	59.825848016830676	58.728798092727885	0.04006691509435022	58.71817118420949	58.736436078061985	58.75198988483547	59.64994567700556	0.07489659973779318	59.6056004927661	59.65551087075295	59.70516822711201	58.72750245497842	0.039417830724436255	58.71793212211422	58.73548118237166	58.749657524597474	59.778819258591795	0.05591907520400398	59.753363134763745	59.78653468664593	59.814144502536585	58.61243891577739	0.05342602571947409	58.583155272356656	58.61942401731626	58.64843829863
4580000	59.78471192387328	0.14337772802418386	59.70098335614362	59.79925747047433	59.89722731546828	58.78126210030118	0.055398205940250765	58.75395855168337	58.786194627221775	58.81861011349592	59.779685406739766	0.066666461585961	59.741045574128506	59.78702650761177	59.82552226123204	58.730859630932926	0.03901158154580842	58.71965352055999	58.73834085885554	58.753490686703756	59.64843595432751	0.07346721536627177	59.60559630174789	59.655836266814376	59.70010242413581	58.72975112207536	0.03913354310737288	58.719134783102085	58.73793434820003	58.7526816081576	59.77929948355752	0.053350513744504065	59.75222720739532	59.785796303220394	59.81426511918527	58.614593089927524	0.053651539181284506	58.58393898382165	58.6203174991804	58.652339013948264
4590000	59.783542757863465	0.14513687886702212	59.68868294774629	59.7980623637832	59.901075417359706	58.78359665093348	0.055465736900549886	58.75687900555812	58.78947617754031	58.82004652836186	59.781650450183676	0.06841584460425423	59.74226473509586	59.78901302848298	59.828663595765796	58.73310918956867	0.03848914572716565	58.72105407918743	58.73999512158862	58.75630954460994	59.65386048598484	0.0729779154047491	59.61137998065949	59.660170115654196	59.704319238906955	58.732250505060975	0.03743834845579654	58.72175201359439	58.74010185434483	58.75389444963424	59.7813416823647	0.05453224490373637	59.75567312613019	59.78690602938631	59.816458526461375	58.61665772959853	0.05366839800405157	58.58674663280793	58.62203307434393	58.65494903805783
4600000	59.79248039004265	0.14311019816252163	59.69949597344002	59.81063348902923	59.907590591435365	58.78534430477982	0.053325880519370775	58.755988668917986	58.79367069481636	58.821500473529674	59.7829065413655	0.06688904646970507	59.741391951722356	59.78938177009484	59.830505696160245	58.73501585779997	0.03894864849723031	58.72424698953242	58.74264147364239	58.7578825331999	59.65499916845396	0.0749047775411674	59.613554326054185	59.660566612916426	59.70617911844863	58.73416842185219	0.03708848031075124	58.72320550424503	58.74125434391807	58.75564933773603	59.78714932656448	0.05208568243990403	59.759429163498815	59.793317646487324	59.822491553827604	58.61939086146677	0.05358101344217003	58.58910949782055	58.625176831122396	58.65745492096786
4610000	59.795827181384794	0.14092173633201852	59.70629582248501	59.81743067432646	59.908624951974446	58.78932864815985	0.051795702537718945	58.76129005431014	58.79650555484277	58.82455267679823	59.79054763517837	0.06225688672767372	59.75272734711629	59.7990164788346	59.83230451448319	58.73683256138387	0.03858690907332937	58.72568977761111	58.744550981171315	58.75938268241333	59.65998052379073	0.06907772999245464	59.61957046852511	59.664583232436286	59.70848379713633	58.73627241559502	0.03777320686905328	58.72466057006873	58.74376111690266	58.75830533597172	59.789260961909825	0.050530385808237994	59.76441129247518	59.79391689394866	59.82283401915503	58.62116617232043	0.054227544320642536	58.590742020786806	58.627626641892704	58.65982952047654
4620000	59.79344552756476	0.14531295748295717	59.70342387592876	59.81505505901565	59.90775911352128	58.78922737125598	0.054851089457315504	58.76280959483104	58.797370886789096	58.82518460163048	59.787939048325356	0.06704383097577092	59.74885308817246	59.79633061540409	59.83459856340353	58.7389597833523	0.0380371874222566	58.72789104663056	58.746010433944164	58.76128757635786	59.655118442383426	0.0760360382327082	59.60944506512461	59.66283205785055	59.70703964542573	58.73830485917716	0.037754693342468025	58.72714050966019	58.74522250214432	58.76018196824647	59.78967121165456	0.052873388272287665	59.764339087587835	59.7953462431508	59.82377587904552	58.62315720503939	0.05399420537838025	58.592159556274225	58.630860512487786	58.66082170777911
4630000	59.797139465512615	0.14360678382904676	59.70819126214991	59.818317852675776	59.90962460662162	58.794861274043754	0.05400228005758034	58.76838912948726	58.79947901912476	58.83179869154226	59.79387965986192	0.06717659554041434	59.75918328892823	59.79922654001028	59.84021003974124	58.740906625805835	0.03690975003012736	58.729981624953595	58.7479656816775	58.76303491481009	59.66320743140891	0.07345555228806214	59.621374410671955	59.670660251462735	59.71234132018436	58.74017845442952	0.03716310331136705	58.72934388062532	58.74789820292073	58.76130702946547	59.7933181741559	0.05238121780051484	59.76772085511619	59.800105163006954	59.82773196515906	58.62546409800635	0.05386797355019052	58.595401568393044	58.632503418341834	58.66313468907387
4640000	59.79482159818023	0.142116327816737	59.70421661908519	59.81520176442663	59.910449274551965	58.791341841871734	0.05106246255555568	58.763026392665324	58.79640065916118	58.82710302547346	59.789288106888	0.06758091658782624	59.752176548814454	59.7987360707351	59.83606554312543	58.74245829190441	0.03774783068870493	58.73247515548794	58.75005268845753	58.764258489303124	59.65980090010853	0.07653502669584795	59.61490035844757	59.66910415911747	59.71348797068987	58.74174505053381	0.037456928805427614	58.730402638818404	58.74912210200023	58.76334838365791	59.79172788069287	0.05474775396861901	59.76756929040623	59.79846271525304	59.82829333183162	58.6274960574918	0.05339175453217308	58.599620986113585	58.63473527063369	58.66507935683836
4650000	59.79152123335588	0.14564728125145726	59.70659152878996	59.809930717429125	59.907196817079054	58.79716781216294	0.05143976038347401	58.77318137331283	58.802503636233155	58.830224226951756	59.79721419310396	0.06632329562533291	59.76490887362453	59.80511600158793	59.84212183111791	58.744037129601125	0.037702668944418725	58.73396672949672	58.75186879870597	58.76590388122189	59.669017467240536	0.07145482946322325	59.62856830314649	59.67667148285686	59.716343951827064	58.743068821528425	0.03812652473881876	58.731741787741306	58.750840870697104	58.76526207506829	59.793260955356935	0.054930897227916345	59.76727650142381	59.79909590357423	59.827254419100804	58.629612659701905	0.05351225595043682	58.60225777495491	58.63627599818993	58.66567885227616
4660000	59.7985812560419	0.14298814001435656	59.71405118250803	59.81681805015617	59.91060348402921	58.79736336139661	0.053696404436193675	58.771628897112436	58.804093149430564	58.83325651589013	59.79772694934698	0.062482545631660544	59.76295046278149	59.80426250168107	59.839586165616105	58.74622393228756	0.03698105612120984	58.73624756631195	58.75354309727882	58.767296090396435	59.66981305440743	0.0728483312572147	59.62947155559503	59.67537686472896	59.71949322554995	58.74514848002533	0.03799474307081102	58.73431691538492	58.75237010220954	58.76726284476188	59.79521662978951	0.055628387032942046	59.76928375277391	59.801005648318636	59.83300275683554	58.63138436782982	0.053471327277099176	58.60352889404294	58.63732852372862	58.6673493661395
4670000	59.79691811416969	0.13911886442541005	59.70406829159299	59.81740728256401	59.9076277449182	58.79886900492206	0.05054007573630481	58.77333716281335	58.80527336996388	58.8333162342222	59.79498714022663	0.06779201427525143	59.7556171100171	59.801371156766976	59.84146037104074	58.74807656617703	0.037338770110995206	58.7389309849508	58.75535482847868	58.76881208443083	59.66703681457748	0.07261482388814477	59.62618161410772	59.67372738687675	59.716292285535786	58.74680371413877	0.037737380366341805	58.73651135807827	58.75388797135668	58.76899413492996	59.796661960159994	0.05318192548428011	59.77070838076226	59.80425526301574	59.83256813806604	58.633697316432425	0.053249471175390445	58.60507868460892	58.639588255235836	58.669094946116594
4680000	59.8030989735598	0.1399645153188453	59.72306719649518	59.824616817590126	59.91419562098383	58.8016973891137	0.05528090882607545	58.77621215537825	58.809809407418015	58.83824209269706	59.80447983526268	0.06236968629122924	59.76846964059339	59.81135808363767	59.847208678264565	58.74969560094613	0.03703020583047378	58.74004951919178	58.756281469430476	58.77060757868289	59.67669664958796	0.07464985004139413	59.63000845008801	59.684570290134985	59.72916679488429	58.74840385891534	0.03838375953306289	58.73767870006625	58.75618389527506	58.770760125816956	59.799447403023336	0.05572228884651899	59.77126601549564	59.80728576017731	59.83795659972773	58.635386680517854	0.05360652616909375	58.60934039924504	58.640705414979465	58.671280203384974
4690000	59.81130209757663	0.1376573137084427	59.72754187719363	59.835849322945734	59.925145419579415	58.80388022674468	0.05263273935366389	58.77935192043346	58.81137825680825	58.83824344680685	59.804384981578075	0.06303609543663548	59.770902976043224	59.8108895825343	59.84714240560681	58.75152657872654	0.037060773816854284	58.74205231154331	58.75828030144126	58.7731120760447	59.680925767974315	0.06697736146593512	59.64202594802781	59.685430723227064	59.726781110810414	58.750629381362515	0.037076561351128086	58.74046205368526	58.75816219145572	58.771893327737516	59.80398376301023	0.05069203702375546	59.78020745095184	59.81126888742235	59.838906533136026	58.63727715828472	0.05332530569643418	58.61299318363612	58.642297702782116	58.672730612869145
4700000	59.803459021459524	0.14178107743798957	59.71489253165654	59.823509164920324	59.91793027025687	58.80699402525881	0.0498798268161068	58.781967423419694	58.81316876397128	58.8407535594758	59.80583303185305	0.06363444906802272	59.76993840053691	59.811766702168754	59.84808154420704	58.753102209159934	0.03688523527625106	58.74404305876344	58.76001559474413	58.77380163936946	59.678166346100156	0.07147751510193102	59.63553893778923	59.68547539867487	59.72779255293024	58.752441685837624	0.0372690476822227	58.74280413627612	58.75993890701358	58.773959898909396	59.80552940418511	0.051959124043726115	59.78182469211876	59.809860078225114	59.84030996595385	58.63950733665064	0.05314911330383638	58.613989322678705	58.64540753502976	58.675083500755946
4710000	59.808113880571156	0.13848331392518956	59.72323731642909	59.828511108633805	59.918425293872446	58.81070398618431	0.0507316667116923	58.78719578711494	58.817188245298574	58.842575971227454	59.81180977411848	0.06322468886577455	59.77801150501388	59.817028593825356	59.856594290366054	58.75501963880781	0.03614559046329553	58.74564777927965	58.76166936792268	58.77501969009109	59.683114497166976	0.07127648082519052	59.64071969587022	59.69044538403905	59.73281519061443	58.75400626791041	0.037768692909360566	58.74388530062974	58.76111021375278	58.77562993179398	59.80991690231892	0.05040118281009895	59.783549536878105	59.815352991191425	59.844371144391246	58.64096889105327	0.05320681437333873	58.615270661095956	58.6471910799163	58.67685987612504
4720000	59.81238168741977	0.13517536833908902	59.725992161400015	59.83440731403891	59.92487465261457	58.81088638381329	0.05014369596212296	58.78648168246088	58.81831771002416	58.84456039538413	59.80938172177755	0.06271249249617478	59.77354201234494	59.81638264148604	59.853278869563404	58.75631787731656	0.03654056278448641	58.74723075360998	58.7634521532176	58.77635136945072	59.68740656580453	0.0668286662642104	59.647567390680315	59.69239480805809	59.73444628976382	58.75488025177682	0.03915520417160106	58.745027099221424	58.76204871996745	58.77707957910078	59.810707269115156	0.050993326376526836	59.78663824176592	59.81686729873988	59.84404789911233	58.64298398457729	0.05304383097667808	58.61746142985877	58.64946995323447	58.67850087597542
4730000	59.81414148830146	0.1369075460029865	59.73477988801373	59.83382886303043	59.919441556059915	58.81452326261926	0.04703253366498979	58.79031660640468	58.819811133280766	58.84571136136972	59.815483581913945	0.0600288768832083	59.78268729002018	59.82331396264023	59.85562038272384	58.75763855462593	0.03741099377111836	58.74823749972989	58.76468824290926	58.778782830762	59.68287965230381	0.07275504706699408	59.6431781315757	59.69053697832816	59.73099529652429	58.75637806705575	0.039348451024121475	58.74662048164903	58.763735941847614	58.77916820178868	59.81153823657643	0.050465342790666355	59.787409946984276	59.81789841663196	59.84517456188553	58.645118660616916	0.05269709687377812	58.61942357509423	58.65180740210781	58.68049434742918
4740000	59.81286630219949	0.14158538382121805	59.72199067125986	59.83680234661937	59.93388205027604	58.810816165611385	0.053200353540932624	58.78704193963723	58.81872581063314	58.84702625035265	59.81113322253708	0.06486801562216883	59.77954506477053	59.820635950411415	59.8557643409013	58.75945818559776	0.03721958092199592	58.750431292018035	58.76615318579306	58.78078616733383	59.687167792750195	0.07351039578915981	59.64462688511859	59.69640168085368	59.73581374653425	58.75811644352599	0.03906479995141734	58.748685523307564	58.76527280958011	58.78073063925333	59.81246721299942	0.05216137903662695	59.78869396686156	59.81952863897443	59.84669072788168	58.646926448609676	0.05267376823928912	58.6209545466983	58.6522295624295	58.682046636212704
4750000	59.81440952202751	0.13531021493636183	59.73344762160302	59.8357259673525	59.92638863204753	58.81269000852117	0.0509294352980144	58.790202960577304	58.82048848191178	58.84553116841024	59.813155630910934	0.060411154261135504	59.77980728774687	59.82088151501253	59.85301540869304	58.761227241760146	0.036726804920581856	58.752548086501236	58.76728991998512	58.782389348599935	59.69051397289849	0.0676299813455863	59.64730769479143	59.69716662566195	59.73582627754833	58.759908461254135	0.03849638330857438	58.750559915361876	58.76801113124747	58.7816141739609	59.81365104927077	0.05018159881588396	59.78951247868202	59.81864575035364	59.846359334373524	58.648331672533445	0.05292349684263951	58.62261414533748	58.654562354658594	58.683427823844546
4760000	59.818192160260224	0.13341786969432648	59.745782834266265	59.83725956295285	59.924064654031945	58.818313250807236	0.0494663645178219	58.79366643683032	58.82412550639127	58.84982364734332	59.818121497961705	0.05997087559973799	59.782695102833635	59.821720199233795	59.86157851860702	58.76273340530964	0.03644275776050569	58.753382675051235	58.76915818873897	58.78370580061107	59.69636543241658	0.06639258967602633	59.65550700139598	59.702060736408534	59.743345968847635	58.761919824798454	0.03771988369419409	58.753402510843	58.76975993951763	58.783326098981355	59.815219836080715	0.05324340264141633	59.790459585389215	59.820833114997875	59.84942357157105	58.65020285906754	0.053002995061269306	58.62355438128037	58.65764838703565	58.68549440181401
4770000	59.82502759505832	0.13298343133117263	59.74622959270237	59.851185499571926	59.92925555707622	58.816990720515996	0.05149146514844185	58.79304970150049	58.82360145886452	58.85087745256052	59.815819248397034	0.06133747923333774	59.779696904290695	59.82378645906985	59.85776331296755	58.764249828920875	0.03650917267737651	58.75499010649355	58.77127584565551	58.7850301779304	59.693145738324056	0.0699393713091424	59.65420467312097	59.70057137393053	59.7401514565462	58.763632994881604	0.03723264281579664	58.755004535339836	58.770593286809934	58.78490506204032	59.81708260498589	0.04817306252938603	59.792959824717016	59.82312203810588	59.847752064592626	58.65192056208646	0.052933671374755714	58.624589511983764	58.65918195905931	58.68646345702966
4780000	59.8277714237713	0.12843930745450227	59.74407111977784	59.843112658720905	59.93911072403911	58.82253377206421	0.04674459521089461	58.79785968370688	58.82915929334106	58.8538993974747	59.82220158436961	0.05967768073377564	59.790109072406395	59.829199309003066	59.86370510982693	58.76561388389664	0.03712925583276876	58.75638698929895	58.77252940995861	58.786243403801905	59.69930288664549	0.0684477516065225	59.66652573602366	59.707895056281586	59.7456934520298	58.76555765257476	0.03653278968130547	58.756585107492	58.771698445340604	58.786245354837284	59.8202271225513	0.04701344111945623	59.79545482674702	59.826214351646286	59.85240535403881	58.65357550885853	0.052604231666154175	58.62534259296094	58.66025543143572	58.68832270305594
4790000	59.82214487396083	0.1377790597756167	59.737540962832156	59.84605616839279	59.939971565699786	58.82323627823207	0.046386242077017685	58.802933264280284	58.82944953219559	58.8516802785697	59.82085010749909	0.05942810204418749	59.7865931905277	59.827534906712984	59.86121488229336	58.767365511802375	0.03649506526429345	58.75833222745104	58.77418782006032	58.787993140807174	59.70046945955444	0.0679440512548718	59.65972038630193	59.7069767093835	59.74914631788195	58.76722500251732	0.036039871526493024	58.75776984480255	58.77338447885779	58.78767321874967	59.819422349560384	0.05325810980203166	59.796283821251315	59.82830397950186	59.852751757712504	58.65551913832136	0.052898545048776946	58.62774585714359	58.663013843889175	58.69085177499214
4800000	59.82386692081789	0.1368500637725995	59.74144915951505	59.852068410328044	59.93643266961455	58.824400945815306	0.048960245796909024	58.801912210223996	58.83232681549958	58.85754065925365	59.826159714638365	0.059804763399684394	59.7944534164256	59.83099234426324	59.86685806145326	58.768696923372175	0.03675089195140771	58.759990895000975	58.77610011203201	58.78929859318259	59.706423631569116	0.06971538957799041	59.66659272545064	59.71003006512788	59.754977874602545	58.768846072406504	0.03537518829239338	58.759461700265106	58.774214763901526	58.78962521507342	59.826324216751324	0.047881342145572006	59.80069811952575	59.83114366993334	59.860012377308564	58.65746582961678	0.053018362422330496	58.63011010596551	58.66576848585667	58.69233853313368
4810000	59.83234975688267	0.12663830326895148	59.7557163400198	59.85676034407733	59.93406479337392	58.826681775315244	0.045872119922698254	58.80672760354065	58.832140131490846	58.85780650904344	59.82607493942676	0.057085041713725394	59.79301944914043	59.83326273762956	59.865609457729136	58.77047721669625	0.036162856279760826	58.76077310624359	58.778173605365915	58.79150715036448	59.70800157170097	0.06954389914038955	59.671071747047854	59.71240024909066	59.75791555363737	58.770631205061434	0.035678619408131405	58.761417351307124	58.77675024746159	58.79096585552256	59.82426288213507	0.051058023777719924	59.8036344049916	59.8318366977366	59.854629119856	58.65935236256205	0.053053116500645064	58.631956547405785	58.666689474092095	58.694110179180754
4820000	59.824647592911546	0.1320405325241589	59.74962476730096	59.84342910802614	59.9320032218819	58.82774061610715	0.04687423908627083	58.80516845240284	58.83560523396167	58.85886204394677	59.82743877469996	0.05876541427828043	59.79545435713409	59.83411307905757	59.86793901740494	58.77169375062189	0.03667047501234889	58.76267469131459	58.77961737369651	58.792599245859975	59.710299958125646	0.06579310693012723	59.67311577779711	59.71590781251673	59.75739606106302	58.77218006252822	0.03555123051723653	58.76277095960203	58.778658473667676	58.79250282265164	59.826656772199186	0.04829645034604067	59.80173882205439	59.833033943513875	59.857933056467886	58.660906186910374	0.053340583082043154	58.632414731046275	58.668467331366024	58.696662441942735
4830000	59.83075512220858	0.13037278132253866	59.755240163569255	59.84980411473121	59.938195708213634	58.829569828282885	0.048236273794322715	58.8102645717811	58.83476506013096	58.86084855864975	59.831751839855805	0.05661568465470838	59.80184578743319	59.83644501090049	59.87179535896987	58.7732622782287	0.0363668914916423	58.76375450529487	58.78146081700734	58.7942565079022	59.71048171798884	0.06718409952406176	59.67032928898589	59.71608101285778	59.757730736971645	58.77372427905949	0.035437229216260115	58.76411188848865	58.77972902672468	58.79432497574983	59.82843201247199	0.04975956474257626	59.805832199676054	59.83325574972359	59.86176079370884	58.6623747475131	0.053124517908030626	58.63311387672697	58.67007947221347	58.69779754595573
4840000	59.83042993941846	0.12978488228189095	59.7502636275849	59.854248647391614	59.93336944177305	58.83471612485008	0.04249133989704644	58.812371611603936	58.83995954410753	58.86238112414987	59.832104930721634	0.056246315496374245	59.80048410074755	59.83637765897832	59.872915478795086	58.775051334192945	0.03569580031517789	58.76569465488093	58.783077064889596	58.795661142869065	59.71027026318741	0.06871041346304513	59.669950885387266	59.716561098322764	59.75716051568831	58.77531740805395	0.035077063561921216	58.766359822171765	58.78125852340053	58.79541362280945	59.82983949834513	0.04763666667304934	59.80548779884134	59.836350012038686	59.86293040943217	58.66439636273889	0.05289782110055027	58.63526433564812	58.671397266547956	58.70096422881364
4850000	59.83860874584914	0.125260981549289	59.762966981369985	59.86219936290216	59.944385999828455	58.83438719325032	0.04356363604631868	58.8119918722726	58.84023453790253	58.86296173161736	59.83355052989626	0.05710754141190185	59.80008179139293	59.84142720761946	59.87363066746638	58.7758589971536	0.036870830589182155	58.76617435573701	58.783630170460896	58.796183715462135	59.71178101911238	0.06547089658545836	59.67207471417085	59.71715275526291	59.75614386163513	58.77709602215799	0.034168791279579405	58.76753844097127	58.78297755440728	58.797144073440684	59.83192050227781	0.04743056945887034	59.808984712687526	59.83604252315105	59.86250833779211	58.665798597102324	0.05275275515966216	58.63764419638846	58.67201964333993	58.701626904461364
4860000	59.84059611222291	0.12279336493613807	59.7624199180818	59.8568592468237	59.946941914534655	58.835052411205304	0.04370576327305167	58.81369419025049	58.839258789882194	58.86479122207009	59.83311254395341	0.05814612754670852	59.80352059203929	59.839394189177625	59.87122213419188	58.777260284634686	0.036779384969462176	58.768533542394536	58.78500328960996	58.79759031592144	59.71490165566007	0.06446051559767177	59.678025952080986	59.72302407663133	59.75938907181645	58.77851272687573	0.03411833937965459	58.769069932225094	58.78441586562269	58.79808078545119	59.83365463218838	0.0447464153890473	59.81154925549204	59.837629541082144	59.8650544643091	58.66756451438517	0.052870097417652376	58.63998524358866	58.67482582930162	58.703742858460586
4870000	59.83753345973421	0.12534108825433884	59.76312466444474	59.85628834071929	59.94098585855488	58.83688568782617	0.04403512355652571	58.814787634957355	58.8431491948724	58.866101740580305	59.83564147524803	0.057897190875667505	59.807960718612605	59.84146349287682	59.87171929131323	58.77842901284044	0.03709519370645289	58.76932048112579	58.785703005075135	58.79893715308825	59.72018235302747	0.06264686928305697	59.683890906310275	59.72571923761006	59.76318151372072	58.78011876222802	0.033728225281185624	58.77029796117007	58.78635034713435	58.799928871418864	59.83604179239538	0.04483228574396156	59.812397321050355	59.841901452546026	59.86596627469838	58.669237650118085	0.05280640852538832	58.64104108071722	58.67590446800172	58.705364532460784
4880000	59.84634511538056	0.11989857305987134	59.76923289832496	59.86431694239788	59.95007709969127	58.83410326851727	0.04846347994570952	58.811943197852166	58.840883111753186	58.866581974143145	59.83610940452373	0.05647681004307724	59.80655212068877	59.84225231946587	59.87578943350057	58.780181250480105	0.03625288627815335	58.770788071352555	58.78820670459169	58.800770821262525	59.72216633354555	0.06328991120791455	59.6846245640885	59.72654574275687	59.767625351627245	58.78148596819567	0.03331735468523498	58.771480219284	58.78794722632615	58.801376743160006	59.83808705983579	0.045525604278557875	59.8172428260738	59.843723544769986	59.867963799347734	58.67120440402222	0.052990349768221395	58.643009159126585	58.678021522612994	58.707061826496655
4890000	59.836819346906076	0.12385631096683195	59.75714908544363	59.85851714659327	59.941797527097464	58.84018164454115	0.04484349462317919	58.820443457668695	58.845489462704265	58.867636554509104	59.838627635552875	0.05594028432347909	59.80482232386651	59.845071540519626	59.877895065845195	58.78138273891568	0.03616197268190308	58.77257463394572	58.78907298351007	58.80275060307865	59.72089417144749	0.06673249338467671	59.68360842927889	59.72963760351826	59.7650658506178	58.782895792428945	0.03278915463662698	58.772849055359956	58.78904866272426	58.802231058897846	59.840732177459834	0.043374252290330845	59.81913089075472	59.84463351658868	59.871113932056176	58.6728754054512	0.05300365930419797	58.64614930583562	58.679644337769346	58.70990261958155
4900000	59.847648168326316	0.12520144748061113	59.76824897204365	59.869869078852666	59.95230388506506	58.841215504102095	0.045215623393646064	58.82108399559481	58.84963551989499	58.871241859008435	59.84183140605829	0.05878821181543475	59.8124945718901	59.85079480401191	59.88184761769074	58.78280233517613	0.03617288875604917	58.774029296216455	58.790446441472476	58.80408102066196	59.72640946372278	0.0672778499667517	59.68776877457875	59.732494160814	59.771197676751925	58.78413562775646	0.03289863191921233	58.77333986701181	58.79041683968807	58.80336619965652	59.843661479142504	0.044884737239532485	59.82095267235386	59.8506790946018	59.873782022361056	58.67421264543724	0.052745767378629925	58.64796274104858	58.68071627593264	58.71127074354851
4910000	59.847422794226794	0.12549972399578238	59.77076896867664	59.872226462730026	59.95263835357931	58.84462760046693	0.0438677446538976	58.82352848615004	58.849263668741706	58.87383988131357	59.84311940194483	0.05578591091381002	59.814360899725344	59.85053736154557	59.881231412461645	58.78389289141577	0.036392286443788405	58.77439804385355	58.7916210531466	58.804875372330685	59.7254926125135	0.06430711252359755	59.687873311718924	59.729470618264884	59.77038108992657	58.78559249318789	0.032544404496390164	58.774704287874016	58.79123390262175	58.8054764696393	59.84225056094684	0.04926069878018125	59.82116403918282	59.84837987218563	59.87281566563412	58.67588585006525	0.05228387200304378	58.64875891252323	58.68198861122651	58.7126037956118
4920000	59.843446845264566	0.13014228756357105	59.76753456169993	59.86980776788849	59.95114204482499	58.84438164066179	0.04469188765793473	58.82265459134029	58.85067079613016	58.87362031960998	59.84430225309793	0.05455877773988017	59.81480728630845	59.848138866489094	59.88398518872532	58.784881555982956	0.036334280847423496	58.77602053020227	58.792751073945695	58.805407077019424	59.73026746493197	0.0655050457102123	59.69142125535291	59.736539868493594	59.774459982698076	58.78657440922763	0.03264509248083092	58.775630128334015	58.792784355211296	58.80595792927315	59.84367358107356	0.0475417410687472	59.82061864910866	59.85054238114101	59.8756669030723	58.677469938983805	0.05263694491691476	58.65071234438845	58.68341655022963	58.71448149954813
4930000	59.850426782827896	0.126230529684687	59.77553712474007	59.88068358522652	59.955478714814525	58.84547762596561	0.04161875410221338	58.82714763582709	58.85166396528062	58.87347351616241	59.84767083612648	0.05321287182121736	59.81785578201527	59.85277968434012	59.884405171007046	58.78615133461771	0.036779408989055025	58.7772815303792	58.793795404701925	58.80707494038864	59.73029599137189	0.06564784710087747	59.694832240617636	59.737527761537585	59.775258417468606	58.78787296707606	0.03221046773867213	58.777089890453	58.79426346627905	58.80723647510267	59.845127262799345	0.04603780643681111	59.824486697812745	59.84981299828182	59.87434361270208	58.67901129370097	0.05243188269095364	58.65097026212329	58.6850675907461	58.71626776059783
4940000	59.84490797658003	0.12470076546817689	59.77143290079674	59.873235198406555	59.94826089418993	58.8472723743042	0.04133267845363398	58.82843466533612	58.85353811609147	58.87359050029045	59.84615371100973	0.05442187621104663	59.81874880588714	59.85324119400104	59.88261030668971	58.787522622106955	0.036294161273532355	58.77838086043958	58.79504491527328	58.8081581187814	59.73206381074589	0.06280897422996315	59.69729150891554	59.739556475555425	59.777262454558894	58.788555164511436	0.03357157236304839	58.777366768086985	58.79509001742799	58.80797349534275	59.84756100927775	0.043147021479207445	59.8274625613098	59.85178431794206	59.87668584069991	58.680846550670765	0.052254361330504165	58.65219666204656	58.687835571195805	58.71690976476589
4950000	59.85455612241672	0.12015603701044827	59.78561460208592	59.875395759425295	59.95541960504201	58.850256629955844	0.03924153955706017	58.83049975889662	58.85521251318263	58.87637595228523	59.851085365862104	0.053454556532567296	59.82281329107562	59.85808684832271	59.88640399104845	58.7890154392886	0.0358408674851738	58.780322456902454	58.79609417018124	58.81015412901448	59.73787673665199	0.06296613144763064	59.70096853501346	59.74596875116114	59.78248533853534	58.789781139318954	0.033733395712483655	58.77851928383184	58.79606475710167	58.809160685479924	59.85025700054995	0.0451075354046907	59.82752582544471	59.85563382171697	59.87959082233549	58.68270155162181	0.05211002564985896	58.65547370634922	58.69013677419406	58.71910533822306
4960000	59.85579256835803	0.12194843876754238	59.781627901732875	59.88146193575292	59.959865025863394	58.85174116487867	0.04048178651182559	58.83119711846736	58.85782362353248	58.880163976643246	59.850497901262564	0.05288911044653331	59.821524350738436	59.85485575959632	59.88682420161519	58.790219918040926	0.03610072751500797	58.780996037851374	58.79764751356419	58.811443928338974	59.73766399441165	0.06077631643442964	59.70093987967189	59.74380093901371	59.77816529068595	58.79121763396936	0.03347400963082706	58.780035642549215	58.797375288365714	58.81065659756702	59.85242008909041	0.046428293746651764	59.82895014509341	59.85956266861005	59.88359894040106	58.68386187112368	0.05267394825166352	58.65647730052535	58.69135953392768	58.720201241246464
4970000	59.85330661463282	0.11695902565427473	59.77849084159928	59.87640018945359	59.95221592186878	58.85398398488054	0.04075006532287371	58.833302628250436	58.86049966780337	58.880676151953594	59.85161548381593	0.05289773730920676	59.822317536320114	59.856333408159514	59.88743166319697	58.79168658508476	0.03560818718173603	58.78281291857738	58.79863363365151	58.81209342341597	59.738803556122676	0.06504237324033227	59.70053826064582	59.744270538700846	59.78279803526877	58.79243519190543	0.0334835465883844	58.781458094868285	58.7990253042896	58.81164204801895	59.850717713331285	0.04445814122827852	59.83106682159819	59.85535221613978	59.88018518408213	58.68534629943425	0.05254206174623332	58.65872963297859	58.692910195144215	58.721827190635494
4980000	59.85866213154888	0.11690548871328985	59.78536804633127	59.886127906774746	59.958285383354365	58.851331622629665	0.04647326016376052	58.832234202653666	58.85832784789358	58.8807871147682	59.85367341595149	0.053621864914488	59.82744281201751	59.859642871712424	59.891124008696124	58.79294894083153	0.03565151089551532	58.78387711561241	58.79976392165218	58.81296158910054	59.73957135878659	0.06312841401430874	59.70346714845871	59.7457483178147	59.78358676277851	58.79374335991096	0.03302081783025315	58.78325255374183	58.79941316265474	58.81272037615158	59.853228264598194	0.04348948297740375	59.83148135445462	59.85823652472724	59.88051651686871	58.6870177638866	0.052635662310468886	58.66138540217243	58.69530318007874	58.7242586596696
4990000	59.86342536711055	0.1165908270362235	59.7929450987397	59.88537440357213	59.961237341209106	58.85582432062797	0.04227131366653836	58.83694187404053	58.86189417942737	58.88399671044913	59.855346287373756	0.052761873041891255	59.82602003759394	59.86231198962276	59.891484013355196	58.79466049252672	0.03459888478340252	58.78469457317253	58.80108609633984	58.814609144310445	59.74406236150046	0.06202465466749388	59.70639484693192	59.74866981272953	59.78712355732761	58.795053710145964	0.0333409513505068	58.784294833971714	58.80122740946089	58.81452405214787	59.85722413125342	0.0429213463342512	59.83467728359417	59.86183391350363	59.88540285031975	58.68865658527463	0.05267696532427969	58.66344022048669	58.69701695279103	58.726108332795896
5000000	59.85814615285578	0.12184651630438696	59.78955251479132	59.88605232063789	59.95819179789888	58.855464052971016	0.04522294630502531	58.83450387253744	58.86377269353817	58.8862638958516	59.85631523574477	0.054540436443903564	59.82909027730328	59.86379010510295	59.8926144633525	58.795269670828645	0.03561224595682401	58.786196143710185	58.80254414830658	58.815494164119336	59.74322102065483	0.06171609528270868	59.706803585730825	59.750541084262395	59.783661534660006	58.79614682409475	0.034225729688345356	58.78640473448094	58.80242913603334	58.8159310755925	59.8565438764264	0.043731160843346224	59.83260406543696	59.861776640305095	59.88590751853478	58.6899295723542	0.05227475334207279	58.66425331342067	58.69840818757451	58.726731561074786
5010000	59.859669554074465	0.11981606014259047	59.78515537783083	59.88581502915119	59.96072806965549	58.85931598129408	0.039956953308874325	58.84145014599293	58.864287289374644	58.886781739906816	59.858827477190076	0.050564279785062574	59.83001997915655	59.86360406915627	59.8936529991227	58.79628859719171	0.03575864054551022	58.78793514579967	58.804148499847265	58.81694218182041	59.746236213857394	0.06351276280789032	59.71051534837941	59.75120386808648	59.789247390279684	58.79740268924082	0.03389441293438307	58.78737499545881	58.80399000087953	58.817026805653214	59.855860982264076	0.045877967520638586	59.83497593509718	59.862832571008425	59.886053401687235	58.691159189094215	0.05206523965254642	58.6654673502381	58.69994085553321	58.728062140152076
5020000	59.860756288112505	0.11840144267917474	59.79250319655539	59.88691513334999	59.96167950619299	58.86070189890042	0.04018143223260377	58.843093409331544	58.86631447446098	58.8865257835581	59.86158509774667	0.05195631033088804	59.83466831510222	59.8692152607256	59.89447348355624	58.79786816327067	0.035276045183707645	58.78855279024495	58.80537115205459	58.81827380531324	59.750142289736296	0.05989526441674124	59.71082891593333	59.7560958438506	59.79482357018742	58.79876551740181	0.03366248833896905	58.78920708003252	58.80493434274041	58.818099461937265	59.86112653670965	0.043578827999506416	59.839977541350194	59.86807607509927	59.88910922236505	58.69281835307598	0.05219279044921793	58.667017280268595	58.7012299964357	58.72879393271765
5030000	59.86230402920732	0.120918399176521	59.78965087018559	59.89016422708211	59.96384177815372	58.861081624371124	0.042227642705954756	58.84515998451184	58.86688309488875	58.886823209685545	59.86111081562526	0.05185008731042716	59.834316959684664	59.86747589711245	59.895544492605964	58.79943190431131	0.03438197965771373	58.79010636071998	58.80624913637676	58.81950289387298	59.75113361629622	0.06354612970037524	59.71356178828455	59.75709902680419	59.79697043348461	58.79969733530059	0.03353750969803694	58.789822539230286	58.8055816779465	58.81898710151263	59.86064776213833	0.043832528601022734	59.84017432879528	59.86671010951535	59.889847426525776	58.69396467746831	0.05230333885261218	58.668446329600215	58.70202295884266	58.73010071973126
5040000	59.86382939361528	0.11868587286030062	59.79623800311774	59.893887571376325	59.96054358127037	58.863597259080905	0.041970827601287244	58.84441808041472	58.87111539453073	58.88976768620843	59.861001231148556	0.053479378662168016	59.83605743125266	59.86868984067574	59.897798788308776	58.80080446373897	0.033665143042268884	58.791413609952926	58.80749627731714	58.82077195926162	59.75211774912075	0.06002463539803618	59.7176420106212	59.75625330771873	59.79458558743083	58.800633948125935	0.03389367414844974	58.79095142408569	58.80711539114136	58.82022504710434	59.86276339066393	0.040559518410465796	59.841776097065974	59.867374796325166	59.88989555134563	58.69542667499995	0.05235361195707129	58.66988156795796	58.70338291190514	58.731699370931516
5050000	59.86679409507435	0.11353804400832515	59.79154864970894	59.89058929327956	59.965488338164626	58.86525471105714	0.039063828296348066	58.84705054282657	58.87047803273709	58.891527962651345	59.86646657080348	0.05027141218052339	59.839740660858915	59.8724817527586	59.90224734199565	58.80194184652775	0.033566020131830056	58.79204626448203	58.80816122113344	58.822196473824796	59.757127504949985	0.05930518184528135	59.7250302400865	59.76321844398906	59.7975754411025	58.8018787410247	0.0336101286994908	58.792041882344144	58.80790741150953	58.82166732183386	59.86469842565365	0.04370093678888273	59.84421161447022	59.87077386686552	59.892808030047206	58.69665324512957	0.052392575992110106	58.67062893742126	58.704259944986674	58.73299950392766
5060000	59.86392142246777	0.11314425096699254	59.791550043152604	59.887247206287554	59.95961589644445	58.86726710439495	0.03649631775927881	58.850545060382515	58.872431463791	58.8910278782375	59.8663548495476	0.04831931382460246	59.8407380285073	59.87218906675356	59.89973034758333	58.80317266290976	0.03335506164744544	58.79287595401761	58.809200117707434	58.823528865514184	59.75543820996558	0.06121941780406913	59.72008647300962	59.76302718579113	59.79813233847353	58.80273147111624	0.033828786101052534	58.792692873019156	58.80871906733894	58.82256322209716	59.86530567157493	0.04171367733569653	59.84532705120202	59.87004106818547	59.89205330885452	58.69835078115862	0.052073661249238845	58.67313040107178	58.70492096668937	58.73475336442252
5070000	59.86400667538948	0.11940748496917462	59.79317858547434	59.89123657067873	59.96445937223507	58.86598878512008	0.04124922482837566	58.84942918249945	58.87239093970602	58.89260016358272	59.86724093318631	0.05092995174119092	59.839946910075575	59.87272344858436	59.9027459526596	58.80396889347295	0.03391779572058735	58.79434577912831	58.810830463785926	58.82391739048983	59.75839254756085	0.061581421954308886	59.721392693572206	59.76416160659494	59.806022488212385	58.80347772295888	0.03531387423967886	58.79369710976452	58.80940282580059	58.823844409479484	59.86827443102055	0.04056952546957353	59.847687801657166	59.87353139896	59.89545333942189	58.69956431197774	0.05184721956314098	58.67404027936629	58.70598683823523	58.73549826911088
5080000	59.866601413663346	0.11526591950211308	59.79627056562733	59.89079681590371	59.9627872913046	58.866851356564254	0.04076344144079938	58.849672369300635	58.87437373047561	58.89267907795689	59.867589667605365	0.04919879256593969	59.8423167341869	59.87354737400824	59.90142749504855	58.804873860612865	0.03417669363771532	58.795090306216935	58.81181083454133	58.82456663986903	59.76124708901835	0.057649280144482014	59.72456907830222	59.769364203448035	59.8015523418636	58.80463551658671	0.03499053777433413	58.795030339895355	58.80994791521897	58.82513466427051	59.864916289118526	0.04385040925544076	59.843475535901774	59.869045324087324	59.89387557837147	58.70135471209762	0.051669391863611094	58.67527842759899	58.70851465087232	58.738027177828634
5090000	59.86757115258082	0.11723245517700871	59.79989164743259	59.89335297417911	59.963502592676086	58.86979945418387	0.036425302055802904	58.85446481778361	58.87534616109813	58.8930618472134	59.86722120539549	0.0483026701499409	59.841720104758124	59.87306246539173	59.899602391095	58.80579684163055	0.0346252659731438	58.79609173184657	58.81274372231747	58.82522222335464	59.758204009105405	0.06207185114947057	59.724702810346386	59.76347574257716	59.80220757197467	58.8058561159482	0.03484027285147719	58.79655648211643	58.81162575593818	58.826245718465366	59.86754020469819	0.04359973201677943	59.84736778087228	59.87369503209611	59.89581412247887	58.702871534986286	0.05132327094655182	58.67637132357794	58.71009073608063	58.73953575489792
5100000	59.87824494313629	0.10852341444922516	59.81251750116397	59.901924543670006	59.969184757550295	58.87151600264296	0.03767529494742313	58.854818841504525	58.876418501778446	58.895961614273716	59.87153739167185	0.04920176766090587	59.84681823325609	59.87660591650855	59.90635595492725	58.806992249286154	0.034360238468616286	58.796980139745564	58.813977391826235	58.826609544443514	59.76321211643861	0.05946567866682993	59.726813954798494	59.76633776686543	59.80530414093509	58.80653532138157	0.035454799356232185	58.79710909048698	58.81308283014904	58.82683172605451	59.869972942592746	0.04809808364799977	59.852122870676325	59.87689405461671	59.89851396975567	58.70431366960452	0.0510985329849151	58.677838388780415	58.711338158994195	58.740764704917886
5110000	59.87218161638551	0.10897231479009181	59.810087600255684	59.89016989520347	59.96755601645576	58.87415722166482	0.03777522950197996	58.857783700260576	58.87890547758116	58.89820505235934	59.87252784546974	0.0485155960286722	59.848192507079354	59.87842570899532	59.90609489955666	58.80797329162886	0.03413827417140382	58.79896543721074	58.81493092380437	58.827644254511064	59.76711824700132	0.05797332354779429	59.73516040644447	59.771249922187394	59.80814911811302	58.80757350299956	0.03576523018931329	58.798638667372224	58.814033479189085	58.82774248175895	59.872101162464396	0.04517671170123887	59.85265730137436	59.87991287692039	59.89996454329485	58.70543615333076	0.051128543344207654	58.678604097558214	58.71250879821603	58.74206333112124
5120000	59.86967233738877	0.11496420222204058	59.80329569728149	59.8939594277392	59.9656080315343	58.873855903365396	0.03703340113861099	58.85747598567992	58.880711246955116	58.896899371621245	59.87345780466268	0.048960443864724645	59.84855744086445	59.88010772014838	59.90742619842953	58.80888026486579	0.034556153666508195	58.80067049787622	58.81569765828449	58.82863830359348	59.76707546976141	0.06111348856778716	59.73598495547634	59.77365389219936	59.80761728940345	58.80878476161575	0.0351655180332728	58.79941871591398	58.815428027493695	58.829006565497906	59.87443558346267	0.042983612014622766	59.8556003459298	59.88002772082821	59.90241273645306	58.70683568839247	0.05112738060022081	58.68032039385581	58.71437157290175	58.74247969102662
5130000	59.87907661527775	0.11138330091570882	59.81082589462453	59.90428068794337	59.974102971273325	58.8756208917239	0.03935031824189228	58.85929895803491	58.881639372304875	58.89991421636876	59.87725657415011	0.0476796959777688	59.85157855744743	59.88193220648862	59.90963783168186	58.80999946214567	0.03435104325230269	58.80163718231269	58.81662309190172	58.82966285516347	59.76990318459653	0.06018025762738445	59.734772470735585	59.773364444014206	59.81021913963518	58.81007205590681	0.03467368477307636	58.80101384265695	58.81641299659323	58.82983073954031	59.87398422982353	0.04376269935600409	59.855219127512626	59.88043715372923	59.901891493885536	58.70838708629092	0.05071801029892029	58.68294356906901	58.71672047729603	58.743817319944604
5140000	59.88115682839893	0.10697577433083683	59.81431361984294	59.911411933127766	59.96826465747624	58.874734079707665	0.042392130550993626	58.860249575563	58.88215924638118	58.900250502289985	59.87609705381662	0.04854136067329705	59.85225529056858	59.881782369951765	59.9085053403644	58.81137478013293	0.03410166534941385	58.80258388203808	58.81780096701894	58.830906556961715	59.770991584544035	0.05675282704930795	59.7346519189223	59.77540776948472	59.81080162823292	58.81121265197418	0.03549507687897886	58.802184295360405	58.817361005291914	58.83111899722699	59.87710413126995	0.04174135892574262	59.859761318492225	59.88346613069727	59.90222358516642	58.70984301100382	0.05064493885546713	58.68409578205085	58.71728925971173	58.74438524877208
5150000	59.87221043817522	0.11061113111985303	59.79880312167348	59.900440584250376	59.96604442738972	58.87627870035188	0.03866694368762613	58.8608171720833	58.881745591013214	58.900401858905845	59.875059028518194	0.048822736980601154	59.84975703227537	59.88041809588583	59.90869979488488	58.8125415325848	0.033841923795328716	58.803458051326416	58.819074299360885	58.83193145528544	59.769814551398134	0.05848888740372987	59.734543304020804	59.774678992365274	59.811853398336645	58.81242965798743	0.034874469993835	58.80281260744622	58.81838872215971	58.831925120229855	59.87692444385747	0.039551032213065204	59.85622986836372	59.881843097000285	59.90385214450027	58.71110609916133	0.05067803786719485	58.68514752938998	58.71839050074762	58.74521414662211
5160000	59.883957212102835	0.10768670637993227	59.81622156085429	59.911400470955236	59.97487160846817	58.88167013901099	0.03509370301693608	58.86751753458852	58.885916848710835	58.90477325795381	59.882054734437055	0.045078799745395276	59.856484121284524	59.88775332103447	59.912557764092156	58.81333790210429	0.033731591682447555	58.80416866543658	58.8198485636831	58.83223067226956	59.776292623186265	0.057324705207024935	59.742471372463896	59.77938895504025	59.8170758626502	58.813392024365385	0.03448822717146671	58.803949213815294	58.8200380062334	58.83266337563776	59.87978608001523	0.04293474036082022	59.863078756134676	59.88590911657038	59.90716979364648	58.71255217522402	0.05052211048075182	58.68647335566865	58.7198533446866	58.74665736757666
5170000	59.88547464276882	0.10692135480552395	59.827767687048365	59.91316919152929	59.97255560112523	58.88156020161149	0.03514358763638634	58.86520049707673	58.88679480566087	58.90480774228125	59.88014815561542	0.04806331010016622	59.85650501219549	59.88600463821482	59.91218738168935	58.81454046812692	0.03333562250160681	58.80471860625474	58.82103600381261	58.83335583591843	59.776640467778655	0.05753810453077024	59.742352244818306	59.78033958076217	59.81798795282748	58.81456094120993	0.03401270703219445	58.804953390545506	58.82100123904851	58.83385050315858	59.87974300071432	0.04169274265803356	59.862648775222716	59.88570613621229	59.9063654168516	58.713741788503036	0.05032758733892199	58.68850055822033	58.721397295008515	58.74843579450166
5180000	59.88184461900453	0.11319452454932807	59.8170353164286	59.91255461221654	59.97596076254649	58.88208747795364	0.03478571487367049	58.8674560733681	58.886787958882294	58.9049034414822	59.87917822391166	0.047786235989153665	59.85516348331511	59.884703767758836	59.91020826599403	58.81557931068077	0.033125845203384616	58.805968814585114	58.82210204577017	58.83433985546503	59.77678414265437	0.05764689639754783	59.74354338172542	59.783445889459614	59.81816834222576	58.815750660876056	0.03348709330389451	58.80582379210662	58.82187199162368	58.8348706218458	59.88148759874985	0.04220589671304361	59.86318115381483	59.88742539001159	59.90847155046122	58.714866774081024	0.05017250523454392	58.688806570409206	58.72251305041832	58.75005508222745
5190000	59.8839062554191	0.10734759079085784	59.82308456783811	59.91285741086293	59.97280216350342	58.88310977543249	0.03568000895968097	58.86680931346891	58.887914574932516	58.90656333354253	59.88365862412083	0.04578184048947844	59.8603511523838	59.887730229830225	59.913722395698485	58.81668976330997	0.03289186695256488	58.807272962837175	58.823238557662926	58.83565259252008	59.78079946599253	0.05759237693143288	59.74936746166733	59.78316518907526	59.81935699731032	58.8168762906111	0.03300319484978696	58.806431980985224	58.822769568123164	58.835960494419766	59.88174676170097	0.04208382185188924	59.86273422722949	59.8864550936014	59.90901375885035	58.716087040284	0.05005872705865853	58.69011623997708	58.72397316028706	58.75052441231246
5200000	59.88560990816228	0.11018938004897992	59.82308289746774	59.9163745141241	59.97471234211338	58.88561549982797	0.034011453504437454	58.8681598119651	58.88974895702552	58.909733897103024	59.88473179900412	0.04476871141108102	59.860564623978476	59.88899411644015	59.91555963218802	58.81770085249941	0.03294253782229735	58.80781683908859	58.8238945823245	58.83705729236451	59.78225709810084	0.05608897765094626	59.74564355358062	59.78678956656496	59.821435453746275	58.81782696133866	0.032610528169105805	58.80725919452259	58.82359678134131	58.83651825936458	59.883452965091436	0.040064375964125036	59.8651222501185	59.88832635102446	59.908609073828615	58.71733439815114	0.049987143522473056	58.69139982975836	58.72538051121356	58.751623511947386
5210000	59.88663977949576	0.10250455073571707	59.82419820265766	59.91181809197377	59.97309834417229	58.88493473221922	0.03700200843128842	58.871658126011305	58.890323802478555	58.907252158869376	59.88410112541519	0.04743980058551097	59.85951027676617	59.88886017735949	59.9161193044495	58.81847600472033	0.0332295284690896	58.8085761621303	58.82458719687635	58.83782353932331	59.783543487057194	0.05774320060897736	59.75113271690157	59.78893234459589	59.821358767278575	58.81866589347837	0.03256937756789826	58.80823101090085	58.82428404139421	58.83731965175527	59.884379240102184	0.04213306457652947	59.86436902865306	59.89041339351226	59.912345092824935	58.71834877230423	0.049714869326876875	58.69167850252144	58.72616170874213	58.75267804380684
5220000	59.88516604770403	0.11242546580350982	59.818679966867386	59.92021696215372	59.97789875735365	58.88426189486197	0.03767812869540295	58.870250573269935	58.8913221275764	58.90730023137071	59.88411513500199	0.04650374927409067	59.86209124741699	59.890253614696306	59.91589127742231	58.819329183638736	0.03344010772270883	58.80937022431601	58.82554156769281	58.83833752298369	59.783793122780054	0.05804507686457479	59.751407045856524	59.79154054969456	59.82346828239481	58.81962151139913	0.03215898762656209	58.808986692780735	58.82520856214696	58.838121744641114	59.88745001936367	0.0358355373015939	59.87058479694708	59.890588271915526	59.909969636194354	58.71922711687001	0.04971494122628536	58.691964060240814	58.72698751762597	58.753489311905255
5230000	59.889747006957855	0.10773199441588868	59.829133815856636	59.92469740538601	59.97727622502052	58.88606900634749	0.03508756317066844	58.87156447561445	58.89169267558373	58.907783040569456	59.88787814829724	0.04364263951125979	59.86499741536102	59.892094059365164	59.91830638797101	58.82023709775663	0.0330160200231376	58.81051645233856	58.82626660152986	58.839144462780254	59.78741890942619	0.058078088934082416	59.755050857856176	59.79132357818337	59.82608317650859	58.82063392069041	0.03187922410881275	58.8103860404146	58.82598385180526	58.83922431893662	59.88842614521173	0.03746152236775677	59.87018015156796	59.8934947353717	59.91196381718562	58.72020674441096	0.04976071192803393	58.6923485862292	58.72735322825698	58.754692586254805
5240000	59.88870943625655	0.10968348695327616	59.82673180523449	59.92182074109748	59.98120220213571	58.88934821565956	0.034548501397358745	58.874305345435204	58.89542697461653	58.911292525361475	59.89000285516912	0.04398070801089202	59.86773054411281	59.89654513465472	59.91981535545637	58.82103556747828	0.03313929373768547	58.81153134503657	58.826946670223194	58.839847763726794	59.78861917860432	0.05442505172464868	59.75686996212603	59.79259620333532	59.82609679495755	58.82153512713733	0.03150334421063966	58.81134864634665	58.82702198555904	58.840297285722656	59.88868498456718	0.03946023280424734	59.869996495537606	59.89548831928202	59.914687094553045	58.72123273616534	0.04964908683093461	58.69381555521849	58.72866085860744	58.75508749643838
5250000	59.89032086698189	0.10601879912558433	59.82632830292876	59.91964763839629	59.97811507016897	58.88823644236854	0.03713568075490829	58.87460857056949	58.89433637748128	58.912092317087044	59.88721485937709	0.04698110943131513	59.86617437269554	59.89155720881562	59.91698540891672	58.82215645654145	0.032698161185015055	58.813261071758866	58.827916931275766	58.8406058499643	59.78810699834848	0.05821328009630102	59.75092303239808	59.793113883276895	59.82982877371508	58.82255861585025	0.03138019331967969	58.81243097506655	58.828218720420395	58.841191962705466	59.88927763079817	0.03907995095076284	59.870358338825355	59.893911999992724	59.91529896677842	58.722631467996884	0.049615614441641746	58.694666869134274	58.72955697227843	58.756308613284226
5260000	59.893922791432765	0.10493744254187078	59.83525496601175	59.92575313299825	59.98076143801479	58.89112522790633	0.031411953980660656	58.874913344072375	58.89440636634264	58.9125529239672	59.89019563953485	0.04551863871534921	59.86696940566781	59.89581643837389	59.92119005693534	58.823208703414075	0.032443191437040816	58.81423881622287	58.82904695317128	58.841256465801926	59.79002604469981	0.05690237073101778	59.75822575517977	59.7944253246492	59.83068262532737	58.823437084497755	0.031224720055052994	58.813385908729465	58.829054625194466	58.841724024301335	59.890857366336974	0.03779382647521464	59.8724914953646	59.89468801547428	59.91598359579123	58.72386891583235	0.04934611068304516	58.69615365506439	58.73020962359029	58.75701108519287
5270000	59.88899921489991	0.10748714587338408	59.82521469685719	59.92075826268429	59.97734606346495	58.89039990408922	0.036829020365644165	58.87442275946994	58.896988372990066	58.91419340743445	59.88937471388134	0.04568725271887074	59.86716082849254	59.895536118940385	59.92005540566721	58.82427549614001	0.031824063698935534	58.814589036403746	58.829859541453864	58.84225875837564	59.79269310519262	0.05337634333090244	59.76217295800684	59.79560791907837	59.830520756648625	58.823914895950686	0.03205703241971787	58.814589816480805	58.82979656508151	58.84230822783796	59.891972824157655	0.03560322564454831	59.87328762626659	59.89669702496367	59.91539792676057	58.72522576313566	0.04918548952112076	58.69679156128647	58.731538128551136	58.7583699779115
5280000	59.8948858504099	0.10418813954227649	59.83512744695314	59.930403579806566	59.98017064089581	58.89312940114677	0.03422185463734426	58.87926876159164	58.89787767526395	58.91480263899402	59.895373808887896	0.04119828225010397	59.8732019813777	59.900314476220615	59.924255278688534	58.82484092124324	0.032346715338746196	58.81509868440702	58.83055856581173	58.84307166190983	59.79482305392239	0.05579216544913357	59.76417378964915	59.7994598036137	59.83325252781622	58.824942236889115	0.03212454329468891	58.81531066551466	58.8306939442605	58.84327129665284	59.89339379827274	0.03884275802737393	59.87662265060718	59.899142506645276	59.91885865862669	58.72604712741397	0.04922777804868857	58.69750903914142	58.73226523020017	58.76012568585129
5290000	59.89825622419741	0.0998246882507079	59.83379626009561	59.93091189386329	59.98251997024323	58.89314516599647	0.034311483053238924	58.87994975523544	58.89828015686297	58.914463599326446	59.892220091901855	0.04427896858657959	59.870943274815026	59.89821869842448	59.92138391748141	58.825751867593596	0.03217237686166579	58.81618124281557	58.831291257525535	58.84421844613276	59.796259614476405	0.054270167327144146	59.766829884003315	59.80087907755612	59.83218477315113	58.82583554127533	0.03175585186200064	58.815898710121886	58.83125767351776	58.844078845831085	59.894438722279	0.03796859701686205	59.87474413272943	59.89999397152734	59.9195855666872	58.72702308065638	0.049233336418829474	58.69973316845753	58.73252990833267	58.76028673742219
5300000	59.90306214835304	0.09656306784970903	59.846433943667684	59.9305431105062	59.984074991568605	58.892827099735726	0.035273548024216714	58.87907400911319	58.899768279395985	58.91492106002253	59.89374188320978	0.04423052258492983	59.87048412457205	59.899745225791364	59.924833060612244	58.82645585647848	0.032581927494673535	58.81660584257179	58.83249103094458	58.84510469569432	59.79781580272708	0.05647960952485629	59.768446234058835	59.80212232563563	59.83796538202098	58.82685945619159	0.031452845989572716	58.81701452149362	58.83294027480685	58.84480625619837	59.89453266281545	0.03725160893178203	59.877096876570626	59.898634730821726	59.91971114536375	58.7278789137522	0.04946518165279418	58.70096553418577	58.733461694473746	58.760655968622416
5310000	59.89318839867508	0.10811692451695959	59.830208006918305	59.92658042037537	59.98100506224041	58.896771257225474	0.03126387918252811	58.88448298821449	58.90137280457547	58.91572154175546	59.89637407417415	0.042616176250681474	59.875423629795336	59.90208782193215	59.92528418811134	58.82735397874243	0.03232873638100254	58.81805177783058	58.8334128690305	58.84540707184483	59.798124031826084	0.056575501283243575	59.76721394728515	59.80627762877431	59.837443430132524	58.827387902469304	0.03210586533863661	58.81733165698111	58.83365439697095	58.84576186806528	59.89541524586656	0.03706071679186966	59.87817948949876	59.90051823465262	59.919634962477794	58.72847982163578	0.0498305873127911	58.70106605989919	58.73537539721379	58.762016902055194
5320000	59.898356653783615	0.09800992193714843	59.835069247742396	59.92849768723522	59.98230641186056	58.89494057644784	0.03396164142410967	58.881671363096125	58.90071158409292	58.91577625618291	59.89513287499051	0.04540287374643868	59.8743815079997	59.900636428672584	59.926154674434024	58.8282947300862	0.032080432529851856	58.81860268855389	58.8341252073694	58.846403844148064	59.79926518547435	0.05710102357511943	59.76870855022119	59.80651465251892	59.837037922775735	58.82828566446287	0.03203656127551321	58.81785546436241	58.83410100939739	58.8469901312309	59.89715477436419	0.035448909267593094	59.87859008179212	59.90132998914935	59.920950879240785	58.72961287453543	0.049720038603326765	58.703556909351974	58.736583373548115	58.76383253915006
5330000	59.89335007369054	0.10782350480838479	59.83111645575296	59.92527918302354	59.984048850345275	58.89813186743758	0.03191955524909913	58.88465408789355	58.90274967198093	58.919461558422874	59.89668362053755	0.043700322000861734	59.87554169248696	59.90305663126612	59.92646603906789	58.82927097642126	0.032034096168800284	58.81957925017721	58.83508864022521	58.84763106344538	59.799855589809845	0.05614725607336407	59.7663916480676	59.805698322633745	59.83786656021665	58.829204238059006	0.03165839161005733	58.8183217233539	58.83477009356131	58.847934052530356	59.897583054500394	0.04102842183184017	59.88119227463517	59.903293809174215	59.9217476905543	58.730637738418395	0.049571688683099545	58.7059989491024	58.73749977551094	58.76466104226787
5340000	59.899017024421944	0.09975972266430491	59.841891277260096	59.92981694341276	59.98253615427863	58.8987487199892	0.03345801764479804	58.88604467332304	58.9042820997784	58.919025938414634	59.89949427150342	0.04060797487910786	59.87889908116135	59.90463193016841	59.92800584089318	58.83027584963245	0.031265079509648616	58.820541357703256	58.835761795780364	58.848859059682	59.80289128001709	0.05361843051159775	59.772731356128034	59.809603643421084	59.840391023727754	58.830112994897576	0.03160918828468061	58.82000857453465	58.83556951765719	58.848671305975515	59.898455914381394	0.03638727729925393	59.880990879437725	59.90327766148327	59.92192021185028	58.73160842431864	0.04966042400958871	58.70683079753308	58.73825453978194	58.76597755766592
5350000	59.90435822454963	0.09513109542113453	59.84828860492315	59.93258246235645	59.982208994991424	58.90057710246301	0.0310387439039675	58.88601366584552	58.90628952076493	58.920616500564684	59.89887805142237	0.04152994612472217	59.8748942600952	59.90380619456273	59.9286308464079	58.83111083337734	0.030700725920795386	58.820977801189315	58.836054394005714	58.84993386685189	59.80305562922261	0.05622345186606376	59.770102020168906	59.80783911549585	59.84149691239729	58.83086067383743	0.03144908036394989	58.82020943635658	58.83603609439125	58.849218307501204	59.89902993442499	0.03777334671818735	59.88127067754402	59.90453235755256	59.92383851850778	58.73238134794099	0.049559683681614515	58.70829349358826	58.73888633117047	58.76672148207183
5360000	59.90026027611434	0.09965363903394038	59.838902935433055	59.93058377232644	59.984737787749594	58.90149435083614	0.032168704347639736	58.8900170918169	58.90606586712868	58.921271359204674	59.90086285462637	0.04260254569262766	59.87837357155519	59.90668431277163	59.93046516179051	58.83192481403402	0.030574338913913025	58.82164578381965	58.83701097960047	58.850841638083466	59.80798622438191	0.053873082596334367	59.77209727257857	59.81179413140781	59.847605168784185	58.831492917910715	0.03181719120537648	58.820792495787174	58.83670051797381	58.85043550060269	59.90216806216162	0.03765918936580276	59.88600279271077	59.907488623066506	59.926466552899335	58.73317395889309	0.04952671147790513	58.70848660208516	58.74049457211498	58.76735437360112
5370000	59.89992278141471	0.09929078521024531	59.838858184069615	59.9280940365327	59.98264669534595	58.90100668103922	0.03393253997048746	58.88796209244436	58.90666557257488	58.921896140166766	59.9013949032284	0.04161575594967739	59.879863322986274	59.90750102893044	59.929287069063655	58.83279351690139	0.030487295272907656	58.822498729010775	58.83763361810924	58.85149068527123	59.806413117823844	0.05438210640363708	59.77198363426143	59.80951457104187	59.845813993798316	58.832406270118156	0.031827669969227236	58.8224261507029	58.83789947719733	58.851032599693085	59.900923472457244	0.03463784898622302	59.88314613808272	59.904004997921554	59.92448410464428	58.734311669681205	0.0491125237215392	58.71117104390556	58.741273924424334	58.76793081950466
5380000	59.905896999850114	0.09274866194588596	59.847643447211915	59.933590965610605	59.986015626351815	58.902192580714	0.0324998799857321	58.88921589582856	58.90648962679295	58.92165152688087	59.904138122384	0.041009434144067346	59.88503846286568	59.90889175459765	59.93122377940414	58.83356902652279	0.030280893978202602	58.823457321605225	58.83851585703368	58.85247294564485	59.811335246092085	0.05157845255936214	59.779178852741225	59.81387972395429	59.84719964502599	58.833213390700934	0.031773026812491036	58.82282564234477	58.838731845660334	58.85174824129278	59.90178338805818	0.035084338689976916	59.88288694263951	59.90540055002252	59.9242944910209	58.73559979714487	0.04891275850636197	58.71192937510809	58.7423625942373	58.768952676416355
5390000	59.907282215163775	0.0943104074288338	59.85461463104434	59.937557658062694	59.986426573610146	58.90315079452517	0.03514179140031184	58.89159280434708	58.908141316370525	58.92340091020785	59.90532076091184	0.041314447989616726	59.883398966110455	59.91179958899933	59.9317321850467	58.83433317157418	0.030294477524808468	58.82379088638732	58.83910843280607	58.85287897097409	59.813634177819026	0.05214712119208132	59.782882795698804	59.81952384740862	59.85054327219727	58.83384351787615	0.03181096659259159	58.82323433805698	58.83964129461589	58.85237038216003	59.90501312429143	0.034936980040848324	59.889637114435544	59.90824437327463	59.927574407468875	58.73671505680817	0.048921882260017445	58.71260395234356	58.742895615215794	58.77025772604626
5400000	59.90101483671766	0.09895178642667823	59.84015657485729	59.92810098333926	59.98315356670052	58.906448860301104	0.030266189470534485	58.89372110534133	58.911908788915554	58.92470796451791	59.904842463799966	0.04106235764210071	59.88597607544897	59.90978868551835	59.932215250497265	58.83518865455281	0.03014866232024164	58.824370736107774	58.83995129962341	58.85396818137632	59.8136761640483	0.05477405323383716	59.781398854455304	59.81865585504947	59.85104428895024	58.83469920915983	0.031805314012213266	58.824013207407155	58.84059659771607	58.853676744070754	59.904725668792125	0.03654283521850879	59.88732205085064	59.909536790505356	59.92747939865282	58.73748683560108	0.04881798189409723	58.71316615767603	58.743795776066804	58.7706887958346
5410000	59.9067471854129	0.0971815385729094	59.85261288502042	59.93958369066925	59.988296696963516	58.906694902992825	0.029689137074113397	58.89480946289741	58.910795897391765	58.9262167347986	59.90648873221706	0.039693090925376553	59.886578889695684	59.91360126813832	59.93326855459374	58.835924308431814	0.029897368698999904	58.82510370020065	58.84032224902035	58.85437431176399	59.81492221581544	0.05124574424747396	59.78550251068741	59.82029182930488	59.84908669319495	58.835577288432546	0.031699061121335734	58.824768165412536	58.841568137953786	58.85458614370758	59.90469949288427	0.03798947271201237	59.889294661997255	59.911508420218055	59.92878018824291	58.73847372065124	0.04905093410888495	58.714475569132006	58.74441504372692	58.772288284729484
5420000	59.909635440871135	0.09229961002207232	59.8508440469389	59.94035594014298	59.98744843550846	58.90587413297015	0.034879994574300105	58.89439006727197	58.912676521081295	58.926246052167436	59.906324354108214	0.03992761919453691	59.88319311615592	59.91191617722827	59.93319451141925	58.836661167282216	0.029494369873473526	58.82612612110333	58.8415127987993	58.85489412281056	59.81349335174541	0.05365281006025368	59.78158706477418	59.8180408969026	59.85146808611974	58.83638698371647	0.03159888100027295	58.82568758045521	58.84194434380875	58.85528903175902	59.9081819811566	0.0315586965707387	59.889115234014895	59.91187245809729	59.930158816995515	58.73923191611555	0.04902301059798256	58.7148115246563	58.745024343327856	58.772909565655084
5430000	59.90529965703822	0.09634658523966833	59.847509109292865	59.93541307522319	59.98755974012588	58.90788889318118	0.03200446718700314	58.89561605456183	58.9130564525447	58.92846622492527	59.90924339240113	0.03882271358364367	59.88852858130156	59.91371595468691	59.93718274998739	58.83739442785051	0.029511841352475022	58.82690103659237	58.842590785514716	58.855164786832106	59.815893957221725	0.05315107127291681	59.786870694739314	59.821957263842975	59.8505636930443	58.83695571959659	0.031833732996128926	58.826557706318205	58.84245988612463	58.85612307867389	59.9075772283344	0.03428920860369243	59.88862744083856	59.91197203296144	59.931832205040884	58.74016267127597	0.04895588310063191	58.715551835198774	58.746183789116365	58.773822094226524
5440000	59.909404026679695	0.09222720408420766	59.85373430828857	59.94247032054481	59.98939589671192	58.908638463667714	0.0334317588384571	58.89814100095835	58.9150631169873	58.92884272816754	59.90978702975199	0.04070411697056104	59.88881254492598	59.91565320353906	59.936843993938695	58.83801612716188	0.029980219504582878	58.828190894965	58.84374812978058	58.85566789720435	59.817637668388144	0.05353824603264802	59.78706840906484	59.82230871278602	59.85370025447939	58.83752588904197	0.03151791450479992	58.82714786260758	58.84257940494115	58.85645906376829	59.910588558447486	0.033037002148800704	59.89282162522003	59.914957814417136	59.932563015682106	58.74109368497866	0.04930765110813404	58.71567446338109	58.74792706792578	58.77445711803528
5450000	59.91112256802765	0.09731784052154299	59.859360168085885	59.9447623018701	59.990881030094485	58.911379612398335	0.030110443415250987	58.899641228827626	58.91637166829453	58.93005310292064	59.91198163545904	0.0389731317404629	59.89312338305834	59.91712189772737	59.93808484405966	58.83873901816322	0.029733198113691576	58.828633643815614	58.84401810998129	58.85637615482608	59.82320487863905	0.05053480673092953	59.7931386228315	59.827064634201385	59.85706790480844	58.83822396287834	0.03142472560191428	58.82866565107006	58.8430853575325	58.85704794194917	59.909955476706614	0.03498137344336339	59.89455989527743	59.915071128299275	59.93207878354576	58.74214075671094	0.04894939948148151	58.716786728623774	58.74871429865196	58.775323542341326
5460000	59.9088286745131	0.09651528050638908	59.85436431554329	59.942357573745724	59.98709812131428	58.90980877293818	0.03125232246234558	58.89982725115649	58.91550038781085	58.929112816998455	59.908842723376004	0.03849995092654853	59.88953749272104	59.91350670835773	59.934008958637364	58.8394721869515	0.029504088056461823	58.82985024356973	58.844380617553135	58.8570072395366	59.81803233438645	0.0524076777348185	59.79171912723726	59.82390031756441	59.85406553332241	58.83908597225475	0.031152899740083832	58.829315535464566	58.84407246492881	58.85793189555718	59.90772010984817	0.03724222049026948	59.89301900571416	59.91318788040162	59.92973164381229	58.74295418033786	0.048849287877785405	58.716786728623774	58.749338490429736	58.776030085051474
5470000	59.91284869895706	0.09629148680658636	59.86466648718619	59.947935519897364	59.98988776115972	58.910338146265524	0.030770996527668397	58.89831707219864	58.913583395114756	58.92890535324888	59.90944944874004	0.04167197065243726	59.8876489985565	59.91448572572655	59.938546894883	58.84027367533196	0.02923798007315906	58.830135567589586	58.845034452472945	58.85825519239117	59.820993357705554	0.05102076020290563	59.79088223004172	59.825747862115236	59.85599996937871	58.83976457059895	0.031092211550868044	58.83003221451894	58.84456152531844	58.85878555873517	59.9095107365927	0.03543118989796405	59.892920757682774	59.91462012211699	59.932932494007474	58.74386704978981	0.048735193967573996	58.717990883362724	58.75028603796184	58.77670915653894
5480000	59.913116271471274	0.09475056824057748	59.85458817696859	59.94910602800333	59.98943699146572	58.91272282436809	0.028736182984709327	58.9014153363445	58.916791132544475	58.9303390875971	59.91239283540693	0.04030496533265112	59.892536688618186	59.917449246128115	59.93894701643379	58.84087834204731	0.02918945608123864	58.831417689372074	58.84616717224503	58.85865676964726	59.8241261564152	0.051237337118406154	59.794954943019604	59.826759509636815	59.86077687367153	58.8405636972986	0.03060246804597099	58.83044390846655	58.845676878963204	58.859137493869305	59.911776486197084	0.034694286342664894	59.895163380834774	59.91620952570784	59.9341589411743	58.744800676999745	0.0486149259188565	58.71925000022726	58.750903185334934	58.77769741652881
5490000	59.91693755057746	0.09285751334160197	59.867970054884395	59.953705415520304	59.990430937612906	58.912157829379886	0.029567271203356796	58.899458126314215	58.91715396512873	58.9310105784977	59.9135660560523	0.04053589871143882	59.89611232989678	59.91936523348038	59.940597440914026	58.84173138592833	0.028951270569270014	58.83200998459167	58.8468772384505	58.859757444305664	59.828423292057145	0.04869727987855769	59.79955327140272	59.8314590320149	59.862177925177335	58.840999406144824	0.031396587786134154	58.830715779559725	58.84610415108901	58.86024722490241	59.912459704412164	0.033411617360886506	59.895179373792146	59.916391558469556	59.935100439131304	58.745617336776654	0.04836816039281024	58.72024708237106	58.75204828473005	58.77787917108601
5500000	59.91617389031301	0.09041994032579	59.86029992975976	59.9513029858671	59.99155819396814	58.91575302685146	0.027664533674361193	58.903961939182835	58.919728703752554	58.933148352524	59.9152980459262	0.0369917019039213	59.894989058237975	59.91994629986996	59.94013878646591	58.84244457788969	0.028881812498939834	58.83223755765461	58.847561382267784	58.86041424794571	59.826289032802784	0.05326779081895257	59.79840703066567	59.83044300859284	59.86135240789716	58.84173651486519	0.03140148749469343	58.83121794457577	58.84690072503631	58.86091162479909	59.9139608498962	0.03443836068346083	59.89732453778672	59.91925551617184	59.93660235271781	58.74630940374927	0.04837264272995949	58.72170154216376	58.75279467556234	58.77805231153804
5510000	59.91879029690405	0.09073250196421026	59.87039078713845	59.95385440993692	59.99373591376024	58.91608841623324	0.02608525320061348	58.905342217099346	58.92018274858616	58.93285688617178	59.915695004608885	0.038851598743326	59.89607056867571	59.92089806056742	59.943250795551	58.8431253876089	0.028869912513253184	58.83277925739812	58.84831269654228	58.86110989823723	59.828097924267304	0.05113202806739489	59.79982127671987	59.83169287608031	59.862835267341495	58.842308125934565	0.03133100929369861	58.83145679063146	58.847693761917625	58.8612707649731	59.91489687784736	0.03430963467509752	59.898116329624486	59.91887319130021	59.93832725112373	58.74724225875537	0.0484472687310643	58.72381692961936	58.753522265705854	58.778561899889965
5520000	59.919615140472246	0.09617622689400537	59.8734595069074	59.95978189270334	59.99434735522459	58.91643050564811	0.028464449648392235	58.90512632331264	58.921544641661924	58.93372675117489	59.9160762873536	0.04077975177954551	59.89769183427477	59.919882161720736	59.94277322388001	58.84370668433595	0.028975884545686538	58.833024707452594	58.84894630238561	58.86188297299932	59.832534090814086	0.05187186527712451	59.80272768422317	59.83854409814505	59.86790695470814	58.84308311977398	0.03106811938267165	58.83262598155397	58.848297317795634	58.86165349030547	59.91583497720393	0.03534642896494834	59.9006261680487	59.921489250644846	59.93774229115357	58.7481686356939	0.04816247149900914	58.72459974344429	58.754285722117444	58.78018993840613
5530000	59.91915294867214	0.08870957228258097	59.86646727285617	59.950503956418245	59.99171671670688	58.91709301608054	0.029092609531858365	58.90725759772596	58.92157206393867	58.934163248780045	59.91748250251253	0.03749668706657875	59.897897077533614	59.92329660624432	59.942932862450945	58.84450230608128	0.02895490676416008	58.83374879699977	58.84938747058446	58.86251892151042	59.832744262599626	0.05097949878439924	59.80250662103153	59.83789682142424	59.86864889025883	58.84330189603751	0.03182946322017712	58.83306585765948	58.84851994201654	58.86232539634135	59.915595222875076	0.03501112520372781	59.89919597590609	59.919525914963	59.93941893879547	58.74913226092401	0.04793634565333237	58.7248264358016	58.75643846119304	58.78075240654596
5540000	59.91510822859878	0.09395926151094446	59.86483120947453	59.94877458447772	59.99028533909576	58.91658445180758	0.029762488222287133	58.906055043032715	58.921632668715986	58.93354999527994	59.91855073856194	0.03672879151608585	59.9021232386531	59.92262048142576	59.94295203909939	58.84524745615691	0.028727590322625188	58.83455846526495	58.85015163600305	58.863355411765184	59.83465764771314	0.04740823611550859	59.80366203668662	59.84064312060172	59.86842153038996	58.84401823406431	0.03156865618679903	58.833753618248444	58.849195613327716	58.8629820635474	59.916876967872454	0.03565481794833241	59.90389642927462	59.92066725452774	59.93875362358666	58.75002677024174	0.04796434934971391	58.72616500741728	58.75666166087031	58.781680412927436
5550000	59.91760132811702	0.09235701971404116	59.86461875231389	59.956841695776234	59.99167076320437	58.91779111624166	0.029899755056069146	58.90752308166609	58.923028036419495	58.93480871334085	59.91970696387832	0.0355929450239677	59.902328888277964	59.92471210724486	59.94386258119382	58.845925479119536	0.028660182824467497	58.834826019022906	58.85098484837175	58.863629821163414	59.83633677164294	0.04666683594570642	59.807960252099534	59.84098605616981	59.868208028285075	58.8444528603048	0.03191833351139385	58.83426900815023	58.85011138957442	58.86345833830444	59.91880494171491	0.03198537030410943	59.903715787195	59.92257389244052	59.94060430423622	58.750865003740536	0.04802986409072469	58.726493285252126	58.75756568298118	58.78224473195232
5560000	59.91860454721112	0.09043930011261819	59.867485652140154	59.952842780720545	59.99077897356881	58.91837296413905	0.02888588864250303	58.907257140092426	58.922798860273886	58.9363859455665	59.91854376454722	0.0369603612398585	59.90273742122089	59.92286812942927	59.94313802443979	58.84627174589342	0.02939980593179392	58.83484018007739	58.85170843745914	58.864546734215914	59.83360857197261	0.04734914462447565	59.80613925314881	59.83812792945019	59.867472766655936	58.845141664341355	0.031920476196533154	58.83493902290104	58.8506672355125	58.86391731639104	59.91824243785174	0.03330225042391616	59.904269416900604	59.922892299939924	59.93950906276436	58.75154033291669	0.048116864222599615	58.72700415371264	58.75827588355773	58.78413352657756
5570000	59.92129558441912	0.09034120335482457	59.87423962834065	59.95628834861547	59.99263863214986	58.92064076194765	0.027018070994507582	58.909978894536685	58.925897692634805	58.93707972853424	59.919774121820076	0.03658094255782664	59.902355912646506	59.92369881786773	59.94427482553986	58.84684512476966	0.02928068194532692	58.835585431253385	58.8525375420284	58.86487167774462	59.8364559562818	0.04949239913776564	59.80867207231067	59.83974517679288	59.86877609552191	58.845613259237744	0.03239120199482865	58.835448337169595	58.850996225773855	58.864728839258305	59.921045293626456	0.03180354090265991	59.90532590244967	59.92480858235892	59.94152862432165	58.75231411733061	0.048079374934228425	58.72781789870878	58.75870401327637	58.784482115841605
5580000	59.92090945426152	0.08715037654867279	59.86798879160332	59.95629041737516	59.99210240359771	58.92193449418493	0.02701848553837628	58.91193996909639	58.926799883635155	58.93754191323666	59.921027839428405	0.04010909364412173	59.90409753414209	59.927063442086094	59.94707379893449	58.84758571136319	0.029219618931301244	58.836280521962	58.852711623341506	58.865439427511916	59.84011671557196	0.050489797020450276	59.81159139888606	59.84490512608478	59.87450695541108	58.84621124523079	0.03234657520473579	58.83618947352088	58.85145970071963	58.86574377117223	59.922395254033404	0.03214520727782452	59.907808416837554	59.92599904118358	59.94362537025305	58.75343071346322	0.047762839890445934	58.729166391366036	58.7595844437648	58.78512768435156
5590000	59.921742382766496	0.08655701777226082	59.87421993533476	59.95375377968841	59.99262006156	58.91976880128632	0.029684345820355257	58.910000366301475	58.92542379140514	58.93648421127454	59.92018292224566	0.036292436301401214	59.90296847055676	59.9243667617293	59.94462625820451	58.84824754206677	0.029127146851497875	58.83679238456085	58.853134266209125	58.86594147591346	59.83867141052682	0.04773693789931905	59.81002183638895	59.84196602837166	59.87166839627872	58.84672469026318	0.03211308139058408	58.836533196381524	58.85203149587197	58.86614332577311	59.919790188477826	0.0328075260481837	59.90463841831018	59.92309661288989	59.94122075273711	58.754266259292194	0.04762069595073356	58.72981086508334	58.76030746138061	58.785459783146386
5600000	59.92233195440551	0.09075218965289289	59.87399456949108	59.959335412922165	59.99375488113837	58.92232948914763	0.02974574951290844	58.913072039790364	58.92701989428837	58.93975889128166	59.92433881463211	0.036549922298679816	59.906182965361126	59.9304779104462	59.94938065640864	58.848823797160165	0.02914488382897746	58.8370946750388	58.853431581097034	58.866501600725364	59.84287783012942	0.0480706541643237	59.813765047632565	59.84726614762089	59.87647195191488	58.847355891384545	0.031989308612424536	58.83746860886756	58.85276827117637	58.866760765891925	59.92297837774481	0.03372576940134154	59.90839645499642	59.927090479829744	59.94572261209281	58.75495742240275	0.047615189354213903	58.73025817278854	58.76092294599475	58.78591662208802
5610000	59.91839493724952	0.09355852131766551	59.86588998948973	59.958807123223224	59.99340815001287	58.92376575625971	0.026103680606377844	58.91384682006444	58.9278050668709	58.939161132201555	59.925056936083834	0.033688691111354745	59.90666743115865	59.927759250126265	59.948665086305766	58.84949034938893	0.02913909286252731	58.83776043515106	58.85416517177142	58.86691001750431	59.84133994140441	0.047481364678394616	59.81317205512182	59.84498905903665	59.87328055190287	58.848063864486846	0.031870299240523314	58.8384280647048	58.853652794784544	58.86703323059808	59.924243867414965	0.02962136220193207	59.90969657247591	59.92836475806551	59.94386354505014	58.75584896383767	0.047489262773283296	58.730637901944235	58.76171839156781	58.78727265772526
5620000	59.91846683227632	0.09195287341583903	59.864632678019625	59.95262543950509	59.99353683671387	58.924237134772866	0.02629714410201843	58.914076278538815	58.9288527886672	58.94008931303672	59.92420845152781	0.03591129446249002	59.90687354556209	59.92947818738739	59.949282831547	58.85011883598941	0.02931519306420626	58.838214337805475	58.854816826606566	58.86754410989426	59.84051697010618	0.04795038990552192	59.81347872603739	59.84455943532003	59.874298288591966	58.84871363426185	0.031876946284170524	58.83934338019181	58.854228600348804	58.867680969681054	59.923565606577725	0.03416333502467121	59.90928884770358	59.92862295923633	59.943915475166534	58.75652232092412	0.04763162544745047	58.73089374040254	58.762353999343915	58.78834945312134
5630000	59.92667280326758	0.0838073659487351	59.87042305371117	59.962568669252505	59.99571799921582	58.92384755614772	0.03052992417695332	58.91448268009481	58.92951091347911	58.942292746537206	59.92482705607562	0.035255810670464266	59.90691482246136	59.92913308000501	59.94841658531535	58.85043201011788	0.029784282322742106	58.83910347206641	58.85513692296689	58.867848695243175	59.84299263672576	0.0489503309057271	59.813901026071136	59.845920622729174	59.8757885583988	58.84921949452146	0.03168486662678727	58.839385321169495	58.85463027148837	58.86810674750181	59.92383786535178	0.029921530737061372	59.90796712156749	59.928000734308775	59.944521940492194	58.757331250564704	0.04765893901542355	58.73104576561849	58.76338450148316	58.78899509532373
5640000	59.92390050292074	0.08556887054761853	59.87643030150077	59.95706335591897	59.99137334227899	58.92468657853277	0.028446463160153826	58.91495633088373	58.92941799818949	58.94219092722585	59.92687860627017	0.03451693242603475	59.90956377348001	59.93118024664153	59.95076355545052	58.851156720104576	0.02963749795026986	58.840294737525895	58.856245201419725	58.86860704963888	59.84508159197356	0.047138062562309055	59.81878914906494	59.84964642958535	59.87676709439352	58.8496006425572	0.0321323066797684	58.83975514199918	58.85503878221379	58.86830151321284	59.92709051622449	0.029682890216294878	59.912511497201116	59.930951769826805	59.94738011214922	58.75784776368469	0.04813861416853215	58.73137308779567	58.76338450148316	58.78911306022093
5650000	59.92443081292376	0.08743766437354289	59.87218480062599	59.962875611608816	59.994093308078114	58.9262752201039	0.027966338089482	58.917927855046194	58.931280556308565	58.94232597671292	59.927283970350565	0.033307809245951434	59.9104122825438	59.931993304107856	59.94940210328165	58.85178468425699	0.029659158524320557	58.84115201328899	58.85651172870659	58.86968059670591	59.84743547473947	0.04635834827089536	59.82023560148496	59.84998186039709	59.87846146396275	58.850214405777955	0.03164529461049907	58.8402113950946	58.85553989675198	58.869042173394334	59.92376400070294	0.034795097292153146	59.90943644028898	59.92867816237519	59.945653923796186	58.75851200935242	0.048024102380671126	58.732230311130515	58.764209523661236	58.78973059462935
5660000	59.925450323695586	0.08775270082871178	59.88224596538763	59.962030634527636	59.995251371582796	58.928503218247506	0.02519828291241447	58.91859508322491	58.932253259267796	58.943602127800276	59.92736677721157	0.03713232669212576	59.91065293325886	59.93142352940956	59.951309194152486	58.852530056793015	0.029278563088624497	58.842079959940335	58.85704667870547	58.87004687417826	59.84587859211789	0.04787218589119187	59.820494494086546	59.851330283864534	59.87801129435019	58.850954213036054	0.031250225711453625	58.84069800904021	58.85640873774246	58.869897236682846	59.92627205613901	0.03326713441893654	59.91289415090306	59.931282222539565	59.94752828239882	58.75913769059189	0.0480208273021687	58.73266209207449	58.76447889633276	58.79066756652611
5670000	59.927616420362966	0.08733100527314037	59.88428072437356	59.9641481840753	59.996215701874405	58.928689065221555	0.02350815057710416	58.918964530304685	58.93213930191817	58.94283764225228	59.92862121327174	0.034851059585407795	59.91131679302463	59.933138224719364	59.95271330898741	58.85308926259744	0.029214202554407223	58.842480262215034	58.85757900433562	58.870934087577695	59.84942556160442	0.049537189305236776	59.82329127498487	59.85398190575023	59.88251214335597	58.851287629540124	0.031742815444385696	58.841630204236466	58.856628474978486	58.87056379491556	59.92774233508533	0.03087780915200428	59.912617386916885	59.932738716495436	59.94793298872013	58.760205949872216	0.047735659804774566	58.7337298938218	58.76480485055035	58.79221137800853
5680000	59.92610307419762	0.08569241270947067	59.88256135747706	59.959468862528865	59.99402688391025	58.9287371732684	0.02913539893895025	58.92048544443242	58.933006686532586	58.944358128270665	59.92834501279556	0.035112271003278024	59.91321131382488	59.93365122424501	59.950889873397806	58.85328595304442	0.030117180135365962	58.842480262215034	58.85822779173686	58.87173920571266	59.85106481065649	0.04609487382761595	59.82463334637326	59.85677058692009	59.88275128882001	58.85184010863056	0.032062137472270706	58.84217268673128	58.85723707295237	58.871081685345196	59.92874305095902	0.030589523861664532	59.91585937064359	59.93230295595933	59.94907609167451	58.76089167566865	0.047764724801368535	58.73439754666289	58.76640390429663	58.79294624480093
5690000	59.93172440270839	0.0837780461200437	59.889828164418574	59.96717503000221	59.99611881341909	58.929319201819055	0.028484087523442957	58.92049938504995	58.934560192565115	58.94515581451871	59.929092239106375	0.034881389883565005	59.913730628946205	59.93421034429538	59.9527057377631	58.85391724655096	0.029776811113778008	58.84349904168451	58.858695983879755	58.871832991028896	59.851551704707	0.04720049705123824	59.82554064578659	59.85653110787442	59.8823703669625	58.852294722847866	0.03204086232757123	58.84267145314385	58.85735462235385	58.8715937937516	59.929039046098936	0.03313304857534775	59.91663238281792	59.935209893855344	59.9497013358056	58.76175784999823	0.04776809981292236	58.735531047092834	58.76742775677608	58.793497387141876
5700000	59.93188795577939	0.08160830884231114	59.893223133858555	59.9672702106638	59.995679726683434	58.93005813706164	0.025453060792866376	58.92102458729961	58.934559892297926	58.94603865136821	59.92994204414365	0.03504299582615408	59.91305079328902	59.93524583772701	59.95356360161765	58.854449958500076	0.02983306222503614	58.84422949970979	58.85910311770378	58.872214874574894	59.85328088064445	0.04651719155084147	59.8263115464766	59.85753514270341	59.88562140760886	58.85291630286746	0.031787282014375536	58.84280163865046	58.85777792759802	58.87217206225425	59.9282194553998	0.03192274784091866	59.91478924704369	59.93276474428696	59.947194880039646	58.76250359195579	0.04766430958696713	58.73600702787875	58.76782860442231	58.79451876556559
5710000	59.93176820523029	0.08110573186924434	59.88841114144812	59.96526401949144	59.99540745070283	58.93254334333197	0.022561974294820243	58.922865855173555	58.935995670417334	58.9470348688355	59.929608920669594	0.03653132400365713	59.91379198804078	59.93433660439446	59.95346244917233	58.85494308105428	0.029680807117027686	58.844920079140536	58.85947757754505	58.8726461598409	59.85407063360147	0.04806476440563387	59.826210720872396	59.85746346545355	59.88780905662807	58.85341664916703	0.03185572105720699	58.843089346700935	58.85877487788093	58.87263606080262	59.93003898187867	0.033109090344172365	59.91683815670591	59.9359327514925	59.95003244331102	58.76335986804022	0.04762972456899484	58.736647199653476	58.76894994120414	58.7954395682884
5720000	59.93497569702596	0.08051335305408129	59.897265245593914	59.96845929115526	59.99607214162002	58.930997766946604	0.027344711311625736	58.92215543388022	58.93624188225603	58.94632675475261	59.929440498310775	0.03539358785413405	59.913622620080744	59.933938923185366	59.95250447959628	58.85536406088031	0.03037070906579048	58.84521665797683	58.86010738310797	58.8729917586621	59.8543035869768	0.04605964691920918	59.827061215917865	59.85833659500768	59.88666101877951	58.853942917606304	0.031654081646773226	58.84365567384955	58.859055584131866	58.872879379293536	59.93015681880424	0.03061605886945755	59.916529265469336	59.93450281678275	59.94940292378621	58.76406620033584	0.04774252438995437	58.73801651651416	58.76962218919388	58.79649874289515
5730000	59.93179245966609	0.08483306789324384	59.89377850433529	59.96601654987938	59.996605802396715	58.93198339443428	0.022746300348581952	58.923259617082984	58.935461223199	58.94621839842286	59.930553893633544	0.03517776848842643	59.915428034319945	59.93502279386644	59.95400661970154	58.85600100974092	0.030338509901582125	58.84580544738235	58.86071412604932	58.87379311824169	59.85669406729577	0.04501409596340447	59.831871392199105	59.860246440152	59.88724399072318	58.854257190253946	0.03215095688003923	58.8440962331965	58.85986749308277	58.87295682450522	59.93212637250879	0.030288082853516272	59.91888959960035	59.936312829399526	59.95114615954131	58.764930815893536	0.04763394513924386	58.74047760166808	58.77029448802179	58.798194764120744
5740000	59.93173690796012	0.08241963875112744	59.89084995005852	59.968548303000375	59.996277803428825	58.93354649781461	0.025169347415634993	58.925127099808805	58.938129217607056	58.94870074755708	59.93301954328041	0.03416025209954748	59.919346766362935	59.9371023215074	59.955490910983194	58.85649190951889	0.0302869783833881	58.846517903790705	58.86112643608306	58.874238181905376	59.858901133481645	0.04419223995299061	59.83116229667771	59.86189095294573	59.89107586285503	58.85474124211665	0.032164052709757224	58.84435524591927	58.86053671824156	58.87340337491728	59.932236341499305	0.03195498310945346	59.918631348237746	59.93771883086839	59.95316873794405	58.76562335850777	0.04764366979007404	58.74131158888594	58.77111578845377	58.798313398124186
5750000	59.93472774631871	0.07944988083966838	59.890203975829465	59.97027047728565	59.996951243372955	58.933798198443775	0.024128847081116074	58.92453045410897	58.93861101908821	58.94783758525873	59.93289233725661	0.036082674202893135	59.91643933911401	59.938524697695705	59.95701647876458	58.85701791753764	0.029805398448422872	58.84699639565307	58.86173339016938	58.87451678751907	59.859774093578594	0.04555221831091916	59.83360291489403	59.862882983066186	59.891247145661616	58.85540967919045	0.03192709055626815	58.84485687080667	58.86108214987731	58.87401897352937	59.93415641482168	0.029944509295341593	59.92079817315631	59.93812110397114	59.95325047400411	58.76633941835088	0.04763485402831591	58.74147945956042	58.77218925423486	58.80003582156258
5760000	59.9334132876023	0.08041008439041296	59.88765738661093	59.96727062515596	59.995790589086944	58.93435932859885	0.025031857473813656	58.92546016347818	58.938433021500984	58.94937586683157	59.93259645887218	0.03569095765132779	59.9159423994506	59.93760987319206	59.95619221821014	58.85735420570879	0.03036581624686816	58.84723339692373	58.86259907967529	58.8749026161913	59.860532211236034	0.043427274326166214	59.83331974075072	59.863306751481076	59.89033331060904	58.85610552356938	0.03159374006981051	58.84576750171127	58.8616693060447	58.87431508005646	59.93499829579474	0.02771105467303886	59.92083701536718	59.93826120966635	59.95336707967928	58.76713876674988	0.047508668139223775	58.74165791145944	58.772846541589395	58.80048130156331
5770000	59.934396381677985	0.0820339604768898	59.89804578305754	59.97010484906198	59.997058240108274	58.9328872563349	0.027775602547978853	58.92539596627396	58.937567172235774	58.94869869292883	59.93223929934555	0.03614383160156489	59.91667582795	59.93790211938524	59.95535148413355	58.8579439188453	0.030001277816733122	58.84743693019958	58.86292689888026	58.875261764686655	59.85838878200865	0.04728691206739222	59.833105498671614	59.86251733663997	59.88960231677747	58.8565290127825	0.03153183983033649	58.8461429828323	58.86195430252515	58.87453555314561	59.93302290645069	0.031456246228637026	59.9188997817383	59.937640117904735	59.95294581372537	58.7678645536816	0.04738134494357218	58.742485225377145	58.77384246098309	58.80079230751231
5780000	59.93076286632334	0.08502875511278546	59.888545767283226	59.96752365546546	59.99693509553278	58.93442007081102	0.025054956219990397	58.92543662089529	58.93844910593737	58.94933551320085	59.936351024033115	0.031500021901258786	59.92068073877528	59.94143452848229	59.958655378820296	58.858281425261914	0.030616504976227258	58.84770612805022	58.86368997092971	58.87614032021779	59.86182911609475	0.04442040481687322	59.83731601034097	59.867279760151604	59.89254628580126	58.85706782046729	0.031013532665042948	58.84641878884149	58.86232251784629	58.874605604549224	59.936300945305966	0.030022241926942323	59.922478344909024	59.9413484333634	59.955302862118614	58.76838799132422	0.04736045146067291	58.7429231641102	58.77441603893509	58.80107143225125
5790000	59.93538826551866	0.08107694746937598	59.89816669343551	59.97119606339661	59.99640006075424	58.93688790482242	0.021764635736254943	58.928674975632944	58.939221765314606	58.95049787918454	59.936587110901776	0.032859914110202136	59.921550359064405	59.94167718197053	59.95843859662703	58.85877102543766	0.030525724652274544	58.848227928861164	58.86415415444817	58.876805214035926	59.86366832923356	0.045568813233716525	59.84002314283371	59.86820449028376	59.894496999021555	58.85753301420585	0.0311287137827585	58.84747081898707	58.8627923397509	58.874931247930576	59.9355737379626	0.030369356202911136	59.92429658072115	59.93983053592825	59.95421389663691	58.76891445792378	0.047467261902634054	58.74377790888587	58.77502222202969	58.80140273767302
5800000	59.93917465835032	0.0782952405114746	59.89772579437343	59.9752034021144	59.99828078753167	58.937268992730196	0.023938314082903055	58.929689066476215	58.941083886324485	58.951571912992655	59.937995996295946	0.03152662413405831	59.922648731265326	59.942275367320306	59.95899007304867	58.85916413743167	0.030501971356961383	58.84843143262099	58.86447557766631	58.87703139150163	59.865295096470454	0.043729050956558504	59.839942647981	59.868251975124885	59.89670475261171	58.85784891064162	0.031031250270569136	58.84768179097737	58.86287685913455	58.87535098261462	59.9372969088391	0.028837684714172435	59.92394459756134	59.941525972028266	59.95634071154002	58.769443672409295	0.04751532735885739	58.74396545442734	58.775696360171345	58.801926000275145
5810000	59.936174301877074	0.08206714464865202	59.896476314212585	59.974749367356175	59.99753379666983	58.936640389403	0.024407405182105168	58.92848659585184	58.94136773910675	58.95151747707958	59.936981244400805	0.02953206129451959	59.920440514280735	59.940371302865245	59.95752461486852	58.85970500501711	0.03026732979019226	58.84873831253155	58.86477028007251	58.87758913216073	59.86275783760684	0.04444347552249701	59.8383055058844	59.86715789730394	59.893415947365	58.85845087682907	0.030903696896768286	58.84829707053308	58.8634230826725	58.87656677099373	59.93761874640622	0.026120194318172352	59.92393893949666	59.94100875444303	59.955347000019366	58.769914858490274	0.047443704739981704	58.74402660704283	58.775696360171345	58.802356731517285
5820000	59.93892548059201	0.07705348212951876	59.89503264954007	59.97597267145139	59.99714286758122	58.938653648387906	0.024494399698292674	58.9316344267116	58.94220958509724	58.951541708897146	59.94049457611114	0.0292449090362686	59.926534881389514	59.94476631913769	59.95929720865156	58.86022958823961	0.030158655216554704	58.849317447450595	58.86569742783588	58.87801049142631	59.8688199060478	0.04213398017195373	59.84322819381594	59.871898325254634	59.8988741993697	58.85870621485223	0.03143270716156584	58.848791624834504	58.863842869903905	58.877036557068294	59.93975349157191	0.026307752922242897	59.927156163263916	59.94230334914148	59.95754820004941	58.770474995246474	0.04742990548968838	58.74410065650848	58.77605692452369	58.802981434759936
5830000	59.94072376193378	0.07603464131874836	59.90263957669636	59.976913825519716	59.99854847308769	58.939653299562956	0.02253923124254938	58.93221216826632	58.943205881376855	58.95309894491055	59.939379357339284	0.031260204417111775	59.92522033221128	59.94357090888414	59.96006519605052	58.860632275082565	0.02999792951864406	58.8496349777266	58.8659407647159	58.87835570751446	59.86891102011881	0.04446657622977206	59.84363271355683	59.87490306660418	59.89948340417732	58.858907103794415	0.03206866706897185	58.84899426327213	58.86469491216573	58.877381209178054	59.938350106708114	0.03186649398099705	59.92699370621544	59.94399242327218	59.957569905628816	58.77111922033755	0.04744563826965418	58.74452104127262	58.776734456802856	58.804337650020415
5840000	59.942074432446056	0.07417504354397651	59.90999823956094	59.97577970461526	59.99746182358885	58.93906793144888	0.024734672420084116	58.93154735174248	58.9425847986427	58.952589435434724	59.93992155755152	0.030755001911669015	59.927075527937426	59.94292904020656	59.96059937005671	58.86099936169573	0.030141405531512996	58.849743080937586	58.86628036378723	58.87912693794751	59.8688136125843	0.04246579058493574	59.84173986058104	59.87326965989236	59.89915913917515	58.859389004810325	0.03201376548536261	58.84914430161326	58.865094287541694	58.877994370152045	59.93853983735417	0.028773982168718227	59.92541372820146	59.94199416431955	59.95805111698619	58.77161721027443	0.04743641356255324	58.74467544107191	58.777361325473976	58.80479641586219
5850000	59.94172421147031	0.07807912469762511	59.90622248685693	59.980949706988056	59.998354717992754	58.94011004641656	0.022348724082595663	58.93289128561965	58.94300866591249	58.9529114223594	59.93996393933715	0.030540204510642596	59.923781468366414	59.94403794069608	59.96067945076526	58.8614921322655	0.03012263771252115	58.85111983972627	58.866614456885095	58.879484459174016	59.869582313452526	0.04456961630325377	59.84569771284132	59.8731082271609	59.89908682651151	58.859725991112526	0.03200036368016419	58.84944505093144	58.86538380462639	58.87824940969172	59.93993864010163	0.028174522908150028	59.927445234299576	59.944003442283616	59.95792522367301	58.77224929158408	0.04758686584413092	58.74485563149246	58.778261697109365	58.80598161889051
5860000	59.93990511011141	0.0777479716418303	59.90033075195418	59.977538783730424	59.997819133769326	58.941005385750685	0.022738972244961346	58.93448586259562	58.94450877809474	58.952876646277815	59.94149370732638	0.030256487747771267	59.92621793260179	59.94668584531385	59.96151066947272	58.86201846358462	0.03007014336520534	58.85143571824631	58.86697263920573	58.880190676879515	59.87022804161013	0.0433133677234186	59.847554625957954	59.87479708470008	59.900661402873354	58.86026488337429	0.03210989810958462	58.84981668106151	58.86571709766102	58.87944192977247	59.94077113030823	0.02884354157816527	59.93035767255358	59.94450859064945	59.95883818274607	58.77291577024451	0.047446160195196596	58.74507777846021	58.778619230857544	58.806440177966735
5870000	59.94166950012702	0.07455099222952066	59.91188854814584	59.97465144092777	59.997415983556856	58.942151564394585	0.022102034657646208	58.93401713412751	58.94524435229232	58.95567901233723	59.941868883796204	0.030935329403532396	59.926804185910406	59.9461603237454	59.96264814911121	58.862454638436986	0.03011538750923765	58.85181319975385	58.867564086844624	58.880515961698386	59.870550887860176	0.04380413119176357	59.844903797464426	59.87489835425424	59.90156362401305	58.860731026028354	0.03219706148662754	58.850723616397254	58.86613272309667	58.87989605946278	59.941412327579734	0.028550190363294835	59.92852739748824	59.945969174604585	59.95980051393076	58.77341915895032	0.047337109155796094	58.74607534587506	58.77923039492238	58.806514300026144
5880000	59.93976657550793	0.07763609719428527	59.89850693209952	59.97749754964269	59.998307167982404	58.94269477035689	0.022815341768903295	58.934995881444365	58.946469083556785	58.95557335850279	59.943752161940054	0.02811956994134199	59.92813666552497	59.94642547646906	59.96358153754492	58.86290388057907	0.030149664843147725	58.85209672321754	58.868204471063365	58.88065016396188	59.87248179614282	0.0434274656733328	59.84550499554896	59.876979481849574	59.903483240038675	58.86129920686914	0.032103970167781555	58.85187381699326	58.86690410577641	58.880511591214685	59.94241585548952	0.026164523741022787	59.92904906631031	59.94548675609886	59.95955511447009	58.773945991305524	0.047453097948594224	58.74692349531847	58.77983385717228	58.80763725791159
5890000	59.943042686087495	0.07603531956285133	59.9046927915646	59.98207142685271	59.99855342671804	58.94213666436845	0.023549963287736463	58.93484975516287	58.94544902006407	58.95550707493105	59.9417729161099	0.031183553542139177	59.92708952821404	59.94608426187041	59.96285440230034	58.863315017645895	0.030089662251654985	58.85252824870725	58.86865690272932	58.880671106148924	59.87333665579984	0.04286398715025101	59.84962474228132	59.87495635541004	59.90388741154743	58.86174683302479	0.031926478452801145	58.85274324114795	58.86725283016881	58.880842420728605	59.94198157263754	0.026224806333756633	59.9284518091254	59.944863326383555	59.95911566232974	58.77475470498546	0.04748923773595159	58.74762808702334	58.78034994244008	58.808344131615755
5900000	59.94512462685766	0.07702873079132265	59.91869815463393	59.98141371899511	59.998303784354604	58.94248342125437	0.02344142172643992	58.93436335219638	58.94688844225289	58.955834775523314	59.94499358266583	0.027953587986186187	59.930524742727954	59.94993424834735	59.9643524071126	58.86361464180093	0.030092508824007325	58.85260661374936	58.86905708127574	58.88098118748315	59.87735582428988	0.042327943610275386	59.85123689557282	59.88067778127626	59.907940502401836	58.86227677758617	0.03182498547636492	58.853515065807336	58.8681203826597	58.881222735064604	59.94320919825707	0.027606867058200795	59.93045320722889	59.946805337053846	59.960358424323175	58.775275355105286	0.04743967473573222	58.748763375681655	58.78070526152355	58.80886099059319
5910000	59.94557167754493	0.0708157562162369	59.916770583176	59.97635573451068	59.99820652429671	58.944107613033715	0.021740904919286826	58.93703155798154	58.94747451439611	58.95650898725624	59.94345700901837	0.02931364397558384	59.92987615238396	59.94772533848105	59.96246754379479	58.864093840626325	0.03001393660721382	58.85268105463591	58.86942666122279	58.881623057565676	59.87486762710185	0.04358263465506772	59.851615700476316	59.87912148379044	59.904168022988	58.862726312895845	0.03180744027426168	58.85368958776758	58.86842513164374	58.88143486027461	59.94201732535127	0.02982781112788494	59.93022037478087	59.9463053754124	59.96027732480202	58.77597218453083	0.04724692492760615	58.749784427205476	58.780965581647564	58.80918521285585
5920000	59.94138434323205	0.07905083527388074	59.90822770031295	59.97886330733313	59.99833516000484	58.94405894463463	0.025048129369955797	58.93781197641792	58.948736434318164	58.95743442882042	59.94402442685696	0.030422371866017532	59.92964160854268	59.949204881617014	59.96509660091779	58.86450195592096	0.03013174416884902	58.85275408832173	58.869828141575795	58.88231981705319	59.877467591299244	0.042269145556651004	59.853670710434564	59.88129174474019	59.90667588589318	58.86306491090021	0.03240528655661694	58.85388646132422	58.86893483440138	58.881916041302304	59.943436343867326	0.0281139471337863	59.932229302655394	59.94725755140993	59.960896534567226	58.776539465832045	0.047175943825579415	58.75037701954851	58.78160089801982	58.80967871996571
5930000	59.94810331761853	0.07200203455547799	59.924137651515835	59.98295990303345	59.99883877050007	58.94509614231112	0.023248398717139684	58.93803094824597	58.948305643139605	58.95800138484121	59.9455162853683	0.02855722306706666	59.93176518267195	59.94916444098223	59.963572102304525	58.86484285589886	0.030024495283998042	58.8528353921831	58.87030576871891	58.88252807035075	59.87791191432372	0.04370924636841815	59.8541631325432	59.88109322063231	59.90696219972379	58.86358327798095	0.03184910696400138	58.854449499386654	58.86905632523072	58.88217600394228	59.945776976801454	0.025460464489734897	59.934146478759814	59.94940943641771	59.96153903788512	58.777353718237926	0.0469163950457746	58.75126931845989	58.78245457378445	58.81019316289199
5940000	59.94539459699154	0.0718278776707405	59.911973289198194	59.98049889085243	59.99840940583398	58.944166487222354	0.02409991444149968	58.93722191119717	58.94879358370941	58.957061834867616	59.94408724750892	0.02958955770169708	59.93139691259945	59.948019200246506	59.962581318780565	58.865245519383336	0.03007729626660348	58.85337344014937	58.87104875829349	58.88293197457556	59.87840658504694	0.04258053434742014	59.85420911656318	59.88326041754987	59.90761369670828	58.86393511288005	0.03172000046178626	58.854665343045106	58.8692420156537	58.882371779435566	59.945677389416105	0.024819497829912718	59.93264795478539	59.94919313580166	59.96232407913969	58.777727340965	0.0468665725877182	58.75157381391302	58.783154230582355	58.81026222682248
5950000	59.94933021717606	0.07345835065573318	59.92292098099027	59.98467565287194	59.999060065951355	58.94571181789154	0.023175128795142625	58.93812758014205	58.949711855361954	58.958902801448254	59.94626879602711	0.02854489479772895	59.9320601206859	59.950930884606116	59.96534781902915	58.86562491589956	0.029987211184208943	58.853704825598314	58.8713591058219	58.88315233412274	59.88085971782775	0.04108123557109685	59.85545578582713	59.88444010433014	59.90923281719427	58.86437158381385	0.031709616609085584	58.85492819903307	58.87008812823002	58.88254791836012	59.94565344015158	0.027806970246384052	59.933959167582096	59.94960888684071	59.9628663460188	58.77829679122574	0.0467753818260977	58.7519959427605	58.78424672854667	58.81059989024505
5960000	59.947026677238824	0.0753026100756967	59.923704112923076	59.98305446225146	59.99924214803072	58.945791019488006	0.02175379389756638	58.938063296154056	58.94916269306993	58.95867423902908	59.94682812515376	0.027972439623769975	59.93171630948356	59.9510127675601	59.96626689186204	58.866129034003116	0.030029383182395904	58.85472197899379	58.871797035680395	58.88350582010211	59.882012413430985	0.04299805838030959	59.85530038500965	59.88499895590731	59.911704474996796	58.8647683670924	0.03141106596082989	58.85506011967209	58.87030799474279	58.8829376989043	59.946329757027904	0.02544749425356651	59.935097449339864	59.949637959385825	59.96342264356811	58.779170535305816	0.04685714233882858	58.7529110482303	58.78494612170681	58.81159941663009
5970000	59.947472792143536	0.07021757475581539	59.91987972971905	59.979183178416214	59.9987532337944	58.94696405856694	0.020381724522623296	58.940081301990546	58.950486264045	58.95914657701013	59.94670643581558	0.02961293102108381	59.93472807747663	59.950809442445255	59.96573509623767	58.86652842585259	0.03004089924172583	58.85500550419603	58.87224788754155	58.883958853151626	59.88163621104743	0.041783883558406544	59.85784636350493	59.88715446153198	59.90990498452544	58.86512305041097	0.031363637098995124	58.855087534834624	58.87075131800355	58.88349320464111	59.94746313541256	0.025231288011194827	59.93448876826881	59.95123584531059	59.96429858762122	58.779669296390374	0.04686218587617285	58.75318077624064	58.78532231874679	58.811905004564316
5980000	59.94517814524304	0.0744490809240851	59.91591923441845	59.98310891039345	59.99853233580737	58.94788470324874	0.019990736013059625	58.93999841535365	58.95101925883995	58.95985109224276	59.94628181145609	0.030156620287753635	59.933558844687724	59.95077406607474	59.964975545905276	58.86696514327876	0.03004629305818682	58.85536866748268	58.872619198266406	58.88433804525852	59.882415912614604	0.04335832156360377	59.85813650200208	59.88880754846092	59.91189559121385	58.8655764366892	0.03137612092044081	58.85540048987524	58.8711485443411	58.88404458098698	59.94697478545138	0.027288211433700648	59.93479774685919	59.95077047311588	59.96392016179667	58.780112288286055	0.0469916551542968	58.7544155740358	58.78590543497124	58.81273314955325
5990000	59.94931158899873	0.06871828920334251	59.925116341152574	59.98199228952585	59.99901461839777	58.94689676643857	0.02373704676042579	58.941012674023156	58.95019921704345	58.96024672858397	59.948556706660824	0.026523363185979306	59.93497850684794	59.95217428505552	59.966542816436316	58.867451838457974	0.029889593849839288	58.855984724476464	58.87271906324281	58.88500312638237	59.88295147622892	0.042081112313954165	59.85796228340993	59.886799094694965	59.91264873118306	58.86595651624473	0.031245804622310042	58.855793583352146	58.871372317566085	58.884113085487755	59.948171159237276	0.024860268516897845	59.935003820960624	59.95168452204804	59.96507305628481	58.78068930076114	0.04699157625886571	58.75468800472579	58.78640373114038	58.8131827570792
6000000	59.94940692877092	0.06995532091080744	59.921445611730995	59.983478677945776	59.99922897392984	58.949056609795576	0.02172413033471996	58.943261685500715	58.952547908569855	58.96050155335771	59.948706123825346	0.028907855390303737	59.93586277106768	59.95364132603059	59.9681151845129	58.86797103315381	0.029503252302129516	58.85629386534951	58.87305786769633	58.8852123768162	59.88460575994692	0.04280657575882043	59.86049222481863	59.89046661188861	59.9135692057041	58.86639690366099	0.03125590628741243	58.85641979647215	58.87172908342752	58.8843912101874	59.94861694619171	0.026115329723457006	59.936967092975834	59.95285179014592	59.965907257695285	58.781242295005626	0.047014646375209274	58.75585554252963	58.78779827061559	58.81328189913816
6010000	59.950292108478166	0.07245352434078543	59.92814268125479	59.98690725837917	59.99928294467755	58.947896783720616	0.02363111276025581	58.942381617946744	58.95210967591091	58.96035140219128	59.948132284955356	0.028565816795917486	59.93554304234347	59.95206759646719	59.96755499310616	58.86831985008907	0.02949675403144819	58.85646213798361	58.873217246506805	58.88562460763378	59.88579664416304	0.04174653470248546	59.85954158324873	59.8896906715561	59.915144793219255	58.866750871219885	0.031183074227714172	58.856500959365995	58.87215577871522	58.884912115737166	59.9478015031712	0.028621703493928	59.937221139349	59.95269476888318	59.96550613445777	58.78183565125713	0.04706480082574058	58.75658859133479	58.78826559394578	58.81407219697449
6020000	59.94805349977931	0.07172156780431806	59.91739996813111	59.98538276889407	59.999065036881774	58.94934693636123	0.02151610337038804	58.941973956212074	58.95325332216464	58.96153601966281	59.94979063522772	0.02892934360177591	59.93794557538528	59.95437232662154	59.968266623141716	58.86870457422234	0.029463040512821725	58.85693081122504	58.87377838667011	58.88610557756401	59.88793702195952	0.041583766667718895	59.86483364840442	59.8923212002438	59.91697407420149	58.86715023394312	0.031140472837853695	58.8574238184785	58.872517555395326	58.885384504460816	59.951800421364204	0.022177600789569905	59.939285227938896	59.95449555129498	59.967807035674205	58.78237878633473	0.04698852602644335	58.75678464019723	58.788853524226234	58.81498727530854
6030000	59.94970121817514	0.07474207558396832	59.92613115818135	59.98703406769171	59.999313111514184	58.94992510026675	0.020950588851176274	58.943790044308116	58.9536182188659	58.96177835391898	59.94981770447549	0.027808060042532234	59.93686112063752	59.95393346150977	59.96875873526709	58.86906075072104	0.029468406231348096	58.85750677912809	58.87404321581819	58.88659379840362	59.88698238544366	0.041559725118298	59.86192443708105	59.891970428554544	59.91714178448002	58.86753966060929	0.030893598859606627	58.85769952952501	58.8728038762099	58.88581420498682	59.949784669217166	0.02578950274467766	59.937323256582474	59.955057316092	59.96644753906871	58.783136682823965	0.04683241919515476	58.75764959075495	58.78909255854502	58.81566499410296
6040000	59.95010182802647	0.06939769755502029	59.919849336077256	59.9850452553428	59.99916796512821	58.95093066655503	0.018994962827686878	58.94387183462672	58.953897526758354	58.96206717394549	59.951274228295865	0.026866496117462255	59.93877863298961	59.95489636850991	59.96870295456635	58.86928471699578	0.029517233538730325	58.85789182751949	58.87408228747221	58.887061957281844	59.888301133620615	0.04161135078861117	59.864356877579986	59.89254155355558	59.917741843190434	58.867938465467674	0.03077055553733743	58.85802808342079	58.87328939259682	58.88601257979159	59.951094559431866	0.023499053644451727	59.93809513600464	59.95444588229316	59.96726449510058	58.78367371332193	0.04649745304379398	58.75818547447005	58.78957789282212	58.81566499410296
6050000	59.951297677486146	0.07278672328251647	59.927731652535485	59.98863416208985	59.99940137018227	58.95115738201473	0.019986671490323436	58.94507876195552	58.954482355472386	58.96192482059176	59.95130769079668	0.02818230643218714	59.93745834759455	59.95514574850482	59.970676052605846	58.86976073185551	0.029533144745370367	58.858603014195076	58.87477520813185	58.8871754697267	59.88842502519782	0.04204353682803034	59.867318230283296	59.89370674122179	59.91687790910393	58.86837791130263	0.03080683694825819	58.85860173390555	58.87390235369705	58.886421105549665	59.950945440580966	0.025995497815754588	59.93938658119032	59.95447554304975	59.968004651135274	58.78396068215722	0.0466051670301898	58.75881479995253	58.78978286140666	58.81572655545348
6060000	59.952254454552026	0.07108039038322074	59.92963156465355	59.98869026794436	59.99913090708994	58.95255676058879	0.017227049727909054	58.94577850386547	58.95482261737169	58.96222611757369	59.95194003570213	0.02665980010856263	59.93818695391887	59.95489823380265	59.97019815556581	58.87014754596408	0.029256447243321097	58.85907000041479	58.87552379097515	58.88733640414969	59.89041695427665	0.03964053018372416	59.86727404477824	59.89289312990354	59.917958544482225	58.86895477549662	0.03028089836625843	58.859098406264025	58.87408875866869	58.88651683190659	59.95140906818308	0.02548121335521283	59.93935616834086	59.95440828872074	59.968107427572086	58.78440462201494	0.04673904033862489	58.759073180389436	58.79001666159235	58.81591004591536
6070000	59.95038349909783	0.07398809994679868	59.93158259439423	59.98702306078193	59.99960536473532	58.95220327921419	0.020485613561548648	58.94598840796332	58.955466516200985	58.963222211939296	59.952217366532444	0.025280916157184283	59.93987267613173	59.95591447704669	59.96913317502034	58.87040471396564	0.029178635977707843	58.85932771950223	58.87602762751915	58.887469458002954	59.89007334272971	0.04175815714605099	59.86666115783332	59.89405578685858	59.91995535574242	58.86930202118509	0.03009620770673855	58.85920660437415	58.87418409484275	58.88707719681916	59.95283860384033	0.02112240981423735	59.94094020528053	59.95527509677807	59.96764509218464	58.784779650555954	0.04674797644637942	58.759073180389436	58.79098980555183	58.816157836099435
6080000	59.95323221825955	0.06947636520030041	59.93443172697899	59.98894317839779	59.99934359614613	58.95223791117291	0.020757571136358993	58.94664688845363	58.955777363008295	58.96337726437618	59.9518761976635	0.0275195542831431	59.94023504166115	59.95674164080373	59.96969714381369	58.87073743218844	0.02909309583398732	58.85962488310265	58.87615148674468	58.88768695401067	59.89138170493146	0.039281262373005464	59.86732490526022	59.89383729750678	59.92030709327956	58.86967656333708	0.030091950673434936	58.859655502706644	58.874639553565245	58.887210027238055	59.95288389789125	0.024899818270725054	59.94269802031581	59.95659442152713	59.968940881777385	58.785351834990905	0.0466498574862951	58.75925370184511	58.79169444295028	58.8169513023061
6090000	59.95139385603603	0.06983524686124493	59.92359180526101	59.987318571874155	59.99950445373612	58.9531363269553	0.01948555613112596	58.94717607332484	58.956029056387486	58.96362828799916	59.953513828787294	0.025184060723194065	59.941619152939644	59.956892540647594	59.97098433368312	58.870957280186545	0.02891242449186815	58.860088493106296	58.876337931018085	58.888083674210506	59.89248550462677	0.04089692340389476	59.87014087936953	59.895076175950805	59.92068611768542	58.87012321658425	0.030076814678307067	58.860124843557436	58.875455929497946	58.887427281417274	59.952798341943705	0.026238498523906428	59.942062354282825	59.957426256021954	59.96926123535487	58.785801999136936	0.046740146816846295	58.76066383398555	58.7923459844097	58.817395461626305
6100000	59.95167783597275	0.07051846959668961	59.924161499990646	59.98827881085375	59.9992986415446	58.953406772907194	0.02073495298720364	58.94773192453647	58.956635460934095	58.964596848896484	59.95374953023492	0.0258785264417328	59.941943003535314	59.95747243568712	59.971798715953284	58.87134278128447	0.02868742051730806	58.86023271623223	58.87652981065448	58.88820372400279	59.893659918855775	0.03830409133534208	59.871528749959595	59.89734503762677	59.92060000237704	58.87048098752416	0.029904627627357776	58.86056650858768	58.87581247485242	58.88773039362081	59.95373309887127	0.025392897564272	59.94335115597898	59.95719180659232	59.96954883677944	58.78627573037613	0.04671067003947528	58.76066383398555	58.79248481477697	58.81767167925497
6110000	59.95799617510431	0.06304428330105004	59.94236884367263	59.989951024786166	59.99964335648152	58.95340620108431	0.02154091769259847	58.94748456021669	58.95724059303789	58.96476194210004	59.953031316908124	0.02853248506863461	59.941057949349045	59.956978283880616	59.97073958242507	58.871763577599474	0.028698874689152037	58.860541399517246	58.876866598306975	58.8887302135151	59.894438070720746	0.0401636174770484	59.870787255773436	59.89890659301622	59.92270491178014	58.87090245185992	0.029694319081892705	58.861018995296234	58.876146374116004	58.88810052153541	59.95431502480993	0.024405469044795788	59.94341473833969	59.95755871389848	59.971159871830295	58.786485023656155	0.04676657619206132	58.760691886605606	58.792561190870444	58.81822163468529
6120000	59.9549281288387	0.0660408507840701	59.93484576547963	59.989749411142334	59.99944914453691	58.95302635035284	0.02299562042981969	58.94792743150775	58.95746475803878	58.96498853892007	59.95418009701937	0.028087865392054386	59.940657789799445	59.95929644004924	59.973065473748065	58.87206206457824	0.028651141517391353	58.8606168623719	58.877127436388434	58.88892618827201	59.89658941424438	0.040449657281955355	59.87264706496081	59.90072339901407	59.92311904971165	58.87132134521963	0.029470894847805573	58.861191474122066	58.876434938418605	58.88831177690891	59.95479878049526	0.024834034076220802	59.94354385223706	59.95897472601462	59.97051539818777	58.787106392438076	0.04657125897235296	58.76151218170303	58.7932839779271	58.81900603647002
6130000	59.95720015491153	0.06696716902405059	59.943177493590305	59.99088544621272	59.99975509654392	58.95382725364554	0.024221480937384316	58.948069746152605	58.957595603168514	58.96559908176149	59.9565594178697	0.024541357781108563	59.94328285517564	59.96067007721286	59.97376634598831	58.87235628100352	0.02857533725835896	58.8608750235781	58.87749574756039	58.88911333767062	59.89698612877232	0.038490681175255385	59.87447017928936	59.899328213885845	59.92544006427517	58.87175182653529	0.029410597563502804	58.8614998633079	58.87669276871155	58.8890910634132	59.95617902172332	0.022828858344057595	59.94523533952683	59.9597929383481	59.97179792126825	58.78753081723245	0.046687192045735244	58.7616084868087	58.79374952991736	58.81917266769687
6140000	59.95564256758738	0.06664777668739635	59.936422411827735	59.98996569423068	59.999679971205886	58.95573741006507	0.01915089265164612	58.9494403273432	58.95835659935824	58.96577987039594	59.95430917153486	0.02858380621868537	59.94314518974644	59.95954684246591	59.972412585650126	58.872759381938735	0.028492547834314937	58.86130667476442	58.87781283454785	58.88931678911935	59.89622937286885	0.03895048109113333	59.872322318291296	59.89971881364175	59.92291283708251	58.87213492077183	0.029284604036832987	58.86183779238239	58.87719631002736	58.88929717217951	59.955012633391966	0.02307484247496423	59.94376518636917	59.957230933954754	59.97016930631595	58.78798593166103	0.04666003194897763	58.76249365704145	58.7944808543129	58.819472736550146
6150000	59.95373880379861	0.06822477492034473	59.93396515184743	59.98914970996005	59.99963933735664	58.95627241312216	0.01738252468020634	58.94983515570541	58.958799323991315	58.96626908129771	59.95646190260731	0.023755180433551484	59.943819296020834	59.96022527932257	59.973498484664745	58.873109778360266	0.028514957683407227	58.861571488092196	58.878237669826106	58.889626396937494	59.89883984388177	0.03939035778313724	59.87755002214909	59.903919669267495	59.92675001155714	58.87245501388164	0.029321526885008484	58.86200822765499	58.877459379440005	58.8894572938345	59.9558685271621	0.022399844471590182	59.944931551013006	59.95826261055519	59.97115513631879	58.788546760098	0.04670838523769603	58.76328070469387	58.795530088171475	58.81985191727979
6160000	59.956847614160324	0.06768693970161026	59.94057066059875	59.99163507328452	59.9997121443071	58.95678610131126	0.019196135608030816	58.95147159150174	58.95962924431177	58.96674810239043	59.95718376222148	0.02500783637693441	59.944633649270806	59.961691596009686	59.97426538261349	58.87344674847735	0.02861526079526608	58.86180512250147	58.87843403967865	58.89012986565433	59.900921459390595	0.0392819381573601	59.877622237206594	59.90598466077506	59.928884060278364	58.87262758936094	0.029336652008840104	58.86202922495463	58.87789477935631	58.88950066531323	59.95587433127564	0.025258348304843966	59.94441549980503	59.95906301429405	59.971871223028494	58.78896788810002	0.04674085448704646	58.76366654377787	58.79674709322876	58.820290496189614
6170000	59.95498942362802	0.06803888987658155	59.93389369858312	59.990047117288896	59.99962469340189	58.95540698837648	0.02365605030212282	58.95063807867706	58.959991303975656	58.96705383134362	59.95667589076787	0.025716930236369416	59.94505885635488	59.96081727925035	59.973937554344346	58.873785137315956	0.028674674033486527	58.86236155871721	58.87850470425663	58.89041792658067	59.90024767748748	0.03851259439696312	59.8772032251498	59.90482352082644	59.92737799878141	58.87295847557541	0.02901375357430519	58.86217308321825	58.87833701594579	58.88958960521393	59.955963092560985	0.026605942685745503	59.94498672786887	59.9607015319644	59.972562081866634	58.789341605946916	0.046777543488121784	58.76366654377787	58.797467153314585	58.82069930325117
6180000	59.957674060393195	0.0637752455474351	59.93963954761277	59.99064326424162	59.99966710383298	58.9567025101056	0.01958588284203311	58.95139194549462	58.95954584039329	58.96735485313842	59.95688899816753	0.02599430953299335	59.944628441312446	59.961579327449655	59.97419903185555	58.87405837825789	0.028645766015059224	58.86300662887037	58.878680728569634	58.89070742218628	59.90100090704065	0.03864723535830027	59.877320501393925	59.903961211044994	59.926112081054654	58.87329785244523	0.028905121527190034	58.86265715328604	58.878821203960385	58.8898648925278	59.95723272152504	0.022704961315035813	59.94598829421646	59.96025407869615	59.97213412987674	58.79000285324311	0.046806013220115905	58.7648802909402	58.79800512254779	58.821687640585964
6190000	59.960926667029014	0.06001656047451751	59.94644920642352	59.99304345429989	59.99981856021766	58.95618957497074	0.02111388161729114	58.951177080087696	58.95964864342459	58.966921216213194	59.957783127103205	0.025759985681902554	59.94658151733917	59.96221974131987	59.9750390359566	58.87440748843573	0.028685246726443868	58.86328843190306	58.87895447198264	58.89107008068647	59.90197260998222	0.03815820513618186	59.880439399536066	59.9057739015323	59.92910238641164	58.87364513922957	0.028911524057818407	58.86329750745553	58.87892254226455	58.89026371254754	59.9582162488967	0.022083167373685837	59.94722688369756	59.96202305670171	59.972862636254256	58.790433242346914	0.0467361278081887	58.76520385677711	58.798287412552284	58.82250448993179
6200000	59.956322741627794	0.06672768304439732	59.93547377601615	59.990914741568304	59.99973047199104	58.95818740113617	0.01757047111414103	58.952465995179004	58.9609196853622	58.96764456550457	59.958448468388134	0.025760775827775428	59.9470493501597	59.962937605838846	59.97530932251398	58.87474927835524	0.02875516252495794	58.863665977959506	58.879131166411725	58.89130693303889	59.902967087496144	0.04020341080399138	59.88104619137235	59.9065961667008	59.931386415227074	58.8738500854736	0.028921566456607425	58.863479075983335	58.87897889061992	58.89056902911849	59.95856328633211	0.021805873809571576	59.94787940602963	59.961991747759036	59.9727679013531	58.79086976891903	0.046576748328356905	58.76608372520542	58.79857498496689	58.82264632678482
6210000	59.95564218612593	0.06757201696402582	59.935457081924675	59.99128280590519	59.99972550478988	58.95887731001925	0.017329326091137347	58.953628417913635	58.96075891404995	58.96859932809911	59.95993637678637	0.022334625794923152	59.94762459735605	59.96337777856856	59.97555915281062	58.87518561058512	0.028665071733243137	58.86447723846634	58.87960421976049	58.89175106426447	59.904070713591146	0.03906865683870769	59.88339862392061	59.908667138654685	59.93318323562603	58.874200628271	0.02887709261754648	58.86388032877076	58.87931008423638	58.89097896855898	59.95784129946994	0.025529897022639917	59.948119008453325	59.96132094914641	59.973782379168135	58.7911300650789	0.04646510998786842	58.76611559080326	58.79874084607402	58.822810212140794
6220000	59.95771459487365	0.06534542426505796	59.94255005397381	59.99074546890573	59.99973226608396	58.95822959542675	0.02032180514134305	58.95281289610916	58.96183085187704	58.96881913157018	59.95913404451394	0.023421386417430398	59.946330134941675	59.9626709868681	59.97615620592619	58.875550676087535	0.02862559290109634	58.86476717599872	58.879717873227676	58.892034790571955	59.90560951247258	0.03749316567465645	59.88491807627934	59.90947770599354	59.93053477213449	58.87451039920622	0.02886080733607248	58.864093804029295	58.87948557372081	58.89147021400473	59.959004723570175	0.021695655970048546	59.9481204683899	59.961896304897024	59.973960507663435	58.79151888643931	0.04651581141850466	58.76634753575635	58.79914994257018	58.82331703420912
6230000	59.95858650782548	0.06571064797886206	59.94380381292758	59.99261158779301	59.99986905091586	58.95850361421697	0.020058638119327753	58.953825288428305	58.96194058366754	58.96931244675236	59.96091060662042	0.023754842756315953	59.94826195445186	59.96386383061092	59.97845107829626	58.875845711144905	0.028668174069151033	58.865055410747374	58.88023562396482	58.89258450836542	59.9073171945775	0.03947919197536069	59.88516891335318	59.911256998728845	59.93407616580008	58.87481202711162	0.028924930732903347	58.86430213101002	58.8799725022245	58.891992920470706	59.95971989500969	0.02394954625133612	59.949312030662185	59.964423981261206	59.974849706904024	58.79195974460686	0.0464983931652794	58.76646236494744	58.799430856232846	58.82372717741125
6240000	59.96060948661682	0.06323079754119595	59.94717239471748	59.992921122502224	59.99982972728472	58.95946290871213	0.0182634179056931	58.95383658867544	58.96234895964044	58.96923880768045	59.95867889324132	0.02482563691304605	59.94645367224449	59.962706408997235	59.97583815447601	58.87617628429146	0.028553215365833988	58.86554158704256	58.88070525754688	58.89283064523181	59.9029628043802	0.03960224653928247	59.88088806866572	59.90628917262193	59.929753633632856	58.87509608577049	0.029001345893948805	58.86459718310925	58.88071066627393	58.89244177812132	59.95932676001587	0.02296496524547359	59.94893615258622	59.96263701373768	59.97398043446421	58.79223766830256	0.0465590381232665	58.766770308775165	58.799430856232846	58.823795364839896
6250000	59.95908388293744	0.0650922337728808	59.94722453552832	59.991653193838026	59.999721501685634	58.95810737335088	0.022060676278770643	58.953965255706834	58.96195059864101	58.968773787156735	59.95908688014353	0.024069001499599143	59.94832513038915	59.962354588787704	59.975522415646026	58.87649300602729	0.028520432387304423	58.86603640942373	58.88104263698983	58.89309087745785	59.903274221052854	0.03646090158876253	59.881108859961714	59.904628083676826	59.92875482360742	58.87541545899973	0.028989231086533757	58.8648770669689	58.88125126297032	58.892907959454554	59.958830067301875	0.024205950392812228	59.94794900825595	59.963462745949016	59.97452728893075	58.792723117955504	0.04659094502754737	58.76711855796564	58.79988823547268	58.823910766281266
6260000	59.95590145499052	0.06816870442999601	59.93900685979489	59.99079627749383	59.99967889221255	58.958940768619115	0.01711230347133173	58.95418703313761	58.96170793707786	58.96861170774173	59.95807133364208	0.02634077803041489	59.94712938223328	59.96236131212515	59.97500326127623	58.87672383691601	0.028404582468877955	58.86634472570501	58.88130425995626	58.89323115066982	59.90377521993579	0.037753245589125746	59.8824832961485	59.90893240167781	59.93036393472791	58.875660457301244	0.02904505355131334	58.86521943520859	58.88151338631492	58.893062026897766	59.95822382593425	0.02477856725031904	59.94801478890602	59.96121680233728	59.97321058571409	58.7930806609178	0.046628718940320016	58.76719590917063	58.800155344790454	58.82405745611686
6270000	59.962277075335635	0.06165099271802002	59.95055526261061	59.99366642816365	59.99981156167039	58.95818440723187	0.020455154678203722	58.95250330397049	58.96130237498017	58.96948129172803	59.95913479643765	0.025498617698590773	59.94671745812918	59.96394127368286	59.97551681739645	58.87701002778862	0.02841343738578111	58.86651144015879	58.88159213723501	58.893324926459556	59.90657407936644	0.037295755790846985	59.883133577907536	59.9111182660662	59.93293222642222	58.87598403123183	0.0289854456523054	58.86540570602714	58.88188706678653	58.89317771158788	59.95907588020571	0.02499945690375674	59.94891557173715	59.96344821669862	59.97492476607878	58.793547741462625	0.04663059514570132	58.76724790556939	58.80062989867772	58.824573063247016
6280000	59.95613967020701	0.06766071937878462	59.93220001837793	59.99213597912038	59.99979650850648	58.959297786915364	0.01698876499580734	58.95393857257672	58.96184272944279	58.96889266907708	59.95988853091428	0.023271554901390934	59.94813844400837	59.963788757896936	59.97643403278329	58.877258996179165	0.02846211929408213	58.86666488493644	58.882023424553324	58.89369359288996	59.90538648505447	0.038993854378460854	59.882403468442575	59.910662507146895	59.932611480644645	58.87628651522629	0.028798294952722105	58.865542562358996	58.88202943052127	58.893423762714235	59.95966676262123	0.022526179245077188	59.94836988049144	59.963062017414714	59.97451485613779	58.79408938649482	0.04657463365382421	58.76748038617829	58.800856207972735	58.82553316895827
6290000	59.95378179155142	0.07055778622235664	59.932588880479884	59.99100588670409	59.99969392632242	58.959990477769956	0.015554909417450802	58.95404488322738	58.962314853205996	58.96926771676666	59.95970920416456	0.02263890709596885	59.94883239549086	59.96330102225035	59.975253210917074	58.877555610705585	0.028350570826168583	58.866909416010536	58.882315194121176	58.89417594394288	59.90435785740903	0.03705820422967263	59.8844058223907	59.90803750781063	59.928357775813865	58.87659700452313	0.028760679387613078	58.86563439967579	58.88221172702403	58.89352778496372	59.9592710120265	0.022684581833723336	59.94869727207607	59.96257543691165	59.97449364053235	58.79450583166158	0.046693311813855415	58.76772019940087	58.80104804313288	58.82654347066153
6300000	59.95663537888708	0.07060779772819831	59.941352606587216	59.99216116635428	59.99982901823293	58.95924141138937	0.01767360257122205	58.95393029880837	58.96146260985347	58.968959699749995	59.958412622914835	0.02378843101196628	59.94604824021684	59.96230957376511	59.97433614851914	58.87790262538957	0.028151351166384175	58.86736825598817	58.882737023645554	58.89434466904352	59.902288329185474	0.04079182698192667	59.87907466503576	59.90568970192188	59.92944779403995	58.87690454751668	0.02852728521076007	58.865850749212996	58.88250541316688	58.89358198789084	59.95868183546121	0.02428860186171864	59.94784416152293	59.96190009415223	59.972895406726444	58.794969951448714	0.046643237545250335	58.76873167100613	58.801138111024024	58.82671968641228
6310000	59.96196152294408	0.06217117501963067	59.94958945928043	59.99400492890429	59.999758181777494	58.95816622741912	0.019140864865923167	58.95353876717252	58.961700887982204	58.96814840328394	59.9584769815773	0.02473695499613149	59.94616060105797	59.96176954508865	59.974820867628054	58.878188893903584	0.027995056290822485	58.86752227489428	58.88323519769196	58.894844531727834	59.903104721839256	0.038079031125778005	59.88197319887663	59.90680778203071	59.929032423852355	58.87729705477448	0.028472930013663123	58.86615530395477	58.882839194624935	58.89407307637241	59.95694917888224	0.0258701720073935	59.947169109878665	59.96090822422866	59.973155522141006	58.79539603238198	0.046558320960393286	58.76873167100613	58.801595516278226	58.827945018802126
6320000	59.95790303280098	0.06796103840130459	59.943607521374815	59.991674871174055	59.9997057019403	58.95845195369753	0.020682798820978995	58.9538335778881	58.96195300951784	58.96843503163621	59.95715254217551	0.027259896457219317	59.946116567503616	59.96118770719074	59.97448798306473	58.87855419073506	0.027963133219424507	58.867838325633755	58.88349950799005	58.89546538050821	59.90271286867492	0.03847802050691529	59.881707551859236	59.9070919245693	59.92960016665137	58.877546956267786	0.028475921951807367	58.86629661910698	58.88299405685697	58.8944245564823	59.95769350805522	0.026886846190972	59.948359645226176	59.96228184688218	59.97395937410418	58.79577352249359	0.046530809349900504	58.76912534998389	58.80234677261741	58.82850870648116
6330000	59.9579727524436	0.06504048797782529	59.93973486805419	59.99234269622265	59.99980534100003	58.95818076320392	0.02192067662847346	58.953630567138944	58.962326607002446	58.96860313745635	59.95900553423284	0.02313039704698876	59.948117481558306	59.96251836972269	59.974421662100525	58.87883752098871	0.027963618537429367	58.8682445759457	58.88380073467357	58.89560186314883	59.90415542514913	0.03566001041982256	59.882076772789084	59.90734101729699	59.927017466138246	58.87783074054332	0.02832884775194575	58.86656843523336	58.88316058946018	58.89467117930741	59.95862991396891	0.02358412832787188	59.94891444418495	59.96277323830895	59.97336358577597	58.79616929615606	0.046444323705399554	58.76931502677067	58.80265713578979	58.828676061474354
6340000	59.95534244653245	0.06840197950003456	59.932521348567114	59.991596927465835	59.99975246590605	58.958445438556794	0.019647086426540172	58.95281358807437	58.96199044808385	58.9692373093156	59.958764167232545	0.02517781396086689	59.94796356210355	59.96277808568061	59.97563037870677	58.87905538611669	0.027990751368254248	58.868533510941745	58.88400820142419	58.89577096807667	59.903305400317244	0.038174920895426644	59.88149409658932	59.90638334916774	59.93036322829934	58.878114068085466	0.028383787216063414	58.86662892653571	58.88340815305311	58.89513142584983	59.95914813753456	0.019778647060963557	59.94928471397424	59.96182332186906	59.972425842718415	58.79643305174591	0.046219436686726165	58.76951386543735	58.80279181346778	58.82876203580463
6350000	59.9558015821244	0.06957171506060933	59.938039953541605	59.993161737545066	59.9997755879582	58.95905912846783	0.018230555367827354	58.9534867712654	58.962070258091025	58.96924155692303	59.95901406192212	0.02582925437234514	59.94819771432276	59.961536373576976	59.97554525258352	58.87949136399497	0.027958326791318225	58.869340582865206	58.88444916282197	58.89586949963473	59.90534909689733	0.03631806875028892	59.88140955113374	59.90962950623831	59.931263139838684	58.87846577294423	0.02817480798423318	58.86707759191398	58.88403159102397	58.895550531367476	59.95891339729498	0.023166623129482457	59.94738371371462	59.962451347920265	59.974173574390505	58.796750194413285	0.04623768459480297	58.76964183353069	58.80284904102042	58.82893304586442
6360000	59.95812717971185	0.06592928180281361	59.942873812153834	59.9918951574291	59.999738886830336	58.95925334514473	0.016814246518568166	58.95418059183358	58.96196842627363	58.96871639714136	59.95905869065861	0.022799903951528373	59.947759402887755	59.962881174192894	59.97439138155289	58.87977116789061	0.027814654525089653	58.86983221970941	58.884710149504954	58.8963955273343	59.9046865694773	0.03697777013623035	59.88215019080224	59.908289650035485	59.93084510433604	58.87869238749829	0.02813727045645241	58.867149732269446	58.884061705432245	58.89572873032229	59.95925175985062	0.021475112974983366	59.94798190489138	59.96245488621123	59.974008653943926	58.79732663475471	0.0461973267566503	58.77059022457425	58.80313637460077	58.83020336807202
6370000	59.95879331704968	0.06653382168726642	59.94740327562076	59.99342876628752	59.99981540529963	58.95848874768092	0.021265740658528303	58.953201384215184	58.961834439771394	58.969104330895014	59.9586980297832	0.025636665610344618	59.94789702017943	59.96248636664804	59.97549740740056	58.880100949933	0.027601977119636342	58.869873571589736	58.884957696242594	58.89668796432513	59.90611899333504	0.03625322273729477	59.88362835738849	59.90911970275389	59.93243258887203	58.878961084001304	0.028118231564836827	58.86761797201889	58.88435818097244	58.895849730937854	59.95925108268705	0.023077894211343576	59.94867372927653	59.96324530301983	59.97449949372449	58.79768792437211	0.04622921643688178	58.771328341211735	58.80369924694453	58.83041729865219
6380000	59.96212671800948	0.06348876465017206	59.953392925023	59.99359190271578	59.9998190767393	58.95918582915521	0.017235211835298796	58.9538586677326	58.961549921540524	58.968857370953884	59.95861679179433	0.02602763256838115	59.947398954176975	59.9624748491629	59.9753453487309	58.88031917246854	0.027613979243875857	58.87047146567542	58.88503720024458	58.89685925335572	59.90581039085256	0.03828093044766052	59.886107156057996	59.9103395048875	59.932090812242976	58.879295458765846	0.028077449626307198	58.86853661897433	58.884670413231404	58.89589656480041	59.96009532126261	0.020461077609379243	59.949033041714785	59.961903736858204	59.97428179882315	58.7981570736807	0.0461160153498388	58.771697092803066	58.80409541311135	58.8307703133861
6390000	59.956959152354045	0.06645876851445902	59.93947415257117	59.99304462422677	59.999742612240695	58.959139519043354	0.018105826468477113	58.95373606164642	58.961858532642864	58.96926257269001	59.95907583183399	0.02678004997205697	59.949391199073176	59.96364463595188	59.97629686919425	58.880562377114096	0.02762404789222641	58.87061773949817	58.8853093924651	58.896946225383445	59.90519818069127	0.03790940535943399	59.88302072412545	59.9092457909628	59.93227293737931	58.879545824573945	0.028057945453824472	58.86915446965123	58.88480684852001	58.896186549719715	59.959136944567106	0.02513990175834188	59.94906478190717	59.96329194379989	59.97463833144184	58.79860250610018	0.046041325476837924	58.771770079549526	58.80427247254174	58.83095555815013
6400000	59.95622350405744	0.06704601175149202	59.93795206201126	59.990660860226974	59.99975834806316	58.958888555553266	0.018194838531055527	58.95331406678439	58.96203561364764	58.968466216311015	59.95747923311098	0.025893961139326432	59.946183527667415	59.961459714884	59.97396128126003	58.88082888764994	0.027668892225899862	58.87097744947809	58.8858946396265	58.897018053469495	59.903545403534146	0.03826916566540423	59.88251618669369	59.90675637117923	59.93010788227335	58.87977955113421	0.028102768738196695	58.86917469009587	58.88555074518676	58.89629989836159	59.95874100299022	0.02336355351257264	59.94845568183864	59.962660681343486	59.97333505238943	58.7989968195604	0.045934370946672805	58.77207437509796	58.804867833508574	58.83100624589756
6410000	59.95649886340271	0.06707023821352752	59.942363269663964	59.99036489985905	59.9996543218016	58.958966897952244	0.01671396980579802	58.9535469638344	58.96133032302778	58.967976821137185	59.958423037846366	0.02559181469399703	59.94787814174252	59.96217436199814	59.97442452314114	58.88103827179419	0.027664087841256138	58.871081701954054	58.88610331684137	58.8971510546919	59.90391604931017	0.037366213161128876	59.88263882562179	59.905143541730936	59.93098678317121	58.8799450312545	0.028077565550769307	58.86934308292032	58.88560214171477	58.896571600091136	59.95777456801046	0.02427585157775875	59.947556012200685	59.96118958405545	59.97325253939876	58.79944430859507	0.04594547930512387	58.77260925348305	58.80495924225524	58.83145634676871
6420000	59.95816252734571	0.06640335623012104	59.94253667199694	59.993401047754716	59.999772048128236	58.95869596321544	0.01962528361782342	58.95327227005894	58.96190894330634	58.968369388275434	59.95880777624321	0.024643767912279804	59.9484365642476	59.96269683020299	59.97491853872748	58.88130198517566	0.027617599664770925	58.871334120129426	58.88624684976409	58.897288023044226	59.90375230383112	0.037469635902396194	59.8823843992152	59.90835290325475	59.930121388676724	58.88011256265541	0.02848922215913545	58.86976570879603	58.88581602270341	58.89687300524286	59.95807915373957	0.02506946323923402	59.94885464395625	59.96244847928227	59.97333814772075	58.79989992420059	0.0458652934710648	58.773305719970075	58.80531244293512	58.83213593702077
6430000	59.95865183248888	0.062863159656916	59.93815083971339	59.993305341682245	59.999824952042474	58.958972803172315	0.020019546659077216	58.954076435588334	58.96218944928759	58.968969143449385	59.95967082030334	0.02548584912200894	59.9485509500745	59.964496066583465	59.976764985312194	58.88163733921066	0.027585294240071948	58.87147986730883	58.88655778420691	58.89779875657286	59.90478861788318	0.03909147702434899	59.88339407618905	59.90812920510953	59.932827467937116	58.88028746180003	0.028517894284211573	58.86976570879603	58.886016873774935	58.89708264949439	59.960117338908844	0.020824533406780074	59.94927696665859	59.96297970951461	59.97441720485366	58.80036870734417	0.04587969701565702	58.77341356315016	58.80546788719667	58.83279339113095
6440000	59.95817691270007	0.06548789447239124	59.94030474079911	59.99171889392056	59.999778347833086	58.95864265568027	0.020181516353638334	58.95345766214875	58.9620823547766	58.96933697295409	59.95942225107467	0.022863521682378762	59.94697396349822	59.962245803490575	59.97557954144233	58.88188702472852	0.027544269640806012	58.871792273307896	58.88664293569313	58.89791315215209	59.90335613648723	0.037199076977198	59.88198894660192	59.907068787075254	59.92934942332855	58.880458020482564	0.028455919042251667	58.86995122514162	58.886089138597754	58.89711755833568	59.95872562778375	0.024195685759937597	59.94826468618245	59.962108254704106	59.974092920027985	58.80073152778058	0.04558968558870938	58.7745876034886	58.805658221321224	58.83283078861262
6450000	59.959103605561026	0.06597257692969535	59.94753970434292	59.99322689471909	59.99982715132186	58.9584340151934	0.021090586112555477	58.95385783824493	58.962164144798095	58.96842049836738	59.959609535304956	0.025509290115822276	59.94856127406675	59.963392520491304	59.97603062507612	58.882106865999205	0.02732900454744863	58.87202316986916	58.886691073096074	58.89804340822135	59.905812123792394	0.03769655328472099	59.88381772261859	59.91114592240183	59.93195613885066	58.88070450185037	0.02844876027612521	58.86995122514162	58.886280525546525	58.89740413871068	59.96080295343323	0.020785006663498418	59.950075188569876	59.96336676171245	59.97475703065613	58.80116739044413	0.04559204321849597	58.77565438454647	58.80581630503075	58.83354931980191
6460000	59.9563323645487	0.0719583076474625	59.94549216508612	59.993124649408145	59.9997504252388	58.95817591943934	0.02146631727044933	58.953854413526855	58.96208801239068	58.96924735472343	59.95973636662952	0.025112182971536678	59.948521044169794	59.963951721578205	59.9762524674018	58.88236095145947	0.02717769555999537	58.872108456562806	58.886871091118465	58.89824952290593	59.90601015202719	0.03630089785758325	59.885325649401686	59.90989398528973	59.93060065982968	58.88093904360355	0.028463713711515928	58.870165664462306	58.88635156550302	58.897723931050095	59.9599091145194	0.023354534659882856	59.950009257287945	59.963071475019795	59.97474310910828	58.80154705554436	0.045511885404852535	58.777749031247524	58.80590912369617	58.83368237773039
6470000	59.954975170010286	0.06860418966725973	59.9340312237511	59.99066585946136	59.99975015108125	58.958329757174354	0.0187235067442132	58.952645087392156	58.96202059949072	58.96872857657446	59.95881210634334	0.024177129106481995	59.94653455743755	59.962762256447355	59.97578607313565	58.88266660397672	0.026990327464981284	58.87228184102402	58.88727584394509	58.89847250229411	59.90321887252601	0.038288045339372016	59.882928216279154	59.906102997300536	59.92986794478523	58.881179155303386	0.02852197491088932	58.870610847765796	58.88676756401462	58.89791142245306	59.95901372515749	0.025274263709149418	59.948370986249785	59.96305448040758	59.97431549071136	58.80190759045607	0.045513130211620116	58.77780943335659	58.80621608067095	58.83391689294302
6480000	59.95614590675063	0.06674799765218953	59.93712405015312	59.99152927013187	59.99974755059644	58.95829367644485	0.01930280756439485	58.952253502431304	58.96168305073715	58.96862338260003	59.958117598473635	0.025373941081225204	59.94624822539374	59.96222310126652	59.97523752455898	58.8830734587351	0.02698018665683978	58.87276192584658	58.887590490302514	58.89907879021574	59.90356790267022	0.03935902548664452	59.87974340639798	59.90749128508348	59.93207099208847	58.88143196670257	0.028538187409742264	58.871010734507664	58.88702811445317	58.89797688135509	59.95935050059339	0.020572997221726282	59.94796537764463	59.96268073487928	59.9740214630568	58.80233093827741	0.04544873524534461	58.77864712478416	58.80651376148349	58.83445520398648
6490000	59.96067680605338	0.06327879345700624	59.953159683401154	59.99335508368124	59.99984498295738	58.9584608833182	0.01789816041351642	58.95239153571878	58.96156127964581	58.96828228341338	59.96011395522964	0.020997181122018142	59.94813379374677	59.96229803274896	59.97517996572898	58.883342435062445	0.027021712490600588	58.87303998725384	58.88782387799316	58.89919050856348	59.905667587075776	0.03739151310000668	59.885267339988744	59.90931322489925	59.93127362262936	58.88160551576611	0.028551893469794257	58.871130111466144	58.88711621346577	58.89818540822177	59.95991738100486	0.021034821510128046	59.95052632911702	59.96284334465817	59.9744347418811	58.80270668124752	0.045542132222643396	58.779215990272505	58.80701571467597	58.83471955556169
6500000	59.95690940788795	0.06750098775135087	59.93729387036489	59.992974876741414	59.99971807751231	58.960062342213256	0.016979127434293462	58.95385935090562	58.96249564191268	58.96920804021332	59.959210176023255	0.026064989518581973	59.94821943720989	59.963138015212856	59.97675257540692	58.88362790691765	0.026717744266095064	58.87313827827877	58.887988964081714	58.89953503629225	59.90506384933682	0.0367091108463045	59.88448529963829	59.91005562543139	59.93129203660128	58.88195940513422	0.028525185546717447	58.87156672201495	58.887567033940265	58.89834083657776	59.95876324328933	0.02563039897912194	59.94855597099789	59.96252611217049	59.975153347687616	58.80314267891618	0.04550586422382094	58.7797990322442	58.80763013573805	58.83496017859022
6510000	59.95869433096697	0.06675332278899887	59.947433852059916	59.99341793302624	59.99980201868706	58.95887647207853	0.017559750478805435	58.954034153005175	58.961423128101444	58.96844121981155	59.95784009634769	0.026523379917743492	59.945209075993986	59.96281035211325	59.975475305336914	58.883889336651265	0.026776519956969384	58.87325175406499	58.888389052944355	58.899882726600865	59.90446880634275	0.0375076397157712	59.879811404549955	59.90879963815014	59.93146603957438	58.88216333843501	0.0285302719048541	58.87161726242116	58.88798033121391	58.898641938369	59.95813245504698	0.023856911824102055	59.94833158884972	59.96254707268453	59.97341168248794	58.80356954738239	0.045577735257573984	58.779889105620605	58.80845110977826	58.83546544497145
6520000	59.96163011180015	0.06066495103755503	59.95117127055936	59.99331581889206	59.999804140887676	58.95827413169663	0.020061012582735866	58.95295902165233	58.961809304877896	58.969205046733094	59.95835934073407	0.024968429776098918	59.94547109907529	59.96224077500831	59.97560928224978	58.88416243709302	0.02667528896177579	58.87339709455194	58.88844059424751	58.90000430818009	59.90525263856167	0.03777464855084582	59.88330046620507	59.90873590607753	59.93399129072692	58.88247288347919	0.02857918736407259	58.87184615767529	58.88842442600236	58.89918549663587	59.9591508939672	0.02247472025911057	59.94825625132527	59.962042382696765	59.97453137483086	58.80383598878693	0.04544884458344514	58.78020319204801	58.808748457411795	58.83558977436678
6530000	59.95741396849738	0.06818025585468558	59.9444755982017	59.99146809656396	59.999772869365984	58.958130926807314	0.019108166175317264	58.95246230860644	58.96151512234988	58.968578942107726	59.95792548313665	0.02440950512480956	59.946487212486446	59.9611676401837	59.974468478472396	58.88453398347976	0.026521404571327834	58.873713408950195	58.88909759180386	58.90050512575052	59.90303223313475	0.037985254464366784	59.8809396818902	59.90721258073947	59.92926824867972	58.88270901970991	0.02844624624068449	58.871923442953225	58.888592919085816	58.89936992922859	59.9589538383074	0.02403420154851657	59.94910845760487	59.963032614487915	59.97421014014911	58.80429859120479	0.04548804092879585	58.78061880698071	58.80909809015113	58.836613202502036
6540000	59.961283116266166	0.063853215944393	59.95474170010458	59.993150149750136	59.999839124094365	58.95909760369257	0.01872055775692463	58.95425156545224	58.962456109857	58.968611740965564	59.95942740736966	0.025888065977702553	59.94839819125491	59.96341162902905	59.97614096447468	58.884762125343464	0.0266102683115102	58.874199465904226	58.88919045424985	58.90124353667268	59.905678141306495	0.03756201453300072	59.882886875425164	59.90942731451949	59.93121767342373	58.882989241767184	0.028488937485071447	58.872541613189874	58.8887554989398	58.899876354919655	59.95980533456642	0.022542742785871275	59.94956285018811	59.963514674921	59.97446634511256	58.804694980935096	0.04541135486578853	58.780912667277065	58.810108220592	58.836825757429736
6550000	59.96258269811806	0.060563118646868495	59.95048766542692	59.993811451490785	59.9997727423585	58.960027520675766	0.014957027194101705	58.954171731773684	58.96213801978564	58.96958445025008	59.960631143347804	0.022302576007555044	59.94965329039644	59.963840070099074	59.97600486213482	58.885109917358854	0.02639551849025821	58.87462693122354	58.88930893940305	58.90180598419127	59.904901715457775	0.03826135922266901	59.88492426652168	59.908538640697316	59.930303486433345	58.88331068362809	0.02844292654184587	58.87261743018679	58.889174288082856	58.90002030316525	59.95897054382322	0.022205311537004713	59.94742507699043	59.961991574178825	59.97403423262133	58.805039291958344	0.04538418157659982	58.78130653002132	58.810471032661965	58.83707353433546
6560000	59.96058971505551	0.0607255463474644	59.94056868470719	59.992660438739925	59.99976782619097	58.95952473990781	0.01888774357254429	58.95430290620973	58.96226280111583	58.96926047790933	59.95870760798805	0.024652098939435086	59.94680873139737	59.962685596043784	59.975309179766825	58.885500866799525	0.026284203506252775	58.87479761233855	58.889686989077674	58.90235917421947	59.90242952880881	0.039925676511147354	59.88111408920007	59.907055628591316	59.93010932803327	58.88367671441999	0.028038415008077175	58.87278846861084	58.889414145011614	58.90017151514454	59.958203396032914	0.026010540763152727	59.94837983947319	59.96252374827238	59.97388360066057	58.80528663111771	0.045338855658273114	58.781407238728306	58.81053269260018	58.83724419150259
6570000	59.95926464473536	0.06545688050415138	59.94709904682674	59.99389917174091	59.99982067221035	58.958982936407956	0.020268702229039832	58.95419776628981	58.96213996574329	58.9692735681132	59.959524039906064	0.024236229411035856	59.94881576266932	59.96285099000989	59.975950338844584	58.88571592020489	0.026235824114255454	58.875027458657314	58.890026393073995	58.90242003067646	59.90556163244167	0.03838462937281171	59.884649346549615	59.90899339977381	59.93186717919279	58.88391470161057	0.027803870876404218	58.873108417794455	58.88956696654635	58.90029580266975	59.958991855369064	0.023656272709490906	59.9490884809466	59.962182436946364	59.97444770196607	58.80576919505087	0.04525821076499852	58.78195637016625	58.81075679621007	58.83778595101488
6580000	59.959813729274316	0.0621763938404279	59.943645835580426	59.991706141496174	59.99972838478401	58.95864784088247	0.020444026224770966	58.954093869683064	58.96230437010067	58.96916332976553	59.96000574929639	0.022216441799360765	59.94870269125552	59.96306911410383	59.97516196500957	58.88593610314736	0.026305822538306503	58.875119496521904	58.890209752667815	58.9028182027297	59.905119703138425	0.03641945898795712	59.88328425682797	59.90865105894121	59.93122640953966	58.88410840284562	0.027743970317752248	58.873408054990655	58.88970771924443	58.900493691490176	59.958642231374846	0.021643126274584257	59.947288912974074	59.96199183364427	59.97381709457298	58.806007672464695	0.04524578236958231	58.78233624228317	58.81075679621007	58.83855267487707
6590000	59.959408675765616	0.06230065432631137	59.941162687407804	59.992691387359294	59.99977741337184	58.95928374782923	0.017112873745051035	58.9536426161919	58.962182416611206	58.96953973903453	59.958579710893176	0.026786316238230978	59.94877286659502	59.96231894052601	59.97565158211652	58.88619256540856	0.026285400970835086	58.87546969598206	58.8904129507384	58.902964990036416	59.90462846877646	0.03763927786181209	59.881978467943824	59.90769023047301	59.93163911835435	58.884417165552726	0.02768440879827751	58.87389710184863	58.889941476115865	58.90073159660235	59.95797058912402	0.025951718970373586	59.94821889577577	59.961928913779744	59.973967349153924	58.80637607341461	0.045254436672706316	58.78233624228317	58.81098098499707	58.83864495612232
6600000	59.9610574356069	0.06612033591250631	59.951800608669615	59.99408607844968	59.99979126708887	58.959666003510314	0.015414459931650772	58.95394747835735	58.96218746294237	58.96882467713497	59.95831458569387	0.02826265984761193	59.947381567199535	59.964058828481924	59.97583858448545	58.8864217831472	0.02632732487646237	58.875713167477436	58.89054405370142	58.903223311957206	59.902537884331956	0.03788834315430647	59.881396582669765	59.906439499789585	59.92780368899533	58.884575786937404	0.027690882644248207	58.87419391422616	58.88997560321934	58.90094906110953	59.959574146443806	0.021036914670715952	59.9487793356526	59.96195432262152	59.97439276473695	58.80665892443906	0.045209565856146446	58.78256632881284	58.81124673555057	58.839083695868936
6610000	59.95873267226044	0.06736607990222161	59.94693567769718	59.991747117868336	59.99975519646934	58.95854673239161	0.019935933174359904	58.954034140232864	58.9621621608896	58.96886365159183	59.958194796949996	0.027872090571697657	59.948336046666576	59.96263886651805	59.97505762528961	58.886460166657706	0.027075763596805146	58.87565132713876	58.89072281690164	58.903539639507805	59.904524012574456	0.03818535044816583	59.88413164234764	59.90627472516911	59.93155139822004	58.884829835428775	0.02776922438376514	58.874601784841694	58.8900982671846	58.901282816766894	59.959559320731806	0.02268650255411432	59.94928467861341	59.96309988470939	59.97433087850452	58.80702660136983	0.04527083585764803	58.78262674188983	58.811968037798835	58.83928796261016
6620000	59.95992541920387	0.06307525070537555	59.94751489921068	59.99493557947421	59.999860076388515	58.95848123420559	0.019589970875038918	58.952997122740854	58.96186947851854	58.96892554164674	59.95923104762409	0.023553249701193303	59.947797306907674	59.96312785331971	59.97527758889765	58.88662449320244	0.027001833072317512	58.875713167477436	58.890808633594006	58.903579833390516	59.90569388326428	0.037837894376963485	59.88592828211629	59.909323170881954	59.93110478716236	58.88507316309254	0.027792370135542577	58.874859297440395	58.890384199943284	58.90152957485114	59.95919635225468	0.02360582909217007	59.9486986668219	59.962937601692786	59.97402546358636	58.8074482622071	0.045265853522178705	58.78323336297087	58.81287811539043	58.8396273132715
6630000	59.9608563124675	0.06092488573062367	59.949911859718846	59.99086436922609	59.999583526369776	58.95907646943502	0.017603813521380577	58.953627071811894	58.961749278434	58.968845185795026	59.958357487189936	0.024441661017776558	59.94702903126874	59.96246814298469	59.97441045931119	58.88692026998404	0.02700894123292958	58.876370282201236	58.89097557802349	58.903677171411424	59.903652586645016	0.037663236775122635	59.88171635755214	59.907357545313786	59.930653761550346	58.88541215210875	0.027683209736867435	58.87501579774401	58.89058013615646	58.90201980834365	59.95701192721935	0.025980129381760857	59.94641883677807	59.96035087775552	59.97341299230601	58.80771912767151	0.04525797033478187	58.783390983429356	58.813173683389124	58.83974335374754
6640000	59.96136520466262	0.06414589214046659	59.95100041631474	59.99331922401811	59.999776130067715	58.958975636432235	0.018049907098761624	58.95309574403927	58.96120050089439	58.969047241765374	59.95842318690654	0.025317303007540926	59.94747233704743	59.96213963251046	59.975341624393586	58.887219889740585	0.02694732701294415	58.87644251091285	58.891342612925285	58.90375842678783	59.903146381270304	0.03895893956950727	59.8802399184322	59.90751310812922	59.930722815297926	58.885643523710215	0.02769598828050113	58.87501579774401	58.89083942012708	58.902285593341524	59.95976935575453	0.02161377719196803	59.94808865100297	59.96340184252566	59.974239748898334	58.80805735083933	0.0451591288738112	58.78397057967657	58.8132928243046	58.84006909012511
6650000	59.962924694631006	0.06011923690441229	59.948612308025396	59.99417754587644	59.9998280944883	58.95842418291845	0.019225100117680655	58.95348043663014	58.961494136356954	58.968318741713404	59.959646791576006	0.023529225746603516	59.946539320747256	59.96402902633619	59.97641809201064	58.887468420733356	0.026761001150756816	58.87670013389511	58.89155765585326	58.903862451571506	59.904731953947454	0.03804431756435921	59.882796796248364	59.90811060478513	59.93087291190848	58.885915565961355	0.027656747523577763	58.8752547819085	58.89117405925378	58.902405125996395	59.95889710784864	0.022652764452599655	59.948737208021676	59.96180453394297	59.97367777251674	58.80842875078542	0.04510676931175673	58.784509223719645	58.81351170261264	58.8401982397433
6660000	59.96474711469891	0.06136382637177469	59.955724041292086	59.99505584953114	59.99985792281532	58.95860976463813	0.018257136369869524	58.953432637669366	58.96184478995929	58.968610434928905	59.959546306415916	0.024443815200425115	59.948609212861655	59.9628903876082	59.97544683005179	58.88767951739232	0.02679278718370445	58.8772040203246	58.891719775241874	58.90429490422841	59.90510378177117	0.03672730830880255	59.881945976277485	59.908466710669	59.9323853961004	58.88619684370887	0.02760145946726979	58.87551803895255	58.891295310301416	58.9026668016325	59.95914531994718	0.021854881944070637	59.948700758410325	59.96249995819876	59.97421358145445	58.808743122539866	0.045166277436573844	58.78479472067154	58.81447962600356	58.840544764466564
6670000	59.95761811113854	0.06670253797046444	59.941055979957255	59.993706160579876	59.99979310121127	58.958240111619446	0.02161254545239958	58.953784486458275	58.962153632324004	58.96892200016945	59.95856600392431	0.025189921861133297	59.94718289601454	59.962449287827965	59.97566539361898	58.88769385829451	0.027506109434978186	58.87754695143328	58.8921585833866	58.90445042270586	59.90514629176509	0.03835624649044576	59.88463150933401	59.90925846071232	59.93276446816213	58.886504005879644	0.027507588006682397	58.87563022705713	58.89144419195798	58.90322770385009	59.958848041779135	0.024239447215389065	59.94927787468665	59.96294368282928	59.97450186769761	58.80903227056994	0.04520431476011525	58.78484593963598	58.814847129852595	58.84122243951564
6680000	59.95752820433721	0.06557471423893524	59.93811194644004	59.99215467302843	59.999776219445465	58.958407106567044	0.01988393177510104	58.95416859009768	58.96158217057112	58.96848411151438	59.9583869737845	0.02379937209874447	59.94795146645081	59.96174565510484	59.97439224510839	58.887927831114034	0.027488059386794286	58.87755115583894	58.89238583225927	58.90481511531731	59.90350877391167	0.0364590171610501	59.88327385181376	59.90750786974813	59.928697031635856	58.886725947753185	0.02747244507818385	58.876016836165036	58.89155354135785	58.903329863704066	59.958727369049775	0.02404504667655777	59.94957961370166	59.962348410090634	59.97323457918859	58.809413368495626	0.045163258686775856	58.78495727404488	58.815216053502	58.84178700719954
6690000	59.953423524017246	0.07014883684343753	59.93436660834314	59.99026249684627	59.999575245657475	58.958476189648295	0.019970692226237353	58.9533802772877	58.9619403641623	58.96876222248632	59.95865697472849	0.027361125199825618	59.94743651009604	59.96373084354332	59.97640226154855	58.888185050543	0.027487142861779792	58.87803009390048	58.892868475390244	58.90489703005119	59.903620692845415	0.039039243580665045	59.87953448410439	59.908873156185635	59.931721948316536	58.88691471380956	0.02737108528950609	58.87622873865897	58.89160673344501	58.90335757141017	59.95802108079949	0.026354435904330654	59.94955672485409	59.96243234443525	59.97401074580599	58.80979546077085	0.04500279449601494	58.78509337713751	58.81551765442052	58.84195812798908
6700000	59.956148425227155	0.06757720723288162	59.939798784008026	59.990843321433104	59.999642038837	58.958107609977446	0.02121620565100934	58.953366778918586	58.962000145282786	58.96867339592228	59.958111391756006	0.025322616071700308	59.94646208010597	59.96250734764904	59.97449828376782	58.888451296639225	0.02743065613191983	58.878916188458774	58.893115523442056	58.904998377487956	59.900947015970104	0.03940951576972607	59.8795303788003	59.90547260774674	59.928659943111846	58.887198683752054	0.027411707414428423	58.87630204669557	58.89175842646366	58.90369233738847	59.958020936937906	0.022021000870625248	59.94759106522269	59.960861031385306	59.9733737601674	58.81007748989758	0.04501862189484352	58.78522975669958	58.81559418439376	58.8420560250367
6710000	59.957981553068606	0.0647886297673774	59.941684569773734	59.992186712800084	59.99976896211351	58.95883912724829	0.02115835769710842	58.95436329152007	58.96233420734009	58.968820453944076	59.9597609816871	0.022430530588118593	59.947067766341895	59.96215624842411	59.97649875244191	58.88872595278665	0.02727471035668914	58.87897257090532	58.89337286242704	58.90502626765073	59.905407157088106	0.03683271728091753	59.88347045942871	59.90955817656935	59.931973043364266	58.8874051231251	0.027378910196053638	58.87641588632732	58.892136458541	58.903858068361544	59.95958548109978	0.02353961496899405	59.949301218430556	59.96298415363053	59.974714161751706	58.810603013015545	0.04478835444667048	58.78543005430663	58.81562095215151	58.84253959584221
6720000	59.960561817529126	0.061038756915879934	59.945483584935296	59.992297656366084	59.999695918845	58.958225905823824	0.020874750573033063	58.954232013428296	58.961732020721094	58.96865068493757	59.95976722581885	0.024008219314120397	59.94910090020204	59.963153237084626	59.976091790934284	58.888980658430505	0.027256119847151275	58.8789816704694	58.893487409438976	58.90521775373168	59.90650792992036	0.0361348844015651	59.8853856886788	59.90928754513348	59.93158876360651	58.887453870700014	0.028044267551592537	58.87676283583622	58.89238660510502	58.90432971584171	59.9585628075565	0.023394105415762385	59.94816864896794	59.96227548213521	59.973999289862334	58.81100800559572	0.04483305334444601	58.78555024878719	58.81567694383169	58.84299005329836
6730000	59.963270780237146	0.058779767980759706	59.94831395898797	59.9942786182144	59.999820323302885	58.95869121445036	0.018279533812874026	58.95357129096886	58.9620842335499	58.96873122354072	59.95972117223974	0.025701650683985153	59.94793478593863	59.964481198627794	59.97667427635585	58.88926983933106	0.027175886185581324	58.8793962573917	58.89367502101781	58.9052828782368	59.90527600964932	0.036899817626354366	59.88423716792318	59.908717905780755	59.930873941696696	58.88773006237018	0.028008354398018364	58.87714351751785	58.89247976939821	58.9049371428087	59.95875356890617	0.025940211560037715	59.94923731249978	59.963208296103005	59.97481310807423	58.81133508339212	0.04478957054868027	58.78592467052516	58.81600611449103	58.84352152640815
6740000	59.958901993118644	0.06688977121899313	59.947458568170674	59.99364730224012	59.99977699510307	58.95879425527555	0.017135020722195027	58.95313312546135	58.96170938164232	58.968260241025845	59.95798356270096	0.02424779661161561	59.94613729612446	59.961056350287805	59.974511951276796	58.88943218278337	0.027192029153319593	58.879432415151356	58.89389481451194	58.90532778997279	59.90341558045376	0.03779686420960103	59.88091049572355	59.90724905222188	59.9292250007118	58.888044923284426	0.0280283731900623	58.87729658383075	58.892825668814574	58.90541627471538	59.95778000675329	0.024337941662990185	59.94612970260642	59.96192193852667	59.97385429781279	58.81162348100725	0.04487308462833576	58.786065283533894	58.81643696196669	58.843640184940924
6750000	59.96016068457312	0.06545494350348686	59.946973326969655	59.99324926518827	59.99981028682007	58.958805448072546	0.01766376642988926	58.953199253186845	58.961442587248044	58.96831670398948	59.95881350207653	0.023656464023387735	59.94730971978708	59.962383059334435	59.975681335995404	58.88963908732866	0.027145743511302185	58.87945131180261	58.894050925369974	58.905547120632605	59.902400631081406	0.03882894798409523	59.880109877531986	59.90753154513364	59.9299865525525	58.888417726372296	0.027771330488699494	58.87754896398297	58.893524740026514	58.90551977143773	59.959317377609906	0.0219855592959578	59.9489038268699	59.96316560199838	59.973257880382974	58.81198471440967	0.044822089450856306	58.78634371782488	58.81662649334264	58.84376537024983
6760000	59.956369289475994	0.06872612451189751	59.94225693699729	59.99172877076728	59.99948088580281	58.95814475395435	0.01933944668941966	58.953368739026075	58.96102301296113	58.96795903566829	59.957727703468954	0.026236750935809034	59.94600095221149	59.96234164794626	59.97514430543224	58.88988081235483	0.026979915095778118	58.87948215375302	58.89417102840152	58.90579436002663	59.9024357227159	0.038083772337823195	59.880960314639154	59.905108140519545	59.9266511055583	58.888662863020016	0.02782424628860182	58.87770890717006	58.89405319544338	58.9056514049261	59.957891223536215	0.023424025654118528	59.94736506849184	59.96123276203653	59.972584071067644	58.81236167779555	0.04467167192733667	58.786426911205666	58.81684536081587	58.84377137970249
6770000	59.95551237633895	0.06684728444373196	59.93469263763568	59.9908945432395	59.999608366377586	58.957709018485176	0.02122870632173893	58.952575099270526	58.961090021575956	58.968448103898645	59.9582743492346	0.024974706525626878	59.94652046457627	59.96192993364475	59.97577476988275	58.89009761543328	0.026920106311717863	58.879653410640074	58.89420066351519	58.905965184934146	59.9030485696541	0.03892268561876839	59.878985570697445	59.90827386466678	59.92965088281837	58.888957373017966	0.027544085653804527	58.877925839859415	58.89428417170398	58.90600815506764	59.95922485347714	0.022729852869052845	59.949381250029376	59.963135252590746	59.97402771243467	58.81271352491827	0.04471175307871139	58.786452148996624	58.81810785399726	58.84398519245005
6780000	59.958781518564194	0.06364608184793494	59.9408787724174	59.9923650293493	59.99972067808585	58.95886030811244	0.018726227165174882	58.953681861259575	58.961157645791744	58.969131929513864	59.95905652084241	0.024807502114445257	59.94754708335909	59.962610496548265	59.97484061334906	58.89033452074189	0.02671455712267274	58.879780137332645	58.894551462565346	58.906236036648814	59.90583097674005	0.037802638717974804	59.88370952021047	59.90973596366253	59.93244183698665	58.889222692823836	0.027499346850903633	58.878361854665634	58.894683038443105	58.90622173966431	59.960626416536904	0.021720286954270255	59.94966460825462	59.963718402141275	59.974774098744774	58.81307849478153	0.04468823352009996	58.78823847861621	58.8184118060577	58.84467363740302
6790000	59.959461269274996	0.06316659217526367	59.945706546930545	59.99194018791175	59.99973283166484	58.95786474402701	0.020255547899651883	58.952667185366835	58.96096203413883	58.968170015502025	59.95782966982204	0.025784685454503315	59.94585635015768	59.9616971847706	59.97480483238513	58.89060250560989	0.02659364907548785	58.88005474429561	58.89473335907272	58.90654028781864	59.902052120403496	0.038682652115312105	59.880100805178806	59.90661875740952	59.92866129593414	58.88945033224315	0.027346570182960335	58.87869911268647	58.89509752278359	58.90632518841073	59.95869075069803	0.022626800061373666	59.948292902311124	59.96201594774966	59.972847393825155	58.81347163176989	0.04464068058618457	58.7884869415299	58.81855330746356	58.84522549421807
6800000	59.957884900164665	0.0675134732970337	59.946874202196064	59.993398690788005	59.99979377316502	58.95766880166676	0.020654441454577333	58.9524105782386	58.96108020958985	58.96827044272531	59.95897828770855	0.026780472441027273	59.94855278399183	59.9626715621868	59.975568575747324	58.890811706693604	0.026553647941306553	58.8801254351697	58.894837521501046	58.90659144115645	59.90502775408331	0.037680010099420416	59.883358701682326	59.90929964101784	59.93139958273728	58.88979817660436	0.027032349298041696	58.878771725635914	58.89521203665222	58.90646753424475	59.959246063048745	0.022586088987553866	59.948059899783	59.96235179075642	59.974611567415934	58.813754482366555	0.04470941985227347	58.7884869415299	58.81920908020336	58.845402875646094
6810000	59.95655364139423	0.06628486642901976	59.931333247984945	59.992050139081286	59.999713834451434	58.957902413913075	0.021157578286589044	58.95311127006641	58.96165665264742	58.96859812140091	59.95788035416184	0.025221194482216262	59.94714693618865	59.96244667615795	59.97449732105897	58.89114077710669	0.026324111701704227	58.8804689151614	58.894949786483956	58.90683420921839	59.90193259051737	0.03779482747283542	59.88243911954806	59.90439639192793	59.926078250550354	58.890086071649	0.027008081480818343	58.878990041435856	58.895320319155466	58.906728322269096	59.95770185164535	0.02345899712340035	59.9476135750938	59.960917071730265	59.972441697749915	58.814195768206154	0.0445451413786633	58.789112121133506	58.81952327329882	58.846278798540695
6820000	59.958346515432446	0.061195154671594254	59.9324711116226	59.99040649019575	59.99980601512532	58.95872202533562	0.017735626179592547	58.95423901465887	58.961683157112915	58.96820693832509	59.95938353709515	0.023579841599938187	59.94770009449117	59.96220981228343	59.975555263105576	58.891329805155415	0.026232123009605507	58.8804689151614	58.89508824401518	58.90724215612527	59.905416252309784	0.03756508392702128	59.881973935187716	59.908663287359474	59.93162359261822	58.89031739003457	0.026870899468042803	58.879054795037064	58.89547467914903	58.90701611295083	59.95846619819961	0.026040039450403216	59.950063855991345	59.96285761657674	59.97374050415917	58.81447772820887	0.04446193459677606	58.78949981070149	58.81952327329882	58.846346926227376
6830000	59.95767261740591	0.06527077658366597	59.93828071369522	59.99201141191806	59.9997535633788	58.95905697053213	0.018259256201282503	58.95374303364664	58.961912912323584	58.968746148716576	59.959979347794565	0.023743525419834384	59.94961889903622	59.96400100968283	59.976084928955345	58.89152188694838	0.026246532650670555	58.8805763333833	58.895190266377114	58.90745983404377	59.90716075948859	0.03526179762963212	59.886158003702036	59.90983974252575	59.931902648630285	58.890509898603305	0.02688696898794467	58.87918557311146	58.895572985093864	58.907159965062206	59.958958962110636	0.022320287677869616	59.94830046904009	59.9618699893987	59.97441380909676	58.81486289980434	0.04449641051427855	58.79022842701543	58.81985954201619	58.8471527397632
6840000	59.95981556505976	0.06162020763692567	59.93775029881858	59.9928634660736	59.999805254780696	58.959402026387586	0.015906818809413498	58.95415762478857	58.96187899497664	58.968324545119785	59.95797519093578	0.025896255235950006	59.94720014385156	59.96224299744139	59.97501462734228	58.891836103977404	0.026062316755193337	58.88137604666872	58.895452056749804	58.908103730209625	59.90308548562754	0.037902755117158966	59.879976754792004	59.90802778567754	59.93017105551836	58.89068077969619	0.026929550073560994	58.87952388528312	58.895723706745414	58.90724218877077	59.95758604683845	0.02545210916421862	59.94770322488725	59.96147884561114	59.97276747791931	58.81510470669178	0.04450904705387798	58.79048189294846	58.82022138906292	58.84738282542335
6850000	59.956857570368314	0.06555856493516848	59.93900529896221	59.991545420638985	59.999715109604836	58.95908961820512	0.018499280402331737	58.95401059561137	58.96210030745328	58.9686301751837	59.958526376359565	0.024278055769928957	59.946754071347115	59.96177752706305	59.9756187402224	58.89198973498748	0.026109057634385265	58.88145857044241	58.895452056749804	58.908103730209625	59.90236087083516	0.039137354035940056	59.87958322244517	59.9079962693263	59.92922726491816	58.89089748418102	0.02682419590678016	58.8799938453142	58.89591063399786	58.907268926783956	59.958326065906085	0.02273460243604072	59.947972694593915	59.96230384797465	59.97329914381868	58.815385904200795	0.044552032466251064	58.79181129409614	58.820326257647665	58.84754663731303
6860000	59.95823318339522	0.06372883797020408	59.94380278477097	59.99037547368219	59.99973473103062	58.958552402077835	0.021544487861170514	58.95480628333391	58.96200806045226	58.96852539717266	59.959208707704455	0.023031829789779166	59.94731346054621	59.96264281909183	59.974955746149874	58.8921977992888	0.026164238794717236	58.88155768292704	58.89585869430258	58.90829344237168	59.90353090945909	0.038045039133827535	59.882013206992156	59.90675375871385	59.93005315914899	58.891073924123866	0.026858240384400198	58.880126201181845	58.896023068252674	58.907534379078044	59.95950188288835	0.02246083060380266	59.95009127909559	59.96259649321846	59.97321952442914	58.815766568441944	0.04441990314002288	58.79204415749377	58.82037666969353	58.84848786483686
6870000	59.95725077500212	0.06702361254073169	59.94287727017799	59.991465388781805	59.999702862042724	58.959357841199605	0.017346596433279203	58.95468136070111	58.96205960367712	58.96807366124268	59.95837697120561	0.02589217104370103	59.946796831535515	59.96255715919527	59.97455513271302	58.89243687654343	0.02618674008657952	58.88194723810446	58.896040578329675	58.90885435963548	59.90588116325471	0.03652980968068869	59.882999094832485	59.910074618041165	59.93181408939064	58.89129227666474	0.02680287697501574	58.880400384253846	58.89635271406392	58.90769156843729	59.959310565701294	0.022809088402146765	59.948924561196534	59.962230632684346	59.97545450384805	58.816124832656676	0.04427371147869381	58.79232956026209	58.82088593836623	58.84854857976891
6880000	59.96044976963302	0.06434674685951956	59.95344116183929	59.99269526957935	59.999791030018564	58.959331821083964	0.017248061171255345	58.95430158694436	58.962262724106054	58.96876579621128	59.95866193253427	0.025324650893972983	59.94699331395513	59.96285617044805	59.975626373221125	58.89267088047864	0.026227182597152152	58.88218171011267	58.89645573528141	58.90933718934998	59.905030491467095	0.037910635511815026	59.883196943416436	59.90860459205229	59.931441772033764	58.89147047734379	0.0267133012405592	58.8806599317386	58.896435489023155	58.90774375709147	59.959361033860674	0.021284847397270518	59.9485402126868	59.962542379682674	59.973409996391204	58.81638876531975	0.04426360433325154	58.792559204324604	58.821613452470096	58.849355221708166
6890000	59.95566825685195	0.06543844166120731	59.93283545910035	59.99095494348771	59.999702437392955	58.959798845632484	0.016442717215037407	58.95316336098971	58.96240644976401	58.969230386742915	59.95873749072085	0.024705911483198825	59.946198780887705	59.96310952876536	59.976067627891815	58.892912681126525	0.02606620842877834	58.88250238288033	58.89660012445729	58.90943118262406	59.90388894009399	0.038549099882426045	59.881903080223296	59.9072403907917	59.93120910898127	58.89168036511204	0.026684051679699228	58.88131469207837	58.896648947105334	58.90781069118107	59.95808642839884	0.02333060116853079	59.94684167690987	59.961678081563996	59.97328701603141	58.816858021966986	0.04424567173261797	58.793059924787585	58.82206532738851	58.84939179517018
6900000	59.95877905495479	0.06511241558986765	59.942553602325084	59.99229213004339	59.99975889451977	58.960045277261194	0.016399773631986615	58.9541698271701	58.962728475458356	58.96908189630531	59.95905410247138	0.02666778792974711	59.94795027007642	59.96328287429906	59.97553935697002	58.89322959184426	0.02602989019812572	58.88299566567829	58.89673832222124	58.90961590264916	59.90467671420991	0.03922942341146217	59.88321182927178	59.908853832697545	59.93242318322257	58.89195036328934	0.026588048831463755	58.881441643359665	58.897245634021004	58.90789414929411	59.9602844087525	0.02044350008397628	59.950073209402746	59.96278036797074	59.97456847837971	58.817164144197726	0.0442352482938911	58.793325076806575	58.82254312359589	58.8495442195627
6910000	59.96379344170232	0.05808029147304338	59.95399064524307	59.99357110140227	59.99981453612385	58.959126646417566	0.01961005917723084	58.953091748537	58.962244195107445	58.96900459349464	59.9589035309996	0.02521371744139246	59.94862314218591	59.96244384933562	59.975094892087	58.893469222349275	0.025884187761723854	58.88313346399774	58.89683328400328	58.909854046333464	59.90419999112975	0.037461961975069284	59.88202062331606	59.90808038813682	59.92972429440964	58.89218588910336	0.02662744961996996	58.881547971662336	58.897443141705764	58.908093334179796	59.958068007594854	0.024067112139408244	59.947128805143194	59.961844092770114	59.97317929940133	58.81747073779966	0.043980546066755874	58.793469182773336	58.823126974140294	58.84942978594475
6920000	59.95523367341558	0.06905318134693415	59.93342723029683	59.99258983350076	59.99969988072396	58.95924636872846	0.0200312997507889	58.95409561878388	58.962498344322896	58.969861233985256	59.96062104926791	0.024900890159964727	59.95001956829459	59.96485819733524	59.976997897412105	58.893692480248454	0.025850823417589732	58.883885617842836	58.89698907872067	58.90987233520927	59.90499690332117	0.036776841079846065	59.884543357929616	59.906354316912896	59.930547796230805	58.89245801925668	0.02654476631070136	58.88174949008817	58.8975734830721	58.90839517874226	59.95906402045243	0.02507615911730922	59.94912615212877	59.96347806952619	59.973959081401546	58.81780899627428	0.044018818660811365	58.793735415217654	58.82344762775949	58.84955055867105
6930000	59.958934228658265	0.06545258134688968	59.94482904194891	59.99221657749907	59.999741007483465	58.95939727542409	0.016605444177445205	58.95355972560776	58.96198666363972	58.969437179261604	59.95857042985229	0.023500433784090752	59.94630214239294	59.962746590965175	59.97443128929947	58.893950411579844	0.025868977549092512	58.88402126271429	58.89718591647738	58.90999818307836	59.90351613637182	0.03564159811672004	59.88131761408381	59.906403793807925	59.9295437426607	58.892696913304206	0.0264937564752876	58.882116789351	58.89777180889392	58.90865283352578	59.95820427559405	0.021450971813382895	59.94764378715449	59.96186941938473	59.97171946579568	58.818163932980696	0.044004046370093516	58.79414021786664	58.82368145653638	58.84984471072063
6940000	59.96168652688385	0.06601223510278711	59.951114387040924	59.99401721648041	59.99978956108805	58.95946352172899	0.018739747546456048	58.9547732980424	58.96213494833082	58.969420673202336	59.95922378659841	0.025099567768260674	59.94718891918235	59.96362974538934	59.976279830249524	58.89419038839414	0.0258845285840739	58.88435065917737	58.89729056566064	58.910186713905205	59.90319029145178	0.04168639180259703	59.882934896909674	59.90891738255204	59.930526780414596	58.89293050537014	0.02636699497452282	58.88236338205683	58.89792160662011	58.908940940214876	59.9575747315939	0.025947962019686632	59.946826883534726	59.96182150136217	59.97454072503792	58.81864710505438	0.04395730019697707	58.794866035158066	58.823983645132074	58.84995862197732
6950000	59.9581599559016	0.06562461279419891	59.94359070874108	59.99187840234163	59.99973398016671	58.95979986503161	0.015736315505461153	58.95338451944942	58.96259292442441	58.96916796780977	59.95829058756043	0.02724496952275413	59.94728129591737	59.962555083021535	59.97523589622293	58.89435746731914	0.025890368033689548	58.88449521229059	58.89775156729042	58.910186713905205	59.90537021265545	0.03858706452425209	59.88370745097034	59.90930546286399	59.93043373479165	58.892932731701755	0.027501691808068045	58.88249522538983	58.89796472234717	58.90922534717985	59.958815110503664	0.023766532854108943	59.948804420473735	59.96254614095618	59.97328986356784	58.81888469550418	0.04402479143586806	58.795078062362315	58.823983645132074	58.850305540442555
6960000	59.958245765691835	0.0662959954897233	59.94392988863708	59.99231141992381	59.99975189180326	58.95943388325216	0.017164323002301914	58.95371875144669	58.961677918782286	58.96899712669652	59.957544713511005	0.02700554809146853	59.94600199855569	59.96145592770391	59.975081978319594	58.894523781601606	0.025902038765909692	58.88471216855733	58.8980345897599	58.910435363794555	59.90342653790451	0.03685494088968304	59.88231860682702	59.90467240992309	59.92947973595214	58.89315729243597	0.027316725545576452	58.88259040284919	58.898339489069556	58.90931705789841	59.95802178445718	0.024443294206567257	59.946713169606795	59.96187882857319	59.97388829836719	58.81934879766323	0.04403574594201236	58.79589538305825	58.824953115963254	58.85137715672075
6970000	59.96124394415595	0.06278966467282203	59.949964525891374	59.994526659710715	59.99982548847606	58.95972853158476	0.015357896201535414	58.95371583197938	58.961959585172174	58.96924118605905	59.95870630311821	0.026353277956941104	59.9479233523574	59.962357715541216	59.97587854083909	58.89472819655363	0.0259210398868099	58.884843839768116	58.89842198773496	58.910519041449014	59.90501849223514	0.0365749760140259	59.88413690935226	59.909569799354905	59.930133733308146	58.8933785710085	0.027279064809902283	58.88268534219344	58.89840229865964	58.909960784901195	59.958149252293865	0.024747732481345354	59.949043480164164	59.96231287382008	59.97332456015631	58.819650935712836	0.04408260115129442	58.79644501677719	58.825052202958595	58.85149024260444
6980000	59.958712874638096	0.06461702866878638	59.940855432298356	59.99310695897029	59.99980123320479	58.958576471521056	0.020463947930248676	58.9530907976806	58.962151211761466	58.968321020017605	59.95867688517922	0.02628898767298988	59.9483976972962	59.96211366482604	59.97550887007935	58.89500312910351	0.025910326074128236	58.885363765269915	58.89852515488891	58.9106417249802	59.905195347989896	0.036850648942161085	59.88217851319173	59.90904085294751	59.93270402369406	58.8936272063602	0.027123115889294943	58.88306073487084	58.89845122403978	58.910081434055904	59.958820260213265	0.023826924317039512	59.95009284455943	59.96270009480672	59.97383698379624	58.82005720961393	0.04389070667500304	58.79674580761363	58.825496906856294	58.85220137551782
6990000	59.959862969321904	0.06429265010403384	59.94776410253384	59.99309513945202	59.99973905546877	58.959657540960144	0.017008975632107168	58.95458947018618	58.962466489943004	58.969163814718826	59.95878373071507	0.02499653288734959	59.94685012618078	59.962088471223126	59.975360032756996	58.895293838910476	0.02570718031578713	58.88582816828441	58.8987984103699	58.91077730178445	59.90472653005495	0.03686237735285383	59.882754122427066	59.90818840677184	59.93087317981131	58.89381747257353	0.027099359436979747	58.88306073487084	58.898681846733815	58.91031120125558	59.95775320134052	0.02545188490003808	59.947217792402775	59.961432964527376	59.97404780952895	58.82042143860585	0.04398415004578567	58.79739433897548	58.825963834716106	58.8526955362131
7000000	59.95932532942376	0.06336815224424851	59.94376488377696	59.99288507253203	59.99974334335432	58.95897686986583	0.01989264009755179	58.954167137452856	58.96253119045798	58.96862255673623	59.95878874140931	0.023346512671404918	59.94844044736064	59.961545938129554	59.974296161876694	58.89555833795931	0.02568303645160787	58.886208975185525	58.899022246535154	58.91089726362075	59.90318603964631	0.03714791470577042	59.881305518839135	59.90470935363298	59.92895297903275	58.89405489588051	0.02712345096953851	58.883270565515566	58.89899416293751	58.910617519668364	59.95808389094553	0.0224819166309361	59.948573256535056	59.96151252386211	59.97195414399026	58.820820844979146	0.04408505567821487	58.79739433897548	58.82678787311187	58.85309833877428
7010000	59.96155902417304	0.06268180559885031	59.949411854602246	59.994554691580134	59.99986010528211	58.95885179197125	0.019361396498370053	58.954415463941814	58.96252477871129	58.96863275073921	59.960015772112136	0.02305507039087817	59.94927147540477	59.962735472769275	59.97441315030033	58.89577635852498	0.025633196703903856	58.88636037509103	58.89912872047784	58.91102743549769	59.905620454395546	0.038509579365289016	59.883015977411915	59.90956531379306	59.932117872660825	58.89414838302473	0.027759288436991176	58.88391607219078	58.899273649650766	58.91071259658079	59.95882207999632	0.023845122274989056	59.94869966093647	59.96213400202123	59.974040791963304	58.82112126030313	0.044100975793597945	58.79752539518842	58.827325667977746	58.85323825106309
7020000	59.95618811554861	0.06774726047954228	59.939195691608546	59.992738915057345	59.9996389610403	58.957966427456384	0.020859543234733754	58.953353041895824	58.96144004342533	58.96873252188844	59.95758811129139	0.026970844340936453	59.94474837915975	59.96215171603414	59.97525043981091	58.896040304599126	0.025539906601090418	58.88672126395146	58.89923562766948	58.91124389050887	59.90342001948013	0.03864764084491316	59.87838079531874	59.906813958241514	59.931628640240305	58.89440623652625	0.027793251867127396	58.88463695587278	58.89966142119559	58.91108016624097	59.95926053573173	0.022864005599622345	59.948163271826765	59.962564546676376	59.97475803104666	58.82139786881452	0.04411353313661065	58.79752539518842	58.8274640466016	58.85337475804811
7030000	59.9546080101384	0.06647655900998692	59.93294684792698	59.99107810695973	59.99969346738736	58.95810072699176	0.019985979274634517	58.95360419996945	58.96199821802891	58.96808185229165	59.95781746040666	0.02706571025710975	59.94752529618782	59.96181522216633	59.97547941128194	58.89623144204149	0.025535946711363906	58.88703766864037	58.89962205467347	58.91141402389447	59.90303735254042	0.0371673700856476	59.881266280025244	59.906857571598074	59.928364280810605	58.89470136288065	0.02781281718339339	58.88505399930341	58.89980054784071	58.911151489523924	59.95741368611802	0.024763320005650454	59.94643598055237	59.96202569376673	59.97403537494867	58.82172902701914	0.044161298805232875	58.79752539518842	58.82764974123013	58.8534283246813
7040000	59.96009297937547	0.0663188302146349	59.94754361508441	59.99247376007384	59.99978345181847	58.9581585176454	0.01960528824018208	58.95332267386363	58.96117157289849	58.96829695010648	59.96015312238964	0.023230555435005382	59.9495779145822	59.96383572373939	59.97678583636926	58.8964550129962	0.025475570637429296	58.88725065249212	58.89969048687901	58.91177605564625	59.90414424046331	0.036762208559920316	59.88418956294744	59.907216478694956	59.93046397054001	58.89487314069803	0.02781714784658556	58.88526944768591	58.90003911049328	58.91125534106672	59.95949707135979	0.022113188758507422	59.94911274679978	59.96309963530837	59.97420217631667	58.822022822809565	0.044287142083552916	58.7977800191244	58.82831683688987	58.85389731722432
7050000	59.95768430171425	0.06494784092898723	59.9440803865699	59.99120801318263	59.999713809697596	58.9584011049034	0.01864997951737425	58.95313370653287	58.96146006395223	58.96836990014252	59.9596637741516	0.0234502857847868	59.948126060535735	59.963152903558054	59.97583092942363	58.89668249545563	0.02533066701840159	58.887626475511674	58.899899847689596	58.911825229710516	59.90451680725026	0.037725927634534376	59.88327087605899	59.9079270951403	59.929825072354184	58.89505474379042	0.027768721896597747	58.88534690647511	58.90014745734149	58.91125534106672	59.95976414947902	0.02205299223055658	59.94855712461964	59.96271484463951	59.97548282506778	58.82230879744323	0.04428935974604484	58.79785556874128	58.828429789413086	58.854064028986585
7060000	59.95868838457179	0.06519638002530556	59.94049493796006	59.99206600240141	59.99984190853134	58.95846999257441	0.018011014243685432	58.95242352691079	58.96133065562664	58.9687239048413	59.957637481493634	0.026795935827759555	59.94527533234936	59.96242564522389	59.97660929476009	58.89693962500272	0.025338103120483915	58.88780535559527	58.90015272108612	58.91211559348174	59.90563048283184	0.03841404718197164	59.88033984475249	59.907723836260445	59.93420487187815	58.89528562138851	0.027524206056834866	58.88545775780926	58.90025203200294	58.911485350093706	59.95805393141704	0.02554090117462115	59.94811388007887	59.96285608430915	59.97384074645639	58.82275081380656	0.044121503413756986	58.798180381931225	58.828732551179954	58.85420885530704
7070000	59.95475417428023	0.06859908787670951	59.935751133990124	59.99143738195786	59.99969024656351	58.95846216323388	0.018325813023628394	58.9523267139043	58.96121999912482	58.968927096525064	59.9576892088051	0.026833067426936696	59.946461857777024	59.96138748079278	59.97608433697788	58.897218515769275	0.02495398880785491	58.887921660220364	58.900290233359456	58.912308821989384	59.902883631138415	0.03797671090308665	59.88135552052779	59.904595826061055	59.929779237802826	58.89546000483441	0.027353612961850196	58.88556447527899	58.900295647981864	58.91153204756334	59.95849497840338	0.02572376556053477	59.9486795150697	59.96248373429863	59.97368636793383	58.82318689763994	0.04406341351915953	58.79932904213018	58.829052077978304	58.85450977257337
7080000	59.9620721963932	0.059804256320223195	59.94537887837005	59.99407210272562	59.99973255021267	58.958235910323864	0.016939277814922722	58.95288114589385	58.96122007607705	58.96761725418053	59.95789862115194	0.02578139438560366	59.946591088136586	59.9621757328032	59.97440348791669	58.89739356992773	0.024952046357879863	58.88792769628115	58.90032151344659	58.91236390880776	59.9042469901321	0.03638059174666893	59.88331264816158	59.908326167099496	59.92920042389554	58.8956579747119	0.027388843928823035	58.885879353477236	58.90055401893775	58.91179934639279	59.95749305039634	0.025216141891965207	59.94684539166795	59.961890645956686	59.97337245806291	58.82348211324209	0.044024843719005585	58.80029280287687	58.82953999164644	58.85476622893468
7090000	59.95942837075868	0.06636751595467431	59.94120853289386	59.9926332340607	59.99976137505765	58.958754485449326	0.017062941899165303	58.95312393990713	58.96192228025133	58.9680723566684	59.959264334125436	0.023804801197074673	59.94714547087017	59.963078260724046	59.9755131831195	58.89764576404679	0.024718072915090063	58.888201648021905	58.900527049750835	58.912622062769074	59.90363308851003	0.03950054318832452	59.881203376316066	59.907693992049204	59.93130745867379	58.895896411068065	0.027162265727540574	58.88617093607493	58.90068279522385	58.91188043263023	59.95869063022422	0.023256259754164874	59.94797313168403	59.962352535496294	59.973640405359426	58.823881874078964	0.04406198706998159	58.800560970857035	58.82978267629119	58.85529320338986
7100000	59.959855820372	0.06267249262880625	59.942790287984856	59.993428476710534	59.99977834337037	58.95938976913798	0.01555875665201239	58.953569261024555	58.96125974301088	58.968549281058756	59.959550993928296	0.023718744607855894	59.94903160505224	59.96349853828922	59.975747403132104	58.89789640379062	0.024549773811848336	58.88861510562994	58.90062899740988	58.91282897713816	59.90423904975207	0.03832305144019299	59.88231461796454	59.90970147790822	59.92939726745516	58.89605319216618	0.027196663580009092	58.88617093607493	58.90085405037365	58.912217249460205	59.95938616320233	0.023643531286285914	59.94905196269159	59.96336644922804	59.974347280147505	58.82430438333304	0.04400751196092918	58.80100804583187	58.830145803934144	58.855584067856995
7110000	59.96065055710598	0.061895996780145554	59.947269057645336	59.99371719363894	59.99975089301435	58.95877830029269	0.0193910212149496	58.95407246230014	58.96114753619309	58.9678217707777	59.95822630919479	0.026535016016347886	59.947361409099464	59.96295557332117	59.97444863831268	58.89807862378127	0.024527997996968875	58.88864818503139	58.90099163846048	58.91285281319247	59.90598814141684	0.03499980885417709	59.88492188909632	59.909128969458145	59.9312191762813	58.89631439753859	0.027109627857737906	58.88662062150471	58.90100783536501	58.9124568331156	59.95871133709596	0.02453972785652652	59.949217391463485	59.9625204332941	59.97358707212572	58.82457607669896	0.04396472693376883	58.801402410965885	58.8302975418469	58.85564131505239
7120000	59.961971830721424	0.06305936128292147	59.95249926257469	59.99516681083791	59.999891676668014	58.95867398437648	0.019365842415996436	58.9537546709619	58.96145122047038	58.96867385205158	59.959055199711784	0.02377014873078773	59.94767648578558	59.962509654123814	59.97495880898504	58.89830322331428	0.024479383645317848	58.888684279794184	58.901060718788365	58.9130140941414	59.90492439097308	0.03837068161385878	59.88518607877309	59.909199020427586	59.9311569583206	58.89652296218928	0.027103179407001406	58.88665822941596	58.90109221702589	58.91264676058219	59.95890592326729	0.02437479086394718	59.94946774862511	59.963484017803424	59.97426843448986	58.82504364259162	0.04376206899118371	58.80272470890784	58.83059912573228	58.856715578250615
7130000	59.960858149160714	0.06458542575826197	59.946272799915164	59.99419056488027	59.99974683750518	58.95852766852801	0.01904653519659697	58.952772971592644	58.96130700779519	58.968941617478905	59.95914724274934	0.023271079714412123	59.9478127421565	59.96282763714877	59.97576370232707	58.89852152465039	0.024387817567725335	58.888684279794184	58.901301373940285	58.913210298310354	59.903888995982484	0.03835615454825427	59.88278244501036	59.90753537586983	59.93054580184672	58.89669861511001	0.02713532529966417	58.88687125607432	58.90121229488865	58.912796498446184	59.95884932618387	0.023549427421285584	59.94899822292658	59.96250263441213	59.973918919937326	58.82540755410254	0.043615444245924936	58.802926442293916	58.83099746506439	58.85673234283566
7140000	59.95876819382242	0.06739981790309281	59.94944060041868	59.992537106797364	59.99983611128207	58.95985600830893	0.017041765563659696	58.954348822385214	58.96249459093259	58.969454623356114	59.96012107863933	0.022254972268868325	59.94803212152699	59.96304031795748	59.97628302562437	58.89882166596387	0.02431840192121272	58.88882132709665	58.90182966244494	58.913497708408116	59.904821853867766	0.03665531086732084	59.88343980681595	59.90888859335507	59.92980884051883	58.89684023620617	0.027115856366883604	58.88687125607432	58.901628620175615	58.91304042384344	59.958637607455174	0.02378195148113056	59.94785710985108	59.96209005101568	59.973958341387075	58.82579568076662	0.04349137617788236	58.803098414497235	58.831437488333805	58.8574350186164
7150000	59.95899592928209	0.06480625661019011	59.94367093394975	59.99174735954193	59.99970702786533	58.95858612882689	0.019772335526650017	58.953167863879045	58.96180522576621	58.96908691890755	59.959390529583416	0.024203790887206984	59.9477592331553	59.96330182612766	59.976270030706814	58.898846438849766	0.0250335981356269	58.88882132709665	58.90226407470758	58.913617119298515	59.90452246558512	0.03807805427691358	59.88291098691096	59.9085784356835	59.93155619868746	58.8970824106262	0.027080881081574772	58.88708158868647	58.9017083217763	58.91332292622772	59.96024853211094	0.022069339872965592	59.95077683850552	59.96348010968875	59.97497486149177	58.82600023353147	0.043531649037393844	58.80340248780457	58.8314941338739	58.8574552967672
7160000	59.96139520574513	0.06112473111372818	59.948886146717705	59.99213146327419	59.99980037645347	58.958195316415214	0.02084602697181555	58.953347681212634	58.9617414850522	58.968660891144	59.95789261848774	0.02643254822869713	59.94703527349897	59.96199028478465	59.974592097454746	58.899036305611325	0.024984085130260195	58.88885978256583	58.90261588934114	58.91383370908275	59.9043284791882	0.036383272401092646	59.88265434532069	59.90591079055809	59.92984334764502	58.897335684363945	0.026975250798475077	58.8872452484879	58.90183755141037	58.91359101922756	59.959407584248446	0.021818869392225774	59.94912014419028	59.96255661507566	59.974072690439506	58.82640609253032	0.043579667960648924	58.803713656285204	58.83220462519992	58.857954319413736
7170000	59.95790066419907	0.06697817380655766	59.945465294986995	59.99322623882385	59.999852817214745	58.957861237304755	0.020650975395967112	58.9528496752925	58.961535118905275	58.968475337812166	59.95858505845296	0.026181155272680303	59.94759924422099	59.963616277655035	59.97563692807889	58.899318459893415	0.024937573809041765	58.88959616997251	58.902822329889815	58.91474976249757	59.903479064928696	0.03779560958820089	59.87975103506758	59.90644106767663	59.93142931254137	58.89754042138795	0.027001790334782234	58.887361716724946	58.9022045912419	58.91361848885683	59.95868993408649	0.022962780356799783	59.9467195521934	59.962594417344384	59.97458016468684	58.82665485708755	0.04360235646469666	58.80389437892438	58.83220462519992	58.8583616805481
7180000	59.95492025458612	0.07000231983546101	59.93289693214295	59.99134253824005	59.99981754395254	58.95889730537854	0.018064692867002748	58.953706534001014	58.961893511039506	58.969165010974365	59.95848041527859	0.026104414791631277	59.94803942336321	59.96241570735934	59.97538961511952	58.89955055580265	0.024885316166691054	58.889792088828244	58.90313253585177	58.914876980122564	59.90321997719258	0.03848685373681543	59.88267237690549	59.90722277933847	59.93041302612719	58.89771443879461	0.026955524868109815	58.887565698569105	58.90223867555213	58.9136483966992	59.95816279903698	0.02444061699413517	59.947648049883554	59.96162782755592	59.97310010160077	58.82693626270233	0.04357512380347067	58.80428552984002	58.83220462519992	58.85867723858678
7190000	59.959585873051346	0.06395281942797977	59.94536951615971	59.993813485168104	59.99974972859758	58.958936605424874	0.017943612012641698	58.953255497564754	58.961811410507785	58.968764572827915	59.958892518826744	0.026364913431622946	59.94772509910223	59.963397613492994	59.975875852725885	58.89956616058703	0.025741965976392875	58.89000256100341	58.90319285262725	58.915039602207244	59.903905012121996	0.03954243940095661	59.88196333283176	59.909716812914404	59.93036427823094	58.897893655412425	0.026957208414507175	58.887849891842116	58.90225964422588	58.913773775468904	59.95805452208656	0.025347314547012684	59.948664012019016	59.961948019888965	59.97391767316621	58.827286081694496	0.04352049687550116	58.80428552984002	58.832440028576414	58.85892648289084
7200000	59.95883725753824	0.066438832688086	59.94594488342322	59.99242591257054	59.99977505436632	58.958584527893905	0.019941833992919083	58.953881862407336	58.96202883967767	58.96837129285995	59.95779365666999	0.026566833492136576	59.947108016390544	59.96312557222184	59.975117030294456	58.899791555739085	0.02568645842264936	58.89023818785013	58.903239693976786	58.91527989116309	59.90208740992661	0.041188922403298016	59.88038207669725	59.907343280492725	59.92899843965189	58.89804059043605	0.02692605157651777	58.887849891842116	58.9027704937309	58.91379404439384	59.95855780815967	0.023316219776996078	59.94857572114529	59.962530714122856	59.97335826546582	58.827511788464314	0.04351201723086635	58.80471307937958	58.83250946790379	58.85946166537416
7210000	59.96120612078722	0.06348215741313797	59.94887264807324	59.99425395277332	59.99975835630194	58.95875999123442	0.01907275751803266	58.953216926900524	58.96208936484526	58.96914706420208	59.95902205728217	0.024936150713650095	59.947616811440206	59.9630807333578	59.97636029086077	58.90002885762226	0.025433757495651473	58.89027675000057	58.90351728759967	58.91543086724608	59.904612802338946	0.0375810034994572	59.88559361273561	59.908633534017895	59.92941838389137	58.89826675001163	0.02692538237146327	58.8880906175685	58.903045743015625	58.914238138064434	59.95948777637787	0.024197830554808293	59.94939628931025	59.963411590127066	59.97433987921066	58.8278079376675	0.04331418280598076	58.80512909449497	58.832535757378295	58.8597559944247
7220000	59.956206565123146	0.06818159180551707	59.93925401367049	59.99094279265298	59.999723770061756	58.959241192615096	0.017993445763762047	58.95413799304041	58.961930258414824	58.968972326575695	59.958191697186095	0.027863183154251674	59.94783892244817	59.96281699515123	59.975090465970325	58.90025985787005	0.025295121895131632	58.89035144390847	58.90373892438191	58.91581615348429	59.90381420665786	0.03836132193564435	59.88130463179718	59.90858995651176	59.93153441946393	58.898525364517226	0.02697071548305643	58.8883119752011	58.90342417751824	58.914321212483856	59.95843262626608	0.02625097403524667	59.948089597810366	59.9632949666082	59.97430518738621	58.82813610368092	0.04331880740282598	58.805746750219	58.832835211367964	58.85976078774394
7230000	59.955206437614116	0.07072559816181084	59.9384834841903	59.992282605856744	59.99967093482395	58.96013684730131	0.016429914423028442	58.95488790836906	58.96235278957792	58.96879859561038	59.95927820589139	0.023654701796383366	59.94805748938086	59.962162316379015	59.974965091879184	58.90043299749972	0.02526735891243139	58.89036727088882	58.90393330323802	58.91609378926953	59.903592391373856	0.03902009036292797	59.88063180706425	59.907482513408226	59.93199512254596	58.89875018479972	0.026868500545337456	58.888675476572395	58.903814753139706	58.91438366798806	59.95918592671345	0.021667437523546485	59.94767184817562	59.96271181647985	59.97394549707906	58.828438774344164	0.043239760100308014	58.806087787989924	58.83326319046398	58.860047788898434
7240000	59.95911694495132	0.06709797381849754	59.94355824978017	59.993994868573594	59.99971796422869	58.96008557973222	0.016269923308575532	58.95477684360669	58.96259566720343	58.96900576735676	59.95871277237381	0.026154003855898618	59.94745167706082	59.963509295760865	59.975081762909156	58.900649972075996	0.02524902895697799	58.89060099004728	58.90401551079604	58.91653212043607	59.9031193583573	0.0396117033717552	59.88189867663116	59.90752459511405	59.93065106957232	58.898908460476115	0.026746455490194557	58.88883442229732	58.90396559594939	58.91463162120142	59.95913409841144	0.023266537856118395	59.94876909459121	59.96294147754557	59.974429702433625	58.82887531722055	0.04316410657348964	58.80692803638547	58.833653355953516	58.860268433929
7250000	59.95929672653292	0.06271651068613224	59.944568195782	59.99222617596484	59.999739190152354	58.95887764931966	0.02033613234689119	58.95380558295215	58.96237288401744	58.968998077151994	59.95741910582276	0.02588361820676428	59.94569515286639	59.961433065229414	59.9743093622503	58.900802349044724	0.02514530903674986	58.890983668787854	58.904336119822176	58.91661956683467	59.90279177977662	0.038029693651809554	59.87996375696399	59.90491282036609	59.9310392173669	58.89907491707812	0.026738956694440433	58.8889677013994	58.90403524680754	58.91487540308372	59.95763728155486	0.024869090782829353	59.94752084793169	59.96101190624434	59.97374430737448	58.829256202638675	0.042982616770062085	58.80728708340709	58.83401935550856	58.8604428546318
7260000	59.95943937949102	0.06331571472818623	59.94565279272453	59.99300082610698	59.999732671481446	58.95950240885987	0.015784783805136118	58.95300572984746	58.961797381394064	58.96913327889176	59.95898543381216	0.02284037565125356	59.94728080629183	59.96214391953137	59.97519430685165	58.901103126686266	0.025031645493958882	58.891212024943115	58.90442569606505	58.916852999299934	59.902577820486435	0.038372991578404826	59.88113107067778	59.90618701187627	59.92913557581616	58.899327075355146	0.026574099507541152	58.88924652913933	58.904107461435494	58.915039531391244	59.95782792258041	0.02476117064528425	59.946013414534875	59.96186941794494	59.9735325202578	58.82942955209847	0.04294631975532675	58.807488094772516	58.834416229910055	58.86072807366206
7270000	59.95767023901398	0.06380722721813904	59.93783759120835	59.99211481653881	59.9996705054275	58.95904206013485	0.020212782533489338	58.95447863277139	58.962340714635516	58.96870606718723	59.959770077479575	0.022615862108029173	59.94783050026976	59.96335345310129	59.97602813207083	58.90131013430568	0.024922420176546903	58.89154902425369	58.90452972816782	58.9168782191087	59.905357747203524	0.03747244867707391	59.884602088814844	59.9086496111438	59.93034517108203	58.89949461367863	0.026617772703654344	58.88973076062851	58.9042412945538	58.91518647579868	59.960097307626846	0.02119900876318241	59.94969502255625	59.96303147675626	59.97454545497308	58.829761266259425	0.04285709763388083	58.807632620183156	58.83482354411922	58.860765189639096
7280000	59.958090588303186	0.06478713197080725	59.943370334314146	59.9913326236497	59.99963883031727	58.95868689243377	0.02038739594184269	58.95489474553056	58.96210204470709	58.96877126622393	59.95876932840139	0.023810214300482448	59.94709347749511	59.9618081008175	59.97420947685518	58.901496035311425	0.024901928652027974	58.89172482211011	58.904557150893424	58.91691099521616	59.904881358540806	0.03787655040403648	59.88149343251695	59.90783071908788	59.93155532705579	58.89967351077537	0.02659509259428389	58.889988001035285	58.90441513734056	58.91555987338968	59.95857912668816	0.024631042299303695	59.94840069493546	59.962502485713095	59.97424331748664	58.83005824249294	0.04289337757509564	58.808243624225256	58.835324308760775	58.86087737426063
7290000	59.957784619647335	0.06669224474772535	59.93870960702846	59.992658586001525	59.99965478643624	58.95796014730637	0.02114940057763735	58.95351082393448	58.9614070916699	58.96831094042098	59.957403612091646	0.024653731591799385	59.94635820002611	59.9615700457774	59.97382790903289	58.90169408527438	0.02490491433208791	58.89201312321049	58.90480011212588	58.91694544610265	59.90195753309735	0.038440068709333565	59.878357452758735	59.905195478409425	59.9290067230522	58.89988583860171	0.026548608443618733	58.89024717315391	58.904549294547266	58.91558565417607	59.958858425583486	0.022112167041975325	59.947392543943636	59.961723662653185	59.974223511263624	58.83050289507302	0.042782014207989945	58.80879880426638	58.83634447250848	58.86123681415051
7300000	59.95959081870377	0.06587989371579965	59.94831020327203	59.992332956451534	59.99975277590242	58.95799820631714	0.020802893112356304	58.95374837767008	58.96164705318742	58.96814963600768	59.959223029934954	0.023821624112657494	59.9473682675846	59.962720047561675	59.97534216805582	58.90189213828899	0.0249033274917406	58.89280762017861	58.904901643953096	58.91708955238178	59.903040789632605	0.038319978325939696	59.881629879537684	59.90535481286677	59.93146756453669	58.900097763081064	0.02650342110958423	58.89050971233502	58.90494399046202	58.91572037324611	59.95786825384899	0.024293584877456108	59.94821572389379	59.96124120380883	59.97322197550958	58.83101947904761	0.042779971187382755	58.80923374243352	58.836722610968984	58.861472790316455
7310000	59.957883814341145	0.06593967616415304	59.93942551748016	59.992887363753084	59.99985292453354	58.9586604672967	0.02014479993951396	58.954126627863296	58.96200322496399	58.96868415434149	59.95954652731016	0.02439403011864459	59.94803519316372	59.963452022000396	59.97589133038107	58.90203437075008	0.024890856047019704	58.8929870339573	58.90490898711495	58.91713772535778	59.90560447989468	0.03962332173517915	59.88245303843692	59.9093816777781	59.933925301061514	58.900295033776494	0.026395160782613416	58.890577785732646	58.90505507723	58.91584181208599	59.9588396378861	0.024618427037294163	59.949047381818396	59.96194535667903	59.974126471350644	58.831497377118964	0.042767611446242526	58.809597837632616	58.836986364751795	58.861928980497396
7320000	59.95931397084869	0.06279865576583317	59.94499614357702	59.991324966242416	59.99971603328068	58.959008689781214	0.017597732776846894	58.95304085412161	58.96191914766233	58.96883726112179	59.958467414717354	0.02578835425937718	59.9467200526172	59.96209394058427	59.97566895388144	58.90223345064549	0.02476631835845146	58.893066886832585	58.90530366064918	58.91727772554064	59.901751364976995	0.0400720703340954	59.878448406588205	59.905743930593516	59.929869569833784	58.90046529641233	0.026415024003335168	58.890624715889004	58.90513714672778	58.916054475928114	59.95895795799069	0.023920339288726236	59.948928043217606	59.96285150874077	59.974166461990066	58.83187738137245	0.04264074379799135	58.80976634263445	58.836986364751795	58.86234019522252
7330000	59.95702910501035	0.067201094503183	59.943135463967	59.99287115043432	59.99977455081989	58.958484533739416	0.02082876937980308	58.954016853302676	58.962170477052474	58.96892295223982	59.959240051305635	0.025384211959222174	59.94747704402063	59.96296774259102	59.97584176942144	58.902468374352075	0.02480073015715765	58.89325722331072	58.905458616753904	58.917380814519014	59.9052043606397	0.03704820328784468	59.88397392123028	59.90883358712492	59.9315246199994	58.90058744618152	0.026442130417750252	58.89064750301745	58.905244619124545	58.916237776224165	59.95937949109569	0.023017352515409827	59.94967091761872	59.96298817350954	59.97342034789414	58.83226424421753	0.04262664340466688	58.81008084073724	58.83733910187938	58.86271245073549
7340000	59.959685011130745	0.06226111909876183	59.942443204852204	59.99222937224418	59.99970461899289	58.9591762687731	0.0213314137351093	58.954008485329666	58.9632818349508	58.969716293091935	59.960682770803984	0.02401968751012398	59.95058119654442	59.96411124516206	59.97640583095516	58.90269133708657	0.024757153820136296	58.89365089974847	58.905574383529434	58.917489593785305	59.90439507419068	0.03668118409665461	59.88266355024729	59.908335848663896	59.92995773213815	58.900802964886665	0.026326564552650946	58.89066117453852	58.905383477437425	58.91652935831962	59.95815614270962	0.025889239279372922	59.94779434070132	59.96239103113103	59.97425719730725	58.8328248383133	0.04259774994566283	58.81075688308488	58.83768711788447	58.86334654905643
7350000	59.96135705046452	0.06386616682715633	59.949773276854565	59.993079125749496	59.99978226873036	58.958816469747276	0.018702981316508244	58.95342557783282	58.961608949453215	58.9691612411463	59.95931347145853	0.024691764825761135	59.94793755719674	59.96290365146626	59.97598916194759	58.90288976163968	0.024730070568625775	58.893773518363815	58.905764779275444	58.91763140402863	59.90284286393146	0.03815829543621158	59.87996203516704	59.907414858051865	59.92872831811151	58.90109035537695	0.02616431818228055	58.891016996077816	58.905530797448975	58.91710749984254	59.958643111368644	0.02233064463753034	59.946835927654824	59.96177666355376	59.97324749869382	58.832989807727685	0.04267510016414244	58.810809888217534	58.83789033224453	58.8635866318031
7360000	59.96134941206772	0.0635766941442539	59.94839561307233	59.99342536755968	59.99988650306177	58.95917000594721	0.019853388298212576	58.9536461148874	58.96207208416932	58.96929082833446	59.96013526549248	0.025622782575948185	59.9491717592402	59.96460134587074	59.97655116919847	58.90308743571299	0.024745452431302627	58.89387024478931	58.90601182164096	58.91772261053363	59.907426455187384	0.03871150219550384	59.88448719411675	59.91280378814501	59.93570816985801	58.90129780358579	0.026052667967726467	58.891207621836095	58.90596910763118	58.91714422552458	59.960839538354634	0.022925812225436035	59.95052706372053	59.96454936060162	59.97612868943813	58.83324304098626	0.042928944082230004	58.8108571000169	58.838340343248305	58.86415262150501
7370000	59.962030502859044	0.06092658582092922	59.94737683726989	59.99336417375976	59.99969100281371	58.95972820151609	0.018651497335875563	58.954977944628766	58.962412177584255	58.96996565716759	59.95906013269642	0.024745713354442745	59.94699212210642	59.96345264097617	59.97489764476964	58.90333484943573	0.02465409512164317	58.89431402655396	58.906449507439646	58.918208442406254	59.905508781453214	0.03967091571955857	59.88351638619443	59.91049547570037	59.932191738746056	58.90153369408556	0.026029491930868797	58.89136831091721	58.906478376680894	58.91723155883645	59.96001184867441	0.02264083220698765	59.949955987447986	59.96316363100699	59.97414536308011	58.83352047644254	0.042800720620585354	58.81122048648659	58.839030833552656	58.864339160655064
7380000	59.95526332541078	0.0685359951335967	59.93883063523971	59.99014187204884	59.99978376197406	58.95939808980023	0.016827816509097253	58.95465747943901	58.961875844749045	58.968953284869315	59.96000338168064	0.023750701326963084	59.94851200070228	59.96348646547181	59.9764195979142	58.9034857993552	0.024664619283688707	58.89446227351012	58.90650586041561	58.918294843548274	59.904505523504604	0.03678948841389081	59.88218806218576	59.90879442999088	59.92921338707195	58.90170809143341	0.025963293990752343	58.891393121329116	58.9065278438154	58.91733929753536	59.95797918753561	0.025129451428698133	59.94704552929326	59.96215767229371	59.973517398181	58.83380310768617	0.042864643453726606	58.811341940214916	58.83944254131512	58.86444119939527
7390000	59.957074962540716	0.06571976301390238	59.9393562080611	59.991740126951726	59.99981594218063	58.958941087973606	0.020235165266001245	58.95333379587634	58.96212489854851	58.968881632218036	59.95808100043224	0.02607766214449439	59.94658785217247	59.96229754426089	59.97559925194743	58.90368347737895	0.024614274856860612	58.89447193740324	58.90650586041561	58.91834038546863	59.90400201304535	0.03888386279987993	59.882335030979604	59.908176889124505	59.930882401401604	58.90194400425161	0.025968608161112877	58.89159304647457	58.90686288887279	58.91756501408926	59.95962674157323	0.022437987369754248	59.94962451382455	59.96227395020882	59.974439610877845	58.834091042671986	0.04287836758800236	58.811341940214916	58.839763175289235	58.86459860037901
7400000	59.95520136690267	0.06628870760480636	59.93608894461077	59.99069845962085	59.99967519159612	58.95848372335867	0.022419715215104687	58.95427195881794	58.96232965054108	58.96892857536326	59.95884287013391	0.027063732747509117	59.94930445797986	59.962635789088026	59.975464720644055	58.90390692699381	0.024556837900070277	58.89496449416631	58.90666700233134	58.91862599660031	59.90534851172532	0.03719194641987793	59.88443035455795	59.90897512278704	59.93126442124176	58.90211949442006	0.026002493853849524	58.89166959541267	58.90718219370002	58.9178678622242	59.95906105562566	0.023394282809270844	59.947760420664345	59.96232715592251	59.97478059725182	58.834375115598114	0.042772749478350656	58.811414202252806	58.83993885685679	58.864679043150176
7410000	59.9619640118683	0.057276217981684814	59.94368866499208	59.992281445594124	59.99985942698723	58.958150344810825	0.023484231850319708	58.95331529870659	58.962719639583796	58.96927386497902	59.960326704657525	0.024201196928419565	59.948770437052055	59.96471181434792	59.97615787906452	58.90415399494174	0.024432079947256397	58.895049675453954	58.90732101417291	58.91879368351279	59.906679252337696	0.03648030410177081	59.88659360451645	59.909979644066766	59.93222884855848	58.90235095287909	0.02584289565427816	58.89247679604403	58.90744803714294	58.91816522341098	59.96075677719845	0.02233215926745364	59.95119405208321	59.96408212687095	59.97509268152129	58.83456631695985	0.04282734146093764	58.81144814928561	58.840171898430604	58.86477745244555
7420000	59.957913911744676	0.06607853924409128	59.9451881372998	59.992678901376095	59.99986125459581	58.959009750602775	0.016699792046567633	58.95366017205035	58.96189104239494	58.9681408972661	59.95871587711934	0.024133431784342015	59.94857923085003	59.96288903604523	59.975045085806016	58.9043267095051	0.024430057257042975	58.89568259797751	58.907445032912165	58.918833796030164	59.90318474333334	0.037353860513822126	59.880044061642636	59.90725484877155	59.92799697747199	58.90252959277437	0.025821054194767934	58.892725247787965	58.90745847986875	58.91819172654535	59.959355069118004	0.023723060520513928	59.949568189095096	59.96288834712898	59.974025083786685	58.83480181490657	0.04280902327403164	58.81187445148961	58.84044840726944	58.86477745244555
7430000	59.95718983594661	0.06864123110808339	59.94131063025378	59.99349398095043	59.999806739420585	58.959858425593424	0.01666431921098441	58.954409594246684	58.96231747572649	58.96882941431758	59.959368112978666	0.02588493202098084	59.94796850257788	59.96383922506867	59.97602148071493	58.90453475112713	0.024426636049889983	58.8957173016076	58.908019032630754	58.919365463009214	59.90623897942216	0.03723621220885745	59.88489822936736	59.90899322493294	59.93043076460723	58.90275063242941	0.02576723570704006	58.89321724206106	58.90757173616398	58.918318011306184	59.959420253238825	0.022951075065225975	59.94833255147647	59.962782148285925	59.974806217763046	58.83510060799873	0.04282235045300816	58.81245936093554	58.84066342685389	58.86519986117276
7440000	59.963509637160996	0.060058845007175676	59.949374842328766	59.99331607930968	59.99980792749226	58.959954266162335	0.017026684324479603	58.9547961915168	58.962741919985916	58.96958532875122	59.9609536496005	0.02144183141398778	59.94839538195997	59.96398147029211	59.97644579241275	58.904681841401235	0.024443672433327814	58.89584440580805	58.9083566697355	58.91947908152815	59.90582819262666	0.037820584893821986	59.88380057761769	59.90934035955375	59.93315207541305	58.90292556812558	0.025716847945154532	58.89403166659437	58.907870348943455	58.91841922153174	59.95927458069163	0.023862473341396656	59.94920340077242	59.96293485104982	59.97484397522329	58.835424596222296	0.04267137020384672	58.81255072328075	58.84079811959191	58.86519986117276
7450000	59.956909179137696	0.06477856705104049	59.93586849264998	59.99231324853961	59.99967699767929	58.959390484028965	0.018819510613228056	58.95420621644266	58.962416860246066	58.96884797178794	59.95960370781566	0.022732111544404736	59.948332576140636	59.962434888593776	59.97565992363839	58.90485539534941	0.024418175340106454	58.896191268153984	58.90854442362895	58.919934583798664	59.904265356925606	0.03761087221832985	59.88124555035989	59.90758681680894	59.93110986654081	58.90309401527613	0.025675623503197232	58.8942955566213	58.90794937341336	58.918670785264894	59.9586510208133	0.0243993475985408	59.94824877395564	59.96247695343834	59.97399883052839	58.8357049486845	0.04264365526726626	58.81307158448172	58.84104861050608	58.86565074547651
7460000	59.95703364162051	0.06451744495029003	59.93736108512161	59.991200813287804	59.999608614027984	58.959212838429124	0.018999647179264254	58.953974425610376	58.962043415898556	58.96893599425346	59.95863802429633	0.026385809958812564	59.94852589984567	59.96267312379703	59.97588876469778	58.90497388354101	0.024444356381930977	58.89634182810572	58.908632563693956	58.91996370355339	59.903249838601994	0.037179560175604254	59.88207900680756	59.90802748878539	59.927823253630535	58.903315366029815	0.0256914838099081	58.894580111289756	58.90794937341336	58.91884761370006	59.95700300186456	0.025731556772915297	59.9459406371407	59.960732506848196	59.97308502451234	58.83598137508526	0.04265445923461594	58.81307158448172	58.84130929206121	58.866069858680014
7470000	59.95670564775458	0.06691355007307666	59.94026536258895	59.991858279510026	59.99976678783643	58.9580849804843	0.021618157113143605	58.95313890890243	58.96234645553796	58.96896298678108	59.95886770156881	0.024675046990059606	59.94794051599675	59.96290473232666	59.97426399785924	58.90515623584113	0.02435396230793707	58.89634182810572	58.90868055907809	58.92010386522922	59.903855512847265	0.03629616532081185	59.88159435411248	59.90697284602058	59.9300034076255	58.90350537056343	0.0256198930808787	58.8946277189544	58.908107089992896	58.918928050550726	59.95887719036007	0.02310963554179211	59.948674542349075	59.962777334866416	59.973080748651185	58.83622187145288	0.04272104221112807	58.81307158448172	58.84154135518861	58.86659186825718
7480000	59.95969349857334	0.064183668014412	59.946410523229545	59.99318897929111	59.999761436494325	58.95802834929217	0.021342680401473225	58.95356713679094	58.96153024157282	58.968483155204964	59.958996365072736	0.024823326058350383	59.948577608411185	59.96348256690227	59.97554126098711	58.90534291663024	0.024344126464678068	58.89638464163869	58.908756504811244	58.920250465622914	59.90504486693606	0.03888752390766658	59.88234706607764	59.908659632375034	59.93266875560896	58.9036818071018	0.025584189460432505	58.894692351107864	58.90816530542696	58.9192390014841	59.958714293427434	0.024514253497977315	59.948691328868925	59.96245506688379	59.97369719069225	58.83652801456267	0.0426812524194675	58.813506135639976	58.84154135518861	58.86669989504901
7490000	59.959445374191354	0.0637261979038825	59.94168835037252	59.99211462286924	59.99981585118163	58.95806121736647	0.019864926307725916	58.9539553260419	58.961341644458265	58.96864304437047	59.95887681530064	0.023831275568604045	59.94837003555193	59.96268244007513	59.974722201050156	58.90560810716396	0.02416557608626656	58.89655722059132	58.90895184261787	58.9205618460638	59.90393730650486	0.03751348970095738	59.88400066824538	59.90724982111515	59.92859692315379	58.90387134778321	0.025577424897328564	58.894841614819754	58.908239977730204	58.919307048760736	59.95921624820212	0.023782009427327028	59.949833000648525	59.96312048336896	59.97493758278359	58.83681548297752	0.042607280674272684	58.814019052540104	58.8420602732924	58.866918411354874
7500000	59.96216027991017	0.060758343307233946	59.9509873173693	59.993242822374555	59.9998055496394	58.958468342177994	0.019957580597803753	58.95289382142599	58.96226090835279	58.96869261561555	59.95797871344054	0.025123656316949194	59.94673372665942	59.96222337334548	59.974736011853864	58.905823702914596	0.02413203567977144	58.89664041145476	58.90913170311647	58.92073626892625	59.904088254445185	0.03562155244400746	59.881789409218726	59.908664450630326	59.9293534178582	58.904080643249664	0.025575801991118283	58.89488902799159	58.90837800370266	58.91935022418731	59.95732188269907	0.025327184476272357	59.94687959263124	59.96120594342444	59.97309569281611	58.83709409450801	0.042629963575695484	58.81448768969139	58.84243391682769	58.86713025772783
7510000	59.96048041838226	0.06561444954087811	59.95032098230668	59.99253358058195	59.999714459992596	58.958326907132495	0.020274579994107356	58.95343701539481	58.961540651912756	58.96856640246577	59.9587352378212	0.026827819791767536	59.94896871327196	59.962888382100374	59.97521767679777	58.90596859662596	0.02412429936378531	58.8968450988907	58.909290957893504	58.92073626892625	59.905293505001616	0.03662751592572666	59.885860207174	59.90999375765203	59.93051784470705	58.90443194726117	0.025448267296266855	58.89522511700434	58.90884584494583	58.919721405628	59.95974852474809	0.025743978771484384	59.949078773965034	59.96393578603856	59.97475682134512	58.83746222262416	0.04260789642393396	58.81501594115465	58.84296791755203	58.867367381683835
7520000	59.96170658993256	0.06215082817214868	59.95344666276511	59.99333694871366	59.99978877925465	58.958286200193584	0.020582724885965	58.95341970572525	58.96217264033152	58.968267199324735	59.95885643819388	0.02469735887307675	59.946856243618946	59.961624476676064	59.97582089306479	58.90614452080749	0.024071791510927653	58.89690476563452	58.90950706251144	58.920975071728364	59.90241446949503	0.039537333196695064	59.88026465867841	59.90722432703438	59.93046141149082	58.9046958302873	0.0252525230874822	58.89542698240464	58.909335879212364	58.919851278062204	59.959058670755425	0.021502528324899416	59.949152905471976	59.9623293479814	59.97311630779715	58.83772167835894	0.042546451763412554	58.815486361773985	58.843478211131966	58.86765429560799
7530000	59.95866488175793	0.06574473708895148	59.946070154852166	59.99222336125551	59.999674259284774	58.95878410241879	0.020967036297053453	58.95438771508837	58.96278301149973	58.96909582033176	59.95962206872312	0.02293728368216494	59.94795696577532	59.96209601084303	59.97575813829306	58.90635837947398	0.024047756586909615	58.89715694949785	58.90972508295975	58.92122545283354	59.90474081789539	0.036318873374790554	59.88325446960693	59.90733941854859	59.930746456907954	58.90485091113674	0.025258382282498756	58.89556556075402	58.90936761124419	58.920064284130085	59.95854618898113	0.02352195368327601	59.94807176957195	59.961883725412065	59.973689629507156	58.83805765597507	0.04256347615639329	58.81557408896792	58.84384484773361	58.868753370415135
7540000	59.956365803765244	0.0677854615641555	59.94027340551746	59.992653261776546	59.99970170291007	58.95844883533678	0.019990271630865523	58.952609181097486	58.9619052539057	58.969235647374944	59.9583760168601	0.025670302038213473	59.9475801798227	59.96186818133225	59.975140346989	58.90657383487791	0.02399073264474962	58.89731786579323	58.909791754771305	58.921486167545496	59.90393063063447	0.03962431223265713	59.881895446075646	59.90874758840971	59.928536285790386	58.905008237365124	0.025260776411951152	58.89580553466691	58.90949734436547	58.92020022050952	59.95880709000557	0.02379866689011066	59.94899770110949	59.96215787996411	59.97383910422402	58.83847298802772	0.042355224772564516	58.81700226862785	58.84408355622092	58.868918801980506
7550000	59.96033258429167	0.062009017109921676	59.94500475095803	59.99040599259242	59.99982680933313	58.95876160539086	0.017576868968945978	58.952985562261745	58.96117656133082	58.968353046418024	59.959735660570466	0.023336590272949546	59.94896191342324	59.96293622831746	59.976102958348875	58.90669482359243	0.023957009637461713	58.897428305072985	58.909791754771305	58.92151567090507	59.9043007928599	0.038442492454213134	59.88172307503671	59.90994624606047	59.93104386838597	58.90517563730693	0.025259093420276716	58.8958792934201	58.90993621443843	58.920352365159104	59.95848702813718	0.02369733337861228	59.947880523484564	59.96151199075735	59.97351405326832	58.83872719780583	0.04216888124924417	58.817362728281054	58.844353392365534	58.86928806539311
7560000	59.95930005134108	0.059956112343632136	59.94406004408204	59.989645964356725	59.99974655636966	58.95969009970905	0.016192179141695472	58.954467600359244	58.962108633918525	58.96898754567264	59.95974612041587	0.021602205180916743	59.947947974204055	59.962488247401154	59.97478696775694	58.90693407626028	0.023897840562023726	58.8975390452324	58.91009222315036	58.92178328277313	59.90397208062413	0.036158578800104944	59.8801122509489	59.90618508457193	59.929832820431976	58.90541737487691	0.02512796531298203	58.89604464533352	58.910120518783984	58.92043874043415	59.95908868007448	0.022042648954278748	59.94919510409221	59.96204305484967	59.97291475010378	58.839024865797	0.04201578449046313	58.81800138532639	58.84485668164543	58.86931700071738
7570000	59.95651982368691	0.06635928503708759	59.93625524294215	59.99263377518123	59.999779059525096	58.958758468876105	0.021543765408456973	58.954470006670284	58.96218577929554	58.96896527019685	59.95976505278298	0.02676100743134648	59.9486845370311	59.96434236083546	59.97624925572795	58.90706363967098	0.023902639581020447	58.89764451397942	58.9102160514756	58.92204640690122	59.90547873897256	0.03761644438026932	59.88316613587174	59.91010527185444	59.931336312263134	58.90562475019717	0.02507235020096453	58.89668388705518	58.91052523871639	58.92043874043415	59.95977534038172	0.022170579496834538	59.94926531998082	59.96306723940273	59.97475951075487	58.83937799686473	0.04190690838018749	58.818173676380056	58.845005406455286	58.86948382120128
7580000	59.95811395897735	0.06798336408786045	59.94820885637283	59.992844748551775	59.999735298595354	58.95899743484848	0.016385971857766093	58.954027127463064	58.96161748575241	58.96844248864348	59.958710465716294	0.023785510949039107	59.94761247360029	59.96147125095028	59.97514819535536	58.90722395904932	0.023858978101772798	58.89788183345903	58.91024071914279	58.922226918888114	59.90368014125189	0.03731190562121721	59.8825156338069	59.90628443314084	59.93065882605677	58.90583752068148	0.025013571586326104	58.89682280784535	58.9107853837581	58.92058600650461	59.9580000507816	0.02505638811100056	59.947768881692895	59.962553416430225	59.97429385270905	58.83966287870893	0.0419192050127971	58.8185615481474	58.84530516942146	58.869511100241496
7590000	59.960013969769726	0.06316163825673002	59.9463075064479	59.992877179144344	59.999845246629896	58.959519822294055	0.01680944721126614	58.95380318093028	58.96232314816796	58.96877093780661	59.95950129439841	0.026756716092104515	59.94885924103598	59.96489981343164	59.97644968237259	58.90741532179919	0.023727558911507143	58.897897503872834	58.91051782889939	58.92233482351065	59.90647054509497	0.03453825987525821	59.88531775927261	59.910616395433195	59.93004144875832	58.90601989597492	0.024987890593248192	58.89698321465823	58.91091128944711	58.92061754258116	59.95857748252093	0.02384636506598326	59.94823210864514	59.96243964160878	59.97341505947145	58.83994867073334	0.04186177661825947	58.81911592160715	58.84567077776076	58.869831342082094
7600000	59.95756169408978	0.06455963113044329	59.93919000179936	59.99180810715247	59.99974857382156	58.959174233748506	0.017869525913639148	58.95369420312	58.96242787168515	58.96897347913858	59.95901773349744	0.024361763505737592	59.94875928184392	59.96238286686301	59.97533133338317	58.907608463636286	0.023558187017951534	58.89806900126622	58.910552464330614	58.92240912292135	59.905342978683606	0.03614810117616027	59.884089187059644	59.908925041141984	59.9313051554636	58.90619730592386	0.02494922878828389	58.89715740317492	58.91093354800332	58.920702972100166	59.95923645327678	0.021991791238050954	59.94909075974765	59.96278311900032	59.973639746108546	58.840320589709265	0.0417038301322499	58.819877056813766	58.84567077776076	58.870430109671936
7610000	59.96073354917984	0.06561915417972368	59.95065059485979	59.994892337980374	59.999842375239396	58.95788744239305	0.02243262531950793	58.95384927803034	58.96154921395072	58.96844415201349	59.95970260316134	0.024198174927338466	59.94838500314487	59.9633451673457	59.97538860931667	58.90782024142326	0.023581373049517275	58.89812073519688	58.91083379819784	58.922556343152024	59.905129137742044	0.03680239990402371	59.88429492957081	59.90850643462244	59.93137100686853	58.90634994078168	0.02492076011774509	58.897183840591715	58.91110503831426	58.92086681570752	59.95934885976992	0.023196593992269563	59.94915063225762	59.96355377383567	59.97484193426004	58.84058763902454	0.0417350708089444	58.820079641497294	58.84602902552568	58.87043828333512
7620000	59.95979581197237	0.06377315001871094	59.9458255878619	59.993012167228486	59.99977418252893	58.9588203783307	0.018782619758031974	58.95295835564313	58.96208028771352	58.96910587618701	59.95981626052558	0.024477806645685413	59.948338754552694	59.96313341573449	59.975874846595175	58.90796743356508	0.02353355743674296	58.89833257396858	58.910938952336615	58.922705207507676	59.90623319258438	0.03597300919820695	59.884744942000914	59.90894701609341	59.93198703324297	58.906412106720964	0.02561895232849531	58.89723888892921	58.91121200452706	58.92119411776598	59.959878877602364	0.02294712320317611	59.95057020800835	59.963429465807735	59.97485256660733	58.8409051633323	0.04173370799949415	58.8202622974723	58.84627384888357	58.87074614246728
7630000	59.95988468584284	0.06334994068709959	59.944961017085724	59.992465429007396	59.99972188574417	58.959764758648525	0.01477493043320513	58.95323389392585	58.96131305383879	58.96891451951881	59.95906980833723	0.02336352109193735	59.94776151045114	59.962589823270484	59.97442470530395	58.908114242252616	0.023518518674947562	58.89836019856429	58.91096861166882	58.922801527194345	59.90527958974748	0.035704176634085254	59.88428159250982	59.908661869015944	59.93045595754887	58.906630918746	0.025379511816010104	58.89732360311363	58.91131763031041	58.921304238537495	59.95854661974108	0.02425323495052969	59.94869170247849	59.96197032395	59.97379266469072	58.84114711062127	0.04170166806331404	58.8202622974723	58.84667999770597	58.87089433506506
7640000	59.95876641026	0.06434395174832236	59.94466462627804	59.99180383714487	59.999819887683074	58.95901932114962	0.019663238101358824	58.95363117851471	58.962137682502465	58.968950640907536	59.95861507505108	0.027093541996915098	59.94666283992601	59.96356924855585	59.97567768151611	58.908291248078	0.023516231953162114	58.8985571301654	58.91125933588949	58.92288984948086	59.903726981715444	0.03963619204068191	59.88167161606732	59.908570662033654	59.93171349285173	58.90677978132689	0.02537929604972758	58.897610438672416	58.91142101957382	58.92158136110769	59.95872694868021	0.023432796282667593	59.948148925817925	59.96203022295105	59.9733358721307	58.84147030243487	0.041721358195765806	58.820392656929116	58.847017299853306	58.87132836942337
7650000	59.955541482268664	0.06417125671822244	59.926862954873116	59.99058992050845	59.999841116038695	58.95888350119165	0.02083828449537296	58.954407022980945	58.96196916248027	58.96948976540955	59.958663697059315	0.027250831396351764	59.94870075743911	59.96347546175082	59.97500520381885	58.908467231662	0.023408037745164235	58.8985571301654	58.91145231672818	58.92296580571384	59.90369288371195	0.03946617224557092	59.87992323546426	59.90732631468453	59.93209010868843	58.907015475977985	0.025298767584824976	58.897904860539654	58.91185606662333	58.92179209199566	59.958982321705925	0.023709776735537678	59.94824896459816	59.962647643100496	59.97429515089702	58.841717109640065	0.0417858051335619	58.820671335652726	58.84732521362702	58.87190822129367
7660000	59.95657149327405	0.06606178816245939	59.93747741862905	59.991502339080185	59.99963080791147	58.959514311959715	0.018106816312159952	58.95443224384354	58.96259344320887	58.969176595241805	59.9597583637456	0.022352017874487023	59.94778089751713	59.96317562938445	59.975640893895076	58.90861492774694	0.023369217033897983	58.898753321074125	58.91150276484264	58.92299926750918	59.901854284930415	0.03849971395820066	59.87929416223059	59.906640201557884	59.9274496517627	58.907179549862754	0.02528621948699599	58.897975500771096	58.91193388305633	58.922363021879065	59.95772481670533	0.02499529881494121	59.9470111455699	59.96130210840927	59.97428767632399	58.841967089743854	0.04170643075597567	58.820696754826955	58.84738376530754	58.87190822129367
7670000	59.9585145651445	0.06573419468789374	59.9389866830031	59.99427565318316	59.99987519899415	58.959285368706816	0.016008984621705583	58.954163663896516	58.961666236807645	58.96827605142205	59.958443933320574	0.02442100908198313	59.94718376165241	59.96125094661567	59.97516176290863	58.908821695281375	0.023316193879134306	58.89896452688647	58.91161434658251	58.923187774949575	59.90351259046301	0.038792451673751026	59.880992940980796	59.90782771369591	59.930581160753846	58.90732292859476	0.025273323439592776	58.89811478672934	58.912161503007184	58.92262012747655	59.958501661661884	0.025534906488378774	59.9484575343822	59.9634827458827	59.97387944004428	58.84233157730787	0.041726402483528796	58.821479188232566	58.8478581215607	58.872134550521
7680000	59.95800584029927	0.06552007073273146	59.943917525556145	59.99192527330908	59.99961003295913	58.959125339878256	0.01646359338499735	58.953066256543345	58.96208796945149	58.96834717863362	59.9583173796639	0.02362048025075702	59.94603423150769	59.96206257161576	59.97505541519167	58.909007880303534	0.023266270702390526	58.89909751353015	58.911795967245595	58.923345167418795	59.9041442360592	0.03632432717282398	59.88064267714738	59.906979661703474	59.929661580957756	58.90755039011227	0.02519166936639626	58.89856549289226	58.91235585015059	58.92282650827951	59.95825510554122	0.021698824595181562	59.94673640003643	59.960245284094185	59.97275692958454	58.84248510198225	0.0421901397188681	58.8215160382409	58.84819885845796	58.87246081785041
7690000	59.96284735111011	0.060756280216782636	59.950821702632865	59.993967180161896	59.99987269857754	58.95951610605604	0.015328035474982729	58.95365964493176	58.96144159100584	58.96816911742036	59.95899174993443	0.025618226357420164	59.94738609387328	59.962717866544324	59.975843150122586	58.90925421154129	0.023204018610539834	58.89925563414419	58.91226683573501	58.92354227729206	59.90435968304406	0.038285245352060404	59.88233870426125	59.90835378736644	59.93013337166388	58.907752713858365	0.025135482345649895	58.89859851273626	58.91258333081392	58.92286012578979	59.96033251473087	0.021268802222522348	59.94913911485607	59.96367383916737	59.97505599883485	58.84274087382938	0.042168980868786135	58.822205033576566	58.84826602503878	58.872595999267226
7700000	59.96198414470191	0.06153566048381674	59.94896101832435	59.99332493050416	59.99969611230761	58.958626053410725	0.01820656062386657	58.95339895924474	58.96137688848906	58.96864853872623	59.958989194207774	0.023686911350060357	59.94792446848004	59.96225674902735	59.97597404105849	58.909383325394295	0.02316459421763883	58.899431525439425	58.91252302600854	58.92354227729206	59.905298947562656	0.03611297617870522	59.88317290530298	59.90935429122405	59.930182154407944	58.90800956020318	0.024790036074648303	58.899073863800844	58.91268993054457	58.922905287935244	59.95922851620008	0.02246182274803705	59.9488025176762	59.96255279648233	59.97401583335843	58.84300368930762	0.04212651246514661	58.822302998646244	58.84848752829447	58.87320693909063
7710000	59.958134748036045	0.06500207101626695	59.93572843880089	59.9934523056822	59.999680976430405	58.95903751300536	0.017073372719621484	58.952957737617886	58.96161404545299	58.969002545823685	59.95826594612112	0.02663113971148567	59.947095032546216	59.96300666889455	59.97480176158923	58.90956249793077	0.02314754766244153	58.89952159553294	58.912802816520866	58.923639372055995	59.90352230739353	0.0370391854281499	59.880746596129754	59.90716877672913	59.92920126192999	58.908223032209065	0.02477229226987375	58.89955690920438	58.91292680064694	58.923007398499884	59.95804556194608	0.022351248174561	59.948098206850744	59.96137555411258	59.97305692880552	58.843295785794645	0.04212995998532918	58.82239935206473	58.848686455636205	58.87333528148231
7720000	59.96030004357462	0.06269808329052826	59.94668528307657	59.99306854323888	59.99970969311486	58.95907961236546	0.018283869138095453	58.953455432417336	58.962106358024315	58.96871878216456	59.95858445145926	0.02514269044970961	59.94751732765072	59.96258113462518	59.97485657188485	58.9097475906403	0.02312416825270929	58.89976946834456	58.91314175373784	58.92380661481455	59.90418710485756	0.03757240588344113	59.8804645594808	59.90883794699222	59.930493861463304	58.90840822685822	0.024482018884863253	58.899645334566515	58.913035050203675	58.923241982620596	59.95756455857856	0.02510906751360205	59.9469524389615	59.961972496667634	59.97280342537765	58.84352616225936	0.04204570091630688	58.82273812090031	58.848700734487466	58.873345738465154
7730000	59.96151406344379	0.06025153093750039	59.94522748440325	59.99268932978124	59.99982256415431	58.9587250487643	0.02017353548556257	58.954063724104444	58.96176025280555	58.96882970923419	59.95837922260211	0.025444884612399098	59.94600666846745	59.96198977268948	59.976039725922014	58.909997109421234	0.022946605059737446	58.899886080393955	58.91337260878187	58.923987214537874	59.904447705628456	0.03734266506824218	59.88108094399508	59.907524351490665	59.93159496262856	58.90857686372673	0.02445502969823036	58.899832684304805	58.913069223824444	58.923247103397046	59.96003716515989	0.022689704003647462	59.95055037133022	59.963411961615144	59.97427813748895	58.843817811391794	0.041887207976278644	58.82273812090031	58.84898282791889	58.87365577773381
7740000	59.962408693024386	0.06152935483328359	59.95204870609379	59.994907756128555	59.99984812580214	58.959167780936454	0.017542985983341648	58.95333368634948	58.96235884106634	58.96882257737154	59.960754063836625	0.022287375817226326	59.949274837024326	59.96371220465815	59.9760024700428	58.910139669894406	0.022785650657648312	58.900046129594045	58.913422828447956	58.924081486744754	59.905354603181706	0.038174183293795946	59.882806977136056	59.909828257236114	59.931406626971686	58.9087171233629	0.024444263280853532	58.89986544968618	58.91321795837175	58.923313094554956	59.95986712416291	0.02143768650246125	59.949923589147204	59.962462051710474	59.974192659350706	58.84409402235683	0.04183569494113536	58.82294607440979	58.84900335161871	58.87429060898175
7750000	59.9613998753839	0.06283646999510975	59.950221926399585	59.99353206305746	59.99974456575432	58.95917045668674	0.020567560766447876	58.95463470236783	58.96235722383334	58.9691150183759	59.95937776387491	0.024657917907399008	59.947576495323474	59.963756659297005	59.97608721229584	58.91030717989694	0.022822831281675837	58.90058409998836	58.91361462763355	58.92421528038739	59.90507177310446	0.038923737391469766	59.882144591911874	59.91042627272224	59.932194188639095	58.90890905178221	0.024375440737711068	58.89994493183204	58.913366390567155	58.923444398832956	59.959858829163906	0.023442269908314575	59.95084498055124	59.96316924570323	59.97416114848702	58.8443629292312	0.04185443034634934	58.82297575336432	58.849228910216496	58.87463239347324
7760000	59.96280645441816	0.06176000587750375	59.954379241778824	59.99278658448275	59.99976706969063	58.958269448691006	0.020257909986965063	58.953744436241664	58.96137631909883	58.9690691909704	59.95940612091561	0.023670550009736578	59.948433190781024	59.96264241228391	59.97514861191973	58.91044100929299	0.022757605660841233	58.9006365347901	58.91379134576663	58.9242806804549	59.90321355481086	0.03856001363203385	59.881427641590506	59.90642558234223	59.931446356773364	58.90912398512582	0.02430153486601043	58.9002103949717	58.91346189266734	58.923909712252026	59.95805571773197	0.022931570317042346	59.948363517504355	59.96122638142505	59.972974873836215	58.84466085018493	0.041699382778751265	58.82350997363977	58.84947314013331	58.87476718221286
7770000	59.958327195963705	0.06350791563467899	59.94248534688309	59.99044305848454	59.999609418104015	58.95857966163835	0.019383201030882855	58.953925318366394	58.961964627484605	58.96827863674875	59.95908107778399	0.023873004621557958	59.94851779413421	59.96332369049639	59.97472707112564	58.910619210064894	0.022766017876341568	58.90088340986334	58.91394743666704	58.92437645682746	59.90363535504471	0.036681546122328705	59.880792858306606	59.90662002361631	59.930288741864274	58.90930312948868	0.024276559775100574	58.90031669580017	58.91347505223435	58.92394479767173	59.95842008656147	0.023083580950123327	59.94762216503078	59.961265938018784	59.97344563386547	58.844930713645816	0.041686388972290836	58.82410446109478	58.849574307980525	58.874919811185364
7780000	59.96119539489265	0.06134147472141544	59.95040023235046	59.993206341180056	59.999799158896316	58.959529821001595	0.017549153180045483	58.953467485924314	58.96204211110084	58.96905728633465	59.95843889684577	0.025819452700073162	59.94614807851011	59.96368144156028	59.97562503486119	58.91079590207399	0.02276971460951039	58.90104304232597	58.91399670767568	58.92449510143018	59.90408777580452	0.03853698491724714	59.88056600817842	59.908707352296105	59.93077058402188	58.90948598186964	0.02426611240403104	58.90061843759163	58.91353290142446	58.924202803087056	59.958204138518255	0.025673148260341946	59.94855395726471	59.963196425849745	59.97369764682922	58.84519539788095	0.041576832420662825	58.82423336882643	58.849911075478346	58.87498244871876
7790000	59.96328205704866	0.06036920528648323	59.953415324550754	59.99527359705526	59.99987817450271	58.95823535194534	0.02151646685028307	58.95411918079114	58.96213798631453	58.96899123572659	59.95955438157842	0.024475935902978422	59.948941044468995	59.96322607507071	59.97599576741358	58.91092610793153	0.022653731074069858	58.90106369791194	58.91404963076998	58.92499886957117	59.906267051967724	0.039285391272598044	59.885625274909	59.91188861005019	59.9324428046114	58.90967279761177	0.02421502240956635	58.9008290882662	58.91368875465449	58.924272089045594	59.95886879322081	0.02648855394043411	59.94843246817497	59.96348499811161	59.97432134331812	58.84534644995237	0.04241372898636428	58.82433723034946	58.85004931252411	58.8756758557916
7800000	59.95501153084404	0.0674571345971294	59.93276340807317	59.992372913370346	59.99980908857539	58.95832468488843	0.021276757409093915	58.952959820217764	58.96218814565314	58.96961118665615	59.958877297633194	0.02432318519992175	59.94684220049222	59.96294461746878	59.97532058890818	58.91103941221042	0.02264943621391755	58.90124635727837	58.91422473626444	58.925029386858526	59.904190212175926	0.03656585691825696	59.88293171411132	59.90761230122101	59.930298470862425	58.90986952179603	0.024105237243188075	58.90104795089499	58.91373847397199	58.92451044641112	59.95839930032661	0.02532048818363698	59.948918294285164	59.96226724352675	59.97361101331106	58.845504639110736	0.04237994156838643	58.82445554789295	58.85026032898592	58.8756758557916
7810000	59.95935149575516	0.060401959459623504	59.93845967893176	59.99219951364503	59.99976020480472	58.958405207142526	0.018626393637379158	58.95305297597554	58.961281836612095	58.968602138019854	59.959335134982545	0.02449455958272933	59.947489516465275	59.963747023483805	59.9758510890682	58.9112824083365	0.022608538297594842	58.901707183038084	58.91432363842092	58.9254142589629	59.90469078013403	0.03757005151787871	59.88157392823069	59.90957668862892	59.93009674024459	58.91002518806775	0.023985021816806312	58.90106623708118	58.913888623611996	58.92456272627564	59.959525603941614	0.02151930683023703	59.94909678495607	59.96252905231476	59.97392764875269	58.84583735491111	0.042364477636098304	58.82480369786064	58.850916421753894	58.87597257197947
7820000	59.95821143480185	0.06543505952764918	59.94183360589453	59.992425788675625	59.99978007032247	58.95810754734783	0.019491076506896767	58.953108065553614	58.96185757310039	58.96874628073029	59.95884214821196	0.024680973439085225	59.94860671834745	59.962546140812535	59.975510459704054	58.911429116072014	0.022628020173037264	58.901939652151	58.91441493890906	58.92572957684435	59.90363738077191	0.03791387435450575	59.87971186075712	59.90748365114233	59.9300855495158	58.910121016162115	0.024014441860295884	58.901012783057155	58.914051307187805	58.92466089607162	59.95838116546025	0.023071266838270897	59.94698264673171	59.96127404529889	59.97328089431876	58.846128756942704	0.042261601769519146	58.825013493673026	58.851310775115266	58.87612454070528
7830000	59.96075414934692	0.06206157816884754	59.946377284275414	59.99244838667108	59.99979235007104	58.95900237788213	0.017363469279181126	58.9532768539329	58.96179005157293	58.968746505009655	59.95867674716746	0.025724096248092514	59.94750084642829	59.96274996962178	59.97566052664946	58.911572112290386	0.022607086785381376	58.901953226619014	58.914686851643566	58.92578793924958	59.904222984394416	0.03883657021262328	59.884177503927376	59.90823146847284	59.93119933062415	58.91035379528839	0.023956347412388737	58.90106623708118	58.91449712442639	58.92478201131133	59.958361188001916	0.02504479019686131	59.94957512068042	59.96181645980366	59.97357444381883	58.84640107857915	0.042310825946450824	58.825013493673026	58.85155985509017	58.8762658851804
7840000	59.960256493792926	0.06492094346476358	59.94775896161324	59.9949093709389	59.99990014879405	58.959662636462674	0.017016464898467108	58.95420786040983	58.96225580058442	58.96852342396024	59.95981755908556	0.02472891056250073	59.948348704586245	59.96343087849258	59.97660164692756	58.911728829138596	0.02259619660802298	58.901953226619014	58.91495146074741	58.92582662622581	59.90650060922583	0.03778095370271944	59.88335360223627	59.91060956698747	59.93266931828931	58.91048575112045	0.02398941722626206	58.9011192607656	58.91455496230691	58.92493368744852	59.96027291668077	0.02197284467189815	59.9502481634606	59.96344970761975	59.974489271930395	58.84666657817577	0.04228818080312736	58.825505570187794	58.85186617763727	58.8762658851804
7850000	59.9607828319943	0.06249071447190881	59.94576560412318	59.993880597067225	59.999704961560724	58.95908792765152	0.01928458736743964	58.954044934438365	58.961697494721804	58.96799482609404	59.959045199995806	0.02555178004952576	59.94881611918491	59.96338915092767	59.97532407691216	58.91189930203615	0.022556839960269685	58.90225203150015	58.9151105906176	58.925900691148414	59.90488485071852	0.03754744601276912	59.88364452511338	59.90882925992754	59.9318199154526	58.91064926125948	0.02394286262025615	58.901206161443724	58.91464088828637	58.9251055017119	59.95795310061968	0.025225746816521254	59.94808507598313	59.96198331941273	59.973648485728845	58.84693422978808	0.04220205480720092	58.825592372252025	58.85186617763727	58.876335793809176
7860000	59.958708637025794	0.06631316293277954	59.94689813707379	59.99277458758881	59.9997060479762	58.95876524024664	0.019161958058596103	58.953101227203945	58.961937756846325	58.96911021356185	59.95712353142214	0.02755736056057795	59.945343530355316	59.96186136445465	59.97489397498385	58.91208889429053	0.02251493585400969	58.90272578516339	58.91533310972245	58.92596038718571	59.90334049511737	0.036410160209590564	59.882611447035536	59.905833288694126	59.92853300749148	58.910784229491824	0.023940351627455884	58.90121216458862	58.91471041921102	58.925155526058376	59.95793914321915	0.022534840857171074	59.9464766041673	59.960781687354995	59.97334787373377	58.847185016482634	0.04227390191530707	58.82582031402039	58.85198160186171	58.87688322438325
7870000	59.95374217566415	0.07230787805305021	59.936400388981525	59.99280006329009	59.999741775496794	58.958430546955405	0.020292783847034458	58.95316229050601	58.9615037275432	58.96872799040775	59.9595289969903	0.02438749348619572	59.9475006312649	59.964109700148384	59.97635804844755	58.91220066421774	0.022518010939677698	58.902764543932896	58.91536235064376	58.92605308976164	59.90374365016533	0.037166292507060085	59.88119216140556	59.90743205959297	59.93101491299297	58.91074986511671	0.02465708757557536	58.90123545153787	58.91479568862676	58.92541971835327	59.96031289051595	0.020473228335825863	59.949890698406335	59.96277730647495	59.974866827128295	58.84750169264975	0.042303386919407056	58.82596819190525	58.8521337419434	58.87723176125348
7880000	59.95677872365206	0.06516840674821096	59.938779808740534	59.99150733075227	59.999711163447365	58.959015084324	0.019179385308387004	58.953975684131294	58.96237147415887	58.96885585272677	59.958126668679036	0.027861274178275077	59.948046265663805	59.96209659377104	59.975219733665924	58.912317805735206	0.022525437003738557	58.90288140991627	58.915430829123245	58.92614213779406	59.904306493895824	0.03855427840668864	59.88255518340379	59.909474926700824	59.92906786388831	58.9109361000132	0.024557326686317545	58.9017135669152	58.914959415508974	58.92544020230186	59.959844007434796	0.02377479044936544	59.94920260580822	59.96429396279407	59.974886402084636	58.84778052915559	0.04228922485828661	58.826185693971674	58.852577934668396	58.87723176125348
7890000	59.95977628911181	0.06436239580221437	59.94493332350707	59.993867263988996	59.99982525665916	58.958700617119206	0.019115988564011827	58.95362589264128	58.96183444996771	58.968660448685625	59.95848785589137	0.02544004197070902	59.94574769070387	59.96214059872828	59.97616971693144	58.912489965194915	0.02251835057310935	58.90317254553059	58.91549390218973	58.926394870471945	59.90335283850069	0.039618698398497076	59.882773973141205	59.907297440125646	59.93048221663866	58.91110458794951	0.02453507289470511	58.90197968365494	58.91507785469466	58.925489028123536	59.95889201787816	0.022083733704911783	59.94925536482649	59.96242218432877	59.97335102703113	58.848097293175236	0.04226595825562271	58.826430286560715	58.85301132517584	58.877261765968385
7900000	59.962148164861475	0.06213309154303681	59.9538354626812	59.99432327125766	59.99983717657333	58.95781424532369	0.019525890631064753	58.95151783677067	58.96105840452378	58.96807874414834	59.95915122486767	0.023595496608963977	59.94724699026219	59.9623753101747	59.974949725977666	58.912601618318654	0.022497785523904457	58.90325960822048	58.91559280180415	58.926394870471945	59.90463287893435	0.03661728592243441	59.882947907429156	59.90855665882525	59.93050315607701	58.9112817094309	0.02454620773392814	58.90269004209381	58.915530668507486	58.92565669132465	59.95878465537279	0.024060054817000118	59.950142772260676	59.96256559814957	59.973339904899625	58.84837546112988	0.0422627802294373	58.82672661391396	58.85317402380652	58.877443522017735
7910000	59.95484398560779	0.06925881383925815	59.93294041531647	59.99158543127317	59.999731737944856	58.959037050541944	0.017020550338905035	58.95293644015703	58.96171590104068	58.9692226308733	59.95860835399052	0.02525869673613644	59.94677114124477	59.9629816848396	59.974959159410574	58.91269451980003	0.022481131624028233	58.90337626036392	58.91579572020442	58.926405350848086	59.90426471540482	0.03779638684075375	59.882305992112705	59.907872424461345	59.93150620501328	58.91145529191928	0.024413229463809406	58.90305561255154	58.91554718454806	58.925721784188106	59.958608111100475	0.021410217295556914	59.94778817433467	59.96136167989018	59.97303696949008	58.84837509930777	0.043116132787707324	58.82709125011111	58.853444291201924	58.87773640097096
7920000	59.95543097628813	0.07033829917258826	59.935029020845086	59.99249013123428	59.99977375397154	58.958793293423966	0.019522527694422812	58.95375567375411	58.96176198994243	58.96853131033207	59.95869140862489	0.02528855287848214	59.948360550484985	59.96282802111159	59.975251267827296	58.91285603744285	0.022481805626016052	58.90374382428094	58.91591135717361	58.92667539827712	59.90449314233539	0.04015873766509598	59.884953953518405	59.90829845072456	59.93144802233486	58.9117000925041	0.024168395846436406	58.903355307519	58.91572227676971	58.92573932093213	59.95911774304776	0.02353874117278865	59.94901475971445	59.96234707747248	59.974023951717335	58.848544146496685	0.04311992403345565	58.827299107733836	58.85368771382072	58.87773640097096
7930000	59.960269637319264	0.06409853035412456	59.950636386482884	59.99366305635168	59.999717409986395	58.959003620356036	0.017321451742743934	58.95335763000673	58.96167200674485	58.96934471809773	59.95861985895054	0.025917118463222314	59.94621403545469	59.96301574391112	59.97583411046237	58.913015993083675	0.022494325102894286	58.903865977975	58.91607797716787	58.926713871250364	59.90272995870204	0.038755208957060104	59.87885693470946	59.907683663380496	59.93013955477563	58.911871190624225	0.024146224084390717	58.90352514016267	58.91609607159331	58.925883239931146	59.95826056781735	0.023271023850290916	59.947176052479904	59.961655237907934	59.973618033064014	58.848741969894384	0.0431487267276377	58.827509222099835	58.853808031653	58.87786922398171
7940000	59.96151138922745	0.06040589328400819	59.945209682372706	59.992403658780816	59.99976880093361	58.958596243470566	0.01824903443625858	58.95263832594573	58.961279549590635	58.96840739923441	59.959517217870015	0.022474854436242527	59.9475026136537	59.96303956031002	59.97551174062589	58.91321949262082	0.022351070157242116	58.90440517551512	58.91625914138361	58.926713871250364	59.90522955706211	0.03796010461401627	59.88329317347062	59.909824540665525	59.932577587449344	58.912044495270585	0.024118144727130374	58.903660184119005	58.916306616083496	58.92608290875511	59.95831066625269	0.02234191423545389	59.94702561282459	59.961824441368776	59.97350296900273	58.84910824701864	0.04319320553100411	58.827907299798945	58.854557317143424	58.87843367268305
7950000	59.95866198045045	0.06435855364738595	59.94216442560888	59.99109594633781	59.99965902264461	58.95827496629122	0.02130397521306433	58.95411792497469	58.96163360107019	58.968276410238204	59.959996398119856	0.022734317695873772	59.948809105611446	59.96307472095074	59.97570957571826	58.91340052541639	0.02237412625923176	58.9046265493629	58.916413282495384	58.926855168046565	59.90578098135029	0.03878349554740252	59.88379817409237	59.91038983418856	59.93214959085387	58.91222251956177	0.024031007380605124	58.903963178452294	58.916495385830835	58.9261252407896	59.95860685253732	0.024001187325822158	59.948556492939296	59.96243741864343	59.97405004326663	58.84937621762368	0.04317884481082552	58.82810292267698	58.85500238689437	58.8785936675164
7960000	59.956658343007625	0.0625531178383776	59.9301389522483	59.99000462437102	59.99967611264864	58.95844408918333	0.020585278178069398	58.95374708391252	58.96229262781691	58.96873117258289	59.95873033152737	0.02348359887580878	59.94685031431355	59.96156352011751	59.97517087974764	58.91355550744405	0.022413726658077233	58.90475870757168	58.916487742306614	58.92699206288976	59.90420214546681	0.03764156543244556	59.88261787341336	59.90699267761996	59.93083750062452	58.91237125927563	0.023976246799080832	58.90429358803213	58.916532097662845	58.92639839318288	59.95727105940557	0.025694859648817098	59.94653627113301	59.961314980799315	59.97313472063803	58.849575155436085	0.043201405434588204	58.82869226904377	58.85523702480282	58.879095978035
7970000	59.95516468513316	0.06878996532283874	59.93243354659566	59.99206553768781	59.99961439457127	58.95823811230774	0.01717184897543109	58.952418202309	58.96121058920464	58.96753266478744	59.95746344169006	0.02535548541902123	59.944278163003744	59.96177954792566	59.9749987598631	58.91375924691428	0.022366706489190653	58.904994972769494	58.916695888153285	58.927139070936484	59.902970121315064	0.038904989606990854	59.88169529629663	59.90731591116277	59.93024283800362	58.91256290796151	0.02402132385613655	58.9044194265473	58.916939673609406	58.92656162948898	59.959252137588635	0.024129565130207583	59.948994258727716	59.96298225818584	59.974849355284995	58.849835132108886	0.04315059813475134	58.82888676139447	58.85540261936195	58.87919701496277
7980000	59.958106344215174	0.06562815034544754	59.938923781414665	59.99117611470017	59.99975249326722	58.95872444427746	0.01822276067752198	58.95300303805655	58.96161420175564	58.968535907766906	59.95927242636523	0.022692395567362113	59.947049665842655	59.962560351181764	59.975051958277945	58.91390059873765	0.022378673963726007	58.905107388432164	58.9169171020943	58.92739993601686	59.903163181000814	0.03948103430274952	59.88125920250199	59.90677728417218	59.929820588167004	58.9127051257905	0.024025251891025654	58.904691244747966	58.91714234178434	58.92656162948898	59.95895301658015	0.02476869787592065	59.947899195503126	59.96308918928047	59.9743068314243	58.85005654587673	0.04309089309187773	58.82903505741901	58.855593422834254	58.87952541318963
7990000	59.95635770280602	0.06717552658492894	59.93855178331756	59.99140481920889	59.99975420087654	58.958749575561576	0.019157061905298402	58.95307127761848	58.96180628093249	58.96862069848652	59.95847826819419	0.02522462908889711	59.94652569761767	59.96321070450641	59.97514960988613	58.91407541660981	0.02225330055160956	58.90520276292716	58.91717208604773	58.927597019678174	59.903884775691715	0.03777270259490209	59.8817491689352	59.90758349289643	59.93109431021376	58.9129119845866	0.024006993269797598	58.90481589333634	58.91723698954111	58.92668145408852	59.959358040502295	0.02272545197575614	59.9488693401543	59.96314247793833	59.973541754637644	58.850398788276635	0.043095332251034686	58.829290444085444	58.855593422834254	58.87968857379672
8000000	59.959031439829026	0.06427634625813329	59.94061205858216	59.99343350350281	59.999855096680015	58.95770054427689	0.02244284107876466	58.95351980249573	58.96214694222217	58.96885823384688	59.959055582514125	0.02548332427055208	59.94758379089858	59.96250353975737	59.97639277025952	58.914237365633475	0.022158950894931785	58.90528560730667	58.91737340576983	58.927897283394195	59.90497021806793	0.035880291673484124	59.8823789781412	59.90730504353617	59.93100717235875	58.9130935166654	0.024019979814159542	58.90532838468671	58.91757302409475	58.92701519804342	59.95885508600042	0.02317171493479227	59.949545610868306	59.9620613467984	59.973150474368296	58.850830902181414	0.043038585061458655	58.82965866708837	58.856300522160716	58.880043108720315
8010000	59.95852235907413	0.06547517363396405	59.94261820771832	59.99338942689208	59.99983492369688	58.9586230288943	0.019253538333043458	58.95405931031434	58.96208540585097	58.96903942229089	59.95985310857386	0.02295895325996672	59.94864292491207	59.96293172283802	59.97575486233903	58.914413392915655	0.02210898730403472	58.905453469094184	58.91750763757069	58.927921405535905	59.90440683526818	0.03700167900701634	59.88137427566013	59.90873199721369	59.93060746932899	58.91327137416524	0.023909682826800515	58.90538656964702	58.917609521804735	58.9272048648561	59.95857659767745	0.02386992220210356	59.949925438876114	59.961762211191896	59.97301626628318	58.851127827623934	0.04300331258153194	58.82982986289179	58.85662973120134	58.88017865042629
8020000	59.95788313308263	0.06436630909039608	59.93827876601004	59.99205590699869	59.99964459293475	58.95882733015996	0.017745166740495748	58.95278114896195	58.961632598669816	58.96863876806314	59.95721651564023	0.02738542018156165	59.945776704194	59.96252839105679	59.97408101436753	58.91453820942968	0.02201109868119431	58.905713172443114	58.91753922510442	58.928086993816265	59.90280009082204	0.03673913070651832	59.882393460042124	59.90560933437659	59.92882318749557	58.913380437671954	0.023895986356232676	58.90553408529036	58.9176302903488	58.92723195651239	59.95850439141643	0.022131389324992076	59.947896914675276	59.961973254521325	59.97315847302957	58.85134365648544	0.042947970114000165	58.82982986289179	58.85683138429884	58.880260678168
8030000	59.952666790788385	0.07124235964101158	59.92698263623148	59.98982268464547	59.99956534033608	58.9589075555862	0.01835730917325123	58.95316993401517	58.96192384460325	58.96916605993019	59.95876558115092	0.02254868649383286	59.94637196719033	59.96221642314765	59.97533923164411	58.914694310984565	0.021993327541826625	58.905713172443114	58.91778207976424	58.92825593589153	59.90194512957528	0.03874962303040965	59.8785131962225	59.90572681430414	59.92889102749426	58.913541018224294	0.02386484562299655	58.905595019617834	58.91787641531282	58.92723195651239	59.958883423771205	0.023361318122461203	59.94835936825969	59.96263453799831	59.973643074621165	58.85170229002556	0.04272715008450437	58.83058589819191	58.856941467117146	58.880487782239705
8040000	59.95556547025518	0.06805075296394021	59.93581955899012	59.991564741675056	59.99960425426993	58.958866302959365	0.01863375884799153	58.95364316689203	58.96220108622269	58.96826062794146	59.95836108615136	0.02606169230322111	59.9478152648682	59.96323418161978	59.97472049619089	58.914851606759775	0.02199199564409201	58.905765744571035	58.917964552925426	58.9282375622056	59.90387569524155	0.037631147601166745	59.88280193619613	59.907497269818315	59.93205168496775	58.913702712359736	0.023861709514797835	58.905595019617834	58.91800273558285	58.92736709862349	59.958031370997325	0.023231203939894956	59.9479331497871	59.962247357244266	59.97325799784893	58.85206568076519	0.04272703770234804	58.8315487829577	58.85822714280441	58.88126438723825
8050000	59.9592881084338	0.06305862068954617	59.94275238146365	59.9922883254017	59.999735932827136	58.959196954035356	0.016471517422592244	58.953660242297325	58.96138014523794	58.96888676329793	59.957554467428906	0.02630274402703417	59.94624758297461	59.96184985831155	59.97478976023077	58.915007088458225	0.022020119710498116	58.9059009824576	58.91815846161389	58.928471855772145	59.90236780101228	0.03955131252781457	59.882078583166994	59.906099287253625	59.930666049783376	58.913946675221304	0.02377377980776332	58.90578150067541	58.918221794204676	58.92785512037573	59.957172038985064	0.026966448926554514	59.947222656123955	59.96198047511343	59.97271556691412	58.852278180999576	0.04264212360418695	58.831751549683595	58.85825689621879	58.88129230295884
8060000	59.959340794273906	0.0629129652474677	59.93966754693459	59.99252320802992	59.99972382778501	58.9591703599572	0.017857975830566274	58.953745093921476	58.9616089521976	58.968563543213264	59.95898894156519	0.024083026655610303	59.948087411253844	59.96260364577806	59.974413450533184	58.91510160894624	0.022031697705832683	58.90611775256039	58.91813440421004	58.928561845451064	59.904751432803984	0.03694099067986164	59.881764948660454	59.906951970563846	59.93039963452032	58.91407722216448	0.02369497023630539	58.90595318136857	58.91827777832873	58.92796476802233	59.959502127256	0.021587889976914007	59.9495116489334	59.96198196793672	59.97367643628043	58.852651979244264	0.04253242503952421	58.8319235362355	58.85844573930448	58.88170582667619
8070000	59.960081081499105	0.06287409358609967	59.94304114666229	59.991685860757556	59.999644860209706	58.95920962610399	0.015865294422090923	58.953704815737325	58.961476991760605	58.96875469311371	59.95814182784621	0.02404343259812845	59.94528008401666	59.96251074647285	59.974373589894974	58.91502763447868	0.022714542651692097	58.90626160284013	58.91825202773978	58.928544388837224	59.903563970478324	0.036890358975724305	59.881800613328245	59.90681199363053	59.92958824933409	58.914180671457075	0.02368718193603875	58.90612741953117	58.91850558682222	58.92803057151409	59.959159304677215	0.019746660981449643	59.9481409444913	59.96209802152559	59.97367884090977	58.8530335106029	0.04248679973951187	58.83243808571221	58.85885863760754	58.88192522615673
8080000	59.95661803517627	0.06654098831553247	59.940812280187416	59.99059322878993	59.99971599570067	58.95831305890777	0.02036083016864308	58.95295598533103	58.96109671332451	58.96880466839636	59.95857535356407	0.023692156660130727	59.94593292095024	59.962840245242276	59.97510429103293	58.91523711281675	0.02269029929940352	58.90654767992516	58.918432510612575	58.92862147975334	59.90327000707243	0.03766632880690742	59.88103880643906	59.90507574984426	59.929712229808985	58.914339397171446	0.02369532751905951	58.90627082828955	58.91856748053685	58.92821248274801	59.95901602071341	0.023353395515250144	59.94822772752733	59.96294470524586	59.974366309043546	58.85338300992155	0.04245436745906359	58.832884617066185	58.8590056980692	58.8821182919355
8090000	59.96054513214084	0.062227760879310735	59.94691854295617	59.99219687702586	59.99969046738034	58.95830205571747	0.019316409039632488	58.95381785292274	58.96135800546118	58.96816841679416	59.95864620110999	0.02375484574088871	59.946880224299505	59.96225776457162	59.975277297732475	58.9153826993191	0.02272598529639168	58.90662477881849	58.91852974081179	58.928748111241134	59.904496104131894	0.03679212191360248	59.88301939327182	59.908362015421574	59.930055938123196	58.914505940521515	0.023684630304216876	58.90642155108337	58.9186480549873	58.9284046625678	59.95846871329772	0.02419856402359769	59.94804200444193	59.96145391368495	59.972746102126806	58.853584639251224	0.04244074580859122	58.83297598075711	58.8590594777186	58.88232398914886
8100000	59.95839440398665	0.06209028943068804	59.94066565450953	59.98972110798336	59.99969614578929	58.959518562685204	0.016206383925782223	58.95348660807131	58.961933014810654	58.96891130321297	59.95919013259099	0.023336038079207047	59.94698133568894	59.96229137825082	59.97600317815374	58.915523985191946	0.0227446850324225	58.90676830073124	58.91858449468248	58.92894296152299	59.90395489992839	0.037820622984917444	59.8820229225644	59.906593554441045	59.93049395478401	58.91466603032842	0.023626515109390105	58.90673319223651	58.918670875082235	58.92858562010409	59.95942006264196	0.02377586780595597	59.94893487992945	59.96310465341155	59.97447420842045	58.853795838116014	0.04238019144225061	58.83325704533967	58.8590594777186	58.882487196665
8110000	59.9578699190807	0.0639413625246092	59.93877551331345	59.991480065056756	59.9997558902611	58.95919918120828	0.018736803637918704	58.95399704061744	58.962610076426	58.96858123785441	59.95743141822149	0.0278510250619729	59.94610801548993	59.96224804861765	59.975857168746955	58.91571159634148	0.02267135606335375	58.90721911458205	58.9186374564479	58.929017262858416	59.90322491358634	0.039427207207453165	59.88045429011493	59.90761300224804	59.932300136178895	58.91482272642278	0.023606269734548022	58.906862211429114	58.91885035941355	58.92883281267545	59.95774250804218	0.026490458144723762	59.9467152893184	59.96205485570289	59.97474516694212	58.8540927331055	0.04238092155494026	58.83347964737092	58.85914165376316	58.8835501248963
8120000	59.95996722205063	0.06489606695469512	59.946300285678966	59.99406024866016	59.99980473518515	58.95953559132017	0.015633794212054318	58.954041514238554	58.961966981505526	58.96901506166531	59.95892270808189	0.02426962935782397	59.94799863636179	59.96345871671117	59.97504469767625	58.91584477623914	0.022681866399018882	58.90747474389837	58.9186374564479	58.92920308711521	59.90376471235523	0.037965257880713574	59.881645539663324	59.90840332953957	59.92983871781142	58.91495533479973	0.023593737871059017	58.90706099561504	58.91897843832986	58.92873553237486	59.95807717687057	0.022929237808007503	59.94753252138737	59.96184319258547	59.97266016703751	58.85438292407026	0.04209293805936175	58.83507601684573	58.85936326832909	58.88369393439008
8130000	59.96222395859558	0.06047053401346977	59.949787917827315	59.99360514962831	59.99978615732811	58.958818777743744	0.017889147461597376	58.95321753090356	58.96154367102683	58.96871139119421	59.95749680181564	0.025267598847776317	59.94621240940749	59.96135234791714	59.97408013560674	58.91598882315724	0.022628170141527158	58.907699334373504	58.91874753417375	58.92922202865071	59.90491480289583	0.0372560018250268	59.88339575577013	59.90989721277552	59.93133370906209	58.91509852031494	0.023594982022010453	58.907167912017684	58.91921090909963	58.92888583101055	59.959077428826845	0.024020352399636964	59.94863639919518	59.96324745210484	59.975088875317105	58.85466424212043	0.04203376088812839	58.83527987079644	58.8594424275683	58.88407067799617
8140000	59.9609580448518	0.06348449114551834	59.954663475962604	59.993373437309664	59.999782406620746	58.95833835739444	0.020070226384690734	58.95327885667309	58.961626576741764	58.96889444163136	59.95800209961221	0.02593803082088474	59.946455900183146	59.96290740180383	59.97508583934365	58.916146542028535	0.02265288896362152	58.90787225834186	58.91908245671203	58.92940521922441	59.904897209920314	0.037808767576986875	59.88050425915049	59.90867841210041	59.932352233214644	58.91523640227074	0.02340689665585969	58.90731060973035	58.91925868192956	58.92888583101055	59.958936018170235	0.025453966151391567	59.94915292445365	59.96210030790215	59.97457830247616	58.85468244212971	0.042549613084187136	58.83538967949763	58.85963065033667	58.884283035573965
8150000	59.95836490817325	0.06547768679287143	59.94635182893773	59.991479030276594	59.99970308919852	58.95876152581483	0.018063352313737454	58.9532292295202	58.96143958006946	58.968412645559134	59.95881593749477	0.025111263193407972	59.946403009462834	59.96203951333335	59.976370368054134	58.91625209960799	0.022664487008874266	58.907997903666455	58.91926459840499	58.92959024917346	59.904202896410425	0.03706545512363163	59.88137525925251	59.90897818796945	59.93066707048112	58.915401715885025	0.023247933620673695	58.907340964061305	58.919495790327865	58.929099792330085	59.95815864048647	0.025681379690172344	59.94819442796033	59.96164754198702	59.97423163338931	58.85492532804975	0.04256664252200174	58.836144694678495	58.86066749614146	58.88439202880309
8160000	59.95733863115713	0.06858479250207623	59.94036770049647	59.99218546563135	59.999721765469516	58.959409101598304	0.01987882139911196	58.954933526269734	58.962759005805324	58.96926949721353	59.9606385622892	0.024147964375300427	59.94927561236209	59.96454958709121	59.97663006637877	58.91640995664352	0.02266877814291816	58.90831574527824	58.91983191957732	58.92961756538323	59.90667200960116	0.03685241866231852	59.88474116674146	59.9092685526374	59.932840547603725	58.9155417710478	0.02322486439497345	58.90752382591571	58.9196072913569	58.929105095157475	59.95812969364009	0.027412322711431517	59.94852474416618	59.96278335659535	59.975036230820926	58.855255129381476	0.04239220244604873	58.83688440072025	58.86086446393322	58.88447697415773
8170000	59.9636314447875	0.05979670382900201	59.95583417421943	59.992173601695214	59.99976944464152	58.95819083901108	0.021584931018534835	58.95407388699789	58.9616401263704	58.968891795550746	59.95888257960501	0.022910380649560063	59.9459680674594	59.962711982602315	59.9747072671783	58.91656621079928	0.022463990246679572	58.90831574527824	58.919998704790004	58.929649047185	59.90441969832102	0.0384933316921752	59.883608584450236	59.907730304864444	59.93082152853118	58.915717129088605	0.023233423053162262	58.90794465456661	58.91962608083932	58.929337218855515	59.959289648382956	0.02241092048954577	59.94848763192513	59.96198558543844	59.97438769172255	58.855641627511766	0.04217907527225252	58.836947654463394	58.86154375225172	58.88462842383077
8180000	59.957218094702476	0.06642343675071083	59.941875872152906	59.99148444806352	59.99971752626791	58.95845080436246	0.019597918330768672	58.9533037056678	58.96228292750493	58.96901520139939	59.95780119480855	0.026638037685331288	59.946173418876576	59.96127115515513	59.974550964996666	58.916696649662676	0.022404290057297205	58.908331984122285	58.92011489397049	58.92973875698579	59.90372621611424	0.03761936132691774	59.881712823091306	59.9072249509122	59.930298684239816	58.91595258881679	0.023226470836051463	58.908294138529165	58.91970348660587	58.929559974593104	59.958694050230605	0.02484066909269518	59.94784234846098	59.96249336185382	59.97435069477899	58.85590109701778	0.04217803998968711	58.837185827090885	58.86177226992085	58.88495621177486
8190000	59.95653949051084	0.06709825664626509	59.936036346746604	59.99317857826486	59.99981479692395	58.95773365047993	0.02342464519184153	58.95307000902865	58.96161891536338	58.96849014022531	59.9596490121929	0.024452588030419223	59.94817967488523	59.96315846228016	59.9765325233922	58.916915072102384	0.02239952251949346	58.908474345217094	58.92040448493522	58.93028905619101	59.904655573550215	0.036708266450756866	59.88290544242408	59.90703118656289	59.93100512906212	58.91611646480826	0.023008165803788182	58.908343504764005	58.91991693765523	58.92972816145852	59.95875879436581	0.023852380304277148	59.94828345705694	59.96244659667744	59.97439607090661	58.856186584821394	0.04208317959271751	58.837481685981864	58.86218721212768	58.88495621177486
8200000	59.959446834456685	0.06451186717268802	59.94147400012714	59.993627974457794	59.999798659255006	58.95826621904535	0.01832665998009662	58.952708523577314	58.961503981277076	58.96847144460474	59.95832896088711	0.02299841520839436	59.947128349512106	59.96119037917925	59.975170329615096	58.91705886985616	0.02238303048005061	58.90864408564209	58.92052713477791	58.93031823417311	59.903151965744236	0.039135115109291976	59.880814791600976	59.907766733626104	59.93077983204798	58.91627875396004	0.022831479808740462	58.90852012695372	58.920078790814	58.92992748159289	59.95779364874372	0.0242419875027256	59.94783805271996	59.96141144198309	59.972976622072935	58.856461924970475	0.0420998732107958	58.837481685981864	58.8623923872955	58.884999214147285
8210000	59.95962144293976	0.06472817852010115	59.946931532253586	59.9930531784687	59.99978051228422	58.958806949313	0.01675470386213854	58.95270843739551	58.961313977643016	58.96842201175995	59.958253044933514	0.026656719296592496	59.94793751363821	59.96277905376873	59.97561362370644	58.91714998661247	0.022345153317090142	58.90867959640486	58.92066291466673	58.93036951334642	59.904225750986605	0.03879197072977277	59.88425656586326	59.909239710889125	59.929869937168775	58.91629444874232	0.023724787472456904	58.90865166025593	58.92021640206623	58.92999695814762	59.95847386920529	0.023900725555091207	59.948877781024	59.96209705157791	59.974042003632576	58.85686555421358	0.04192061303557419	58.837481685981864	58.86258719777814	58.88521253727599
8220000	59.95647955816353	0.06832300598294946	59.93900040128766	59.99332538362678	59.99983217036271	58.95871398565633	0.018023391215094466	58.95410846766047	58.961615837356625	58.96849706308818	59.958246310626684	0.026348109183890817	59.947358459660244	59.96246194722001	59.974650717113875	58.91735646067054	0.0222806807001846	58.90907663941292	58.92081613644011	58.930558882983675	59.90462115148566	0.03973824810111136	59.88272113334044	59.90917733145268	59.93226926726118	58.91645504812286	0.023588155972559945	58.90889595110493	58.92034847639776	58.93005720742236	59.96035608713323	0.020128624878043695	59.95010601416938	59.963560267111404	59.97498801504207	58.857100321334066	0.04191963021151168	58.83764453204418	58.86266054379368	58.88525566443804
8230000	59.95510074510582	0.06667289586618855	59.93291281330438	59.99029742095977	59.99964144702015	58.95782566099316	0.02233685817421591	58.95344583930341	58.96123348553111	58.968266206292554	59.95801895091687	0.028018952142742425	59.9454647883046	59.96237692826173	59.97513010484784	58.91752429367562	0.02220356414854929	58.909152181604426	58.92085273294812	58.93078444774876	59.90167454030807	0.03883329274570433	59.879700016821204	59.90579870132646	59.928387465608324	58.91663270588078	0.023467183515938503	58.909022625676926	58.92041695511322	58.93011156323608	59.95808050657262	0.022539862309499226	59.94756374502823	59.960968376315506	59.972883702984575	58.857340979023924	0.04190333067624152	58.83772449900766	58.86275328507855	58.88533561192985
8240000	59.95683598274911	0.06708877878310285	59.93796241557298	59.99232183965808	59.99983495942268	58.95726975626442	0.021495487700439703	58.95311301482694	58.961243058797564	58.967888324198995	59.95804312481883	0.027254666582218562	59.946049703706734	59.96261827844211	59.97606760685752	58.917613758198826	0.022238998806513515	58.909187503254245	58.92085273294812	58.93078444774876	59.90242977756214	0.039064125245462475	59.87756790356549	59.9055838010928	59.931148744771534	58.91676164792379	0.023441625630134678	58.90918396519655	58.920665290096686	58.93017129885356	59.95869104596026	0.023536607285618957	59.948553965426505	59.962776555992264	59.97377800138062	58.85763566914019	0.0417672255594261	58.83777328267495	58.8632787820473	58.885376791739745
8250000	59.957128995182984	0.06568106985703774	59.93697763049614	59.99316199302219	59.99976698248764	58.95810419252666	0.020114905887146376	58.952730916699366	58.9616098125656	58.96856142588527	59.96001275163499	0.024453373630253326	59.949121751355186	59.96400023369169	59.97556438005421	58.91773309170083	0.02220944626163196	58.90920006389311	58.920855815892864	58.93106170503131	59.9036999508229	0.04126761731874924	59.883265837007684	59.908232488705366	59.93105978421467	58.91691306859899	0.023450240532186452	58.90918396519655	58.920893065669716	58.93045529685838	59.959017077865326	0.02525974682976531	59.948233626410975	59.96363776259504	59.974778162369105	58.85803691597728	0.04170494005479199	58.83806905534188	58.86440659472527	58.885646549678825
8260000	59.95972744236799	0.06527877780109367	59.9488765026833	59.99303730265295	59.99982375353325	58.95760836998278	0.02150560443534965	58.95286574661844	58.96136076163614	58.96887177297946	59.95925081949659	0.027232312105715223	59.94882064813138	59.96309635514339	59.97639266080144	58.91784831406212	0.022046324191825332	58.90925949957699	58.920959338030116	58.93110082153012	59.90626093445636	0.0382331425939923	59.88322230484371	59.90943260316756	59.93301951645197	58.91705035494041	0.02342671197252068	58.909569440193934	58.920876120743344	58.93046021697143	59.95949894705733	0.021339350570347627	59.94863187560219	59.962298166724466	59.97372149978597	58.85840113153117	0.04147115097194952	58.83843689031803	58.864643523672235	58.88586836224271
8270000	59.957508132335214	0.0651547912995507	59.939263425210186	59.991732256059876	59.99967222520577	58.95872434235302	0.01813114903658024	58.95304675163006	58.96178384173582	58.96869918422317	59.95889497604164	0.0244137897110779	59.948018249744706	59.96289792848238	59.974544641865535	58.91799668487102	0.022051918156315176	58.90954836869474	58.92117200650444	58.931309745673175	59.90363616336874	0.03667893564290637	59.88278289909715	59.90801250607251	59.9293155563052	58.91715299058561	0.023440668354225057	58.90983434481339	58.920893065669716	58.93051462249687	59.958955326037874	0.022462798315090533	59.948792605914235	59.96250895495599	59.97307528378258	58.85871452388964	0.04128247114854894	58.838988463689546	58.865057033318486	58.88586836224271
8280000	59.958788026648456	0.0635596328225877	59.943293892240476	59.99213160776483	59.99967735252055	58.95915829311042	0.01781363176880681	58.953254917990144	58.96216716802765	58.968928807800395	59.95885099409801	0.02293428889190699	59.946556878306154	59.962187397080235	59.97573478149226	58.9181754331511	0.02194663820136465	58.90958845158636	58.92142383718931	58.931480829576024	59.903067145290315	0.03798568391032212	59.88197103362437	59.90653521484422	59.93028302658334	58.91724154221956	0.023448968545355522	58.909950344077906	58.92093014197903	58.93068832477091	59.958986843999796	0.024357582824318186	59.948937516515926	59.96280527940405	59.97391545782634	58.85893808302228	0.04130542485934731	58.839452954711774	58.86518281060734	58.88615799272643
8290000	59.95516423106538	0.06819310069998978	59.936342557427466	59.99116162461954	59.99972362975929	58.95945530834259	0.017391459619301178	58.954233706319606	58.96226291549097	58.96876818192506	59.95809071823121	0.027960337607966273	59.946725710248124	59.96235627967017	59.97576420718071	58.918319734031655	0.02194578604736509	58.909801163477226	58.92156478503847	58.93162120878398	59.90288872651945	0.03764491625986627	59.87972826156833	59.906776435562314	59.92885480965999	58.91735378782746	0.023407092452233484	58.910060636851135	58.920960814597265	58.930767063533985	59.95850610689314	0.02379868807089167	59.94752493222404	59.962112078386994	59.97413077005301	58.85910033549494	0.04133969446600878	58.839651228197994	58.86550946488821	58.8870954328382
8300000	59.95756284691898	0.06501231592993989	59.934520810352126	59.990550595383425	59.999757571081474	58.95940208177346	0.017410547925064856	58.954008448381515	58.962050159804086	58.96863742611514	59.95834715814875	0.02538722380278394	59.94690439043494	59.962766873859444	59.97495207841622	58.91853520697551	0.021700564434892006	58.91005054884057	58.921598326591734	58.93202867569602	59.902563995066316	0.041486798710883406	59.87888943072842	59.906154207246786	59.93090865654553	58.91752247949452	0.02338859550829803	58.91049890551853	58.921013143400394	58.931055514707054	59.95842942757877	0.023876979273356618	59.94745610557119	59.96249748168445	59.97405103594234	58.85927979288285	0.041303967223054815	58.84001771310798	58.86571240892696	58.887138746809676
8310000	59.962911712990106	0.06127925737131472	59.95315264853083	59.99473520089473	59.99983719062584	58.95949269219212	0.014253340326107493	58.95342723794799	58.96138128203664	58.96874363098059	59.95894302344977	0.02366177947216782	59.94678195732311	59.96278636965025	59.975571129996744	58.91866741286366	0.021642080118358123	58.91011984131354	58.9216897760288	58.93217546859111	59.90334232650287	0.03791279908724088	59.88081802457684	59.907706894267406	59.929669299079094	58.917711417143124	0.023341952081067187	58.910583663664866	58.921145864441215	58.931245829283526	59.95873989152357	0.022840235671155947	59.947967553559316	59.96225144730536	59.97409617651707	58.85941926547974	0.04134639693171582	58.84001771310798	58.86598138628549	58.88724953133906
8320000	59.95683813102166	0.0663399581443782	59.93563930939	59.99223243454299	59.9997114300297	58.95960750211958	0.017330735023993783	58.954275338591735	58.96205091991174	58.968987304691616	59.95985034237469	0.02421091604393755	59.947982237753614	59.962973212022774	59.97584184019452	58.91883559530922	0.02128080939607837	58.91025974765431	58.921907976647624	58.93236922295575	59.90570354123388	0.0379450295073768	59.884568045624434	59.91046990542462	59.931194701336395	58.917863293935625	0.02322573550829337	58.910583663664866	58.9213611710798	58.93135388750436	59.95933986070003	0.020644041862016318	59.947952995207686	59.96178379595115	59.97362064188657	58.859786547913714	0.04128598583116444	58.84019676847309	58.86605001412889	58.88744592235625
8330000	59.954478504007724	0.06786375063918071	59.93398993708255	59.990130610391695	59.99968730925911	58.95864328377319	0.021124589615664775	58.95410701674377	58.962012072429246	58.96884493987859	59.95757479746489	0.025527371182068402	59.94669582694439	59.961651197431266	59.974392624773984	58.918998999015436	0.021271775705001102	58.91036640938218	58.922172641021845	58.93256062496147	59.90200929024144	0.03825957493985926	59.87819356368753	59.90637473611059	59.928731967949325	58.91801482898164	0.023231583555067426	58.91085876894289	58.921503210707925	58.931504910826	59.95886044776851	0.0207459598514295	59.94727481990241	59.96098698999584	59.97344269300956	58.86003104612212	0.04124043423679501	58.840652026380035	58.86605001412889	58.887500564427874
8340000	59.95975856866409	0.06504601460964042	59.95124225845977	59.99318808802808	59.99985839057516	58.95794974532725	0.02132709731281132	58.95296317150869	58.96159057254634	58.96872678365155	59.958677943571175	0.02501751464508175	59.94824723473689	59.96190397921397	59.974755168097424	58.91912208531257	0.02130313631213327	58.9106026652365	58.922274499811415	58.932816103351065	59.90439195423191	0.0391437896412048	59.88144418007937	59.90852966744725	59.93301569833048	58.9181181717815	0.023239368732748858	58.911085882633856	58.92172899819662	58.93161097702578	59.95881848868239	0.024750420658672032	59.949719170471276	59.96324912919336	59.97397701008664	58.860289918530725	0.04124431427055533	58.84083158392625	58.86606057983408	58.887552935100345
8350000	59.95485158100962	0.06642876545179084	59.931896817113255	59.98866288871206	59.999571209293286	58.95956222122433	0.017452312570452235	58.953458337438086	58.96250127605053	58.9694282404061	59.9578605706467	0.026924569397989657	59.94818408174635	59.96269131036719	59.97466126640765	58.919292789998906	0.021225973903259907	58.91072780562153	58.922362783968886	58.932924117165726	59.90434560935249	0.03763128611737675	59.88018222647633	59.90794817217592	59.93010706759232	58.918303737951554	0.023227745780281518	58.91134158198179	58.92202786376441	58.93193484830354	59.95831248833054	0.025572928696962035	59.948164139679534	59.962535397598444	59.97411142809279	58.8605030098885	0.04115694000465242	58.84110439972119	58.86606057983408	58.88763390669424
8360000	59.96006214850068	0.06456683019609685	59.94971497564128	59.991872374935255	59.99955134071628	58.959198424542976	0.017906868670822623	58.95403875670752	58.96187440323628	58.96912267479269	59.95881587203978	0.025111749940546407	59.94820444564543	59.9634163091133	59.974503329783914	58.91941893989046	0.021001459436291822	58.91075733472949	58.922399725199035	58.93299822287845	59.904054805349304	0.0368580793829755	59.88438766211937	59.90658437177207	59.92919280162294	58.918444373309974	0.02318360514969958	58.91142890805652	58.922184750020264	58.93193484830354	59.958239627931405	0.02294154522257164	59.94711272580114	59.962290119201775	59.97302941450439	58.860703759797715	0.0411771595133299	58.841546927740026	58.86617850380665	58.88763390669424
8370000	59.96063833158251	0.062228802311534666	59.9508821985609	59.99224339305921	59.99972657204357	58.959027628780426	0.019507015565767817	58.953696252252314	58.9618956523223	58.968959056280674	59.95926916658926	0.023838977502101344	59.94699839587764	59.96202887040846	59.975986701496865	58.9194929457511	0.020864161617869584	58.9108406775419	58.922399725199035	58.933008539031135	59.905782858174824	0.03734473753896397	59.884392861997675	59.90965704824703	59.931070720162054	58.91856840661307	0.02317657411333746	58.91144389376679	58.922437181564675	58.932151802254836	59.96013621558949	0.02398976833754576	59.95017768202632	59.96416390567241	59.97618165551299	58.86099893205931	0.04089488247206999	58.84208851508512	58.866387110984675	58.887696309614896
8380000	59.95925161876129	0.06332118661928972	59.942596967119755	59.99156587961346	59.999749960512496	58.9586426728166	0.02022533557566954	58.95431722395587	58.961957261904146	58.96902574476498	59.959369347791544	0.025543246467010155	59.94843013404473	59.963452223896816	59.976262400861145	58.91966495236917	0.020821134601829615	58.91118302642799	58.92254134671991	58.933008539031135	59.9049333104313	0.040223447590700956	59.88334613211726	59.909869686506184	59.93307674207541	58.91878837911968	0.02313101973861238	58.9117786662124	58.922649588649875	58.932220725401606	59.95899510127487	0.024542193540194303	59.94866942660913	59.963152672932495	59.9741014035212	58.861220851279974	0.04087391981471595	58.842197474323285	58.86661343421119	58.887798896126526
8390000	59.9599884859899	0.06409880672955269	59.95187143242247	59.99232059069274	59.9997491846922	58.95787425510978	0.022056409368001587	58.952739856958786	58.96179120057241	58.968372005050874	59.957706854080726	0.026122094021133902	59.94619264484236	59.961600830119735	59.97541095488938	58.91981494367412	0.020606098312485385	58.911202780027146	58.92262103931254	58.93301946785424	59.903157651598654	0.03732784552357337	59.88195274534488	59.90632077171293	59.92850518798397	58.91896088515904	0.023119728800521534	58.91185422823793	58.922927339412084	58.932462736145	59.95814436963362	0.02412521533393074	59.94823775811119	59.96189046449889	59.97334423415592	58.861472205387756	0.040649565701112854	58.84231299852633	58.86669702457172	58.888169134436524
8400000	59.960128311084055	0.06151890658814799	59.94592425920835	59.9916477036785	59.99975432130978	58.95907350203448	0.01944589741240305	58.95419971134507	58.96231387438365	58.96874383791294	59.958810724431	0.025486077326044226	59.94715085377186	59.96390741295298	59.97549237563888	58.919968576861564	0.020596849752518735	58.911254625699044	58.92298581609862	58.93305581328627	59.907208511995755	0.03612019290005817	59.883895997730384	59.90882471743099	59.93318944904367	58.91906101800499	0.023114197075182488	58.911939632017734	58.923022425092505	58.93262759290089	59.95879570478941	0.024642796606390793	59.948327207686646	59.96260152846082	59.97417419413003	58.86180087143491	0.0404373041400493	58.84242377119941	58.86728170819093	58.88832594221378
8410000	59.958172544219394	0.06449718921398627	59.939785133742745	59.99183005594866	59.99968318976458	58.958714863800665	0.019653935209463444	58.95344137349895	58.961781814258735	58.9688266156922	59.95796490336896	0.02612027039120906	59.94676750950384	59.96205803948386	59.97558955151606	58.920117210719475	0.02053025994288536	58.91157151141485	58.923241437037504	58.933219946048254	59.902620927483866	0.037145169438606886	59.879712813333654	59.906012698656625	59.929753824333055	58.91921692333473	0.023063074487550055	58.912162740846625	58.92334885146386	58.93262759290089	59.957513905398926	0.023193446595163862	59.94638779248369	59.96104033487485	59.97255324798838	58.862004083757206	0.040396883018985634	58.84247458264714	58.86737556927454	58.888697642687504
8420000	59.9597861979322	0.06338997395116135	59.94026431797014	59.99440398359833	59.999836155450495	58.959140780596734	0.016791094036491587	58.95378903447761	58.961838577099485	58.968621716409245	59.95921190169593	0.02278357687116238	59.947400288427474	59.96188198296157	59.974824219075195	58.920280313432265	0.020473963542074952	58.911782541228945	58.92345226430912	58.9333520011987	59.9036702038506	0.03801590483375467	59.88002702423381	59.908203841483854	59.9297029447273	58.919343342703236	0.023028058022385074	58.91220475790574	58.923465937295774	58.932680786023454	59.9587841810028	0.023897005010387877	59.94850913520976	59.96222487767068	59.97350836953009	58.86228607759822	0.04037100681208245	58.842961115713706	58.867496912182276	58.88918204679049
8430000	59.961603753474094	0.06260373479958245	59.953249455806	59.99427296282707	59.999825634785935	58.9584644020514	0.02039283192143375	58.95299337124939	58.961673105282145	58.968723114176434	59.95711655947817	0.028127565666308783	59.94526756760644	59.96217326793612	59.975690164458555	58.92045556192763	0.020301748066893024	58.91180448110314	58.9236613919463	58.93337385025702	59.90604332651957	0.03753699706644747	59.88232683760317	59.910295863802155	59.93350555806481	58.91931042927077	0.023734684807411047	58.91222780112194	58.923497585620815	58.93274087274228	59.96003986795188	0.022863748883554396	59.95051995570664	59.9633375923644	59.974571087252414	58.86260599697979	0.04019821662246315	58.84341101774659	58.86778469318982	58.88970995341204
8440000	59.9563776038279	0.06700554231527715	59.9407256468548	59.99182863671314	59.99979637380174	58.9584522022548	0.019163540756637867	58.9528245364555	58.96178255495354	58.96840459578395	59.957817672813434	0.026681649366561432	59.945542877565146	59.96304624022877	59.97538256722594	58.920610444064614	0.020268517795428775	58.911904801549085	58.92367516958565	58.93341040168667	59.904325785725185	0.03861627790483008	59.88364382835955	59.908338014397344	59.931177031782056	58.919492563031646	0.023566728418560647	58.91227932035844	58.923615171477735	58.932885558386026	59.95874220850187	0.023937760282325395	59.948232220915656	59.962417991122635	59.97363044470086	58.86280370104009	0.04022091418916631	58.843746912757766	58.86835844631664	58.88970995341204
8450000	59.96016975401561	0.06244913806972214	59.944295474172996	59.99302056154344	59.99980983083909	58.959289972205504	0.017469877954093573	58.953187393511385	58.96171968070427	58.96925432942962	59.959564216062326	0.024896435812473784	59.94779908297804	59.96317592974962	59.97594772661383	58.920757840767415	0.020173737323621	58.91198345572448	58.923756211285664	58.933478921897276	59.90424280403768	0.03785141254224698	59.881251194759116	59.907523432395735	59.93075267222074	58.91965813556378	0.02348086415053476	58.91255443618389	58.923616605993004	58.932961146467804	59.959765264042964	0.022022613273526163	59.94918127494801	59.963002051786674	59.973775864876075	58.86305421149819	0.03996448112245516	58.843746912757766	58.86835844631664	58.88988593086172
8460000	59.958515757683216	0.06666235656343576	59.94278722217465	59.9933185094662	59.99980259363879	58.95785902527664	0.023374066029592605	58.953304296860566	58.96208961948033	58.96884128981878	59.95893720581054	0.024047734398616637	59.94685556734839	59.96342644988108	59.975081475537685	58.92091352745613	0.02010528101307421	58.912156045218914	58.92401834454732	58.93354926806917	59.90410569254226	0.0413174720997354	59.88156492496327	59.909274293346726	59.9317873859022	58.9198043476997	0.023383511264059235	58.912611166891246	58.92369738950238	58.932997590063714	59.95725458623644	0.027511473180309394	59.94625459159239	59.961930840214436	59.97442044900764	58.86333174084752	0.039751546360821094	58.84401977073273	58.86861846327086	58.88999316286666
8470000	59.956220401295276	0.06501456696262829	59.93478845899958	59.990683356488944	59.999711110523734	58.95958964053497	0.01766034514507177	58.95330088436722	58.96246603389611	58.969558299843726	59.960185907170185	0.022668171800737724	59.94765382568483	59.9632449826116	59.97690903275066	58.92103604513031	0.02005068283288315	58.912439789594075	58.92411142951201	58.93358970922121	59.904363454733755	0.03662645555215604	59.883004168710244	59.906750145000125	59.93024487341162	58.919935944792215	0.023384550557619392	58.91291865374697	58.92386155326618	58.93312433513186	59.95907210792735	0.021634023938030624	59.9482212256741	59.96202054023789	59.97360409899958	58.863312696659	0.04033448584632932	58.844229473119356	58.868627358860934	58.89034045127355
8480000	59.96186723322526	0.060908265555040836	59.946801535822246	59.994043953636165	59.99984625380368	58.95857622544953	0.01962605780658818	58.953340589781135	58.961881777468044	58.96862594856795	59.95755078091483	0.027584064125071573	59.946444595581454	59.9620232502808	59.97503797108484	58.92117822026723	0.020023059199323574	58.912784579386276	58.92421777804718	58.93367593332161	59.90456901341398	0.03854939056779141	59.881033646316865	59.90842918356219	59.93260903854458	58.920089400179776	0.023383827137154437	58.91334552560731	58.92409543098516	58.933244565373826	59.95918577232472	0.023670185474964366	59.94903276031128	59.9636272106866	59.97381415679736	58.86357284401248	0.04021411351975611	58.84444400337174	58.868627358860934	58.890564995726024
8490000	59.959935637210314	0.06437659233071517	59.944085876165644	59.99454793157808	59.99984629528217	58.95918276776551	0.016747111792056783	58.95311085242092	58.96157468821528	58.968944418233484	59.959670431417926	0.02493104615603199	59.9491027816913	59.96357463558198	59.9753951014422	58.92131454057043	0.019952896604368636	58.9131207290743	58.92421777804718	58.93367593332161	59.90455256807255	0.036046840373044134	59.882147251360266	59.908091163271465	59.931762684944836	58.92024304099741	0.023384941787651572	58.913387390136194	58.92422585310034	58.933343853709005	59.95853115396791	0.02343331210346821	59.94863056397987	59.96211421359212	59.97344879963458	58.86382594869498	0.040165150424481516	58.844610388821856	58.86901865747491	58.89087478114085
8500000	59.96416847098951	0.05979273911601749	59.957807706029186	59.99421489227986	59.999862547863515	58.960021072403435	0.017040354596781895	58.954708429957094	58.962526529281575	58.96931956516752	59.960574239633075	0.023987304165357118	59.949695900152236	59.964115030253794	59.97674214942028	58.92147699290934	0.019806959604168416	58.9134428096659	58.92430202187785	58.933740289283534	59.90664716600731	0.03878361891938521	59.88440949180547	59.91091716106092	59.93365917948661	58.92038817132032	0.023363925275495915	58.91351814264419	58.924324858407616	58.93363982297258	59.959141945502864	0.02546486265435365	59.94952471506943	59.96321673552562	59.97429006756904	58.863816996561745	0.0406417894994053	58.844610388821856	58.869099855495634	58.89136744047266
8510000	59.95964929898593	0.06296418046340205	59.94703058211411	59.99259917691581	59.99972673261461	58.96043221755803	0.0157229264709629	58.95505584137727	58.96286246587543	58.96977661715337	59.95998164802659	0.02497039564929334	59.94890032492394	59.963510765254945	59.97609825063352	58.921662311012525	0.0195552309662014	58.913729042556014	58.92456421144368	58.933966085764496	59.90567191825413	0.037005840714464645	59.883046978974704	59.90899011190477	59.931612439274055	58.92048795752992	0.023379868827353437	58.91362349064899	58.92441743932116	58.933730771412904	59.959634171917045	0.023746021476496147	59.94901384101803	59.96321020925685	59.975051086722246	58.86402376627977	0.04068067677891169	58.844722888541995	58.86923718148351	58.891470306830215
8520000	59.96088355466889	0.05990582699934835	59.946648879476385	59.99162772150198	59.99975144422048	58.95960711636977	0.01728842439464362	58.95431127372514	58.96226200936379	58.96954124972007	59.958833060198295	0.024097939917629874	59.94735815818372	59.96279069756318	59.97519946972673	58.92184070896802	0.019475011171349508	58.914030891575024	58.924714328171945	58.933966085764496	59.90292228088969	0.03951754792730578	59.88223549451548	59.906703344775266	59.929565308854144	58.9206339647149	0.023227645091307803	58.913912144603806	58.92474765344815	58.93389219594603	59.95861398499847	0.023143123073272855	59.94849852412854	59.96183527098908	59.97342246933217	58.86419622851518	0.04066433412971289	58.844832612180625	58.86923718148351	58.891470306830215
8530000	59.96320465769446	0.06082444197454928	59.95346339836945	59.99316549084358	59.999765914125916	58.95911943998806	0.01843091373938216	58.95383270609636	58.962193089970185	58.96910866202484	59.9580906487069	0.026323987233852673	59.94720330675836	59.96144796728237	59.975245584142364	58.92193070940434	0.019470979581208754	58.914030891575024	58.9248107060436	58.934092596309576	59.9052039997873	0.03532874283952314	59.88440935283749	59.908731961556626	59.92985502092145	58.92081759576637	0.023039349101911896	58.91417049116628	58.92486674385722	58.93398782739163	59.95989313006487	0.022296149356474355	59.9497441344495	59.963865462821055	59.974363304735064	58.86442643359637	0.040530001056245116	58.84524588731846	58.86944449750271	58.89156299081603
8540000	59.96120967156423	0.06070764105786173	59.94604293891717	59.99415208715541	59.99982142539564	58.959614642153916	0.015472903691672178	58.95383909008212	58.96156694420492	58.968605004087685	59.959202274905586	0.023957918120467384	59.94762882931159	59.96320043691156	59.975435963173105	58.92206597705898	0.019478872390061422	58.914030891575024	58.925084662319236	58.93424876566501	59.904830979826514	0.03637589315147901	59.88235938453884	59.90728142092411	59.92973101065081	58.920926976836455	0.02306009430713347	58.91418943995197	58.92501466244546	58.934221960109994	59.95948059998541	0.023551941962324463	59.949092518080725	59.96280217966277	59.974571200380566	58.864476003735554	0.04098103779118957	58.845455880032546	58.86969334091701	58.89196704788421
8550000	59.958734059776745	0.066467194354547	59.94481124065277	59.993256583452215	59.99987484621776	58.95838996655826	0.02019862708592478	58.95328368386062	58.961576305132624	58.96838297367907	59.95952955074111	0.025193863775909695	59.9474018389155	59.963115316852964	59.976421856520396	58.92217980860547	0.019457247370011976	58.91411456317744	58.92512642059607	58.93435538105396	59.90537142146389	0.038310236406204484	59.88203846602073	59.909013931268746	59.93144195218575	58.92104355611019	0.023063180609887584	58.914289737843845	58.92520449844827	58.934221960109994	59.958340744314945	0.024496182432825288	59.94728789900112	59.96245127743155	59.973199205508564	58.86475057158943	0.04100555017976739	58.845455880032546	58.86997245287033	58.89212770705373
8560000	59.96213817522226	0.06279520931722674	59.95285220607608	59.99452277088282	59.999812306829455	58.95805966159257	0.02239061763468212	58.95284439702876	58.96160080490568	58.968632123061425	59.96079989461976	0.020427942814082653	59.94918438576751	59.962925969052286	59.97554368404742	58.922323902829355	0.019361479654926503	58.914142509748054	58.92517754248297	58.93440366150623	59.90505979295785	0.03768858859934708	59.882452136120385	59.908885320490484	59.932288041020264	58.921208210800145	0.02302462496672877	58.914579607969515	58.92521129950663	58.93428622458643	59.95914815506659	0.023761121240888704	59.949123349091465	59.963121702017546	59.97402746422446	58.86498642201271	0.040972667928134685	58.8455977628022	58.87005756763023	58.89212770705373
8570000	59.95773666977025	0.06735643440026438	59.94493720526092	59.99365392175567	59.99977016734273	58.9591090916781	0.018318379824758355	58.95352918139364	58.961763150393736	58.96894399592807	59.95865309165577	0.02582295723989194	59.94647473466681	59.96206762308428	59.97570437793353	58.92244103758239	0.019343939724985427	58.914142509748054	58.92522540980809	58.93452927244406	59.903587080013295	0.03806152262841288	59.883256166828446	59.90641694922837	59.93072091168857	58.921322422012715	0.02297508105472403	58.914663168777444	58.92522368504929	58.93441488658637	59.95894405859393	0.023210883212494843	59.94843026208983	59.962738149583366	59.97372717901829	58.865153828482555	0.040981349084710565	58.845986954601884	58.870269470750145	58.892381852691955
8580000	59.957559420233466	0.06760572732350503	59.94108209413696	59.992545333550936	59.99976889809989	58.95887279424823	0.019645151326983374	58.95416644793632	58.96206234143919	58.96906653799087	59.95948083702311	0.02317334427454259	59.94671989353169	59.96212745765061	59.97559126224226	58.92254745199149	0.0192940909447161	58.91415667493911	58.92534804608141	58.93454586715958	59.90442080917442	0.0370233630633129	59.88327300728248	59.90700544809823	59.931090036309826	58.92149615541765	0.022767443495247886	58.9147909700875	58.92534969006806	58.93441488658637	59.959090479386916	0.02456277997767499	59.94911029257504	59.96310150710722	59.97389227865194	58.865356348561946	0.040930040021975624	58.84612965765921	58.870515213707584	58.892381852691955
8590000	59.957359678897376	0.0665524367174131	59.93857686399635	59.99296187218781	59.99975772148812	58.95845734793039	0.021056892656376672	58.95340487292834	58.9618829130129	58.968896328104826	59.95857502270025	0.02473560540922318	59.94584063322396	59.96235985897794	59.97590932967233	58.92267709172791	0.019242390563856418	58.91417402958293	58.92540799570334	58.93458127185009	59.902957394221716	0.038781290626985945	59.8810634077578	59.90661495700318	59.930231339367445	58.92160845832021	0.022632571002049472	58.91498477950817	58.92534404223163	58.934574056652025	59.958144841619955	0.023626128286962613	59.94891005749852	59.96208188757744	59.97295469122829	58.86563046207708	0.040857386534271616	58.84640833921809	58.87073326546908	58.892495239523285
8600000	59.96168415864835	0.06369763528512576	59.95088840327551	59.9932405476634	59.99985935653699	58.95943677139374	0.01540629708608563	58.9527813894221	58.96162724620189	58.96853346856405	59.95998704959685	0.024296541432227918	59.94984070825321	59.96327075431245	59.97625139983745	58.92283731131509	0.019091959879872562	58.91435099512637	58.92573972429642	58.934853965609506	59.905993277470024	0.037552442095993906	59.885715795351075	59.909813552928945	59.93165505332692	58.92174767632641	0.022593047020757026	58.91519186699061	58.92537325553394	58.93462055895857	59.959872733666145	0.02443476837619441	59.95106505251076	59.963421362107354	59.973708193697355	58.865802279421295	0.04079532489362292	58.8465416274962	58.87073326546908	58.89261472928122
8610000	59.96176276709181	0.05948674287113564	59.950060910147975	59.99241118246417	59.99979132022622	58.95908421746391	0.01866397240092068	58.954131986042924	58.96214779905088	58.968603560333015	59.95731431148766	0.027987103312911637	59.94644077899612	59.96172848154295	59.974259947986624	58.92301206732757	0.019066410913299657	58.91444057977716	58.92590881564931	58.93493116333455	59.90395818282011	0.039316114658721604	59.88024050472087	59.908035833689965	59.931496682554524	58.92187965309702	0.022557465932517746	58.91529383936579	58.92542088951455	58.934686990039204	59.959093224487454	0.02154717951734618	59.9475882665525	59.9619709823744	59.973536751726215	58.86604579397561	0.04076447372600123	58.8465416274962	58.8709450762326	58.89314764201536
8620000	59.96210971747904	0.058973077403009666	59.947918046530745	59.993035545219016	59.99982869533367	58.95827243431218	0.021249179052666458	58.953678929872815	58.96192368134578	58.96910866351629	59.95939986032069	0.02440027528050713	59.94763397167401	59.96293653395904	59.97559481281327	58.92312148276265	0.01906216217515445	58.914752450263165	58.92594448414669	58.93497584975017	59.90602855470808	0.0363350186964218	59.88329540137988	59.90900596008743	59.9316970167629	58.922013444738106	0.022423142920107275	58.91530657854803	58.925621357059015	58.934693488011376	59.9597834194744	0.021658956517242835	59.94937477590694	59.96315540313121	59.97427357932795	58.86637842292591	0.04070829967759239	58.847009996008964	58.87167906981265	58.893614207403566
8630000	59.958890895342115	0.062488500781837084	59.93737330410495	59.99349385355383	59.9998092123576	58.95828009015404	0.020937713992356628	58.953688822254925	58.96193072060845	58.968783476917835	59.958969162823614	0.024432457434284512	59.94714156802337	59.962652088858334	59.97579486747475	58.92329458047451	0.018960768690630327	58.91494773350758	58.92600394998091	58.93517225716016	59.90395532581875	0.04052468441913629	59.88093754786942	59.908265905016975	59.930133672989406	58.92217343005346	0.022346402127024396	58.91532776468527	58.92565264708301	58.93488997070793	59.958536636560524	0.024141413952713922	59.947830089983995	59.9623415695111	59.9739508967244	58.86663028419484	0.04072190424013602	58.847200465740485	58.87291734762541	58.89380178314884
8640000	59.96091489302026	0.06399306958524266	59.95218263049826	59.992868395912474	59.999704675147	58.95939128101148	0.01723767413700017	58.95384037632501	58.961899920707275	58.96877065903965	59.96022750697893	0.024252069619170383	59.949184854436766	59.963949426072176	59.97699513741628	58.923424168671076	0.018925620609878308	58.91505963189125	58.92638025881679	58.93524718374752	59.90514934169808	0.03895913970928792	59.88388184846913	59.91030896612419	59.93095195760998	58.92234224633999	0.02230952292700621	58.91540078242973	58.92578013428971	58.93508596392525	59.95781381374797	0.025657681771063923	59.94748578202894	59.96240076250599	59.97372053521457	58.866905836037965	0.04049285766771772	58.847278252503116	58.87307994319549	58.89389315191011
8650000	59.95739544683838	0.06929035142483403	59.94309458832498	59.99158592746082	59.9995710162065	58.95976111050593	0.016307389864809858	58.95439721496102	58.96224289039331	58.968935228323474	59.95987243964695	0.022461667447531714	59.94863863402338	59.963807618327564	59.97506935507462	58.92360875401726	0.018913888128056767	58.91530427666808	58.92656031489946	58.93562188882878	59.90506093827997	0.03519803311691854	59.881963583827705	59.90751484574354	59.93101130269907	58.92243204196775	0.022334266670501417	58.915401142912366	58.92578013428971	58.93515428956386	59.95838405117447	0.025868851892904565	59.95036169395301	59.96283407619288	59.972900598125065	58.86717697477079	0.04039926215751454	58.847501951082876	58.87343261122453	58.8942708564723
8660000	59.95798216844763	0.06690861019423441	59.94222475165308	59.99380454718348	59.999848996941395	58.958836007063404	0.020058634258017776	58.95362981099165	58.96203288020412	58.96853570630622	59.95883376502667	0.023671773784350245	59.94699666457904	59.962292146584716	59.97462414891983	58.92371767560214	0.018904223615447052	58.91538147344923	58.92677837588794	58.93560863833585	59.90553585072142	0.0367512485142902	59.88300931739906	59.907684383476266	59.93123658485572	58.92254716022644	0.02230324682940573	58.91561572464365	58.92602053864269	58.93515428956386	59.95876633364793	0.023424701754526208	59.947576391587	59.96166029885015	59.97347976286286	58.867378488511065	0.04034574532604456	58.84754089216992	58.873856466454214	58.8942708564723
8670000	59.9561704027904	0.06497963491921138	59.92974806852985	59.99144120789974	59.999721344932816	58.959040719267094	0.018842968111200904	58.954273952987684	58.96183598168764	58.96878775438763	59.960261845088326	0.023796900229214556	59.95019583995988	59.964150766684256	59.975644828876284	58.92387852234639	0.018734663498915085	58.91557082497822	58.92679069308764	58.93570591108781	59.90545028327054	0.036986873648513614	59.88350589126884	59.908511343328385	59.931435887955416	58.922676842865584	0.022298183228783564	58.91594435991616	58.926341262171086	58.93529118072346	59.95873623238148	0.02770854414914184	59.950380039700406	59.96304776483626	59.97423008168999	58.86757176612373	0.04031949913070101	58.84754089216992	58.87419250867225	58.894418438370415
8680000	59.95675386531621	0.06867952434922221	59.941111010392305	59.991786263923856	59.99964410935693	58.95932207623749	0.016640068050199297	58.95382330953596	58.96184050216224	58.96822617357863	59.95797030423231	0.023410649048849496	59.94714494009221	59.96128683446304	59.97399332537184	58.924014682584705	0.018718010020234477	58.91577463350767	58.92688689721165	58.93586835069978	59.90247044564322	0.036563458993797295	59.880547512761396	59.90506223331545	59.92810422425015	58.92279404023077	0.02213019859555522	58.91611257652099	58.92637453433642	58.93541955414389	59.95824662551827	0.0224141713433277	59.94751973910742	59.962088004465954	59.97271529233974	58.86781218177712	0.040182120742191955	58.84834511809782	58.87430858443123	58.894418438370415
8690000	59.95692903698633	0.0669473319600178	59.944044256575694	59.99123956335842	59.99983407928021	58.95772949875667	0.020910259426121163	58.95276463723594	58.961275923013844	58.96771333754362	59.95803696104996	0.02468196606664488	59.94515891311293	59.96161341596704	59.97487378927655	58.924115992398555	0.01870500698304809	58.91599576941885	58.927007483697736	58.935905208787396	59.90210344086133	0.037706179325492306	59.881309422067396	59.90425257057851	59.92861504395607	58.922939135791026	0.022092114140949734	58.91626890292592	58.92646394435842	58.935586545878	59.957973165905564	0.02509053697444972	59.94848181967335	59.96247876327047	59.97399413689594	58.86801341262908	0.040163475642340705	58.84834511809782	58.87446059625394	58.89457740547246
8700000	59.95526738398185	0.06708763679280809	59.934029062625804	59.990426968801216	59.999677847894986	58.9582828154665	0.020113066678124573	58.953702098593595	58.96204064490247	58.968600830114895	59.95766738879597	0.025805117085464294	59.94632323770859	59.96237160582559	59.9750252342682	58.92425030441511	0.018691834593899646	58.91617785950421	58.927038050017345	58.9359276163124	59.903851115527694	0.037551197304424626	59.88202130337902	59.906901538451166	59.9295116680264	58.923068074040266	0.02206884129989098	58.91642679797209	58.92656786681486	58.93559114311128	59.958483432370684	0.024729229352762314	59.947242945246245	59.9619882367812	59.9746761569002	58.868254302812815	0.04007351821484152	58.84856375568117	58.8747414529127	58.89478542699811
8710000	59.955984960854686	0.06563800553563695	59.93657356613868	59.990066682837835	59.99955445351377	58.95888310202156	0.017899970515011923	58.95353392789213	58.96153325471028	58.96914244153338	59.95801520845765	0.025071265225026274	59.94655723140245	59.961928235135545	59.974654837921435	58.924375111488665	0.018675365278767838	58.91642487903703	58.92709497590346	58.93615982762956	59.902645526343974	0.03871544630778409	59.88229025551101	59.90658390454403	59.92905351746795	58.92317585271654	0.02205252604520009	58.91651734308469	58.92656786681486	58.935812062281954	59.95779675298989	0.025498656827768352	59.94905051957117	59.96144596232798	59.97339804646028	58.86856531177243	0.0397892155457114	58.84868278046001	58.87496206373119	58.89480163132595
8720000	59.95826342086034	0.06577328755650536	59.94250157350277	59.9928561793903	59.99978744423166	58.95899441671203	0.015491615982601833	58.953181867121515	58.96127448208738	58.96848792301003	59.95886512690228	0.02724940192971021	59.94881971863602	59.96360615483046	59.97507014909354	58.92444836438331	0.018637152825424906	58.91650472406299	58.92714228420465	58.93620938833274	59.90560556660586	0.03828611515702491	59.88547897418519	59.910671408131265	59.930859450532054	58.92327698380658	0.02208818610429488	58.91659650074904	58.9266042147771	58.9358580852742	59.95943759571983	0.02191555751352979	59.94826307883281	59.96225588555569	59.97408208473049	58.868718498967986	0.039736173432253476	58.84889436701833	58.875089690085645	58.894825530551294
8730000	59.958032484549285	0.06539012678848284	59.94047591477479	59.99248808434255	59.9997619897237	58.95889591013326	0.02103694882872865	58.95379444070927	58.96204109044906	58.96891090854128	59.95933327075642	0.026934181434324696	59.947796799616505	59.96426754552155	59.97568457669728	58.92459289851728	0.01842513326634826	58.917094456213796	58.92719619602264	58.93622780744256	59.90465610142386	0.0381850050270176	59.88236413521801	59.90859372966716	59.930733934645076	58.923392690126	0.022040916793016115	58.91666008753239	58.92679553723302	58.9358580852742	59.959362693841214	0.023467036529042827	59.9490350497591	59.962579144554624	59.97372076602251	58.868996777812825	0.03975144856984104	58.849149158373784	58.87576180748161	58.89501582967918
8740000	59.96177331476397	0.05912899608078455	59.94742126127188	59.99238775088609	59.99971130367018	58.95889097346421	0.022566345134632057	58.954649252882206	58.96239608597749	58.96940213265853	59.95997452475584	0.02460998666267895	59.94914835653375	59.96439314792504	59.97608181469835	58.924725468230534	0.018359134900235635	58.91724112140528	58.92729758517669	58.93633160679424	59.905182450579765	0.03706585546190922	59.882918508619966	59.90908766579446	59.93141676501827	58.923534507548254	0.022012713921884634	58.91671554527882	58.92694271940786	58.93587018929751	59.959630702724155	0.02373625131302013	59.94995036077038	59.96375233360082	59.97513778201413	58.869186245039096	0.03966987537601239	58.84923310084616	58.87600804218873	58.89513072130572
8750000	59.95843675406189	0.0655803904567009	59.941935139064654	59.992098612326814	59.99979885461585	58.95931999071958	0.019877757429688447	58.95452145746992	58.96244412835395	58.96981238358118	59.95959787624579	0.02553588548329066	59.948158133602504	59.96335488459116	59.97566985648189	58.92486800395715	0.018132996675814427	58.91752171828993	58.92743432801341	58.93633160679424	59.90526564586483	0.03779564259107817	59.886047509305726	59.90913369225515	59.93198494203168	58.92368520488108	0.021701971640256945	58.91690791431008	58.92696682590575	58.93603423428281	59.95922947948612	0.02231618177605173	59.94827340686092	59.96285014181383	59.97375101689244	58.86937487922828	0.039721891776385854	58.849386802316026	58.87620939914971	58.895471605532784
8760000	59.96103194392225	0.06520155577008135	59.951905067894515	59.99408557470552	59.9998767417817	58.9590548862039	0.017356600244122302	58.95293370268883	58.96207837740347	58.96866251934411	59.95904303498377	0.023140516130295843	59.94650056007199	59.96332677924086	59.97512038104413	58.924944230083085	0.018153131857212776	58.917557494840686	58.9274731069725	58.93653206575011	59.90508709926484	0.03807155664166225	59.882600113350854	59.907662493269186	59.93246569396655	58.92386967298037	0.021586743210541024	58.91705307387514	58.927082894305514	58.93628946658985	59.959665194341866	0.02051223191906939	59.94856294600811	59.962200764602485	59.97425871563653	58.86956964425496	0.039652262999857184	58.84951659917181	58.87659878688012	58.89573095689615
8770000	59.96177684216953	0.06412839365339564	59.95379105060954	59.993130028473146	59.999788735094796	58.95775860413424	0.02132326799731075	58.953310995759686	58.960922349724626	58.96852951370458	59.95750322135703	0.02671812033030063	59.945922190008055	59.96228516386479	59.97408026357745	58.92507458983441	0.018149292960446404	58.917707286211765	58.92754807256755	58.93653206575011	59.902400741414766	0.037318918848737795	59.880397904841104	59.906296477098316	59.92702804775565	58.92398955251913	0.021525132990840714	58.91710300870487	58.92729797845677	58.93651843913864	59.958843297937854	0.022657441805201215	59.94870764250863	59.9626745673689	59.97325116468615	58.86990912301359	0.03954559104723698	58.84983824019031	58.87676807603995	58.89641823508701
8780000	59.95612903855586	0.06800144865220747	59.936055482185424	59.99130306351938	59.9996547273567	58.958189187976956	0.01834074106754135	58.95210203363399	58.96116101214808	58.96821808592031	59.958887953267066	0.024249813114676236	59.94722196551299	59.96272349088275	59.97419650846223	58.9252053691	0.01795482496407225	58.91806564343021	58.92762214905662	58.93655828843497	59.90537360076798	0.03734987891142482	59.88417427505453	59.90912063760467	59.932046392119915	58.924140668186034	0.02127826076457652	58.91723959757706	58.9273872461241	58.93654007199438	59.95792151410075	0.0238822109059988	59.94760879069798	59.96142120214401	59.9734451483522	58.87014981083028	0.0395763405518489	58.85001734586235	58.877516882924304	58.89655099037421
8790000	59.96025298528234	0.060809765527465184	59.94466020241481	59.99362599827752	59.999698114645525	58.95840103427293	0.020263958875897537	58.95316448259909	58.961844936356826	58.96840614161202	59.95888158941938	0.024127513986753592	59.94589455218507	59.962737609848695	59.97592276089062	58.925312717632046	0.01787926736558468	58.91819370986286	58.92786863145774	58.9366103847465	59.90437070364283	0.036547974178142165	59.8796040756816	59.908132787913544	59.93062874313701	58.924309916835156	0.021142703124344027	58.91723959757706	58.92756110822682	58.936694385191906	59.9589767519369	0.02477975971564679	59.94946255718297	59.962678228587336	59.97361243923244	58.870392698633616	0.03944570753470058	58.850072055485626	58.87774452953459	58.896597104100096
8800000	59.95775373319176	0.06868815687566766	59.9457317657575	59.99282925385864	59.99974484786436	58.958565123905004	0.019189944064854452	58.952764500119684	58.96187465617339	58.969185883572315	59.959506183787475	0.023545711205893282	59.94812927769484	59.96304388748881	59.975846337273225	58.92542789254373	0.017899759080663363	58.91831004067579	58.92795305748923	58.9366472430864	59.9051332358083	0.03763751263763246	59.88069283768657	59.90965913366058	59.93334078085665	58.924476148890946	0.020628528649327176	58.917446358364	58.92775492823051	58.93672061747358	59.957948943606155	0.026206470488653683	59.947486048169495	59.96197461290174	59.97364242668401	58.870613425325914	0.03940060457004524	58.85027046856912	58.87793313764092	58.89683731563052
8810000	59.95871721725657	0.06588320769566229	59.94733246080153	59.992968471135285	59.99972410855203	58.95944660945115	0.01649866172447328	58.953332861077214	58.961610342415526	58.96886369565267	59.95799577588753	0.02779359337362475	59.946547609022986	59.96269341722517	59.976264287833004	58.92557073405573	0.017876445197762592	58.9185127080238	58.92819086480309	58.937057657294496	59.903383950926	0.03894831926204741	59.88008385837121	59.907560322643945	59.931693852678016	58.924586388452425	0.020528816253609784	58.917508588670216	58.92777307768303	58.93672682814106	59.95889214584353	0.022147268606520554	59.94789217500503	59.96166789991264	59.97399146060394	58.87081094715752	0.03936652854049109	58.85066929537089	58.8780369046696	58.8971165580579
8820000	59.95975566741489	0.06643716955005557	59.9476105438939	59.99362219342139	59.99982685818813	58.9586144448319	0.02103974563489403	58.953240021453325	58.96202542750859	58.96921973085174	59.95755338019467	0.029145255165852906	59.94697818767742	59.961780263607906	59.975316794541115	58.92570527129997	0.017619805413202645	58.91859084527015	58.92828993730028	58.937057657294496	59.90454919589862	0.038127074757642515	59.88339226881081	59.90962818568835	59.930790927851355	58.924701711458724	0.020525413188686805	58.91785307112402	58.92783082882026	58.936747373010355	59.959238116755955	0.024314489636342272	59.94845644789022	59.96340290789939	59.974232330906275	58.871122920139776	0.039065363432915945	58.85099386181028	58.87805954123884	58.89718552895617
8830000	59.95973586209111	0.06180466325653071	59.94139429309848	59.993158800958355	59.999809199773125	58.95897487525355	0.01998184784074845	58.95363802764287	58.96173082007962	58.96904194452187	59.959117995499476	0.027687297373408786	59.948592584586486	59.96401626724681	59.975820352936516	58.92583812206129	0.017589206392176305	58.91862066487149	58.92840015570497	58.93710021378705	59.904623785976376	0.03933989935285856	59.88329057338027	59.90912408281888	59.9318565412637	58.92480018194364	0.020504719272777364	58.91792190345434	58.92791845385578	58.936782691450425	59.95947647440567	0.023836410795820603	59.94966754483093	59.962408446394505	59.974901411463584	58.871305417107045	0.039044799377297656	58.85154154099455	58.87814972926118	58.897214607854266
8840000	59.95789135528238	0.06608804867593082	59.94425489512809	59.991075347262154	59.99980928500741	58.95823964090958	0.02253524818073708	58.9538996945858	58.96164179682886	58.96916741532601	59.959708892530536	0.025046210588089337	59.94829758104801	59.962610588977924	59.97580826563778	58.92592364735708	0.01758072981804774	58.91864103582874	58.92844264351789	58.93728344325846	59.90493028593548	0.03566205308561164	59.88320892088641	59.90764998588412	59.9308659614491	58.9249515578054	0.020504780652506684	58.918003437244025	58.928027105226334	58.936872097457126	59.958845324876826	0.023977122007704337	59.948904028158324	59.962313338305634	59.973747966082556	58.87153517200087	0.03887953364567952	58.85207168758123	58.87834698553736	58.89753983315478
8850000	59.95795104236945	0.06571360762266577	59.944717421169756	59.99205946777558	59.99973022861377	58.95886496739638	0.017150610068650346	58.954031368004934	58.96214074068177	58.96880224199468	59.95824986817151	0.024969170403682697	59.94781860280004	59.9617256299346	59.97453821695718	58.92606770381951	0.017556919855562805	58.91880487635302	58.9284979178654	58.937383015305855	59.90369795119721	0.0366102983103289	59.88140140733326	59.907242496768816	59.92915279190816	58.925080681565575	0.020443118792612826	58.91812291970463	58.92814746730425	58.936952710996835	59.95847886916678	0.023212128549712763	59.948586017266265	59.96144616650456	59.97364749115529	58.871580674616396	0.03912352837845886	58.85207168758123	58.87834698553736	58.897710861886644
8860000	59.957680156177524	0.0665196161296748	59.94210421168583	59.99199096342839	59.999809305880476	58.958979298992865	0.01868378081565764	58.954511151044755	58.96171484965909	58.96870788881654	59.95956579169898	0.02390283604281391	59.9487422589287	59.96359525130498	59.97539155215935	58.926166601845374	0.017507607310465585	58.91885469612133	58.92855212099097	58.93750155213643	59.904947731816385	0.03685111842373441	59.88440605407436	59.90827509288171	59.930375123399514	58.925177784471835	0.020423062774918524	58.91816388271762	58.92819797332815	58.93711171820036	59.95939399257478	0.021522465209496314	59.94901566096536	59.963380216129394	59.974005449827885	58.87174945448632	0.038843481101705664	58.85224539334367	58.8784889880386	58.897778104437364
8870000	59.96020986595699	0.06488557315262565	59.95139079039731	59.99284326996284	59.999784535727315	58.95821320998352	0.022135426862707638	58.95402586292547	58.962325044527475	58.9684119023374	59.95933521531043	0.023012852635885657	59.94673521507917	59.9624989226061	59.97562041298322	58.92628149416609	0.01745068996766522	58.91885469612133	58.928676907448846	58.93750155213643	59.90361976076745	0.038338921017918824	59.882633810034136	59.90845604404503	59.92899664883979	58.925314263923454	0.02039696333550766	58.918303081078065	58.92850968046597	58.93726572037506	59.95879883583496	0.025206126856712682	59.94903509881297	59.96257970686264	59.97429883189104	58.87197475213456	0.03863376050844125	58.85253506221736	58.87881105647483	58.897901497932935
8880000	59.95594180202252	0.0693245356509026	59.935936170299904	59.99120550004017	59.99963201585223	58.95924601515156	0.018411329222485368	58.95408588607548	58.962026212306654	58.969143607292224	59.958256475130895	0.026868973069210687	59.946374184028834	59.96403509453381	59.97603165125071	58.92645185088882	0.017242716337585902	58.91885469612133	58.92883606361438	58.937561489167535	59.90271654460572	0.03788626867605258	59.88253225860849	59.90545863476101	59.92837386501471	58.92545960689456	0.020361282312967185	58.9185386283671	58.928570228918204	58.937349634877776	59.95845952215665	0.02476544325450474	59.94875292609771	59.962305749429454	59.973243824707126	58.872267573477764	0.038525770560711325	58.85257438254976	58.87921970686968	58.89863863597094
8890000	59.959064423611785	0.06371526191270134	59.94503341547361	59.99170154023439	59.999650141822315	58.95863864088285	0.01933854321367992	58.95329419892074	58.96145003216708	58.968866503122506	59.95774679318799	0.02669537947947251	59.94487836902212	59.96194673076198	59.97592802893094	58.92657400039476	0.017256802786304024	58.91889045176434	58.92885698431013	58.93759712407544	59.90288308408639	0.04014580320704001	59.88008325268355	59.90613112274364	59.93265573123031	58.92564881350581	0.020348212373859288	58.91876742873474	58.92884350612346	58.93763641987206	59.958569271188196	0.023499912323607732	59.94792327405381	59.96169504800895	59.97417550417923	58.87246317522397	0.03843917728310351	58.85292774031471	58.87946549540938	58.89895606517633
8900000	59.95882881340871	0.06385929384984239	59.94330941571559	59.9925629012362	59.99974089112459	58.95927215685841	0.017455135867357547	58.953592579280695	58.96201706236819	58.968776682414386	59.9598423650863	0.022520779979235586	59.948233425545595	59.96295851953717	59.975866988251475	58.92674920117382	0.017142525113218034	58.91900794539918	58.92894459262899	58.93778993041587	59.90477696122208	0.03670409747673128	59.88554278790609	59.90822213517281	59.93133091108637	58.925750681722334	0.020385002365813608	58.91870035027949	58.92895469539506	58.93769603956277	59.957372178031314	0.02690281186771601	59.94656955946804	59.96161548253722	59.97372185273532	58.87266811720383	0.03844792588502113	58.85336227229527	58.87982755438771	58.8990308943509
8910000	59.95691512264609	0.06629490695506564	59.93734824368636	59.99159848467492	59.99979141721857	58.95933533010989	0.0192095682853326	58.95407492980275	58.96225301970739	58.969028898360015	59.95945184245679	0.024563708233154694	59.948968161921776	59.963789898559114	59.97522461805067	58.926879215822616	0.017156701332811913	58.91931294548594	58.92922175452402	58.93793914437666	59.903527492749404	0.03831700360643048	59.87973086421237	59.9066072119969	59.9310985155721	58.92588632104759	0.02035512437569143	58.91879272548649	58.92898437786728	58.937783221589825	59.957111008473476	0.029003495475448095	59.94804776301746	59.962148927101794	59.97407233884972	58.87281387248775	0.038447880637272454	58.853821990228504	58.87986184126403	58.89926661845092
8920000	59.95750227933054	0.06593863843526941	59.943153661150376	59.99278136788211	59.99975846987697	58.95819216200413	0.021556257277778015	58.95347443142403	58.96207509235837	58.9687117575961	59.95769459143079	0.025441364552896632	59.94658612047395	59.961483619710876	59.97438570424035	58.926974481668935	0.01709144659343826	58.91931294548594	58.92930413679454	58.93809768366546	59.90177312379528	0.037935856619154586	59.87964742975316	59.90483208565259	59.92847370822874	58.92599899593125	0.020385042097275985	58.91891894025972	58.92903362144155	58.93819623396739	59.957306345499674	0.026097391359777126	59.94762626079172	59.96162131023037	59.97366046637951	58.87311166016579	0.03837539466994504	58.85411952107573	58.88009658690066	58.89926661845092
8930000	59.959792757133975	0.06325407052989594	59.94160256207662	59.993464522219426	59.999743365926406	58.9584407609188	0.019287059937794532	58.95255014356057	58.961611756992646	58.968562481216495	59.95759181666337	0.027442062740583764	59.94682647366177	59.962500503475646	59.97534798687146	58.926957585901825	0.018735605941044897	58.919526167831236	58.92937555327194	58.9381438614883	59.903979095411195	0.03791629241971233	59.88229383243831	59.907840062305944	59.93038276762398	58.926096523374405	0.020365977587863408	58.91900526402771	58.92917344009524	58.93829797150297	59.95780157273417	0.02593501366091755	59.94785925945138	59.96201166801382	59.97382735220155	58.873300466142425	0.03836078481377052	58.85411952107573	58.880301137742066	58.89926661845092
8940000	59.95641285356476	0.06769612794117003	59.940615099856046	59.9917098782858	59.999782758498384	58.95901847635497	0.01923815900205713	58.95369686032965	58.962213390926095	58.968616823700984	59.95846146693842	0.026435235496911055	59.94678708504043	59.961841398888446	59.97571369516608	58.92705211829314	0.01873542186018769	58.91976468935387	58.92968134452873	58.93815820333405	59.90220591414501	0.04029078221603848	59.878682774432626	59.90705648508664	59.93004213969773	58.92622985896322	0.0203192450210618	58.919022962599485	58.92932109796493	58.93829797150297	59.958045020707154	0.022238665443912127	59.948373419629654	59.96145860797334	59.97287125238809	58.87352665796094	0.03833036712198941	58.85418283360419	58.880301137742066	58.899591967521786
8950000	59.95820625096817	0.06471840175395333	59.944948059268214	59.99148420084985	59.9996911176856	58.9594469127205	0.017950662292933964	58.95423555610825	58.96171712447246	58.96942389835442	59.959120391897635	0.022759512416851323	59.946608239885165	59.962474162525595	59.97534311321989	58.92718318264757	0.018326895803524406	58.91977801080823	58.92995096426419	58.938201042708826	59.903263170632364	0.037414805360480856	59.88069185193679	59.906555482873046	59.929201445205685	58.926331118785285	0.020317742403944513	58.91906680269871	58.929368487028995	58.93845095956052	59.958264973447264	0.024544349696980196	59.9483661238996	59.96235622901287	59.97336038234124	58.87373847079668	0.03830872400840715	58.854832298062334	58.880339554521534	58.89990496468096
8960000	59.959475061851414	0.06701861888892746	59.95026620307285	59.992210292882476	59.999723288103795	58.95891992878424	0.020089002766160616	58.95432916281295	58.96141941154501	58.96899752842098	59.958998568450255	0.02397845435087343	59.94618910334371	59.9632835759075	59.97462492469859	58.92712291289816	0.019222261698282655	58.919817124653754	58.93001145589436	58.93830517582467	59.904254764036494	0.036593714278657034	59.87902271121689	59.90620238690366	59.93209567131062	58.92644887977283	0.020282972643242213	58.91921394661562	58.929514711512354	58.93854124526475	59.9573344941037	0.023111990489057203	59.947664614607426	59.96087878917354	59.9724195399225	58.8740272259572	0.03827486466802261	58.855367960947866	58.880465292029974	58.899930033149765
8970000	59.95854486150694	0.06764065782694025	59.942151852361334	59.99346786287705	59.99978894645809	58.95914410595522	0.016959834053983013	58.9541362454947	58.961922343678495	58.968158956347594	59.95855150467221	0.02437016676419722	59.94718937996226	59.96239155766315	59.975097842515964	58.92726173479071	0.019215446314433244	58.91989604978381	58.930035838138	58.93834540697085	59.90411111966125	0.038271457308075525	59.88344781960723	59.90732318761057	59.92997541880172	58.92662135857548	0.020238535600527376	58.91930689886024	58.92966261154044	58.93860428026823	59.95882259719608	0.02415254666687357	59.94835213542058	59.96225216444155	59.974423716874014	58.87423161470064	0.038132708970594606	58.85553294687149	58.88061453931212	58.90009721814803
8980000	59.96218906370633	0.058896841997039755	59.94777321552017	59.99329557926961	59.99980039107588	58.958125573177625	0.01974493965604378	58.952624408406386	58.96173446266218	58.96833314399957	59.95828255225678	0.02697172272522186	59.948097927338466	59.96225125669545	59.9751576180718	58.92743991113955	0.01910972204270792	58.92008972732388	58.930297239150775	58.93853097777811	59.90393725845276	0.038026536868916674	59.881813084455736	59.90789181977515	59.929699675931104	58.92675701779554	0.020178202518914005	58.91961081441072	58.92966261154044	58.938642084444545	59.95890962619006	0.023949162659966976	59.948733006632686	59.96251676305063	59.97414442552792	58.87441001048283	0.03809768108953627	58.85563075272114	58.88082789207906	58.90015462740301
8990000	59.960162686935575	0.06657368781582507	59.950310992241505	59.99308979956112	59.999870218423105	58.95920677065702	0.01821517517374621	58.95345720208019	58.96216429989124	58.96902575212556	59.95896203769842	0.026451785809891923	59.94792857207688	59.96353962412297	59.97608595612468	58.92753558871366	0.01912491580679656	58.920138983194086	58.93052604487332	58.93855275902047	59.9052226372192	0.037346081968337996	59.883881944909156	59.909343743313	59.93156119744649	58.92687948151957	0.020167414233327605	58.9199224327338	58.92976956021761	58.93876798881191	59.95936970630768	0.023225394870251933	59.95003362334493	59.962586578421174	59.97382070477428	58.87462659467618	0.038063339557046855	58.856015786151275	58.88105771292038	58.900595065099246
9000000	59.96037270819512	0.06152613156215699	59.94658282773258	59.99170032627998	59.99977808820491	58.95899252001597	0.018358617945627962	58.9538375633405	58.96181296706225	58.9691630367116	59.958832140793206	0.025510595603155283	59.947377363297846	59.963266221485995	59.9755228489056	58.92767450459948	0.019118872046093142	58.920281745731195	58.930693421252286	58.938840006777745	59.90536882607565	0.03631407884942604	59.883794541632234	59.90846872430752	59.93096011536075	58.927012836867114	0.020082502146096415	58.920118093299905	58.93003800013514	58.93876798881191	59.95974172972642	0.021065850018686393	59.949754905531854	59.962394065034346	59.97365483823506	58.874958444047685	0.03798410175277	58.85609681915467	58.881521112108175	58.900921094455164
9010000	59.9588342209956	0.0656491257213701	59.944995059552895	59.99249737876943	59.99979219978229	58.95929837723245	0.014851993282263344	58.95304884700014	58.960980816060655	58.96844908195365	59.95787397331681	0.025271116731878943	59.94662131826226	59.96074231975352	59.974882277277	58.92775163383136	0.019118647838793565	58.920522107211355	58.93075736690584	58.939001067655965	59.902828519510244	0.03733941687701487	59.879601262065165	59.905643270263354	59.929349218436364	58.927091831418245	0.02008943582936771	58.92035736290056	58.93009477417493	58.93902879688577	59.95925099842212	0.02070155040289007	59.94828856226755	59.962692018985635	59.97335188123577	58.875248653826866	0.03790195675938759	58.85690913307203	58.88168251197526	58.90108579271353
9020000	59.960249929412115	0.06453632346092827	59.9488384350081	59.9926781550697	59.99977873229013	58.959284287719896	0.01565026741234767	58.953310903551085	58.96138113287512	58.96823861629075	59.958952881655506	0.02516520494383361	59.947637722309054	59.962947119133176	59.97526494498578	58.92787460073031	0.019092900563566006	58.9205430029725	58.93087685961589	58.93921207311167	59.903934541985635	0.038068224029536295	59.88174754905978	59.90772073258279	59.931539194753505	58.92729844589234	0.019812811749267287	58.92044898310796	58.93037889822888	58.9390970858191	59.95861752453145	0.023044382954923538	59.94887264492585	59.96204123509469	59.973496313450966	58.87541901362579	0.03793713320150378	58.857177312001035	58.88168251197526	58.901247665899504
9030000	59.96137613146064	0.06281297747459359	59.94636278337974	59.99401065154323	59.99983010142637	58.9586968488951	0.020964099651199646	58.95466935107874	58.96270838599878	58.96890340997888	59.958043977874105	0.025392241570747234	59.946182776262184	59.96276624454843	59.97530020453657	58.927991659467125	0.018983615099368394	58.920723177478465	58.930976746207506	58.93926598262664	59.90530294712992	0.03895097824828026	59.88291395748931	59.909742104002376	59.9331397876466	58.9273962871739	0.01980893108297486	58.9205169325507	58.93047567834226	58.93914756065399	59.95896595596019	0.022943919303060452	59.948098268757775	59.96253033112225	59.97460303979394	58.87576270418606	0.037794430643748454	58.8576203858231	58.88187009760172	58.901263524266255
9040000	59.957078697426134	0.06581782428661198	59.93745399942608	59.991664446765945	59.999714799433065	58.959258032920346	0.0188511167251908	58.95421538615097	58.96236241918069	58.968967035788864	59.95970726704928	0.023561628099261163	59.948144736716046	59.96347412991412	59.97604430824557	58.928113712726294	0.018986261026239546	58.92112234989206	58.93111537035364	58.939344252288365	59.90457151648093	0.038956312964077894	59.88481824033239	59.907663149425126	59.93164730308616	58.92751930260249	0.019810288404225523	58.92065594021686	58.930579363037396	58.93932530269882	59.95873597858057	0.022965851410891653	59.947664800499076	59.961686969728696	59.97379201618445	58.87600433742529	0.03773340472151697	58.85793369481321	58.88197335330537	58.90128456806268
9050000	59.960036685105734	0.06312432509128549	59.94825349124526	59.99343232626186	59.99979607217665	58.959256291353306	0.017791830343285974	58.95374489553295	58.96199243271908	58.969130261410896	59.95917588631182	0.024048798094404876	59.94827512101143	59.962794720854376	59.97410248510662	58.92823324325857	0.018981868692990036	58.92140597354196	58.931268804555465	58.939380892116816	59.90461459868282	0.035668360561509876	59.884561878469	59.90895806077798	59.92971922154291	58.9276196034994	0.019792282142469034	58.920695676595166	58.930670936594126	58.93932530269882	59.959968174423736	0.02226238764428108	59.94977807647339	59.96304126016665	59.97386350736703	58.876172745217204	0.03777866969197571	58.85818403067721	58.8823546018315	58.901653874866625
9060000	59.96007950508472	0.06536938140180872	59.947716039111114	59.99270309819027	59.99978510631867	58.95898130268364	0.018513445502146494	58.95341643027973	58.96144827296118	58.96898484916403	59.95760399904598	0.026223734377459017	59.94503062871998	59.9624485106604	59.97458877825042	58.92836103490556	0.01894361589742667	58.92150889225311	58.93130439932621	58.93939734481291	59.90401215139034	0.03650181509905394	59.88126691804959	59.90863710332221	59.93107434122511	58.92776321874734	0.01976210756782713	58.92078245757287	58.93112364702675	58.93939398204232	59.958444303883255	0.023301020727480044	59.947931107366344	59.962389223509604	59.97381550024694	58.87633104135541	0.03777702656591699	58.858440165499196	58.8823546018315	58.9017444475794
9070000	59.957126371405224	0.0686070596965336	59.94285867888016	59.99278809832798	59.999668093356036	58.95972370867893	0.015118086358259456	58.9542549945643	58.96195396237785	58.96836852734773	59.95963258196991	0.02284554671069774	59.94654503408292	59.96284733624918	59.975456049660494	58.92847375140055	0.018881887212011336	58.921712917654006	58.931317891471366	58.93967192621214	59.904647489745635	0.03690433709460057	59.88146811244561	59.907685907389705	59.93030894148322	58.927865948571295	0.019739246809781206	58.920944786637776	58.93115614730388	58.93951290894263	59.959262856542324	0.02198690804571329	59.94873698344736	59.962598137129206	59.973873857181445	58.87655322051309	0.03778178879587378	58.85867066473679	58.88268125978587	58.901862291108245
9080000	59.95968544897683	0.06525674171690184	59.94431195936028	59.9953779300189	59.999872974441615	58.959571198788254	0.016201850761217454	58.95332199817188	58.96197914729239	58.968785737007586	59.9593340599746	0.023334534403803574	59.94703686909156	59.962754880178835	59.976069778603325	58.92857750873121	0.018859290071141142	58.9218932539143	58.93151265274888	58.93967192621214	59.905554251437934	0.03748045803823818	59.884389376011676	59.90938838464717	59.93160647400263	58.92797623630712	0.01966935185949365	58.92115179578171	58.931186762739	58.939676740824446	59.95950839989117	0.02371692925621391	59.9486938383324	59.96332223717008	59.974964457505884	58.876731873355034	0.03782294171624056	58.85919583598479	58.8826996585206	58.90212142640414
9090000	59.95730851916201	0.06786508564448844	59.94078104451476	59.99373345963748	59.99983797610774	58.96007755593114	0.0185832769348273	58.95533840924567	58.962604016341004	58.969525360441104	59.96023211267792	0.023155302779495263	59.94936011093752	59.963410334675046	59.9764103886949	58.92872367087701	0.018769960214289564	58.921910904389044	58.93172766384375	58.93980252195753	59.90513479608791	0.03700127816010913	59.882361201396364	59.90731063050011	59.93115695620332	58.928082913025825	0.01964342101596759	58.92119170591442	58.93120356534231	58.93967967151999	59.958993615772954	0.02196233044302275	59.947996939279925	59.96151004038449	59.97453959158764	58.87691956868581	0.037809879628068574	58.85927133642039	58.88281020499357	58.902302745069484
9100000	59.96188692670506	0.06177043398725093	59.94782469085358	59.993530238064025	59.99976763291075	58.95924710907339	0.01996248379451209	58.95441000538211	58.96215138999652	58.968985054936674	59.95899877724818	0.02400956016511671	59.94773279792662	59.962708203864636	59.97541451239379	58.92885088056727	0.01876760740541285	58.922074768209825	58.931855210366	58.93987225055878	59.90376472609378	0.03865087941962039	59.88260058512067	59.90805038471862	59.931422362892675	58.92820549016035	0.019618971490847965	58.92129229088595	58.93124153923673	58.93984077942313	59.95786492729735	0.02569624396091296	59.947862853317396	59.96214458830935	59.973987447711664	58.87720774399623	0.037660175709504515	58.85959474944018	58.883290323106394	58.90237796655361
9110000	59.95782740389501	0.06407385492904351	59.94223942110011	59.9912731229425	59.99962429249529	58.95949251761541	0.01670663479798918	58.95334233228741	58.96204119705824	58.968950346016655	59.957851811409846	0.02517900784033699	59.94623036297114	59.961862197811264	59.974231983975756	58.92898641495171	0.01871713850189029	58.9225838038363	58.932034816877405	58.94002453500919	59.90325337031658	0.03965796667265234	59.882764145800884	59.90838517354717	59.930847068604834	58.92832652393529	0.019619547537895035	58.9214824530661	58.93135037549503	58.93984077942313	59.956274164872184	0.027862040928000452	59.94706932094074	59.961041337185506	59.97249700275769	58.87740721177327	0.03756617322734871	58.859602571589384	58.883347595644636	58.90244596701887
9120000	59.95728252631289	0.06512173981300731	59.943562847824005	59.98919090188747	59.99969254330533	58.958388086636994	0.020707036499908474	58.952831102715244	58.96126917498971	58.96885964662221	59.957708039379966	0.025861112206089124	59.945956854692795	59.96145932585047	59.975129464328646	58.929123965158084	0.018644787346630602	58.92263197003851	58.93210678182693	58.94019170094765	59.90322203302189	0.03808527381274329	59.88068541269867	59.90623070381446	59.93039948361158	58.92844138559057	0.019470473325912407	58.92149646488308	58.93150654229082	58.93984077942313	59.95898668018712	0.02433163635545296	59.94838155903345	59.962704615485116	59.97401649579744	58.87761011222136	0.03753653874574726	58.8597749199709	58.88353926926304	58.90251955849924
9130000	59.95766478803196	0.06827736976189479	59.94405663869457	59.99173298915066	59.999797152588314	58.95872072763431	0.018577629391616217	58.95330928663244	58.9623931467501	58.96878936126237	59.958981093191944	0.02491791209459336	59.94767660918695	59.96293877993748	59.97547897028065	58.92922836560078	0.018623552259615057	58.922830435791624	58.932182097443345	58.94019904648046	59.90342535831866	0.039122124954969424	59.88298850423392	59.90591930394851	59.93128862447149	58.92858999838457	0.019300459228825034	58.92179116187399	58.93164621835963	58.939957216818605	59.95865786393143	0.02471499165010883	59.94900603113912	59.9626789258814	59.97310208483154	58.87780499881796	0.03757637723633155	58.8599929936662	58.88358532934405	58.902877118478145
9140000	59.95901449118566	0.0634221270854964	59.94287123782039	59.99212546500273	59.999740252295354	58.95844425885706	0.02155777873519396	58.953537847122426	58.96181853361388	58.96890307115291	59.95913507032446	0.02530499926397782	59.94809229416727	59.96301721003596	59.975847670299	58.929355985151275	0.01859795992391002	58.92285310866066	58.932247546859244	58.94040975098089	59.90353665943553	0.03705119126380947	59.8811224768356	59.906177439169866	59.92999263944399	58.92871450609584	0.019289530498363103	58.92196017627306	58.931807415766556	58.94002397252996	59.95942318836217	0.02367114638612393	59.949490674219774	59.96282381465218	59.97486419581268	58.87798861881533	0.03756256945606156	58.86013321605253	58.88363184381258	58.90311815966678
9150000	59.959308193607356	0.06579039647264938	59.94735265726023	59.99284363371001	59.999743032745805	58.9589283297379	0.018572676999428238	58.9528919920698	58.96202161217034	58.969183428587456	59.958605532347114	0.02563012621635873	59.94801080486596	59.96259361191092	59.97649357190011	58.92922576200322	0.01949632110257755	58.922830435791624	58.932265770713954	58.94028543971144	59.90360870485796	0.038116927022094765	59.882727178311114	59.90853976243669	59.9304303215222	58.92881425050689	0.019169633047416562	58.922177108381305	58.93186447006695	58.94006218730716	59.9580698684773	0.024539339533887487	59.948809125792856	59.96080066870901	59.97218781920405	58.878287563810254	0.03727386801332062	58.86065712642075	58.88368568316329	58.90314612243611
9160000	59.9576601988342	0.06306154773607149	59.937595941116655	59.99010000312009	59.999648012654596	58.95926474475842	0.018580322854869498	58.9545356071768	58.96209204444347	58.96931337540372	59.95774313174789	0.025395963572392505	59.945409851874196	59.961539478037444	59.97449527083521	58.929385490680765	0.019462392088839087	58.92285310866066	58.93244890139492	58.94058842825758	59.90374568797704	0.03671802570235564	59.88048254316877	59.906129867740766	59.93080542854617	58.92892011576764	0.019178201403323113	58.922332159701135	58.931960273098134	58.94013389840833	59.9561907247141	0.025766327494464766	59.94707818547103	59.960597409795916	59.9715729558891	58.87859869288177	0.03717918929100982	58.86078870634709	58.88389440970754	58.90321399140793
9170000	59.96054005476316	0.061315099786342135	59.94414461561032	59.99308018640582	59.99979299596039	58.95967013023178	0.016474009654536475	58.954244210003296	58.96204328413151	58.968642620993734	59.95828365352356	0.025792633399788004	59.94756251864003	59.9616158690673	59.97481886738835	58.92948241023504	0.01947603243630236	58.92290731711056	58.93251628689541	58.9406607813547	59.90325161744828	0.03834346075286985	59.88317682019717	59.90624819038904	59.92946455606729	58.929040565064206	0.019084120027885974	58.92235709577943	58.932264277861265	58.94032938677963	59.95837582442508	0.02330116759431947	59.9479253679073	59.96197420162582	59.973132493896024	58.87890078495057	0.03702308074324085	58.860821925779135	58.88430435372563	58.90355605420431
9180000	59.95902059205372	0.06552814740021383	59.94565904512069	59.99377652945605	59.999835698849424	58.95965811106629	0.01745787657710946	58.954957348756224	58.962108908770986	58.96852347948496	59.96073393325179	0.022263391063050596	59.94867202522474	59.96410889913798	59.97658543605097	58.92959078755696	0.01945883772017786	58.92294033641547	58.932586252663334	58.9406607813547	59.904342854912564	0.03828487110679689	59.88124415621712	59.90838603878401	59.93117583428443	58.92915634538322	0.018995088546091242	58.92236529820296	58.932440042187366	58.940600159992044	59.958484832591324	0.025286027116646174	59.94829314961129	59.96181502135815	59.97353197763751	58.87906984766764	0.03708168250067077	58.860952914446194	58.884588042827794	58.90424223156648
9190000	59.96221981732408	0.059077641997560056	59.948933677412654	59.99192878565625	59.99968424087409	58.959178656763775	0.018930492795603687	58.95464716319433	58.962394851410494	58.969239181744534	59.958874100173674	0.024499172282028883	59.94781676723058	59.96218437255579	59.97432247734321	58.92970426048054	0.019461939111122425	58.92316051597033	58.93271123140143	58.94079165676242	59.904049230870015	0.03680508675453091	59.8833203703031	59.906656269044845	59.92881316661307	58.929265044072565	0.019010744005436807	58.92263287600835	58.932659521423915	58.94064967880112	59.95928579445109	0.0208761577703414	59.94907764496674	59.96173132275712	59.973656929417515	58.87932511053864	0.03680464136032474	58.86106172743277	58.88471795071165	58.90430029410427
9200000	59.95701173103766	0.06369820655788884	59.93436327491463	59.99170109541997	59.99975852992603	58.959455718908345	0.016364741591225192	58.95371122683402	58.96222551109288	58.968743375236826	59.95848242909936	0.02291094810375853	59.9464548609048	59.96170405180179	59.97409011193963	58.92982568869962	0.019426362922948796	58.92328065637743	58.93278602816	58.940841187951335	59.9029355218704	0.03853499777949175	59.8795004841029	59.90657641247685	59.93119948768724	58.92934728425719	0.019016276871778766	58.922691339882	58.93289729546058	58.94071985147593	59.95801426661605	0.024493566857207476	59.94845877648725	59.962083279833664	59.9728111071622	58.87951562811535	0.03672608739747953	58.86148132260548	58.88478465736094	58.90430029410427
9210000	59.96157357616398	0.061244107052686354	59.94857362016602	59.99334700493041	59.99968607224487	58.95977480033516	0.017456678440571964	58.9541488453381	58.96262972049557	58.96926903055999	59.95915124533675	0.025024064070588818	59.94677555911738	59.96236697905145	59.975548576447565	58.929936281685634	0.01939549476882844	58.92343166384376	58.93281535876219	58.940979822518536	59.90515003733823	0.03796561149358099	59.88467621043735	59.908557023024755	59.930959727051984	58.92948451499225	0.018979047663174375	58.92281096701509	58.932926115917965	58.94078732413855	59.959188061009	0.022098039636629773	59.94787492933256	59.96186940483422	59.974313471218736	58.87970458612317	0.03658932688434724	58.86148132260548	58.88485643299512	58.90468175229985
9220000	59.961543339203644	0.06445510421892645	59.95222897724361	59.993997858783544	59.99984489008994	58.95951677314763	0.01691250977866312	58.95442130791532	58.961844186720455	58.96901407257842	59.959106541724175	0.023918072686726955	59.94816430296153	59.962890836159374	59.97516619381824	58.93002724034344	0.01937002305001383	58.92348451065078	58.932911652014965	58.94099631018895	59.90437100638177	0.03810535818974455	59.8827167787086	59.90749449851717	59.93172491477853	58.92960902353356	0.018819368486425195	58.92289860690017	58.93294846490329	58.94095223142824	59.95932113645792	0.021817801791448328	59.94844478898568	59.96287088302361	59.97412092138636	58.879914242906764	0.03655204054281089	58.86196931401998	58.885202234717966	58.90468175229985
9230000	59.95566915415303	0.06823600507152779	59.934490176822884	59.99214989431353	59.99979818218502	58.9584093645355	0.01805329324847989	58.95346517421666	58.9612239060521	58.96821141394825	59.957147770362496	0.026276443725300597	59.94535169869473	59.96082904093922	59.97460789689882	58.93013749063897	0.019172042241993714	58.92350187919475	58.93295792141537	58.94106503048294	59.902953061819524	0.038643716001637456	59.88047373089623	59.906935904414055	59.929652561657434	58.92970324653566	0.018787924295063842	58.92297284393392	58.93298071249271	58.94095223142824	59.95958717104508	0.02098015803512855	59.94875064013367	59.96226125708627	59.97404124189771	58.88005558503171	0.03648815157899777	58.86196931401998	58.88528506700324	58.90468175229985
9240000	59.961761793434746	0.06463695788817427	59.953978458920986	59.995298350352755	59.99990169225491	58.95818603440585	0.01928147778847036	58.95269323191701	58.96141199230668	58.968387410056934	59.95969082547581	0.026467419234364856	59.9488445017426	59.96393924816976	59.97689268071102	58.93026266662998	0.01914670419886475	58.92366280358468	58.93299960441206	58.94114068654011	59.90411080642538	0.03964297038993808	59.88333152794309	59.908478687622576	59.93234009051877	58.92982547837462	0.018755539514636474	58.92297284393392	58.93302080407531	58.94102509739743	59.957936523575725	0.02569653029256097	59.947550459390825	59.96227988390865	59.97449659531643	58.880185535843665	0.036457851772791205	58.862154373337084	58.885444271828206	58.904687444782056
9250000	59.958316189828935	0.06457904310665522	59.94092565790734	59.991880778920105	59.99967105404091	58.959103044640216	0.016308470004186174	58.952988071237534	58.961355494581554	58.969109624631095	59.95774199306395	0.027718408514976717	59.94645194192176	59.96234270483282	59.97590833519613	58.9303661539631	0.01912943897132822	58.9237880110517	58.93318163195059	58.941161378208115	59.90335804531574	0.03543147119956486	59.88231510465259	59.90651390399106	59.92744676454876	58.929918902364925	0.01874634068723381	58.923019023152285	58.9330648475116	58.941040197105835	59.95722449882235	0.025079591555075213	59.94677106406353	59.96104779400862	59.9734677468696	58.88042880395057	0.03612317243503661	58.862270548064856	58.8856895551632	58.90474364784702
9260000	59.96114501445827	0.06207729039488043	59.9476922101275	59.99277014493733	59.99980326331688	58.95793597360335	0.02381702750309733	58.95404819853111	58.96190075385145	58.96855323894742	59.95914548544171	0.0266956202075149	59.94863938989729	59.96353510873136	59.976217297618035	58.93046036020867	0.01913128155701679	58.923941955746656	58.933403502017924	58.94121761517701	59.9036586575555	0.03774435575945372	59.882238745578604	59.90751091883393	59.93120181202275	58.93001748261257	0.01863522842999535	58.92308274486524	58.9330936567098	58.94119013405087	59.95849998311467	0.022430066146407125	59.94765926593974	59.96135167043123	59.973369416012105	58.88058166835448	0.03608730486042911	58.86258150866729	58.885976255849926	58.90475472786563
9270000	59.96028329592612	0.0626148402906444	59.94760011960659	59.99223012881616	59.999677321810466	58.95876644574761	0.01742145960467686	58.95338649537824	58.961681246146895	58.968168354338765	59.95850653828098	0.0250396382985647	59.94762280394885	59.962076325770475	59.97591823442976	58.930520947668924	0.019143113720630198	58.923941955746656	58.93351651545524	58.94121761517701	59.90324023648795	0.038126825841600785	59.881222272937976	59.90739496928802	59.93003593033713	58.930151648621816	0.01860272717105909	58.92310445689869	58.933286198465	58.94135210766217	59.95837802636967	0.022782792197727865	59.94816632443446	59.96257166850319	59.97309969735929	58.88078824299982	0.035982613418320625	58.862632733192584	58.886240242949114	58.90500964007182
9280000	59.96281315734346	0.06014217079403838	59.951319867676396	59.99377187220878	59.99981959440751	58.95837121604197	0.019540201732546895	58.95333285311161	58.96161035220871	58.96866522128459	59.95826811281309	0.02727530123137103	59.94647716225511	59.96257537157973	59.9752320308029	58.93062504652094	0.019112597798081835	58.92400156675414	58.93361048919	58.94125898856768	59.90469114798592	0.037672058422503	59.882530693444565	59.90765852655592	59.93183690497834	58.93024275803221	0.01860064360992141	58.923170080926425	58.933391278105965	58.94137778777609	59.959225547275004	0.023444481493348032	59.949585257914634	59.96235815031485	59.97437415958213	58.88098147187086	0.03598921770768101	58.862662146893555	58.886795581992494	58.905198660511445
9290000	59.95871350178005	0.0668371031188008	59.942043464700276	59.99406431652969	59.99971951936099	58.9597344761656	0.015061500752563614	58.95429984904223	58.961904550278376	58.96859403607244	59.95977414617802	0.022868806306215808	59.949308230825146	59.96281079621849	59.974578050286546	58.930740505813716	0.019075015760160442	58.92416340734783	58.933706268703595	58.941449104762825	59.9028833117474	0.03814331974894238	59.88147384911692	59.90607797780381	59.92982448642548	58.93037333717684	0.01856053448315596	58.92331463426239	58.93352342266782	58.941452374189744	59.957791672468126	0.02426405979419393	59.94652668504821	59.962265308312325	59.97342989044876	58.88113571212361	0.03585692221427861	58.862676530581595	58.887091960834894	58.90542787993553
9300000	59.95997652855081	0.06468370320807086	59.946422063966764	59.99340909464901	59.999821196941944	58.95900870326296	0.01641650371436795	58.953761722094164	58.96099930997821	58.968470231921984	59.957533214620916	0.02699567789434196	59.94611091859035	59.962232158862044	59.97426825497704	58.93080768047954	0.019029620296648633	58.92425809068392	58.93381415542281	58.94149160992988	59.90421804821404	0.037398459704155354	59.88328093304269	59.90765934153441	59.929473025995144	58.93052052516728	0.01849226851588853	58.92363469822614	58.93380737020641	58.941553760571765	59.957295106149424	0.026022612382488805	59.94636429588762	59.961662182605025	59.974106710476335	58.88128891566707	0.03586380112240882	58.863001643084374	58.88719790144144	58.90582042757797
9310000	59.960982049268345	0.06276174194513874	59.94979019126537	59.99265475521666	59.999621032667335	58.95900978065107	0.01711463886479026	58.9533161361356	58.96146423771167	58.96835195188229	59.95819438033724	0.024326078184171342	59.946894506289844	59.96096489956299	59.97434547391863	58.93092129225917	0.018998277401095515	58.924346321175136	58.93391327816619	58.94151006463533	59.904367320538725	0.03688585316315007	59.882455849209194	59.907738906065944	59.92965649320875	58.930618227708464	0.018492983317745806	58.923914088970484	58.93389806127345	58.94173151172137	59.958809209572784	0.021270685559532234	59.9475514221922	59.961905227391455	59.973444813800825	58.88150464341374	0.035657053468709995	58.86353574016162	58.887274223433984	58.90608036919346
9320000	59.95513479528066	0.06601807132832949	59.933283538500746	59.99041027556016	59.99972314960012	58.959915583522054	0.01507706194966991	58.954412195971116	58.96178992030936	58.96860914789738	59.95852238679194	0.025155446168894615	59.94839848281057	59.962720008629574	59.97393080794593	58.931050317183946	0.018967632264333775	58.92438286333741	58.93403906573668	58.941571293046074	59.90456704918549	0.0368755753685551	59.88423148022554	59.90767088124742	59.929465338853696	58.93068795264436	0.018482912132056585	58.9239976295032	58.93389806127345	58.94173151172137	59.959124631443416	0.02341954897968491	59.94891987610249	59.9630572759626	59.97336918416645	58.881641775959636	0.03567152628096633	58.86361918381163	58.887299711801084	58.90619254567394
9330000	59.95527757223916	0.069099054383038	59.93527999386739	59.99107532454581	59.999734563704095	58.959711380204354	0.016645914530122048	58.95445089145367	58.962352470715885	58.968672413349694	59.95971551192407	0.02258621998294026	59.94845577656638	59.9632968554776	59.97543660497273	58.93117868965217	0.018958058723759937	58.924729094787665	58.934183473079315	58.94160574736441	59.9039759454437	0.03944738659670124	59.88205966822585	59.909228332585585	59.92990137740897	58.93077814289427	0.018469312021806236	58.924022348738966	58.933941921301546	58.94180592356569	59.958010374261136	0.02573766592725812	59.94816278910124	59.9611760130747	59.974176678645236	58.881867114582285	0.0355274200948329	58.8640063013726	58.887397224903424	58.90626808898368
9340000	59.96503979074714	0.057633784239227506	59.954012281773046	59.9944515660344	59.999862002310095	58.95821095328791	0.021123998860814366	58.953564785439056	58.96171618583672	58.96827247545428	59.95850962021978	0.024080027215662294	59.94684869508211	59.962589699528706	59.974732931208194	58.931274375759436	0.0188973199798124	58.92493896004061	58.93419286291325	58.94165502608324	59.904830823325284	0.03874001746201018	59.884380792725096	59.909793805926284	59.93175577812627	58.93088071822489	0.018450614658343866	58.92432003003212	58.934036242971274	58.94193884251044	59.95881922653611	0.022034564660641763	59.94854940917199	59.96221128226722	59.973269521709796	58.881937435876395	0.03554488608135889	58.864107251051124	58.887397224903424	58.90634335298373
9350000	59.95535054935395	0.0689581504827957	59.93917593009307	59.99026760870527	59.99973173433807	58.95788496253288	0.021282276867981596	58.953280753467496	58.96084792714562	58.967659484391476	59.95867347360585	0.0266920154448906	59.94727900701846	59.96357710149295	59.97599004388155	58.93138067720206	0.018898383375406898	58.925157085969154	58.93430469060489	58.9416852007303	59.903062493784155	0.03886158484169694	59.881801873636405	59.906816451249824	59.93014851935655	58.93096820764423	0.018431596449118525	58.92432003003212	58.934212158476655	58.94198482086105	59.95814040833621	0.024485577191631993	59.94817873566625	59.96255610569287	59.97390941478206	58.882093039514565	0.03546510315781413	58.86415680145178	58.887458935135754	58.90634335298373
9360000	59.9575413759278	0.0660234197336912	59.93718374669174	59.99364472708763	59.99979629628017	58.9591338348572	0.016547656435948317	58.95385964809474	58.961638653394715	58.96839453901802	59.95822320784792	0.025175556933478623	59.94658289149362	59.96262088304738	59.97456516429966	58.93147394528841	0.01887099858792064	58.925157085969154	58.934374564495286	58.94175382662662	59.90254444040611	0.038538374197316545	59.8814889243441	59.90643281328214	59.92866702835624	58.93104435374652	0.0184199478079543	58.924354782396925	58.93423289625684	58.94232340917388	59.957418209419224	0.02581722524896738	59.94785695846651	59.961419892689925	59.9733856513126	58.88229930218486	0.03544651825078712	58.86427728695987	58.887498265608365	58.90652523349095
9370000	59.95870054773433	0.06388960294620799	59.9408243592668	59.99125611420496	59.99974884459082	58.95877656462341	0.018081512033571945	58.95361006621384	58.961976299497124	58.96837850385206	59.957484649038065	0.025474672433296975	59.945703170529505	59.96157244913244	59.97476896516584	58.931564382617964	0.018853946405321845	58.92522435829483	58.934374564495286	58.94195730166215	59.9045256266708	0.036970951527221504	59.88474573194828	59.90793499966664	59.931074096435246	58.93117510042113	0.01838702153533847	58.92457032805795	58.93423289625684	58.94241635093045	59.959172918756316	0.020370969978869568	59.948043617916085	59.96220794535278	59.973390675834565	58.88243522905537	0.035432948051762544	58.86427728695987	58.88773985743504	58.90652770804232
9380000	59.96297109107035	0.05958931755660641	59.95240339374131	59.99295937055419	59.999843637159096	58.958591368849504	0.020037300690884257	58.95357204725114	58.961717133717634	58.96886424015286	59.95945484273034	0.024268432138759722	59.948361183994294	59.96300707204351	59.97511576379157	58.93169959855978	0.018749341870933616	58.92535170260669	58.93452435725006	58.94202924669765	59.904659392462065	0.036553484342729044	59.882046533969174	59.90774133685996	59.93031990492453	58.93129915018966	0.01833778398806121	58.924626292464524	58.93447707549582	58.94254714351154	59.958193309366386	0.025001897301531118	59.9487997537334	59.96242366010543	59.97398478994961	58.88264657995192	0.0352660211050622	58.864510100681	58.88781081389354	58.90657922440593
9390000	59.95984638447793	0.06506685049316564	59.9467311726616	59.99340565853133	59.9998035222195	58.95885447980775	0.018898174985959575	58.95329514749596	58.96226165071208	58.96931262167088	59.95808625115983	0.025644212219657098	59.94683553909595	59.96281502243288	59.974737479912335	58.93179357584973	0.01876003680442086	58.92546428888467	58.934598016895634	58.942188270204895	59.903666455207606	0.039788326649078755	59.88205741610122	59.90860083542507	59.93060773047547	58.93141094748586	0.01829783576844447	58.924913621936476	58.93455052047791	58.94258735367759	59.95907289786307	0.024081898877755442	59.94897775954883	59.96296478072834	59.97450684990188	58.882840344729004	0.03530739492371155	58.86458484969434	58.888177256711124	58.9065923600003
9400000	59.95926986918441	0.06415254230388205	59.94558997650932	59.99127415361586	59.999788485177184	58.9587065608443	0.020627307516996984	58.95358436253235	58.96168550450014	58.96905916329705	59.95845769139418	0.02709676608640779	59.94777062636858	59.96276111595785	59.97543036895884	58.931857323638695	0.018759546238009916	58.92551704970804	58.93466610730039	58.942233124225524	59.90415596714913	0.037431440867868676	59.88146001575715	59.90732800438548	59.93050502400202	58.931521735066724	0.018254372302394985	58.925193961103766	58.93465779402308	58.942620280176676	59.959054163828824	0.02270316509730598	59.948823119247166	59.962687858429696	59.97477857844845	58.88300946683635	0.03527126204941148	58.8649303045785	58.8883733684123	58.90697500501862
9410000	59.959176409469755	0.06465414455511928	59.94438791545728	59.99314865660376	59.99980957283949	58.95882951753816	0.01892113830754429	58.95314478396555	58.961479894987875	58.968464287678444	59.95915970214081	0.024700016011992	59.947859047060106	59.96259959514332	59.97570037366643	58.93202595116994	0.01863489478101721	58.925567002660785	58.934755401241944	58.9423489765335	59.90342336643212	0.03849317088310878	59.88232356916921	59.908617657156945	59.92963596299238	58.93162610754983	0.018236272034430238	58.925347856844155	58.93479972117653	58.942703945571324	59.95748966960867	0.02722416246398501	59.948766985040976	59.9620135967851	59.97331820388504	58.88321340102198	0.03525044408683883	58.8649303045785	58.888528787264576	58.907170366289954
9420000	59.96175284418402	0.06287523067427593	59.948935384316314	59.993695050019156	59.99978191188404	58.958604768913624	0.020124311535613996	58.953843146879564	58.961482561259984	58.96874315139104	59.95885479288181	0.024097479547746544	59.947846290795255	59.9632692366254	59.97424643574931	58.93214363585043	0.018641067526102468	58.92577532765313	58.93490305278869	58.94245425330247	59.9055882397916	0.03830134111531078	59.88430332443703	59.909383993184925	59.9323302821564	58.931772356588155	0.01819168607788461	58.925570390570016	58.9349440818341	58.942852382236026	59.960231428875886	0.02197899498340043	59.94841103897745	59.96424613030773	59.974337567535684	58.883368435894816	0.035260255454428895	58.8650728860366	58.88878546568581	58.907443478759774
9430000	59.957684739901424	0.06696540836315597	59.9410546892025	59.99294063096575	59.999850550329185	58.95852848067556	0.021584433066607706	58.953479954561175	58.962302899027804	58.96939648939975	59.95982594777079	0.02299182116383859	59.947458133502636	59.96358159210327	59.976180078740306	58.93229511736405	0.018584800971324436	58.92598108999091	58.935056514119395	58.94251200802805	59.90494557523244	0.03733426239451634	59.88276315411015	59.90826869248298	59.931893041646624	58.93182507811691	0.01818596582034843	58.92562210819033	58.93498223830319	58.94277755625248	59.958556717277304	0.024066427535999205	59.948128195657446	59.962064057981856	59.97385990074238	58.88354428944275	0.03527644403551024	58.8651431824255	58.88878546568581	58.907575886795684
9440000	59.958005438233336	0.06549682306700089	59.9425577826545	59.991327780371094	59.999708731256554	58.9594038284952	0.017973219783778083	58.95413969042497	58.96180953115996	58.968914583955694	59.9592654086573	0.023880033785745297	59.94673244501273	59.962995726794546	59.97549080936342	58.9323821824178	0.018535527303086833	58.9260399878514	58.935120271366216	58.94279440204954	59.90263265496799	0.03987112074110007	59.881524183101035	59.90862759575357	59.93067338484451	58.93193440911488	0.01803946986699304	58.92567094507892	58.93498223830319	58.94277755625248	59.95887128443578	0.024076149676653037	59.949190357321456	59.96280959812614	59.97370303236235	58.883834636918934	0.035163798411109004	58.865380451276174	58.888812115506724	58.90785791241786
9450000	59.95770551108943	0.06523882020802209	59.94380319877915	59.99128818816854	59.99968527114532	58.95873914705119	0.01900674792071115	58.95288014169655	58.961960826542196	58.96904989889637	59.95803610444712	0.024986758101163905	59.94564148142646	59.962863837299395	59.97506604668463	58.932504668691045	0.018536889157206422	58.926061612286915	58.93518545310183	58.94301697954663	59.90325024547899	0.03631241904325072	59.88095454786846	59.90686798307516	59.928726864297744	58.93203885655189	0.018063858781103944	58.925718340693365	58.93512760410176	58.942919289992055	59.957349336559105	0.02299166765929788	59.94696884447546	59.96058071986325	59.97243641802934	58.88401954632909	0.03514444748383715	58.865790765999776	58.88891369774497	58.90785791241786
9460000	59.96080424128784	0.06203538990783472	59.947441757880036	59.99406593650595	59.99978704923875	58.95868402963231	0.018451592711738657	58.95350584204283	58.96208316546132	58.968619342552905	59.95997379710694	0.022512759023551238	59.94841731732865	59.96297095702204	59.975656062864445	58.93265381612378	0.01830326836593692	58.92638616784676	58.93529880927922	58.943053807351276	59.90431689786517	0.03937884123154722	59.88482395303487	59.90883981284394	59.93005229620327	58.932080642093986	0.01805525830041816	58.925718340693365	58.93510616900784	58.94299249557036	59.95899302215438	0.024688833939155403	59.94983994278448	59.96334215714441	59.97366568403044	58.88426266021399	0.034927818365591695	58.86589536878812	58.88908742681867	58.908030476608495
9470000	59.9582178892925	0.06471465654231812	59.940714633364585	59.99118453420428	59.99962615516618	58.95927129953183	0.016625443710522107	58.95381748605165	58.961492865844036	58.96857062768721	59.95671303612825	0.027203037061959857	59.94539573498228	59.961236998624244	59.97385093639633	58.93256808934395	0.019256116489353898	58.92656484936516	58.93539539629029	58.943053807351276	59.902743476487316	0.03666956163061265	59.88027659225074	59.90571015311498	59.9291875836559	58.93217845684031	0.018066872664306333	58.92574664747189	58.93516053187973	58.94315372030274	59.96012124909425	0.021568492380121693	59.94977751074151	59.96327266350008	59.97359905295008	58.8845205068099	0.03482218701261124	58.86669816453558	58.88953230632206	58.908063205229745
9480000	59.96036020989707	0.0612343472645812	59.94777044288383	59.99296210044853	59.99982385232679	58.95858806187098	0.01974066249093013	58.95381885606135	58.96215454125196	58.96906615408112	59.95958249322839	0.025315589733328155	59.94828380561954	59.963574977520025	59.97626596805965	58.9326363930897	0.019269128099083436	58.92662379626822	58.93539539629029	58.943134371752535	59.905500246114585	0.03778993211278557	59.88456636622087	59.9103517563039	59.93240592241901	58.93228324952325	0.017921751580700356	58.925834031544525	58.935341889790045	58.94339436596934	59.95958716413155	0.020905990994459823	59.94889458837908	59.96210108354066	59.973799755559554	58.88469950726628	0.03471065398347772	58.86704068602598	58.889704733564585	58.90808115403243
9490000	59.95950280002574	0.06390822859147685	59.94512506025273	59.99221318565548	59.99981866751294	58.96060089117005	0.013658850208305573	58.95442546403571	58.96268755361703	58.969414708985894	59.95981421088128	0.024039442292513785	59.94775744120464	59.96405118403112	59.97657287907239	58.932728793594606	0.019259819072624824	58.926755442886304	58.9355809390774	58.94345941482182	59.90322464916942	0.04028714548557968	59.881905467107764	59.90595165117448	59.93020420947837	58.93242019565343	0.017890990370920134	58.92602909384489	58.935427407135194	58.94350295181217	59.958814324651236	0.024581645492142742	59.947517479810514	59.962676351537965	59.97456457068755	58.88489577315835	0.03475947061552023	58.86704068602598	58.889783121785186	58.90814657839047
9500000	59.96261960628914	0.059214774012833864	59.94811622155636	59.993861818331396	59.999755590774086	58.959980895004165	0.01635520451104246	58.95323117552994	58.962749136520316	58.96952110585115	59.95786233467951	0.027526104422255684	59.94704067190533	59.96237270572378	59.97515755276079	58.93286715526027	0.01895644806508947	58.92699687205216	58.93586041242999	58.94345978153652	59.9057696822581	0.03654384849290119	59.88193946384597	59.908794322951486	59.93220026762694	58.93249797793641	0.01787749488546442	58.92602909384489	58.935485649026724	58.94360959498387	59.95909930857801	0.02436650211683668	59.949023275176074	59.96383021834589	59.97406884137952	58.88516025761584	0.03473808783400111	58.867617703740876	58.89039042233145	58.908323982534654
9510000	59.95659763126653	0.06665182450954603	59.9375261670897	59.99057954032123	59.99960587580029	58.95998999526806	0.015536395583982832	58.95420783229408	58.9620056796859	58.96899281125556	59.959295637852634	0.022655492060162173	59.94729701274662	59.96218166320849	59.97509744089551	58.932971903419514	0.018958516960650717	58.927011538211275	58.93588330582428	58.943584143516674	59.904290103040914	0.03712333901743048	59.88354033127055	59.908223910082654	59.930717415078824	58.932577083087956	0.01786743580817931	58.92611860474817	58.93552646619355	58.943609315612576	59.95909412548499	0.021486414366422964	59.947652624877875	59.96189534328249	59.97411426464579	58.88537352977949	0.03464424331594934	58.86805630078939	58.89054533108535	58.908881097573314
9520000	59.96035629910673	0.06144674205359163	59.94594438328359	59.99229395097436	59.99979626356119	58.96011923005894	0.016253445295628274	58.95523878029274	58.96248192814533	58.96846012593771	59.95830839613532	0.025240414650280565	59.947140940261775	59.96259729276912	59.97559671638141	58.93306275798094	0.01893167164620272	58.927102159604246	58.93594252421398	58.94378507247285	59.903945475210236	0.03957003856334023	59.88323933595193	59.908339067238565	59.93174472691928	58.932693041034334	0.017826168302176794	58.92624726107242	58.93562035733042	58.94368895197759	59.95866014843437	0.022526328482499997	59.94802561699437	59.96183758716194	59.97326568302302	58.88564399397006	0.03463478202158728	58.86816797288438	58.89102857461913	58.90911294389173
9530000	59.95696125655304	0.06819644810069496	59.93889812526503	59.99211371008684	59.99970036703773	58.95901169403422	0.020740096406334445	58.95421933857344	58.962062636467536	58.96957270855708	59.95997257882396	0.023400773055686212	59.9499604464608	59.963755905474265	59.97579784229528	58.9331981273638	0.018832188217459335	58.927136766323095	58.936014587822584	58.94382245541717	59.90383493987146	0.03748750660288229	59.88066209455265	59.908401645451285	59.93058806404382	58.932808378782276	0.017757955637824875	58.926393385118885	58.93576204622346	58.943819254836484	59.95878024230944	0.02180480107342809	59.94767918085767	59.96242632602684	59.97335426803898	58.88582408370421	0.03463683973854337	58.868283003636776	58.89135670020782	58.909247655996644
9540000	59.95731660337689	0.06628672701684366	59.939130657772964	59.99083563368606	59.99974972592835	58.957861468344966	0.0225472584322044	58.95380557753853	58.96194427811161	58.969005525318536	59.95776219491413	0.026287794310601756	59.94590944606185	59.96183964524605	59.97530986805458	58.933283159483544	0.018795268625383835	58.927136766323095	58.93602229468412	58.94410595656258	59.90293355264538	0.0378354078641796	59.87937146989387	59.90780020819315	59.92910389366235	58.9328915249185	0.017591013209946153	58.926431737477884	58.93578880369246	58.94386431277075	59.95833858932449	0.023368168835806447	59.94858155480946	59.96125341408499	59.97297863122146	58.8860413763829	0.03454873775457886	58.86844000879502	58.89141637908287	58.909291166540065
9550000	59.958165834597	0.06471658783523063	59.94342858581467	59.99169082111875	59.99974928201054	58.9585908487982	0.020596545952986087	58.953827109775006	58.9614854079934	58.96912812021005	59.95877685597499	0.0266126739154179	59.947320088982096	59.96281366012424	59.97589668640665	58.9334045679661	0.018609298786017303	58.927588446374635	58.93606420648459	58.94420509338323	59.90429871049605	0.03774261101246259	59.882629739659905	59.90660101897649	59.93019403309009	58.93296402995915	0.01755248747492243	58.926546274018584	58.935852777535885	58.94388484127797	59.95891941216822	0.024154246385413	59.94794556990741	59.96235641782944	59.97440093549733	58.886199559320204	0.034529964936137594	58.86861299912049	58.89153830878753	58.90939562555802
9560000	59.95580795445106	0.06734822961429221	59.93620494697424	59.992189768782325	59.99970101015295	58.959318713956854	0.017064098514307995	58.953715593078016	58.961722519681416	58.96898127770591	59.958754831115485	0.024965432393591582	59.94727144809563	59.96258302896511	59.97558847007569	58.93353398575975	0.01859219719583892	58.927890622854115	58.93611828658909	58.94440412269677	59.90222660835829	0.03894570827967649	59.880830952628	59.90745354415479	59.92868282291952	58.933089461205945	0.01742121654563024	58.926724529059044	58.93626280162384	58.94393992834208	59.9588513693962	0.022547450577932417	59.94767831881927	59.962445789798664	59.97402357859594	58.88642152755526	0.03447777349514264	58.86922554375025	58.89210124955891	58.90939562555802
9570000	59.95646952692128	0.06845513464880916	59.93586109988004	59.99167048428376	59.999757417173356	58.95862449135428	0.01931921411438087	58.95363910512171	58.96183683954452	58.96910417220637	59.95862789076747	0.026479536444334793	59.94771523173465	59.9627231143845	59.976246073865404	58.93365068219648	0.01857263148071612	58.928022106382045	58.93623228637625	58.94452105201586	59.90498310957644	0.037685271644812376	59.88366108156299	59.90943837786618	59.93246318384373	58.93317593399474	0.017433310638819956	58.92684278534429	58.93634439798709	58.94406962326851	59.9586039660673	0.026700875972217288	59.94967349281923	59.96240407318854	59.97382237457854	58.88662088034561	0.034352804170860146	58.86922554375025	58.89220429662771	58.90985388362304
9580000	59.955729441683104	0.06821727981688172	59.9367697161267	59.99152134078693	59.9997574898308	58.95856160137999	0.01936375302589681	58.953183002663714	58.961829928842434	58.96942972546864	59.95856192713989	0.025296726275418003	59.94644597488134	59.963176299179	59.97526679074447	58.93370904925456	0.01854620565535147	58.92804917422518	58.936333606609594	58.9445358958762	59.9036804253595	0.039135779303866934	59.88117792227078	59.90715734490233	59.93050566536787	58.933258980119106	0.01744186364546036	58.92694986207104	58.93639470110652	58.9442367722163	59.958757867097766	0.02308313260832944	59.947990975501114	59.9623208164452	59.97302666873857	58.88678849989855	0.034373890576655956	58.86938682094128	58.89223862599016	58.90996779082835
9590000	59.958734020139296	0.06523496604883777	59.94414914892053	59.993081791077586	59.999853412861995	58.95875097319723	0.018288356941220652	58.95351654614467	58.96178620840928	58.96916710948146	59.95905985911629	0.02618772786623672	59.9474682504959	59.962982812588756	59.97578255902664	58.93379409300497	0.01855114834767859	58.92808232881303	58.936455889373164	58.94468664075416	59.90490195391425	0.038309420601728185	59.88262062905841	59.90810659600364	59.931154053802686	58.93330849301341	0.017430637461948596	58.92694986207104	58.93642025472735	58.9442367722163	59.96041210418835	0.02046215873123371	59.94946114814028	59.962763626250776	59.974673884102494	58.886959734973665	0.03433718559492582	58.86964471222259	58.89223862599016	58.91002147597301
9600000	59.958121642969175	0.06486880917073207	59.940052707622534	59.99259465207125	59.99974356321948	58.95829557490736	0.02147777894170973	58.95346793954492	58.96176400655089	58.96879516459902	59.95842447063001	0.026532455797134806	59.946756541795295	59.961421660249336	59.97584994227147	58.9338731100353	0.018566146856295786	58.9281261517429	58.93652745117563	58.944778751008	59.905340883142465	0.0362217687153046	59.8829914094764	59.908363543715865	59.929168460935074	58.9333752009033	0.017443601014919197	58.926978223211705	58.93643510714047	58.944387429344026	59.95874821107665	0.02277672033250974	59.94752646986147	59.96167556493762	59.97420161820287	58.887114366623926	0.03428129360893599	58.86980946808692	58.89223862599016	58.91006407725064
9610000	59.9599688902859	0.0626673655643981	59.94902867463853	59.99300760837282	59.999750604921466	58.957986938070725	0.02124393831586511	58.95294992524698	58.96117866559754	58.96845141004903	59.958017402776804	0.025892177446789438	59.94632766482221	59.9628002458326	59.974836725437335	58.93398180862668	0.018565651598526144	58.92817442700105	58.93658916972117	58.94483011027621	59.903999502404915	0.03736111391200601	59.88099395106886	59.90763666761002	59.93117213017813	58.933498307691174	0.01725838031949488	58.92700414966063	58.93643510714047	58.94452909575788	59.958925112805275	0.021932168696474373	59.94808007774724	59.96202557296017	59.973268728351286	58.8872952570285	0.03425429043320043	58.86980946808692	58.892341799085216	58.910096146026326
9620000	59.9575461698531	0.06581773434967232	59.93610292303951	59.99298995606818	59.99971220315833	58.95937044595192	0.01492085600948711	58.953855840814406	58.96153777320443	58.968524728300935	59.95813529590331	0.02638082649132458	59.94623519803824	59.962896456971436	59.97569914800971	58.934086686517766	0.018552076017377316	58.928306117316374	58.936655641956605	58.94483952674018	59.90355267341012	0.0380672846768088	59.88334028572217	59.90507060638379	59.92918601045656	58.9336434139481	0.017214301408597605	58.92703645458106	58.93649751132837	58.94464069742301	59.95863596888735	0.02593307960017161	59.94878794813501	59.961958692763844	59.973667973068665	58.88756127623165	0.034234328456869474	58.87008037448663	58.892397002895166	58.910568846095856
9630000	59.95914461730101	0.06323602163451143	59.94086067113027	59.994043199089546	59.99972667745027	58.959547877516584	0.01578427943817815	58.953903005078786	58.96209179180711	58.96861583308128	59.95919767019592	0.025391386261695563	59.94841019250214	59.96290657631475	59.97541002396598	58.93416355641288	0.018420690304690478	58.92836065009975	58.936727970632575	58.944868776897934	59.90491759909359	0.03712293729176346	59.8835868797391	59.90821169573091	59.929787747060985	58.93375538568863	0.01720192305773193	58.927230849608996	58.93660543446305	58.944666733917046	59.95943667613322	0.02232644580457069	59.95003838495433	59.962429602260556	59.9736974418319	58.887706413851255	0.034168420696221696	58.87008037448663	58.892399838903074	58.91080830953759
9640000	59.95840023780881	0.06694345124815762	59.94229769952699	59.99306804866056	59.99977447285167	58.9600325156056	0.013479052756813726	58.95334510142074	58.96179586844712	58.96877971622604	59.958734053565706	0.024240856452476662	59.94655343116658	59.96232139502608	59.975395516095844	58.93428122137763	0.018356029745505202	58.92836065009975	58.93673821180612	58.94492353580749	59.9041758392854	0.037139430675176555	59.88175671980578	59.907198980275126	59.930085110981935	58.9338502585667	0.017145241663968143	58.92728010073964	58.936677330495	58.944705172905486	59.95926001884717	0.024926864583650257	59.94969468372669	59.96377348622045	59.97519656304841	58.887915779817476	0.03416296179077935	58.870517437764434	58.89240611077368	58.911038472503606
9650000	59.95761384662718	0.0677042404502108	59.93950848572478	59.99291540862136	59.99982516499689	58.959177299482974	0.018896514705096148	58.95335513275031	58.962083938136814	58.969122425952776	59.95881455434493	0.02367536490236098	59.94731662838804	59.96256208453478	59.974282289391724	58.93442461719638	0.01828124923084721	58.92842002426973	58.936954427387874	58.945015996847175	59.90356137315354	0.039769674355833604	59.883367029028314	59.907808504789756	59.93113677790707	58.93393113662479	0.017118262653780383	58.92728940955717	58.93679157733614	58.94474951251851	59.95856293584448	0.02245392912448528	59.9494404579131	59.962123586789914	59.97248071058746	58.88812503234587	0.03402049545434096	58.87053508645532	58.89244548117749	58.91130264871673
9660000	59.959914977637546	0.062291327484652645	59.94492879141963	59.99319367956285	59.99977398893165	58.95974580428636	0.015491557373268001	58.954036667263225	58.961846552099175	58.96923913326025	59.95857328699306	0.02586233339252028	59.947403784178206	59.96248841815385	59.97525311066177	58.93450319269603	0.01826460994644154	58.92849590052993	58.93701058378327	58.945015996847175	59.90493391343553	0.03641468083289277	59.88277790983383	59.90799950203178	59.931404462360646	58.9340807615148	0.01694825218032415	58.92739726053118	58.937161826734304	58.94482994149008	59.95728965735325	0.02421435636102161	59.946229125783475	59.9608428324032	59.972985167407515	58.88834543868561	0.03391559581244849	58.870590685203936	58.892578358692546	58.9113346136825
9670000	59.95997494616538	0.06395466429014719	59.94307522576129	59.99313663407629	59.99979408573278	58.958878206724194	0.01715618452369724	58.95352752402074	58.961159329515986	58.968246954834015	59.958771583009295	0.023295556460003974	59.94623428003637	59.96230967685131	59.97463398996224	58.934600873987	0.018200005041537244	58.928643284157985	58.93709132402243	58.94502512646372	59.9029323034965	0.03869382790667629	59.88293275247774	59.905985983680814	59.92994324963069	58.934163115572545	0.016930853371090276	58.927726557202014	58.937273981295505	58.944770626505054	59.95897068378418	0.02353754585697091	59.94837123909955	59.96285431483411	59.9741749550834	58.8885115284822	0.033782644109761846	58.870590685203936	58.89293540180561	58.9113346136825
9680000	59.96070821383393	0.060176817352983566	59.94531464126743	59.99284613651798	59.99973384914756	58.958792005037395	0.020515236698959674	58.95401842481018	58.96215436624365	58.9690797430097	59.95892791906661	0.02614414638384482	59.946159605764876	59.963623815741	59.97596895829154	58.93471863701822	0.018179828551160997	58.92887925228973	58.93748345037767	58.94503413355518	59.9033227045346	0.03827630770636401	59.87991596474163	59.90828371506504	59.93020454857722	58.93421852346362	0.016887649954281755	58.927872307370826	58.937313282866384	58.94481051489114	59.95878962955396	0.022858986070543475	59.94834296200084	59.96182164684661	59.973951859922664	58.88865729475298	0.03374747473630819	58.87130115743297	58.89298289472876	58.911399135509775
9690000	59.95671991478387	0.07032760608367446	59.93996488670258	59.993615449888196	59.999783444671166	58.95978466282685	0.016905378513040425	58.95423871412961	58.96284595283912	58.96972500042607	59.959227848696656	0.025434143067567	59.94731510522937	59.96217178753571	59.97640453349485	58.93477664616195	0.01817566769360765	58.92894058282454	58.93756656698152	58.9451173780161	59.90196892962138	0.03867822581466374	59.87804276962086	59.9059118602619	59.9298339845422	58.93431451390494	0.016730804084472004	58.92801238837454	58.9373367788435	58.94492756266603	59.957397871672306	0.02593642335530722	59.94715666740882	59.96077521703834	59.9740446922462	58.88878547401967	0.03372066721907838	58.87174774986532	58.89343060332773	58.911516368642346
9700000	59.962007667227454	0.0591592061168971	59.94521409076593	59.9934073647525	59.99983945692112	58.95946942838386	0.02161993121032874	58.954042242548766	58.96228915936013	58.96964727430149	59.96055644169148	0.022711999947633704	59.94927958307946	59.96460050984132	59.97625366422767	58.934896476262885	0.018124121364371974	58.92895880320146	58.937570148603804	58.94523328920806	59.90499393908095	0.037680450360370765	59.88507186764688	59.9089839237085	59.930326421454524	58.93439023929877	0.01673119043751662	58.92801238837454	58.93736490908803	58.94496253602183	59.958807661462465	0.022501530991492394	59.94829979194165	59.96254712963031	59.97315478180653	58.88892677596209	0.033673778239308186	58.87174774986532	58.89366550195559	58.91168449578291
9710000	59.9555000465935	0.06670838778986102	59.932099293378236	59.99021965145063	59.99972195497156	58.95964054816943	0.018428381810615166	58.95480005463227	58.96165941381324	58.968458921360366	59.95862530930106	0.027177440179093924	59.94661992300876	59.96395452617405	59.97566246914032	58.935002078773245	0.018076756061404593	58.929020877812555	58.937623455677326	58.94525563101646	59.90344348219536	0.038284284556991836	59.881605829599486	59.90906379120145	59.930472561377776	58.93446621862345	0.01673565618069688	58.92812472091482	58.93744754359008	58.945063812906994	59.95834683988845	0.024622505468681916	59.94781975248333	59.962169743081645	59.97379299079771	58.8891641177798	0.03362545605035918	58.87224520054045	58.893922254494186	58.91168449578291
9720000	59.95891973100102	0.06496146310918863	59.94532602514734	59.991805373390434	59.99966754616209	58.95921044458437	0.017296318645815052	58.95390338508007	58.96195060971061	58.96878995246298	59.95863082636935	0.02354983486237864	59.94542731336779	59.961956955976206	59.97540015742859	58.93506414327284	0.018082312580901507	58.929020877812555	58.93769573948413	58.94525563101646	59.90295729997434	0.037999294340744144	59.88169690322757	59.90755513905519	59.92902400339898	58.93458252608766	0.01656269926499274	58.92831366478272	58.93751737517435	58.945063812906994	59.958583359473735	0.022600005704600724	59.94841823584926	59.96131849367153	59.973687394867554	58.88933312484817	0.033563828906420685	58.872359998252804	58.89402286440553	58.911945886525736
9730000	59.95894562824865	0.0647207456081278	59.94637053997887	59.99316568538384	59.999787753980335	58.958883564894975	0.020724635986947994	58.954340444448945	58.96253213062129	58.96909488284767	59.958904576610465	0.02441166962525669	59.94698754700792	59.96283702990753	59.976296014623905	58.93515802732154	0.01807751921803949	58.92913081689209	58.93773524172258	58.945341117825706	59.903198297498406	0.03925678605346154	59.878950658128716	59.90559025608084	59.932344217940674	58.93466348871606	0.016546439456844714	58.92840700516818	58.93761739481785	58.945063812906994	59.959266857813496	0.02357140383816819	59.94871766508864	59.96294825261292	59.97419605498218	58.88945119989706	0.033521440088883504	58.872359998252804	58.89408430425672	58.91212428908915
9740000	59.96144885914403	0.06331879072524935	59.94823017169266	59.993580856516964	59.99982125383217	58.95899696179707	0.018811183671159904	58.953750951769365	58.961907996390465	58.96890600347989	59.957830324614505	0.02608029740457827	59.947563590230274	59.962759134017745	59.9733311814386	58.93524949176985	0.018043488395481432	58.929270185615074	58.93780541057849	58.94541302926693	59.90353886500345	0.03779993211725894	59.881685387662486	59.907412346324996	59.928610815632894	58.93473053054031	0.01655327725352142	58.92840700516818	58.937624219997595	58.94522270058862	59.95841657620246	0.024467335228832446	59.94834072493561	59.9619599027154	59.973833218476834	58.889581834859584	0.033541460180862605	58.87241067358397	58.894420112556034	58.91212428908915
9750000	59.95929933886031	0.06421972004792688	59.945815925603725	59.99117094597426	59.99975161775929	58.95935926769367	0.016025930825614088	58.953377400925774	58.96140166082999	58.9686583367215	59.95865486560151	0.024357323179205307	59.94680236479892	59.963075633637715	59.97511797105975	58.93531658415186	0.018039175085230747	58.929355192177994	58.93778100358882	58.94546741589511	59.90247756827505	0.03895557846422697	59.880132706411864	59.90656099652648	59.928943675022026	58.93485553654675	0.016490515139350473	58.92845215282909	58.93771366547081	58.94538672918539	59.95802852305823	0.0257828231912437	59.948982730906025	59.96265924747193	59.973592496697556	58.88977800762531	0.03355084653459742	58.8731347978852	58.89462647847426	58.91258464253339
9760000	59.959379868496704	0.0645020309767061	59.94444574269208	59.99310611658116	59.99973955612785	58.95917830523507	0.01708063551044571	58.95437940781079	58.961630258091276	58.96805644889566	59.95740215002748	0.02654452570975823	59.94684874428953	59.96157474311021	59.974880016675115	58.935409922523554	0.01785640494513995	58.929547195332425	58.93786704453698	58.94550325296768	59.90364820579879	0.03893260947025059	59.88291927831514	59.90738907473755	59.93127635905772	58.9349328870087	0.01647942531509052	58.92883016874974	58.93780081300988	58.9454216061089	59.95902453645743	0.021918918790491574	59.94921522399468	59.96238015845648	59.97452908662669	58.88994468469028	0.03355191989821569	58.873298548700305	58.89468419259076	58.912755520614766
9770000	59.95714904321537	0.06375364514733463	59.93761776540065	59.99234071416093	59.9998043530444	58.95876877009737	0.019775017619438926	58.95355411517809	58.96235555360721	58.968535676038776	59.95953423993323	0.025101722012359138	59.94863994751683	59.962779290689305	59.975258881917114	58.935477104992906	0.017852152197993534	58.92968142176213	58.93786704453698	58.945517580576265	59.90323258305873	0.03775678094645031	59.882723089833746	59.907145132714206	59.928496632641554	58.93500162757589	0.016422888025175428	58.928980189441134	58.93784483792301	58.9454216061089	59.958810707963366	0.02477985600517116	59.949340615148984	59.963261327710455	59.97422242257573	58.89015153856233	0.03349556775694091	58.87343920060856	58.89472934500191	58.9129810407205
9780000	59.95740568622617	0.06416156763415444	59.941562005955056	59.98999903781906	59.99966873183471	58.95759403681563	0.024644169856953373	58.95332201107933	58.9620503406332	58.96931780982293	59.958205662628345	0.025575505629546923	59.947333059926905	59.961532080174116	59.97524460676418	58.93552643127591	0.017877660398933265	58.929628846570544	58.9379539094685	58.945558321762405	59.90223550685541	0.03880693558222539	59.88110768686771	59.905288636229	59.92939495561467	58.93511021171202	0.01635386408050205	58.92899543790185	58.93784483792301	58.9455368480158	59.9588440251692	0.02371741407391628	59.94792619695758	59.96260572798947	59.9742053535426	58.890345959153	0.03334484514516784	58.873771954381546	58.89477915090774	58.91300059836598
9790000	59.95616304977258	0.06475182423498259	59.93646050598198	59.990367532486914	59.99970160340651	58.95878992683146	0.017766557775381286	58.954158957714	58.961860320939934	58.96865156558884	59.95818564352197	0.02437115482433157	59.94770115256479	59.961698858719345	59.97425005726742	58.93562487535295	0.01788379241386699	58.92970557309132	58.93823206857358	58.94562499721272	59.90133992698216	0.0382294175877113	59.879223054109346	59.904666875760576	59.928002650553516	58.935014411189336	0.01882419478589465	58.92899543790185	58.93784483792301	58.94569287949042	59.956889932399854	0.02566330511376629	59.948178686936686	59.960971726615526	59.97211880765829	58.89053506642395	0.03328604740548873	58.87390149775942	58.894951064843085	58.913108517854916
9800000	59.96009204054311	0.06525784062647763	59.9471485980974	59.99407084969398	59.999821518586565	58.958169753569635	0.02026221047916687	58.953280522368274	58.961358874101094	58.96843346231861	59.95810203798878	0.024832021401644283	59.94692168443453	59.96193791510521	59.97563631952437	58.935704874523665	0.0178858373719359	58.9297321075465	58.938330217472355	58.94563582788136	59.90374457606995	0.03806467917107015	59.883106165082516	59.906936194874135	59.93029674705905	58.935055714941704	0.01881197721560612	58.92901666355589	58.93788068321888	58.94569287949042	59.958875693361534	0.021970259061498864	59.94787088958421	59.96169313429454	59.97358407049792	58.89075297694258	0.03328196353729425	58.87416670087707	58.89598739760298	58.913202694091744
9810000	59.959427735073696	0.06709481265854315	59.94618218301331	59.99314575967591	59.99980748139702	58.958344279463155	0.02061369076350269	58.95327869746845	58.96155456072657	58.96933322759332	59.959219967588396	0.023876289481424843	59.947807050597284	59.96228691878243	59.97522665098039	58.935582653671695	0.01904246792963117	58.92995782322237	58.93846573234893	58.94569031842926	59.9056567364077	0.036505295772172486	59.88548051087636	59.90909091183893	59.930865068761136	58.93515545501747	0.01869111157535033	58.92901666355589	58.93801402474762	58.94573814372389	59.95999540046841	0.021732537936968888	59.94995981993178	59.96349457348334	59.974408620067265	58.890875338270256	0.03324917641362724	58.8743000551843	58.89598739760298	58.913458790925866
9820000	59.96273169100061	0.06162181977899154	59.95447576699566	59.992584004253914	59.999813303702936	58.958065470458756	0.020142279326610477	58.952892307814096	58.961849637720874	58.96843798647994	59.959689372454086	0.023696622406539303	59.94847412370371	59.963510510351036	59.97526674861481	58.93564355646299	0.01905168899021912	58.92995782322237	58.93846573234893	58.94592518831253	59.90516856035993	0.0378843619495392	59.88413306294161	59.90829691037143	59.932392492345606	58.93525010225245	0.01866068080846269	58.92919701873171	58.93803409713075	58.94573814372389	59.958914726191324	0.02254238472446245	59.94930611437259	59.96258063839538	59.97365850324475	58.89110387046977	0.03307053098062934	58.874386013370646	58.896570113419926	58.91352455479222
9830000	59.956163982325485	0.06873811894520793	59.9401882437094	59.992192336231	59.99974337232673	58.95792177266824	0.021171131073530525	58.95279900809993	58.96140584551123	58.968393163029134	59.95756532964032	0.02777389107154799	59.945358736952265	59.96207922738645	59.974491990430735	58.935744974655535	0.01888923052468217	58.929974392884425	58.93855818822062	58.94597074347634	59.9042797676397	0.038227898163931295	59.88373561747768	59.90821348435065	59.929383586344485	58.93511878493191	0.019585963979783343	58.92924130300108	58.93812546895208	58.94569287949042	59.95862779270589	0.023914863721373157	59.94847029969005	59.962504120565626	59.97356759915842	58.89127319333688	0.03305186679331739	58.87472804522307	58.896614510128344	58.91397434239823
9840000	59.960776891165224	0.06208559749551171	59.94711307085773	59.99326678565286	59.99980861116776	58.95843207316674	0.01992953270550623	58.95319916644173	58.9619537729702	58.968990538663036	59.959663026093274	0.025384475562920367	59.950018327578306	59.96270154709884	59.975194280175074	58.935804060408756	0.0188888427817679	58.93002064047031	58.938697461117016	58.94603275662949	59.90664520228401	0.03589424103124275	59.884757738242726	59.90931503418548	59.93241363897582	58.93519449208068	0.01957341016499736	58.9292671396542	58.93818453672486	58.94573814372389	59.95973059335951	0.022824574352258823	59.95009025442721	59.96359337082478	59.97459136240157	58.89146008544268	0.032989343546071075	58.87472804522307	58.89696746816578	58.9140501468039
9850000	59.95717751758832	0.06684126522526948	59.93937952970988	59.99195045932115	59.99983487019536	58.959142308541274	0.019071881405709545	58.95397308235677	58.96226405939868	58.96926624125309	59.95968201190703	0.024825747971164217	59.947512929402656	59.96320124654163	59.976550003868276	58.93587319005746	0.01888904490043283	58.93002064047031	58.938697461117016	58.94607089141415	59.90649384246927	0.03918015277866306	59.88396601101218	59.91064874925196	59.934119235430174	58.93528217411916	0.019536244085187043	58.92935532067456	58.93818453672486	58.945758571924145	59.96106891394209	0.020805570527132108	59.950111979617574	59.963724896104246	59.975591390315195	58.89160801000692	0.03294455229467961	58.87485480432945	58.89696746816578	58.9140501468039
9860000	59.963509322107946	0.060330615548152014	59.95500288377953	59.99324638086315	59.99975434118341	58.95901401129843	0.01944797806416466	58.953335685944545	58.962232066840315	58.96964253793087	59.95823408441571	0.02712855920302698	59.94751712132875	59.963207118112166	59.97605473679009	58.935972457315444	0.018791475872830875	58.93012481721334	58.938760918548326	58.946130750539076	59.90554322624336	0.03810002370447363	59.883000485013056	59.909325480349835	59.933023590454	58.93533499978417	0.019531545562318255	58.92938867258015	58.93818453672486	58.945778719849926	59.95945315019367	0.02205717036153854	59.94911357023946	59.962105323515104	59.974212936080214	58.89182286563662	0.03294635138247758	58.87500870798746	58.897546376530705	58.91410590865951
9870000	59.957745186923184	0.0658929351168711	59.94281472142068	59.99171303453666	59.99979409552917	58.9591086766761	0.018042018757595073	58.9541040581604	58.96172879939023	58.9690035506057	59.95966715810205	0.023559698151845155	59.94802752657664	59.9632119438649	59.97553554164964	58.93605123846223	0.01877211891463813	58.93017075017931	58.938829670539974	58.946208857191344	59.90509983864382	0.036898698856049524	59.882999622873996	59.90809083040335	59.93034424025983	58.93542230736961	0.019495634168453273	58.92940207456325	58.9383840607063	58.94586680236075	59.96045855813082	0.022728705991778696	59.95025565322003	59.9637020870894	59.974772618299504	58.89192458147725	0.03297307881034826	58.87500870798746	58.897613816051006	58.91428028193241
9880000	59.959000759251026	0.06260633509157319	59.94440943286351	59.991765150836294	59.99981466405829	58.95915146598614	0.017635197983412343	58.95394024557661	58.96121436483337	58.96854779440924	59.9585333854758	0.025600812502192993	59.94870231742662	59.96193340292443	59.97486279213048	58.93610992775994	0.018750204216323018	58.93018208795887	58.938760918548326	58.94626449733952	59.90506953004504	0.037612527803169996	59.88286249158175	59.90838212594358	59.93249249408055	58.9355015859633	0.019475165925482332	58.92940207456325	58.93852844251323	58.94590978854	59.95839882741901	0.02640688357656014	59.94923703013009	59.96259122033547	59.974209385164805	58.892140793742016	0.03288831133137265	58.87547672830094	58.897983660549514	58.91435250409582
9890000	59.958715576144556	0.06513706385178114	59.94132331589595	59.99365705842406	59.99975124222983	58.95858979989409	0.020873263328162184	58.953654786517774	58.96156017780237	58.968309790196685	59.959073239956865	0.025851126383862964	59.94861623696981	59.96283710724557	59.97530324956981	58.936154284958086	0.018757066542663507	58.93018208795887	58.938760918548326	58.94631826218273	59.90366939990363	0.036890213421449734	59.88139102537576	59.90784564004659	59.92906165551078	58.93561093756607	0.019459803435036123	58.92953893446864	58.938571404989595	58.9460334606085	59.9582713088427	0.023185631197177328	59.947297959260105	59.96185582457723	59.97352074480805	58.89229209004689	0.03280900981314962	58.87580862003516	58.89802209719785	58.914410162992475
9900000	59.96263545262942	0.06338534845519048	59.955598068854215	59.994440332404764	59.999828379045915	58.95927711472905	0.017422811874149367	58.95365174240672	58.96189534408732	58.96831030448267	59.95861140954616	0.024318420951590643	59.94761332480903	59.96221367381054	59.97435674480199	58.93627143496232	0.01872467975867382	58.93020741256892	58.938900015369924	58.94631826218273	59.90484082895919	0.039303176467966	59.88137037821079	59.90944315541013	59.931812207853504	58.93568744514745	0.019426056667756965	58.929660237021906	58.93858995747502	58.94614678303624	59.959527685843426	0.021725225834152522	59.94910127719013	59.96260973305651	59.97364609030379	58.892456890971545	0.032681552577749025	58.87590430950571	58.89802209719785	58.914410162992475
9910000	59.957245934767755	0.06466439099853628	59.9358214823471	59.99137196495171	59.999673821904466	58.95973482949214	0.01708489523974037	58.95432390341897	58.96241188344682	58.968814377600324	59.95863425123524	0.025299676656331094	59.94637402229358	59.96220909048223	59.97613095302541	58.93635580340468	0.01864892869964377	58.93041252004447	58.938900015369924	58.94639576701737	59.90437259131596	0.03768708401764447	59.88071789992915	59.908241932233494	59.92994071871816	58.93575630807078	0.01938320165721084	58.92969377025291	58.93858995747502	58.94625194735721	59.960001143613475	0.021852253648996716	59.94970818136011	59.9625586068249	59.97476674380157	58.89259452557331	0.032584808939349404	58.87619028621123	58.89850870666742	58.91463651387088
9920000	59.96052149167225	0.06326500699321262	59.94673625318315	59.99331226562058	59.99979859008943	58.95851694025162	0.019590327721587506	58.95338553137401	58.96170567753482	58.96830563088827	59.958506037938264	0.02392770259073608	59.94647555610384	59.962586870434166	59.97511637648207	58.93642753807192	0.018626895058113564	58.930446865987705	58.93893447822302	58.946562260885116	59.90192212569305	0.03866865230353394	59.87927782691919	59.90535772101987	59.928937926146	58.93582541389535	0.019374545651757027	58.92986406427559	58.93858995747502	58.94625894900921	59.95830164108376	0.023920807423320704	59.94938385576233	59.961369609997206	59.97280696350706	58.892666576120476	0.03258582936919275	58.87670460564012	58.898572598785904	58.914664299927665
9930000	59.956707118012794	0.06703500258299354	59.943459018942065	59.99069708749555	59.99967681314848	58.9586042437109	0.017669849316133548	58.9528960198943	58.961555707026804	58.96837321609842	59.9578364664789	0.02428820207871804	59.94627497332673	59.96141557227595	59.97458589723891	58.9365065305359	0.018626698626148405	58.93049405165124	58.938998942471784	58.94666792463176	59.902114373466055	0.038284020427708745	59.880252735043406	59.906755000257746	59.92924490109684	58.93588336077153	0.01934764478466859	58.93005806259699	58.93865726938368	58.94628023653077	59.95802815644875	0.024646366801508047	59.947492034772765	59.96141748645621	59.973547622856714	58.89283932918962	0.032560648700581944	58.87670460564012	58.89869274841956	58.91507399950472
9940000	59.95692478862391	0.06938392670024894	59.940640293295786	59.99319181703394	59.99981719927927	58.95916756919354	0.016922851134024055	58.95403982788322	58.961955040470244	58.96859688355308	59.96050236680733	0.022068816569983354	59.94985072312903	59.96391872302027	59.97559187489495	58.93655960627779	0.018556567146831335	58.93058179066104	58.93898941728251	58.94667546463228	59.904122543566835	0.03936119303596887	59.884960844224445	59.9079996389936	59.93079113932369	58.935940345853	0.019331572233052166	58.93005806259699	58.93879825681927	58.946398341881974	59.95877295749639	0.021823311258382525	59.94767897754453	59.96228486732258	59.973086745113974	58.89297200858256	0.032585289335189026	58.87670460564012	58.898814924433104	58.91511873375186
9950000	59.95916196459942	0.061418333247701226	59.94202502602768	59.99167447342495	59.99965067343111	58.95845925501148	0.019423282234758133	58.953250404699084	58.961071986078935	58.96868859682469	59.958270961563116	0.02382581112117542	59.947702076734	59.9617832246022	59.97468499961012	58.93665314837314	0.018564513551506626	58.9307019979052	58.93908227335422	58.94681760471138	59.90308349184217	0.03893120770802256	59.88281695935878	59.90690912144121	59.92903574586526	58.93603298910671	0.019289011389369087	58.93009123113702	58.9388231251313	58.946454433053084	59.95774451819537	0.02410437815551681	59.94727098461538	59.9620101892656	59.97291391480244	58.89313873813893	0.03258171322507187	58.87703095569962	58.898884172665184	58.91514816344347
9960000	59.95710907101921	0.06465527878280494	59.941110877101586	59.98846492332441	59.999676647910306	58.95833135554214	0.01964273172539992	58.95308141424134	58.961750075210176	58.96877939962979	59.956928282271456	0.027225829437717185	59.94713301618384	59.96103180105536	59.97451802829485	58.93674944292839	0.01854195454456526	58.93078978507296	58.9391072917207	58.94684324971302	59.90236990401322	0.03894856870172753	59.882005841739065	59.90461558981282	59.9294750375161	58.936170873005175	0.01925593073466181	58.93024983018414	58.93888083469351	58.946634619085856	59.95804777240676	0.021643742398524332	59.94677093471929	59.96052923424121	59.97335694434247	58.893471516987766	0.03234483523431451	58.87800860930408	58.89911487544885	58.91535469719265
9970000	59.9542739774575	0.07089235643421865	59.93235846202852	59.99215719943536	59.999776457861614	58.958680147125136	0.01966114480749377	58.954090347369274	58.9621937860169	58.96821159366614	59.95936303053302	0.025956202108620388	59.94738524124386	59.96423092232766	59.97610742510077	58.93684926183471	0.018445080600241626	58.93096735898626	58.93920942742237	58.94685331450412	59.902865290959966	0.03875171116984479	59.88011482975941	59.906308769847044	59.93008994348953	58.936255091595086	0.019249800555240493	58.93027591596554	58.938972436735014	58.94676686122878	59.957935240476615	0.026173398217087848	59.9486411938929	59.962714886973714	59.97388441184188	58.89361920236479	0.032317433326001135	58.878042526022234	58.89939459825891	58.915421407794355
9980000	59.95930366318176	0.06412497274391996	59.94503724591287	59.99291401746614	59.99979929195726	58.957953916320456	0.020687361442911945	58.95367492382076	58.961613100917646	58.96844316063467	59.958989194062994	0.025551047633216806	59.94723124018188	59.963252512423196	59.97571734257861	58.936921745730174	0.018491411787875126	58.93096735898626	58.93929804514931	58.94706287947311	59.90593927654996	0.037969478903032455	59.88320618516607	59.910294005320395	59.93202175760203	58.93637903843308	0.018961209160916145	58.93027591596554	58.93913595790964	58.94687247106192	59.95954742032409	0.02407067158271806	59.949133515909246	59.962555785354304	59.975282093499416	58.893773216301284	0.032218981032074136	58.87812040081135	58.8995933870915	58.915421407794355
9990000	59.95717592349902	0.06505989062599352	59.93702531722085	59.992311255098045	59.999820964812464	58.95825258631493	0.02009495750552225	58.95264779092891	58.961498419506185	58.96867515156201	59.958105833014535	0.026726795423857745	59.94701203090896	59.963009717935314	59.97562922003732	58.937008183538715	0.018468160838587204	58.93108024649866	58.93938315415546	58.94706287947311	59.90457014407383	0.0375227964825072	59.88354714356713	59.90855655871866	59.929885107411835	58.93643970039931	0.018933892208782787	58.93031439784689	58.939299178109394	58.94687247106192	59.958541360491175	0.025188928358459817	59.94858188317266	59.962793636599855	59.974257759247664	58.893933348418905	0.032195749892332766	58.87823102140798	58.899623815690745	58.915487341538125
10000000	59.960782802176794	0.06270794823009872	59.94429361381516	59.99455710440664	59.99988295693951	58.958831746938316	0.01780691293379083	58.95291813166028	58.96177192148071	58.96877183136342	59.95970654767856	0.02596910544482869	59.94811381328991	59.96432876163372	59.976059042075406	58.93705977912804	0.01843723288018857	58.93118373580391	58.93940293930846	58.94706287947311	59.90650845598845	0.03770060814473621	59.887007836747955	59.91000373673059	59.93317923570578	58.93653974669399	0.01891130606686695	58.93053377516967	58.939350515306465	58.946998174288595	59.960172394799265	0.025602703024551927	59.95077104748687	59.96371211448939	59.97501852090278	58.894094038155764	0.03217265786600867	58.87850039438135	58.89976536571308	58.9156743383198
