10000	28.052839720859225	0.3579284520091421	27.893154019840292	28.134166925586968	28.290855897165066	29.106975065090648	0.08700091539952455	29.05262595471096	29.11228909606462	29.173029825575604	2.9519965267737303	2.5370691464531117	0.0	2.8437079346522935	4.959792073673778	29.100458349311108	0.05481786077412658	29.062720127759665	29.1032113023141	29.138208822038184	2.9727742363786964	2.5231465029907416	0.0	2.8415529622207467	4.957395835698204	29.022196231156464	0.06908315790127727	28.97791984096103	29.026162535521955	29.069655124447223	30.631530552189158	0.09598082020719358	30.575429841920762	30.640101565597956	30.702531375616186	29.1464231038059	0.3215039268245915	29.014589662022935	29.218656074106633	29.37074525641446
20000	28.59499935028191	0.061166675767351575	28.556280850413252	28.588012202371853	28.627061555601955	29.11225000386949	0.08376311590603715	29.06007804929005	29.118353878405568	29.170107379346877	5.831636077417023	3.4770772571030477	2.8584695791140904	5.427964673617257	7.769279334845413	29.105808180389065	0.0537537865011305	29.067560845280653	29.105114122645894	29.14330712394504	5.90929718318034	3.3201305659942673	2.8625555650262124	5.431121320390888	7.74952020805183	29.031884880955687	0.06619041870363304	28.990459788968156	29.036969571947715	29.075564609655565	30.63510397330889	0.09729642176823339	30.578403107281982	30.647587036896958	30.70373340835426	29.6416207630601	0.03704734283249266	29.616625550658185	29.642510228020413	29.666560483447967
30000	28.5976462343192	0.06433649633535232	28.559124035880274	28.590608856065128	28.62516566630846	29.10669567081108	0.09327331158899273	29.048777352695787	29.113690046996325	29.17576316647999	8.429198237544119	3.7754212445389617	5.429575857506262	7.94533259277277	11.435262022745064	29.104385797133478	0.057082841162387155	29.069070053359138	29.10606531987975	29.143422005280968	8.426389682107244	3.605736353878276	5.435783112960596	7.75478177205841	11.530043615681718	29.028186415935064	0.07004786613445922	28.982808024648357	29.03292370380442	29.075653651358525	30.631387430302016	0.10384664806712547	30.5691701891282	30.644393703940672	30.70848203050658	29.644285630182004	0.037472315028935305	29.624634212249674	29.64665404898505	29.667752499282386
40000	28.60099001808072	0.061727405108417115	28.56335676981248	28.594364346090146	28.62926483666068	29.110469481230457	0.0885469265471824	29.05651789543218	29.11755748330703	29.17254707955439	10.508994560136516	3.870490056203632	7.739641125271875	10.329686620199144	13.377582325976046	29.10929791324246	0.055441694990082606	29.076148714561874	29.111735957172627	29.148336925246923	10.688247288064648	3.7312761314381735	7.749875310892387	10.960716325685599	13.37623763132492	29.03447062123552	0.06791132667481665	28.99299016590694	29.038599433556616	29.079614447177367	30.633835528351053	0.100126519507655	30.574030494375762	30.64797987547434	30.704106526985505	29.648060449237974	0.03740346022594067	29.62398431755098	29.649410977430147	29.673940707106222
50000	28.600078052251746	0.06423637916705997	28.559300025397683	28.59014969514074	28.632794625264154	29.107209337486356	0.0914383183274279	29.050803044361725	29.117212194674316	29.176142650649737	12.458103813686005	3.816630521037072	9.819726276753686	13.099813515929206	14.92473362878258	29.107267151620118	0.05571367846202783	29.073051583089672	29.107782825653814	29.145923830682545	12.579363522116743	3.763638723261157	9.830967450244888	13.027006246876017	14.929732895039502	29.02937651896211	0.0707044732643365	28.98693117095167	29.031380436718003	29.075304416949724	30.629374088036496	0.10675447161752187	30.568035041203863	30.64646931870469	30.709409448698885	29.647248641078352	0.03780190997280618	29.62463858945351	29.649194886752426	29.67222082974287
60000	28.601535204012684	0.06327004590365229	28.558771680417895	28.594733050359302	28.631802753668417	29.1105051063842	0.09168784389497817	29.057171022713618	29.120167397090576	29.17440782084463	14.14414517972286	3.7515513171935293	11.701259086548372	14.749478400691524	16.649196160947376	29.108103109803352	0.05604295247688152	29.07352363911066	29.1106444366137	29.146385928419768	14.324278081800468	3.7430825952190503	11.709302736017232	14.873546670417682	17.309307855261068	29.031567853561047	0.06885588179794504	28.989754831104175	29.035586224131897	29.07927447662881	30.635278469077264	0.10119479927609999	30.577542700699002	30.6497169009365	30.70703781253833	29.646961016925246	0.0373463124882463	29.623349360019922	29.648989905121603	29.6715536441927
70000	28.633079785055255	0.946644734471118	28.564862229216473	28.59846750214342	28.630171502001197	29.133153636868723	0.5983325341475584	29.064005491477708	29.123241614941755	29.179774921803634	15.597069797073246	3.66257703370138	13.37837988813313	16.237951298449982	18.479330333155794	29.134581730426948	0.7973096174411708	29.076293641982048	29.11171431755189	29.14612149709355	15.791599535646077	3.6316048155565928	13.39439616804238	16.24856690892467	18.587167985609366	29.06030560717732	0.8012562366569734	28.991885231446826	29.04023217592594	29.081423045153233	30.665063196027443	0.8880448346559854	30.579498607938234	30.649717352374417	30.710426758395496	29.651219962049304	0.08332295108200215	29.625452766593448	29.652184638083067	29.67359253238708
80000	28.635968782858804	0.9546841264648632	28.566284558736513	28.5999415242718	28.632548288373115	29.140339294013433	0.827389039681987	29.05809568807702	29.12221909726069	29.18209145289472	17.046425927590434	3.5018822229979394	14.909545020226327	17.497448385081434	19.60446110018315	29.138868295269425	0.8477737935692424	29.076778027429206	29.115847950934413	29.149291006195497	17.196577546322196	3.553244703228823	14.914391550950542	17.511783678347598	19.62609694055819	29.06513482857042	0.8503671180631189	28.989954312127935	29.04051046068399	29.085138430457494	30.67050651125675	0.8949579590346426	30.58473041432993	30.65242971074206	30.71476889166156	29.66643103270315	0.49024273075550157	29.62922947135529	29.6525794449309	29.676700280180082
90000	28.637568537112855	0.9809415954614706	28.567267337764097	28.59878349336372	28.63522565510363	29.143519304475465	0.82978821457391	29.061849789845272	29.125177345939097	29.182296646660525	18.233066004125913	3.3041394307068512	16.274566436072327	18.61113739291398	20.51005649120389	29.14226575087024	0.8573696428495237	29.08196336164316	29.116917214828117	29.151830931462825	18.307612282584582	3.4457009791505193	16.271962680515763	18.627195694298422	20.5261564289468	29.068643438687104	0.8589010932557992	28.99790038949126	29.043540691861153	29.089973029227583	30.672025158842164	0.9130597531058934	30.586158665711125	30.654161424108693	30.715296220303575	29.67169712925657	0.5752615381499389	29.63159284291994	29.655273715490548	29.67931362966467
100000	28.634912499377066	0.9774023882222344	28.565847193532697	28.59689832868061	28.63370711524886	29.138188832958022	0.8346166227499889	29.0582819128364	29.11984394530877	29.1748822990339	19.270433334137394	3.122860275170521	17.510211395037636	19.615308011968533	21.320104784904096	29.137585956188257	0.8563911058445453	29.076200688265065	29.11251593789808	29.14584573438292	19.31478181081853	3.1901377128034167	17.499088391011828	19.61432448783773	21.351496869467116	29.062198083998137	0.8619028430214504	28.992688492522618	29.04028255023215	29.082352904488886	30.663892236644234	0.9072575338802411	30.5755232724132	30.64892393761926	30.707537221973077	29.671549163364645	0.622471033775219	29.630282623498434	29.65359542141142	29.6763256984745
110000	28.66989956456409	1.3420482460366947	28.57131145727687	28.602747124443702	28.63621367699377	29.15768777808037	0.8953675346498066	29.06619799164567	29.12669512321289	29.184481421795752	20.19580890865558	2.996546191052669	18.6169122370691	20.508208369552285	22.064468997400752	29.163360160039574	1.0285616518966898	29.083328484755768	29.120080777687917	29.15345051778594	20.222624910406275	3.008050301650106	18.597113684027615	20.516352644455765	22.479993405145805	29.089347266504298	1.021154978548057	29.003006991884305	29.048376308569026	29.09048593931726	30.69920786234723	1.1807404254202443	30.591358553727478	30.655974512434796	30.71938252896161	29.67800202957317	0.6593786880483941	29.633493845923706	29.65733177796878	29.679356393479306
120000	28.672619505277684	1.3750924142424126	28.572540341903284	28.603962291343976	28.639133508706205	29.17206329274771	1.1629556963577443	29.063081846524177	29.127838951385506	29.181577630854566	20.990144642880317	2.827318465575055	19.607745681561816	21.315501791636862	22.763204560570202	29.17111549969356	1.2007420747891884	29.083768071074893	29.120384103103873	29.154281698358556	21.015862360260783	2.8790088889252385	19.59108817651974	21.32243781182188	22.97549805168314	29.09743768937134	1.2065628386865712	29.003420856070797	29.043973165574407	29.0888157511153	30.702611496418516	1.2696136346944356	30.58621285605832	30.657321136924324	30.71409878000027	29.687663097313823	0.758051315556085	29.633539370150437	29.658640390823827	29.68040609074402
130000	28.665224411514163	1.354873237597823	28.570122197578318	28.598843486849702	28.63153503827593	29.17417377389535	1.1785236020401393	29.06787281541179	29.131903325606743	29.182927391673786	21.711167368696685	2.6892355463069535	20.496060555637126	22.03956714546354	23.506756474683552	29.172056929400505	1.2160537814096577	29.085227235286325	29.119593828381426	29.151483087308385	21.735759616671793	2.721466266665181	20.453053275972856	22.06661279624052	23.733290253334566	29.097230200287495	1.2194270035254247	29.000739835722733	29.04697395379089	29.08958792963843	30.70465187844649	1.2779306913220672	30.59315253375172	30.661311463658265	30.71720790434295	29.691969502989753	0.8408150246820657	29.633185148673405	29.658318555952345	29.678996707465075
140000	28.69799488305595	1.6388530354736324	28.573454628556732	28.60295991727999	28.633439529057892	29.183784970185624	1.1848491492905082	29.075067140260163	29.136222701614898	29.190576952592846	22.364363895070927	2.5434964594716356	21.274322988375367	22.69476708997154	24.18497741132853	29.185153195826945	1.267794523918167	29.087778247374576	29.120682562185983	29.153866239316542	22.374665492820657	2.6379785686629034	21.217451755509025	22.704527166910175	24.263999745744886	29.111410654748827	1.28154093344452	29.004065418620083	29.047661736703766	29.088378124706363	30.731571971421214	1.457365083150833	30.59929110565353	30.667213394865616	30.72439378222233	29.6954402083067	0.8745944368284948	29.63661988780016	29.6583128697727	29.680105654715508
150000	28.72851424482786	1.8614358394657802	28.5773563825093	28.604145341773346	28.63656860991246	29.207801292106033	1.4372770508334558	29.068927955366817	29.133097463684702	29.19290071964847	22.941019715298463	2.4175036195901183	21.897102525273176	23.28198185871605	24.699629395346914	29.214231340455886	1.5283561202723093	29.0891799792589	29.12186887939435	29.155358758048475	22.923664888931878	2.541305296853373	21.606514218222458	23.293195159947384	24.69972280827577	29.141030201743305	1.5349978126337516	29.007037580532103	29.051089669689645	29.092421050391902	30.759096839718097	1.716861533602796	30.594975428059207	30.665614647541418	30.724098297159436	29.708845191851136	0.9827863784364003	29.641100423644076	29.66141290972569	29.68347880738056
160000	28.7384664515099	1.9251606671319503	28.58143928662086	28.609255057856274	28.644259848001802	29.22833849218709	1.6474262197723746	29.072865036201733	29.134074727758147	29.183537952048482	23.467429509948342	2.282933571202565	22.091877714438517	23.814164468326055	25.095670302872175	29.231497408849258	1.7039409440505435	29.09216808748881	29.125065073015143	29.158011229165144	23.426902289033865	2.4549666364890457	22.057788596425727	23.828561791743425	25.08364047950658	29.15839957157035	1.7052177324175717	29.010071601543487	29.05393170122711	29.093325659432445	30.763993413752917	1.7901325710878258	30.598407252586448	30.662752218614543	30.71982957425234	29.717921721241076	1.052094096865125	29.64193145331321	29.66291611833194	29.685572014227585
170000	28.772037189889307	2.173097981542403	28.581486220833654	28.610835963810416	28.64283906314938	29.248364929553848	1.7403120872276359	29.07256069983051	29.13514516395584	29.186741158521393	23.916439905505026	2.1677358835032927	22.710162848007716	24.27760717468847	25.45398050282916	29.255918219947265	1.8627126097984414	29.092728075815035	29.125273335494903	29.158109497348224	23.870710505442364	2.3480972500187343	22.697272046119547	24.291564880577944	25.44340710539263	29.18499614671003	1.8812375104562247	29.009368742607165	29.05606421801346	29.098265184974046	30.79510672053081	2.0066610330481742	30.599423464359496	30.66611959668379	30.720272820877646	29.731035671346447	1.139719002359127	29.642861807281502	29.665987746736132	29.684713869799673
180000	28.76922399306189	2.1503393320912734	28.58050911339412	28.611192158448784	28.642205116023284	29.258504510626153	1.8408533870470947	29.079312193886587	29.137213553006866	29.18714720978488	24.31616371545988	2.054123564311929	23.273884923266863	24.579798113535222	25.762599584391214	29.25873756160118	1.893480394161444	29.0934399562706	29.128356285399086	29.161437930253992	24.280339015657447	2.2275987941284745	23.266340258026844	24.711954514362688	25.757588153710575	29.185658540074098	1.9021050986031036	29.011169858653666	29.05726944046723	29.09607251389043	30.797853458244038	1.9944268888339012	30.606693485026565	30.665254627871164	30.72039138650649	29.742678181417844	1.2473030691100495	29.64324623713896	29.66592420010236	29.68660646941379
190000	28.795772770265504	2.352786546285493	28.579739629927733	28.60857066335222	28.6383819370014	29.28238081362745	2.021030646111716	29.073890671515123	29.13547419998013	29.18728815763186	24.68759145494336	1.9705180406444094	23.75357879442646	25.05271724282752	26.00602248609123	29.285500835972936	2.0836208229783706	29.090836815629736	29.126224333331372	29.157797758693402	24.68723060774907	2.1186437126155386	23.68955029160466	25.097156352288998	26.051090753175863	29.21245558713964	2.0853775728517543	29.01146063101099	29.054024612261685	29.0975532432804	30.822114280282726	2.185949379058645	30.600410328911344	30.666189342251506	30.722650498376083	29.75239847803436	1.323596919959388	29.64220901278976	29.665060311870185	29.685128428574227
200000	28.802107528843752	2.3718389788101595	28.580896631293946	28.61192743149863	28.644006671614967	29.2885529856818	2.022519305671058	29.08276162917026	29.14053055690131	29.191037088936255	25.005369658717573	1.9056157820244308	23.90878125012761	25.312642570686094	26.218649442599045	29.288992373082433	2.0838798626665387	29.096436707666342	29.12936274551386	29.161535440556985	25.047059050131548	2.0883993135803953	23.981583945852496	25.425232668757296	26.29285223281007	29.215534027517403	2.09039535001394	29.013729303985482	29.056758902785365	29.09773399305647	30.829870040204845	2.1941400323077205	30.610585765839048	30.67258999871948	30.72660757599651	29.76564319383907	1.4011497935162402	29.64295923457702	29.66733325814718	29.68753247130931
210000	28.80312436829932	2.379189931428614	28.582004172139925	28.610985472457337	28.646122829487197	29.283104929594998	2.0245491120349257	29.077885507403614	29.134585524945063	29.182910589207747	25.336820321664806	1.8143412728511483	24.318139090565406	25.490482918477298	26.450099682184376	29.286504644908817	2.087117094810006	29.091318686094194	29.125105411840103	29.16132156377286	25.357206290292034	2.028345008631315	24.320786710679744	25.652441468130093	26.534097328691836	29.214189031348702	2.092908526963685	29.010391196547488	29.053958607650877	29.096285651562397	30.824033963225606	2.203860158330826	30.60004556966151	30.66667684738401	30.713808612549887	29.77346215415973	1.465122930703858	29.64537582746729	29.66692751372912	29.687962927072693
220000	28.803480494931105	2.3739954265747985	28.58707223711583	28.614596028956903	28.644089277103003	29.289720008825654	2.0239383535343016	29.083877454857802	29.138959366434698	29.194187684463238	25.61353398949563	1.7760828876691408	24.73214686860536	25.784040430450034	26.599271580380144	29.29005183002557	2.0843087709473793	29.096302335096148	29.130993169336904	29.162831212541263	25.638888165238946	1.969433405590647	24.73405828786878	25.934002448369057	26.73337326207519	29.21968472075929	2.0932946353005617	29.019162628226248	29.06325190738903	29.10485056839287	30.83085755565318	2.196200849584743	30.610510146156322	30.672214155456565	30.72900201337717	29.785897283494517	1.5565780828937001	29.648905829914376	29.66969823939978	29.688331489382048
230000	28.802698121700278	2.364471856796732	28.583266340129622	28.612707823370773	28.644925519376606	29.284682860640086	2.0215082224680834	29.081712139525504	29.136711444189046	29.188852847752777	25.85642430567814	1.8338947975576088	25.10044694897375	26.06614192664624	26.800178341843896	29.288518330049857	2.080860870481493	29.095109578442433	29.12838029614702	29.161769319230654	25.89583303053918	1.8984778207186723	25.116526199378292	26.118365563617836	26.926336059438952	29.215787150411913	2.087840525982708	29.010868486033544	29.055510190700325	29.0977280395851	30.824708577351956	2.1924740527231097	30.60519272594453	30.669489291200755	30.722152030166868	29.79190597520973	1.6446629010399887	29.64616863985527	29.66838717942243	29.688347232339808
240000	28.80272340072351	2.3727702061246836	28.582680123619475	28.613089256552186	28.643987244436637	29.287202728476792	2.01622892370304	29.082129394905767	29.141199669899763	29.189101024309174	26.078103493489085	1.82013423453117	25.438345167814816	26.30228390373958	26.94137193623691	29.2904944411621	2.08031544790252	29.098997139706754	29.13026328344681	29.15978097470365	26.122994778361853	1.8645086142034806	25.349302120561628	26.32766439759935	27.073901372028505	29.21827721718104	2.085679262918279	29.01432966909579	29.058510183335194	29.099408899994597	30.828947134056005	2.1973987718704033	30.607466517815215	30.67221117740115	30.72480929554498	29.79581103135513	1.6872395510750948	29.64534190239925	29.667181724157025	29.688524472432835
250000	28.804740591781798	2.3443301179817144	28.588178856393455	28.615633851436847	28.64761049107078	29.294288008106136	2.0274048528033317	29.088346436886933	29.145987620168764	29.193713629081472	26.305127931869404	1.8343985275194676	25.671580418575182	26.480698822353027	27.10194696896803	29.293156998091977	2.0846477863436164	29.098278925391917	29.13296587996366	29.165856978005536	26.328004331975965	1.7963512563457442	25.502002119887138	26.538451511552346	27.22441417538913	29.222495199460802	2.089893954730831	29.01906786464065	29.06417036406068	29.104681429779077	30.832615217758327	2.1810372449703714	30.61384992622856	30.676380602746143	30.729605571857498	29.802474153498782	1.7194053098040547	29.64981799351311	29.671198748378362	29.69088163598852
260000	28.807355508131618	2.3679035913577793	28.588525897301576	28.617240360846733	28.647435226935826	29.291378170256113	2.030765224080826	29.08655557433785	29.140161698661043	29.190869338474695	26.500644361468677	1.8515846930212454	25.788521828413167	26.578072694158074	27.242301791169886	29.2937977228363	2.089817551910424	29.103800422673253	29.136267340501504	29.164306295122202	26.510902850605007	1.733135785542101	25.790289936727525	26.719716050310637	27.295827522731898	29.22269104676421	2.096402570557222	29.02046160825344	29.0652142482216	29.102863500790672	30.83008630299898	2.191903088715099	30.61298871372068	30.671786020210142	30.725097940488297	29.805762719410147	1.7618728745652796	29.650232238338916	29.671259325099655	29.69115031892356
270000	28.8056522043516	2.358765967043626	28.59049695303496	28.617228712999832	28.64813254944599	29.29540997365013	2.02456026008245	29.08936643356229	29.147499025841114	29.20084020485858	26.66978355842101	1.872901112037414	26.04607298236534	26.766520475174914	27.371018323510174	29.294273711615155	2.081100831155506	29.101153156352982	29.135272803957278	29.169450778305627	26.67650980734421	1.7097039625179629	26.050315027893095	26.819935838038283	27.39128944301153	29.224549513743053	2.0871168199485726	29.020998734941195	29.065023297044334	29.110421607095915	30.83507390233835	2.1854223188257853	30.612498655947498	30.6791042086123	30.734330505188634	29.810916208011026	1.7940025028700592	29.65296167156504	29.67292001618097	29.692577805939194
280000	28.806506657662123	2.340242127450949	28.592662011591585	28.620761176698647	28.64919701658699	29.292179998785606	2.0260416145414264	29.086431841782954	29.142445056252125	29.192091882731965	26.819330965378075	1.8497659180316222	26.127823046859856	26.934636277544758	27.47998740294281	29.298298485383818	2.0882754187254737	29.106394463618	29.13770399807921	29.16642302908095	26.83044868328827	1.6649610755613313	26.23690224176831	26.94709000603426	27.51344002740945	29.225588135932632	2.093420093727219	29.02321422527946	29.063680656321154	29.105700278566193	30.83316250860965	2.196114550143071	30.61202798307607	30.674671277243057	30.726807083601535	29.815908313757735	1.843352508031297	29.65385464662045	29.675604798531367	29.693488149864994
290000	28.806538301630944	2.373840062929413	28.591510794672367	28.61829427248566	28.64676947666162	29.293510144905166	2.031246938610964	29.093609146360464	29.14756642761046	29.195828828219586	26.959684566428653	1.885356802447544	26.326360055441967	27.076392774919327	27.52718945470998	29.296905076244343	2.095102684702101	29.102870320314477	29.136550986435772	29.16946909245511	26.969368656927536	1.649001568762776	26.330989275003947	27.106461439971582	27.60624125868459	29.22621982602088	2.1003281382990404	29.026071684008272	29.06708577751194	29.106477951908857	30.835803067123653	2.2067070350869664	30.617677553762725	30.680307234305204	30.731211382144867	29.817516810071087	1.8697518159949775	29.654104541905898	29.67377831725331	29.69395312670051
300000	28.81088076351976	2.3737876879791906	28.595269155415995	28.62194924577776	28.64783672801135	29.29349391389147	2.023367083660546	29.08749309947367	29.14779793209332	29.193650372397457	27.07586286521425	1.861616387773497	26.533174916026248	27.151846806043576	27.613849078510977	29.297497581504885	2.084981080056554	29.106235167263932	29.13612163869785	29.169011714673765	27.103569195303876	1.704928625668632	26.542287983541136	27.23067073177851	27.693012792151965	29.22812344759978	2.092852055961275	29.029232236704132	29.069545671917737	29.10737276235878	30.835170611599317	2.2043831646670706	30.611795776353542	30.67677288663768	30.73101075388061	29.820851132585343	1.8853348259706744	29.65675582528383	29.67632852479508	29.694176447149868
310000	28.810252047935656	2.3704415795249445	28.59443808735905	28.620258790808194	28.64956383988639	29.295702381297293	2.0310331786657128	29.08957441758619	29.153981328808985	29.19519594961101	27.19101789349898	1.8566466975360065	26.663214477154437	27.264761394443152	27.70557637162111	29.29963911949334	2.092416296027657	29.109295636905852	29.13885858730872	29.170609447976695	27.218113718390637	1.6954395381470848	26.73290615261094	27.359701777270217	27.774608931786254	29.22718193189069	2.098395243711316	29.02678845714066	29.068186264866434	29.108093617161472	30.834983529788133	2.201057522844783	30.609738791084055	30.683039253110536	30.72916981874634	29.822398838261115	1.8979852276319704	29.656822541367738	29.676492739564466	29.696123406922496
320000	28.814228820176307	2.3821994398834265	28.59717398237141	28.622576157052986	28.650703356538266	29.297403703635943	2.028940368365176	29.090231153096795	29.148460069888394	29.197934781294162	27.299494634001793	1.8622802502054876	26.75914166315524	27.391693289144495	27.775983206044327	29.29989947048955	2.091374719414212	29.109733966113513	29.137978136362232	29.169949884092045	27.312858423263734	1.7304359512960035	26.763541479855533	27.39704051543844	27.826031683107384	29.22804680904921	2.0903699947419545	29.028963625235207	29.06712981372106	29.105850403898042	30.838763251105657	2.202008026030596	30.616026309493865	30.6788975599232	30.733761536807776	29.82507738874533	1.9163159069921567	29.657723396036385	29.678070968814023	29.696985526088294
330000	28.815185916298933	2.3627214250973654	28.59656397801006	28.62474683177477	28.657748196838455	29.299244026091763	2.027667394669876	29.0933495247768	29.148758815339548	29.20098457684221	27.398400168909415	1.8761543379355436	26.93298912108571	27.488393289553645	27.83873641214353	29.301970922491005	2.0885057195017076	29.11095429640337	29.142702947231847	29.169435617414614	27.414008111843813	1.7484530422025404	26.933842463130517	27.50067470807545	27.89137362687523	29.23192848414124	2.094979284024703	29.029694042620562	29.072486294835002	29.113804690090223	30.840307808786754	2.205156126025152	30.618852838850245	30.68356487051019	30.73492249811894	29.827072467027346	1.9195967107476901	29.659511158504536	29.67913310053308	29.698280638950187
340000	28.814485779792896	2.3851412610294904	28.597524773105896	28.62423196138033	28.654158561084152	29.295477089822676	2.0327319771245786	29.088181658879204	29.14679653505045	29.19690785242051	27.48522356807482	1.8904101962656308	26.966876953030862	27.528325140327482	27.892969545315673	29.300776365762424	2.096858705235865	29.10903351510051	29.139953509381563	29.169681180147627	27.50981351892349	1.7575613785591682	27.079479748071943	27.592219777731206	27.939432748266192	29.230826251792593	2.103380681320036	29.029110723182768	29.071144550561975	29.108702025771414	30.839496527313536	2.2144350343387464	30.618460188930456	30.678322594931135	30.732872071070716	29.826767365341144	1.9251025781608118	29.659332282442517	29.679665988232294	29.69707488162798
350000	28.818051203027643	2.374176543024217	28.60070769360125	28.626603550934703	28.65611580078304	29.29831452081206	2.029196887214954	29.09112800502782	29.152033500558794	29.199996054128132	27.564848108777568	1.881027216043175	27.11379105790705	27.610853896923025	27.9496435083449	29.302688747456802	2.0963493995041222	29.112007591830903	29.143210412155845	29.171565561674498	27.589425815887836	1.7681101388871696	27.137549742143744	27.62805954284226	27.971474272565203	29.233442190478353	2.1026480702816017	29.034270520458	29.07436298685458	29.11282519765171	30.839909384678144	2.2161908765438905	30.614619880520927	30.683411148884616	30.737130305278757	29.829370868965377	1.9358422474704324	29.660789006160876	29.680097496019833	29.69964745499425
360000	28.81705758434588	2.363759871832119	28.600729377678444	28.62704648512176	28.654190571722744	29.29933608751541	2.029280172974127	29.097524009586536	29.148427352330565	29.202203348461893	27.643242158290178	1.8831836691735024	27.215277434684104	27.685945610103065	27.98804043729151	29.302748872155746	2.088237732546538	29.1134709864231	29.142164143666196	29.171719545734618	27.662692473503146	1.7762657626794949	27.249061009573456	27.714963036183683	28.02877125720124	29.231321730570006	2.0913493633637312	29.03106992510655	29.073992378819256	29.110796327604383	30.83910114713108	2.1893240301188586	30.623587697063062	30.68174258315646	30.73304276298462	29.830411460260425	1.9437278468941057	29.661087206514107	29.681023352680413	29.70087458788276
370000	28.84746057296522	2.5604735207726748	28.602735619669858	28.626918647603308	28.65245723175738	29.318293852690946	2.0905826412373654	29.096471101519644	29.153647158721633	29.20048324275413	27.71840966478393	1.879259307815545	27.276276367422994	27.73228063971714	28.028651207176292	29.327684707163115	2.2190132625545185	29.11508505422394	29.14400496817447	29.172522886139724	27.73806961876698	1.770588583486906	27.337292685671464	27.75701801098393	28.07454770513914	29.257681921934356	2.2184550461623638	29.033141008264423	29.076629118806753	29.114013268103854	30.87306156920924	2.3798801196791683	30.625686334719372	30.684986470108377	30.734710996418254	29.832424618587712	1.9496451889854083	29.663689164742568	29.683482763338816	29.69985213857472
380000	28.847394406832567	2.5577645491183487	28.602737576537265	28.626128055563576	28.65593211863625	29.334197921991958	2.194768264996158	29.10406866704421	29.1570776640029	29.206571025283484	27.789095488595585	1.8768884570687638	27.387312666694626	27.804094722950133	28.079835601341728	29.334561139406215	2.2597091794770274	29.116669338862412	29.14758010266565	29.175240484477257	27.80270243327615	1.8082794811950147	27.4019177081107	27.823443644625385	28.103140919303247	29.26539041963533	2.2645398974216824	29.036447766118805	29.080938741320708	29.116429284773247	30.87662750061303	2.3720293140758666	30.62849951100862	30.690354294826385	30.741996964646127	29.834015393212614	1.9549183904544314	29.66494861616624	29.683501633705276	29.701376244516865
390000	28.845041758429918	2.541295512063966	28.599132074889518	28.626784384108852	28.655094422208563	29.33245560807767	2.190111725448694	29.10332024324137	29.157576779231	29.205907455407086	27.849012536657572	1.903905844612667	27.418017924099598	27.837487818785103	28.120674456886494	29.332870515680018	2.2572299850237347	29.115669325840603	29.146587626427504	29.172530732949582	27.865437500934277	1.8013265571852006	27.50442206113816	27.886709224596338	28.154200586349518	29.26389785378691	2.2611928693800794	29.037630770635324	29.075573286940042	29.11547154763671	30.87742759082724	2.3739564408468214	30.62942300616084	30.691245710645358	30.740881927533753	29.836476077102695	1.9590585914169436	29.663354494937934	29.681973483325166	29.703426561244065
400000	28.846780185704365	2.5358498718257185	28.603107856169423	28.629714494977666	28.654275827919967	29.33311306524649	2.1936669281960257	29.105101427360793	29.154812871000242	29.20763431621303	27.908648598894686	1.9095005144765003	27.514327216891445	27.89840415578016	28.153414479483317	29.335806685949223	2.2609634564573473	29.117729603656176	29.148596254669712	29.17747979488507	27.92871756106947	1.8079419248987507	27.56596609626131	27.933871430423594	28.181554387179418	29.266764651857045	2.2639891445358375	29.041552787604004	29.07945166633025	29.117427355208985	30.876251313670473	2.367522877526989	30.631334180251326	30.688450463965484	30.74151773433875	29.84301908067749	1.972912580539494	29.667414050980685	29.683944655031148	29.70225969581618
410000	28.849370995972443	2.542018831818842	28.60507765948991	28.630051070893117	28.65545062758959	29.336410124462628	2.1919004574593415	29.10907274104803	29.15849361885321	29.208670163924296	27.959030614830066	1.9102854647779361	27.540982568926797	27.955659939481425	28.190483340868756	29.33541957086387	2.2577869522284715	29.119595337640284	29.148386385802645	29.17603389029938	27.98011789244914	1.8223572893987234	27.634214351596842	27.98032424785119	28.21168159642047	29.266267978650333	2.2634595448016936	29.041045932114045	29.07988695042271	29.116454531801033	30.87934939391488	2.3654643243243263	30.634688319172394	30.69081216483218	30.742496584046656	29.846373728444973	1.9853006064346075	29.66860863578109	29.686145571670885	29.703241933974127
420000	28.854533493760297	2.576280067622256	28.605905457215346	28.631989658847253	28.6606649038252	29.33583086607345	2.1926138908908137	29.105469583590903	29.160528865506905	29.20837183242409	28.01078537302047	1.9408744766715977	27.632136829437634	27.984682942053382	28.22091502224387	29.337643799770866	2.2619808341461103	29.11961722633241	29.149971876576835	29.178038151653983	28.025851467858438	1.825767558651132	27.692693771867212	28.024741074151326	28.238121993290303	29.26888690911539	2.2710028825754005	29.041228486404275	29.080738313493292	29.11995539225588	30.880575740307993	2.3831016544220347	30.633405034458306	30.692939052276117	30.745286963660526	29.84757426332845	1.988203668433672	29.669611131421426	29.686934493143767	29.70362287554603
430000	28.85099667985986	2.557474467279482	28.606263932266	28.630751708729754	28.658206021104768	29.33321115674548	2.1974344332226563	29.103675992704662	29.157182503219612	29.20246554904374	28.05970590183929	1.933514849254825	27.715282339153497	28.03214414387146	28.248066988720375	29.33819004447416	2.261290247267292	29.123258229880356	29.149027898922448	29.17747110988827	28.068598102295677	1.8395608565591686	27.741805188756246	28.053359918695474	28.2616917139745	29.269990361209647	2.2677946645368143	29.04357468915483	29.08322241601055	29.121021557318247	30.877945798156773	2.3752427020231637	30.631055050654595	30.69141422360886	30.738193845000673	29.85031417462	1.9992879692893732	29.670771059026826	29.688346990623934	29.703939472548853
440000	28.853212052319826	2.564693416477524	28.60889101260755	28.63369231617552	28.657357520094994	29.334999691033474	2.197194779393889	29.104730944974598	29.158930300922062	29.208869650183622	28.102864229776703	1.9453069164152073	27.7408687157285	28.067300822352212	28.265844076290215	29.337957183404306	2.257621112722314	29.120477935717144	29.14968448408431	29.177275424862522	28.105533948364133	1.8417641291426232	27.802151902908882	28.088794744780245	28.28199951365107	29.268492157939573	2.2617836510118683	29.041984850244408	29.07948348905066	29.118681624312234	30.87810888441126	2.3759362344649624	30.628960509076197	30.689721187105448	30.744469170357178	29.851224596681046	2.0030214294833852	29.6710396455937	29.688442360155456	29.706646533418215
450000	28.85800565163888	2.5766574106784534	28.61080778979005	28.635325626755503	28.661239337596097	29.334709530418845	2.190196979307692	29.1094828629293	29.163174777491072	29.206659783502612	28.13994959633098	1.9567663541470843	27.80773642422142	28.10168439863914	28.292806452706436	29.338584013632477	2.2580087030257094	29.12415919414107	29.149760426586248	29.177677170836365	28.14427334401531	1.8633548048863813	27.83211537870649	28.101298150734635	28.304370485399517	29.271895200232247	2.2605299573810336	29.04729789443064	29.084102886035865	29.12054634783783	30.880352031138177	2.372124655326357	30.636900666435864	30.695989087086602	30.74153460945511	29.85495932302319	2.021271048048948	29.67237540973687	29.68925543034392	29.70622311648765
460000	28.857720653772876	2.57800672397978	28.612908805944	28.635650981437728	28.66482904039683	29.33507570921104	2.1947337200168047	29.106867026437325	29.161193715687205	29.20620677386612	28.177042152384345	1.9744059555905422	27.830511800921066	28.131107194870626	28.31467813109178	29.341807950289272	2.2598222556215015	29.124954073134926	29.15553281705122	29.183241416129743	28.17889775604565	1.8789851061664278	27.87745044599836	28.134646599804487	28.32290291763383	29.273265003149326	2.2671392989119634	29.044405208167476	29.087349950146937	29.12381177259404	30.879800703243863	2.383474097432186	30.63441337635568	30.6934480196207	30.741871411736884	29.85687078786062	2.02187745329147	29.672656336662026	29.691643223804476	29.710081029601866
470000	28.85688158871606	2.5800310671088114	28.61208865649865	28.63565937526863	28.661754886728872	29.340452043756265	2.1998686133804504	29.112886479732104	29.16345603845982	29.21220195489347	28.205108930941662	1.9749855533035388	27.889538072790774	28.149939659067634	28.323643922417236	29.34170215141482	2.2697716813210067	29.12699005844826	29.15344802424368	29.18053792469973	28.20839919651021	1.8804849502915304	27.897621650386775	28.166075791585424	28.338112358167404	29.274508486430232	2.274946519861486	29.047191751156056	29.084494436168903	29.124072553177225	30.88741286052819	2.3931622218635233	30.640293173012264	30.69628911259829	30.747115057428704	29.85677661323243	2.0227484157499944	29.674140277462328	29.691878159960407	29.708334982218325
480000	28.856582005541178	2.5603782824672603	28.611619316534146	28.637296436677104	28.661721220121954	29.337648309956787	2.197555412561099	29.111289066653438	29.162515299231167	29.208434688622788	28.236717816584143	1.9731123328327351	27.907946297047555	28.181055952340728	28.346068385601647	29.34023682417223	2.2580285130789304	29.127234888155712	29.153009574402493	29.178500314530943	28.239748013519517	1.8926628993344026	27.93889721113937	28.18690413359733	28.36100045663465	29.27239061635397	2.2593731722397474	29.05091651622495	29.084211203622615	29.12263553104335	30.879846346569735	2.3624850553512813	30.6384853520016	30.69461441329779	30.742978017331012	29.85681034593929	2.0243890981585237	29.673268677314134	29.691130695456266	29.707404265598996
490000	28.85643380045226	2.537680395309316	28.61525707351019	28.63711371045567	28.66316560848414	29.339664965698727	2.194707163573217	29.115469583944407	29.164197958185877	29.21025402872609	28.265800759765913	1.9907199765078623	27.956139179048407	28.202511567761107	28.36113363530501	29.3427196383207	2.262151999249658	29.125271228540097	29.154741594505616	29.183877194010368	28.268694999453817	1.8913029660087308	27.969850166862884	28.2134590328087	28.372568940807124	29.27506862280249	2.269552992791088	29.04788259303494	29.088731541382923	29.126399901476173	30.88519480983929	2.3797622822478885	30.643569569896062	30.69919370637869	30.746574479499078	29.85639175371094	2.025795206762093	29.67263573647457	29.69027601940445	29.70849833277383
500000	28.85836535030593	2.574805733267891	28.614403231679965	28.63579268478013	28.66239950367119	29.336698987395263	2.1945435893880925	29.107463119463194	29.16047788090473	29.20894252352786	28.29356668099576	1.9996981875940132	27.98183637652405	28.225321671749903	28.380473875815298	29.34082063783485	2.258119613313856	29.1258502313598	29.152214929839257	29.181189054253817	28.298770659205104	1.9032370931408518	28.0016957546099	28.240188680771112	28.38991369589678	29.274165919230686	2.263108742919706	29.049298548811173	29.088832815617145	29.123459241739464	30.88193823606015	2.3777882735371216	30.636457143831063	30.695439536803626	30.744179307720085	29.86351130695057	2.059332295291413	29.675470414006043	29.69299395639978	29.70859664005879
510000	28.85734582065084	2.562089594528602	28.61567576653676	28.638433896455304	28.66240091033585	29.341963447367025	2.1961608997691084	29.113507499751215	29.16724567436487	29.21112427317198	28.321052590595464	2.0058721268336956	28.02839577977575	28.24441203064962	28.395102098151906	29.343177383587737	2.2579453929039435	29.127390652676155	29.156754457513937	29.182161301223225	28.326836396948927	1.912921034098141	28.040359557719192	28.259722379120742	28.4061998863903	29.2766204988599	2.266133706622908	29.05055611807932	29.088626439817112	29.127984887788408	30.88686318122562	2.3811733173923595	30.642851975804767	30.702540884301158	30.74761168165537	29.86509067517063	2.0749491419486747	29.676298718129097	29.69323772857469	29.71049803331691
520000	28.85845022573872	2.578240716272174	28.61473966471431	28.637369312059604	28.662324083162506	29.33815947037348	2.1975600037071694	29.110606256206104	29.16296315301885	29.20921901537868	28.34578088658006	2.0136767980715184	28.04364536525761	28.263177405065555	28.408299505253922	29.342917354102894	2.2661290009001864	29.127915978291533	29.154160674816147	29.181064088246416	28.351774749383765	1.9232632957018323	28.075248915137863	28.279743930533137	28.42221292622247	29.27651526250403	2.272951377352295	29.05210884198418	29.08779391313144	29.125327457381367	30.884914741907743	2.3970358490030574	30.63990726362676	30.697415554984552	30.745744562646927	29.865674959363798	2.074676729678495	29.67733070761153	29.69348013852635	29.709717698682997
530000	28.86161858517305	2.567089805680729	28.615090207230146	28.641132299632734	28.665881057665242	29.339079271482618	2.1975629601081677	29.11051844787041	29.164932534363256	29.207927337019797	28.37091673792988	2.026512644698199	28.075184612135338	28.286303579726695	28.42299572126501	29.344074586748377	2.2623477272221546	29.129694436735747	29.156373137623298	29.183170903443873	28.374441196407325	1.9292561961086696	28.1033812071681	28.295073280695807	28.435462467008225	29.275695783609766	2.2657717865229956	29.049884518589636	29.089418391460228	29.12518655831571	30.883790897146135	2.3818121484206283	30.637122144796987	30.698558883468223	30.74423934116021	29.868439813501396	2.093163824386472	29.6772662813328	29.695539017465286	29.71127202451319
540000	28.865133108138508	2.590739580197774	28.620200773988323	28.643164463800133	28.666510447393023	29.3441804127639	2.192784204506033	29.11761643164796	29.166645055148567	29.214159733585795	28.392095513367515	2.0295742568167987	28.098762845585384	28.300628250056008	28.433528526199904	29.349153144322177	2.259093267603014	29.134089827487912	29.1617590301676	29.18693424518913	28.397194538948813	1.9313152321954852	28.13198322819806	28.309362065475348	28.446435206820784	29.28175583479668	2.2645294894867796	29.058457547718834	29.09611540123406	29.13006969636247	30.891333292791415	2.3843868077376307	30.648574545298956	30.701199039133517	30.750070659148697	29.870906577447542	2.093234811015854	29.679924777195282	29.69752218333237	29.71339283829791
550000	28.863318601308688	2.568269055919578	28.620327079581514	28.64305504836032	28.667923483086295	29.338145719344826	2.20057678325812	29.108012448795684	29.161213401893647	29.208648783111315	28.412674692846426	2.035599162283201	28.11465653321267	28.315617793130787	28.44446440898485	29.34517735193583	2.2688165788271397	29.13027600433826	29.1585529969339	29.182694196705985	28.41771792099881	1.9494382682139382	28.15682045846284	28.32614780567553	28.457461981345833	29.276869690043725	2.2759839727067646	29.054507475022092	29.09106760255765	29.12449542967401	30.884482003455908	2.3962868298096986	30.637925484618457	30.696132657932694	30.742300309174972	29.87229906508113	2.1058466792434	29.679359972210193	29.697862739934116	29.71319675498901
560000	28.863677763423468	2.578194990528939	28.61926490256253	28.64147631818112	28.66675483438687	29.342228734416597	2.1998628568163054	29.119246569968585	29.167061791674605	29.20845572792836	28.431681734498405	2.036617354891054	28.15173372245755	28.33472938768839	28.45158432290378	29.347664934782387	2.273445826362645	29.131911058307736	29.15728871029202	29.18458631376663	28.434432836734203	1.9560512885175776	28.166617912598845	28.34143252340745	28.468238588428306	29.281779145771708	2.2779513950537895	29.054425369214442	29.093299680866117	29.128612810451507	30.88901423732677	2.394595784241017	30.650931547540917	30.701323218630634	30.745254330975108	29.87278822652563	2.1073818088241243	29.682059027289057	29.6981500907041	29.712190876569046
570000	28.861243090592925	2.554800629721138	28.618750950216892	28.640931772588406	28.667125875624826	29.346395336239883	2.1949065190873602	29.120856298819838	29.17397932737743	29.216332501767525	28.448608856907384	2.0357623736043835	28.173664171642752	28.3496219331168	28.462050595023918	29.34864009749856	2.260890970706745	29.13429686119683	29.162268990293533	29.18663769995564	28.451541077426587	1.9546721391197914	28.19608109870345	28.35686065793947	28.475614128482572	29.284323723585057	2.2639824227682444	29.061255228767738	29.099987175684113	29.133033288826603	30.89401756157266	2.3755871114454976	30.653535403125904	30.708836017002476	30.752430983294413	29.874780963594308	2.1077157269298183	29.68292839874835	29.69955094050873	29.715663462259293
580000	28.86543383388887	2.5691381431063345	28.62481806101896	28.645366061749083	28.667847433341315	29.34044659074058	2.1992543693661375	29.112455174905474	29.166679860509078	29.21201234921633	28.465813438299417	2.047606366500421	28.1938653768548	28.362877629526707	28.471778783997557	29.349373993435	2.2665555978189706	29.13359234796281	29.161783581168926	29.18583395742502	28.468072910834838	1.9546257012429973	28.21250963775413	28.369470086169954	28.482512017215903	29.283455233103915	2.2729679136194254	29.059032850635777	29.09621995530761	29.131805894060967	30.886891081114676	2.3941139345970055	30.63837140676761	30.700217056102275	30.747495904454528	29.876157927101904	2.12196595897152	29.684303061004307	29.699735785015285	29.714030793003893
590000	28.863382140684177	2.543490831906132	28.624680181570408	28.64373787704219	28.6670222700392	29.34912173972291	2.198450090604958	29.123145547225434	29.176830366961518	29.22124183561492	28.481334223981822	2.048573972731259	28.212950135956575	28.378702073435434	28.479276202023044	29.350721539357078	2.261460482442441	29.13741493456245	29.162690997274726	29.186429490642844	28.48550875515729	1.9650265910603455	28.233521365855538	28.38240065121696	28.48945584808233	29.283489760825532	2.2645579586951765	29.059100476021193	29.09621273535673	29.130995106991367	30.894015572887998	2.3769951999196097	30.65163802955084	30.711617201232905	30.758010637364755	29.87565863350823	2.122040714928508	29.683626192992534	29.699275599716184	29.714896292785042
600000	28.866379663139472	2.56912101847093	28.62341176290308	28.644584196026365	28.667323304982816	29.343978910108927	2.204418029435023	29.11772152070572	29.170115325046616	29.211117437844432	28.49618373819806	2.0513102174298106	28.236219451240274	28.38776756324671	28.490124853216095	29.349524865030165	2.272215594772632	29.136455792378047	29.16022961893284	29.185337244747544	28.4996865073559	1.9628470954660702	28.247402057394225	28.396333072901694	28.49985627101324	29.282724685734006	2.2793196305338315	29.057482342513495	29.094278384252213	29.129861263548197	30.888393258574286	2.396796726788933	30.6420483243706	30.703054131036808	30.74724116404008	29.876176232728632	2.121770478185287	29.683745271873658	29.701317033412383	29.714622453639027
610000	28.86746504054347	2.5762151662054564	28.626937599549013	28.64615689563101	28.671221799125426	29.348782197386754	2.203406367590224	29.1219426500502	29.173415888598587	29.216936138479316	28.511734978219096	2.0604434853302527	28.253409981451068	28.40180588905468	28.497381726850488	29.353456335501292	2.273626282307942	29.138925554074582	29.16545221071675	29.18820269730478	28.5148948885005	1.982662763794013	28.272708935272014	28.409252389163942	28.50600868837981	29.290088370371066	2.2802200314222008	29.066158820243828	29.100271515605556	29.13550950853067	30.895456806650024	2.396884722842904	30.65198460202602	30.709474945867562	30.75434234706596	29.87944915124479	2.124867910797027	29.687947096450998	29.703843647315793	29.71790485670015
620000	28.86600212657246	2.5606160687065587	28.62474265400033	28.645757026812042	28.668448816081934	29.3489683106355	2.2048271970460127	29.12188011929689	29.171616758379017	29.217193314201808	28.52445625461311	2.061160008820924	28.27190959294869	28.41059709275986	28.503152984905267	29.350665233691938	2.270946275388743	29.134893103228986	29.16258481233665	29.187129737906112	28.52804409048935	1.986506483028883	28.28553749179136	28.420390259864526	28.512416948372795	29.284427844510315	2.2744991034955397	29.058010229762086	29.098578118981692	29.131611447804456	30.895471436423826	2.38850590586964	30.653363318549708	30.70585469770831	30.754192929952392	29.876884098715795	2.125601459034993	29.68337297060574	29.699591620978186	29.71597123488442
630000	28.86901865499703	2.5804226871761764	28.624420481402073	28.647740712184078	28.670109274388096	29.346931494875594	2.198232850650691	29.121767837983384	29.169835495346007	29.21487290138578	28.53561692133987	2.061034397473957	28.286156342319526	28.417960769323614	28.509502051048578	29.35356789398797	2.267548476901667	29.139985693408462	29.165139217329738	29.19017933448539	28.541317237405465	1.985676981653983	28.30253721071781	28.429026374833473	28.519127078858148	29.289112128765915	2.2722369124924704	29.069531253668227	29.10092401269628	29.134229212984454	30.893692668597893	2.391749210864016	30.65257364257345	30.7038126096066	30.74989928159896	29.87863162035513	2.1260770812647576	29.685625940386497	29.701271411919212	29.717114456697477
640000	28.869304601565506	2.5731892095654674	28.627811530084657	28.649158924275213	28.672409663783885	29.353398335170954	2.2015461525936466	29.132445535500757	29.17728342271182	29.21655711159566	28.54794199241678	2.0668163493495557	28.293993185901925	28.432127319479566	28.514884385813673	29.352383070539968	2.2697004907098193	29.13857424797846	29.16339229963794	29.187669881496078	28.55286574666012	1.9880546663508225	28.317779101126533	28.43985841095995	28.525711077992323	29.288420334578856	2.273545126382893	29.06300228404617	29.100366204622716	29.135885640977005	30.89996120612092	2.3921622205366098	30.662298129046945	30.71265923733585	30.752733413690905	29.879608790523157	2.12691350586918	29.6879282782553	29.702047220100937	29.716479439215508
650000	28.871314024463054	2.5757826587778854	28.63001247655495	28.65203597063239	28.67435973762027	29.347372931737166	2.202799780193948	29.122815829331074	29.17404640671643	29.21821679693271	28.559584244454566	2.067101388038852	28.311604036150282	28.439439197730415	28.520519373534935	29.353863369141493	2.271167057882148	29.141752325593767	29.165767234066855	29.188281418340473	28.56496141723019	1.9954774968002118	28.32676388368253	28.448300425160028	28.529986119851706	29.28886367902448	2.277198864115042	29.0631851142784	29.101341561581336	29.136296264073774	30.89598129450103	2.3963055548674412	30.65426533911464	30.710656456419272	30.75407020204034	29.881248822259884	2.127573691292542	29.689499719434064	29.705321245457426	29.719495076557465
660000	28.87070018758752	2.5819929660666814	28.63022237911214	28.650879208932402	28.671791697841158	29.35181204988264	2.206300903605121	29.130628147182524	29.174509794722542	29.215541662136154	28.570686361123474	2.0670133250207865	28.33073872608039	28.451978542485975	28.527822598544912	29.355980456761962	2.2722642193457148	29.143032540167354	29.168879002566083	29.192122401010472	28.575854089747015	1.9992875568256934	28.335467182163125	28.457501223245607	28.53653136947811	29.290592904577608	2.2783918896167203	29.066606839565747	29.10113838355219	29.135084597194634	30.89855130436128	2.3931651137148635	30.657421922966147	30.709017671212823	30.751430009975678	29.88273206031673	2.1307702946682343	29.69044445223631	29.705582200370692	29.719929581375943
670000	28.872951650800115	2.5762881246398033	28.632645258241972	28.652637560371225	28.673239793821054	29.353108253163334	2.199503511005492	29.131527415124506	29.17829569632155	29.219355317886162	28.581947880286094	2.073589856809413	28.345574491848033	28.458874177340963	28.53216007340612	29.355109938110576	2.2666912824523857	29.142155856361615	29.166988021163988	29.190205939263635	28.584766424851892	1.9988371852958222	28.348409994410186	28.463723533341977	28.542847777781816	29.291884859020087	2.270310872087508	29.06905472678588	29.104441784780374	29.138104970774332	30.8992251900645	2.392274361314382	30.659498641217006	30.71391156120651	30.754854310223244	29.88207040443077	2.131851435909441	29.689374127144305	29.705401881699622	29.719155337911705
680000	28.869820858510014	2.5370452309009504	28.631730497233427	28.65176045580785	28.67407479348423	29.350425531306744	2.2041749965629966	29.12446569490521	29.17528195730501	29.218036897539495	28.592566784399057	2.078351390274292	28.359313166422563	28.466829567565544	28.536929878340466	29.3550761989741	2.268767545874855	29.141662254582556	29.166788942273215	29.189485227723026	28.594297418851813	2.0029954617346575	28.364036477207343	28.469006732357553	28.548354236227876	29.29062053667611	2.2761387488594864	29.066609722951718	29.102623354191294	29.13658023479809	30.895131884687952	2.3834240671445612	30.65481447434216	30.709733747652116	30.754639071700964	29.883974908962724	2.13350716558483	29.692049986528943	29.70557068598014	29.720339619100336
690000	28.875009373306327	2.569844929836649	28.6324349837449	28.65363657104542	28.677115577025816	29.354845937484352	2.2089400304378484	29.13321667742713	29.18090248823122	29.219522909722052	28.601561845816736	2.0884209661173947	28.364882741005665	28.47457918678804	28.539934251270047	29.357356456212514	2.274988996205691	29.143526549148568	29.168914518542593	29.191721870493527	28.602832107986362	2.0027974082748012	28.37456224646359	28.47796950771774	28.55150680494462	29.293697968192056	2.2798930780159923	29.06995910453539	29.106240837572024	29.139503861217058	30.90199662417602	2.388312004316573	30.663292038064498	30.716350445736126	30.755978450479518	29.88360714509287	2.135614148178006	29.69165307717384	29.705740038513184	29.71975578588484
700000	28.8771099731528	2.575338972790014	28.635865362381637	28.65421106438229	28.677624021584457	29.35111304219857	2.2065908442507554	29.126721779657025	29.17391135762003	29.216523794486918	28.609327038182887	2.0879115240322896	28.374637381537468	28.476832653252174	28.546067254445077	29.35874374062166	2.2739475539707232	29.145254455815625	29.16869523597449	29.19259489370043	28.61227330784247	2.007839920869043	28.38328489230381	28.485683898458156	28.55700827812378	29.29427963166689	2.2800370410764184	29.069492218792625	29.10558062312723	29.139289052155117	30.89928318636551	2.396351983234744	30.65907506799578	30.70905299971565	30.753054591123394	29.885802657125616	2.135761533053243	29.692983224118723	29.70823155827132	29.72177862668353
710000	28.87639264714371	2.572589989563109	28.634418393990494	28.65457823074238	28.67573136227812	29.355473531164733	2.200998525819368	29.136055966870437	29.181130807265312	29.21788130180498	28.617662069891512	2.0890037085582147	28.383791822652398	28.48660314005663	28.54905107128601	29.35795107515953	2.269723327108418	29.14515224328111	29.170952147209576	29.19210915131064	28.62080532740569	2.0125604456334867	28.3948547440502	28.491430764975004	28.56242662077075	29.296943184676355	2.2765240482925355	29.07568058491956	29.10977338916438	29.14152726381857	30.903468103941275	2.3970887009442614	30.66592217969127	30.71629117484418	30.755247008521344	29.885426048599868	2.136034832406644	29.692824973578524	29.70772809664634	29.721231635472883
720000	28.875220558135123	2.560441888415181	28.63443260578245	28.653955805223113	28.676194998882725	29.35531156514373	2.2050008795341802	29.133206385196882	29.17907256687287	29.219045207983278	28.62520828949182	2.088309238312727	28.39232881666466	28.491633575518513	28.55370897083294	29.35902952340178	2.2747707688897205	29.145257981624045	29.169853280759973	29.192214160875196	28.62815893416292	2.01849854264938	28.405970568805394	28.49571032023077	28.565763211531294	29.29612644831642	2.279257503573238	29.07307025753021	29.10812024148825	29.13896732199399	30.902518804572296	2.3947610535077137	30.663475267479836	30.71424992251937	30.756380235026423	29.886549332009015	2.1358250195835407	29.69463077953081	29.708645726006868	29.7228174404056
730000	28.875291674156824	2.562305258583974	28.635772616661853	28.655190051972042	28.67767142485665	29.354832506569764	2.205197442717012	29.129478361040242	29.17674053134079	29.21706681011288	28.63347385057549	2.092429342840041	28.40209323985447	28.497999846333855	28.557198511265394	29.35824943573816	2.269121160126185	29.147136521313726	29.168893607944558	29.191758376700413	28.634426481119245	2.0202343351245364	28.41132904537536	28.501440718222245	28.568079274997338	29.297005223514713	2.2729690977926627	29.075122047199468	29.108782515598953	29.1408252702847	30.901542970259715	2.3881533440982383	30.660040446690584	30.712999586757157	30.75455463092508	29.887226710717766	2.1364202653785234	29.695511018400477	29.708726711882232	29.722071198452095
740000	28.88125506954171	2.5840164746495176	28.638371206123722	28.659209769734257	28.680596839697806	29.3577039456033	2.2091576977505545	29.130875294972917	29.181760939179746	29.222895296223438	28.64130389077582	2.0944550152111154	28.409482574197547	28.50522868936627	28.560674161968013	29.363256923316428	2.279908082288112	29.150221682613406	29.17348809057139	29.195545337157238	28.64044431814374	2.0216239792671247	28.417430231301466	28.507577393707294	28.572023998839153	29.301377305909305	2.2858921199515065	29.076632788017957	29.113563872780887	29.144185113230897	30.90567593515238	2.399960915743559	30.663802297709303	30.717157407040336	30.759633864017776	29.8877769720871	2.136125236924455	29.695854430743513	29.710469125961627	29.723290256543052
750000	28.8787876240464	2.5697787470573545	28.638059039994886	28.659041255361593	28.6788011589125	29.35627441365577	2.209152580708686	29.12958542942949	29.181357691672154	29.220774620696393	28.64841199898598	2.096065870684802	28.419272532363706	28.507928176430248	28.566386306508807	29.362111596621624	2.2722374236171743	29.149473416421035	29.172469941328625	29.196720251772028	28.646756821315996	2.0234629236464867	28.42871220127037	28.514993604364854	28.57556433684565	29.299808452676537	2.2756133534384606	29.07688534630525	29.111359888748844	29.142426407467706	30.902107083814567	2.3899953369729925	30.657894005006856	30.71572679810324	30.757483983465924	29.88878488071012	2.1392104355741974	29.695936872541708	29.711226047860457	29.723870502051373
760000	28.88347033458391	2.570836299565493	28.642091128985843	28.66164458540952	28.683717299273894	29.35844147447754	2.204786573078847	29.133807424031982	29.182875167885797	29.22344784250297	28.655533371810275	2.0972681608825705	28.427056728231307	28.513915460251667	28.570440121669304	29.36342161200313	2.2724497633452985	29.151241031502806	29.175179234094628	29.197745285191193	28.65324835839454	2.0268334700267867	28.436493568740797	28.520309189019617	28.5786135010769	29.299964365086456	2.276698226909191	29.07832036581255	29.111987723542484	29.144033338482963	30.90616561689585	2.3931914091879154	30.663836949526015	30.717226437523905	30.760255440989155	29.89077605316542	2.139251105577491	29.69942700913892	29.712871973028843	29.72613562400575
770000	28.87898411207468	2.5813289036769325	28.640725144338408	28.65995529490762	28.68151291422992	29.357917179399546	2.2047779665656813	29.137614647560913	29.18122861656807	29.22101958834893	28.662219649065058	2.099692283424762	28.43078864865724	28.52073722562058	28.57333800235711	29.361098158583598	2.271519910007147	29.148568665943255	29.171453395405777	29.19417856106344	28.659143042126924	2.0288399130399584	28.442089869352692	28.523649433675494	28.58144608844635	29.30023665622751	2.278746843470352	29.07727312102122	29.111488267465656	29.143834898739833	30.90670138996554	2.3963282897470384	30.667767263510292	30.718188716061512	30.758787308429113	29.889349551726838	2.140858370918643	29.696284431511142	29.711065320554603	29.724380508011095
780000	28.880684718147606	2.575366401906553	28.64172573176952	28.661534616712473	28.681521906021374	29.359699158322083	2.2003917262617847	29.13901223073572	29.186785626737485	29.226146817240632	28.668444385207497	2.103962405673497	28.43701942118835	28.526537265658114	28.57607294601639	29.363671685642124	2.2662876592700405	29.153399589983536	29.175994807998947	29.19660515383404	28.665198517470888	2.0360523930942933	28.44428373491844	28.529781390222162	28.583614352069134	29.302455755490268	2.272781429517039	29.080637978396936	29.115203066369574	29.148737437441323	30.90791250785329	2.387155800133067	30.668467385961662	30.721818819956646	30.76361792210997	29.890626506147807	2.1404662569290065	29.698746539667567	29.71291012261714	29.725374393639008
790000	28.881925177389164	2.5814069793275305	28.64057798965174	28.660950843707784	28.68227441118804	29.356103531930327	2.2085002063375954	29.13463495024341	29.179041760670092	29.21772314629213	28.673742114328615	2.106121336631909	28.44593119343881	28.530532977719883	28.57936980700913	29.363366773639235	2.2758498695453153	29.15109543842121	29.17365510131055	29.195800266971283	28.67050332456856	2.037721901523042	28.449987831349553	28.53441438487524	28.587668118720167	29.30118465443973	2.281966264017917	29.079636806459902	29.11125121359716	29.145693406508325	30.902472788234242	2.391524194044712	30.66188683564189	30.714671963044495	30.755778349422684	29.890741997741067	2.1435788357879093	29.698081716700976	29.712199906720173	29.72497478486174
800000	28.88346058379038	2.5824314852147436	28.64383761869886	28.661956443384604	28.682998199028432	29.357922026453714	2.2094691750064643	29.13726727057015	29.18190339885087	29.22032058913802	28.67938402020342	2.106427828226146	28.452432439479082	28.533866503592204	28.58197606863117	29.364544480596436	2.277639457751271	29.15379904078963	29.175887378391124	29.196643538855213	28.675835163002688	2.039863793392488	28.45555678737483	28.538142312950516	28.589133737838957	29.303889536688935	2.2816422767367195	29.080671253947095	29.117122113720754	29.148815963137128	30.904238500069162	2.3933944920369687	30.668020047659788	30.71576997960841	30.75756578131967	29.891784959685605	2.146803910270273	29.69871011268323	29.71322716371413	29.725680953045888
810000	28.883086575539988	2.580445045992854	28.643512613976498	28.662429595558848	28.681676391742133	29.359200195989466	2.207315953291871	29.140281734492394	29.184002491039017	29.223810128887855	28.684458492195304	2.1075925217102567	28.46165820718094	28.53694798132713	28.587245885470978	29.364944363239438	2.2800000020961892	29.15352008621658	29.174881347496395	29.197559309080958	28.680649974881092	2.0397276250749115	28.46411641118099	28.541694984725346	28.59056872585934	29.30339167457739	2.2842649527435768	29.08065683882301	29.114681100869383	29.145858547089063	30.9066787945476	2.400598427425124	30.67106307846865	30.71994179662591	30.760654865422133	29.891875497989847	2.147172153324042	29.699768567327407	29.71333977267695	29.726325531229346
820000	28.885866881177495	2.590985692542491	28.64434114882455	28.662641765270596	28.683127587456774	29.362405937878783	2.2117160867291745	29.142292789492764	29.183596694331726	29.223767237589627	28.68906650560639	2.1077195204141375	28.468330560906267	28.54249356675558	28.588358829362978	29.365938989680007	2.2790955674144473	29.155379523401393	29.176662814945743	29.195704773550624	28.687131859014162	2.053534430287905	28.469595397683428	28.545973884909984	28.59284577817373	29.305993442752907	2.28448341633549	29.085543220642865	29.115437971492838	29.146686599817098	30.909602013188795	2.3986825229126736	30.67515943381247	30.719357437248505	30.76044517858915	29.893355435584912	2.1473592039763445	29.70178810115848	29.714673987824956	29.726182206282505
830000	28.88413755966915	2.5862849928214517	28.64439897909139	28.662814932373358	28.684222483859347	29.362929087805355	2.2100642417850147	29.141492379521285	29.188232906852235	29.22480475927241	28.693918104783315	2.1099207319109943	28.473469424116082	28.544682994771897	28.5919549551581	29.36692607646345	2.2830522301178107	29.15402704040458	29.176756014540317	29.200438932996626	28.691796578029244	2.0561667157656407	28.474143049297997	28.55012392395596	28.595294374996342	29.30587284070218	2.2885270029666605	29.083601977306174	29.116675430144884	29.14836396065637	30.910933337906474	2.4078148013263045	30.672392622736496	30.72422003010601	30.76243090121293	29.89413495278756	2.148605195878307	29.703510381831194	29.715075526982403	29.726526518834646
840000	28.881052672887503	2.555908171041558	28.64381942355869	28.662724484971193	28.682042499462405	29.358507014250353	2.2063005968482985	29.13823680165504	29.181344761735186	29.22034027800843	28.698670797702423	2.1169427342953884	28.479218227869612	28.5488496025502	28.593999087570992	29.36512749858761	2.275320670618361	29.154062710392765	29.17673006290483	29.19657235364002	28.696232181253013	2.0555992719391174	28.483511463599477	28.552901687255314	28.597134826638285	29.304985662642878	2.281269060239664	29.083103649674477	29.117158260663857	29.147205939404977	30.905390771743157	2.3927423779564934	30.66951810901182	30.716490445098998	30.75574324215591	29.894054044886584	2.150847429471502	29.702076326904816	29.7146878755713	29.727856650447773
850000	28.8850843032783	2.593390782486018	28.645405465364966	28.66457021748497	28.68383777944895	29.364202671557546	2.2111951601846314	29.14358221536661	29.187340319764594	29.226197467944612	28.703421083485456	2.1164098008197865	28.484094458876548	28.551379673839676	28.59622318991461	29.367358304815845	2.279077632032373	29.155058450448152	29.17799818495	29.197828619871036	28.700331394080692	2.0564894036627703	28.486684534836623	28.556627069250357	28.599118256606417	29.307518743479836	2.2817729205518362	29.08654818128165	29.119341626282903	29.14809641100222	30.913055434657807	2.404225520624661	30.67635959579539	30.724211584556667	30.763817932880983	29.895764376435743	2.151450783121864	29.70424783988096	29.715684379156784	29.728460757065044
860000	28.885097688981258	2.575559286612084	28.647375623981297	28.664896890361668	28.682785157533846	29.362094204866192	2.2113940033514687	29.141990847890355	29.184824821633605	29.22184096058178	28.707858017054185	2.1159240875379224	28.485985154217573	28.556674517172613	28.59878160333973	29.36778245795402	2.283164734146425	29.156189615241225	29.177775705432623	29.197759754545327	28.705188912194103	2.063020326699481	28.492007808528644	28.558786416034692	28.601133577125875	29.30776965693567	2.288175807315488	29.086357833791848	29.11927086469457	29.149857182992793	30.910482626589566	2.4014451342905043	30.674703315635035	30.720894170391897	30.758455391681622	29.895857936872527	2.1513569009819102	29.703663460526734	29.71659238274419	29.72857039965753
870000	28.887391024302904	2.574080022235663	28.648544997745056	28.665152683510517	28.68662948111253	29.364914121681323	2.2111656945379994	29.142242410140323	29.192220639399185	29.226550135365027	28.71207159433104	2.115535006531938	28.490656978139505	28.559857304116633	28.60084230041486	29.370302854902985	2.2798513716098294	29.160106924618646	29.180962531211605	29.200788332275064	28.710108128784693	2.068818777194511	28.497869147553534	28.56350869141824	28.603845196902938	29.31107712965309	2.2837183270140753	29.092080484396927	29.124858584057495	29.150731045869083	30.912061411480042	2.397099750793898	30.67402861245485	30.727621614997215	30.76343373019274	29.897503196258018	2.1523952264388844	29.706251800618055	29.718219176137644	29.729993153045605
880000	28.8877143036348	2.572262231987159	28.649479235675237	28.667070302506808	28.68616458141996	29.36784935378289	2.2096743002261325	29.15051356328379	29.19330508038955	29.227147079702256	28.715779189044287	2.1156733131223966	28.496347073778622	28.56213223886395	28.602772827222626	29.368871291916083	2.276498819867644	29.158188911245325	29.180158449875417	29.199987147552445	28.713923963506485	2.070483250565443	28.502807148753305	28.567612796285438	28.605819328436365	29.309735840022128	2.282742906021319	29.088054491230352	29.120466068877555	29.15173448166209	30.917439038331676	2.400596695701248	30.67981933522905	30.72922705578466	30.76442445797007	29.89650503720513	2.153809691720806	29.70436557288225	29.716693558388663	29.72921665194289
890000	28.887346240616445	2.585608808888875	28.64877522015274	28.66535246864394	28.684968170993557	29.36284878452181	2.214648616526834	29.141072191171045	29.187642957448865	29.224858920218473	28.719721009109776	2.1167639308040984	28.501160208559465	28.56387146588579	28.60391489813746	29.3692160528211	2.2832897999827444	29.158305407811113	29.179156709471854	29.199534676368668	28.718142344136698	2.0765971520198234	28.505666877200568	28.57070651707341	28.60874692111845	29.308714729813186	2.2875323000807777	29.087842073957297	29.11923915411588	29.151384590134775	30.91121902952653	2.408334844375407	30.672399924698755	30.72477796286013	30.762013942554518	29.896566041963396	2.1538449050874933	29.70505043921126	29.71757192806757	29.728598060912567
900000	28.89016946807809	2.571749077858671	28.651414477208036	28.668925870239622	28.688092129230373	29.36742081757913	2.2154124758159943	29.148363381091563	29.189735053955488	29.228249480868655	28.72337443932105	2.1163307772227617	28.504905238212267	28.567116465516605	28.60642426257542	29.371441888763584	2.282318444534064	29.161080285624877	29.18198948643171	29.200624361271714	28.72254252498685	2.0858589097019085	28.508747673436652	28.573025621731233	28.611088510671927	29.312699378231216	2.2875466505627258	29.093882327400188	29.124203026553438	29.152015326109552	30.91538967855018	2.3947184404926225	30.679483570931758	30.726676673155715	30.764870564587362	29.89849675827728	2.1549125992897875	29.70602343449167	29.719116337246867	29.73011456655571
910000	28.891718260063232	2.589721631261331	28.65266623807326	28.669497260064915	28.688465906651	29.365177904541294	2.210287160665068	29.144761048636493	29.18971997058288	29.225507326596603	28.72648561157442	2.1159837630624403	28.508746158751748	28.56998905720273	28.60828809036574	29.36984278585808	2.2781239567142233	29.16174921834324	29.181080420101054	29.198098572573482	28.725466017517565	2.085933792779644	28.513094350556607	28.576184976532346	28.612779277685135	29.31119352298688	2.283670402408033	29.09351569761705	29.122956062699707	29.149411305904792	30.913053192307125	2.402443231299726	30.67780373528062	30.726123210588145	30.76329642431437	29.89896430491868	2.1552504350262556	29.70731849057845	29.720312323438854	29.731590496882404
920000	28.89236225389969	2.5873402797570577	28.653280040409754	28.670525409219376	28.689440050977357	29.36305996282064	2.2088916598597383	29.14197588539884	29.188861538285934	29.226866244730786	28.729874461051523	2.116090052764644	28.511039495278002	28.573567801867092	28.61018049634011	29.370002063382646	2.276511550889645	29.158599551547614	29.181193315484993	29.200397485656985	28.728528173070558	2.0859077920311555	28.516004032429716	28.57928009949415	28.61464727056492	29.310911946691093	2.2821542963170764	29.089895890831187	29.123056605820825	29.152321741782675	30.909903567412478	2.397121291156297	30.67106000388899	30.723964095152162	30.763017504381743	29.90008802468497	2.156181041726861	29.708471511735134	29.720524988490673	29.73167097646324
930000	28.889669160221622	2.5814015267193113	28.652702070614545	28.67003700626195	28.686646662628924	29.363516020517437	2.2122331397341113	29.143383761743273	29.18739211911828	29.227176865373497	28.733151579074203	2.116195885079369	28.518417182453234	28.57524320014705	28.611088320916323	29.37166972655924	2.2860715768156212	29.1595710767435	29.182158574611258	29.20184532144333	28.73269473082077	2.0946242947776756	28.52296466771517	28.581587262407076	28.616322399483476	29.311936604924938	2.290710439861695	29.090827342115865	29.12248191740941	29.15311998087803	30.91217857751459	2.4084086990782905	30.675719277122376	30.724100551032745	30.76418077632524	29.900186238005833	2.1565988013800634	29.709334054651293	29.72040960058178	29.731582390228308
940000	28.889988702995144	2.577499717918434	28.653423545499393	28.67021379852813	28.688126971913682	29.366578312762435	2.211300350724133	29.148461065860772	29.189010293569716	29.22635723151047	28.736048561247827	2.1165527573518075	28.520890732576124	28.577242703426414	28.612543039010433	29.372033337130546	2.2775853535574737	29.16245703504814	29.183315235485594	29.202326023538586	28.73603876699835	2.095029692022975	28.524939958831336	28.58285490836409	28.617895098922062	29.31496413986147	2.2835003022020848	29.095247596462926	29.126426812067997	29.155036627461147	30.913991673514992	2.401416433254251	30.679793578660355	30.726016109408608	30.76453986045291	29.899894496414298	2.1577855159260486	29.707964436621474	29.720458123956043	29.731557718894265
950000	28.89301781873172	2.5833343331567002	28.65442226325389	28.672195791974445	28.689286429952976	29.36808856245464	2.2136761436576013	29.14775106726563	29.193097544739558	29.22785607563756	28.738742889555212	2.116321660382726	28.523838354404656	28.579315612443114	28.613920678307977	29.37242033609307	2.280435727332323	29.162094531002538	29.183211216203787	29.20306661751237	28.73948014400606	2.1006110379027016	28.52865943489503	28.584980566673604	28.619307895510673	29.315208593520815	2.284476614925883	29.09515733677503	29.12679515062061	29.156098689760984	30.91509389362598	2.389401940596533	30.67842578657597	30.729275713896527	30.765930521009054	29.90188550636581	2.158054488339641	29.70920329546397	29.72233057701632	29.73357583206695
960000	28.893960855641524	2.597677256624064	28.654416769906515	28.671656778183248	28.690529688828576	29.368002341536627	2.216178624279403	29.14354538050209	29.19122616596369	29.22723682918373	28.74117044916577	2.1195478156175263	28.526925754935878	28.58234365251418	28.61576099466354	29.373232071378347	2.2810969252886126	29.16418176873205	29.18354857457095	29.203818461235254	28.74200051391663	2.1013834747106115	28.530876840782998	28.587887252243224	28.620558366406836	29.31600043284353	2.2851661140129784	29.09577105561166	29.126643575529144	29.15778508240352	30.916087997550562	2.4016030422664776	30.67671168029537	30.726484471503724	30.76490673946196	29.901685726978645	2.1580805661432265	29.7097175987185	29.722551949877843	29.73324498068172
970000	28.89153537313986	2.580188716448397	28.655691967071107	28.671281392632544	28.688911659271643	29.36785062265298	2.215040464888847	29.148184002253515	29.192871509176506	29.226829721627972	28.74391795829154	2.1247210484745893	28.530467344149738	28.58446728711504	28.616675834506974	29.37317709050263	2.28338938562222	29.163590428340186	29.182643259534828	29.202231493892768	28.7451992704584	2.1030416100218616	28.53470216966982	28.588969346942413	28.622068744863636	29.31631312994155	2.286091119724291	29.095323242924664	29.12791439927917	29.15551471935086	30.917857717456283	2.4024481514840055	30.683877592275408	30.730192346475295	30.765141953954696	29.900848979706794	2.1579922404730083	29.709619941221398	29.721087258531725	29.732120212926176
980000	28.892305578961174	2.5711753004491555	28.655928073002826	28.67265796361484	28.690445124311083	29.37244617832111	2.213329796498506	29.15500366640093	29.195778807118316	29.2295673087464	28.746164980824563	2.1262018315918625	28.532787704409188	28.586152147523734	28.618191478957424	29.375231957858468	2.2820018887332085	29.166526407454686	29.18540165496819	29.20306893911757	28.748485979016245	2.106763644532171	28.538462181687194	28.59192181125315	28.62308407278568	29.318930124877014	2.283893272248953	29.100581369806257	29.128590333906285	29.156606359752168	30.920722614642212	2.399766606951732	30.68783959412852	30.732659435375645	30.767609097013445	29.90285513978914	2.158547992041056	29.712015100587323	29.722887019130127	29.73387769166736
990000	28.893212692513913	2.5638856262256073	28.65677935593239	28.674693851276373	28.693136393396703	29.369297032264548	2.213669479202286	29.150432148922246	29.19530483426525	29.22872062127857	28.74897401044545	2.127318388614797	28.536820583949453	28.58755632233005	28.619718510031102	29.374646966973593	2.283514545688422	29.165157093688855	29.183997227475572	29.20281035677652	28.750852252373033	2.1067674716503246	28.541232569095364	28.5943847027893	28.62483521488231	29.317571397130905	2.2872373339135064	29.099374568510406	29.128176080976736	29.157020409496507	30.917804117417113	2.3983809125870064	30.68367980558636	30.73058789213431	30.7660636203506	29.903679614934806	2.1589299660054393	29.712234231325237	29.723926613722696	29.734445972630144
1000000	28.894544060940085	2.5870285717277737	28.65785689242091	28.673877077398828	28.690906101495862	29.368904159180897	2.2127534332224292	29.15244026456925	29.195163024793843	29.22879881838204	28.75119189368566	2.127054700191099	28.540434695401387	28.589736041037995	28.620573115180818	29.375138322839838	2.2820258511135267	29.167686388657767	29.186659390365662	29.204704068774333	28.753674212510195	2.110897053662773	28.54387577071811	28.596658163981814	28.62573438667463	29.316866934618265	2.282431316152576	29.09715846377837	29.130447484388633	29.156568868562566	30.91734937188786	2.4020191857909254	30.68213849737601	30.73135517143951	30.766103366210743	29.902862037014422	2.1590011347317173	29.71270561685452	29.723722610098235	29.73362034921178
1010000	28.895308187008037	2.590274825347775	28.659173053121595	28.67501361408454	28.69083810679077	29.368273683818153	2.2090503783005304	29.147976010961344	29.194738275204077	29.22873846489897	28.754163551045618	2.1267746414516466	28.544225130567927	28.59140530918428	28.62202595769812	29.373496965875777	2.274566206597899	29.165375572265358	29.18558985759354	29.203218101380788	28.756230121388445	2.1112326996208437	28.545814318796573	28.59754315919446	28.627373181964952	29.317004528791202	2.2796942094005654	29.097787382517176	29.128613128714342	29.158104611338374	30.91850956707694	2.4018730366004775	30.682020038905186	30.732269278341406	30.766571692393143	29.903786415945767	2.1601030352782584	29.713018364256364	29.72322957463374	29.73404870660626
1020000	28.896165379214654	2.576635834388257	28.659216454630027	28.67547253562747	28.691454628859987	29.36912279333202	2.2129366889540263	29.15152265562446	29.19139266677471	29.22825161101437	28.75638557415871	2.1269060923932956	28.546971222698982	28.59273532987706	28.624674640337886	29.375331670732397	2.282179554205256	29.16762211113526	29.185821212218265	29.20339295884951	28.7587392360052	2.111694172784258	28.551189520124268	28.59910088747059	28.628123955278674	29.317599151421312	2.2856980323610516	29.097392475310993	29.128460918309642	29.157121909582788	30.918532034932174	2.403648594926713	30.686973680999976	30.72913386936284	30.76559982063789	29.90411520808338	2.160788292035127	29.713797896321847	29.72354664215287	29.73453142235302
1030000	28.89580726999308	2.580881008926633	28.660071767892603	28.675453988351155	28.69230619610686	29.37335462025743	2.2105806162721473	29.15864245963816	29.196874172812002	29.228979070936113	28.75887594752451	2.126711172334269	28.549366206111422	28.59584800749109	28.62515866396061	29.3768277577744	2.28109081091538	29.16692838060056	29.18697333001299	29.206172038437753	28.761110137968934	2.1122009983607763	28.552369267074948	28.601415789137437	28.62950148325415	29.320001808862248	2.2876862585609308	29.09917965027301	29.131250251550693	29.15977111764053	30.923187608871935	2.400813806934219	30.69175327012688	30.733620514604542	30.76686617792712	29.904925155500898	2.1612700361799897	29.71440750836833	29.72530768026498	29.73492761129476
1040000	28.896652346052537	2.586808758491533	28.658789555866534	28.675728709933416	28.69264819442866	29.37616939933056	2.2143294914305987	29.159500862923245	29.20014467192601	29.2302661057522	28.76108480276536	2.1275704331548217	28.552866486339024	28.59681317341866	28.627367427340545	29.37694096119812	2.285867712729823	29.16696464030417	29.18676532261756	29.204979110577725	28.763286341768122	2.112611751730351	28.554689393233975	28.60222683538376	28.630159173096356	29.32197330047634	2.29185613011976	29.101557774314625	29.132020393493377	29.159982092169642	30.925503433010118	2.4100139755224763	30.692938971055895	30.737505718808784	30.76827064932823	29.905681630170474	2.16109632520627	29.714587683130443	29.724999442961735	29.735403352094497
1050000	28.898480823159268	2.5872653343108842	28.66188969122731	28.67699473700172	28.69418758296441	29.374478934935414	2.2188733358674826	29.15828551591523	29.197248356484426	29.229776244812314	28.763045457257636	2.12834784519998	28.5563259216404	28.598588050160313	28.628610116940973	29.378312799737117	2.2889005687000763	29.16933339998437	29.187375202798748	29.206180758269106	28.764998971220148	2.112427310931827	28.55816032698033	28.603925397033677	28.63293941184263	29.323197380405695	2.2941656187650166	29.10415246079596	29.133725233127585	29.161485175966032	30.923444697517578	2.4100549439892696	30.687049169908725	30.73394209599689	30.767095136713195	29.90655251905919	2.161423592080956	29.71616469650608	29.726693373052818	29.73711003800079
1060000	28.898380118552417	2.5775745266501557	28.66207257371444	28.67772129996122	28.69623536478546	29.37246393930478	2.2167221281732763	29.153063759465393	29.198177766061995	29.230455783281897	28.764985266312525	2.1308134772669693	28.557272308889456	28.600239330541385	28.62922544913291	29.379106755849566	2.2881069970231622	29.168920809216765	29.18803616055547	29.20715553817853	28.76701204621464	2.1126010522252945	28.55949112866829	28.605593743368495	28.63385208112906	29.322153174684654	2.2933372409449553	29.101597818453502	29.130237066953374	29.1618980928123	30.92120730787897	2.407067476049754	30.68552784800134	30.732857320978972	30.767931393128404	29.906872585913902	2.1618323876734107	29.716078343022218	29.726405273139015	29.736922956563813
1070000	28.899175572660372	2.5791914865715584	28.66255384303581	28.68008769762514	28.69583486268835	29.37084925009729	2.2142700736159067	29.152755711490236	29.196453988754907	29.22731764440164	28.767406948024302	2.1307798234554434	28.558933066555436	28.601877185107462	28.630664635390207	29.378522704519458	2.281898265489528	29.170696537746732	29.189801453722268	29.205725258056905	28.768351468935162	2.113448301712946	28.561213185719442	28.607234327057334	28.63441488357015	29.325267203918294	2.2864581566827913	29.106188856997964	29.13671713823511	29.163362675254497	30.919865779846393	2.4022698614761873	30.68471696595856	30.733248006546567	30.76518537238806	29.90731356305837	2.161789621787977	29.71665393720493	29.7271027589424	29.737462483551305
1080000	28.899313575261925	2.5783815024607186	28.663636571599486	28.679996108858113	28.695267300210595	29.375748844382432	2.2172279750180257	29.156877463850897	29.201810688953536	29.230969381925078	28.76924457705228	2.131021923145046	28.56120156347941	28.603672466946747	28.631811045867778	29.378930425323553	2.288754493791617	29.168869464881418	29.18881784869018	29.20533649876395	28.769956104741876	2.113655666831235	28.564642173315164	28.609352159341583	28.635119525715744	29.324114971088395	2.2927664685959304	29.104920922404652	29.134914014302133	29.16064395362166	30.925417029528127	2.4079769080246742	30.691095860144767	30.739242524064124	30.768606117604577	29.906706071723818	2.16201560432504	29.715963476459496	29.726588920936052	29.736143881919055
1090000	28.900725871120414	2.5832272153149853	28.663068269658133	28.67966931022395	28.696412635130454	29.375319287551047	2.2153913310568645	29.157359151780142	29.199785773118705	29.23027577663673	28.771147696587235	2.1324416575347573	28.566541656056597	28.604484702776574	28.632277855375396	29.38069013692241	2.28662535721435	29.171812560569656	29.18995072463916	29.207964201577038	28.77175826883391	2.1137651474192003	28.565429582492243	28.610837702369015	28.63559826189407	29.32361014485759	2.2899370888297943	29.106368886771392	29.135121810678186	29.16185218254631	30.923810976180715	2.4037573373255205	30.69127153429527	30.736293527390295	30.768164146187566	29.907884285502448	2.162682336696147	29.717484140766363	29.72771769786516	29.73673084016521
1100000	28.90278807916207	2.6061288010187145	28.665714685668796	28.679867379601824	28.69657399628575	29.373878500713733	2.2166596425155256	29.156419081762643	29.197971555531595	29.229940407975896	28.773260934533855	2.1349001158880254	28.5679802187572	28.60664052145007	28.632932949000207	29.37934552888885	2.28460039753025	29.17102982145319	29.190142935037237	29.20696533521427	28.77351100147121	2.1135272048851683	28.566653305110663	28.61164034211466	28.636313361804305	29.323607509289744	2.288414017843917	29.105291387646105	29.13486924434573	29.16279631857514	30.923761663321436	2.412182203981384	30.69013847274433	30.73518126220318	30.76733345123018	29.908695403079054	2.1631984988151944	29.718680753255065	29.728511370231885	29.73814889970901
1110000	28.90086680823874	2.5886840295242846	28.666035054470452	28.680953651210835	28.695225248630837	29.376313849858057	2.2200923385703626	29.158039195509637	29.20046509642373	29.232160721899106	28.775000612145792	2.134990702648178	28.57121064642713	28.60839736892961	28.634002355944304	29.381422942609735	2.291603328412225	29.172716918104502	29.19170268799229	29.20745243642986	28.775046196824224	2.1133560596230567	28.569060702882748	28.613232679468155	28.637207700072132	29.32720498200994	2.2957133164807852	29.108903991184786	29.136971182469527	29.1651570042674	30.926252680704746	2.4124991104576803	30.692889526366734	30.737354715876933	30.77007078224603	29.90903585988393	2.1633366226943425	29.718325479479383	29.728738448080566	29.738034117313088
1120000	28.901244131676957	2.5743238370793424	28.666296587190786	28.682326486362676	28.698414614650403	29.37734861606163	2.2147184744777673	29.161027043781765	29.201209717344064	29.23032149863515	28.77678748853185	2.1357807676959037	28.57173155119076	28.609347301036326	28.63478620904756	29.380569129573594	2.283010477740119	29.171886265258863	29.190010355059982	29.20845458222493	28.777224375278788	2.1227061900132984	28.571976168255247	28.614033108737914	28.63811035197659	29.327572436331934	2.28488439529166	29.109997557763986	29.1391865659292	29.1633258289686	30.927159796738245	2.4028195535355414	30.69588099878608	30.738394904113882	30.768508707178455	29.909714062960845	2.1640405462098893	29.71966310057944	29.72933632774566	29.73877276678128
1130000	28.902948962774875	2.5887898063148422	28.667133837244982	28.68217214717548	28.6985197980313	29.37704834320676	2.215983787398751	29.162502329746225	29.202672000371063	29.23097706820538	28.778630972708292	2.1358684168186794	28.572991192192088	28.610388508224524	28.635728722900055	29.382381483857802	2.285079602798585	29.174685460748982	29.191947638892323	29.207611992687035	28.778829959042373	2.1234932478099986	28.57311146215108	28.614742884426747	28.640018685001515	29.3283902337866	2.286831495965425	29.114017845778328	29.14079704573758	29.164170089142228	30.926949925650092	2.409125571258596	30.695845091545472	30.74002874682938	30.769129659545232	29.90989468294145	2.1641995313429145	29.71999840373081	29.73000077329023	29.739100700110917
1140000	28.90362261062739	2.593444908662868	28.667232879250253	28.683491197608227	28.69874514462556	29.3775778206302	2.2176211818348697	29.16146880154456	29.202241941607735	29.23189995437852	28.77990407220053	2.1357225964589146	28.57463691138227	28.612228492866798	28.636388583755174	29.382548974114794	2.2905868420342537	29.17249266056585	29.192912309708326	29.2097785693377	28.780394859154324	2.1236642685190614	28.57628034207901	28.615993258788606	28.64073662852192	29.32977484761246	2.2939001741764726	29.111767456249584	29.140622447935705	29.167292177220588	30.927576980327014	2.4095304034267726	30.694126031146993	30.739280540710453	30.7695833438794	29.910160299477276	2.1644979249741243	29.7191116450263	29.73068870303478	29.73972272976686
1150000	28.90324282725431	2.573539157147453	28.667941960870415	28.684024199140964	28.699169161434614	29.376066124146437	2.2188465032140186	29.157599435556094	29.200570809665336	29.23119877282224	28.781125077745493	2.1363181863499197	28.575736366031325	28.613473331822156	28.63679509587298	29.382202730557406	2.2859937601179396	29.175160484369705	29.19270244045809	29.20899238226697	28.78205101212104	2.1238990272177687	28.577187538066333	28.61650460548575	28.64131278382773	29.328978344888093	2.2916328871594165	29.11223673666194	29.13806796030311	29.16671932670959	30.924587670976592	2.4009420887694346	30.69234272803545	30.736818803467344	30.76878791561483	29.910891881736713	2.1652816741329004	29.72124723796056	29.729886244788048	29.7392224061157
1160000	28.904598786134923	2.5926643471874775	28.668988647379983	28.68407314099129	28.699238313525193	29.376640056065664	2.2172493955897274	29.16123859032828	29.20425669733234	29.22964032183732	28.78264934613892	2.1390766521866253	28.57897883609386	28.614971853555424	28.638222603367478	29.382001960786027	2.2845402932266916	29.174547542833235	29.193268164427003	29.208182910679856	28.783443076537264	2.12411177793177	28.578583080490784	28.617394038031478	28.64280510361975	29.328251539373042	2.289737781891242	29.11216549801231	29.13825030410921	29.165220500567404	30.926397167649174	2.4010951498021282	30.69693586315538	30.741509028260985	30.767710749644035	29.910784874391577	2.165119550983436	29.72134806006332	29.730468502909694	29.738991880740965
1170000	28.905298666290673	2.58578976347035	28.6701006742189	28.68446514276321	28.700684472103667	29.37774020135973	2.21829518017693	29.162444197493905	29.203457072864815	29.230102654720813	28.78421279433615	2.1394390008688684	28.580101843777978	28.61615828584776	28.63919767631203	29.383984384726944	2.287590514594032	29.177733226992466	29.19312144315935	29.209592777731302	28.7846260800085	2.123983462506882	28.58051718275566	28.619489027125596	28.643249979240505	29.33116153681234	2.2922007969789613	29.114291799823587	29.142351829601424	29.167166746576648	30.92922883242755	2.4110527967185087	30.69674823351867	30.740222260422463	30.76775378186586	29.911818253270365	2.1652453270741128	29.721983230381035	29.731246983305873	29.739836163004128
1180000	28.90514208352821	2.59264906226511	28.67019146476989	28.68371208965489	28.699692040942956	29.375014223939413	2.216294047533668	29.156774718502028	29.201500245777005	29.22957535468485	28.78565815932745	2.139280244189527	28.581512215277264	28.61697735880421	28.64004099044668	29.3824226090509	2.2837039966497534	29.17401410057488	29.192845626782727	29.20838806514636	28.786050940368266	2.1268318447924353	28.58266367570487	28.620481290713624	28.643912907832647	29.328819304467068	2.2882858258277046	29.11283453809677	29.138609494568435	29.165151233117	30.924823178931295	2.405682951877261	30.691084411626985	30.73791130626519	30.766966983778502	29.911584737738302	2.165406572673038	29.720804169802538	29.730995531614298	29.740142393339006
1190000	28.905320045959787	2.5900349509411926	28.670951577394174	28.686559272483642	28.699866913260784	29.380632338642467	2.219090061107124	29.163835023945477	29.2066761814891	29.232500782940818	28.78733307417971	2.1400114145318487	28.58314426655958	28.618706135349477	28.640494398215793	29.385045695086074	2.2898984524803354	29.177051089497084	29.194512604744517	29.21041033980739	28.7874609689471	2.1278400887069497	28.584765947501776	28.620884410361064	28.64446208331436	29.332762190311467	2.2962161193777315	29.114443581409812	29.143871269472488	29.16944060122904	30.931172446913152	2.41407735357471	30.69884908605826	30.743521076201212	30.77003779967984	29.912019567184252	2.165372727099045	29.72154307804206	29.731453102876397	29.7404875235254
1200000	28.90736794876676	2.5827043688549525	28.67203639839314	28.68571407795382	28.703035559022883	29.378015640020163	2.221823518542442	29.159411253246212	29.20574707675168	29.23207773388698	28.788699132978138	2.139863743787326	28.58474994183398	28.619996520193727	28.64265796706718	29.385814301941128	2.2913289187759283	29.179160248853428	29.195896846848733	29.21130003895349	28.788840364872634	2.127706982293155	28.586714288045005	28.622818587262987	28.645612389203635	29.332380344746284	2.2971661333335955	29.114192621395425	29.14187907753758	29.1694249176469	30.92863398729731	2.4120845568009046	30.693631026383162	30.743597303550366	30.770062876998754	29.91278223734386	2.165434970438683	29.72243398434427	29.73232356126975	29.741634445906644
1210000	28.907394141938784	2.585642213139804	28.671837993955187	28.6874070227941	28.702118458475123	29.379906161008265	2.219786555253945	29.166221517340688	29.206637437865822	29.232180803431334	28.789767267059897	2.14018117564518	28.58474994183398	28.62079894276475	28.64358359899553	29.38474021738863	2.2907247756709426	29.176274724209552	29.19439738390393	29.209365046601206	28.79041867399235	2.130167068108697	28.58790781302472	28.623422578504957	28.645982408630417	29.331753974189827	2.2941424433324324	29.11442281952996	29.143617133785796	29.168050175500206	30.930263723663817	2.4175856908330347	30.700412450575126	30.743732521219624	30.770224007658378	29.913070530176217	2.165408713032631	29.72260351206706	29.73287976037915	29.741647105918574
1220000	28.907568556133548	2.590296142786546	28.672241546315238	28.686983014641207	28.702043542237746	29.377356798528485	2.218688850885526	29.158489366691327	29.20399872700824	29.232514676185374	28.790893316839032	2.14029585489402	28.58660730330886	28.621824969895627	28.644444219854226	29.38462259347716	2.28801951600704	29.17692225383113	29.194263214943525	29.20884990644844	28.792185598013884	2.1300180901602914	28.590236359226573	28.6242524500991	28.646799237916596	29.330409836720527	2.2913211799193878	29.111421515091248	29.141396312870143	29.17057384512934	30.92843334394998	2.413783391947061	30.694036301439716	30.741550248586112	30.77053852697835	29.91369336335618	2.165468574681282	29.723547487266245	29.733735233204072	29.74219447817974
1230000	28.905936270400456	2.562287095547929	28.672263843285535	28.686929415641078	28.701695881849265	29.384769415996736	2.2214734785798496	29.171617474464647	29.212286425900924	29.232775265633713	28.79230345051242	2.1403747294727604	28.587919422256178	28.622998074328393	28.64511978857661	29.386033909820174	2.2897931518228978	29.178470948446574	29.194850154053583	29.21168863178667	28.79338148922914	2.132422586254383	28.59253452469091	28.625078446360135	28.64776757797359	29.336238531718916	2.295737678867614	29.11844500896234	29.146798787994026	29.17188262511724	30.93558030148008	2.401070293307306	30.706382642720275	30.749973215325685	30.770873764041916	29.913323102144634	2.1660004966040067	29.723339259709107	29.733206180973504	29.741209816801163
1240000	28.91027642044845	2.5919669714841254	28.67564766126628	28.689036535102986	28.70332904777992	29.379690508996948	2.218759652319735	29.166275604245662	29.205712223959814	29.231307552956633	28.793361970204888	2.140252996378875	28.589337271368684	28.623840880209087	28.64628009430775	29.38758200958888	2.289255993268349	29.18060297044641	29.198150453175693	29.213149551781996	28.79441437587084	2.134087342595895	28.59374876737063	28.625640305026685	28.648171002909045	29.334820852801208	2.29236483618708	29.115639308393717	29.146582720866263	29.172346221750026	30.929303309666306	2.414214505945285	30.69962040345666	30.742927735440233	30.769322695411446	29.914698126402055	2.1660488178253208	29.725095704723923	29.734398034557863	29.742204994171928
1250000	28.909983846564494	2.590995356395444	28.67577177479567	28.68952080885092	28.70357295873217	29.38246086136094	2.220074284968591	29.168730435392547	29.20874766718386	29.23110970608964	28.794432869798836	2.1409845159528094	28.590307157149493	28.62450618599317	28.646822132097487	29.385674203913265	2.285609089514291	29.177911820160702	29.195367871299123	29.211052933034857	28.795517499007953	2.1339771212430185	28.595866443568305	28.626744265986222	28.649249706114144	29.334319892076824	2.292166180122775	29.114896280793314	29.145961320116083	29.17018806846484	30.93165645384827	2.409838178302118	30.702259053678766	30.74600207231537	30.76922133221756	29.914978339301822	2.166452275594034	29.72523860067696	29.73415748147839	29.74284643808595
1260000	28.90886419900959	2.5798856069841483	28.675137372136657	28.68810940652974	28.70328027605938	29.383979794089925	2.2160970445739223	29.170845057277333	29.208029889496977	29.232445061558103	28.79580042759182	2.1408465738715017	28.591958322222816	28.62567572951656	28.647756932923496	29.386225578887384	2.2843298905126614	29.17926907169272	29.195965119826937	29.211522827406526	28.796775451228125	2.136279103467237	28.597226953056413	28.628116249041568	28.649627283565803	29.335616317709963	2.2890653673271477	29.120805001273	29.146065236202986	29.17097946354434	30.933862608698735	2.401639574123715	30.706631883319762	30.745761104579742	30.770417617133	29.914835798135243	2.1665625630782417	29.724880989110858	29.73443489315806	29.742293552123254
1270000	28.910077342230824	2.596163661817777	28.67520072563064	28.689539437021573	28.703072283169448	29.380821800390766	2.2193026826132067	29.16415473650128	29.20737075935793	29.231619868698694	28.796901533309736	2.1410269249719707	28.593152640687748	28.62652397075303	28.648161284517542	29.386768150203366	2.2885043036004498	29.179698703339014	29.196675608427903	29.212928321995847	28.79808072029536	2.1391192841449818	28.598054466000526	28.628505176673453	28.65028381184323	29.337039139084176	2.2949622587594942	29.120089655933644	29.14746241670505	29.172881385302606	30.931326675886275	2.412195937352843	30.700123732864473	30.74505594419633	30.769614890806697	29.91564790165114	2.1668090866741783	29.725994141019452	29.735102643097257	29.743525564758826
1280000	28.911680290970285	2.597945139121893	28.676958925801593	28.69075204838809	28.70500560153695	29.381984974552804	2.218062401305539	29.167868985087186	29.20877028450521	29.232168975586617	28.797985410833093	2.141036616235484	28.593516770098425	28.62707535275071	28.648876428314356	29.387487098802133	2.2895915664346362	29.180570830521564	29.19704124861782	29.211739945292614	28.79940721557292	2.1389712903183224	28.60037490409225	28.629307308559	28.650935613082495	29.337376059286207	2.291153364513515	29.12180870918563	29.148193884209043	29.173186120649017	30.932393694515817	2.418164874769054	30.701354400693884	30.745459398970674	30.769983412554556	29.915402049708717	2.167116520484186	29.72595283322901	29.735027616511505	29.743072517731495
1290000	28.910240730440645	2.5834748248370563	28.676139036787763	28.689357285562885	28.70464850904424	29.386625137651894	2.222557862683856	29.174441966182144	29.21150925126357	29.233968496388737	28.79897079532835	2.14296748691926	28.594581843161734	28.627705776175603	28.649198536530964	29.38811714533045	2.2920018073136488	29.18201740617066	29.197931659816913	29.212977235486594	28.80045215320378	2.1388539422967767	28.600838605281865	28.630426883140714	28.651957704780255	29.338895659535467	2.2938968841857217	29.122619507179447	29.150136088167407	29.1738712964857	30.937469238744594	2.413362740958248	30.70992968702867	30.748252328335393	30.771667780091764	29.915708683130593	2.1673836284599584	29.72559763776188	29.73503430173202	29.743277872915847
1300000	28.91248823155547	2.5959468816310096	28.67776813166773	28.690932011550146	28.706034973122264	29.38230533532602	2.2234055425446257	29.165418836763912	29.20702790111945	29.2319142997529	28.80014915860346	2.145910204602444	28.597132528201207	28.627836728937474	28.649767513308575	29.38811222563525	2.2914360108942256	29.181253383054866	29.1973774429242	29.213264286219346	28.801926569574178	2.139701788260653	28.60128396343409	28.63155036920473	28.65275757628799	29.33858964107769	2.296319209756803	29.12019955986436	29.147009942528747	29.175615748934902	30.932001321880655	2.4139076782138393	30.697515613898148	30.744966614352883	30.77022896905909	29.915861000944286	2.1675693564501763	29.726783508280274	29.73522154790649	29.743359213493452
1310000	28.909938562969405	2.585700421608286	28.677417085483263	28.690386309541466	28.70424030498331	29.384171801437795	2.220899054823876	29.171338461436402	29.209903745856387	29.23228265603607	28.801330454391607	2.147332738513089	28.597934335068068	28.629639152542644	28.650813833054222	29.388600761148567	2.289515757785089	29.181269572449807	29.198353752760823	29.212822720560073	28.80306739384675	2.14125687120712	28.603602631122175	28.63226768824555	28.653337895167184	29.33819676753923	2.294996857545203	29.1214419454719	29.148669440811243	29.172788074635115	30.935992299792765	2.4135272636612406	30.707385997853713	30.747798489990295	30.77030526082304	29.916480336381813	2.1686882586898886	29.727249655006837	29.73552063459064	29.74272776516488
1320000	28.912288095904483	2.600787940543822	28.678874361378703	28.691011417363768	28.705159158436505	29.383575262614762	2.2212273174249675	29.16855404901924	29.210556597804022	29.231441630943177	28.80237224248562	2.147239538795512	28.60110134421576	28.6304270749727	28.651693026376492	29.388684783959157	2.2931283738176718	29.182426212090757	29.198425746690607	29.21256284868558	28.804314500593527	2.141717437354535	28.605235365301148	28.633515294134327	28.653667147345725	29.3398219997293	2.2981284048314228	29.123024683911204	29.150702307961424	29.174334815828388	30.934065966966372	2.418856096566241	30.70225750945959	30.747808163723207	30.769579737849256	29.917747321946134	2.1688800373781785	29.728233155718176	29.736810056960366	29.74395767450598
1330000	28.9134373551512	2.575997716748185	28.679810206887794	28.693948980476538	28.707014751844866	29.383627600742784	2.219397596681987	29.16964314983491	29.210390272052752	29.23138803733392	28.803327516169055	2.1471755146905736	28.6026094075847	28.631736187848247	28.652350068541633	29.389232050075844	2.2911247217979787	29.18327970428556	29.198351507427155	29.212791919785598	28.805282855812006	2.1421061685052996	28.605870399943427	28.633885960490275	28.654362410913834	29.340126963612132	2.2958550630537182	29.12280603430317	29.149718002894545	29.174316320666946	30.934751157500276	2.4142684323478667	30.706318711339772	30.747384050336912	30.769403274232822	29.918141809495925	2.1690306405919006	29.72809612233803	29.737240008591684	29.745010426652115
1340000	28.912876850287972	2.580632320471788	28.680841756597616	28.693829334919894	28.7068749122022	29.38463653037239	2.2193913783659087	29.170506507288664	29.209759171188146	29.23317750137538	28.804045227122685	2.1472286463319272	28.604573408084587	28.632083452531674	28.652769930898454	29.3900487308734	2.290097251766322	29.184588971350124	29.199532401237306	29.21452752923139	28.806157645931762	2.142017016675626	28.605920127272682	28.635128199328324	28.65479723405279	29.34246709614567	2.2931745084788986	29.12626608973686	29.153429853963672	29.178296853355924	30.93569088552394	2.408937360567107	30.70694545818382	30.74784176787497	30.771395079020227	29.91761576605707	2.1691523586189	29.72805187336136	29.73731371164191	29.744982455150943
1350000	28.91292581293853	2.5856834644726647	28.679912709206604	28.693980937718795	28.706630972019134	29.384715299647794	2.2229127026531743	29.169670644681243	29.212463881644425	29.231851176167364	28.805121625447356	2.1485706215572953	28.60502810246195	28.6330348436082	28.653207639238573	29.39010322037669	2.2942871982254895	29.183440615005196	29.199756391962104	29.214563343717483	28.806985353853882	2.1419339261113555	28.60757934670204	28.635704150681775	28.655872843514864	29.342209661458817	2.2984759493364684	29.125850493904245	29.153571122366678	29.177594138335188	30.936359265228326	2.416893532785511	30.706449418690905	30.749632093717935	30.7699864730732	29.918364221154437	2.1690815525182527	29.72917468696617	29.73737088894068	29.744890223754588
1360000	28.914308881897078	2.59341042738307	28.681131692506163	28.69411756069053	28.708531078197144	29.38512835026242	2.2245195938808444	29.168233275665948	29.21045662341202	29.233255685948553	28.80614049733407	2.1486617690184593	28.605937839763623	28.63395496249817	28.653843768655005	29.390136707742897	2.2938801638841264	29.183097005713684	29.199010220194907	29.21415802771041	28.808350289564956	2.144177251208803	28.60908069818292	28.6364743585593	28.656321202517397	29.342755871593326	2.2981927670385778	29.12502008543754	29.153136816650772	29.178607672381464	30.93632331485031	2.413687409023567	30.704707853541553	30.748013544600035	30.77094429139851	29.918699775564225	2.169379219610337	29.729898064197585	29.737488099417384	29.74615288518798
1370000	28.914974639691785	2.574052678931644	28.682068578243946	28.69635126633974	28.709892425087745	29.387327568584123	2.223868894764192	29.173738455763246	29.213279889351437	29.233989795247723	28.807237851820133	2.150501453121012	28.60731068928399	28.634338604377866	28.654901663193517	29.39249347958772	2.295225711906452	29.18683208599323	29.201959162563785	29.215337902246798	28.809063886584873	2.1443559365977665	28.610191865832967	28.637234334376192	28.656770850772684	29.344695619963808	2.2996233689484673	29.130076126421322	29.155561838363504	29.17671600651913	30.93838608868852	2.414487014884757	30.708658578441728	30.751187433800574	30.771939410695175	29.919462151134432	2.1696874175097554	29.730126362052577	29.738637399454447	29.74653141293843
1380000	28.916847571592523	2.5994105804907166	28.68362059975742	28.69541950373581	28.709194550940182	29.386073488882047	2.2258609920211776	29.172868030183622	29.214177700113815	29.23438247319427	28.808314143600384	2.151838473624072	28.607989006988756	28.63463437924905	28.65578306531907	29.391658527699178	2.2937532438127524	29.186702963253207	29.20069108105754	29.21322113272865	28.809838653411912	2.146086229426546	28.611171895010163	28.637633149536104	28.657135434528946	29.3421809606661	2.297443998757515	29.1290524238087	29.151260538711163	29.175362789856813	30.937137759490298	2.4135861449458997	30.708167374434588	30.751715422857416	30.77191216946114	29.91891762067676	2.1696956901015825	29.73012148610786	29.738006821723552	29.74490049327773
1390000	28.91756425195238	2.5897140823143086	28.68405760020459	28.69629493552258	28.710863031085175	29.386688512904612	2.2220629301143124	29.172899365232837	29.214501996332224	29.23210191118681	28.809178227100002	2.1517478819761258	28.608953611836192	28.636014377173314	28.656126344344628	29.390684216895842	2.2863465083857353	29.185119440511855	29.199968120705076	29.214946316517064	28.810816143556746	2.146623456869209	28.61156685891479	28.63813203974101	28.657821711380148	29.344100682173114	2.2914224132713064	29.127990739045035	29.15396443763974	29.179198844942846	30.937074323036622	2.4064969526165307	30.707860048454776	30.752368174091824	30.770453612442466	29.919781191214415	2.1697423291054196	29.73063892345973	29.738836918202956	29.746068448607396
1400000	28.917216269798956	2.5943334101498223	28.68510485112339	28.696535640801905	28.709898963884772	29.38788383175896	2.225443238955656	29.17490237123611	29.21365510825257	29.233472325448396	28.810204106529223	2.15164269281549	28.60969394541975	28.636901725585872	28.65640471176739	29.39264662851967	2.294078839451456	29.186599370023327	29.203166011410715	29.215721975706693	28.811705445403216	2.14694269335434	28.611697967816355	28.638727358818045	28.65842314148426	29.346450410559058	2.2964034370878923	29.131544645911966	29.156768520502734	29.180278873555263	30.938129400740888	2.4140680166170103	30.71027725729037	30.750818038952712	30.771792035406545	29.92084191928209	2.1698203546268906	29.732056431738915	29.74012574424529	29.747184521911176
1410000	28.918909812426353	2.5915275875920503	28.684290895062162	28.69726030110855	28.71121631473124	29.38800335434057	2.221545187983338	29.175457047010262	29.2133569272413	29.23165697504667	28.811015240905203	2.1518472497098093	28.610970842407863	28.638647990735848	28.656757260863706	29.39074072248296	2.2882728987951535	29.18541666269025	29.20022724677002	29.214396096568965	28.8124741856719	2.1471655407332224	28.612497972328836	28.639879016696277	28.659123607859936	29.344064096074	2.2930572980227755	29.12903625072905	29.154409506928587	29.176653042752204	30.93943445715939	2.4106586805219323	30.71212019769183	30.75115010261244	30.769960381205685	29.920058366747107	2.16988916327395	29.731346997806888	29.739288565523637	29.746564471691542
1420000	28.917427928487214	2.5908354417255866	28.684864068552557	28.69621694515006	28.7115935626189	29.388349898356243	2.2240149425726212	29.175973085126465	29.21387035829558	29.233250351516705	28.81189236232426	2.1521055874890322	28.61199170843129	28.639805498915134	28.657290570707595	29.39324041046696	2.293456782150093	29.188662395114385	29.20173112359206	29.214333390252207	28.813226848880458	2.1480274655124356	28.61354278203985	28.640288263521555	28.65926442148617	29.34573543840716	2.2963594770170155	29.13091641602111	29.155202101811888	29.178885250603912	30.938718072327756	2.4048612902320703	30.71085103113624	30.75211946009921	30.771617427991174	29.920861863309792	2.169881841714879	29.732056700603657	29.739825226593226	29.746801029774815
1430000	28.917582714393298	2.605607201028961	28.68521225215604	28.69734377340367	28.710242157229025	29.389083279768528	2.224610728184911	29.177537582067792	29.21581008560004	29.23270727605822	28.812711455778633	2.152271695850836	28.612488010104116	28.64012067576138	28.657634967531106	29.392702743051856	2.2936294899691814	29.186567424202025	29.20132229001755	29.21463957745168	28.814550346921926	2.1479149209843875	28.615655292625885	28.641288755278254	28.659704723939647	29.345520525779257	2.2988338988943298	29.130021590892184	29.15598381645259	29.17823624170826	30.94073508377051	2.422615068869758	30.713517903677122	30.752933732552897	30.770661027726273	29.9207770310418	2.170051228772997	29.73164522742683	29.74011578066724	29.747449594612956
1440000	28.916665980877777	2.5805961065372527	28.684668942359373	28.698477538458953	28.710998408930863	29.389893617640503	2.2240479692546877	29.1763162537677	29.218006297526216	29.23482201197547	28.813430996934574	2.152199257174297	28.613328854358812	28.640583915181633	28.658199661264224	29.393996765380102	2.2911351934243167	29.18786962824071	29.20292090377619	29.216759209018726	28.81527620806889	2.148575708389604	28.616241732750403	28.641963450138057	28.66005119254097	29.34805607327356	2.2954014117282076	29.131521319904657	29.156574958771685	29.181861310570728	30.940406646961222	2.410525848151889	30.713454365600406	30.75566482590039	30.772441972615105	29.921578683626727	2.1704748884112695	29.732440413023074	29.739820025341697	29.747644125311037
1450000	28.917593224448673	2.592235616448448	28.685802757070974	28.69823244743497	28.710128648698337	29.391359663390975	2.2256011701632414	29.18054565390432	29.21806718462253	29.235523025801502	28.814145329493883	2.1523996566189174	28.61449110091902	28.641333647259888	28.65873472162944	29.39336946550904	2.2962949886618857	29.18795869109448	29.202137408430005	29.21440102371156	28.816085222381957	2.148480023972698	28.617191215987592	28.642478820425744	28.66045781611295	29.3471061607802	2.300657014898631	29.13392467783426	29.155969067614464	29.178311407902054	30.94215326628104	2.415197345461315	30.716843574259233	30.756123531752838	30.773297542770486	29.92142063138685	2.1704910582320345	29.7321710024859	29.740956615992747	29.74753395766135
1460000	28.91687752203089	2.575729760574879	28.68649878304068	28.698724582502912	28.709890819482894	29.388289734409437	2.2263964093294195	29.176202039323044	29.214718853356196	29.232711914452587	28.814907139626452	2.15282060693411	28.61511757058616	28.641719903499954	28.659219790337637	29.393137120685978	2.295296671247198	29.18755514629469	29.2024670405005	29.214932920162013	28.816746974845476	2.1489382460678645	28.617704596010114	28.643077113606164	28.66128400232084	29.34777600103398	2.298112924117438	29.130739981456376	29.158921217237783	29.179989703437556	30.938194571493664	2.4080155373770604	30.713086931677857	30.75205641089591	30.770243744925523	29.92193712052166	2.170810649478813	29.73364816251193	29.740854434830602	29.747645918439204
1470000	28.91991472573433	2.5896676536565417	28.686672475364986	28.69917266245973	28.711987429520832	29.389666541925184	2.225723440787118	29.178195273698297	29.216590498445065	29.233064982922674	28.815459805296328	2.1530208310461623	28.615904093268455	28.642032466594983	28.660011561714995	29.39397842645224	2.2943409644406527	29.189832463207658	29.20231553877732	29.21555676174606	28.817405575864683	2.148872646729018	28.617831989957295	28.64384360041985	28.66164622965843	29.34884515454818	2.2997841089675757	29.13382192007073	29.15713699103953	29.181938349053546	30.940433165378955	2.414001901174883	30.71321820854267	30.754200374853806	30.77114606854753	29.921989489507748	2.170805667780417	29.733651145258072	29.740817422204675	29.747528537825957
1480000	28.92101236918817	2.5978863940958377	28.68878583476691	28.70056671034036	28.71400954741851	29.391506710246773	2.2231900760905865	29.180032818545754	29.216318253929927	29.234058231248703	28.81634892321903	2.1538061342580312	28.616758121201087	28.64270561203856	28.660527535623867	29.3946647036185	2.2925134485255634	29.190178403217303	29.203506753475246	29.216993763461055	28.818090311861422	2.1494129952500343	28.61934727652159	28.64465712991276	28.662533851101394	29.35072568743838	2.2970435059321237	29.1367456776591	29.160964980381802	29.181666639541717	30.942837070030738	2.4186819834343285	30.715535683702768	30.75421651150193	30.772354936994716	29.922417568120245	2.1709138191687973	29.733484234514652	29.741093644754997	29.74833536037936
1490000	28.92211208190068	2.5916268492917385	28.68901314897643	28.701363084282804	28.713041906947083	29.387980695708613	2.224427628580755	29.175033224615085	29.2150653809937	29.232455461912156	28.816869240416604	2.153754837881072	28.617228979606324	28.643363500736953	28.66081001319333	29.39380504686658	2.295517039971153	29.188140519514956	29.20419429135009	29.216297215694517	28.81875885038705	2.149345771191508	28.61988539219778	28.64559584046306	28.662939612827962	29.347848885261957	2.2990236374602193	29.132548090523738	29.159293258899922	29.181700665894613	30.9394208349659	2.4159545167566465	30.710413044628318	30.752687989375907	30.7706030113861	29.922699965198113	2.171048084903242	29.734111515092977	29.741579177656313	29.74861943676996
1500000	28.92187888126397	2.5953138850092743	28.688198914214247	28.701060981952708	28.714330444197245	29.391177757784025	2.2283512148823617	29.182505234145253	29.216697915301438	29.23291545689029	28.817850482453395	2.154794800108641	28.618645247568892	28.64402841689258	28.661314163435115	29.394562436074303	2.2980332354615007	29.1892322914817	29.204481700709703	29.215647745151163	28.819613616030903	2.14927418185691	28.62053285930766	28.646094992484265	28.663480759756922	29.35034330906312	2.302558030061344	29.136686197769095	29.161854224126607	29.182907244353185	30.94226465131949	2.4165622435413265	30.718956808382195	30.754052313630524	30.771108884072575	29.92266433390286	2.1714256257010995	29.734427838860192	29.74170474819116	29.747817781421865
1510000	28.921158558671635	2.5881526692749404	28.68994761836878	28.70201510183135	28.713378389327588	29.389539002849144	2.224110704798401	29.17907175836447	29.21723991266932	29.23263004818437	28.819285883183625	2.1551299032836817	28.619811530693408	28.64506880751749	28.66202329004363	29.393565366224472	2.2886247345124087	29.18980740144994	29.20357805116091	29.215206543210698	28.820417902520305	2.1497023827083925	28.62144926523748	28.647180706902482	28.6639422638996	29.349214883466992	2.2934934404657854	29.1355267292532	29.159534454375212	29.181817105629158	30.940689187145708	2.409938206820447	30.71584793005591	30.755423114257468	30.770970676606186	29.922462844508058	2.1720012665204216	29.73406998735161	29.741927651749798	29.74845903103879
1520000	28.92113130852574	2.588108721874124	28.68971464137467	28.703121154697413	28.714977866515774	29.389339603188215	2.22609104290761	29.176600995057136	29.21516388075579	29.231369063301845	28.82034914194724	2.1552149595451975	28.621383848041454	28.64588529517902	28.662650747784863	29.396254096223473	2.2965505388550946	29.191562217729423	29.20477639595716	29.217258522952122	28.821258509258314	2.1510615600160286	28.622389329833535	28.64751661264998	28.664179682121997	29.351819627134134	2.3005609588473206	29.136303666095287	29.161751023867307	29.18389711925707	30.94019597320267	2.412646065436676	30.71356232138836	30.753003397835542	30.76953574794889	29.923515179805	2.172242404916164	29.734842325963832	29.742763126626702	29.749411596706867
1530000	28.92424033043913	2.60012917128821	28.692434249709606	28.703604948347184	28.715150851701143	29.3903630331164	2.2252986741522562	29.179492645349534	29.21622414803354	29.234094114583122	28.821027751119825	2.155228570823803	28.621832987833322	28.646353875131318	28.663112282188937	29.396482330655203	2.29621685319101	29.191125723559704	29.205770577819894	29.21905350278262	28.82189047835669	2.151342062753977	28.623945336157718	28.64795270873285	28.664396198882287	29.351666661239364	2.2990681399588078	29.136111881085615	29.162624875040635	29.186303239864053	30.94204105053284	2.417635316738892	30.71625354511911	30.754238952985986	30.772150110657734	29.924441787785717	2.172635258636734	29.73694246090524	29.742999475972674	29.74963762103961
1540000	28.922166807924793	2.5831350308264422	28.6921464251201	28.703073753611733	28.715092470837767	29.389130302041654	2.22416672328612	29.17699844347448	29.216911044431562	29.233200837591532	28.821826678693373	2.155457496805576	28.622896649897783	28.646573612113013	28.663733016566454	29.395335676218604	2.290495856547601	29.191090279700934	29.203969108384314	29.215888470119623	28.822571907961887	2.1512714706234424	28.624495438195844	28.648306451575756	28.664962833871726	29.351659258761945	2.2923296099679082	29.13943355950247	29.163394949505754	29.18385871983761	30.940010597263008	2.4131396252455963	30.71380920874791	30.754671242948113	30.771357667378766	29.924575901531508	2.172826680289921	29.73591466839803	29.743332348392684	29.749482376953207
1550000	28.922035951212482	2.589767961756217	28.69210082348605	28.702686408863787	28.714115766981617	29.390019969153467	2.2240673450810435	29.179170758675706	29.216063740055112	29.23307406216395	28.82243237383896	2.155392613348081	28.623449291972605	28.647134589628898	28.663949198831	29.395655427006385	2.293996288959756	29.190493336244742	29.205056717984274	29.217658388930246	28.823036607834656	2.1515683458682533	28.625104836450447	28.648523708773133	28.665533471994646	29.352063021961285	2.2989703903005503	29.136450836076847	29.161957472349922	29.184107101192488	30.940334888933215	2.4167897332424095	30.715072932942	30.753562048800596	30.770920879072346	29.92455681017915	2.1726577186731895	29.736308441678528	29.743428939183506	29.749404936544693
1560000	28.923627776456584	2.6014525016298373	28.69174576536423	28.70341799265297	28.71661214816168	29.38994846323865	2.2251009936829766	29.17928430861356	29.218606776576745	29.23287845778016	28.82293124660795	2.1558109240714822	28.624468442824828	28.647921021168564	28.664254606644	29.395948102082748	2.294704156102887	29.19113307545192	29.20506827910733	29.21849500114124	28.823610079617996	2.1520533321900945	28.625124355860073	28.64946811084682	28.665693887151036	29.351617827296415	2.298268938966703	29.13562592503304	29.160925349198724	29.18543236731592	30.94137623358419	2.416736154561765	30.71246905934407	30.756558871063945	30.771223967967803	29.924797600286762	2.172966957642104	29.736613973278914	29.743993428857763	29.749898814795635
1570000	28.925559001213003	2.5999834115188745	28.69349495749114	28.705082741776025	28.716618046950373	29.390822671606593	2.2265638533389156	29.179610181555834	29.21801638236404	29.233590060610624	28.823360431839436	2.155770216057087	28.625021386443713	28.648153086789662	28.664944164998495	29.398042728480043	2.2977001151649437	29.192932283947783	29.207214926970256	29.218894725775577	28.824172908310384	2.1519855363522833	28.625931255257466	28.649776415012884	28.666215757109292	29.354435001420658	2.3015985662318372	29.139695793516847	29.16360237295554	29.1867651191797	30.94126041354803	2.421789481626963	30.715817967085126	30.755683009980096	30.771559131611607	29.925256472862074	2.1729650925293456	29.737705871596837	29.743820059056542	29.75009087714403
1580000	28.925699005254117	2.5938072255911337	28.694788776064883	28.706254454337213	28.71654110508854	29.391923334055395	2.2267510668347597	29.181630075918832	29.218534415811128	29.233022321982958	28.823927282065963	2.1557165683270068	28.62590860737067	28.64899632470996	28.665538687301126	29.397552780035443	2.294843871699851	29.19392683551823	29.20637193944488	29.21802961386913	28.824760183596737	2.151931123991531	28.626371439444483	28.65016898399567	28.66680879031648	29.3552288386329	2.298775525353029	29.14310256376928	29.165041513793796	29.18541412063579	30.943652426480146	2.4132537779419874	30.718430253677084	30.756519928642938	30.771302565609936	29.925920694599604	2.173131489181364	29.7382551352615	29.744745975934414	29.75050431322694
1590000	28.925803128183333	2.5957208957281437	28.695157966053493	28.706279331227577	28.716758823780893	29.39001624860392	2.2260407360672256	29.178892840109803	29.218497693020485	29.232591647871445	28.824462688034085	2.1559135684516844	28.62632573427253	28.649138685038643	28.666030710791855	29.396560065804803	2.294850538076763	29.193103526839185	29.205064350124374	29.21681644350587	28.825223274513416	2.1518855320299366	28.626811190189756	28.65021012751647	28.667199011451856	29.353622712849177	2.29723263076706	29.14083674554209	29.162529246281046	29.184326858950616	30.941258949386583	2.412339873213952	30.715662959809016	30.756474731890712	30.77075666836621	29.92583550056184	2.1733404011729704	29.738080246454334	29.744262152468856	29.750612591470002
1600000	28.926095749252053	2.5943344454509125	28.694705129022882	28.70732590962799	28.71857784193695	29.39299010005712	2.2265564489279552	29.185724155700406	29.221166779993872	29.233268690583124	28.82491663530317	2.155868889633725	28.62705492131823	28.64969321252749	28.66614776926592	29.39798007572914	2.2963696914611957	29.1940601743009	29.206852668202792	29.219395028562776	28.82578413673225	2.152159939697928	28.627674788808708	28.650589260538823	28.66774872135548	29.356247850302022	2.298401166765031	29.14406162588876	29.166950769260335	29.186670791870718	30.944839204163994	2.410312743543252	30.723063730982147	30.75909788659426	30.771539748479075	29.925412729603572	2.1739560798689372	29.7373399259607	29.744239409095464	29.75045092449002
1610000	28.92853615836718	2.6038680078291434	28.695031634500722	28.706788544530262	28.719095682768806	29.39572485241713	2.2279081830224974	29.188051316247577	29.221803021924686	29.234060296658548	28.82550381779655	2.1566235453471623	28.627863213199326	28.650391642390247	28.666353873010305	29.39930255466233	2.2996942023110627	29.195300996745026	29.20737870906575	29.21981286218327	28.826265784508784	2.1521148091375535	28.627699902764967	28.65112070951782	28.66786910560085	29.35715177616791	2.3018164560868204	29.143026588115774	29.16770751137399	29.18732695810018	30.947119918795142	2.4225438404921738	30.72558694996451	30.760074869057433	30.772413443990136	29.92638381720994	2.1740678750927027	29.73819984153264	29.744741770617644	29.751816268398187
1620000	28.926499077823724	2.5829591848790106	28.695932471746293	28.70813649783603	28.71810747010289	29.393591499595328	2.225030536523706	29.184375639969787	29.220297405650555	29.23398087248042	28.82601304867333	2.1565727812495057	28.62908197574952	28.650749249268543	28.6666544640756	29.398138708534862	2.295255854780182	29.195407942720923	29.20707166856996	29.218977490583338	28.82672125408236	2.1520670571791225	28.628164669793808	28.651402114168185	28.668388557697625	29.354616057336795	2.298426527587356	29.14012640503345	29.164821677656853	29.186782137716875	30.945569725272534	2.4177619075673205	30.72036909827809	30.758653767282986	30.771811262151267	29.926941878128186	2.1743186501226046	29.739275623038427	29.74509681439644	29.75149314638269
1630000	28.928602019977944	2.601991927672342	28.696172397496188	28.708306593508194	28.71948734059363	29.394109191529818	2.2263255166605767	29.18574653337526	29.221535686515573	29.234059636127494	28.826656579557774	2.156512138461946	28.62969906655844	28.651223424433425	28.666997259930433	29.398950583929064	2.2978485953900667	29.195711017822088	29.208278913547115	29.218941798309466	28.82732941659336	2.152009105658758	28.629049079050745	28.652058915051292	28.668672884308354	29.35797947861108	2.302383358669187	29.144888093736384	29.16685576738916	29.187603221954927	30.947069913633655	2.423680564365497	30.723284593119068	30.75960045266512	30.772364265432014	29.92694512097271	2.1746411376141177	29.73887767581398	29.74529581778119	29.751192852315064
1640000	28.929160632480116	2.602562435064072	28.697224560877956	28.707605434139523	28.718853526087898	29.39289071973179	2.2265305741700065	29.181624925467773	29.22165119198529	29.233686102329933	28.82707015943843	2.156470652006774	28.63025045778889	28.65135891680464	28.667690965094746	29.399030986770885	2.2938512694346938	29.19417617258018	29.208596930895517	29.22067806158715	28.827858905870553	2.1519620821660466	28.629416305816196	28.65269729791371	28.668847917092325	29.357995503219364	2.297828232920131	29.145969539271043	29.16782855638504	29.187861350625973	30.945015773849168	2.4208354070776394	30.71884498398518	30.759528595296665	30.77197768069074	29.927267543297557	2.174618175705734	29.739725575490993	29.745677414133475	29.75179705230855
1650000	28.927548738776892	2.5913882865978413	28.698119769396563	28.70878996723225	28.718788521608076	29.394790658567082	2.2290730177131883	29.185335973285873	29.22261529192454	29.23471427779344	28.827582471092605	2.1566727412361466	28.630822415190536	28.651646856135635	28.66787011620466	29.40072431636475	2.300291186280955	29.196239760385353	29.209305081347598	29.21986618667912	28.82861080957845	2.151892093133395	28.630267489404133	28.652915870895423	28.669472140846565	29.359618826020842	2.3037960911504953	29.14714756763488	29.167833050109273	29.18920909642943	30.945777303154646	2.415694442905522	30.721961778293796	30.75995319963723	30.772857077040534	29.927355712733423	2.1746690036827316	29.739616211809665	29.74584078513828	29.7519739331543
1660000	28.930423363429988	2.599042051458848	28.69863347974932	28.709350277839107	28.720352749075197	29.393341601868894	2.22832316374605	29.184074730032304	29.221461880075637	29.233242922428374	28.828169586716662	2.1569419436927277	28.631587221406814	28.652115789138925	28.668295381509637	29.39963365321486	2.2958973643625686	29.196406748796797	29.208382756822257	29.219654341886198	28.829008818712698	2.1518550325981827	28.630414749009052	28.65335344110924	28.669548811585834	29.358375761234434	2.297384306591529	29.14647865951918	29.167112472806235	29.18899382066237	30.94509601491068	2.414647812408217	30.721024040179316	30.75948803871085	30.771592890097182	29.927968339113544	2.1748655458007167	29.740316978888238	29.74658661536585	29.752591728778604
1670000	28.92946962335932	2.595106031056832	28.697375716301373	28.70908361411471	28.720004044120163	29.394700645111097	2.226949298262068	29.18864797946811	29.2222890260149	29.23330210649536	28.828735092942278	2.1568865520839418	28.63180518394345	28.652649299113982	28.66876966658684	29.39974894731927	2.2974674717158172	29.195816711284536	29.208190375994093	29.2203185921037	28.829457481561573	2.1518141795639747	28.631074572143397	28.653703148377986	28.670457435432837	29.35866210519273	2.30093568294686	29.145198253121148	29.168570142251653	29.189835301675977	30.94611618176489	2.4147576946164313	30.725232741798788	30.760603762771474	30.77159254809772	29.928241460617414	2.175249612087587	29.740159494243688	29.74675445902962	29.752357600938957
1680000	28.93023157189446	2.592492384017265	28.699430187577384	28.71026480627315	28.720587234864446	29.39465829174702	2.2289877416112103	29.186418109677696	29.222432507819697	29.234192890773596	28.829388529167456	2.1586757228611386	28.632568805000115	28.653414897915543	28.66969637186971	29.401213457590682	2.3002383398949964	29.196919178795653	29.210028520451075	29.221055266549833	28.829950262687028	2.1517467058336557	28.6321312818505	28.654152466011855	28.671143786061435	29.360620739523988	2.3024205217714973	29.147047685506074	29.169993046882347	29.191730031417606	30.94655734387608	2.420047945624125	30.72273624925211	30.7599862482801	30.772328647464917	29.928344865713807	2.175644432147847	29.740467879908596	29.746846382076388	29.752234501256527
1690000	28.929996637707532	2.593207486436169	28.699955227821356	28.710866814944637	28.720968702983658	29.39604135318768	2.2278236204259794	29.19041436814425	29.222586610444445	29.232558939346543	28.829914203618543	2.1586264919879956	28.632857682113148	28.65389618041397	28.66999009963275	29.400332257413968	2.2962706091183014	29.196100304705908	29.20931447444195	29.220349234763475	28.83053090086026	2.1521248008977234	28.632929477619285	28.65418578039219	28.671636825418105	29.36011182424344	2.2984929590643457	29.147329035724912	29.169843791206453	29.18952086714782	30.948608964858636	2.4215934538584514	30.72801044093582	30.760856208148034	30.770886241008643	29.928359437886872	2.1762216370002285	29.74067211726326	29.747414632680588	29.752669320829625
1700000	28.930263446471276	2.59899957034803	28.70005179918885	28.711314201190923	28.72195249231236	29.395623779220852	2.2276659195964017	29.19050677636788	29.222196650300074	29.233218207998156	28.83056204940521	2.1588805043888333	28.63356706421599	28.654484557502304	28.67026241957321	29.399505716951808	2.297442376754014	29.195309187500925	29.208443031504224	29.220764192723195	28.830975441737003	2.152076209139422	28.633703548922256	28.654487915242953	28.671697458079677	29.35870744731908	2.3000346515926506	29.145553619665428	29.168175447864797	29.189478142775066	30.94744319928214	2.4202477487248024	30.726726351438934	30.76030779090511	30.771153317388215	29.928645981926742	2.176124340708643	29.74092925658678	29.747004448452365	29.752742705074873
1710000	28.93112475077029	2.6018270315864354	28.700515714461666	28.71023434016756	28.72121008420211	29.394401321642043	2.231178603825119	29.18591139425107	29.221475766744714	29.233102428393405	28.83111896736392	2.1588237777438257	28.633990145667312	28.654983200149644	28.67066740588042	29.400337602073332	2.303273423384947	29.195696571244433	29.209832353437285	29.21985059500485	28.831447651750274	2.152261023337528	28.634093727659856	28.65459880937284	28.671852092903094	29.359931086564117	2.306973894356773	29.1471586221066	29.16991248123214	29.19007008169956	30.945955843805176	2.4226029276535592	30.723116325883826	30.75956988842529	30.77148896038352	29.928839162572775	2.1761097217057914	29.74064676119096	29.747246768992113	29.75325845838581
1720000	28.930952951312435	2.593008520927439	28.700282733125313	28.71005527071065	28.720968121179176	29.394869114277416	2.2296370819638662	29.18752559149545	29.222222351231764	29.232886769692765	28.831608904129315	2.1589789090187677	28.634518883320958	28.655331530214248	28.670804678622016	29.401634879679353	2.301103973983262	29.198103807025532	29.210495416994185	29.221069977182196	28.831911580091575	2.152630429802617	28.634629405218746	28.655350370784866	28.672144611541295	29.361471766028927	2.299815023086073	29.14777599788189	29.172240238281695	29.19288017776211	30.947066354604967	2.4198875595896183	30.725266124774823	30.760534548541827	30.77132832264904	29.929480647871618	2.17621956679593	29.7413539197494	29.747908794696507	29.75320436213916
1730000	28.930825620292346	2.596920231393839	28.701397083892573	28.710997643894366	28.721776165574145	29.39737491433354	2.230400452095358	29.194245486848473	29.225681064117374	29.23413327669431	28.832111885326384	2.1589317523401994	28.634989426676682	28.656041404421703	28.671167959067667	29.401717295839305	2.3010982542019343	29.198340519085974	29.21010268852529	29.220258902339808	28.832355454694806	2.1525889666972486	28.63500840655932	28.65578700678295	28.672406461057555	29.362626146120412	2.3038372153239512	29.148297519718195	29.172368844208457	29.19406395737291	30.949969583136173	2.423647470995239	30.73239845490956	30.763775090027245	30.77235988231045	29.92954895252688	2.176320726746056	29.74188681381104	29.74752294612758	29.75314525811605
1740000	28.93170618001694	2.59522389581261	28.701993006970962	28.71234573646295	28.722392765968653	29.394952913228614	2.228547413376873	29.184177026936162	29.222854491539927	29.23375273867535	28.83247358555069	2.1588958198368444	28.635477459685838	28.65644385140742	28.671533948426934	29.40042397095961	2.2993812096740758	29.197530481662504	29.20982729436726	29.22058601200216	28.83286630998797	2.1525413616233595	28.635976526685383	28.655945877731995	28.672691534559586	29.36026377316765	2.300880063805123	29.147045933175697	29.170920693771627	29.19130800344943	30.947197375815037	2.422905129525176	30.721646134131888	30.760796860237328	30.771838598642713	29.929391533785928	2.1763331529477536	29.742199920257526	29.74783528499424	29.753052203532324
1750000	28.932900766298946	2.602404567148102	28.70269097680531	28.712178449102694	28.72230168436642	29.395212862133583	2.2292120196415564	29.186097626227138	29.221811272071843	29.23227169894389	28.832943721052896	2.1591107190806977	28.63603948531505	28.656733625729053	28.671739532937135	29.401081147930846	2.2974290075527746	29.19828712962409	29.209637216933455	29.220023226679913	28.833443882028202	2.1530620173843396	28.63712063870131	28.656254267777072	28.673138517859634	29.361062054481014	2.3001718708426373	29.148098611409928	29.170894829865677	29.19061044160393	30.94713504014908	2.417250514404898	30.723574763166955	30.75993651124484	30.770610304630658	29.929472808798188	2.1763247988364167	29.74188541390299	29.74775147742762	29.75277502406122
1760000	28.93243637096848	2.596867025586121	28.702928736697075	28.712873129330873	28.72295822360153	29.39757040502258	2.2305375128099127	29.194556799303385	29.224423974443226	29.233683041543646	28.83334457733353	2.159073167109702	28.63606831322924	28.657334711713638	28.672207961569942	29.401922688940928	2.303162670319952	29.19798171823605	29.210870246573258	29.2214514832013	28.834213011764838	2.1534475469948045	28.63752269923462	28.65634974428984	28.673638721649517	29.36366031248026	2.3060259082537184	29.150245110033264	29.17254426727223	29.194886137566474	30.95018005464096	2.425686335686391	30.7324074711511	30.76248653365017	30.77194996774697	29.929770080952153	2.1763350726742883	29.742473502911693	29.747943236061825	29.75288257025086
1770000	28.933079436118213	2.598933955370041	28.703374764622453	28.71298274921378	28.72349470893142	29.397944421890596	2.2322204631721223	29.190492469270456	29.224570324779272	29.23269362427464	28.83377480406782	2.1595405740589615	28.63630513729686	28.657569032478065	28.67232656276276	29.40152263892279	2.302715676905629	29.198572189180222	29.21030832944971	29.220220075205727	28.834640048627403	2.1534078058434676	28.638282701463957	28.656923992817532	28.673714455760397	29.363481477919358	2.3056078371628423	29.150752803481776	29.17354071996367	29.19180191914834	30.949941961584372	2.4247552452462093	30.72580015926794	30.762774954058095	30.770961349074778	29.92944368142909	2.1763676522580195	29.741436314597625	29.74792321951756	29.753487390899732
1780000	28.933773060722324	2.5948435367528653	28.703312793474147	28.713796344243406	28.724416146609144	29.39781075742662	2.231281490211749	29.19162195160255	29.224365197723834	29.232884459769025	28.834463345446668	2.1594815142491868	28.63653133311052	28.657942957058637	28.67261006313316	29.403268080908163	2.302983752678269	29.200084664259354	29.211799465607946	29.221880797769682	28.83506209926151	2.1533706160881976	28.638556529019965	28.657608726513935	28.67405977250231	29.365550696893116	2.305715954205372	29.151757711589333	29.175329591711332	29.1950429298879	30.950226086319137	2.423174068394961	30.729197896341407	30.762503870360604	30.7711476357416	29.93029381891685	2.1766297631977447	29.742732788560748	29.74858160285255	29.753596193863658
1790000	28.933494741352245	2.5896117734448714	28.704294892378165	28.713719648058422	28.723944141258116	29.396721732186442	2.23112875574356	29.190619340065208	29.224063408735656	29.232461947943747	28.834909496725054	2.1594369422688184	28.636983465496115	28.658563355522205	28.6727159600966	29.402571566026783	2.2994633960417783	29.199542762459856	29.211469339439283	29.22133119470876	28.835954701741812	2.153832721193327	28.63946475286647	28.65865130209548	28.674531004390353	29.36335883412484	2.3019817393798223	29.150860890498954	29.173797719617703	29.192401962426207	30.947184915098777	2.411351110323452	30.727684417864037	30.762230949748975	30.770700314348687	29.93073943136738	2.1765917387776925	29.742953802930202	29.74896658313237	29.754174634517703
1800000	28.93379269580643	2.5950018308792546	28.704150605163612	28.71442320958681	28.724317556948776	29.397832196934736	2.2313032921889895	29.19184050193144	29.225395640489282	29.232964029502245	28.83530589405714	2.1597961021326157	28.63702394580266	28.658843474092116	28.672992457844227	29.40336902272824	2.304105420378757	29.199728689915755	29.2112050580102	29.221989960660615	28.836357963561415	2.153795333730588	28.63967830357255	28.659201218980613	28.674838545344624	29.365940223670513	2.306654448535959	29.15205321123175	29.1755480581404	29.195527315717058	30.95025304367803	2.4288144996123875	30.729256832242278	30.763778377655633	30.771135391004904	29.930878028300693	2.177022779740363	29.743228393662147	29.749045851223094	29.754450463275933
1810000	28.93538729960908	2.6019373811895603	28.70499080588482	28.714432183083154	28.7249683707415	29.398665704007556	2.2321044939786887	29.1920943216785	29.22305033372058	29.233450713982013	28.83562922470779	2.15976586145247	28.637507993743412	28.65956644443071	28.67306737702593	29.402307502256544	2.2997621313559646	29.199340901425728	29.211133941472767	29.221444986565693	28.836872265187633	2.1540911546841794	28.6397745315297	28.65979141301509	28.675045764110685	29.365552164944912	2.3018844188552525	29.15401131306485	29.175550772760822	29.19499744450365	30.95085317346919	2.419810777231505	30.730171432009964	30.76116682522491	30.771766954303335	29.93124475129346	2.1770824074166883	29.744012347264693	29.749535108910006	29.754475013534794
1820000	28.935276048587912	2.605082585707286	28.70548942734048	28.71460389859036	28.72453319444469	29.39741237229343	2.229624254889668	29.192344025953027	29.223782194277582	29.232705879592324	28.836115070572916	2.159718823334994	28.63898147424537	28.65992313173118	28.673637135320874	29.40249496849733	2.295902726843067	29.19883552438905	29.211409466843058	29.221302466406705	28.83740630068459	2.1559259672515947	28.640303291051353	28.66027182913951	28.675114381428916	29.36532046634357	2.29893236412918	29.153328363847887	29.174270356443593	29.193773337325055	30.949363870581358	2.4185867298276853	30.72903413575235	30.761802844278765	30.771047172717502	29.93142519645913	2.1770668179176007	29.744082647730934	29.74959833459058	29.7548349320844
1830000	28.935709464377684	2.596416834783174	28.70538424004622	28.71534858151906	28.72587098227327	29.398557454633654	2.228879431703763	29.192999010500245	29.22443025554587	29.234412867432603	28.836544915907464	2.159680164146276	28.639728656175194	28.660173083488523	28.674151497293373	29.40352872990237	2.2985366221151846	29.20041272924921	29.211722680989652	29.22240335189975	28.8377346162504	2.1558941427158356	28.64065515514002	28.66057917017274	28.67520320115685	29.367363351316367	2.3023082311894774	29.15564506185673	29.17718102593897	29.19607253746098	30.950933111164083	2.423535763509786	30.73017155187839	30.76273845843089	30.772753550965284	29.93153096042539	2.177177576043572	29.744313028638167	29.74980179698514	29.755170896820374
1840000	28.936920302464372	2.60169819160405	28.70614196808657	28.715605284853424	28.726297388659653	29.397488143399997	2.23112977583527	29.194095985868817	29.225443497749726	29.233301350413363	28.83698764523312	2.159879455500728	28.63993342229606	28.660598660045103	28.67441410840008	29.403472599746358	2.299972684849789	29.200364329587487	29.212125215137398	29.222061152189013	28.838110934340854	2.155856319081982	28.640939771644764	28.660595434015846	28.67532881802377	29.36558385713785	2.305234490208952	29.153783147601196	29.174589121581946	29.19477602120113	30.950486526107674	2.427284324667953	30.73084073566256	30.763226788558256	30.771485751840302	29.931773617041493	2.1771564514351396	29.74449348602436	29.749859056387482	29.75504870286325
1850000	28.93708912881021	2.5994314151431634	28.706133637615945	28.716574837152702	28.72646451930806	29.39996348078278	2.231660105965322	29.196592271257483	29.225872096795282	29.233034882732653	28.83741212325283	2.159838884635243	28.640576508288525	28.66063728071927	28.67459180403958	29.40301612376401	2.3022196466324467	29.199505953099408	29.212293868854452	29.222221037747982	28.838640363358465	2.1558187721283977	28.64126500250009	28.660706761014332	28.675696353065128	29.36717937339487	2.3073162418468764	29.153589026543408	29.17527391962699	29.19678967509961	30.9524222654104	2.42236923067626	30.734170123144803	30.763655924522453	30.771274469333136	29.931795510536205	2.177154826798911	29.74452907007934	29.75015580870683	29.755179655714347
1860000	28.939053932117066	2.5975720874996138	28.70742487543225	28.717806461644983	28.72722329277581	29.399742572292475	2.2302708881217033	29.194579606763085	29.226747015457825	29.23410301397776	28.83780501151545	2.1601637159192584	28.64066904025461	28.660940347980926	28.67500522063436	29.403896781029154	2.297040130068991	29.201513145988674	29.2129910608269	29.223043035355868	28.83908873952946	2.155777876849594	28.64143892204303	28.661731933396588	28.67600501795705	29.367744534802384	2.3023676526836585	29.155967621487786	29.176853066591846	29.196711855458865	30.95130874316445	2.4210135980028413	30.732136808420016	30.765060366893884	30.772261283274943	29.931811560589285	2.1772792114423822	29.744268337212866	29.749944385885854	29.75519072256639
1870000	28.93925300436985	2.6067591431245525	28.7078758515235	28.717744290563733	28.72840970054957	29.397691531495166	2.231692094093507	29.19151174711659	29.224625654758658	29.232695767973205	28.838206177615362	2.160348429257055	28.64082148978381	28.661032007856306	28.675823285404718	29.404270525886286	2.3027635540791787	29.200698413026416	29.213000431858756	29.22263361453573	28.839414530352986	2.155747359473221	28.641599589844184	28.66198487344711	28.676324562446634	29.367283029394954	2.3057120595865315	29.15457967728438	29.175940501827533	29.197311581392505	30.95008915878601	2.4253277016174764	30.728296107801707	30.762714927491523	30.771022205397365	29.93233031708824	2.1773771696754647	29.745533724444446	29.75039420827038	29.755331137490657
1880000	28.936982552690047	2.5979355636634476	28.707736021926333	28.718029580806814	28.72705413196587	29.3996146595809	2.233985727174515	29.193649355790235	29.227103265247578	29.23327528695569	28.838575070458575	2.1603122145791023	28.6410909709112	28.661873115428808	28.6759156796476	29.404381058785415	2.3060865517178533	29.201733905212066	29.21283421203659	29.22158357256834	28.839793007747247	2.155954942603411	28.64230849849107	28.662150317325136	28.676744788518505	29.36825175815082	2.30824330797221	29.155356923810594	29.178945156077546	29.196511445222452	30.951555144271275	2.426137046952923	30.730377365000567	30.765351718346068	30.771590673663667	29.932443175857244	2.1774616470397232	29.74545251087327	29.750246075766697	29.75537740236911
1890000	28.93885454733953	2.5923098567268954	28.708766688722186	28.71843384079798	28.72857603599214	29.400154006846552	2.232844253021323	29.197952635737032	29.225638982508578	29.232908790656058	28.838926576689882	2.160279809725659	28.641564106885703	28.661969881246762	28.676222766387077	29.40459488753371	2.301064142316215	29.201913964572956	29.21285525078897	29.223099701492806	28.840123186799023	2.1559240464552616	28.64278977569799	28.662300991524454	28.677224409230305	29.36960303376757	2.3033391434610793	29.157031119222715	29.18004482686343	29.197777601552094	30.952405779166202	2.4217979180324867	30.735736975026402	30.763691570018057	30.77113671881121	29.93291135104359	2.17760919287164	29.745762257751938	29.75070142210864	29.75581599403792
1900000	28.93826683669431	2.60331814558396	28.7099095975447	28.718344284514703	28.727613667433502	29.401971066802044	2.2298788595106434	29.20113702760789	29.22788550766455	29.23404205914475	28.839403834104406	2.1602320345617683	28.64209561546374	28.6621848736696	28.676915034853977	29.405506687132505	2.3027806749120336	29.201843899165848	29.213857746286678	29.224409441587177	28.840406691243306	2.1558985568200475	28.6429568740544	28.66252768622175	28.67775629737273	29.371165550084076	2.3043884057466624	29.158568991074663	29.181716020846544	29.201092131835296	30.955202596190382	2.4274411097836355	30.739235857506042	30.765879499812414	30.77237983510821	29.932703206536516	2.1776296952690664	29.745792912982623	29.751067906946343	29.75557141572516
1910000	28.938981473955373	2.5944679741526877	28.71068597130292	28.719357984832897	28.7290523028963	29.40044968877201	2.2308287963509863	29.19896907494246	29.226519809102093	29.23460995602	28.839758907704006	2.160200894909982	28.642644713586247	28.662530321131694	28.67722459753221	29.405645361183666	2.2992967408005955	29.203290843066	29.21445861478744	29.223598985932824	28.84083047802128	2.155857675447407	28.64327048171695	28.662949068672518	28.6778941799091	29.369590643014504	2.3009418627489944	29.158489073096533	29.178904607027274	29.197775905771625	30.95207375570702	2.420628378772482	30.736970991560113	30.764864636501223	30.772861447778446	29.933269888794797	2.1775870765618137	29.746677478262406	29.75152032936087	29.755884382906682
1920000	28.939370694999106	2.603268479880018	28.710095523049432	28.719123269110646	28.728370301435593	29.400070562967066	2.231019144318965	29.19735146368384	29.2261775549114	29.233356571296003	28.84003754801247	2.1601770762979453	28.643307893814182	28.66297451489133	28.67742297459642	29.404897826644998	2.2997080043992324	29.201619359304136	29.21276215436322	29.22356859973255	28.841355032197473	2.157723578237664	28.64440795874994	28.66306997326595	28.678449719965258	29.369591990847955	2.3041983176430154	29.155505481102658	29.178633939494418	29.19828553420014	30.95268715718247	2.4232398139534057	30.735607382662266	30.764494465765342	30.771742998603774	29.93297799329688	2.1776125002752518	29.74579399683944	29.751561342507685	29.75613067005269
1930000	28.939639821509704	2.5960608915569594	28.710639868229702	28.720168465379285	28.729193076920637	29.399996953389614	2.229725392703181	29.198452689062677	29.227365821907256	29.234597193458008	28.84045760147374	2.160138414455886	28.643828225208864	28.663424873456037	28.67778827202718	29.40565682952329	2.301449412448492	29.202977775433126	29.21437837022726	29.223020144761275	28.84172579748684	2.1579606197581196	28.645620177462387	28.663388662480465	28.67887121327445	29.371127538833793	2.3024885327319145	29.159014452633066	29.181395811127317	29.20008107030252	30.952429973976542	2.429209060007427	30.734965964005895	30.76564094154334	30.772988811668526	29.93340768769678	2.1775715580603774	29.74635489190391	29.75154227945091	29.756349180319184
1940000	28.94070729404181	2.6013333980368465	28.711460212839597	28.7204591800802	28.72903282340884	29.400561659321532	2.23079486450165	29.199650062053095	29.228336627626316	29.233380462587053	28.840713066489695	2.1601165843905816	28.64406150808956	28.663626968095947	28.67794305478966	29.40577617628002	2.2994821224032003	29.202853920614547	29.214164699684837	29.22424201287757	28.84205260478157	2.1582657666502727	28.64577839855454	28.66367949623931	28.67902763875867	29.371363628795788	2.3042515783909137	29.160416908862825	29.181359086896244	29.19879064050663	30.952977535105465	2.420520126669288	30.736656982806664	30.766368058458585	30.77173953458096	29.93363669039639	2.1778026329079228	29.74676529859674	29.75151254883199	29.7561948019194
1950000	28.941115853661504	2.6048949185123087	28.7114294051207	28.72034567720412	28.728956392615878	29.399044005013085	2.2304778721941365	29.195519170777658	29.225460512069162	29.232271051362147	28.841023717436318	2.16008696378268	28.644730299197924	28.66375644036583	28.678006198983155	29.405214396502753	2.298814963922091	29.203575387031478	29.21390655578876	29.223253843054298	28.842409469906077	2.1582347762457514	28.64596268679042	28.66401649186698	28.679311371829506	29.370336224938566	2.303265729722252	29.159693569264615	29.177484391199854	29.198331633969158	30.95165714968025	2.4232778232607814	30.733448787223256	30.763895144378754	30.770729241239298	29.933468881219465	2.1778168407249447	29.74635970418912	29.751621902267807	29.756151493242232
1960000	28.939978654657825	2.5954485414548008	28.71183501092806	28.720395048305278	28.72944915713255	29.400163512718045	2.2294559786675894	29.19839455029756	29.227140464107862	29.234657691919924	28.841463077322235	2.160047651223634	28.645190402206683	28.664167432580804	28.678315658929357	29.406439349364003	2.3002607718558403	29.20387116767734	29.21524865386059	29.22346587782545	28.842707617273717	2.1582058697395494	28.64628788736128	28.66431587938769	28.67936619050611	29.372415502440205	2.304576267715087	29.161661983876062	29.182112750865905	29.200866833794656	30.952310000613526	2.422333766200457	30.735047447776488	30.76546244763464	30.77298776296835	29.93385252030836	2.1777828831522417	29.7472942599803	29.75184124544736	29.756501880540167
1970000	28.939473216895628	2.585760405013371	28.712222382075577	28.720964032371985	28.729573401730132	29.400759812663726	2.2312937706481764	29.19822827607053	29.227761415701522	29.233932138079346	28.841775873146705	2.1600186685172336	28.645434853444858	28.664335893402452	28.67881828697301	29.40645330081834	2.3022916984321085	29.203624567868292	29.214390763311805	29.223679510562214	28.84331443615589	2.15816993370135	28.646671976029037	28.664649588708308	28.679498231391904	29.37191960769651	2.3057650488130217	29.159612223538268	29.18036062025755	29.199605832182478	30.952433237364254	2.4202987467692965	30.734518476272896	30.765586456245664	30.77215272917909	29.934269865196633	2.1777477827744094	29.747904114673645	29.75229850928236	29.75683015844953
1980000	28.939970234342848	2.594846933588827	28.712968583079192	28.721014747924965	28.72964867917706	29.40092587211711	2.2298430645522305	29.199410677258157	29.22775942534794	29.233588586140744	28.84211491804685	2.1602606067832695	28.645923056338155	28.66448443450455	28.679298783910173	29.406354655730222	2.3001404855126273	29.203836907047545	29.21449966732568	29.224363328750794	28.843575906490493	2.1581466929898463	28.64678752048203	28.66489958954713	28.67980235726689	29.37193849640385	2.302080926722508	29.1605935771111	29.18022792485281	29.199942861226898	30.953294988013333	2.422469828765469	30.737161220880296	30.765888346392607	30.771666826495387	29.93448848407926	2.1779103960766566	29.74778315736606	29.752580136984903	29.757011866603577
1990000	28.941054926805787	2.6042732067016585	28.71292490312417	28.721366729221142	28.730640407407463	29.402062247580655	2.2310445814524984	29.19843392903717	29.22752769212041	29.234058047156733	28.842466236682768	2.160999883895714	28.646153275560646	28.664931528570897	28.679814894175692	29.40634187394601	2.302813129511292	29.203789727160537	29.21506910159735	29.224254472456302	28.843929441364075	2.158113914557713	28.647036807008295	28.66528952717428	28.68021784338345	29.37296244787254	2.3059771844978973	29.161684026079797	29.182328627825292	29.201087821521476	30.9545472696497	2.425449728963946	30.7361120044057	30.765805971775436	30.772263354307228	29.934793680271437	2.1781079258352225	29.748194826222708	29.752710903490772	29.757390116554213
2000000	28.940321246500766	2.590955240592225	28.713169057954754	28.721965767412115	28.730602119086697	29.401731646535794	2.2335380441622443	29.2016001232002	29.22804757656452	29.234910997286093	28.842929733602944	2.1625256000749222	28.646364877884476	28.66536500469652	28.68014582647302	29.407107931438368	2.303313155419828	29.204076070706762	29.214962416166628	29.224419570684194	28.844303641942318	2.159370446011998	28.647404761842637	28.665569521770692	28.68021784338345	29.37350913789389	2.305312119024831	29.162451151473622	29.182806051700027	29.201250043757963	30.9545041142375	2.423113974052246	30.739024521080275	30.766398146407756	30.77316184129128	29.93464533892342	2.1782616262015004	29.748041543975397	29.752912843822592	29.757534011568083
2010000	28.942201475129085	2.607786506739654	28.713773868056393	28.722260492317936	28.73025052325975	29.401853090465114	2.233333984407785	29.200603312885836	29.2275340548224	29.234003005138163	28.84335318408437	2.163833476635799	28.64766720896166	28.66592300937394	28.680286892507766	29.40722182141964	2.3045030010079848	29.20453691437591	29.214894467909257	29.225053695143	28.84466872865323	2.159745703046232	28.64800792511674	28.66593995762853	28.680354946807626	29.374416238547937	2.307513138659491	29.163035603202797	29.183350119939227	29.200643914051852	30.955622029495135	2.4274282571100563	30.738994974012318	30.76588930379095	30.77245372464745	29.934945364645586	2.1782978728937925	29.748327054435364	29.7529091311078	29.757695087220768
2020000	28.941935987359155	2.600254888593978	28.714729279156238	28.722532863381872	28.730752107832018	29.402007957099215	2.234144105683017	29.204724728533456	29.227944297203123	29.233436386620557	28.843623416562153	2.1638085974041186	28.64783777594845	28.666328816499945	28.680388443704782	29.407993621201307	2.303787756189125	29.206421946431956	29.216180026465235	29.22530126854929	28.84493813941553	2.1597202308975443	28.648334818158315	28.66632336886172	28.680640276516925	29.374715558091907	2.3057854283121344	29.163976233634827	29.183871992728406	29.20198703612428	30.95524973338691	2.4274955669741227	30.742734574999805	30.766325989382405	30.77154090310894	29.935160162856764	2.1782795959821644	29.74880187360003	29.75316121858443	29.75758271631795
2030000	28.942833136040086	2.5917490168021575	28.714576885512272	28.72399128827054	28.731600992425893	29.40155795121847	2.2320414100560337	29.19997321591786	29.228489412499403	29.23383845451796	28.843972828097087	2.1637761259907626	28.648115522604648	28.666826615027905	28.68055668044343	29.407095549718786	2.3003003295103053	29.205591079571903	29.21586743806025	29.224221749100472	28.84542131231001	2.1596901425891857	28.648829353384222	28.666509052316442	28.68081482060683	29.374025197171026	2.30261093248852	29.1623638489474	29.18327408032705	29.201393008831936	30.954321709321636	2.423625775308488	30.73776636364728	30.76680689856358	30.772228269456924	29.935541992367558	2.1785494830382226	29.748819653515255	29.753511936719505	29.757564649737144
2040000	28.943456622909533	2.6027170268094917	28.714963269870147	28.723570637710427	28.732274126256577	29.402544800280328	2.231948451430386	29.204377379141647	29.228426242978912	29.233781589864705	28.844270479318464	2.1637500351397363	28.64845025253056	28.667255053278772	28.680996849102034	29.408280861254156	2.3049383900571043	29.205526023735793	29.2161382857254	29.225358946592227	28.84566567682148	2.159667590422691	28.64888423851441	28.66659987484855	28.681062146683132	29.376469303651778	2.3073376162546735	29.16671123078168	29.185611854901786	29.20167205937185	30.95555912197032	2.4280541738727184	30.74223966326563	30.7666980502863	30.772220740312363	29.9355071136879	2.1785521765629587	29.748913422711347	29.753454829316176	29.757725694884105
2050000	28.943455163222314	2.604062359816579	28.715045191992616	28.724585851397173	28.732299984725177	29.401436948670398	2.2333876078186927	29.19905383045216	29.22831592623908	29.232740629462892	28.84451649080605	2.163728259549836	28.648657725012576	28.66752613233021	28.68148590442538	29.40781362694144	2.3030250043799567	29.20607084769934	29.215290956580077	29.224729323556055	28.845876711893716	2.159649179205736	28.64897573277357	28.66669958684722	28.681851213996936	29.37473363660018	2.30450955186989	29.164172955059925	29.1846808492864	29.201678053589674	30.954054287066423	2.4232782923085576	30.736847191237565	30.766729706577827	30.771204659192016	29.93580731254875	2.1785272535929834	29.749295273167284	29.753857137609728	29.75789084164696
2060000	28.9440955998711	2.6008664506393693	28.716141517414403	28.72397527305428	28.732872518844676	29.4014732284415	2.2331332737368497	29.19776415274762	29.227273511095156	29.232957176020033	28.84480082471371	2.1640908694789123	28.64888937973914	28.667575184180375	28.681617682875682	29.407027022193283	2.3041161597037827	29.204261486255884	29.21576126362214	29.22447396400291	28.846106273603592	2.159630064417596	28.64929337496406	28.66689961406331	28.682364498411793	29.373897555112357	2.306744796716328	29.161163704186777	29.184157904484557	29.20245023563747	30.954006938820978	2.4275597286355017	30.735641944059484	30.765374220600187	30.77120613776631	29.93582578254989	2.1788296649031427	29.749345061341337	29.753855187215645	29.757845552609755
2070000	28.94507212301737	2.6025174014987362	28.716037731795055	28.72388366878144	28.732463834343672	29.40438566504771	2.2340287253218434	29.20645901158461	29.229163096707026	29.23386700112527	28.845086232251305	2.1640659592191813	28.64909542612079	28.667778065651213	28.682087767586882	29.408587989661573	2.303423668028864	29.20642130175197	29.217119963769232	29.224806274024925	28.846355305130988	2.1596085126277353	28.649976390076265	28.66708122140357	28.68275227809189	29.376525455457333	2.3066787594556506	29.16490186137763	29.18703928673762	29.203615434239566	30.957048311609217	2.4255437453838113	30.744767259965155	30.767557844990833	30.772317285506844	29.935784061017337	2.179013955951696	29.749139612281457	29.75380857193393	29.75791794360336
2080000	28.944453564011987	2.5912250102481442	28.716557280976637	28.72496783068744	28.73282028469145	29.403537031958145	2.2326034910161954	29.204685438307934	29.22886877662152	29.23328941518205	28.845363744293014	2.1640422619194433	28.65007555232188	28.667887643316654	28.682174435904663	29.408092128439772	2.3027043983540314	29.20690295619594	29.216607156370323	29.225293508114245	28.84669074761415	2.1602428638657902	28.650519588100906	28.6673892257324	28.683034466226502	29.376452157901443	2.306375505601739	29.166479347974587	29.186363644157574	29.20417838409916	30.956879838619628	2.4233294717270417	30.74268638696335	30.767304637432893	30.771719313442098	29.935988939925878	2.178996186522219	29.749943675563518	29.75391338964537	29.758002295894222
2090000	28.9448312649189	2.5900900734718806	28.71787088175799	28.726456710988792	28.733846486619285	29.403387353206366	2.233125311763902	29.20626709944886	29.22876231273041	29.233114050759028	28.84563308968868	2.164017550651021	28.65007555232188	28.66827751334444	28.682228001290795	29.40912566247177	2.301231568821553	29.207505981311943	29.217457536500135	29.225876423886962	28.847008983782306	2.160213352868778	28.650939748344506	28.66814978062252	28.68316476385747	29.377899056266447	2.3025176122845616	29.169391291304063	29.186444362454143	29.204380602803802	30.95553243550886	2.4187692681815536	30.744162763778686	30.767171816371988	30.771562627732973	29.936617399249165	2.1790664305232945	29.750004145450728	29.75449012367899	29.758470382873604
2100000	28.945035855254208	2.5982175392486924	28.71805257188599	28.725742744142167	28.734355379225203	29.404906575287654	2.233775050842498	29.207912299482498	29.22939066772906	29.233148724178445	28.845928569880556	2.1639921404944995	28.650355817920172	28.66849081000425	28.682289644133142	29.409443728372338	2.3077429644381815	29.207572285834843	29.217065419783765	29.225817599369766	28.847261265264795	2.1601911909084732	28.651266648518853	28.66831380002135	28.683332420992983	29.378513276015443	2.3094130321351787	29.166631253083303	29.18796593948828	29.205161389581765	30.957938427338828	2.428960426104983	30.746153161977844	30.767786266895197	30.771470474236228	29.93687060881577	2.1793498556346895	29.75052026915258	29.754649962215236	29.75855218601543
2110000	28.945332108745305	2.6008934845952623	28.717769167261622	28.72589880432601	28.73413000300671	29.404353665876357	2.233035711770808	29.206442846586732	29.229350306699033	29.234251825956086	28.84628210534583	2.1639607232235507	28.650549210303645	28.668968943615486	28.68254689478646	29.409365521124492	2.304240054630607	29.207801825980354	29.21730134351494	29.225291031212446	28.847516498562705	2.160689049335197	28.65138750040942	28.668682199757185	28.683332420992983	29.378805466990514	2.306976981781615	29.168880257730123	29.188774463672665	29.204973680314403	30.956408854418182	2.428198294923411	30.74346643013035	30.767753848687008	30.772561127690036	29.936811935387357	2.1795592329055657	29.75089549500087	29.75477443851254	29.758324275097355
2120000	28.94504305643952	2.5948938516706024	28.718529157707284	28.726168522495108	28.733451861247925	29.403224775731537	2.2332975980580083	29.20571850855781	29.228479045178737	29.2327516963353	28.846548449464347	2.1641840289900833	28.650571400693227	28.66907288879291	28.682570662834937	29.40858907657062	2.301982152428841	29.207007806232912	29.217009841791313	29.225319527588944	28.847987673447264	2.1622213300417714	28.651582941925152	28.668869219825087	28.683582722457423	29.377319196334476	2.3055489725742166	29.16720916945435	29.185109997250116	29.204633085973988	30.95585649243275	2.423410976847925	30.7440821027987	30.76688746835778	30.77113809743869	29.936834556761017	2.1795565285516036	29.750535234709602	29.75466884495878	29.75855772061965
2130000	28.94475339676599	2.5945660183348402	28.7175924374912	28.72626045392	28.733801004862933	29.402941175080578	2.2332899432481246	29.202648097905787	29.2296535375299	29.233181826610867	28.84688095416585	2.1641538856827034	28.650721666071025	28.66961457270118	28.6829169715288	29.40937575829781	2.3052188410042698	29.20769065823651	29.21714723086718	29.225083604761295	28.848484924893295	2.163242593714675	28.651582941925152	28.66923026845022	28.683632603519428	29.37878045431304	2.3078417719849273	29.16878779982796	29.18720420792814	29.20640688654205	30.956256300018847	2.423744451765513	30.74102540938255	30.768043923412506	30.77140909204755	29.936768138161675	2.179804890859149	29.7503397496128	29.75475175997522	29.758444764481865
2140000	28.94520049170313	2.5889680853776107	28.718802502779425	28.726966748941543	28.735054038813885	29.404028512259327	2.233324337508167	29.20565361602966	29.229335415768528	29.232985813067202	28.84715514720848	2.16413000638815	28.65104084758428	28.66979426828244	28.683117272785633	29.409902161766286	2.306983759088137	29.20895297271955	29.217502329765146	29.22546338565118	28.848796235529193	2.163216523726894	28.65210685891779	28.669358820759534	28.683837609382834	29.37956884079944	2.308831770838341	29.16866236954676	29.188054250942024	29.205140771637144	30.95721544903583	2.4279456805501702	30.74385364069282	30.767574753760286	30.771258291248955	29.937057038283253	2.1797789297035646	29.750766142813642	29.75499426550399	29.758662091491935
2150000	28.94507865281995	2.5913757487912243	28.718970103100368	28.726589463751157	28.73513923238159	29.403169125632616	2.2347972583909783	29.201333499072987	29.228843070705807	29.23283082095775	28.847447979361018	2.164104209166555	28.65140718018111	28.669950978051133	28.683436396666444	29.4091615591029	2.303711538974116	29.20862461504575	29.217674013987313	29.224939541725607	28.84899097571196	2.1631959955028575	28.652292859012235	28.66944374153372	28.684076242094683	29.378905350129063	2.3058013882883803	29.1695487178788	29.189522526061708	29.204103541105983	30.954267370596632	2.4190573001249787	30.738248341285498	30.767088244561116	30.771068856702954	29.93718497488528	2.179952921481012	29.750878247054782	29.755027693310726	29.758683467016628
2160000	28.94618341788876	2.6029176716899083	28.719248995836622	28.727250638381495	28.734825152163804	29.40536828203262	2.2341117158250037	29.210850130933277	29.22967976569872	29.23321428194311	28.84767666816461	2.1640836733087223	28.651673571281492	28.670062936602108	28.683561719963695	29.409679477705627	2.3055785000014977	29.208342058692626	29.218077203801894	29.22602977546971	28.849222794531748	2.163174123029409	28.652292859012235	28.66979327976486	28.684202317806914	29.379848030786686	2.3083754216808243	29.169910156115506	29.189399752122206	29.205985067364352	30.95903022218851	2.4275257225165014	30.749220036786426	30.76812727857595	30.771622038980034	29.937413489176695	2.1799083394916323	29.750912697981263	29.755319649308518	29.758902705565024
2170000	28.947988802591297	2.60317363302216	28.719771987201298	28.72814791988358	28.73590263613905	29.404784274420052	2.2335943713072397	29.20979876176284	29.230123828975906	29.233575607152368	28.847946452158034	2.16434758736394	28.652139744416214	28.670281446770492	28.68377039984806	29.410131129515996	2.3038567160604195	29.20901159741681	29.218543370990268	29.226196853262024	28.849480486277695	2.163151545264802	28.65278830889935	28.66991888787604	28.68427978299884	29.38039492286065	2.3065766787626045	29.171114386689787	29.188871457037067	29.207947374409063	30.957823381179278	2.4246985168056137	30.747994361787462	30.768575584474476	30.772044540379312	29.937282053591705	2.179920319133929	29.75104027101421	29.755037245230145	29.758888813313607
2180000	28.947684514349582	2.5913770837478736	28.720534757283147	28.72818502519832	28.735592531506303	29.406092924153736	2.23533948101527	29.208043872706806	29.2297615819531	29.233408074439275	28.84829387333148	2.1648756043209874	28.65217784072751	28.670396190749315	28.684060102741764	29.409111450343993	2.306805544404994	29.207080643188593	29.217514035965035	29.225469637110173	28.84965775815527	2.1631351211123113	28.653110540267804	28.67016518614306	28.684383883796183	29.37986958825666	2.3091196648818997	29.16944472532877	29.188391003867594	29.206434299390725	30.959327580978957	2.4255035320386473	30.7462808265033	30.76817105983353	30.771764382886733	29.93734510963047	2.1802267288129134	29.751014257669205	29.75511891133379	29.758931296164157
2190000	28.948023262349306	2.599162999878209	28.720935813139103	28.72801629319281	28.73513977629537	29.404437097701468	2.234332330655082	29.20894927310751	29.230097603441276	29.233344433165307	28.848573739106673	2.16485054130068	28.652700551176334	28.670785367761837	28.68412548275004	29.410300036697013	2.3023281543352523	29.2097211473975	29.219189237136185	29.226384172207542	28.850177233032756	2.163347187986495	28.653324875505877	28.670487232584392	28.68475657500013	29.380684810303293	2.305095624924752	29.17213608361079	29.19004615773089	29.2074539442719	30.957316364933796	2.424026430599559	30.74638604482865	30.768503815288362	30.771785795505526	29.93764262877211	2.1801982245676648	29.751396472488665	29.755291224578713	29.75876198698144
2200000	28.94939812395217	2.6021663354288846	28.721570317232796	28.72929689978669	28.736377783722272	29.405784427145964	2.2336678374981647	29.20960607525445	29.23003875476641	29.233739863063814	28.848835357346545	2.164827151527989	28.65324674126944	28.67079774348544	28.684152381377935	29.410432875697683	2.302343168629583	29.208883025901752	29.21894104336104	29.226678772041303	28.85037695300665	2.163329297987897	28.65366897471207	28.670672906976094	28.68498543258157	29.382201025330488	2.306054386594418	29.172383083617788	29.190911764406245	29.206879714563733	30.958927506563985	2.426130744610077	30.747712669714208	30.76847689100099	30.772056837853366	29.937904457197693	2.180256310744725	29.751802395043686	29.755709278340525	29.759202781380168
2210000	28.950148185784435	2.607413126079103	28.721732269911893	28.72962506040073	28.73676865115217	29.405238268999838	2.233972459239809	29.210855575468422	29.22974220716391	29.23315028994159	28.849130496255036	2.1650892077526933	28.65356130631135	28.670836616701546	28.68445699037625	29.410849227147725	2.3070697580234407	29.209423344444527	29.21845809876328	29.22671223009712	28.8506794343462	2.16413924509089	28.65366897471207	28.67087892305709	28.68506597465982	29.381706686668792	2.3080005004381663	29.172564020821568	29.18982072999748	29.207750208706656	30.958509391764753	2.4341178644648602	30.747531473087008	30.76813309267697	30.771561944819393	29.938160997156473	2.1802342047953096	29.75186811560623	29.755795245354882	29.75957526233592
2220000	28.949410278589266	2.5965913770183637	28.721924219423265	28.72951317622784	28.737064303497625	29.40417762375856	2.234053851408806	29.205522243558214	29.22920594687008	29.232156058073393	28.84932282825345	2.1650726999142953	28.65365458200242	28.67092435996826	28.68449212348225	29.41026137730812	2.3036547990391187	29.209157995853978	29.218615572680967	29.22648585752554	28.850861286472064	2.1641237400747144	28.65397853069708	28.671138919227793	28.685382747086642	29.381008385716147	2.3054399736374878	29.172086738009597	29.19052983670955	29.206216222592477	30.956753353404956	2.4253815967616994	30.743233576588352	30.76761872842195	30.770536135487387	29.93842888673019	2.180340013650458	29.752050537790495	29.75617330407478	29.759964964835994
2230000	28.949315578632202	2.6015161771646103	28.722656825890912	28.729429681200138	28.73688359177223	29.404005788498488	2.235608994645731	29.208645362088838	29.229487006875836	29.23214874437892	28.849514976506764	2.165055411107915	28.65365458200242	28.671119083547964	28.684745708678474	29.410278838287145	2.306035212320273	29.20909934137916	29.218293293124304	29.22607357450711	28.85124404860423	2.164100893086565	28.654075483194397	28.671259330470278	28.68569802015579	29.38187214368511	2.3067040485929278	29.172074720308633	29.19152714615918	29.2074040342925	30.956841492770668	2.4269980706545495	30.745765477197494	30.767917470209714	30.77054929424102	29.938315306092097	2.1805093155866024	29.752190557592428	29.75600626982279	29.759460506945643
2240000	28.948885674002526	2.5959333621684015	28.722249578841296	28.729720601052108	28.73697723020094	29.407090200382317	2.2337881806511817	29.21390998638337	29.23012173967249	29.232965290285556	28.849747265267283	2.1650345325946834	28.654094781521238	28.67121430614742	28.684909148593675	29.41049606561335	2.3027890887722275	29.210532268643238	29.218178128060003	29.22631167339915	28.85148063923274	2.1640787045497056	28.654220029843366	28.67157912062622	28.685867196960476	29.38166981581819	2.3057123648078606	29.173850729031248	29.190449723790366	29.206869331494683	30.959915281534567	2.427311301434751	30.752009404937922	30.768557391220554	30.771382336514886	29.938541917402986	2.180618555351053	29.752562779394708	29.756000522077144	29.75968593094737
2250000	28.94933586320281	2.6002006404182363	28.723094470433026	28.730604449394892	28.73778986768648	29.404525070374333	2.2347466574351906	29.206763192627932	29.22937600307324	29.2322101330722	28.849980258406532	2.165013041285336	28.65440638173365	28.67148085885522	28.685099065765495	29.41071009609778	2.3058214761249656	29.209750624735776	29.218228288862107	29.22611876857682	28.851821683552988	2.164591236878313	28.65438204776612	28.67185589901468	28.685867196960476	29.382428066876084	2.307526526382952	29.171961379068843	29.191767288944945	29.208370290986473	30.957134600625523	2.429881056040282	30.743237754349074	30.767648624169098	30.77059422208853	29.938916028769746	2.1807220100426465	29.75245110607616	29.756649481291724	29.760065634122647
2260000	28.95014943982813	2.6038937477962403	28.723165927164885	28.730481575734245	28.737537657755432	29.406009070958795	2.2350578743737026	29.208976875527842	29.229765808043442	29.232839989306534	28.850239479989916	2.1649908967539275	28.6546017721845	28.67198413892502	28.685194792136777	29.410456632962653	2.3050586655989798	29.209572892708977	29.218703469567018	29.226169815401725	28.851959590281822	2.16457564869468	28.654529593197463	28.672177407979227	28.68597420066356	29.382896100004327	2.3070397977564854	29.173463444818182	29.19249595421509	29.207683804638897	30.958874420405152	2.4279561950270163	30.746721093079472	30.768207000546457	30.771148370811808	29.938774085874176	2.180733653511127	29.752693561139495	29.756442568573004	29.75968697045144
2270000	28.950772485502096	2.604189607371493	28.72231031485854	28.73063453627986	28.73789730175051	29.4054330466656	2.2361557347929586	29.21056135358807	29.230188165527963	29.232320128561476	28.85043530842165	2.164972895888628	28.6546017721845	28.67198413892502	28.68533457011178	29.41062418122948	2.305335255173808	29.209523923732046	29.218949097793136	29.226323613696657	28.852172005691315	2.164554984855889	28.655025890992697	28.67243971743965	28.686254904957664	29.382433984301066	2.3077383361328545	29.172331839561696	29.191646313375458	29.20865078567675	30.95858483207682	2.4273604460941542	30.74836444953413	30.76857362746129	30.770659447283293	29.938780180801082	2.180733218356177	29.75245962060746	29.756355788044104	29.759983570972327
2280000	28.950147875370998	2.5989957216045516	28.722823482527435	28.73052820703967	28.73888959946504	29.405287487879466	2.2365109344110503	29.207676794350366	29.22934098684538	29.231895321318717	28.850624346284818	2.1651430524379895	28.654615529293732	28.67227992295807	28.685860884737707	29.411840506126875	2.304966772195121	29.211119215149175	29.219581078822063	29.227533925657305	28.852359315633457	2.1645377237646186	28.655146273877477	28.672587286611574	28.686453664047743	29.38367687013907	2.306659020866075	29.17374025521079	29.192234560923097	29.20931923214996	30.95766914606109	2.421809150737004	30.745709252935455	30.76774300582504	30.770310230130228	29.939112839201467	2.1807049947272694	29.752835768237095	29.756538419378277	29.75985124716789
2290000	28.949771936354374	2.586175418057931	28.723696308068682	28.73124476432529	28.73850035729956	29.404300968277436	2.2356733584239934	29.207548002730114	29.229722555034915	29.232326904549453	28.850891924710456	2.165472983423462	28.654950634245573	28.672347507478868	28.68660001337566	29.411189830585464	2.3067555346034285	29.21053361901193	29.219452879526926	29.226897813954523	28.852561037356768	2.164517294883136	28.655212424907376	28.672851421615174	28.68659284782901	29.383873968038255	2.308778730091468	29.173799109074263	29.193426252919714	29.20885356475108	30.957606886708774	2.4288683522379717	30.74544717194431	30.768078857745824	30.770720440625382	29.93928950850642	2.1809560494625044	29.752979324105667	29.756669608340495	29.760069585509086
2300000	28.951482476490888	2.6031839471657254	28.725121905063144	28.731808494638067	28.73871328627908	29.4053365336035	2.2370134592010493	29.209145180091113	29.23004105108368	29.23272086584776	28.851091749056057	2.1654555065236334	28.655221470314366	28.6727767171393	28.686694521744634	29.411925488907176	2.3078903223259193	29.210858912310186	29.21967129396952	29.227292626855316	28.85275623527333	2.1644989648710116	28.655400812800803	28.672943927282944	28.686791204599626	29.38525877497866	2.3099967514750173	29.175956860922323	29.193893952012708	29.210239918612977	30.95817822527886	2.4291788930834293	30.746978890406808	30.76849886825579	30.771142642146287	29.939369895924365	2.1809502913885446	29.753207168219888	29.757017832766024	29.760490746641164
2310000	28.95044172107838	2.5871823434344408	28.724300464416025	28.731699979922702	28.73914841103114	29.406141219801512	2.236106235799893	29.21254410727404	29.2304125013248	29.232602976692384	28.851251178545343	2.165442913123855	28.6552933511209	28.67307539756932	28.686795497728042	29.411600058766474	2.3050269722629038	29.2101806999471	29.219579445850115	29.227492814131157	28.85304382604737	2.1650381750139407	28.655842509458285	28.67303244709104	28.686870756558754	29.384899738615662	2.3071077245557077	29.1743314102808	29.193667476300178	29.211411305681324	30.958876486988178	2.4245877008996177	30.750664711997587	30.768756360164716	30.7709896599141	29.93935888346493	2.180952676564211	29.753522264506824	29.75695409874666	29.760499660101438
2320000	28.95086610182154	2.595269903788268	28.72472295120928	28.731601481605452	28.739405669127883	29.405375774303224	2.235902728949705	29.210879961562924	29.22988821192535	29.232369345262757	28.851442083293676	2.16542699703817	28.655464608353665	28.67325074489088	28.686940697865687	29.410966733499635	2.3056921961631804	29.210042185218068	29.21966354482526	29.226671361559134	28.85316021706283	2.1650269932150352	28.65586584618801	28.67330373038893	28.686904966693785	29.383979081162884	2.309404583490244	29.175367560129377	29.192212982235233	29.208833686564194	30.958075534640624	2.4251453054751217	30.74819770687429	30.76826780727314	30.770820674419575	29.939246490755803	2.1809616894330137	29.75310080965301	29.756841528955626	29.760589609501604
2330000	28.950797387829603	2.5968806443267174	28.72475753075137	28.73221807191286	28.739099010846612	29.40576317498693	2.2359187663934734	29.211219929589046	29.23024874196976	29.232320846371714	28.851710797038308	2.1654017275651936	28.655487121176083	28.673785859026147	28.687472161839516	29.41233760275733	2.3052796100411164	29.21076134783982	29.22044457905353	29.228347365366773	28.85345577679563	2.165462943159111	28.65618562010411	28.673739831962575	28.68707687032896	29.38478500038809	2.3073873974352943	29.174380473987426	29.194116959825095	29.211189555629126	30.958660754625217	2.428594866241715	30.749161641599727	30.768710362793453	30.77077946510712	29.939303275377828	2.1810839989610553	29.75339938100744	29.75706432822655	29.760434865284005
2340000	28.952273416180326	2.6055987391098254	28.72541040255208	28.733254950130267	28.739555356256393	29.40651562208998	2.2367425276414017	29.212648790706886	29.230137011878575	29.23221129712688	28.851964601301287	2.165378885000803	28.655829043776976	28.674168989841306	28.687544387136015	29.412159000387764	2.3070791912428277	29.212147208385645	29.21994754070449	29.22731482051666	28.853752934841904	2.166105214953986	28.656563461265485	28.674129131422603	28.68766973546512	29.38542710777211	2.3084592583530967	29.175683312664596	29.194238381471592	29.210663627900583	30.960063971198775	2.4288015309052926	30.751157959814194	30.76858337202242	30.77065991486895	29.939564726308966	2.1813967998702855	29.75359353532108	29.75742187615021	29.760859516505015
2350000	28.95120917955211	2.5981514876144014	28.725040179441393	28.732745784174305	28.739498659574437	29.4071594867289	2.236114738515631	29.215254903982824	29.230296065766595	29.232372365961528	28.852186920009544	2.1653603459659325	28.655882042984437	28.674377923742597	28.68757618201265	29.41153204925801	2.306283120732557	29.210329683354765	29.219690244745102	29.227327851415602	28.853971688831397	2.166084876797482	28.656723431528704	28.674134447191967	28.687774170291714	29.384426781944573	2.3086849835389494	29.17483465541808	29.193089111065056	29.21021506198711	30.959687548685423	2.425372404603589	30.75269307099664	30.768597832916022	30.770700266563846	29.9394842426902	2.1814024787178035	29.75352985708439	29.75737472446722	29.760672491040168
2360000	28.95119792911224	2.6005775369345554	28.725074922994402	28.732330036873865	28.739383455760372	29.406832920825938	2.23590212534478	29.215122190890597	29.2305132894321	29.23332514617112	28.852393012820514	2.1653430170055445	28.656464750167924	28.67463729529409	28.6878844653443	29.411777196697003	2.302929732128241	29.211278493925263	29.220562522312278	29.22761015396855	28.8542817080889	2.166577862892533	28.657127869815934	28.674284605327976	28.687921702627335	29.385304561836147	2.3043210238907847	29.17690276126251	29.19556126815761	29.210518587315395	30.960231769969596	2.42388310123687	30.753406666364757	30.76897032458314	30.77163761171073	29.939783005184697	2.1813743405413386	29.753889151829544	29.757199834717447	29.76031444343159
2370000	28.951159077133788	2.59855571992213	28.724882826691527	28.732193774527417	28.739025814977836	29.408170826845918	2.236015337480803	29.216741991285094	29.230600007450526	29.233648572351953	28.852645285785105	2.1653208021467862	28.65666936790296	28.674905145332175	28.68814784653378	29.412264804971503	2.3082349555828108	29.211317044310967	29.220114145965884	29.226537022263955	28.85455621893716	2.1667170411199357	28.657402291552472	28.674601338802397	28.688379495342886	29.385577412069516	2.309869983043449	29.17729397215672	29.19421256121346	29.210123719117245	30.9613909442289	2.4253165499475497	30.75483007895029	30.769039846673042	30.771994638301116	29.93989545928464	2.1814564331944375	29.75387872181168	29.757140608772986	29.760555402843732
2380000	28.951133023402647	2.5973803349855755	28.725843197334253	28.732556975166872	28.738846077733427	29.407085771613552	2.2356530289980476	29.21232086185068	29.230080818548714	29.23294012981955	28.852829110243523	2.1653044938797037	28.6571025885753	28.675032601114772	28.68819109221937	29.41133211276343	2.304974943960299	29.211329226512383	29.219199261045144	29.226659400258075	28.854754180775423	2.1666979152491637	28.657591979977617	28.674970676862138	28.688379495342886	29.38464135065455	2.307723125113495	29.175784005141796	29.193333542480794	29.20935312313813	30.96019309280544	2.425184177481432	30.750377727658815	30.7684801048072	30.771336039034033	29.939913225399927	2.1817128244295207	29.754029060603116	29.75707255967908	29.76062825513292
2390000	28.95113658096445	2.602985008151778	28.724904744978772	28.73247670574959	28.73889352929021	29.406549314645545	2.236213387851251	29.21274173440495	29.230067809035592	29.23278032205011	28.85308247057007	2.165281595983735	28.657189085468453	28.675297643703146	28.688494163833003	29.410803436403686	2.30520711461166	29.210170006823226	29.21843823042515	29.22603976393465	28.854995875590433	2.1666739185155373	28.657757399676175	28.67521208933806	28.688503501828677	29.38400637896827	2.3064275708528563	29.174409678287205	29.19333735547585	29.20807872133977	30.959307673165775	2.4249138694909953	30.750886289847546	30.768474016365293	30.7711985576742	29.939686704569894	2.1817328974444865	29.753451374027264	29.75715719132715	29.760354622203092
2400000	28.951087934678274	2.5965611350162736	28.724819948952806	28.732360624975485	28.739118537250054	29.405987970558563	2.2362960094163995	29.21380401295403	29.230240740691944	29.233051831539306	28.853364079899798	2.1652568359316438	28.657412418999787	28.675394912201714	28.688510121071282	29.411803869654804	2.3048563780933207	29.211062851584927	29.21966521379788	29.22693881361182	28.855223614982652	2.166653740242543	28.6578960373926	28.675417867630543	28.688823227554874	29.384793008955768	2.307372494684142	29.17555621968074	29.193388582223257	29.20872106408563	30.959237902030566	2.423459792042468	30.75231014106583	30.768703668251362	30.771507257441424	29.93954894946076	2.181874531841553	29.75364803005444	29.757183657156258	29.760425555992743
2410000	28.952323751827297	2.5972341485823107	28.72642971228813	28.732649607493922	28.739164279102354	29.40611692114651	2.236196881636249	29.211730373794715	29.23015310483311	29.23274447514084	28.853587240884426	2.165238129656069	28.657602252289948	28.675819665231405	28.68896152960874	29.41184540361309	2.3068095337755232	29.21160203277973	29.220035163217247	29.22697086642153	28.85540292614045	2.166638308613272	28.65801805907925	28.675706076457423	28.68889554384903	29.385129115624515	2.3090558195079756	29.175829964752587	29.194467169322944	29.210044990361133	30.959387270737523	2.429277099050166	30.74935624898981	30.768581936280494	30.771149188055457	29.93983577675206	2.1823905897262534	29.7540402630166	29.75740731671238	29.76070239993577
2420000	28.95322238579199	2.6055175653418026	28.72622861155652	28.73300751925762	28.739578053297638	29.406990217460958	2.2365321584483193	29.214534003992004	29.23040120182342	29.232776347680897	28.853889324104056	2.1654430054401588	28.657602252289948	28.67592338140642	28.689102385242954	29.412520338912444	2.307663893308748	29.211681061532754	29.220556833584816	29.2276042377594	28.855597000234106	2.166621169198809	28.65820280829169	28.675784016411626	28.68942822763853	29.386500428136898	2.31027773864799	29.17878619325779	29.195649664351997	29.21062030164559	30.95962042741037	2.429029578133063	30.75174853387183	30.76883512762508	30.771128749369502	29.94013723411373	2.1824352775838243	29.754033785001624	29.757833356526334	29.76100440960493
2430000	28.95293624162465	2.5973294736009915	28.726558481421904	28.733417948744254	28.739842312367866	29.405318552216904	2.2382720749355705	29.209759903308544	29.230163859173956	29.23270849560065	28.85412175772796	2.165419943647728	28.657640564880495	28.676275632913352	28.689244205538603	29.412292040174762	2.308311864721074	29.210931780619596	29.22022581629747	29.227233531531837	28.855778714013212	2.166605821303049	28.65866481402007	28.67599761038329	28.689577769576708	29.385110581815866	2.3098915292474924	29.176963084629797	29.19416639312851	29.210297684909605	30.95774133785628	2.424248398461555	30.747725410127153	30.768619756097387	30.771095227904297	29.940264227441485	2.1826547366398015	29.754017064311768	29.757659092978088	29.761026810320722
2440000	28.95227835274303	2.6014322856798797	28.726117750302507	28.733092678539215	28.74019216660314	29.40703379438744	2.2355978698439487	29.21326486557961	29.230058049384986	29.23190667408077	28.854279099669327	2.1654058762228834	28.657721698074376	28.676447257178882	28.68930447100219	29.411665186887564	2.3039799943052635	29.210913926775522	29.219567858808226	29.227493331836115	28.856043197240012	2.1665770074631006	28.658989134002077	28.676085577187735	28.690117894228155	29.384968948189805	2.3060552440659663	29.176909785739024	29.194496636379636	29.209645155786045	30.96014455070006	2.427259891089569	30.75152108971376	30.76849547548563	30.770303320366793	29.9399612277677	2.182683582594552	29.754069600285796	29.75758076335696	29.760845393750483
2450000	28.951948620770892	2.5952055492818573	28.726069667762154	28.733052473182177	28.73993168092264	29.405981299500798	2.2358048098323198	29.21186065899676	29.230286687258882	29.23254271834035	28.854452687893275	2.165390839616073	28.658249487219322	28.67658931010328	28.689696123725334	29.411048953008425	2.3075514202723326	29.20968459632102	29.218905342361328	29.226397335921707	28.856196466728655	2.166562992886452	28.659161815333206	28.676085577187735	28.690217476576084	29.38366788427746	2.3087520849479137	29.17427823649639	29.192950563835097	29.20968426688939	30.95910118893972	2.4270747190729947	30.750218015399074	30.768727378024877	30.770970354279967	29.939785068812334	2.182697549137348	29.75417080949692	29.757500590344783	29.760601666383586
2460000	28.952540610856065	2.5979831070010992	28.725581265319477	28.733126774248426	28.740205817568913	29.40495285870146	2.2362512869044724	29.20889935317731	29.230276568196825	29.232666101356678	28.85463683345015	2.1653751456451364	28.658366828941965	28.676692896992932	28.6899440980305	29.411353015071985	2.3077549147479863	29.209834389978838	29.21960472063997	29.22654805041837	28.856466417662165	2.1665370123695764	28.65945082235057	28.676327946666284	28.690259581973013	29.384506928156018	2.3103719596889905	29.174954622972805	29.194537397495196	29.209107325037436	30.958165160441126	2.429934604578644	30.747020570603546	30.768730857115866	30.77112139949097	29.939690558443722	2.1829686556991312	29.753545125940995	29.757443914634617	29.760291454100507
2470000	28.953217597391582	2.604489393555007	28.725216175921975	28.73277565036497	28.740000290796953	29.405271715432924	2.236839108606268	29.210991817938535	29.23006240575723	29.232060193157817	28.854954585821954	2.1667539931035362	28.658815415283485	28.676727070658377	28.689982313219957	29.412023488414032	2.3075555079077166	29.211298709281024	29.219655492335548	29.22723586055107	28.856662773801126	2.166518070516621	28.66000961146819	28.676379942405624	28.690349153599563	29.385084096069853	2.308801544217747	29.176521678944336	29.19304602449204	29.21065763560124	30.958007955784566	2.4279287647889305	30.749181418400543	30.76845718185877	30.770422542757693	29.939833557948482	2.1830780044701106	29.753774644567795	29.757323072484063	29.76049371582694
2480000	28.952976833697225	2.606628476484026	28.725876475296154	28.732864523758202	28.73970537491349	29.40458428681782	2.2363026060869813	29.209726192576433	29.2302924065594	29.232204873858144	28.855215312287132	2.1667294338595773	28.659198130857185	28.67680843172279	28.690031934749594	29.41206914297862	2.307083143233565	29.211247287449307	29.22016329444567	29.22717513795195	28.856821432660738	2.1665042016744156	28.660769872943025	28.676424251262567	28.69041244571878	29.384679824108265	2.309414481094452	29.1759176278526	29.193574489648512	29.208864358983405	30.95829419777055	2.432084369221193	30.74733433231981	30.768745133304336	30.770632323751173	29.940038693169612	2.183060520510274	29.753886205183232	29.75753018698962	29.760797337918333
2490000	28.951738070717173	2.5998646349338235	28.72586102227833	28.732571159049986	28.73921004500106	29.404444923766444	2.2365989597371225	29.20759622459692	29.22946533055365	29.232075098600003	28.855388429388885	2.166713213164171	28.6600255290588	28.67682159444549	28.69027574338343	29.410748573606877	2.3055895691431796	29.209920909362545	29.218658427721664	29.22609403183366	28.857029815044083	2.1664838069281243	28.66094186100399	28.67664687855042	28.690449594925944	29.3824389693471	2.3077896128172224	29.17330514400234	29.190977304084306	29.206961562369315	30.957616718597784	2.427060944466696	30.745755801687814	30.767887051876556	30.770440521574784	29.940051055761835	2.183166589552366	29.753840520812894	29.757469165011212	29.760761634687512
2500000	28.951352732101274	2.6012327620694204	28.725941439682927	28.731903959719414	28.739092978620526	29.405846842702257	2.2362684396575068	29.209011525749517	29.229650116712953	29.23271002280196	28.855531658358615	2.16670095520495	28.660695806547558	28.676901372848626	28.690974947693466	29.411807040230272	2.306098208734818	29.210752570779253	29.21954176079057	29.227100498526063	28.857264439755017	2.1664633163466935	28.66112396723867	28.677248429200603	28.690735430357986	29.38446079273784	2.308782651636797	29.174106268272865	29.193952693338918	29.2100561118106	30.958682663058475	2.4297621755447962	30.74709282981979	30.768093446849285	30.77089004889232	29.940051307326765	2.1832015044342756	29.753956767335374	29.757515559815737	29.76073150576503
2510000	28.952214238874525	2.602082411167693	28.725190179584008	28.732132736267552	28.739529975749136	29.406811008276332	2.235460595545023	29.212334445375483	29.229867201569	29.232426199900452	28.855758802679873	2.167048710886549	28.660845097882905	28.676957142978132	28.69138544179799	29.411097078024564	2.305624565066673	29.21091360903475	29.21905590222552	29.2265522034994	28.857535064256645	2.167498054796449	28.66112396723867	28.67737338814603	28.690735430357986	29.38498280860545	2.3084426030037544	29.17639983979686	29.194237508682228	29.209366081618427	30.960816515823872	2.428904387086942	30.7505237741411	30.76831428631082	30.77088988757599	29.940053996695692	2.1831090717334125	29.753788350064582	29.757456551445607	29.760571007485627
2520000	28.951669718797707	2.5981512299653415	28.72491154569693	28.732259930185457	28.73982735892882	29.40613654757521	2.2356577494208727	29.208954503549023	29.230076915520876	29.232466553211317	28.85593647652312	2.1670339687311353	28.66095361346954	28.677049570278903	28.6918351545893	29.411378829072437	2.305090080210767	29.21138389725809	29.219478398020996	29.226670896060845	28.857714128025044	2.16748230978785	28.661277652798958	28.677444239266137	28.69077729552577	29.38407398447932	2.307838006741683	29.177997865469507	29.192960872132055	29.207481646069287	30.959043557941417	2.4259668255593967	30.74714275482925	30.768460037066923	30.770852511749265	29.93965109415547	2.1831092900551896	29.753554883468418	29.757190855253064	29.760349867133513
2530000	28.95205204595379	2.6028345753103173	28.72496679165139	28.73284508610527	28.739360345511805	29.406527329288583	2.235993194446688	29.212380448126545	29.230387936174182	29.232870563090984	28.85621693081017	2.16777490848815	28.661057873064408	28.677373646825842	28.691959504543988	29.412326910342195	2.307267874076075	29.21164664842572	29.220240612627055	29.227124726670766	28.857970414037723	2.1675533762855053	28.661805859982742	28.677493653649435	28.690933177466356	29.3851048090338	2.310250319094577	29.175684284455517	29.1946870077903	29.20997930430211	30.959908365997983	2.4298712169595422	30.750855894142024	30.76882625990148	30.77130965899127	29.93975115004026	2.1831005744906005	29.753634004078926	29.757389153114886	29.760504534021635
2540000	28.952554876701587	2.606258452044102	28.725445162145128	28.732496813837287	28.739670437356757	29.407516335875176	2.237824253298493	29.21333774721481	29.2303328681451	29.23357876595952	28.85644733664639	2.167754394390695	28.66127966948074	28.677453282736856	28.692170296848737	29.411414268342558	2.3060166119224794	29.210954187446784	29.219480625021497	29.226709479002224	28.858145201012366	2.167538714185871	28.662072526686803	28.677773357110166	28.69108807001606	29.38456930449731	2.308466964023152	29.175325070835754	29.192748746349764	29.20830261062072	30.96026439542171	2.4273201160099163	30.751105293739258	30.768718361904458	30.771851264751717	29.939641079708856	2.1831878935491895	29.75376725348022	29.757296330178363	29.76029049984098
2550000	28.95191102199532	2.6015553706042245	28.725629348627486	28.73237919403941	28.73909510868402	29.407231037264246	2.2363115620454286	29.213777831600584	29.230569480134754	29.23445385975933	28.8568626617525	2.167730252892248	28.661304516217925	28.677666810231408	28.692247934677546	29.41178322152683	2.306342540208168	29.211004844282982	29.219766809872127	29.226541085484307	28.858570559136382	2.1675081248768455	28.662396304856614	28.67793536248524	28.69130239694456	29.384722596848256	2.308729835765329	29.175558071616372	29.194341048572696	29.20946940110335	30.960374414452424	2.4282504197533563	30.75211613352907	30.769031019121762	30.772860609020114	29.939470158356126	2.1834209125645043	29.75355857407125	29.75698157971985	29.76054177434639
2560000	28.95182062112192	2.603809625369891	28.725302132369308	28.732463830288115	28.73963318764839	29.405477306185045	2.235430782038369	29.21209447091581	29.22988965657624	29.23198437972973	28.8570438775709	2.1677146484528422	28.661527572103218	28.67773113634726	28.692308555487948	29.41113651194668	2.305343558861056	29.21032337353315	29.220173246925455	29.226883581338818	28.85870357283083	2.167494463650901	28.662619979329826	28.67822544781495	28.691367816442956	29.38449206342483	2.306140887339977	29.17532203767298	29.193686136919457	29.209828734458725	30.958728345697853	2.4260166106019048	30.750223361220144	30.768344253776032	30.770440687687415	29.939565589240303	2.183410889181105	29.7534822276072	29.757160211855286	29.76037320404063
2570000	28.952334322691854	2.6057025332084813	28.724966183295344	28.732064423593762	28.739433068020315	29.40770789498514	2.2351396618724206	29.21448533240085	29.230505513408843	29.232338311940747	28.85726068824337	2.16769505218401	28.661747298737353	28.67803331747292	28.692325353648556	29.412477736386627	2.306755394903177	29.211656896889703	29.22016800372635	29.227415225079927	28.858932446850616	2.16747373089947	28.662668279384658	28.678662703788053	28.691715838236327	29.38633967762399	2.3091718596803226	29.178112557825397	29.194770699896686	29.210698591790916	30.961647713408844	2.4314615677080056	30.752899159015353	30.76896705432378	30.770795642575937	29.93986799426701	2.183383940406475	29.75363677690177	29.756947810702613	29.760527575406574
2580000	28.95257364185023	2.5987723811604897	28.725756845884717	28.7327549920958	28.739852869300783	29.4064101159286	2.2356265430786486	29.213764154958834	29.23026725131334	29.232082220775762	28.857487453547343	2.1676747919151422	28.66214752209888	28.678468625954444	28.692390122570675	29.412163965113887	2.307281522191837	29.21091657895196	29.220365035241727	29.22701934173944	28.85917352876389	2.167452902136129	28.662799144929608	28.67901205432638	28.69192474740688	29.386491115183713	2.309359848171622	29.177647997936084	29.196366885411805	29.21082907727232	30.959372501819654	2.427567396544925	30.751978549928307	30.768690955066916	30.7704758027699	29.93993038110579	2.1835127061902773	29.753873963519702	29.75733523270842	29.760895723407298
2590000	28.952381428254274	2.6047065969167407	28.725959690839446	28.732231803604414	28.739418253439588	29.406818740228637	2.2369331242228663	29.212630614231802	29.23009553414886	29.232167262733462	28.857753204772358	2.1683838195721634	28.6623360208492	28.67876785997877	28.69248290430694	29.41204534428974	2.309300479054359	29.211143643633783	29.219520554037842	29.227078946107376	28.859305637575744	2.1674412740242066	28.663220796790966	28.67916601510842	28.691988578429026	29.38527649781006	2.310792771140589	29.177565542631164	29.195039266558766	29.209078888219402	30.959917187716773	2.4291564730112984	30.750811036385336	30.76848095283619	30.770547282329705	29.93985665891761	2.1835352911227712	29.753805456089633	29.75709788318654	29.760658913095956
2600000	28.95162867957843	2.601929049966913	28.725596987831256	28.732561943866	28.738904703968593	29.405656487623787	2.238311232844735	29.208831968143286	29.22979595558276	29.232293581306006	28.85795988179658	2.16858740545775	28.662549183503916	28.679142219111792	28.692890035956438	29.411741267382357	2.3053030326782955	29.21056697256069	29.219376708002557	29.227267742950385	28.85951986791651	2.1683913744133845	28.663257964621465	28.679496762749682	28.69230085952589	29.38379249759954	2.307493260299727	29.17551750042853	29.192990265979702	29.20821729112088	30.958484408409795	2.429834549505453	30.746938258662663	30.768199349007332	30.770736268659014	29.940018726798705	2.18356841059931	29.754040408791727	29.757194727024643	29.760643543737302
2610000	28.95055418712221	2.596391950328701	28.725487701570074	28.731910094002334	28.738925767002247	29.407583393220634	2.2366581391966913	29.21413380293584	29.230589817588672	29.232960740454565	28.858102657392365	2.1685754225180474	28.662662478990043	28.679496222081998	28.693102635745856	29.41173917242142	2.3056777647410986	29.210314475654076	29.22026409462618	29.227719526406137	28.85977874504277	2.1687293545786375	28.663459728024925	28.679664380729044	28.69230085952589	29.38493320840724	2.3074578700151127	29.175578249260653	29.194173450842822	29.21018261684243	30.960181164929374	2.42714618417915	30.752050455609513	30.769026622252092	30.77137065223174	29.94004575311896	2.1835649490064353	29.753792225497655	29.75729694668317	29.760699526564327
2620000	28.95120114070222	2.603984851182297	28.725269648581886	28.731888625322096	28.73896306036348	29.40659882184051	2.235062393208755	29.212701860319175	29.230418461697184	29.233267096733197	28.858336709495173	2.1685552748487655	28.66292095273587	28.679630905566338	28.693639650111663	29.412039635587192	2.302125007154013	29.210905616735403	29.220383222605015	29.22716151249908	28.859944329324325	2.1687140125302324	28.663811131189384	28.679840728054224	28.69250038794059	29.385267659814883	2.3043283711482325	29.176782801879575	29.195294721807453	29.210618435641443	30.959561513527582	2.422042310701477	30.75102574111485	30.76885822229665	30.771627498931515	29.940218530401957	2.183550806093284	29.753976251185716	29.757435869336298	29.760860946331846
2630000	28.95168540827528	2.5951667575138497	28.726196089763306	28.733121917365153	28.73995793921891	29.406021218767396	2.2343795128457034	29.210021043103225	29.23013292977989	29.232227865750662	28.858519279512976	2.168718201922322	28.66321429413909	28.679835707155906	28.693720590572205	29.411377738243296	2.3047551735676266	29.210656238968063	29.21989028028329	29.226532467988562	28.86018908658453	2.168997398090433	28.66401425024241	28.67990110498231	28.692675279117193	29.385423080558237	2.3062508181061943	29.176047090913197	29.194585997940415	29.210764415854328	30.959002494685873	2.427190001941932	30.747573518105213	30.768523664814563	30.7706562041054	29.940014204071275	2.1835681251823	29.75371412604535	29.757483661334575	29.76049405729611
2640000	28.95247677259726	2.602503127882974	28.726071550852	28.73353002166241	28.74016545148729	29.406937278894606	2.234387626529127	29.213799670519165	29.23015708644502	29.232636730444355	28.858775006456998	2.1687808119253287	28.66339884010032	28.679997619266576	28.69379911209446	29.411804422291357	2.3053908594368813	29.210993149364928	29.2196997366883	29.22727991738939	28.86037933842703	2.168980298777432	28.66404296796354	28.680398331195	28.69297796578625	29.385869309108944	2.3075275461375053	29.17741479738686	29.195687295265017	29.210703482027007	30.961200278242522	2.431358666704631	30.752201642748474	30.768574866831344	30.77091798060793	29.939944676470446	2.183668968152986	29.75393739723371	29.757612864587166	29.760577815668366
2650000	28.95301322252551	2.6053153119081767	28.72650927235967	28.733686162209636	28.740232244517053	29.40703292884001	2.2340063616883614	29.215166767357964	29.2305532835926	29.233117447214745	28.858948886466155	2.1687647236682723	28.663447064800508	28.68016407964906	28.693850222079973	29.41256126882672	2.3036243265363137	29.212383584354434	29.220289396184093	29.22789291391612	28.860678863692588	2.169718297897505	28.664050139372858	28.680543828232075	28.69309132051928	29.386142017782525	2.305025237883267	29.177059213045016	29.195048667439572	29.211395517858588	30.960381983840975	2.426251503640135	30.75338957446042	30.769008300326696	30.771526172430974	29.940358305161322	2.183744701773322	29.75424701135607	29.757733810912267	29.760923170997387
2660000	28.95230922664623	2.599158299419463	28.726189651830985	28.733603525872677	28.740351444862448	29.406993241224395	2.233937111773225	29.21302976686169	29.230370909182007	29.233244207220544	28.859142217692533	2.168747209039414	28.663536597408566	28.68041870608786	28.69396984939381	29.41193186052151	2.3045423575201034	29.21111448244459	29.220077269215587	29.227397635528803	28.860891244609636	2.1697001801991225	28.664225575721225	28.680723705604677	28.69309132051928	29.38473324751108	2.306543833766547	29.177092157616606	29.194313102882763	29.210145914821357	30.960514966556868	2.426321940383751	30.751469207503053	30.768807907221113	30.77144029907856	29.940176878439384	2.1837780481920124	29.754564161483025	29.757876425068062	29.761118931285633
2670000	28.95229435417893	2.5989118083417617	28.7257202245502	28.73345628065163	28.740222526274433	29.403464843126038	2.2343628197716985	29.206895948374687	29.22960378406084	29.23204324291882	28.85927921128446	2.1687352545510774	28.663536597408566	28.680500264738658	28.69419688019627	29.411086336836	2.304845065060627	29.210908290270268	29.219372322855527	29.226425421614834	28.861061887525402	2.170237311162045	28.66430954581063	28.68081686160507	28.69317213404747	29.383502048333256	2.307149922814422	29.174902789114736	29.193098694625526	29.20846932168653	30.95676522951858	2.426531452040928	30.744590213796737	30.768047128329385	30.770456334740476	29.940322943277717	2.1837607823887684	29.7543740693669	29.757674933327955	29.761048410188586
2680000	28.9514068750059	2.5980258292780567	28.725665795799365	28.732366067500962	28.739225209857775	29.4075495958588	2.2354079335875734	29.215145416115547	29.230418996985673	29.233456931459838	28.859544753887562	2.169918123328621	28.663788875658692	28.68058971611025	28.694297027315415	29.41180858354624	2.3054299350565213	29.210897075332944	29.219911977693826	29.227114270290194	28.86121396617047	2.170495791513011	28.66430954581063	28.68091600770931	28.693226030643473	29.384678063706197	2.3075832684596724	29.176933322847184	29.194685212059817	29.210161773089308	30.961193064964167	2.4296448122815537	30.752929844452403	30.768852057166452	30.771777687916	29.94025679946572	2.1838328444201123	29.753981867088363	29.75769133509851	29.760824446135395
2690000	28.951022324224546	2.596668414509595	28.725012969308025	28.732375280440483	28.73931549132061	29.40679407956662	2.2364186426421346	29.213255604068802	29.230285194450808	29.232813892242046	28.859740729026353	2.169900936946417	28.663788875658692	28.6806883067542	28.694297027315415	29.41190241820345	2.304238186465377	29.212167319216775	29.219443873583458	29.22702899263454	28.861395616821273	2.170478779309996	28.66467410649864	28.6809690931332	28.693352474384902	29.384866535023033	2.306348330153141	29.17690196394636	29.193612677848797	29.209040814467674	30.95903963347796	2.4189647799034484	30.750832207803178	30.768696838874078	30.771211317048735	29.94027722964759	2.18411661726281	29.75386527834818	29.757512313231416	29.76083298447193
2700000	28.951841866382427	2.603528647902597	28.725533210031077	28.732162493640537	28.73964025948261	29.406434740901226	2.2353365319018965	29.209469284310067	29.230194527359856	29.232539274416013	28.859910102216574	2.169887068689912	28.66383864286569	28.680837011074978	28.694445003878176	29.41210045763882	2.3074141991143984	29.211514709484526	29.219815016085	29.22694225208498	28.86179405723943	2.1704468059909696	28.664950341418503	28.68109789953531	28.693506340491556	29.38499048180422	2.308574778867224	29.177424168651825	29.19293138323908	29.210066731456767	30.96001883436845	2.43222825863937	30.74713524211045	30.768642923120574	30.770806230881945	29.94041003925449	2.1843575474315746	29.75406285284374	29.757645578726134	29.760716201805984
2710000	28.951496790605624	2.590659121163041	28.72621062373083	28.733163174978326	28.739886342717426	29.407015291823907	2.2362168920455643	29.21375218101527	29.23028967954575	29.232908344525526	28.860189279573458	2.170184246765536	28.66405308331513	28.681078901956255	28.694793275822366	29.412015283300466	2.307712735795013	29.21141410693064	29.22028158988236	29.227162306152103	28.86206787438188	2.1709694657394794	28.66503451566434	28.68136880375581	28.693506340491556	29.386440990431794	2.3094765537688553	29.177393086518514	29.195410896690277	29.211455784688148	30.959843979599878	2.4271354069815727	30.751434684663433	30.76871519877362	30.771256468257263	29.940543933293693	2.1843468841120357	29.754402528243777	29.7577938964302	29.76091505046744
2720000	28.952366605134245	2.59617388239116	28.72591428454415	28.733074687350523	28.740118556552225	29.40442971847055	2.235403642798979	29.2085596534308	29.22953561051483	29.2320290901438	28.860336305778834	2.170171794502799	28.66458997501819	28.681148673787078	28.694826258455073	29.411190421528044	2.303594881293187	29.210476013411736	29.21926173324298	29.22692086438915	28.862342668592994	2.1719594444167885	28.665553645430254	28.681410019827943	28.69350973757777	29.383741505037783	2.3056317409321374	29.174178902147446	29.192659749395023	29.21009145960876	30.957419369807	2.427278099991241	30.74662351288208	30.767946377016045	30.77047375016577	29.940399412838985	2.184495353004036	29.754367560165196	29.757557677410624	29.760730026638758
2730000	28.95223621228527	2.6044794636022677	28.7257314509634	28.73260047441226	28.739953119977248	29.40597777503871	2.2344518630037893	29.21152264943315	29.230245954454617	29.23252222573637	28.86067743025795	2.1701517558061414	28.66458997501819	28.681348268452837	28.695054203521636	29.41207787722029	2.301888981987382	29.211271545678244	29.220144800462226	29.22766485622506	28.862602118537406	2.17206582752219	28.666176217107754	28.681715548069363	28.693912223321874	29.385225796291426	2.3042867930709754	29.176746833527567	29.1950324726063	29.209883396406457	30.959114739258503	2.4248668980037653	30.749907836200208	30.768695941634057	30.77096421142176	29.940255525087533	2.184508013869801	29.753834946715248	29.75743612684501	29.76091162537343
2740000	28.951343480397234	2.5940467513534076	28.72555768408221	28.7325708933731	28.73922954287724	29.405036774708048	2.234942553362262	29.207715154865042	29.229608023006193	29.232211712407477	28.860852637730453	2.170559827764546	28.664881755645766	28.6813704338052	28.69514165772728	29.411758282899637	2.3087510798415987	29.210135228080446	29.219350751202867	29.226825500985406	28.86276412967844	2.1720494372837464	28.666425938537866	28.681965411702457	28.694035563464023	29.384192851115095	2.310721187464043	29.174439144534922	29.19284339814556	29.209231361498716	30.958789270900066	2.4314554418146512	30.745798617500935	30.767939335611697	30.770589752148236	29.940189192572728	2.1845149582638874	29.754371207441654	29.75760631618025	29.76072099683975
2750000	28.951741908642088	2.5944701107258905	28.72493328010647	28.732314552992968	28.739699135251836	29.40685160325077	2.2349101310020543	29.21310236514523	29.230406032814813	29.232750568394238	28.861048193028466	2.1708967555736747	28.665105990247593	28.681540397349693	28.695274491876997	29.411944250697477	2.302250729715634	29.2118794934891	29.220278670477335	29.22745846180907	28.86294768045871	2.1722818286395817	28.66658796895873	28.682033986188742	28.694112123299924	29.385921277696273	2.304638843116531	29.177519543874258	29.196143088265565	29.21091031695148	30.959734624326867	2.4197044602960043	30.75138305274394	30.768863584137804	30.771129059556248	29.94025703931235	2.1846063016032677	29.753774863641254	29.757348276367054	29.76069034168852
2760000	28.95230645962929	2.5987868796361107	28.72512424788691	28.733013398638857	28.739600229753748	29.405659459607804	2.2361237414514363	29.213087196113957	29.230205058687464	29.232520645180294	28.86122786209738	2.1709628811760875	28.665330616957892	28.68167347717324	28.695367417929695	29.41180309337421	2.308432909261691	29.21095320631584	29.219303454724404	29.226911542102506	28.86310341352848	2.1722671162006453	28.667089533752037	28.6820979562491	28.69421576490415	29.38454971818221	2.311199696774166	29.17569976333865	29.19329637218217	29.208850514696465	30.95971968610032	2.429593023595503	30.751595200109687	30.768668080108597	30.770972183262327	29.940329684842208	2.1848042988762897	29.753969466046478	29.75737261603788	29.760821406015616
2770000	28.952398363472067	2.5935229720090325	28.72530429489028	28.732450622439508	28.739282857962664	29.40521445251054	2.236601393388534	29.209894677721106	29.229772799834834	29.23222591551515	28.861437528633612	2.1709446023611627	28.66547574432043	28.681770806954276	28.695419284841172	29.4114720699646	2.3059630785652585	29.210767196900207	29.21963931758807	29.22647153383429	28.86331586275595	2.172245506211448	28.66718760114981	28.682357907107665	28.694662572397164	29.38451666279632	2.3086629905620093	29.175057245863407	29.193816556228374	29.209832077514097	30.958472638419444	2.42820025689644	30.74761646608051	30.76818173629553	30.770636134228024	29.940302166519174	2.18480716543766	29.753784572991908	29.757605962992223	29.760975529877594
2780000	28.95289152078357	2.6031939435859046	28.725669919995777	28.732298857254666	28.739875631978883	29.408294143976654	2.2346541483881825	29.21524434766371	29.230509304405118	29.23384656101843	28.86158089647374	2.170932045517172	28.66599273056824	28.682065470281838	28.69559346857891	29.412553043145387	2.305363373166526	29.211202997433183	29.220931912094123	29.22797646070518	28.86341069488554	2.1722364189079832	28.667512783819866	28.682395513137774	28.69503792212008	29.38626859181379	2.3081429351652067	29.17844832838371	29.196313319123362	29.21092079708861	30.961594146595957	2.42936808755312	30.75328009215577	30.76896255051262	30.772269075760416	29.940440337303524	2.184796415942368	29.75409953183484	29.75773649360719	29.76100786282444
2790000	28.95216315965586	2.5961310338084562	28.72552606523669	28.73292499375449	28.73986870981752	29.40465079141667	2.2361923672287123	29.206505700711563	29.2295488024983	29.233055825663858	28.861754940296702	2.170916228538399	28.66599273056824	28.682303687359628	28.69559346857891	29.411513918062518	2.307930086034832	29.21061348728412	29.219068515951413	29.22674403151129	28.863647215181143	2.1722140174975806	28.66760290677797	28.682662198585533	28.695370848345	29.383393265447076	2.310170426686984	29.174406826736746	29.192318016481025	29.20802716557263	30.95811170192828	2.427136200633567	30.744507890123753	30.76789604547055	30.77141151407094	29.940377413890193	2.1848023452962226	29.754006074741625	29.757876534016525	29.76111525079147
2800000	28.951577509187764	2.5973492872764723	28.72558361710444	28.732497137679317	28.739677648804374	29.406314185644284	2.2366812565826106	29.209714055638166	29.23045495158389	29.232673437869302	28.861942627917987	2.170898957375255	28.66599273056824	28.682438455046267	28.69559346857891	29.41163351278807	2.3074435671377835	29.210849348382315	29.219777036746667	29.227258825233584	28.863872048449647	2.172957777806349	28.6676172401884	28.682853572025195	28.69548922552446	29.38538852380599	2.3104982129839957	29.175733747953714	29.193948265007748	29.210914028302536	30.959256927661734	2.4262486558500362	30.74819920614228	30.768905875549528	30.771069275926564	29.940014851849376	2.1848336254929	29.753853872316817	29.757430857205946	29.760867891193385
2810000	28.95199807865235	2.605431040843537	28.72525282366637	28.732562260913056	28.739655106786586	29.40734693780478	2.234350098820863	29.21374412950017	29.230341746041027	29.23208340341085	28.862064269729323	2.170887369389289	28.666239341976734	28.6824976526418	28.69559346857891	29.4113378122061	2.3029479858097415	29.211351714536235	29.219577555258546	29.22702305475926	28.864012163175264	2.1729454120587888	28.667629264802883	28.682929087458493	28.695553892137063	29.384991043908308	2.3038416906603754	29.176825512327156	29.19454733531498	29.209338873622666	30.96056757690519	2.427685954131129	30.751833422484687	30.768784611619857	30.770456613355456	29.939867833881447	2.184854817107826	29.753563657034857	29.757379749157217	29.760346131211406
2820000	28.951647387403497	2.603570994137284	28.725538583085093	28.73260784721718	28.739301870565782	29.405814135803404	2.2357164712815885	29.210512298493192	29.23014419582603	29.23252480739618	28.862517199569737	2.1708595300273332	28.66707018279714	28.68272079244151	28.69561196657305	29.411340234320196	2.3077478559973197	29.21021010156948	29.21896993658601	29.226947675494756	28.86414358108945	2.1729339519080297	28.66778864221568	28.683017833031393	28.69561792806456	29.38397226843223	2.3114277832040746	29.17402885512271	29.193013638005947	29.208910740049397	30.95958465795573	2.429391741883595	30.748543971493714	30.768603627551617	30.770981731336242	29.939914563906974	2.184975126422839	29.753822344648597	29.757171741484992	29.760512625425847
2830000	28.951381793745814	2.6016321326732355	28.725531776998842	28.732491607437247	28.739083159010235	29.406482697126503	2.2362998850521607	29.211371669952896	29.23009134818971	29.23230824909808	28.862715798874262	2.170841703716661	28.66759156390565	28.682868632931275	28.695721452258695	29.411210943136066	2.307589223710179	29.209835381954033	29.219028294794864	29.22709571951303	28.86437713968774	2.1729121338678365	28.668021183105708	28.683252805604212	28.69577915243824	29.384412187496306	2.309774127925246	29.175696727266388	29.193501091445217	29.208684466253096	30.96005474862978	2.427669477707808	30.749733846442407	30.768544468478165	30.770721908288852	29.939976193801517	2.1851274595012273	29.753861598692325	29.757262089557443	29.76055646887106
2840000	28.951414581769896	2.6008234644363304	28.725339206270554	28.732534045966155	28.739823550974073	29.40440163494449	2.2363249882427763	29.20769195310806	29.22978003125539	29.232162922075194	28.862875352368974	2.171243619899584	28.667797474796494	28.683076952942876	28.695976557000463	29.411960576819116	2.3077652066946293	29.21082624744627	29.220010720507105	29.227300944216083	28.864548900582697	2.1728966375051404	28.668173599659337	28.683405293321442	28.695858089763846	29.38513668987062	2.308743270432899	29.176152823167357	29.194520353474264	29.210488430936206	30.958343222980844	2.4299572212756457	30.7460976956112	30.768200261580713	30.770531187613	29.94000540011455	2.185395336012093	29.753863339190218	29.75742654114086	29.760764360929997
2850000	28.95196429438549	2.5977910959959623	28.725571669428113	28.732820635266776	28.739713142950855	29.40651794773451	2.2359533747530564	29.211955522953698	29.229907539223454	29.232658092553287	28.863061472016255	2.1712261029652256	28.668242335047967	28.68331703450225	28.696290527179517	29.41185458281004	2.3042722339757113	29.210843701746914	29.219622345571835	29.226905360235563	28.864819013575737	2.173373525050198	28.66892395386976	28.683602407308953	28.69617022908218	29.385386503041087	2.3068255452836777	29.176573114772346	29.19417035673952	29.209310006059987	30.959864820610154	2.428468658948501	30.750056232503063	30.76835338532784	30.7711028268102	29.940038883487727	2.1855713010635176	29.753698545332174	29.757487417597424	29.76064740731899
2860000	28.951356014204826	2.6013672767511733	28.72542765501854	28.732226281924937	28.739063224115345	29.406455855368716	2.2356821936051596	29.21141019721243	29.230337010106332	29.232456959519496	28.863159651645162	2.1712178814851364	28.66833688500536	28.683522531582433	28.69669758425853	29.4114338915479	2.304192484451338	29.21098877031437	29.219794289052658	29.22691018350569	28.86504414207049	2.173353885436145	28.669060791933155	28.68382264905316	28.696560955579365	29.384266425955314	2.3060331581070272	29.175202996969887	29.19368941018339	29.209726938252125	30.95986742937167	2.4260428549514117	30.749439749861132	30.768755400988983	30.77075369163443	29.939971888128085	2.185577159356898	29.75361630712328	29.757249957897162	29.760419996738467
2870000	28.95050173641089	2.590434993365169	28.725962405601027	28.732614675937732	28.739088855378117	29.404904684763398	2.235898949268216	29.20803000342006	29.23014415450102	29.232148014348272	28.86333857909322	2.171202790096929	28.668728947838844	28.683741085061385	28.69680417690646	29.41191986622513	2.309834853705504	29.21138413768955	29.219619408191328	29.2266859097236	28.865248744480972	2.1733360436433955	28.66940016419341	28.684531597942723	28.696568378554066	29.38455637450267	2.31217803338016	29.176314230295635	29.19350305428904	29.208704696706455	30.957603560449662	2.4293907539052477	30.745998098427403	30.7685411374787	30.770595072413318	29.94011409858972	2.185564666494931	29.753959671986152	29.757534961117585	29.76047179980634
2880000	28.95145205800625	2.6028170363866394	28.725491827388133	28.732014796582074	28.738865789625926	29.407588801918777	2.2357526838308415	29.21330282043841	29.23041884145878	29.23414653127612	28.86350166650411	2.171186771265343	28.66912350235573	28.683932694863916	28.69705329457601	29.411449843926505	2.3074946553146547	29.210196759620384	29.219599656539117	29.226899994758064	28.86547836139115	2.173315131028337	28.669635474299533	28.684935095370335	28.69671697002215	29.38445700234927	2.309637317862895	29.174664992219498	29.19322298098406	29.210196397451647	30.96042071063936	2.4277824957942613	30.751322072787055	30.768770013206577	30.772394160059605	29.93987075383361	2.1855851418951153	29.753908290121878	29.75722372554604	29.76034269804098
2890000	28.95130586524646	2.598943218448805	28.72530416171638	28.732026519996566	28.738208347726008	29.40714613451911	2.235670831825486	29.214136868497	29.230252841160095	29.232172409152568	28.86366298856438	2.171171075394261	28.669161872678615	28.6839635155476	28.697275504564775	29.411922559259974	2.306083684023414	29.211091320397074	29.219802580998824	29.226762362392112	28.86567158732798	2.1732985050038747	28.669945507932002	28.68502415065842	28.697022759803094	29.385120722471424	2.307565606189943	29.176877425958978	29.19486071046734	29.209336875833202	30.960174321945345	2.4286140218680967	30.751368629709745	30.768676480586045	30.77054297096737	29.939939656555698	2.18597320333641	29.753779843026706	29.757100647867887	29.760471352155587
2900000	28.951333224141422	2.5993442864063705	28.725745403247043	28.732052654723795	28.739165072130177	29.407303108293988	2.2358127799114658	29.213719265192747	29.23008597591174	29.232443070922187	28.86385875432506	2.17115303631185	28.66929984063474	28.684096562744873	28.697332008070234	29.412132972974184	2.3056185985378104	29.211151063563264	29.220184230045653	29.227399891289906	28.865857781788566	2.173281365613247	28.669945507932002	28.685212603290843	28.697141736254153	29.38620376760394	2.307797232761677	29.177478956513628	29.19554938210673	29.21183099223534	30.960680349351232	2.426909973297044	30.751901258878213	30.768479719971168	30.770778150720226	29.94013120224049	2.1859560204653796	29.75375654803936	29.757256265748623	29.760372486473756
2910000	28.952574590331842	2.6056781496778627	28.725973656532606	28.73347678376176	28.739868281984762	29.40614554253248	2.2356283428389543	29.212112422238633	29.23037578099324	29.232822503541694	28.86404254686285	2.1711362043930125	28.669455835397915	28.684378248025226	28.697393274256715	29.41268856655062	2.3066482814036697	29.212230750113605	29.22026445022238	29.227003054086097	28.866048303135297	2.1739519387090014	28.670059464677575	28.68533130498747	28.697228079987852	29.385811432178535	2.308384636330266	29.177389203586728	29.195407688855	29.209258360108187	30.959690199629566	2.429619378553008	30.749953506238462	30.76883290382422	30.771214250506162	29.940374291765544	2.1859463077259047	29.75407235984131	29.757502826202735	29.760759563906362
2920000	28.95254461890289	2.5996060339900526	28.72608627562231	28.733389919949616	28.74030866528428	29.404978941671203	2.2352754550932943	29.208665546139663	29.230292573633484	29.23308657595924	28.864245813088985	2.1711186084716765	28.66974269615838	28.684626204604356	28.69751920194813	29.41207457579513	2.3071494138715636	29.2113347906128	29.219623852299215	29.2270784039871	28.866201536669134	2.1739366052647093	28.67012633569452	28.685588492343257	28.697471557076508	29.385130407045107	2.309291021454922	29.17611308731425	29.194410196488935	29.21012840547104	30.95878531074772	2.431502293972466	30.746712967744966	30.76873041575788	30.771435950814727	29.940501412434337	2.1859338933448234	29.754069070309512	29.757419719708057	29.760712624456474
2930000	28.9517333807761	2.597571127601965	28.72566898993449	28.732633812649357	28.7396502095258	29.405251494926024	2.2371671587024005	29.208442487595	29.2299333166377	29.232624681970485	28.86438906630127	2.1711068395370696	28.669833240129265	28.684873593988847	28.697651768858325	29.41159124194766	2.3087864359724914	29.210434442978602	29.219443789653447	29.226938366930156	28.866417800454784	2.174397002531679	28.670330176731262	28.68571063084364	28.697749141327385	29.38351577528571	2.3106391475936756	29.1733272569779	29.192879734270324	29.20860837904588	30.95826235849728	2.4284454604444856	30.746302225544326	30.76836561117947	30.771043454250698	29.940611990566346	2.186107894564138	29.75418591330943	29.75749378987474	29.760972468757107
2940000	28.95262668469334	2.6052327518521627	28.725458116222477	28.732780573703494	28.739721853172764	29.4070714615692	2.237387940006393	29.213190577693105	29.230176349077944	29.232340153816242	28.86456886074877	2.171088389678064	28.67031005423916	28.684965224364248	28.69769853446453	29.411582465152815	2.309034820917073	29.21085254484797	29.218753478358977	29.226634233025834	28.86659902570691	2.1745730441394153	28.670466403065785	28.68604697748732	28.697900405775847	29.385106022977148	2.3121111332970687	29.176106736785457	29.19404067331721	29.209232298926857	30.960733897613537	2.4340550248453092	30.751078154502988	30.76861219191681	30.770756109603163	29.940267116404144	2.1862893137008155	29.75376548155673	29.757437623073194	29.760760121575082
2950000	28.952249538872742	2.600785538295703	28.725757963348393	28.733012536036725	28.740023297619835	29.404824141040592	2.237596756925085	29.209920069152624	29.229962896493745	29.232617604398122	28.864760863448637	2.1713543106864925	28.670607539627166	28.68519322090784	28.697887490583092	29.411808886673057	2.3063107226034365	29.210603973838627	29.219498077522474	29.227161347689623	28.86679782046445	2.174555362356424	28.670745213259597	28.686121151382125	28.698125727412396	29.384620573033988	2.308466427420205	29.174038823211408	29.194169334820955	29.209866950549433	30.957960284842144	2.4274688847545534	30.747285192991786	30.768413383643598	30.771037984106545	29.94056704064968	2.186372017454729	29.75402583122176	29.75743996865632	29.760835842333613
2960000	28.95162775389128	2.6033687940608754	28.72574557566906	28.73296146503	28.739861347229397	29.40471268273641	2.2354725166810594	29.210026763987962	29.230426637365472	29.23251291542732	28.86501189462611	2.1713323990438105	28.670713983839963	28.68525928095487	28.69817816831301	29.41173758907126	2.303849616019548	29.211491322337032	29.219688309279448	29.226991742255088	28.866938708071444	2.1745429654224195	28.671077255715186	28.68634714913862	28.6982330461773	29.38410156021171	2.306628006252944	29.175467164438146	29.194526721728657	29.209994329858166	30.958370957588926	2.4330012258939937	30.748284626835527	30.768869135667238	30.77092553842332	29.940314329043968	2.186459904871255	29.75383552432748	29.75739785461626	29.760889545817214
2970000	28.95175325568288	2.6006338869125987	28.725635339594508	28.732449557628932	28.739176303878185	29.40642783532742	2.235620382511181	29.211348974325464	29.230371114666454	29.233217854064904	28.865197341236275	2.1713159839608487	28.67084366128637	28.685317747337656	28.698244157992182	29.412167838825255	2.3064200207120598	29.210631720747774	29.22092500810902	29.227643021009655	28.867080073355734	2.174530059823815	28.671661693291803	28.68638085764492	28.698291731919728	29.384882383844374	2.3073843616733236	29.17526770653143	29.1950288592247	29.21095335311479	30.95887818135526	2.425759504547794	30.748833423470664	30.76881451805584	30.77166721769021	29.94049766719228	2.186418064659347	29.754282203329197	29.757533528790532	29.760981627122693
2980000	28.95128032647408	2.599586848602633	28.725412562195945	28.73239625805082	28.739060982993337	29.40674057598836	2.2347686197262115	29.21313133170422	29.22998519026613	29.23288205320599	28.865402184121592	2.1712980629891057	28.670890075625703	28.68586200506726	28.69831696364303	29.41100093340496	2.303349797506818	29.210787500992886	29.219184784813493	29.22621448259864	28.867202081912122	2.174519593530472	28.671830215325798	28.686613282410377	28.698492202962356	29.38397399593405	2.305181710045187	29.176843674358377	29.193817970647714	29.20865805632441	30.95975044313078	2.425007449815283	30.751553620170508	30.768437768461652	30.77132218122057	29.94042115064777	2.1864235297597876	29.75408132445058	29.757732559469584	29.760634917106366
2990000	28.952418516065894	2.6059015529403817	28.725362477213743	28.732150178976873	28.738841875111525	29.40728618556565	2.2349307065840374	29.21408161914331	29.230485858059435	29.233032567470325	28.865596521760914	2.171280441873307	28.671021856490405	28.686025666078375	28.69833779299397	29.41200575855664	2.3052319224925264	29.21136888383626	29.220112899569433	29.227241052127148	28.86739715192336	2.1748184570254856	28.6720161840553	28.686750312298898	28.69881910429043	29.384322682058045	2.3066874761229688	29.177097810721925	29.192959347336135	29.208334897545296	30.95973836516049	2.4257094060299775	30.75222197983581	30.768922223718835	30.771347387180093	29.940263337968457	2.1865628523503458	29.75380536765423	29.757147453445036	29.76081083844861
3000000	28.951550717263935	2.6054737809481394	28.725241977435616	28.732013967429367	28.73894747648857	29.404647388681397	2.235347764929604	29.20747028580014	29.230072669450585	29.232677120686663	28.86580817568282	2.171261509998588	28.6712424712616	28.68647686382174	28.69850198031064	29.411695714020606	2.3055338289339855	29.210576424667227	29.21952054133898	29.227441721623777	28.86762745401051	2.175069692084455	28.672134720233196	28.686910516504255	28.699070365176137	29.38446803437211	2.309362252792152	29.174623986906376	29.19332336982243	29.209638306229046	30.95860972160913	2.431148940865157	30.745638777331504	30.768533645717973	30.77114113860961	29.940054308150337	2.186582593797738	29.753713290813497	29.75725360047089	29.760431917519934
3010000	28.95237503942138	2.6045445629909385	28.725574814699183	28.732656693859607	28.739269318100867	29.405896214431458	2.236821084650044	29.212982941386567	29.22999717881517	29.23310584750885	28.865914703150622	2.1712501931484645	28.671324608774594	28.686593867518255	28.69851171321966	29.41223397119775	2.3066487978520747	29.211398401695963	29.21984296093848	29.22708873489683	28.867783831237308	2.1750554188261457	28.672134720233196	28.68700757568369	28.699194071014926	29.385032314553335	2.3097633971323384	29.176565404435753	29.193441984142908	29.20896214674743	30.959234020971614	2.429038915752438	30.751176596688683	30.768441699160704	30.771427878458756	29.94016622741784	2.1866021081796423	29.753663916556054	29.757671748658773	29.760852341852107
3020000	28.95202223460315	2.6021942295427514	28.7258096741282	28.732300702895735	28.73946957736599	29.40469870011265	2.2367511799634374	29.208043275971175	29.229664561273086	29.232234870150656	28.866114242679476	2.1712335557774223	28.671324608774594	28.68669108312801	28.69851171321966	29.41113144247797	2.3066034303578724	29.21057650209011	29.21916329536206	29.226979439348412	28.86800073849331	2.1750337234944217	28.672245192472296	28.6873809494526	28.699348506717058	29.383401591790108	2.309054279235464	29.17568898522717	29.191825762960057	29.208489090184347	30.95792894961706	2.427561114969202	30.74637816326966	30.76807940479596	30.770654032620264	29.940350705382833	2.186725325594565	29.753805499415925	29.757775246782714	29.76091324064402
3030000	28.95147074291365	2.601048500489091	28.72569484876416	28.7324093799443	28.739207127888907	29.405135820418156	2.2361609028861875	29.209295805138733	29.22946279092632	29.23212724583151	28.866232176343384	2.1712235918505396	28.67142712814574	28.686825847073468	28.698866809593568	29.411306534384774	2.303116868763228	29.21156654077607	29.219659729010925	29.226783651174742	28.868153419707962	2.175020497982407	28.672245192472296	28.687440360815863	28.699569359886315	29.384231965085824	2.305723168882549	29.17623602249912	29.192729534041057	29.2072545605782	30.95751566321424	2.421031073548217	30.74701741423493	30.76789179850424	30.770501535133825	29.940269913073777	2.1867317168217606	29.754038980122104	29.757519933733683	29.760621489854493
3040000	28.95156401386922	2.5978723232224734	28.72545306493821	28.732302328653752	28.738843038033547	29.406868930222387	2.233839964587445	29.21342195846128	29.23025501827731	29.232765800410892	28.866508261248757	2.1721117390689435	28.67146960822995	28.686975649241248	28.69906595910744	29.41132552286675	2.30403217198914	29.211112235864512	29.219150406322026	29.226337301279163	28.868276374963084	2.1750085807268937	28.67237225167913	28.6876417564882	28.6995853394032	29.38492149449676	2.306278818185892	29.17677166483043	29.192869232157197	29.209836008748113	30.960356680852286	2.42857140338197	30.7513827717245	30.76865532143708	30.771033660571003	29.940027525318676	2.186752581506682	29.753731055708002	29.75731317076674	29.760449725280413
3050000	28.9523451238308	2.6016237558851123	28.72621302014313	28.732985650440433	28.739550857155354	29.405079098743723	2.235743937973267	29.210967746920055	29.229862887837847	29.232315982546677	28.86663646490966	2.1720997735105185	28.671554976045577	28.68701933897159	28.699268587953807	29.412372059848742	2.307085299468985	29.21152525612011	29.21960079931263	29.227563214398547	28.868399774477655	2.17536343252564	28.672464814540657	28.687662651604196	28.699598316532576	29.385905982710003	2.3106243654635623	29.17827870008126	29.19503210041897	29.210393179131515	30.958177601466645	2.426565868284479	30.749404539085187	30.768302429471817	30.77065814544836	29.940299481400974	2.1868238435806022	29.753714850063226	29.75737303422993	29.76064937776719
3060000	28.951957064808735	2.596744207743724	28.72615787809987	28.73325069006942	28.739600455377555	29.406476029664613	2.2350374393639494	29.212995620483152	29.23018378204464	29.232599837192467	28.866809332495468	2.1725184207330193	28.672060842668696	28.68705687457063	28.69934587049143	29.41213714718788	2.3035904755028263	29.212536248509664	29.220127097730018	29.226660982675895	28.86854928996766	2.175350220019677	28.672732889329236	28.68790345851889	28.699729910622153	29.38550528845344	2.3054451073486475	29.17785625409251	29.19475537076749	29.20886866945244	30.958884990693107	2.425299652391799	30.750951158758824	30.76864219229929	30.77101918461577	29.940420312409824	2.186812277587585	29.75389099716568	29.757225365196295	29.760649719115513
3070000	28.952751141953964	2.6006212084228943	28.72624604816848	28.732836383570614	28.739917133558656	29.405666512271385	2.2350921190470427	29.211558059923473	29.230054181479137	29.232645089587628	28.867027823793805	2.1728538296732203	28.672096753215683	28.687302457182387	28.699639193841534	29.41215627082162	2.3062551764065953	29.211806147096308	29.220253129024904	29.226734446920567	28.868772522037546	2.1759108615926746	28.67316569810248	28.688102283390734	28.699883470798966	29.385068871550757	2.3083697522181494	29.17639133398718	29.195176157905834	29.20960173225367	30.958685272004946	2.4264005910636275	30.74888230183323	30.76846051444818	30.7709901497334	29.940419414714846	2.1867773375954025	29.754350184351043	29.757463907140853	29.76071300008419
3080000	28.953058874102155	2.5992338519379588	28.726006904324077	28.732952916585656	28.739795029190674	29.40565354659731	2.2353828657518435	29.209025546722188	29.230232055913568	29.23302283604823	28.867213352297593	2.1728371617280478	28.672414213917577	28.687418654467276	28.69967647718922	29.41151352855224	2.3067205425575144	29.210846841092316	29.21987531733867	29.22705428541377	28.868932626173137	2.1758968124781184	28.67326533497023	28.688102283390734	28.699952560347203	29.38504855628734	2.310349619811689	29.176288713129367	29.19398061894296	29.208694758057458	30.958836164410375	2.4308763991474667	30.74726648397629	30.768649431997837	30.77145684382388	29.940446955598727	2.1868405405050604	29.75411729066549	29.757504083033176	29.760635346079837
3090000	28.952240198257375	2.6023636313727536	28.725911659094233	28.732631355840866	28.739822242909597	29.40688371565845	2.235784891353227	29.21304180903706	29.23046380034731	29.23289773848988	28.86746376722938	2.173591353983481	28.672847731368233	28.687516780503937	28.699717874349446	29.411285603848665	2.3046892667108096	29.210415076293405	29.21926708090535	29.226903519967998	28.869039413189903	2.1758878256876946	28.673389297995477	28.688456426807782	28.700105897712263	29.384718571700095	2.306428722956746	29.175899473228974	29.194633972677906	29.21041984544551	30.959854386502283	2.4273183089754817	30.750928409594263	30.768861595904845	30.77125083032781	29.94029857307592	2.1868532060744954	29.754135940284424	29.75742180625468	29.760524479050325
3100000	28.95239160080569	2.5994505078657895	28.725932610342525	28.73316654685445	28.74050768426988	29.407757245624754	2.2356544699727507	29.21439697600907	29.230589347087488	29.233459784375892	28.86762220110528	2.173576606177975	28.673071161383522	28.687621041365805	28.699856459966536	29.411874833213417	2.30754303974633	29.210891827955162	29.220209439303517	29.22741605921503	28.86916533530046	2.1758767293091577	28.673502441454705	28.688510593261064	28.700448649410188	29.38495678686019	2.3095637158917666	29.175460881659635	29.19369158222608	29.210613457569544	30.961579530397053	2.431625230022479	30.7521532638378	30.76901691240726	30.771857819944426	29.940431313176493	2.18684128007508	29.753892015530077	29.75745698243081	29.76055134287295
3110000	28.952513062499854	2.6036343767196577	28.726081766504674	28.73329252994708	28.740239018184507	29.405484414765482	2.2352440625122987	29.2089552195291	29.23030025147358	29.23266364737099	28.867781806218208	2.1735618510701378	28.673361850756667	28.68767117061111	28.70015768124385	29.41184037035832	2.3050826226042984	29.211416990519172	29.21964640319387	29.226858189317998	28.869335604195633	2.1758623370463317	28.673628216907847	28.68866975820095	28.700573171775613	29.385552478151553	2.3077610493478864	29.17697469402593	29.195063050934472	29.20941809374265	30.959250705000443	2.430015587473492	30.746979922690677	30.768743996272832	30.771056838553704	29.940542680559723	2.1868890741940534	29.754052592337985	29.75746786900443	29.760906187887173
3120000	28.95252835749844	2.601339994517458	28.725971283146052	28.732811321295987	28.74057983759802	29.405919280536427	2.2363150050368548	29.209772013612877	29.229952756804554	29.232837375626538	28.86791923670378	2.1735497145343574	28.673535309505795	28.68792320909403	28.700281850376307	29.41208096518482	2.3095892372541345	29.21082306735387	29.219405559887107	29.22740378007393	28.86955712858399	2.1758414877966152	28.673776534783297	28.68866975820095	28.700776215874175	29.38353063539406	2.3118886235250957	29.174236550054978	29.19457576373356	29.208586379124927	30.959272560656167	2.43142681692226	30.74724868230316	30.768354057890917	30.771125420608616	29.940526244584948	2.186890487077318	29.753954880048113	29.757552107422388	29.76066233053202
3130000	28.951742392237247	2.594721613640408	28.725785943992268	28.732687799392977	28.73976726411107	29.40544960290755	2.237806205500151	29.210086507000092	29.230247691991256	29.233011469608627	28.868275579861617	2.173528722058666	28.673653570088717	28.68812079196981	28.700414882276654	29.4123543913106	2.307954017458331	29.211016972799925	29.220065060754877	29.226926419629073	28.86972518906203	2.175825765306183	28.673847857030317	28.688771935345073	28.701276373023035	29.385068005512952	2.3094282948762683	29.17699160349111	29.194186907440944	29.209779373435072	30.958328830118717	2.42404911572977	30.748114048133257	30.76868704011329	30.771428387691415	29.94034025638291	2.1869075184236526	29.753721609130075	29.757312663307324	29.760976629670576
3140000	28.95315282745395	2.6023077023230345	28.72618617919327	28.732981839892176	28.7400844799483	29.40675809847911	2.236151938045887	29.210963635428755	29.230532193496757	29.23313628308186	28.868496781987997	2.1735077685318367	28.67368122848267	28.688364516005535	28.700550028105404	29.412788402655647	2.307053548975137	29.21231231335804	29.220709083522316	29.228359175225435	28.869925962727674	2.175806187053838	28.673942833324304	28.688852620557725	28.70142318169296	29.38715538131844	2.3091906355687994	29.1775007840438	29.195915171682174	29.21149482908484	30.960206060667108	2.4331915711841243	30.74902936121332	30.768969648593842	30.77154834164215	29.940342332640977	2.186907910782853	29.75383626169495	29.75737573606052	29.760687335025697
3150000	28.951044999820045	2.584066108752402	28.72639359994215	28.732954477393655	28.73966269981854	29.40718825761824	2.236145930249461	29.213358059765238	29.230266093448	29.232153153443754	28.868678294261187	2.1734904571717495	28.673789714349486	28.688492179411803	28.700675819533902	29.411691757395044	2.3039423632903864	29.21129233491894	29.219508228845115	29.226935012703965	28.87007191755605	2.175793332817596	28.674043568551575	28.689153277170348	28.70142318169296	29.384430174780594	2.303911451728443	29.17529645513081	29.194756513699303	29.209335540069734	30.960135751609137	2.4190148289912736	30.751865363375714	30.76872895430443	30.770604657755523	29.940537578925685	2.186936359806262	29.753815491862568	29.75732772685296	29.760895875425156
3160000	28.951612091722545	2.5983356426061026	28.726005762371926	28.732629493668043	28.739837898500962	29.40682205519938	2.235899324844085	29.212146807255937	29.23008516673012	29.233059329456196	28.86881061227333	2.1734795294312144	28.67397807534001	28.688811049319874	28.700731241689287	29.412114036904796	2.305517810316016	29.211557897716176	29.220243417350197	29.227330379884606	28.870152730778145	2.1757851867655713	28.67426483859803	28.689208007638687	28.701498588493365	29.385136406132283	2.3074998509484606	29.17658625656402	29.193759488440737	29.211237584788375	30.959881612177956	2.4258442177487	30.750657292213813	30.76854667084076	30.771451186718977	29.94048513047814	2.1869793109488667	29.753818644688252	29.757604842199125	29.760715589929035
3170000	28.951859504089565	2.598215331524331	28.725855436137213	28.73276155899078	28.73987352381431	29.405229888888115	2.2352770117036638	29.209806445511234	29.230108558822586	29.233097820989897	28.869193370355557	2.1734582327270187	28.67397807534001	28.68901173316886	28.701047917474487	29.4115034678156	2.3050999265984817	29.211234933106564	29.219746896612207	29.22688348024378	28.870267533971962	2.175773837621554	28.67459827365183	28.689378706822865	28.7015033481186	29.384408810099824	2.3083751417626877	29.175903641919817	29.19427950041119	29.210398909419624	30.95923212583464	2.4289768769119955	30.748199100902085	30.76856931951022	30.77155323906841	29.94055641666496	2.1870126358431823	29.75413457769227	29.7575735771063	29.760752144012606
3180000	28.95109976206333	2.592374585466777	28.725548781878537	28.73244768253926	28.739653003007408	29.40601633109387	2.2357338884897766	29.210054619465588	29.229683874558386	29.232101194775584	28.869373040736463	2.1734390927594283	28.6740572514181	28.68922244770097	28.701047917474487	29.411594548873605	2.306659865523475	29.21133727837895	29.21935199266211	29.227078286305737	28.87045711092637	2.175757423274358	28.674891242083927	28.68966746982701	28.701626883307856	29.3845153118044	2.3081410400036217	29.175569906359538	29.193765301253556	29.20828891073444	30.959133363908403	2.430546795698491	30.74822253953438	30.768056910550765	30.770526543639043	29.940481627790998	2.1870199968070243	29.754014840308393	29.75746313751778	29.76090220558968
3190000	28.95198576244447	2.6027636777246816	28.725790943821274	28.732718902440542	28.739404332496232	29.4063670033444	2.234440807354928	29.212166888301702	29.23022049841555	29.232357210767837	28.86948432094886	2.1734296283890067	28.674098950984664	28.689278703120355	28.70112068068707	29.41120394497308	2.302835372756913	29.21097827048291	29.219015259323307	29.22685527828402	28.87061308809042	2.1757431650462116	28.675075668889253	28.68974455484255	28.701658576812527	29.385126810280582	2.305635115128391	29.175678961949153	29.19335890694154	29.21010520184936	30.959272061216783	2.4246736050100055	30.750351364424635	30.768657585669413	30.770807723670856	29.940144419540538	2.1870479566052934	29.75362032950533	29.757167041351618	29.76058115586643
3200000	28.95138250646938	2.597308521628733	28.7252066443169	28.732471579178362	28.73939930719475	29.405121583789775	2.2355312587755054	29.207608499196535	29.23013427639913	29.23272266116294	28.869595074988997	2.173420297493039	28.67428216254342	28.689387373724564	28.70125338098151	29.411736459510927	2.305712073378398	29.21098613362976	29.219746028111885	29.22772496423586	28.87079144535118	2.1757279145300834	28.675307203152617	28.690006249631377	28.70174124348148	29.384227748718896	2.307007266595259	29.17459457050576	29.19334769207112	29.209601460459254	30.95714815429653	2.4207747407914715	30.745770373542616	30.768576375086177	30.77118163694307	29.940329533221885	2.187030844720487	29.753641346260686	29.757217252966306	29.76063776795756
3210000	28.950830192825123	2.598057740428354	28.725341671079907	28.73233998253751	28.73883315003639	29.406430865621786	2.236134081933677	29.212211512599247	29.230114837758787	29.233726121968683	28.869790325892232	2.173614381265869	28.674802717078343	28.68971254017923	28.7016070470951	29.41139138047795	2.3060698407806868	29.210866877002843	29.219781078770048	29.22650407042186	28.870979145425668	2.1757092481315157	28.675308778516992	28.690083824152687	28.701795933406387	29.384094993097605	2.306753993348403	29.176341847920558	29.1937488287627	29.208127289763798	30.959616114313484	2.4286400223874622	30.75055002262561	30.76857465367437	30.772191506786946	29.940332291447113	2.1873772318019	29.753748628682313	29.75721714788397	29.76054477589595
3220000	28.952579383115896	2.6001816038034447	28.725955430041875	28.73319129946516	28.73968363513468	29.406248263852618	2.23481701305666	29.210136682650948	29.22952554085147	29.23224504139192	28.869974292065216	2.1735974681759536	28.67495490231742	28.689985160827646	28.701736646069392	29.4121838386506	2.3050563520776097	29.211138188831804	29.22028986828512	29.22778274753497	28.871154015643846	2.176071913601091	28.67535063529477	28.690241539368465	28.701824315586585	29.384949807163903	2.307138575669757	29.175654494738026	29.195128277819165	29.209688908291064	30.959750612740418	2.4256568460458667	30.748448016126467	30.767948141098728	30.770685817069584	29.940597899184755	2.1874486673723514	29.753897602214824	29.757755445397343	29.761123687845167
3230000	28.952141526811506	2.6033305062408254	28.725339192123556	28.732663097184194	28.739766685637626	29.40433097177484	2.2361617619195027	29.208619399890335	29.230059591633754	29.23214426186936	28.870133641652014	2.1735830715019846	28.675102239118615	28.690071139170918	28.701769269541582	29.411727774773404	2.305260483834312	29.211510052749944	29.220366355564302	29.227391687718487	28.87124012485905	2.1760641508711944	28.67570716933252	28.690295740538755	28.701860465090288	29.38335410115825	2.307830073966067	29.17326432868031	29.192553082964146	29.208523915311456	30.95720648862479	2.4271029330942975	30.745744615165936	30.768493078205637	30.770562218170816	29.94047454347381	2.18745424488033	29.75394927904718	29.7577983493976	29.760868644947518
3240000	28.95092509279838	2.5915286886655933	28.725308532683876	28.732526148746764	28.739814364013643	29.406197883382433	2.2352381920692475	29.21064706470547	29.230308103714485	29.23308145614317	28.87027799809784	2.1735705433684727	28.67537933829292	28.69010744090407	28.701829465376107	29.41236122486664	2.306209319394933	29.211361928174483	29.21981984601981	29.227641192091337	28.871382282826016	2.176050689046168	28.676066347278798	28.690295740538755	28.701915861889503	29.385666552360828	2.308210006252337	29.176432406401553	29.19495230001501	29.209954374457503	30.95952512895418	2.4282235620653716	30.74843143611702	30.768757482659698	30.77150080460644	29.940502765831187	2.1874523141122157	29.753986089820145	29.75782769494323	29.761031486083958
3250000	28.952010656804838	2.6036958486892914	28.725286349363785	28.73250551200474	28.739765824558457	29.405855796821832	2.234268823021465	29.20788914669828	29.230022099933233	29.2326324503111	28.870506874827345	2.174536139996464	28.675836458596486	28.69023393978174	28.701959170361068	29.411440204088965	2.3057244184729617	29.21091112359705	29.219253161650037	29.226883950525732	28.87158877049364	2.176032858083909	28.67619634448825	28.690460201234806	28.70200580780545	29.38494437566339	2.3075959690044474	29.17451256764458	29.193726066790784	29.20938758176092	30.959562887845202	2.430104286020181	30.746257152933353	30.768388340827396	30.77104305035222	29.940331926260832	2.1874680559051085	29.75404146096644	29.757421933683663	29.760947651750595
3260000	28.95204671846105	2.600487144004204	28.72524459038052	28.732730499840102	28.739943942240988	29.40507172802174	2.2362007225006906	29.20961001183398	29.229981231990255	29.232353226476818	28.870613362189797	2.1745244633723	28.675999470089522	28.690245778491125	28.70216702668675	29.4117888957889	2.3055639146264535	29.211178434030195	29.220261503041762	29.227534988703198	28.871744601302396	2.1760194847974916	28.6764707424345	28.69082215650541	28.702180511677653	29.3837745312352	2.308210181898995	29.174320851223182	29.19375638602103	29.209524810071652	30.95826217733993	2.4283768039891505	30.747691802270726	30.76834773557243	30.770739583725078	29.94037379218446	2.1876202811897585	29.753961043697974	29.757673542349	29.760867430100483
3270000	28.951153394517988	2.589771676785409	28.724628904320582	28.732446285528418	28.73998353209202	29.406221153998136	2.2372738956149356	29.210295730102708	29.229903698406154	29.232462215826413	28.8707922540001	2.1745085832768396	28.67603214493838	28.690438557196753	28.702500272506818	29.410865153352876	2.3061076330630423	29.210183631367055	29.219041169100286	29.226382040421743	28.871872112920443	2.1760067666861302	28.676500038495863	28.690998958687036	28.70234454645786	29.38253379300089	2.3080695268839215	29.17314296584258	29.19130065203887	29.207826985639382	30.958510414344175	2.424292917513886	30.74784622242382	30.768255002453362	30.770753913057998	29.940257538874818	2.1876301604958446	29.753704012559833	29.757370272594564	29.76097014754187
3280000	28.951736441291704	2.5944641442261513	28.72507332149963	28.732464426568136	28.73984883744338	29.408851035203053	2.2347487077099326	29.21703759574528	29.230634133223077	29.233479098708745	28.870947391237213	2.174494862617805	28.676359597471624	28.69068720909885	28.7029017481579	29.41250141193252	2.3035026336996127	29.212654863497022	29.220976033195488	29.227971137684115	28.87201814693636	2.1763266408069986	28.6766685407293	28.69111726503038	28.70269374925549	29.386523413301504	2.3055416893191087	29.1779363779878	29.196170165479444	29.210075311792586	30.96122457328337	2.421528421618554	30.754618129853753	30.76905126765094	30.771889280931006	29.94020108998971	2.187567699105258	29.75361393452075	29.757431967310275	29.76089934782731
3290000	28.95282605657406	2.602171064526654	28.725609863258107	28.73265582149002	28.739964806845748	29.404748365323613	2.234966596618018	29.209497015627967	29.22946655375251	29.23185125882376	28.87109563113376	2.1744814102206154	28.676359597471624	28.690748428573073	28.702936700693588	29.41158617884345	2.305656198912716	29.210704458628662	29.21969415081392	29.227625897315924	28.87209781782781	2.176319502336405	28.676760348851467	28.691181761036447	28.702736127946658	29.38500113554673	2.309781369672537	29.17530615740021	29.19406415109463	29.2094921536494	30.958782998155264	2.428631606860353	30.7479251621216	30.767863436500534	30.770212774733515	29.940234294826066	2.187564964665739	29.753822735043915	29.757496064311226	29.76088023229476
3300000	28.952230680173052	2.6032408075191684	28.72588875490969	28.73261355041047	28.739693798168272	29.40404723133992	2.234870407954099	29.20883040512835	29.229721099154858	29.232160772179235	28.871246787366868	2.174467294257977	28.676577323057494	28.69116722073687	28.70297637199486	29.411556326566156	2.303475503643523	29.211025860304645	29.2200568273227	29.22731398538265	28.872252125417972	2.1763040354787093	28.677022900910885	28.691517040019534	28.70303920989788	29.38363636377845	2.306523959566683	29.174140402476848	29.193780897093617	29.209838137686656	30.957376207958582	2.4286890700945385	30.746919460899328	30.768099630161124	30.77053673235852	29.94037155971232	2.187477870027436	29.753955425981566	29.757406266204057	29.760628794609975
3310000	28.951841536418932	2.599541710022626	28.725780059599995	28.73273951877215	28.74035471623862	29.406305942503135	2.236219042561301	29.21034499587787	29.230384953720815	29.23285426036886	28.87159885374437	2.1744441288931973	28.67664659475	28.691193963574136	28.703133344638996	29.41263213118096	2.306257246193488	29.211557308156966	29.220203658108606	29.228087632945535	28.872400192690257	2.176291259466417	28.677548613422903	28.691650312590838	28.703258810622373	29.38596418725877	2.3093104902884525	29.177064280336076	29.195240524600003	29.211505006741707	30.9585588743276	2.4287725840813295	30.74813229858988	30.768832149975115	30.771212787250896	29.940252076996625	2.1878304473467463	29.754150632250546	29.75765806188652	29.760877656294518
3320000	28.952189062633288	2.6021052474819832	28.72624937424894	28.73319384815847	28.739815447683796	29.406250145085288	2.2359858207420076	29.213703499426934	29.23019517837352	29.23278693362555	28.87171397821244	2.174430408993197	28.676752134102166	28.69124285980127	28.703186095421582	29.411437672674637	2.3059113425511217	29.210971222845735	29.219421647433297	29.226879959244926	28.87259389143776	2.1762735623131	28.67763953116444	28.691825675013398	28.703300049622502	29.38454655772191	2.3078615602203993	29.175658832108436	29.193164950358316	29.208913189527298	30.959859333934023	2.430287942743861	30.7519369929515	30.768590398391602	30.771167986930053	29.940262016246855	2.1880368638594856	29.753696025321503	29.757600842558855	29.76091345980461
3330000	28.953049104955863	2.6025078069017216	28.72622608117655	28.733407149602428	28.73976107969922	29.405944234149814	2.236616467082211	29.211286506993748	29.23019168161198	29.232620694888357	28.87188199194482	2.1744152474198746	28.677061136561818	28.691456553151525	28.703413099919736	29.41119652234484	2.3086104929030946	29.209875521789616	29.219285559250977	29.226207580134925	28.872720716733422	2.176262536929183	28.67823837652629	28.69185957536883	28.703363554129087	29.38360577439431	2.3114598686831407	29.175486026250493	29.191854679847694	29.207689404990106	30.959500907203967	2.429943269682511	30.74960512394808	30.768631369679408	30.771047369715866	29.9403370386648	2.1881440712172244	29.753996158594468	29.757533311287077	29.76086106036813
3340000	28.95281759158756	2.6034884598504022	28.72610322471244	28.733318735813327	28.73968880186354	29.406482224026963	2.2356603384207587	29.212956660630173	29.23019111387404	29.232126473208062	28.87207086866828	2.1743980283379667	28.67744416888925	28.69164818869243	28.703413099919736	29.41178543181341	2.3053902405149906	29.21088333463944	29.219883144629136	29.227227373394697	28.872840214528733	2.176252324235833	28.67809923719978	28.69191552753176	28.70346932570022	29.38476066494179	2.3066588842857163	29.176270625352053	29.19498567761429	29.210411069865494	30.959397204428683	2.429233405310598	30.750758427272043	30.76859578552548	30.770572395460213	29.940546503786457	2.1881252752369362	29.753875583725517	29.757748698017934	29.76086632268359
3350000	28.952165649903215	2.604934722293426	28.725593772994753	28.732899038330416	28.739702613420164	29.40596651274596	2.2368043403999693	29.208542727230842	29.230035147644053	29.23251350700189	28.872220030570958	2.1745576484550218	28.67744416888925	28.691735922171535	28.703467694952984	29.41145993358732	2.3058931860925043	29.211146216241396	29.21964365657681	29.226922232240376	28.87295473957248	2.1762406937931904	28.67809923719978	28.692073193119903	28.703506026520987	29.383877575811912	2.3064482614354356	29.175367021773486	29.19258814273862	29.207906788686124	30.9587152476758	2.4233555699982676	30.746511245175505	30.768478169959394	30.770906638894008	29.940577253824003	2.1881216906889684	29.753748134834762	29.757600165861028	29.76086246348966
3360000	28.951121303805863	2.5994004467077514	28.725355598685503	28.73259285718447	28.73990191581246	29.405068866012755	2.2360710720280186	29.20809117886956	29.23024850937966	29.23259214781735	28.872359794203582	2.1745451387862724	28.677744270069454	28.691822528292445	28.7034958833928	29.411836834995036	2.306098395858545	29.211329679068296	29.21932492299382	29.22691350026565	28.873065470521073	2.1762289130369337	28.67831033523281	28.69211244363411	28.703529795817275	29.384341167210934	2.3094693734212535	29.17363176915112	29.19400777508872	29.209155578094638	30.958371724250267	2.427809210042087	30.745942256543586	30.76866184113407	30.770861833845153	29.940444985788577	2.188141345934056	29.753678859693675	29.757287172874634	29.760810945269093
3370000	28.951465345951018	2.5970743312697144	28.7263365920235	28.732965345239187	28.739573201580438	29.40629204415791	2.2359988152666195	29.208871832802142	29.23014781205176	29.233052079232458	28.87281372179807	2.1749867972201375	28.677946504218525	28.69201685996065	28.70356333345845	29.411445038662933	2.3055641536695726	29.2110327575569	29.219399984652284	29.22702854992422	28.873180090559615	2.176218399507423	28.678351665159923	28.69220315231916	28.703529795817275	29.38426913438087	2.307979374516755	29.174446106739218	29.19253110025694	29.209910761824258	30.959191414631132	2.4279927427895753	30.747276396124814	30.76853427011494	30.77132609277941	29.940261394334765	2.1881578708574536	29.753832073375793	29.75710638209761	29.76036663208706
3380000	28.951238427252356	2.594355540228032	28.72566678552188	28.732647872482843	28.739582217837416	29.40579135720674	2.235422890925279	29.211759428707115	29.230122656130007	29.232523116938765	28.872956707016552	2.1749748060298097	28.677952084587243	28.692203987466037	28.703816430450097	29.411973369017353	2.3063741218092066	29.21070706423335	29.219447782997356	29.22785631239985	28.87330533377752	2.1762073419878396	28.67860628009866	28.69225619354074	28.703671865781537	29.385305090423415	2.3099444218227316	29.176079112890125	29.195022563599565	29.210517299679154	30.95897248933381	2.4266029475323827	30.749105179551258	30.76853326395925	30.770919414739996	29.9403242472678	2.188151714874098	29.75384828176908	29.757236373986245	29.76034036783841
3390000	28.951853899185	2.6020263892251165	28.725655630507337	28.732580400088573	28.739531421187557	29.406915187514223	2.2352514780195105	29.212184530233323	29.23041910604197	29.232871227574012	28.873114957811726	2.174959431820301	28.678046594425595	28.692415332078664	28.70379007453155	29.41226851616272	2.3046956139285175	29.211756229368483	29.219804513557243	29.227891657363212	28.873444969308537	2.176194376863568	28.678729643273513	28.692463387490612	28.70370102048897	29.386108040427736	2.307366762364351	29.176776392181047	29.194614194890192	29.210591997415303	30.959869478150093	2.4302417543672825	30.749394493320636	30.768860433736762	30.771223124287904	29.940393477815302	2.1882809740100733	29.75376048684525	29.75735857773065	29.760566181726315
3400000	28.950932553133093	2.5855517516827766	28.725999660873306	28.732750378346545	28.73937643420315	29.4044794843522	2.2358050012892168	29.207037327694373	29.22988649084455	29.23222921358915	28.873302340567786	2.174943346624935	28.678427130813972	28.692613947159124	28.703944955881216	29.41165637296963	2.306769566413311	29.21076825461887	29.21967787149832	29.227185344488426	28.873623814781926	2.176178187738577	28.678986660687418	28.69262520275159	28.70401328068981	29.38357853487215	2.3077750372818584	29.175133639052333	29.19201559027642	29.20898493431055	30.95739806263905	2.4226282678760866	30.745561240672558	30.76834107573397	30.770678584816054	29.94053210359519	2.188270567879936	29.754124681400455	29.75747632972901	29.76081054927313
3410000	28.952542766439777	2.6033414311145453	28.7257126537911	28.732773890591567	28.739265904219884	29.406534330040166	2.235789239672313	29.21311088034544	29.230476859781298	29.23365311020904	28.87342835778075	2.1749327748968295	28.678527746818403	28.692749693123282	28.703962602668792	29.41151182580792	2.3067292704880913	29.210170472062934	29.220057549021767	29.22699183939963	28.873768186795314	2.176164860984696	28.67904336524341	28.69282835971187	28.70401818529983	29.384531911867114	2.309031641740327	29.173411429999376	29.19437309239488	29.20957523751905	30.960171585109187	2.4268259586514715	30.751610375584185	30.76893916668481	30.772085763886558	29.940430167622527	2.1882782905211986	29.75373108750173	29.75736804976894	29.760780762795623
3420000	28.951919175282065	2.5950208083881363	28.725658638617645	28.73292314322697	28.739470022783568	29.408096680198565	2.235953556949358	29.213576762155668	29.230188049906513	29.23284186160791	28.87358671264164	2.174916839472301	28.67884474775326	28.693052699797413	28.704077978293387	29.411692613008718	2.305422456639831	29.211369623546435	29.21987015768328	29.22672609067118	28.873888943245618	2.176153449621844	28.67910490226322	28.692972627354724	28.70406513944303	29.3855502208587	2.308107554510667	29.17833520306042	29.194318852090966	29.210058832189908	30.96113661978156	2.42183250188293	30.751711008973135	30.768491149420463	30.77116461173424	29.94044134775174	2.1882766839329006	29.75394635687631	29.757247288657556	29.760622310289406
3430000	28.952993736791917	2.6042170191474923	28.726228439026205	28.733309680643522	28.73985740507177	29.405451722737048	2.234604570013961	29.20859936741785	29.229829715934514	29.23196547480236	28.8737078689876	2.1749065365683604	28.67911171946462	28.693396071567026	28.704152952800037	29.41158903570386	2.3047810401920232	29.21075758546092	29.219527576743065	29.22675140182049	28.87404661518005	2.1761393029105336	28.67927568234017	28.693125872386467	28.704213727168305	29.3849010578954	2.308605434951786	29.17587469999494	29.19376504025241	29.209564876140977	30.95864438370996	2.430655516655155	30.746795434762678	30.76820033848829	30.770339995274426	29.94045944071943	2.188275808978605	29.75383127314744	29.757527971492376	29.76063840325378
3440000	28.95231028181297	2.60297972224231	28.725730372820145	28.73318625159264	28.739907479237495	29.408020699789574	2.234634207134756	29.21447442495722	29.230582005441242	29.233430062301114	28.873870793634698	2.1751584062733933	28.679254414988005	28.6934974879821	28.70456136892168	29.412990916198606	2.3054038934991157	29.21243872166017	29.221001509879557	29.227927004986853	28.87419971824113	2.176125468417163	28.67952297128383	28.693399047401705	28.704455813789874	29.38668996270252	2.3077956116317724	29.178657544855234	29.195542597505174	29.210874142780263	30.96127766999551	2.42791111396106	30.752893026816757	30.769028223750006	30.771875204941026	29.94070983277128	2.188254192215662	29.75397756407247	29.757591785472442	29.760807241907216
3450000	28.952680344086705	2.6048109195276368	28.72574818028586	28.73295584414906	28.739788829875256	29.40551972327461	2.235334737046665	29.21030372418668	29.23028090606258	29.232687129971097	28.874046397738606	2.175143012358404	28.679413546176928	28.693905697002457	28.704803511958257	29.412247509942233	2.307575941182694	29.210880671098916	29.220026511168186	29.22744711790836	28.87431864402163	2.176114027972814	28.6797527198016	28.693550096671864	28.704527821249492	29.384240318736346	2.309741334855137	29.175048118227814	29.194030984941698	29.209428984593842	30.95854282385643	2.430694823780253	30.748374684520567	30.76866939020651	30.771006776725855	29.940910651055972	2.188236852107558	29.754102905400053	29.75766673460818	29.7609945148059
3460000	28.951410140916277	2.5967617999009036	28.725559134849714	28.73249354996675	28.739159031897593	29.406030986604435	2.2358336655429003	29.211940118285828	29.229914666461323	29.23238518080717	28.87439311551078	2.1751214222130377	28.679843020790976	28.69415097271052	28.704893928452467	29.411364243947915	2.305765941044458	29.210832954778002	29.219579880094848	29.22734252159943	28.874476603675785	2.1761007539616175	28.680307227322604	28.693628510278888	28.704656585315675	29.383627903232053	2.3079663599464206	29.174490035742004	29.192926439777604	29.208378147379605	30.959360199404703	2.4258214367172535	30.749992690612057	30.76832187882183	30.770792881080105	29.940572861496516	2.1883575310501264	29.75388359110356	29.75759427298706	29.761009552571075
3470000	28.95258156631093	2.599533371866344	28.725319761440876	28.732285634549985	28.73972917102543	29.406791508102167	2.2358420068529323	29.213091453046072	29.2303491422757	29.232541320592077	28.87471504978684	2.1751362656431183	28.679725893748426	28.69415097271052	28.704959914338577	29.41207112017556	2.3047465845934623	29.211757516487417	29.22030308935863	29.227016070249945	28.87459660863437	2.1763469456595557	28.68066600364358	28.693741949197246	28.704674549332285	29.38536549984645	2.3072111500843753	29.176519637049612	29.194344542702513	29.211678737042277	30.959344953513	2.4221620532327566	30.751078060382245	30.76877665083569	30.77097477065967	29.94066916067956	2.1883479918446263	29.754051772887216	29.757558595406906	29.761041386787305
3480000	28.952357704341175	2.5964538300411717	28.726127389092866	28.732883177261307	28.739995382993403	29.405764801837545	2.2363154307477338	29.212792482846247	29.23023028292269	29.232698102317467	28.874876079106926	2.175122344393845	28.680163975950805	28.694259700849578	28.705093041099772	29.41256987860959	2.306331313434065	29.211502425992148	29.22042078137858	29.22767139350765	28.87467413883085	2.1764791082408914	28.680709961883593	28.69392352998012	28.70473057395299	29.386718206412553	2.309165544189729	29.176868801485114	29.19595970149718	29.211503733894432	30.95894784556361	2.4252714491944736	30.750672734896682	30.76860689068397	30.77110233834135	29.9410560493123	2.1883133079177863	29.754568022377928	29.75797430755718	29.76069956438105
3490000	28.952490366532324	2.5990427359156056	28.72593985367915	28.732543328146697	28.740061982467818	29.406738688941918	2.2353014363704538	29.212933411401657	29.229884943139872	29.232327188081946	28.875007387792994	2.1751101595566786	28.680423468946593	28.694277725154485	28.705216861422347	29.411338030078497	2.302806164462562	29.210040088826553	29.21950918722478	29.227545117978625	28.874843113587556	2.1764641522297916	28.68076550922927	28.694156049682704	28.70480068574224	29.383784957986954	2.3055267590628343	29.1737936839981	29.193138231942527	29.209072745596906	30.959820970938928	2.425299603497867	30.750630174636193	30.76828420362972	30.770723791109354	29.940966366394065	2.1883491236031145	29.754530574589623	29.757639397949546	29.76089734729752
3500000	28.952242093900484	2.6021637253276966	28.726100892350722	28.732593923949878	28.73955399858916	29.405864129939843	2.2359062090117123	29.210892064228325	29.230475112170083	29.233629153758237	28.87519566484177	2.1750935770146835	28.680459259160894	28.694673754061675	28.705289783806805	29.411902527434542	2.3055815660978807	29.21077969690409	29.22003282265421	29.227363288532445	28.874949106143323	2.1764549102894857	28.68077230092849	28.694264094584362	28.70488899010953	29.385118585180102	2.307650922811109	29.176533707802587	29.19397828367954	29.2093872327285	30.959305175829094	2.427899924675336	30.749191179765013	30.768885959712136	30.771889105894907	29.940824707888456	2.1884403487015724	29.754345594125937	29.757635675661245	29.760914102881454
3510000	28.951224339615887	2.584088617231941	28.726137702366984	28.733267598607412	28.739620692738367	29.40657265779589	2.235068092086932	29.21059469324546	29.230534772356016	29.23286769833261	28.875342839250546	2.175215418693588	28.68071766794976	28.694752421969966	28.705325526542406	29.41126845237023	2.3001428866012037	29.211144042907755	29.220426695933334	29.227158804495318	28.875066231589805	2.1764443774934015	28.680964052248058	28.694434856282566	28.704967618553734	29.384785287495852	2.303313896973942	29.17598269262364	29.19535975912037	29.210020119218257	30.95895918967465	2.4181701530727673	30.748908197260697	30.768986135811183	30.771155124603983	29.94070897215619	2.1884501672077197	29.754235020713573	29.757633689411183	29.760856214670476
3520000	28.952317276353902	2.5994161607380866	28.726045084612277	28.733162955926	28.740565040818925	29.407363243556997	2.2337110649132375	29.21248737835839	29.230402908206145	29.232874462884062	28.87549770404331	2.1751999593129394	28.6808077892039	28.694899506221216	28.70537910205276	29.411398997973137	2.305611583532385	29.211320281585287	29.21951493890561	29.22662666719857	28.875225291860705	2.1764302790759626	28.681142033858524	28.694434856282566	28.705057123160778	29.384557359596972	2.3066110976216163	29.17486269574166	29.194616245126802	29.210215401474045	30.959913879854067	2.425636968885795	30.7501636280612	30.76881930382718	30.771180373729734	29.940701015989546	2.188452110807009	29.754024271890096	29.75755466961389	29.760881129925945
3530000	28.952397567600666	2.6008596454866644	28.725675427276997	28.732800916161196	28.740530427671345	29.406382462237342	2.235005973075283	29.21276070764781	29.229774327680914	29.233098960554216	28.875671602628127	2.1751831257931	28.6808077892039	28.695083982867814	28.705535307987383	29.411728850224005	2.3052826474443577	29.210917526233654	29.219531631227213	29.22737480295405	28.875338998600885	2.1764202485100115	28.681708169319204	28.694606134394164	28.70532596489054	29.384033778667334	2.307548775928546	29.17454913833268	29.192803700155153	29.209757033362603	30.959472165440683	2.4232255586601505	30.7510075551086	30.76822205055651	30.771535962159163	29.94075555590586	2.1884464217166544	29.754051753269902	29.757549645184817	29.76066175325662
3540000	28.95085062012148	2.5905524319574735	28.725970695858226	28.732897012723	28.73961330876608	29.406715089975194	2.235352230159808	29.21199601510916	29.23030013997332	29.232569432646336	28.87587605081259	2.1760080960847032	28.681191352110506	28.695232219546945	28.705579648137515	29.412387933304103	2.3075793548274133	29.21141356388255	29.220503755208092	29.227480600249518	28.87548721809982	2.176405145963251	28.682345541964246	28.695025818188913	28.705400033316486	29.38555611990934	2.3103200940387834	29.175629596692232	29.194379083806936	29.20964599473012	30.960272932726454	2.4281691691050344	30.75040809840327	30.768750665014718	30.77094608686148	29.940622053787052	2.188459368959514	29.7538961381202	29.757731707942575	29.760917779004643
3550000	28.952295757183006	2.6018613282186007	28.725865817862363	28.732602169680032	28.73939578922963	29.4066593031372	2.235974672851307	29.21326463542347	29.230123387311004	29.2328256950155	28.876013183386327	2.175996231236854	28.6816158233001	28.69524104023906	28.705655343753214	29.410884489375544	2.3050749333755145	29.21029449092418	29.21944662854864	29.22614811532734	28.87562820976325	2.176976822636733	28.682401934573793	28.69518153928035	28.70548051475378	29.384050130211776	2.307591056470675	29.175628113102913	29.193639107150155	29.208964370780603	30.959402030609375	2.4272098325693054	30.750401043503153	30.768545416559277	30.771251194080676	29.940516744387157	2.188512787308302	29.75411127188	29.757488909797544	29.760666254908298
3560000	28.95232201578569	2.6015747253083714	28.72514153959808	28.7321539859956	28.739455025680627	29.405845690673054	2.235606394625867	29.212259213777788	29.23012053620573	29.233255971047065	28.87628152112861	2.176792648837941	28.681896716387694	28.695278500410403	28.70583284047843	29.41171808397253	2.305427224794999	29.210399226755037	29.219811678853688	29.227030148673357	28.875724566705266	2.177230066630349	28.682447442428867	28.69528075488265	28.70548051475378	29.383982440592156	2.3062751544828513	29.176204403886302	29.19367929625024	29.209100864801552	30.959084788421954	2.4264720420542414	30.750522505166742	30.76852434648548	30.771660248365386	29.94033434411908	2.188528420107695	29.75370526925405	29.757209818729244	29.76078818467851
3570000	28.9522909252086	2.598258649942192	28.72527750885539	28.732626755018916	28.739670072335684	29.40635975756734	2.233813784637984	29.210926733307545	29.230198324450217	29.23310417372855	28.876439763637435	2.1767790827132676	28.68194991867804	28.69542998789403	28.70590540114517	29.41197625178472	2.305875140172339	29.21113509798559	29.219913228031395	29.22787511209021	28.875881119908048	2.1772154859671224	28.682667700778083	28.695333816194175	28.705747558381532	29.38451704605926	2.30785721334466	29.175689796026685	29.19517080437378	29.209741317211808	30.96067515494221	2.431216826427794	30.74902392264675	30.76858194300864	30.771389979922205	29.940329303691414	2.188529151586915	29.753851751233825	29.757396754176256	29.760422278765073
3580000	28.95228337106496	2.5969011339181813	28.725822555107527	28.732656736155818	28.73957195963523	29.40663151650026	2.2366679667534384	29.21138532605834	29.23019928457554	29.232626610137466	28.876614801161114	2.177089026604885	28.68220303971724	28.69543604902921	28.706025952260607	29.412399417685346	2.3090897369442294	29.210769363861644	29.219921955067342	29.227395004875895	28.87600085493339	2.177204730422674	28.682677107787175	28.695338806681637	28.705770134605924	29.385146511242795	2.3102820459062303	29.176049825260588	29.19454520183905	29.209060972396166	30.95995927151018	2.4288251260185922	30.74960610881905	30.768637094787863	30.771019802606965	29.940278346983945	2.188700989395771	29.753778524674615	29.757591554351553	29.760751132031157
3590000	28.952526635571193	2.606490514690983	28.72504203020339	28.73245086508266	28.73955556396374	29.40720247500821	2.2365855502823497	29.21474790259313	29.230284539332303	29.232787693638965	28.876735968284997	2.1773977645294527	28.682690346783307	28.69543604902921	28.70621338931899	29.411637826417167	2.3066608237976296	29.210833194446785	29.21932833368807	29.22683298413236	28.876194794001982	2.1771869401558854	28.682752909677895	28.695368494155897	28.705770134605924	29.38539199996547	2.3090682430188094	29.17609576856484	29.194975348199705	29.210668955720926	30.959800996114758	2.4295334769346026	30.751978384363987	30.768671324370175	30.771098862167097	29.94042951948057	2.1886855440431345	29.75367866954873	29.757530396804142	29.760835296428457
3600000	28.952082399170973	2.5941951059585606	28.72558403546701	28.732824490346935	28.7396337085659	29.406185512623317	2.2370488275667477	29.21056566629828	29.230119073465076	29.23275869466397	28.87686954643192	2.177385237757949	28.682690346783307	28.69573559479458	28.706274541499106	29.412758105891648	2.3074483953754124	29.212062321655754	29.22029740975885	29.227264673297476	28.876370963293933	2.177484115093957	28.68303891914644	28.695493616960377	28.70579284306789	29.38562750328778	2.3094571058547264	29.17768167428443	29.195104075336754	29.20960304946057	30.958771384492177	2.4295697306222017	30.74856645073989	30.76852282906478	30.771152932094118	29.94065300187644	2.1887347726031146	29.75400387915223	29.757465819195673	29.76075720574204
3610000	28.952692079730653	2.604752337479557	28.726423557643148	28.733005620899924	28.739733244626308	29.405160426371403	2.236406128308741	29.210608593465444	29.230434829322178	29.232421931147634	28.877006608638094	2.177434356933932	28.682690346783307	28.69593524303205	28.706399732301097	29.411615040188604	2.304305264409339	29.211740997223515	29.21933410426665	29.227306889515006	28.876723773145265	2.1774610849164437	28.683411261205478	28.695527326399244	28.70596792300202	29.384907092695325	2.307145908928409	29.177110601885026	29.193551782302933	29.210384563101407	30.95846182951517	2.4273758460180077	30.748424063967306	30.76887906719991	30.77085517814378	29.940601219444297	2.1887389300116054	29.754059623609606	29.757330158382338	29.760741283927153
3620000	28.95225733043031	2.6001101428357565	28.725832522929412	28.73290557128646	28.739972687995376	29.40573596496087	2.2339100016790665	29.211478509096963	29.229983352009253	29.232168086498163	28.87715523164237	2.1774210793570057	28.682758978703262	28.69607679288046	28.706588243606372	29.411059389518645	2.3025034197415475	29.210678588734915	29.219216570222542	29.226849088919995	28.876950620363463	2.1778355912827254	28.68363090759433	28.695564198476383	28.706003586040055	29.38333742270797	2.305976252278079	29.174085359867618	29.192060098004298	29.208624629145824	30.95896736545507	2.4211789821228336	30.74966006258088	30.768428899313538	30.770624804778127	29.94066407895529	2.188733090072056	29.754071086244725	29.757277325518494	29.760672349436888
3630000	28.95239710410699	2.5997383878950147	28.72554359206771	28.733054600166938	28.739772221177045	29.406263017987637	2.2341327654180776	29.212681743859807	29.23023258381472	29.232317501116402	28.877313695725285	2.177405230472598	28.68279517400064	28.69618788278165	28.706703939462063	29.411742761072908	2.3063822752229477	29.21146574666578	29.219251548402077	29.226754928327583	28.877066768208593	2.178050577240074	28.68374651439822	28.695564198476383	28.70601912197999	29.38467777163112	2.3079860919886297	29.175578767270657	29.192974692825345	29.209787466418025	30.95927243961469	2.4313246345413964	30.750727801699682	30.76862695482533	30.77074178245099	29.940572236092976	2.188741653594106	29.754230545142445	29.75734735525056	29.760473992629688
3640000	28.95248846312266	2.6029934431109143	28.725468897106087	28.733075681454267	28.7397028190913	29.40653838981818	2.2359593336486974	29.212718173210654	29.230112889281294	29.232567983444603	28.877433903339618	2.177394456574554	28.68301946315875	28.696333725061727	28.706703939462063	29.411758724432737	2.3057923880946367	29.210874547076287	29.220140748228545	29.227393855226317	28.877230306218472	2.1782698986683062	28.68374651439822	28.695838461063	28.706097036894832	29.38523174182812	2.3083906182523823	29.175881783376774	29.19511643910772	29.210886296196293	30.95931491856639	2.4262537508383595	30.750105457069573	30.76847688569313	30.7709765834201	29.940633429639554	2.1887352395790223	29.753955609819958	29.75725447138077	29.760761359921638
3650000	28.95268589749186	2.6064009503666967	28.725709149043738	28.73255297120048	28.73956497876275	29.406735058128508	2.2354399952343713	29.211943629686186	29.230372669412382	29.23275191224572	28.87752256580722	2.1773867961450395	28.68329352654424	28.696616036865784	28.706865151908058	29.411134974527545	2.306200273455662	29.209737580880844	29.21903625869737	29.22699917677705	28.877298043754635	2.1782634195713912	28.68374651439822	28.696103501946126	28.706200646795597	29.383908176243644	2.3090223753419274	29.174142960917916	29.1927371237706	29.209192299055374	30.96039699892311	2.4285657204603393	30.750259812254722	30.768792567828015	30.7711682835534	29.94050257685712	2.188747505074708	29.75364965231739	29.757508676909026	29.760724702008893
3660000	28.952540326529117	2.598027887153786	28.725281617856382	28.732423530802727	28.740017619295923	29.40684536711549	2.233980513862342	29.212404048077833	29.230231096526953	29.232758876598517	28.877633950787303	2.1773772940458493	28.683599308030434	28.69683027595653	28.706837456607	29.411216952154824	2.3038282325409423	29.2104358426329	29.219204290493323	29.226764660705918	28.87743718169148	2.1782508904768623	28.684245672920767	28.69637604379855	28.706200646795597	29.38533733231144	2.3071917502382346	29.175073546503747	29.194374552146904	29.210641274598633	30.95910160767258	2.422422507561191	30.75059392437419	30.76854185934217	30.771194732871272	29.940302092067625	2.1887738936506174	29.7537390435747	29.757531841558688	29.76058134617189
3670000	28.952344410349678	2.597485377476644	28.725017724234863	28.733182851742114	28.74028620575941	29.408258598304045	2.2349828157751093	29.21751177678746	29.23051698901378	29.232978504775918	28.877707831380977	2.1773702933079853	28.68366758524591	28.696943222382867	28.706865151908058	29.41218836571175	2.306809697150802	29.211257374458235	29.219476758166117	29.22739725626299	28.87757135424507	2.1785405981307413	28.684339952515458	28.69637604379855	28.706246692362946	29.38593901652299	2.3094897249622446	29.17772442030612	29.19438290387989	29.209456088914358	30.96129139668372	2.427716977409769	30.755930376190683	30.768976093339866	30.771413663269588	29.94023213081856	2.188779160180035	29.753762178420033	29.757341256240192	29.760411452263405
3680000	28.9507251298854	2.5870366574680643	28.725388247939176	28.73281027938298	28.739853764240376	29.4083073617775	2.2372248016700143	29.214229886161547	29.230283578547525	29.232966854312636	28.877974812133687	2.177357510068074	28.683730039137487	28.696980448822696	28.707209346382722	29.412046942753967	2.307969487499177	29.210994347566377	29.22028943128871	29.22676348731791	28.877738052287636	2.1787360219956295	28.68443878519561	28.696491087095033	28.70654176635641	29.385801304536777	2.3106755471481395	29.176766330205332	29.194422162643747	29.210620831255948	30.961233848509508	2.428791800200953	30.75268797787012	30.768725223694993	30.7713987614977	29.94054517347446	2.1887512594485172	29.754043735567585	29.757587036459483	29.760567259084333
3690000	28.952805671846484	2.604665635209788	28.726058671318135	28.732772106510986	28.740241078103356	29.40603844050436	2.2369045172053434	29.2115325216869	29.22993771576598	29.23237426591472	28.878094302064166	2.177346663886185	28.68384776318578	28.697034295445178	28.707301931087137	29.411144361046546	2.3041319424831768	29.210631783829882	29.219210822135167	29.227001280162227	28.8778861321206	2.178911087457242	28.684506057066066	28.696737473183088	28.70657880674581	29.383638340658088	2.3068430301474954	29.17670907144971	29.192782741982068	29.20723438887055	30.95896811570478	2.425602272969487	30.749340897346034	30.76838848213772	30.770813437686567	29.940603401693657	2.1887967862675968	29.753878554862386	29.757763317113007	29.760606002045026
3700000	28.95138949537191	2.5974459400938703	28.725986147875417	28.732547085849646	28.739759628313255	29.405244575274036	2.237199036161619	29.20853418899285	29.229936278461768	29.23220203446046	28.87828008276614	2.1773290151441156	28.6841181501666	28.697234544188277	28.707429604591695	29.411158773767635	2.304214710236302	29.210249499460915	29.21962004916478	29.22677051216724	28.87798147216123	2.178902864735873	28.684506057066066	28.69683988987158	28.70658262676792	29.383703678165844	2.306080045536794	29.175135161043627	29.193168423088622	29.208791175391493	30.957414908385363	2.420696842266964	30.746609864251756	30.768332644122303	30.770635702205194	29.94031425839068	2.1888294413637692	29.75384615032895	29.75729495489793	29.760525922962373
3710000	28.952164357258408	2.607026850170273	28.725810597033764	28.732975053934243	28.739884452511816	29.406018259331674	2.2352582092440616	29.21227175742762	29.230485921411024	29.232660382918578	28.878396821522223	2.177319045656767	28.684195938226804	28.697289369292804	28.707537776824598	29.411608475396267	2.3060704090195	29.210768780030435	29.220127516955166	29.227094526574174	28.878055128508	2.1788954236362468	28.684506057066066	28.697080927477046	28.70671729698199	29.384891523930207	2.3082165796826657	29.176341495126877	29.19278000486115	29.210785834794596	30.960116857744264	2.4306575312532237	30.750597665266806	30.76893686798425	30.77108045592603	29.94049144512794	2.188960360042568	29.753739855337088	29.757415395776043	29.76064940519515
3720000	28.952484271885194	2.6009002266458334	28.725769563466248	28.733437156722125	28.74009370107468	29.40511453416526	2.236697834026192	29.210476221733714	29.229907151137333	29.23278889143564	28.87851508988135	2.1773068615527773	28.68421319207221	28.697397534642906	28.707690635275604	29.41140585286451	2.3072494825814807	29.21096808384035	29.219363523531975	29.226723921102277	28.87822765588043	2.1793595949162228	28.684597013986437	28.697265786109178	28.706777001952865	29.383958170124114	2.3096743392348356	29.174469824360692	29.19251807054975	29.20924842109133	30.95773775454828	2.4296549577592503	30.748204617673455	30.76817235984285	30.771201056320177	29.940553273929545	2.1889545418516088	29.75380325186108	29.757487463777636	29.76083746877751
3730000	28.951522662749536	2.5968973351282285	28.72577318813111	28.732688732266276	28.739432894854296	29.405621571465204	2.2367454306513053	29.208793708579847	29.229422369976866	29.232367742225964	28.8785980975713	2.1772997994460765	28.68425117876754	28.69741959435457	28.70780430815726	29.411477448367016	2.3078692717570717	29.210572120032467	29.218923430726555	29.226706641059586	28.878347563052472	2.1793485730734283	28.684765872172946	28.69731606406226	28.70699188126527	29.383557560553506	2.3095863091300086	29.175698247632756	29.19320525140114	29.20796709096253	30.95887663730016	2.431360722654722	30.746779034733986	30.767811598735626	30.770751230023738	29.94041739922159	2.1890737717939492	29.753568273802202	29.757353631615008	29.76058257487147
3740000	28.952193775575147	2.6017724897940977	28.72597034280965	28.732553864642572	28.739403890408607	29.406871821633608	2.2355107389060747	29.212064650458938	29.230240281461853	29.232758863104838	28.87871621583097	2.1772896160330317	28.684302652481115	28.697479152344616	28.707766311843294	29.41154193895838	2.3047380816930603	29.210896000127647	29.21996141702597	29.22748172881352	28.87852591482942	2.1793325696375043	28.68499171047864	28.69750739875901	28.707126918474785	29.385001688724763	2.3067080076163142	29.17592369204974	29.193805063635928	29.209984264658242	30.959145565521844	2.427148898729702	30.74996619180403	30.76865438366336	30.771202739121343	29.940496625261897	2.189045900793772	29.753877380314382	29.757538266375672	29.760515747735834
3750000	28.952372274165292	2.5929489610234304	28.725859824342102	28.733421858158415	28.73964961148512	29.404210823033605	2.2343679487290347	29.208579193622676	29.22958762530343	29.23215620533622	28.87880548605046	2.1773763032120486	28.684302652481115	28.697676359412924	28.707766311843294	29.411139742301717	2.3064867581921176	29.210810279705548	29.218989503890533	29.226184818395833	28.87862285565204	2.179323987844638	28.685216348408748	28.69750739875901	28.70728456750914	29.38400944619615	2.30846997382218	29.175109070095342	29.193151443369374	29.209243172619388	30.95723150909871	2.4283156197973477	30.74659475981349	30.76803835781839	30.770559642412824	29.940564338612287	2.1892521979903905	29.753935710086402	29.757494767627392	29.760754266086096
3760000	28.952665641608295	2.60141772725945	28.725316043620516	28.73228287971547	28.73944032376133	29.40607153236474	2.235262549986788	29.210806941079092	29.230048095062003	29.232445543303417	28.878950781115076	2.1773638010753253	28.68460153490336	28.697713714851545	28.707925735211372	29.411722184604997	2.305610414293419	29.211568901553296	29.219607993683347	29.226386748376477	28.87874839538139	2.1793125184305926	28.685265755583238	28.697632703520398	28.707482643113067	29.383644578149156	2.3077052012951436	29.173636303599245	29.191405957077897	29.209286445524032	30.958659525950956	2.425254735344516	30.748695281943434	30.76840926845636	30.77072835836053	29.94061057165891	2.189247530885088	29.753896073338517	29.757346349501766	29.76064828513512
3770000	28.95271326291731	2.600805789717574	28.72557648507305	28.732031915989552	28.739232835219738	29.405367336286464	2.2345242709541027	29.211911302457246	29.23012495785038	29.232561469437897	28.87909602612994	2.1773496032573325	28.684650374786763	28.697935606642353	28.707959925529547	29.411033876151713	2.3039801641862203	29.209527523500444	29.219412716925234	29.227256088760097	28.878867365080552	2.1793019610776247	28.685336485251128	28.69777902322289	28.707541961569266	29.384727552681138	2.307249050860411	29.176266439223102	29.193971374081933	29.209748229762287	30.957768908868644	2.421408116620311	30.74996765481916	30.768533699995565	30.77098788533541	29.940431192197664	2.189363387417489	29.753596175209193	29.757275317409338	29.760628370477768
3780000	28.95227292114355	2.59782197764192	28.725602867791608	28.732241949902914	28.73970065023024	29.406009056030715	2.2341935648134954	29.210066381534602	29.229915858327537	29.23234877023566	28.879192269793815	2.177340713605946	28.685019691783964	28.697987480668644	28.707984039435786	29.41126962035081	2.3049454594487773	29.210343956473416	29.21954584294726	29.226697089596705	28.878984579378965	2.179507077365079	28.685365921600983	28.697943123951696	28.707604927501848	29.38433476908436	2.307012978592618	29.17538023068698	29.193089604409906	29.208957694742768	30.959548359813173	2.427159894340533	30.747843785626586	30.76834953024489	30.77073192427219	29.940461890308022	2.189359758535142	29.753743469948617	29.757274431014658	29.760687661247182
3790000	28.95199897084849	2.601660003264937	28.72593256229044	28.732781334830335	28.73995079782955	29.407744870585695	2.234454610313801	29.214392043553534	29.230461727992004	29.23283164852645	28.87931112970732	2.177330610278316	28.685074436328684	28.69809707352162	28.708041933822656	29.411754070866667	2.3067445598025222	29.210924429610102	29.219271816072805	29.22662722175728	28.879094497011607	2.1794950122787218	28.6856871914409	28.697968633862203	28.707685993794854	29.385441991897643	2.309524316322015	29.176053781523315	29.194487773712204	29.209766000151312	30.961400289832575	2.4298777589364864	30.752603917895662	30.768892031744112	30.771183459510148	29.94040084617931	2.1892474601074414	29.75381867741554	29.75732448897439	29.760667297978042
3800000	28.95273351447934	2.605074010629422	28.72580826389247	28.732384758719967	28.739355011613643	29.40437546064861	2.235619677081774	29.207105214697286	29.229745218265208	29.23186196703817	28.879453262297652	2.1773164958041984	28.685458510262492	28.69823248899663	28.70811550945257	29.41085669938651	2.3040741351987766	29.210230114727217	29.219180515586466	29.226979270025854	28.87921498386218	2.1794840968800138	28.685726157429624	28.698145664816508	28.707696516919448	29.3836164094552	2.3072766385882795	29.174173990013752	29.192800726400684	29.209319737999266	30.956502570807952	2.425276724748309	30.74496208353747	30.76788683527581	30.770247142599736	29.940494284935156	2.189199853816967	29.753677021859076	29.757457422939645	29.760661099196604
3810000	28.953032566714885	2.60530825355894	28.726018053761642	28.73233887904146	28.738872104912694	29.406709858735177	2.236590700782716	29.212690156013743	29.230277281412597	29.232998133670286	28.879622490281122	2.1773015882825875	28.68554772476235	28.698376955588124	28.708194283026003	29.412141321166697	2.308959554611543	29.210509678190085	29.220043506421558	29.227088790469175	28.879327860220197	2.1794737677316127	28.68592092382788	28.69833131945839	28.707927922918675	29.384434148742404	2.3084824566204536	29.175797619683223	29.192803792950016	29.20944037895575	30.959136657996012	2.4261029036764628	30.75069254033557	30.768706059128952	30.771438709297463	29.940408723195837	2.189206649633355	29.753576175749252	29.757214566511536	29.760746349276257
3820000	28.952565928714428	2.5998046543423965	28.724909533505087	28.73264122897106	28.739303362933548	29.405767668306535	2.2373829807997963	29.210793747209728	29.22994137569743	29.232255754384635	28.87976386643561	2.1772885564785205	28.685567202501957	28.698822744197123	28.708660967319172	29.41108999038137	2.307635635935529	29.20990057670015	29.21892903569281	29.226593551694666	28.87948869560102	2.179458710724534	28.685973326401125	28.69865542662047	28.70793296349892	29.38364301647156	2.3098350735305893	29.174647706815676	29.19309769063947	29.208737975854035	30.958612376485334	2.428789602188805	30.74786528623449	30.7683809455431	30.770687928838242	29.940331522233862	2.1892559391057698	29.75394465298031	29.757242409957456	29.760670665308588
3830000	28.95173594363578	2.597838356663398	28.72513541676341	28.73262803673652	28.739506435963584	29.406289947709297	2.23711872846035	29.209909209820598	29.23035751378651	29.232525477575678	28.879832789592115	2.1772825793552975	28.685642288797197	28.698825042459184	28.70877389473903	29.41166300876552	2.3078172344776804	29.210794378193945	29.219993194501306	29.226873101876304	28.87961439810143	2.1794479890652343	28.686142976484263	28.698828290382416	28.707927922918675	29.384729930866474	2.310729461917984	29.17565191734843	29.195086372552588	29.209418584516378	30.959238012858673	2.426800438452384	30.74731440023607	30.76874176118492	30.770883570059024	29.940416356459036	2.1892290713482367	29.753844777608382	29.757255563592373	29.760574652861806
3840000	28.9521235940833	2.6024642824902067	28.725028021474216	28.732473590522815	28.740005093398544	29.40818761123954	2.235094833114868	29.215473406035994	29.230438195873525	29.233027459208586	28.87995917985975	2.1772713709552427	28.685789159180935	28.69893760866671	28.709029665939024	29.411544950736598	2.3053684988331478	29.210495826553633	29.21971595929093	29.2271961296794	28.879805888755197	2.179577148919228	28.686206095156294	28.698839798469752	28.707927922918675	29.385537284455314	2.3068685481329476	29.17618986192162	29.194256415361195	29.211755529136763	30.961940198367646	2.4294328304855934	30.753562411565216	30.76888305755734	30.77144289082608	29.94020631755162	2.1892499292096543	29.753634286967877	29.757350221725723	29.76062397390843
3850000	28.952941177988393	2.601063292541961	28.725540321214105	28.733459073142	28.740211108266475	29.406866386037294	2.233950312035298	29.211875888427805	29.23023194516474	29.233290313298177	28.880061861151244	2.1772600371647273	28.686009716782202	28.69893760866671	28.709090202794457	29.411679229786646	2.3039110278640114	29.211211006133954	29.219742204497848	29.22733878342177	28.879960571263904	2.1798366922154675	28.68658907372058	28.698946242156286	28.707939627012887	29.384415254170143	2.3058991973915655	29.17558096586948	29.194230040414247	29.21142670244987	30.960301637865612	2.42971848952794	30.750349576084883	30.768683737962668	30.771535483105506	29.940216735040803	2.189247964018969	29.753809920871486	29.7574704350762	29.760618576119622
3860000	28.952204047513494	2.5972927440760687	28.726041376319966	28.732978790738024	28.7399230316971	29.4060461429688	2.2343666575020165	29.20996056199853	29.230162179135647	29.232231592758936	28.8801565422069	2.1772522650343875	28.68601543369866	28.698999749665845	28.70911654271025	29.41235733724152	2.3075120116932446	29.211263773984413	29.22052850433275	29.227183264689742	28.88008590024888	2.1798256526448427	28.686709536617705	28.698946242156286	28.708205289445136	29.386199856644573	2.3095658816277513	29.17698955682482	29.194499614020685	29.210689787364643	30.960139468834644	2.4302421801174057	30.747919702937573	30.76860711020277	30.77064967247701	29.94037122011835	2.1892341674462132	29.75366640071385	29.757449774357127	29.760838878049938
3870000	28.951883772816373	2.600910363026566	28.726071465225964	28.73289350113479	28.739773877745435	29.406682554435523	2.23502251303188	29.213242202131696	29.230085660135565	29.23220739722951	28.880221126696185	2.1772462121352847	28.68605476099835	28.69903895398194	28.70911654271025	29.411671746463604	2.3049139101927545	29.211065935551673	29.219339077102667	29.22645645221409	28.88021419708109	2.179814150709943	28.68674349303421	28.699159831566156	28.708407278354244	29.384874404023456	2.305923726451635	29.17610427694051	29.193361949396856	29.21104969761024	30.95960006374425	2.4246657708652886	30.751395917792006	30.76853444412965	30.770615592421972	29.940528239804905	2.189219029984079	29.7536155055538	29.757367026966868	29.760940826641452
3880000	28.951157369597137	2.600468286076181	28.725486665567093	28.73262488294536	28.739214794163715	29.406583615860136	2.2359568774848375	29.211448701594318	29.230503032249025	29.233465021070156	28.880331965378694	2.1772344576787996	28.686633483035955	28.699129685601715	28.709168781400074	29.412032557836973	2.3070870354931365	29.211614393965068	29.21923422398292	29.227311973722447	28.88032272325781	2.179804619288747	28.686921697149394	28.69922816792284	28.70842084913673	29.38555320354514	2.310530087344009	29.176576055498614	29.194622055734413	29.209817099053293	30.959618511038478	2.42854775311156	30.7493697778262	30.768925485390216	30.771790767446134	29.940506277395574	2.1893011808202316	29.753720251730662	29.757254105748288	29.760701801981757
3890000	28.95069027333806	2.598691564076492	28.725868274123705	28.732720627666467	28.739324318851647	29.405999096747045	2.235953606102112	29.20956992507334	29.229826426853805	29.23315136810887	28.880427025814797	2.1772245830649384	28.686633483035955	28.699157846067852	28.709168781400074	29.41160065943132	2.3085279806237007	29.210220572169536	29.21995075072125	29.22704733719376	28.880455312154915	2.1797914142564916	28.687189341854797	28.6993747701001	28.70852171395069	29.38527465409798	2.310341424108845	29.175680268578617	29.194493701798798	29.21044272336053	30.959843508027323	2.432840484905865	30.747513325937078	30.768283583946108	30.771591203779963	29.94056140979249	2.1892957205560926	29.753682621114947	29.75726862613182	29.760480066545966
3900000	28.951839362003692	2.6052069157790676	28.72627005337173	28.732825977828647	28.739590169911754	29.405133057470778	2.236992581366069	29.20888014679857	29.229747861765794	29.23205609752489	28.88057347001082	2.1774450928477633	28.687035208609917	28.69937698801409	28.709299005127637	29.41191525197249	2.3072767692079217	29.211247049748884	29.219838899249673	29.227380090729298	28.880593070987004	2.1797785177001736	28.68740895720964	28.69955506761724	28.708586019904658	29.38408929870479	2.309729393649477	29.176303061424523	29.193457918161705	29.209821827301163	30.9583260739313	2.431437253831448	30.74703840390218	30.76797279519881	30.7705008944272	29.940683246357015	2.1894064098258803	29.754020010530134	29.75722836584785	29.761070111535044
3910000	28.95167557529037	2.6025316256293918	28.725403884205683	28.73277275398219	28.739596216037537	29.405680976015574	2.2362373284193184	29.208648039231317	29.230196353027225	29.23327431059147	28.880723517935383	2.177429415919535	28.68720359789524	28.69937698801409	28.70934309388098	29.411989238787598	2.3055975684647816	29.21153145269144	29.220278953423026	29.227488511863903	28.880732853746192	2.1797658071797152	28.687658771844276	28.69964836882214	28.70877160515193	29.384855528010796	2.3086407330904155	29.1746112409813	29.194362908158375	29.20963156203524	30.958912464020976	2.4281963489990686	30.746782946799357	30.768652889484542	30.771550809484555	29.94077480281096	2.1893977521366548	29.753541582422795	29.757534404080786	29.7608773699029
3920000	28.951539903137203	2.600286243603294	28.725831037806728	28.73252604456087	28.739644995418804	29.40583218230649	2.236351005479748	29.212457350109574	29.230105041353667	29.23235871564389	28.881076613040516	2.177407478254207	28.68758783159261	28.699566690440697	28.7094374796472	29.411731488357603	2.308235200223554	29.210622708117878	29.21936877449767	29.227197513333675	28.881064838158558	2.180216473189295	28.68754907976252	28.699730757620053	28.708904414761978	29.384658828873057	2.3102007268441933	29.175003467571567	29.193995702275593	29.208928424664364	30.95919857425494	2.430875649267916	30.750742787575444	30.768486632502135	30.77073664143237	29.940818991132808	2.1894358817910846	29.753912490722147	29.757503774020556	29.760848560945455
3930000	28.951037376702473	2.591333749315126	28.72554842345632	28.73233824296194	28.73920980174588	29.406053022388605	2.236927709131772	29.211123253261757	29.230039568357302	29.23212761031442	28.881189779086938	2.177397843586069	28.687642044312742	28.69960249679436	28.709450619959437	29.411266349752534	2.3050379235226366	29.210760425709424	29.219661389903195	29.2268487936214	28.881129652083764	2.1802108183847126	28.687658771844276	28.699741984295784	28.708915262715916	29.384538703418443	2.3070304534694417	29.176736355228748	29.19356827971182	29.20956073310738	30.959304363993546	2.4249939082047574	30.749504819949745	30.768475402961812	30.770548559694447	29.94029635465509	2.189482750460313	29.753436874574366	29.757359369691308	29.76062508758023
3940000	28.951888337871377	2.601735246911938	28.72562646190365	28.732658462378055	28.73909947752235	29.404957192911915	2.235295877242097	29.207508938458304	29.230120066413974	29.233192556374625	28.88129310091113	2.1773887447331415	28.68766562561134	28.699740688565647	28.709450619959437	29.410798827827833	2.3033710052291863	29.21005992208523	29.21930897343755	29.226793896660567	28.881270883699514	2.1801982011947603	28.687771054550325	28.70000217357349	28.708915262715916	29.383487382152556	2.305994863563107	29.17445461570575	29.192840932591217	29.208630250593203	30.95859099665671	2.4276237824234843	30.74540197707908	30.76858161235674	30.77158979363104	29.940177490608136	2.189492797103826	29.753525969078435	29.756921262185223	29.76052885120333
3950000	28.950925031519198	2.589393780582614	28.72550596254982	28.733076674662286	28.73976274463741	29.406804536145533	2.2360336089732797	29.213062714890768	29.230258776980605	29.232486708978882	28.881425080416168	2.17737563752312	28.68775001786785	28.699864150735245	28.709692263488222	29.411777859857445	2.306049320222069	29.21039474820129	29.219894364391568	29.227357989806563	28.88140797950352	2.180508435908966	28.687830941662725	28.700282118736524	28.709122309948338	29.38460033189366	2.3077734721196443	29.17336528461695	29.194364779808165	29.21008324681542	30.959485604541705	2.4211467211491797	30.75141469105553	30.768684474583395	30.770762678159315	29.940166314189014	2.1894945305557365	29.753525351563283	29.757293152292405	29.760695869749718
3960000	28.95222032327479	2.6004579734720554	28.725524082715943	28.732523061176465	28.739889774342814	29.40697443106711	2.2370558257340942	29.213642683496015	29.229998374180564	29.232085353913142	28.88153721669756	2.1773655671311545	28.687808823809814	28.6999546966798	28.709786890388614	29.411730799767458	2.306825390817366	29.21091042326354	29.219829395828917	29.227283315107833	28.881548231655767	2.18114488466133	28.687936330519978	28.700428383168962	28.709122309948338	29.38543543182957	2.3091687361339566	29.176470081849786	29.195382011675722	29.2105617520115	30.96046094986256	2.42919709331936	30.751845735806523	30.768396096981668	30.77044836168615	29.940314741188487	2.1894805519758043	29.753660298287468	29.757477731828935	29.760660393827607
3970000	28.952688036674598	2.6046863142150434	28.726177780744745	28.732819129155907	28.739840769341107	29.4055717815124	2.2365802687015264	29.208179544813092	29.229949233682163	29.232484917725643	28.881668950519654	2.1773537090395965	28.687808823809814	28.700141334973452	28.70998543927285	29.411397185034463	2.305281670023057	29.210615078266315	29.219760257288108	29.226642207672935	28.88161922587329	2.1811367500498	28.688003049447552	28.700475782870058	28.70923024126845	29.383605377622093	2.3065201269766673	29.17413201430704	29.193165549628677	29.20889266290838	30.958611995683658	2.4266501239221085	30.746162415478466	30.768393330895652	30.770734791921896	29.940208367746123	2.189491409908422	29.75341828116922	29.75741251048718	29.760811301485198
3980000	28.95191736243403	2.5996635040193636	28.725599789974716	28.73272771714248	28.739595656017244	29.408361832766833	2.2343558631546996	29.218391204656296	29.23037614214027	29.232867416218212	28.881771499547888	2.1774593808401628	28.688076584100024	28.700182211154534	28.710066901392054	29.41221794928563	2.303680095903993	29.211386086801124	29.220196072180542	29.227292251694276	28.881718319971544	2.1811277005394913	28.688176694693922	28.700475782870058	28.709262100394	29.385599466205417	2.3066954435454794	29.17532475523193	29.195259847421212	29.210315074150127	30.961317778268633	2.42543267952394	30.75658688376658	30.768803924938815	30.77126290572821	29.94040754160626	2.1894726732089924	29.753845036902643	29.757350103283734	29.76071222143092
3990000	28.952417247100485	2.5971658406689446	28.725768080199913	28.73322291392759	28.73972598336374	29.40705987130626	2.2344915761897544	29.213459692882843	29.230234331255943	29.23258110105894	28.881887017250413	2.1774481459322153	28.688153788102664	28.70037409604644	28.71023107940924	29.411399364016898	2.3063772658030874	29.210593050578524	29.21917205292641	29.226401166500537	28.88184076669006	2.1813261945226357	28.68825486396952	28.700644786158108	28.709363601777852	29.384798849985646	2.3080886882979814	29.17582321857773	29.194434976833527	29.208417858333735	30.960947510038434	2.430281038056277	30.751810780855628	30.76865988715965	30.770807620542673	29.940445631517534	2.1894689543698216	29.753863214622722	29.757347142814808	29.760778293111258
4000000	28.952771288075233	2.600671425083003	28.7258950258406	28.73298310238893	28.7406572458881	29.40649938042411	2.2356430677147174	29.211316689717492	29.22964598478926	29.232815377261414	28.881982215816745	2.1774399785183256	28.688153788102664	28.700510880223085	28.71025149245412	29.411518075546127	2.3054975344812068	29.211424286692818	29.220287106952725	29.226831275250767	28.881922045962916	2.181319055151101	28.68830761269687	28.700676809424714	28.709464305612677	29.384035344468007	2.3070918980821773	29.175473055974198	29.19344656029522	29.209842680148288	30.9594101257617	2.4235978242158196	30.749306225129203	30.76811047562449	30.771189386006554	29.94065645363996	2.1894496944559143	29.754010779632004	29.757388346582772	29.760596500000343
4010000	28.952472981454594	2.6049625680146455	28.725647202516058	28.7328306446656	28.7404262858276	29.40393383731616	2.2355568417979588	29.2068511151644	29.229394924370965	29.232711722606243	28.88203757529193	2.1774352058098136	28.688108113522205	28.70053021793015	28.7103438440314	29.41114452878	2.3069242002459256	29.210399250564333	29.218882879491915	29.226167004115993	28.882072234845122	2.1813056693566435	28.68862845725988	28.700902166702466	28.709715353814225	29.381737494145252	2.308503107823747	29.172699020337085	29.19087199284752	29.207465593065812	30.95690053536537	2.431762324646302	30.74485498530749	30.767481089087163	30.77104228497153	29.94054733438984	2.1894687291440174	29.753856190376453	29.757376606931288	29.760521703930667
4020000	28.950845707013976	2.5936595937658873	28.725359235152148	28.732450344013937	28.73995543300572	29.406205667959163	2.236533589903155	29.21118664837454	29.230326664244554	29.232062202517234	28.882183290296094	2.1774216719798756	28.688356599365385	28.700604326909502	28.710478348928504	29.412144351531843	2.307749902993358	29.2111778335842	29.220159532809895	29.227680096508227	28.882161336778882	2.181472364722492	28.68891211157881	28.700927000777842	28.709715353814225	29.385504554264635	2.3100158921274243	29.17697102625977	29.194140301314334	29.211404713155396	30.95903100912475	2.431780796870714	30.7485079671019	30.768749215173163	30.770444024129056	29.940476207373592	2.189595497512571	29.75396426941215	29.75720198895381	29.760347541799675
4030000	28.951745969239358	2.5979181654951446	28.72539781447029	28.7325346342363	28.739437224391303	29.4070993754763	2.23554716351858	29.21262034433284	29.230412532881395	29.23273716331041	28.882330966056358	2.17740650237478	28.68843556984781	28.70099824202604	28.71054606161222	29.411537783483787	2.3066345162840864	29.21125565928975	29.219920786325822	29.226519559327265	28.88244850726025	2.1814576799246357	28.689007929853712	28.700902166702466	28.70975815863197	29.38384424041246	2.3091682715585953	29.176427889366536	29.19284888278486	29.208288040030524	30.9596611170225	2.4269811178769585	30.750409745550996	30.768836692051913	30.77111963484205	29.940625203228763	2.1896064009308795	29.754077754425424	29.757478559011602	29.760932632325154
4040000	28.9516539391054	2.5991083661414582	28.725341073899386	28.732655815682406	28.73933818521129	29.40619519031755	2.2357571955918507	29.209676987965	29.23012174654698	29.232450498395778	28.88247288645535	2.177393680358258	28.68881372292132	28.701078528170036	28.710556680512934	29.41189545960507	2.3053505117255577	29.21089219924964	29.219919501626695	29.22702191296245	28.88255904424995	2.181447846577608	28.68918700691647	28.70104655402213	28.70980691029573	29.38450094293141	2.3075685892094255	29.1738049487497	29.194488510064502	29.21055806860552	30.958866439935136	2.4262648621370606	30.74760931587742	30.768554849727376	30.770690855031614	29.940414082933135	2.1896243391232293	29.753770789817857	29.757632337563106	29.760651188108735
4050000	28.95167769661204	2.599168500096961	28.725828147855545	28.733162893882657	28.738965021147912	29.407147266890526	2.2353407270091203	29.211650127343443	29.230384229046336	29.23265750586798	28.882571357413703	2.1773850021835646	28.68885127054643	28.701215818405608	28.710605526071284	29.411817833284932	2.304633984442302	29.21129114213473	29.22040449771032	29.227175218724028	28.882686399320704	2.181771914491329	28.68924506361896	28.701103518091465	28.709887709893795	29.385192471749015	2.307371160800896	29.17531564820445	29.195604229105182	29.209323132691278	30.96007011133865	2.426816987256036	30.74965982874001	30.76879368941635	30.771034599499625	29.94050781978691	2.1897037914956186	29.753875517156835	29.75759110505598	29.76084008789088
4060000	28.951444193019917	2.5989708996311007	28.72618220522309	28.73275013484553	28.73969790042613	29.404796824512246	2.2349418991230214	29.210357831208444	29.229812408873435	29.23307819133909	28.882740092135816	2.177368826038386	28.68885127054643	28.70126093590694	28.710556680512934	29.41207540029722	2.3067764831255575	29.211087265689727	29.21951128684713	29.22714834175361	28.882795921312034	2.1817624601296988	28.68925687297954	28.701295427419467	28.709993276675153	29.384524455024284	2.310275571974783	29.17537660223003	29.19351535461879	29.208577503926765	30.957773355744656	2.4312138479298113	30.747878575823677	30.768152193643232	30.771453613329232	29.940466688232735	2.1897103942043787	29.75407152199595	29.757793958063562	29.76077620021225
4070000	28.951137863485418	2.5945073479404197	28.725386923170912	28.73236967345364	28.739532455896637	29.405695362632365	2.2348327855719847	29.212256994774403	29.229507695838482	29.23217801144499	28.88289189161172	2.1775110626932364	28.688866029556912	28.70135945148911	28.710605526071284	29.411320204834606	2.3038828948207812	29.20973241611263	29.219306268579565	29.227191294657924	28.882911398884975	2.181751293840252	28.689325311768343	28.70134323589876	28.710035167511364	29.383654397374926	2.3076772942064783	29.174187427036042	29.19269546770726	29.209459138195903	30.95905341096436	2.426541959132	30.75076718891154	30.767956313141703	30.770635847210883	29.940516466171868	2.1897363515017774	29.753972178535026	29.757571613327492	29.76089327919784
4080000	28.95183664323921	2.6018685122732808	28.72604469070895	28.73256599367454	28.739641628797507	29.405560627494467	2.2349627611683736	29.20989058205669	29.22936654611143	29.23190573536352	28.88302928808976	2.1774988729198643	28.68923382485933	28.70144612062679	28.710858181809147	29.41130125940613	2.305265662850495	29.210356009259655	29.219129241734052	29.22695565311672	28.883067357863407	2.1820185092740254	28.689569380616128	28.701522838886028	28.71023933648372	29.38400900786803	2.306053602753393	29.174791182291496	29.19264992842494	29.208727304610733	30.95755576726972	2.4248237885291104	30.748229896698977	30.76770575889356	30.770238110594228	29.940375148587087	2.189708505092252	29.753790027160274	29.757307079958103	29.760915622594244
4090000	28.9522816326533	2.601860158499359	28.726131037842634	28.73276569417239	28.739983743593235	29.40691210827669	2.2353262041017903	29.214317709378193	29.230307097072206	29.23236228147936	28.883160136950107	2.177486804503174	28.689620602171058	28.70151015966649	28.710995176269304	29.411613155438065	2.306999910978374	29.210828666873518	29.21915248294517	29.226994699472986	28.883192691251978	2.1820070871140844	28.689842511847075	28.70159479027332	28.71023933648372	29.385781174179133	2.3092871833207056	29.178444546529146	29.195098099363612	29.20929379039155	30.960649849980754	2.4300355965595193	30.752610378849702	30.768755928112995	30.77079957851867	29.940272590539454	2.1897161060389	29.75350050406333	29.75719085834895	29.76055303960799
4100000	28.951424340769766	2.5917728101167374	28.726873255644616	28.733266018874403	28.73982846137752	29.405986635267574	2.2366129342804117	29.213074515547373	29.22978716210644	29.232060989160587	28.883275134300618	2.1778249111941705	28.689620602171058	28.701620750022965	28.71138922031579	29.411900985798418	2.3036896218018263	29.211674933143783	29.220106520480627	29.227694178211163	28.8832456538906	2.1820018787036055	28.69002581195682	28.7016192227609	28.710287505014144	29.38640728605476	2.3066523264222596	29.17877681195629	29.19451522440837	29.21134046394852	30.959086078486425	2.4224914064567726	30.75147067249619	30.768243069413504	30.77041362973989	29.940724404806094	2.1896753703281235	29.754097437305326	29.757478842179694	29.76069177148023
4110000	28.95234944521411	2.5996213123644605	28.726851961924957	28.73334227895846	28.740286935418297	29.408177373923902	2.2363806582206993	29.216494545279225	29.230557759767553	29.23378828538384	28.883437760168476	2.1780298804668297	28.689693204955987	28.701620750022965	28.711327700552324	29.4123947117841	2.304591529484145	29.21106920577867	29.220566701232638	29.227950635230876	28.88331182079801	2.1819954386380065	28.690297280788066	28.701709619953906	28.710406999375472	29.38666602598012	2.3075941221521545	29.178546023065973	29.195854921378785	29.21249507976156	30.96161930047269	2.42665778509495	30.754332627392202	30.768949130589576	30.77212150889036	29.940913822757867	2.1896587833103363	29.754092824477212	29.757556284294616	29.760868089334434
4120000	28.95191958358928	2.5950151869084337	28.726706081397335	28.73383461570402	28.74003208896096	29.407478419212346	2.2360749993826103	29.21479434703885	29.230389829567294	29.233042055776345	28.883535461011412	2.1780207685289183	28.69006146543737	28.701637723119873	28.71158415872633	29.412219915851253	2.306239091128142	29.21187828584837	29.21995948115032	29.22784612910163	28.88342434330297	2.1819852333078167	28.690327997891053	28.701827194178826	28.710538920645906	29.385592399742933	2.309502930421554	29.176524863150423	29.195595128524793	29.21105321707946	30.960067743259646	2.4241057322590422	30.75270477511336	30.768819612222245	30.771415466083074	29.940948278105065	2.189744729589287	29.75436606221803	29.757788231737173	29.760790546846508
4130000	28.95248234322799	2.5988453841799335	28.726408327347595	28.733501022167133	28.740588140229125	29.406909062945584	2.235676363093971	29.211200501494133	29.230120819971113	29.232243993536898	28.883697842843365	2.1780064805636226	28.690351456643604	28.701749738311953	28.711599308457462	29.41179643229505	2.304045176161836	29.21150346047755	29.22025474364473	29.226704585338183	28.883502505780292	2.1819780507044118	28.690327997891053	28.701889383236345	28.71069157095664	29.385420968168933	2.3059055661827386	29.17688053156566	29.196194073536955	29.21064937315505	30.959169779263366	2.4253178204405876	30.74955128967369	30.7685237535105	30.77061596237825	29.940957023935646	2.1896985333460144	29.754335825451122	29.75762024624604	29.760922727152725
4140000	28.95250926088544	2.600688650348819	28.726236565251824	28.733879535433804	28.74056178066077	29.405935978313607	2.23598326848246	29.21053061751468	29.23029503001387	29.23329186849059	28.88384288583996	2.1779940650835137	28.690430122146147	28.70192833355502	28.71172625591685	29.41265560031603	2.306588107408161	29.212138591681935	29.220903226438615	29.22730832663365	28.883624402035487	2.181967410247418	28.69051036782057	28.701925939599285	28.710722516256148	29.385811024382814	2.3081538217994995	29.17715075918606	29.195377338481357	29.211070438497405	30.95940932945341	2.4305784632268175	30.748624059298248	30.768734895092486	30.77170713735039	29.940778672490755	2.1897690646695733	29.754086714645744	29.75775654087674	29.760868550260525
4150000	28.95257672267572	2.600520788572025	28.72663550755069	28.732970717125582	28.74039407392505	29.40579006092336	2.2362842022618574	29.21019807588062	29.229816661134368	29.23190860722486	28.883951172920515	2.177983672299049	28.690430122146147	28.701934762286598	28.71172625591685	29.411697380889358	2.307427898703813	29.21080819568929	29.219110844453212	29.226783287976488	28.883728187567087	2.1819583293711973	28.690597632155978	28.701952885473325	28.710739038888402	29.38489259801255	2.309505181730767	29.17608758686499	29.192518587000286	29.209644729030806	30.95834437995071	2.4295057852128368	30.747834432912335	30.768265933391838	30.770189588679308	29.940955403200903	2.1897528190490188	29.75452003371226	29.757710901413443	29.761014653644395
4160000	28.952444232633145	2.60380985393062	28.72644215501475	28.732894703173216	28.739566868254435	29.405995492819976	2.235741905939825	29.211292933986243	29.230403349855138	29.232311363557095	28.88409619797759	2.1779712173071366	28.690602992588808	28.702041448501532	28.711923021396643	29.411689590441835	2.3048663357078216	29.21107610750384	29.219752190675365	29.22700613404078	28.88382882062871	2.1819493119460107	28.690699559242123	28.702008516703224	28.710780218755296	29.385440272382176	2.30706241214558	29.17712394575821	29.19360233757999	29.209740420603346	30.9589123999568	2.4293983731331834	30.749002180225094	30.768805640311193	30.770618804963373	29.940677564973356	2.1897768737227077	29.75397311213321	29.757776531701047	29.76097209774039
4170000	28.9522676958516	2.6010719067391217	28.7259211069277	28.732648030757776	28.73981209782214	29.405942489432334	2.235547853252269	29.211456978942643	29.23016547923833	29.232156366220217	28.884158778561474	2.177965779638059	28.69066734369209	28.702130113871377	28.71225038259736	29.411225140313274	2.303340628783053	29.210920804133245	29.21998088371128	29.227023782849187	28.88392305938763	2.1819402277746254	28.690851133625802	28.70202602170403	28.71089642425717	29.384755643462757	2.3052936907956756	29.176225787761464	29.19318868321916	29.209334024145516	30.958878225545742	2.4222406059078403	30.749904179534767	30.768619703393483	30.77057866363988	29.940586628595316	2.189784325378909	29.754146281093007	29.757573376301977	29.76075134266609
4180000	28.95273034579394	2.5995702457606296	28.72547947789596	28.733202675489856	28.74009037109465	29.404942234193	2.2353353867837966	29.208169371436874	29.229805556502686	29.231759791100508	28.88428605208444	2.1783280116272277	28.690730748259885	28.702184747713012	28.71225038259736	29.411828101051285	2.3052993830282023	29.211030873995465	29.21987853727407	29.227632074598453	28.884034666577808	2.181930286283548	28.690928005858126	28.702101505072875	28.710908067822093	29.383885327382217	2.308532583539973	29.173953508158185	29.192929177453436	29.20937252371894	30.95884577259122	2.430737508098971	30.745936623344853	30.768242794836986	30.770197299725705	29.94052071242006	2.189679836027397	29.754044583938352	29.75755120352349	29.76089462100163
4190000	28.95277208979934	2.6005131338417082	28.725561972932606	28.733294469397705	28.739432771553435	29.407038522805113	2.235887721594116	29.2130457434429	29.230487720091457	29.232907056716236	28.88436408168646	2.178321177110349	28.690746443954957	28.702219532869233	28.712199440170213	29.412429231163745	2.3082053513094767	29.210756200101024	29.220541200144844	29.227112033803873	28.88409811555619	2.1819236908001147	28.690954114002924	28.70215245833038	28.711156368562843	29.386122031446945	2.3103463679799128	29.176694121769287	29.194481096342507	29.211400709778992	30.95997732135556	2.431147143602662	30.75078090211284	30.768917396846696	30.77131122349728	29.94067814899034	2.1896652078500147	29.753859658003556	29.75754805872862	29.7608473823577
4200000	28.95334647906444	2.602310929591787	28.726278755989163	28.73350276803008	28.740356969104027	29.40698263112877	2.2374246453086446	29.210430031863037	29.230340797234557	29.232734449923825	28.884424683616654	2.178315829332745	28.690746443954957	28.702235270503387	28.712199440170213	29.412537551581412	2.3099609863706227	29.211652872738554	29.22029601848338	29.227691344633655	28.884141714535136	2.181917660151575	28.691069021220994	28.702379996598467	28.711257944603002	29.386253988113097	2.3123295432806104	29.17775916925855	29.194983028148858	29.209695193194275	30.96049967316014	2.432487921185284	30.74824301626005	30.768752173402085	30.77109067765567	29.94074759383689	2.1896596513296283	29.754063224833143	29.7577473932034	29.761198637541966
4210000	28.95277734552231	2.6020686515616633	28.726292692627045	28.73258213648975	28.740134346155422	29.406082263207654	2.2373070850459253	29.211355468208367	29.23027278257642	29.232916362242854	28.88459907361175	2.178822714776345	28.691218630633035	28.70225994747349	28.712358610750087	29.41201325015066	2.307241714666048	29.211472660813605	29.21980039310042	29.227142308912043	28.884287246713917	2.1823512227904285	28.691290422402645	28.70258335701303	28.711600447836375	29.38499130844318	2.3090254637761443	29.176432049283513	29.194185144609737	29.209288756840994	30.959060128471712	2.429832331845842	30.74950477530137	30.768679432933283	30.771259946616272	29.940806306608124	2.189695670025864	29.75405303649969	29.7578734546601	29.760977807565098
4220000	28.95236968804049	2.602099254451261	28.725497788675447	28.732951137486417	28.73962323512743	29.40479775893474	2.236908119433244	29.209580548263247	29.23001554501095	29.23231428310197	28.884677985727063	2.178815832180831	28.69127257024756	28.70233549295299	28.712671957992594	29.411234260265967	2.3063490366391566	29.2112825259535	29.219524273981293	29.226826144480658	28.884367757048043	2.1823437042762412	28.69145452002948	28.702753190745867	28.71154138967998	29.3839813040199	2.309315733712839	29.17499181057379	29.194315968860057	29.209192719932737	30.958064579896966	2.4304947235343284	30.747308141395308	30.768354454974897	30.770696882455177	29.940601457161588	2.1896724405894705	29.753878477735086	29.757605768320424	29.760872358856645
4230000	28.952007786022268	2.5996038057161885	28.725817451439138	28.733118275516865	28.739830567969683	29.40469270609751	2.2352456439485975	29.209899112749607	29.229927948292925	29.23198353835189	28.884748157415558	2.1788101156367743	28.691243533629283	28.702438284233768	28.712684283625862	29.41115987321573	2.3048129186113235	29.21052393550894	29.2189589699116	29.22689126530976	28.884442498718016	2.182336352652337	28.69147648902513	28.70289624879424	28.711667892455743	29.385315105031705	2.3057878026676604	29.17612099149096	29.19469989001145	29.210810020036476	30.95782163453134	2.429433190251524	30.74792406891033	30.768352463318386	30.770439939623554	29.940570229780864	2.1897535277171682	29.754039558079537	29.75739169142983	29.760756428623218
4240000	28.952311931535977	2.6035676516009105	28.72551943054031	28.732841725780542	28.74011008263077	29.405550194697106	2.2354164704503874	29.20730367799451	29.23006881897942	29.232675895076145	28.884834580151416	2.178801706263973	28.691283451816737	28.702438284233768	28.712684283625862	29.41164592904547	2.307214493766301	29.210685277493337	29.219719429631844	29.2270399731492	28.88457887825279	2.182324845720121	28.691741957991987	28.702965201344984	28.711917572801994	29.38501580756812	2.3085004740435737	29.177137507020134	29.19310826407083	29.209113133900274	30.959628796396608	2.430765461121373	30.74574497723522	30.76853219851467	30.771132421882772	29.940571634120676	2.1896511051523717	29.754012913094435	29.757550647237743	29.760714806364952
4250000	28.95167524623087	2.5920112397599446	28.72626938198615	28.733457788198862	28.740038550351567	29.40625640373235	2.2365754244694624	29.213176526191955	29.23017742045429	29.23253941514306	28.884961452981443	2.178788697716442	28.691291778490207	28.702633141900325	28.712709357163902	29.411873078627846	2.3054130771272234	29.21144681135469	29.21999047139274	29.227299644428005	28.884658332305253	2.1823175949725124	28.691901827076993	28.702949455783976	28.711953574363744	29.38553814322742	2.3071025273456116	29.177698647579046	29.19477226265773	29.208935191922315	30.95899437574508	2.424499546613389	30.750657780821886	30.768602343594985	30.77097754339232	29.940325376504966	2.1896731554626423	29.754013870489363	29.757337752495964	29.760917983621177
4260000	28.9526522134708	2.602411241102635	28.726075706796244	28.733498852983622	28.740242176525488	29.406304263190894	2.236030586731291	29.210488425872487	29.23020039821345	29.232801008863238	28.885055701069906	2.17878032403796	28.691412371552644	28.702853855388774	28.712754384386642	29.411019759835863	2.3075685010881557	29.21081745259864	29.21883085082991	29.226616684898225	28.88474302668922	2.1823097268273104	28.691901827076993	28.702949455783976	28.712076306435563	29.38434106660107	2.309001872124756	29.17606140461386	29.19332758748372	29.209298960768184	30.959682653178962	2.4303377941184885	30.74900326474704	30.768649288007296	30.77125466746524	29.94040197621926	2.1896642861679374	29.753627187467856	29.757288927759205	29.760845521269253
4270000	28.951459420125683	2.592332505603498	28.725686807179017	28.73314034694817	28.739611042257014	29.40625264372596	2.236315474923057	29.21160470665017	29.22972338093458	29.232360276041934	28.885158737736482	2.1787714958285767	28.69155297330366	28.7029921438849	28.712859284506557	29.411592398605322	2.3067825319004163	29.211105289497176	29.219293025682035	29.22655978817176	28.88484902863799	2.182300721555723	28.691907524966002	28.703060622239924	28.712135592386552	29.38447893585105	2.3084056700931175	29.17629708994008	29.194054559100685	29.208059463274953	30.959393056039826	2.4243086402777645	30.74987407241727	30.76817211107322	30.770667165053453	29.94021126608867	2.189681788778933	29.75363268102298	29.757076396392428	29.760649363409943
4280000	28.953324776131808	2.6061760670827177	28.72627046544893	28.733203764758038	28.739590580745357	29.405854902193852	2.2349524306874815	29.21131241377214	29.230381513054432	29.232745720686918	28.88527602265241	2.1787611614078504	28.69155297330366	28.703074433318648	28.712890040872907	29.411555687549274	2.305627533778941	29.211209964671454	29.220262251395003	29.2271363423329	28.884951460562398	2.182290847383108	28.692261955807368	28.703119951716417	28.712135592386552	29.384509653830733	2.307902989537406	29.174686803833957	29.19438838409745	29.20993546631896	30.9590910886795	2.430046682448647	30.747982344521255	30.768825814221096	30.771180508806626	29.94051577076831	2.189655366449763	29.753757601781693	29.757644772262225	29.760890255276095
4290000	28.95292528015242	2.597540153934416	28.726245258500057	28.733303201878506	28.739969045273714	29.405832210026006	2.236387525982865	29.21079198579212	29.22982749492212	29.23275050121942	28.88534384018225	2.17875376913	28.691680744628478	28.70325335606227	28.712890040872907	29.412008831384018	2.3093560275066167	29.21050052290814	29.219679297019844	29.227159909009714	28.885053851835853	2.1822816866257124	28.692232402732447	28.70329391210597	28.712210047835484	29.385524092443767	2.3107349825831855	29.177656631310114	29.19242484212817	29.20888288852149	30.959207481768765	2.430022517184769	30.74870484877298	30.76828906569412	30.77119214256564	29.940434049442853	2.1896621137396486	29.75399917741801	29.757315000734224	29.76078750642611
4300000	28.953084984619004	2.6036985556147334	28.72569529150041	28.732803768480032	28.73979125369192	29.40569331908983	2.2367003292555827	29.21041276480138	29.230292371744547	29.233028761895355	28.885472304032614	2.1789156780322227	28.69188536596856	28.703380973410457	28.712894847316424	29.411248923573428	2.306725701107502	29.210089103517888	29.219524634623404	29.22667924620353	28.88515335735351	2.1826763398196336	28.692377919234374	28.70341598215498	28.712210047835484	29.384085807355895	2.308663187230466	29.175514164583134	29.192554432383332	29.20938172072657	30.959140871992776	2.4278275996595142	30.74842276771837	30.768746429820226	30.77146701912204	29.940583890839072	2.1896481960894354	29.753426906384263	29.7575743977062	29.76098051615228
4310000	28.952193854169995	2.598120735699804	28.72588078334583	28.733056669520813	28.739940838219823	29.405729869473557	2.2359491610057005	29.209246250941806	29.230519048485128	29.23230525158288	28.88557686746402	2.178906239437632	28.69199374870973	28.703618553420533	28.712894847316424	29.411504026972764	2.305999322928648	29.21102964728238	29.219636785617404	29.22707352106646	28.885275611072885	2.182665372268381	28.692377919234374	28.703451635028216	28.7122637390947	29.385032182673722	2.307760485460371	29.175574317855343	29.194882427794877	29.210076275434385	30.958653018250935	2.4264102162151038	30.747531976645796	30.768965704067135	30.77072156866911	29.940256843712643	2.1897069074082767	29.7536075675568	29.757281820005055	29.760636049098657
4320000	28.951398665984218	2.5842026207556863	28.725918078982232	28.732899077138622	28.739763982178683	29.405879605924866	2.235750769328406	29.208461190568592	29.23021911143954	29.233175285724716	28.88566502759199	2.179027859449448	28.69216489610489	28.70373079992877	28.713078070564684	29.411641377084294	2.303596656807323	29.210807935566443	29.219895327747246	29.227176350679777	28.885353592219506	2.1826584751376252	28.692380733947832	28.703627940684942	28.71233192389768	29.38414086825571	2.3056618013360994	29.174465743328824	29.193858867863263	29.20967745614097	30.95790611484404	2.4193723097213455	30.74651890525564	30.76857745196939	30.77142585923555	29.94036357131535	2.1898256806328127	29.753785491460018	29.757462500685627	29.76072083073419
4330000	28.952533817379148	2.593394938886621	28.725891543902854	28.73318441130791	28.740525951473398	29.4057228397484	2.2347907559676403	29.208599980902534	29.229574280529505	29.232913152534138	28.885730698475292	2.1790212446747774	28.692312831857617	28.703771717102207	28.713078070564684	29.411698141628563	2.30589646069935	29.210870174201627	29.219115813574984	29.227102244893068	28.88546122051864	2.182646682465873	28.692520866304225	28.7036801217562	28.712375776322613	29.383727302958025	2.308322176654554	29.173256242467538	29.192693793339682	29.209371424098947	30.958870609083398	2.4315398561570256	30.746811796251407	30.76794483014667	30.771206305873772	29.940460339315294	2.189745318964984	29.753917011394112	29.75731981128282	29.760868354722703
4340000	28.953304912770193	2.6040255286399443	28.72622905802059	28.732848497525204	28.74007682689112	29.406998337898333	2.2346053398363392	29.212261304867564	29.229996456334298	29.23241852777324	28.885803296954997	2.179014988460558	28.692312831857617	28.703876999937854	28.713017977307214	29.411342941504717	2.3046018201318788	29.210623810334265	29.21878402656049	29.22632653739573	28.885560687485526	2.1826373842727085	28.692520866304225	28.703725575944663	28.712405514916064	29.38329967187486	2.3074744216564533	29.17361871487928	29.19155242248327	29.208033594558767	30.9599730484632	2.430592966011047	30.750261951201907	30.768318489816444	30.770832336611015	29.94073215773224	2.189811371526613	29.754156616111324	29.75758822119012	29.760739291303345
4350000	28.951874199606756	2.59698415118199	28.72554601587435	28.733094976546337	28.74001731337152	29.40554443593883	2.2360359874828477	29.210410083257795	29.229598500181716	29.232051328903218	28.885882716324907	2.179008201977718	28.692312831857617	28.703923318787503	28.71318320213674	29.4114874564361	2.3076195359784193	29.210800193799756	29.218994361084924	29.22659440270925	28.885628624361388	2.182629877132435	28.6927791655203	28.7038019317671	28.712506872561566	29.38359932215759	2.309743461604029	29.17456046106652	29.192314740249	29.20861610499695	30.958173854355145	2.427317815553054	30.74790369803287	30.76801429618869	30.77037001549739	29.940645298415923	2.1898195327487833	29.75403698415144	29.75762835686392	29.760648069046056
4360000	28.95282544030636	2.6045839843363967	28.726294345026304	28.73268869703155	28.73914013416409	29.40669811583254	2.2352285676989636	29.214500296242257	29.230185992825028	29.232374357270693	28.885971217611992	2.179000171958786	28.692573457886727	28.703910473834377	28.7132582498116	29.41141167001776	2.3041079749261795	29.210018178022402	29.219392500942597	29.227389041368774	28.885717146819605	2.1826219336453314	28.692821383116204	28.703886434793652	28.712506872561566	29.384234611575454	2.3066983882808683	29.17513726780343	29.194241228870915	29.208989661120686	30.959916432102577	2.4265975120563774	30.75274851141896	30.768649064285285	30.770818997147735	29.940565501775538	2.1898570900720475	29.754018689627575	29.7573958472855	29.76085230811308
4370000	28.9524086363921	2.597906369276251	28.72606984133021	28.732786412257674	28.74008658824978	29.407267657930582	2.2349553158883446	29.212549320324225	29.230437651996873	29.23321913282733	28.886103249197497	2.179074459601501	28.692705607655007	28.70395638988698	28.713565701967816	29.412694361312457	2.3079797762353547	29.212230424905105	29.221136758939426	29.22804890811315	28.88583360945391	2.182608692425395	28.69307984582618	28.704004075000277	28.71260092978756	29.38622176791757	2.309843049452519	29.178034521399567	29.195397021957664	29.210248273822533	30.960649908586554	2.4300282151679435	30.750883107220925	30.7688604384703	30.771475352046266	29.94073801151427	2.1898408622025567	29.754069575006717	29.757496269700738	29.76097218025712
4380000	28.951769749737718	2.5979442376471096	28.725416324391105	28.732299584986265	28.739811156840723	29.40377088611978	2.2341977321207724	29.20843503122258	29.22942630500179	29.23164074789979	28.886189669417114	2.179066062185091	28.692816070579305	28.703999612749378	28.71362842376301	29.410658744113007	2.305255488694176	29.20968307799337	29.219094061959435	29.22635849939682	28.885937406104873	2.182745931713752	28.693153763303567	28.704111444514385	28.71260092978756	29.382436387633334	2.307125012681214	29.173762292524593	29.191934544025656	29.207545206068396	30.95619238857447	2.4284603792137114	30.745413527563777	30.767876796633022	30.77008995995388	29.940321216722626	2.1897592895304903	29.753614886499307	29.757356542616865	29.76089221565
4390000	28.952126938656686	2.603231478402412	28.72511937663374	28.732546993839094	28.739277539566455	29.40451623383442	2.235272090146952	29.210400887150982	29.229677261091908	29.231686304836508	28.88631404655367	2.1790549738618443	28.692997145706073	28.704079712090675	28.713757173597067	29.412245471222004	2.3055086957642996	29.21120867063226	29.21961300962772	29.22723037442848	28.88606928124706	2.182733849396911	28.693425181693183	28.7041931642097	28.712656412540003	29.38577440941245	2.3088630135820165	29.177560293365254	29.194231446634923	29.209269133897088	30.958544134383637	2.4309646696721305	30.748067925922438	30.76808958407282	30.770097474689905	29.94037331811022	2.189757496347057	29.753707967035105	29.75746746429112	29.760840282991033
4400000	28.952225159849654	2.6034633814512556	28.725584726112874	28.732468694042886	28.73927044778283	29.40645263838429	2.2366278412457037	29.21059720760742	29.22987434804799	29.232710007337406	28.886381238878695	2.1790486795970754	28.693037136685263	28.70413826373107	28.71386676032143	29.41157576643617	2.304887294412748	29.210643394538337	29.219301028146255	29.226602069715817	28.88635046414778	2.182715467297182	28.693466975937255	28.704260266126937	28.712718437399637	29.384304045515247	2.3078140417437982	29.175564415962032	29.19425936667726	29.2089676673479	30.959207404237375	2.4248853368861196	30.74880185793369	30.768332316539727	30.771139754464755	29.94034220152201	2.189926750808334	29.753557574695495	29.757375213942098	29.760638855438508
4410000	28.95179926391047	2.607355458198658	28.72543768130529	28.732342466550275	28.73946561274998	29.406768197942345	2.2352571454256616	29.210752516207265	29.230337157463786	29.23270738460481	28.886490721498124	2.1789943445432387	28.693180689156183	28.704238227373917	28.71392420976492	29.411432350621734	2.306533603258898	29.209981298143866	29.219515319721374	29.226910902639432	28.886448840467782	2.183021486413723	28.693633068098297	28.704331129900815	28.71280941589325	29.384382204473084	2.3074623086303783	29.175446094429237	29.19278334322356	29.210903042073365	30.960181395519168	2.43234245493048	30.748805314941276	30.768740237359935	30.771002360121535	29.94014980043127	2.1899436926068048	29.753291761867377	29.75703562452376	29.760550675680708
4420000	28.951459521447397	2.594441173182493	28.72527395138133	28.732861469660428	28.739512480674648	29.407087354829596	2.2362838717692206	29.212322122878767	29.230502188610302	29.232937468729403	28.886569621069725	2.1789872870317475	28.693913544949748	28.704320309123304	28.713897851789994	29.412171914288127	2.307543157568516	29.21071513952032	29.220235605627764	29.22712734599203	28.886565652659662	2.1832914446934435	28.693633068098297	28.704353340259004	28.71296250132195	29.38586970059864	2.310192235668102	29.17626834776863	29.19454010723915	29.21042893052322	30.96023626650076	2.426772054126529	30.750515137213327	30.76894910619078	30.77135789061682	29.940300778128886	2.189931686192312	29.753816199421156	29.757525538392077	29.760734021325344
4430000	28.951460364596628	2.5980400904846017	28.725445646153283	28.732367827691796	28.739390757260708	29.406398349389516	2.2353532721717992	29.21198337383996	29.23020267284897	29.23259725662996	28.88663889090358	2.178981148390966	28.694002326312244	28.704319614005932	28.71392420976492	29.41193732586849	2.3047884060305677	29.211551547267128	29.21996758997385	29.227228309016674	28.88670654351809	2.1832770919900035	28.69376162242239	28.704389139035143	28.713087535952745	29.384639961649004	2.306980808450701	29.176774700834528	29.19381351523463	29.208784664895873	30.959695008994853	2.4276312123447776	30.750300764966333	30.768568697794453	30.770944746748512	29.940414815466866	2.1899197386516938	29.753581648493814	29.75736874044916	29.760817433783053
4440000	28.952118743541934	2.6048221667432174	28.725687976878596	28.73201793036906	28.739100380572633	29.405228457842707	2.2366566353530706	29.20830602135021	29.22963544549603	29.23224788585108	28.886694764227954	2.1789760910415454	28.69414019495279	28.70441718596095	28.713857126577746	29.411628384315645	2.307231969055135	29.210845326195752	29.219063691652842	29.22679953847232	28.886798841425787	2.1832685734034496	28.693853762950013	28.704594788567377	28.713161715640194	29.384601371835853	2.310065786583699	29.177243788698075	29.192895601648992	29.208980447442762	30.958019998084893	2.429669579213516	30.745597938827295	30.76804584362189	30.770586864012685	29.940473777689785	2.1899141512046163	29.75375661913082	29.757410568703726	29.760739620324504
4450000	28.952274221160895	2.602353888423219	28.72599264071992	28.73258076557522	28.739553546977184	29.407320873338204	2.235246413535442	29.2141464816695	29.230294978478668	29.232420402301305	28.886756718725792	2.178970685387964	28.69418857278015	28.704507046807716	28.71386676032143	29.411342955046287	2.3051264713999844	29.210566241026925	29.21965398317687	29.227252541348957	28.8869272229145	2.1832560441236883	28.694197384762333	28.704687295324973	28.713289535652343	29.38464517715916	2.307362510178598	29.174828315600212	29.194019517689217	29.210519003474808	30.961172011707056	2.432351572475547	30.752537695490858	30.768577120286842	30.770756116643405	29.940457183962348	2.1899134146275245	29.75370238016073	29.756991485584592	29.760364741862908
4460000	28.953083630559792	2.6044762024123043	28.72608328562451	28.733141133388497	28.740326931381855	29.40706310488594	2.234759218920801	29.213073715623054	29.230348265772538	29.23407415651254	28.886871829938343	2.1789605595097865	28.69440387140097	28.704767767025878	28.71396981150209	29.412114131351853	2.3066542476110423	29.211098976208557	29.220290238137878	29.22707424633518	28.887012383415435	2.183260523949418	28.694197384762333	28.70473286076103	28.71340635578163	29.38520389931205	2.307799189109777	29.1768098912032	29.193365244144374	29.209471705548086	30.96068278016788	2.4310278688025826	30.751154664055708	30.768776113086147	30.7724372679652	29.940527223733216	2.189888212663474	29.75375292379264	29.75710290263592	29.760601678550294
4470000	28.952670413814975	2.5991302772095137	28.72658202447182	28.733039364770363	28.73995303780061	29.405927760050176	2.2364464353965	29.20987397805605	29.230071020992696	29.23246332123997	28.886971289023474	2.178951621730354	28.694610553410712	28.70485871266277	28.714224907593813	29.411871528696093	2.306375632086213	29.211521782712936	29.219679676106903	29.22683400788238	28.887115641479106	2.1832512479680264	28.69435210808257	28.70473286076103	28.71342920089074	29.38541796092154	2.3081448418298156	29.176579908639837	29.1946654523989	29.209782904011433	30.959011241039423	2.424066261658428	30.747828526837253	30.768490604055742	30.77085890054645	29.940656938596888	2.1899344504063323	29.753648363660698	29.75729047438304	29.760695429018135
4480000	28.95241233021747	2.596163771378228	28.725770901950654	28.732662717535412	28.740385556819387	29.4053001661631	2.2350422547509727	29.210130811529137	29.229941467231605	29.232286140195743	28.887050593739662	2.1789433794205726	28.69477631564948	28.704870476375902	28.714224907593813	29.411364790013813	2.304037430050028	29.2114340912143	29.219233499980042	29.226342127059922	28.88721350605792	2.1832428597492144	28.694373959885986	28.704866924214993	28.713437180706038	29.383463076697154	2.3082485927714527	29.174752636372403	29.191705913305373	29.209176800968777	30.957933125426916	2.425782286356364	30.74812179327789	30.76832482900801	30.77054621547822	29.94081619598838	2.1899490737965266	29.754128005228033	29.75750281363394	29.76066377618511
4490000	28.95308553898096	2.605664347860321	28.726276043760723	28.733335833435973	28.74017321417899	29.4078285697982	2.235723237020602	29.214150297975888	29.230358398934392	29.233060531035996	28.88711829268053	2.178937617684275	28.694792673101766	28.705027424369543	28.71444610489241	29.41159174102071	2.3068749338680807	29.2103825821693	29.219767887364796	29.226733077665653	28.887266251933514	2.1832372705686267	28.69455455458254	28.704931323167155	28.71357105711963	29.384353549844647	2.3087830771087634	29.1750537155376	29.193410477089095	29.20899194730581	30.960823137106672	2.430064241930331	30.752287183529532	30.768797263884206	30.771412590755553	29.940507035705036	2.189983194591376	29.75418437567242	29.757364423418046	29.760580857403802
4500000	28.95320919983336	2.605049482387946	28.72614492004944	28.732779736801756	28.73942497732109	29.405832326859763	2.2357756978332555	29.21162906736485	29.230489487201222	29.233243007801164	28.88728988513362	2.179761288367269	28.694818180380715	28.70506760773923	28.71444610489241	29.41231628273596	2.3091442465864587	29.210964183915618	29.220188496997594	29.22745507022444	28.887371975693988	2.1833584719617916	28.69469299260792	28.70499297365401	28.713762542920435	29.384765525075938	2.3102419115786756	29.17460825485017	29.19350203450372	29.210307711766767	30.95943111383088	2.4320998822902817	30.749785373699034	30.768927518137154	30.771685407526945	29.940563930171145	2.189998794611165	29.753591550311484	29.757192595193747	29.76077250983358
4510000	28.953006232710393	2.600554598669918	28.725757753596607	28.733224110180267	28.740108876220805	29.40746782334854	2.2363809176766964	29.212295124162523	29.230424223979824	29.232775785395173	28.887418225382252	2.179750311520804	28.694889366414248	28.70537670523011	28.714471534973242	29.411514374905465	2.3049072530230523	29.21073405902464	29.220078585362778	29.22751440264544	28.88748552185609	2.1833485647496054	28.694745419778215	28.705180644873206	28.713840585227885	29.38469415300184	2.3072680169564364	29.17613201692133	29.194650116808965	29.20937426139483	30.960380024943934	2.4219842640282687	30.750708038942605	30.768811835245508	30.7711603571103	29.940619067872454	2.190044650658197	29.753915938606738	29.757511140130642	29.760713368432036
4520000	28.953117132499212	2.6003241743094083	28.72632981255927	28.733692628309118	28.739923577387223	29.40654624363876	2.2361198165712626	29.20868896835546	29.230383783894894	29.232858114240123	28.887482399633985	2.1799058706783363	28.694859734823062	28.70539231866667	28.71450806519124	29.41188464774824	2.305006130651447	29.21104716633016	29.219682052771198	29.227090515201787	28.887538804724194	2.1833420945317497	28.69494491385421	28.70521603155667	28.713933953391937	29.385989531421796	2.306709137358792	29.176128725694532	29.195412340484374	29.212030558954794	30.959700996959786	2.4229972889600746	30.746860681740035	30.768821989082394	30.771314162861515	29.940911351780645	2.1900303970287824	29.75406110437234	29.75781952371844	29.760828783798296
4530000	28.953169723300775	2.5985513125501947	28.726920010658763	28.733923328905572	28.740412741836806	29.405260501591027	2.2360548599348156	29.209235754951546	29.23009807410207	29.23224088843709	28.88762932959723	2.1798925893377796	28.695041431289624	28.70559625220949	28.714560536273076	29.411900345106183	2.30680013310879	29.211180583376027	29.220351627948048	29.227361248816468	28.8876278844103	2.183332013424273	28.695075537869037	28.705247403669258	28.713997865765222	29.384934951560908	2.309165187696789	29.17666865792406	29.193229828204792	29.21030280462515	30.95780907362728	2.4303215919395305	30.746831640422002	30.76853950395461	30.77061012427292	29.94074240492817	2.1900929823026685	29.753933484507115	29.7576380076703	29.76094918977507
4540000	28.95347420190962	2.5996613261565815	28.726857462123473	28.733459545073522	28.740448461241172	29.4069792684711	2.236191392605497	29.21321495030324	29.23035869124094	29.232774450767025	28.887671333868482	2.1798889931227206	28.695104415487453	28.70559625220949	28.714623997594884	29.411982665737277	2.3057425093749484	29.21105027879105	29.22044447470681	29.227206230163624	28.88773721517628	2.183322674021185	28.695326883887233	28.70536941619273	28.7140123828966	29.385657478032027	2.308213756553845	29.17662611399763	29.195525080055987	29.209702287250224	30.960380544152056	2.429336614343914	30.751300027657408	30.768795719966587	30.77122504467547	29.940893649651372	2.190080473568017	29.754104292384902	29.7578741663619	29.761164147678162
4550000	28.95279859055516	2.5954576622465138	28.726757925923742	28.73345389080066	28.740923252897865	29.40673164785555	2.2363504105034	29.21028497731747	29.23004181465307	29.23282621224378	28.8878071385714	2.1798771296889594	28.69526796533629	28.705820511951153	28.714648594056115	29.411484367941295	2.3061202772485903	29.211319051229324	29.219600829230608	29.226649503924186	28.887835524957143	2.183370044699215	28.69535262271664	28.70537832493168	28.714314929715336	29.384452860575507	2.308876974231026	29.17702162519543	29.193463544500055	29.209744235420736	30.959555513098728	2.426489769997354	30.748335111694967	30.7683591010464	30.771148094066785	29.940871265874886	2.190060830324007	29.754163699595555	29.75766227924115	29.761167620953234
4560000	28.951154316219174	2.588764919651294	28.726844962468594	28.73303256268329	28.739376516138826	29.406961467290877	2.234870550524883	29.213148088396096	29.230250630379956	29.232576918795548	28.888087110543	2.179862598558703	28.695374799276653	28.70586725527653	28.714657011058502	29.411851086202937	2.304177851673967	29.21206302006665	29.220211893328244	29.227140448693635	28.887915492012052	2.1833614090258617	28.69561143179799	28.705382934472077	28.714436017286594	29.384370845166647	2.3071301621186056	29.17565483955821	29.194204380593995	29.209026766190583	30.960073551505435	2.422350274070317	30.75147929954963	30.76870780140211	30.770987051707603	29.94085066081347	2.190024480795001	29.75413185592032	29.757641801719927	29.760823179141507
4570000	28.952896386860065	2.6031797938471226	28.725958272934776	28.732979791100448	28.74011841851507	29.406181214218204	2.23472070580716	29.211458777443134	29.230126160703858	29.232826269690293	28.8883792811861	2.1798444288648375	28.695495152110468	28.705955167621603	28.714765778016424	29.412060664604187	2.304152940301908	29.211402623957387	29.219664529075175	29.22732819599781	28.88803715415283	2.1833507596631527	28.695720869719747	28.70564267357817	28.714436017286594	29.386511785560593	2.3063409013830314	29.177556386956898	29.195473935774054	29.210410342724582	30.958915651770123	2.4250194759350348	30.749213915970824	30.768568719491256	30.771185040310762	29.940834042877206	2.1900738721601116	29.754353926326516	29.75752367687088	29.760985322710233
4580000	28.952668376762222	2.5989506750618396	28.726254515567526	28.73335140992736	28.74047920089441	29.40604096637314	2.2354305070234117	29.21103339117846	29.22996781678439	29.232226405995373	28.88844619392276	2.1798385715219393	28.695560017383983	28.705958007824464	28.71486618372293	29.412862907838157	2.3062758608609557	29.212058059548	29.22057343016983	29.228245679436785	28.8881291582918	2.183342879770699	28.695803441018736	28.705670807547225	28.714549985485533	29.38538011931809	2.3084214016671605	29.17609627661591	29.1941343333566	29.210879955052803	30.95823431653515	2.4250268306063365	30.749052483041584	30.768413714625723	30.770675299571778	29.941103830249272	2.1900867074853276	29.754314843152333	29.757824786228305	29.76107918279358
4590000	28.95237771005084	2.600000992386186	28.725961870337457	28.732884590474413	28.73994675515976	29.40468088677034	2.233993835410275	29.21029525427842	29.23027641852778	29.23194692747738	28.88853741406018	2.179826831372744	28.695560017383983	28.706050150751278	28.714969566811106	29.411995923732437	2.3022836357515892	29.211502712270104	29.220119238720564	29.22734354796265	28.888203391101808	2.1833856350463194	28.69609359540683	28.70570816799416	28.714621502299767	29.385417125470237	2.3033828582332276	29.176422957753225	29.194933260090266	29.211150965109265	30.957852807432587	2.427684891468342	30.748366701898306	30.76872103601564	30.77036305934531	29.940972419362552	2.1900995048652523	29.754364999813706	29.75770719425097	29.76104519652543
4600000	28.951483277874054	2.590692528376256	28.726030460742034	28.733382965989797	28.740508801155737	29.40765174263514	2.2344472188385907	29.21274986884154	29.23062431642866	29.23376154888114	28.888633831198945	2.1798185031094373	28.695622830502813	28.706180506553665	28.715077414486963	29.411598874605804	2.308138041394729	29.21092941752706	29.21976870691688	29.226848690913215	28.888298802976475	2.1833763827009895	28.696159282641155	28.705765327073312	28.714670853330922	29.385208400517023	2.3093806782438797	29.176307422765706	29.194410694285445	29.20922347458362	30.960122129228605	2.4290481991251807	30.75088973993718	30.768972088686077	30.77195538411523	29.940807635099986	2.1901158502507285	29.754327184037354	29.757782067392082	29.761215621531683
4610000	28.951292622626642	2.5928415144070973	28.72573355325237	28.733445345763812	28.740511223724884	29.406700103826896	2.2369123060009946	29.209517613059795	29.230306868619152	29.232552947789173	28.88875537660971	2.179807769405166	28.69566809391659	28.706222792219606	28.715420856120378	29.412182392567477	2.308809946923343	29.211121936409263	29.22060386740411	29.227640274718183	28.888434432170737	2.1833644722459655	28.696473706516617	28.70597104920285	28.714810732118444	29.385513799454976	2.311241810863568	29.17651442088687	29.19371593119804	29.209765955018458	30.959546374607275	2.4225384318046195	30.74702763284813	30.768759442001244	30.770965649337448	29.94072635211605	2.190131641871949	29.754002728312933	29.75765608902511	29.76106367146338
4620000	28.952059643063688	2.5996392248619564	28.725961191660925	28.732890404627	28.740338195302737	29.40496167327838	2.236380491174296	29.208347731089162	29.229628372329053	29.23174624041675	28.88885952759074	2.1797974243722904	28.695933785433773	28.70624156802848	28.715699894988884	29.4113361994307	2.3060555448157065	29.211287146041357	29.21976780519536	29.226936469383233	28.888740492038714	2.1834623361321004	28.696589246009182	28.706021462068236	28.714885471699098	29.38421813963186	2.3084525586471254	29.175397347843333	29.194062015895405	29.20978565870684	30.95772101181365	2.4235301904449216	30.7466711806874	30.76809290945316	30.77020619877009	29.94078031877538	2.190124885922286	29.753992408257716	29.757565942593075	29.76088118788112
4630000	28.95194805649241	2.5994148611352283	28.725919090672594	28.73255451686441	28.739850129039198	29.40477912498181	2.233925489593369	29.209855748664857	29.230020761596514	29.232608478139106	28.888977763379398	2.1797862869677087	28.69596566649013	28.706275703007087	28.71575204237	29.411897870574382	2.3028575387192975	29.211670057396272	29.22000472837534	29.226927322397774	28.888835042666614	2.1834525963007816	28.69685918081638	28.70606174097702	28.714917218664514	29.384751334143296	2.305303694958087	29.176433843527672	29.19451286768434	29.209922430008692	30.95806900916419	2.426001589318201	30.74819468208777	30.76837770412382	30.77104064006468	29.94076032427959	2.190125952838255	29.754089995325423	29.757316892611513	29.76063650232878
4640000	28.95067664611001	2.598277538789224	28.724595422983832	28.732003487283436	28.739165928376945	29.405005677906317	2.233585356735181	29.21036669826445	29.22976362629484	29.232223829755156	28.889089059010367	2.1797763574600695	28.69629809303095	28.70640659990226	28.7158296243506	29.410834387012862	2.3052988420249476	29.210007044048275	29.219061987970246	29.226587315125265	28.888907023343627	2.1834461634189104	28.696954240976584	28.706115007357297	28.714963863893935	29.383141895340778	2.3078724274539124	29.17424123993456	29.192192671610655	29.20781463060567	30.958089859373306	2.425355277021895	30.74789245871468	30.76820619038965	30.77059559491598	29.94062324684238	2.1901159092486084	29.753759869711136	29.757310554369855	29.760728361358126
4650000	28.951536950503577	2.5997054211727697	28.725582185145775	28.732384443418507	28.73949860651925	29.40598600436399	2.2357628488964876	29.210568469386164	29.23017168940887	29.23268115126978	28.889218996266763	2.179764833090558	28.696446985735165	28.70684615747976	28.715911530478657	29.411760530437398	2.306779290036086	29.211314897943687	29.219505046986736	29.227091524717	28.88901291063731	2.1834370338510167	28.697032844638397	28.706197947508038	28.714993164490444	29.38602192177385	2.309314836999773	29.176134111960174	29.193914273308206	29.21162425098252	30.95894251285553	2.4300451606315883	30.74812892931042	30.76861622217792	30.771114568706302	29.94073203752997	2.1901061951354004	29.75386848358964	29.757552903737583	29.760604128525234
4660000	28.951686808986437	2.6076244564464717	28.725581285147314	28.732210433301393	28.73913296229928	29.406072747436404	2.2345737873920317	29.211365462838277	29.230179370431124	29.232389431202698	28.8893273625879	2.1797552144313967	28.696532889725614	28.70693084931341	28.715911530478657	29.411688309958006	2.3036713480024247	29.211374424252206	29.22016617626597	29.227005505645224	28.889113097197114	2.1834272199441305	28.697096948184132	28.706224625221424	28.715127162641572	29.38429319204758	2.3057905879211633	29.174265150974552	29.195111208694122	29.210070879485023	30.96008483735415	2.430010780400955	30.749495416984956	30.768640891539892	30.770846711073702	29.94049054559396	2.1900455906285963	29.753592373107523	29.757076973889607	29.76069248823833
4670000	28.95105588573359	2.599629989614778	28.725354392141078	28.73229237566391	28.73862227922398	29.405079694966393	2.2349270992680603	29.207091389014995	29.23004990685881	29.23221726239874	28.889414581361336	2.1797469814364696	28.696804246089677	28.707050959247496	28.716010365626936	29.411213621187493	2.30308976417283	29.210627953559705	29.219303655791308	29.227675449993978	28.88922706085739	2.1834171548758756	28.697194948524057	28.706529455207352	28.715174137575374	29.383980937862226	2.307244026916216	29.174446836437664	29.193829847020204	29.209144101006242	30.958385269041262	2.4281970249236218	30.745202233844896	30.76843361081923	30.77062783289344	29.940648647771216	2.190013779097937	29.753825938919263	29.757429454623555	29.760733053274446
4680000	28.951801241583066	2.598453623075951	28.725440328593095	28.73172410429467	28.73920551393956	29.40719989038836	2.2353317017843937	29.210001718472327	29.230298368811432	29.2333179371393	28.88953400800741	2.1797342558362405	28.697032250402216	28.707087699444305	28.716146566683705	29.412273400773714	2.3066039972592285	29.21188636379904	29.22032450017674	29.227976909646593	28.889286758506096	2.1834107345505878	28.69722979024672	28.706570391396994	28.715174137575374	29.386036935488203	2.30954461753857	29.17647613852445	29.19429433962337	29.211393803842945	30.95908167042947	2.4301724888485987	30.747861600995684	30.768694642883986	30.771390004524836	29.940370979054368	2.1900392714063854	29.753783733420484	29.757370429838026	29.76051634596016
4690000	28.95144864453272	2.594680621337947	28.724997892200697	28.732305960679547	28.73885944866668	29.40759263164824	2.2340169932265357	29.215464519605966	29.230564240901344	29.23350230122781	28.88963547864329	2.179725625813091	28.697032250402216	28.707224299157975	28.716160333893804	29.41162852178868	2.3040114560920966	29.210528959588153	29.2203550708429	29.22761906616306	28.88933317764378	2.1834050051452536	28.697260137405543	28.706609263058873	28.71519153594953	29.385217913795728	2.3058407789135664	29.177073141412453	29.194616399362687	29.210677483465272	30.960504674445648	2.4222377438690392	30.752734933352315	30.768999628612463	30.771898574531072	29.940173189630986	2.190056115768128	29.75348555712177	29.757146338710054	29.760688241861892
4700000	28.953076193541857	2.601855303071547	28.725750824909944	28.732634090003344	28.738912676646454	29.407129887582293	2.2355118853783185	29.2122603710652	29.230545999426084	29.233173710247748	28.889707930554465	2.179718650324602	28.69720305097861	28.707344561002426	28.716272734363923	29.412236160865035	2.305657241835094	29.21160326766528	29.22023269181635	29.22717957024252	28.889471985945303	2.1838148933115193	28.697271903409604	28.70679151123973	28.715280450933626	29.386171260390594	2.308284719098632	29.177914160157144	29.195876454286562	29.209707528863213	30.96023830399392	2.427438588157206	30.750335096732694	30.76900403938182	30.771591552320633	29.940426701806878	2.19005927434675	29.753973460478786	29.75752515324029	29.760625812061257
4710000	28.9521337139573	2.5994911662769367	28.725235882647276	28.732639730719814	28.73998551161464	29.406109146341112	2.2370855431504033	29.2104640789122	29.230193330574984	29.23214508009913	28.8898050178161	2.179793919930683	28.697261345915905	28.707528796057602	28.716290649317152	29.41196552014138	2.3079303124139154	29.21129939162531	29.219887574835475	29.227245428591104	28.889581123926444	2.1841118089163416	28.697380426278027	28.706879679365272	28.715372512333367	29.384707590916534	2.3101007734111705	29.174713400214294	29.193586094654293	29.209677162769665	30.958451710482223	2.4301298221188015	30.747347991966045	30.768604374333535	30.7705404884114	29.940304266838822	2.1902284079677155	29.75351156184573	29.757411454947487	29.760773414691883
4720000	28.95202511090864	2.6012589596593987	28.725790640195967	28.73295283488485	28.74004953558253	29.405843776337914	2.2364088981034116	29.20968644608968	29.229946919516653	29.232283175433174	28.889914390591873	2.1799696383581777	28.697382481022682	28.707538722777315	28.716414825808478	29.411949735941786	2.3064307332864122	29.211415473928056	29.219548778362363	29.226955788465794	28.88972287142796	2.184099510447336	28.697380426278027	28.70705043613076	28.715506254418923	29.38483449988494	2.309624095040084	29.1756377744697	29.19388003781193	29.209498823210534	30.95821247161747	2.4291299725577984	30.747211505649496	30.76830658068589	30.770630711162823	29.94040502448209	2.1902045732993987	29.75402671604054	29.75746303372039	29.76066425919124
4730000	28.951997970926463	2.604288278091552	28.72551134457559	28.73308199777392	28.739905219671215	29.406794321568814	2.2357802368476984	29.2115568491614	29.229978374731964	29.232254019700278	28.8900046768502	2.1799616606166503	28.69741939669681	28.707589216460132	28.716650602993745	29.411324276948783	2.3054071578563953	29.21074055516169	29.2197346134367	29.22653860181495	28.889772374319936	2.1840952025964944	28.697386312573943	28.707104267564482	28.715529121162998	29.384516309257798	2.308441437213593	29.175604477018553	29.192636457915814	29.209903246402746	30.959943490338706	2.4300678370985573	30.749496305143573	30.768403780212406	30.770704609600084	29.94028807388199	2.1902192535840843	29.753605043123123	29.757214794358728	29.760581256391966
4740000	28.951638268437808	2.602586983090822	28.725801030788084	28.73240631954525	28.73965914915379	29.406653947629803	2.2350747083410303	29.21305321965113	29.230438004059813	29.233381725858678	28.890053899849484	2.179957068899563	28.697503804799467	28.707632825884456	28.716650602993745	29.4112866455391	2.3041757034519685	29.21114724622886	29.219405755154927	29.226698910252043	28.889862513586948	2.1840868879772004	28.697446200963398	28.707179953968563	28.715578530356854	29.384673964550867	2.30748012408995	29.177037007325893	29.193960709508296	29.209847163882326	30.9604152903953	2.4304448761612703	30.75125432077408	30.76887752219416	30.771782128603142	29.94034914109555	2.1902236005986278	29.75331322884648	29.75729780256576	29.760603073050305
4750000	28.951971782308178	2.606027503451117	28.725441862241404	28.73245472067382	28.739960987353687	29.40534265036946	2.234529299919711	29.209950175953928	29.229945194021376	29.23241360920917	28.890122869878898	2.179950588542278	28.697650330307486	28.707767258030575	28.716714313313542	29.41124664486327	2.303972271087166	29.210793954024922	29.219469235648674	29.226341997898622	28.889924283283655	2.184081667903677	28.697580187652893	28.707363966389927	28.71557991533356	29.38475705694833	2.3063144603284167	29.176108434605684	29.193376529370138	29.209736514932167	30.958913848195742	2.429358835379648	30.748261743038846	30.768374847004775	30.770799337777856	29.940477083564595	2.1902450032688288	29.7535858561522	29.757014270990112	29.76059910036837
4760000	28.953132910739274	2.6047739579956017	28.725943337261953	28.732872103763604	28.739790811474176	29.40513346713823	2.235866246352757	29.210795339493664	29.23014908852692	29.23223709082403	28.89020109698769	2.1799436160786203	28.697661665006002	28.707783737676564	28.716847391911315	29.41176558496355	2.3096784649780036	29.2108958042749	29.218970654053575	29.2267542267987	28.890012055827683	2.1840731459323908	28.69763918154119	28.707434128022072	28.715750382379653	29.385567735784957	2.310976881259311	29.176101720874083	29.19450083270141	29.209843311646054	30.958530149113546	2.431534225416977	30.748195265055113	30.768460309462434	30.77068499004928	29.940617000273043	2.190233233022188	29.753477876626224	29.757583760667114	29.760734088172768
4770000	28.953895445666287	2.6056270030895856	28.72599986056728	28.73272371310781	28.740165210878843	29.40705014172318	2.2355389926534075	29.2116086466352	29.230050831691585	29.233259173621505	28.890253490422182	2.179939060946437	28.697703809499508	28.707796394772537	28.716887699892798	29.411123180224948	2.305883527750044	29.210489032120222	29.21949897957568	29.226689012595266	28.890094362704065	2.18406586258284	28.69767549653389	28.707412454607862	28.715799897084473	29.38529536854039	2.306803351551411	29.17706144483337	29.194762857810222	29.209109124484883	30.960653650124687	2.4284308439245548	30.75010166817454	30.76849304210451	30.771637054979394	29.94049534674095	2.1902448845162086	29.753815320476853	29.75731800710188	29.760653169206357
4780000	28.952761810247036	2.604820824866106	28.72596466427689	28.732306031613966	28.739547702379014	29.40772972181869	2.2359773884786573	29.21460638119513	29.230233216016554	29.233119470887424	28.890357841232177	2.1799300308852994	28.697977566254956	28.707894894722017	28.716949687311022	29.411039244991205	2.306869776398075	29.210581130475607	29.218794938032403	29.226682369795043	28.89017404752981	2.184058591057793	28.698016202137246	28.707452070611467	28.715839667393496	29.38355645394208	2.310739091607813	29.173670343527526	29.191580097985753	29.209123584931117	30.96129579514208	2.428208491286565	30.752261615116083	30.76860979295355	30.771364436137915	29.94061129624089	2.1902335177337573	29.753659575892847	29.757343640424182	29.760802019033658
4790000	28.951983297420938	2.598158308118907	28.725987568999976	28.732401186038167	28.73956678623083	29.406286710815646	2.237594769568115	29.210516283898944	29.230061378113078	29.23298529956969	28.890457491334963	2.1799212039506575	28.697991604277522	28.707973157595134	28.717014473498196	29.411532203499128	2.3085665906337556	29.210866715501552	29.21930581692026	29.22650339794908	28.890217624032054	2.1840547714010228	28.698074073030956	28.707452070611467	28.715869891969774	29.384343202030387	2.310734560595005	29.175615593655117	29.192199820497823	29.208655219209064	30.959141345974253	2.4263051344359496	30.748789622767823	30.76844673155293	30.77137954806913	29.940452853852097	2.1902476618240034	29.753635909074504	29.757111987586605	29.760514002745392
4800000	28.95200054251236	2.6035539610622775	28.725602812568003	28.732778860851596	28.739618402189613	29.40717427390146	2.2359133210987863	29.216113880078648	29.230488958009865	29.232663026417555	28.890519650690827	2.179914365416493	28.698133915802934	28.70799058596041	28.717194137543167	29.412200143897273	2.3048959066206978	29.21093330594075	29.220610646873737	29.227622286727268	28.89027128727902	2.184050205023445	28.698074073030956	28.707486558471125	28.715956812058458	29.38579052560556	2.3063224655833627	29.17648982240274	29.195021615604837	29.210842624578145	30.960009974430474	2.42418072961881	30.754614888237253	30.768926912848976	30.77106926738133	29.940228126424554	2.1902464419905097	29.75366992513495	29.756985015990175	29.7604155159956
4810000	28.952003528117118	2.603202801804759	28.725724756756865	28.733236538201403	28.739291290949325	29.405963490983574	2.235527769606789	29.212025058114758	29.2300463586236	29.232224632248297	28.890622635878483	2.1799048991699133	28.69831497050717	28.707995069530813	28.71728188380974	29.411749055924183	2.307404362308929	29.211467548216486	29.219666926583734	29.227122504553243	28.890321085053134	2.184045859837825	28.698095583236736	28.7075952838063	28.715902782384838	29.3852014803208	2.3090612960032924	29.17694905396612	29.194309388143306	29.21036846935464	30.95909807384852	2.4311352891193394	30.74935496475987	30.768485017420588	30.770608703031897	29.94061059156816	2.1902882077277366	29.753838136207975	29.757219953281595	29.76083901635135
4820000	28.952508014836415	2.601922128281618	28.72585852531457	28.732679938355815	28.73967370897483	29.405825367957288	2.2364152066629313	29.211427249262066	29.229844298679076	29.23218625317979	28.890662295875348	2.1799015071840904	28.69831497050717	28.70809872725942	28.717260928550324	29.410593867340026	2.304660410830442	29.20941729227784	29.21869070858797	29.2264049747702	28.89042335139176	2.1840366284387933	28.698125019805843	28.7076688619154	28.71597337822253	29.38346031590966	2.307493931961609	29.17506790050116	29.193256704235566	29.208024239928683	30.95850409138797	2.4231015784295074	30.74983782185299	30.768262600427306	30.770536239844397	29.940581776516048	2.1902797572667265	29.753651652653538	29.757398623135934	29.760871424490553
4830000	28.95327441580975	2.60131181890179	28.726221165135243	28.733368844101264	28.739745037006664	29.40592630456871	2.236665566351997	29.212776588461164	29.230139876305085	29.23246226047023	28.890797326366705	2.180091164099008	28.698515126779487	28.708237262467424	28.7173851599147	29.41199735422899	2.3084046307052413	29.211421639905353	29.220097569994522	29.2274137690559	28.89053641542662	2.184026738205784	28.698229609895257	28.707852371182966	28.71599754115581	29.38484023983125	2.311659244536637	29.175235287923954	29.193960078620698	29.21145897121506	30.959076696059856	2.433104287704781	30.750996341233616	30.768601100670722	30.770921636862077	29.940580476606275	2.1904268973573844	29.753513982309514	29.75741530156477	29.760805236033583
4840000	28.953267203202813	2.599069823378206	28.725230008982663	28.732651059780597	28.740013998740483	29.406801215802826	2.2355219580676717	29.212112896467108	29.230036760468444	29.232979063304466	28.890857410345532	2.1800859747149524	28.698593520396646	28.70837736902932	28.717442629164626	29.41165211624615	2.3056894121175704	29.21007229397651	29.219554444987743	29.226948399534447	28.89065140901312	2.1840169638440208	28.69855851870749	28.707852371182966	28.716053142809375	29.384381166979548	2.3081139118058815	29.174753044099404	29.19268128504372	29.210582814408983	30.95963192458497	2.4273239195066436	30.749762471723027	30.768487223604488	30.77143479323812	29.94061491317735	2.1904615672205883	29.75374279203258	29.757442759490743	29.760653359589995
4850000	28.952667771633447	2.600326221277325	28.72582867363392	28.732125547433622	28.740138446580385	29.40385453690452	2.2356472688414146	29.209216949904057	29.229910255860652	29.231540620278366	28.8909211942237	2.1800805274410604	28.698785114219525	28.708485249470613	28.717551353048428	29.411176259552697	2.304087094299514	29.21091726348273	29.21967092333307	29.22653002444024	28.890724377974493	2.184010759613153	28.698563231597195	28.707943371253208	28.71618350020947	29.38295947159114	2.307835810880164	29.17465197813431	29.1919440218455	29.208588450832288	30.95714053666671	2.428343594988079	30.74690541574244	30.768369530934443	30.770000131097067	29.940677261708498	2.1904647028451287	29.75390077418895	29.757284222427476	29.760530008581764
4860000	28.951923547433	2.60131763336693	28.72579872981691	28.73238983258738	28.739161882845693	29.40640034513979	2.2354528735036485	29.21067725890691	29.230013098740617	29.23234992824199	28.890980583842513	2.1800753253448257	28.698802842525424	28.708493394940568	28.717551353048428	29.411413282826228	2.3066503442419046	29.210406884518537	29.21990108612167	29.227187907662028	28.890823504872756	2.184002300901085	28.698918482189264	28.708124722649224	28.716550327707083	29.384050209217772	2.3099334169833243	29.17457419366569	29.192498655160122	29.210560751580964	30.959890787248213	2.430397905048	30.748928871556256	30.768429673893145	30.770754042382794	29.94043468636009	2.1904133403654678	29.753786445240138	29.757150504336444	29.76052254481862
4870000	28.951297883985625	2.593774808097308	28.725371855343933	28.73249827656979	28.73969108083617	29.406348084042886	2.236315001503046	29.21399775417499	29.230575427633333	29.23255463614677	28.891072260909542	2.180067391802393	28.69893395321766	28.70854766425076	28.717551353048428	29.412025901329738	2.305809495478492	29.211233806797896	29.220195868020596	29.227575059265703	28.890911484082512	2.1839484865202463	28.699256571373695	28.708116263059374	28.716556548239367	29.385433694819827	2.306153392381462	29.178477201348908	29.193869137366807	29.21157888400569	30.958955475879215	2.4228970994474555	30.751801680012306	30.769006944378503	30.7708810014531	29.940587975516703	2.1903998218190193	29.753881484729586	29.75733327407308	29.760679686936612
4880000	28.95111914378134	2.599417031562774	28.725534772721875	28.732983171487028	28.739835638396567	29.405430052029384	2.235374994422737	29.211795893863265	29.22977683162992	29.232630322442475	28.89138115802608	2.1800507398278457	28.699138214508185	28.708587274768114	28.71758949516538	29.411509314424663	2.3048240252095544	29.21061492182962	29.219574057223056	29.22674587421495	28.891029088661185	2.184344492769028	28.699323139677638	28.708124722649224	28.7165631974456	29.38403238959128	2.3071437183226777	29.17575482873655	29.193065430875755	29.20892604172826	30.95884899069192	2.428971891938788	30.749777894817452	30.768215438440443	30.77098961954779	29.940694414945504	2.190391471445613	29.754008974800875	29.75768877225188	29.760690348897576
4890000	28.95136757135779	2.605781642155811	28.72569993633115	28.732391993136293	28.739518648977963	29.40634773559198	2.2360138329368033	29.212656336687008	29.230430035604	29.232941995531654	28.891441911720605	2.1801342883411396	28.699205693307697	28.708564317513392	28.71749992413845	29.411871644503265	2.3071876996939915	29.211852143477195	29.219756633694992	29.22711118371193	28.89112634056772	2.18433508935697	28.699421179563394	28.708130687870856	28.716585208033578	29.38456530791184	2.3087902639461704	29.176229421571	29.19338721313671	29.208997361086908	30.958779483216613	2.4275551129352015	30.75058636723415	30.76884583365095	30.77130067091268	29.94039715110316	2.190408323405489	29.753857139001695	29.757431017230488	29.760446065438973
4900000	28.951269104319802	2.605583427044537	28.72537022307278	28.732636717091605	28.73891688688241	29.405545545490337	2.2369756340184583	29.210639356439124	29.230020060792604	29.232790650379602	28.891538710119676	2.180184753204167	28.699217903070092	28.70866019231117	28.717551353048428	29.411735148862206	2.3076965071857565	29.21038055538876	29.219718674553498	29.227469567251145	28.891228275243286	2.184326306777952	28.69964928346179	28.708157578334507	28.71669835481059	29.384811910549825	2.3100137095009607	29.17599165223723	29.194689303043027	29.209143881072546	30.958530009266845	2.4286361931841975	30.748266570084635	30.768385630230682	30.77101420144205	29.940415805432927	2.1904061396223478	29.753634408363904	29.757338434687966	29.76066638506338
4910000	28.951051355785328	2.6005700424200016	28.726202374036962	28.732689316303343	28.739602316332963	29.406903176863445	2.2359654648563425	29.212152747425357	29.230386138205844	29.233477763936108	28.891610181096524	2.1801785754228686	28.699222572148365	28.708764771738966	28.71758949516538	29.412345985628026	2.305710085433694	29.21198114700495	29.220495227613814	29.2275627975567	28.89130692120589	2.184319039853021	28.699679286837053	28.708208936132923	28.716728441960477	29.386376907731233	2.3094927365178752	29.177051973212713	29.19517954678703	29.21149780334241	30.959923691219014	2.4253620179904622	30.750182781915118	30.768825394261164	30.77165041878135	29.940434641941454	2.1904049822646674	29.75352347838704	29.75751338840626	29.760794717178367
4920000	28.95196740051481	2.602106034770393	28.725282004963535	28.732739270480437	28.73998292420353	29.408037317036886	2.2351356103956284	29.214151857356367	29.230468266556333	29.232882923062757	28.891674133061112	2.1801728098146715	28.699222572148365	28.708964205306437	28.717614736415566	29.412373939720638	2.3054655489618714	29.21141028939313	29.22064573430484	29.22770781467762	28.89139536679629	2.184311173794075	28.699749335945153	28.70824045492118	28.716774999092067	29.38533858243254	2.3068350101741646	29.176369125216844	29.195468418456798	29.211338663154567	30.96057739839123	2.429302383695013	30.752091619297598	30.768914194412616	30.771196264583693	29.94058036256226	2.190393632869052	29.75396762730823	29.75757680764044	29.7609011558484
4930000	28.952617825630394	2.6050954691703354	28.725073536441023	28.732709072964866	28.73956765674158	29.405654777380697	2.2350331356992807	29.210708980422954	29.229581399739352	29.232612182933188	28.891766592835477	2.180261687080555	28.699311286521393	28.70901620039715	28.71762381870691	29.410566468581184	2.3046817556814396	29.210289994052808	29.219216852094462	29.226640407295413	28.891528669713693	2.184590761859162	28.69996013775521	28.708406223728346	28.716991703977804	29.38274878566973	2.307325163481219	29.173007910049698	29.19217994156125	29.208682197187613	30.959070657133246	2.4264748223415826	30.748706292277614	30.76802005205588	30.771021257853103	29.94052064221115	2.190398638859693	29.753662847963792	29.757684719167784	29.760911884782246
4940000	28.951243365207088	2.5964293773091147	28.72521022803851	28.73265157545544	28.739509612814203	29.407009058616993	2.2347272684255883	29.21413028554359	29.230196225429683	29.232442665183928	28.891875502139694	2.1802523806157197	28.699365382277687	28.7093930210344	28.717660647875114	29.411597619945027	2.304546527600837	29.21117821481265	29.21945405822152	29.227135420407393	28.891609135337067	2.184583627675341	28.70001115352564	28.708586442740547	28.717176832874028	29.385952935669806	2.3074628131568353	29.177274028015418	29.194719251006553	29.211193944987816	30.96086944616572	2.426258410735879	30.7522325435408	30.768627309993125	30.770885671513817	29.940540898036126	2.190394749593857	29.753555561969392	29.7576497810795	29.760722878209855
4950000	28.951829650826003	2.5991907078129297	28.725414357068132	28.732871826764182	28.739679982157146	29.407134932465286	2.2349914916071927	29.213941137841267	29.230425135946724	29.23323052672484	28.892021815417284	2.180535163509117	28.699669653774052	28.709491235466285	28.718039737292347	29.412494554822594	2.3072708438747584	29.2113470081721	29.220407712112966	29.22725493117925	28.891713577393304	2.184572937586554	28.700185462669875	28.708692663959766	28.717414379111972	29.387132474345805	2.3095990151811705	29.1787670156029	29.19655947219381	29.210759348773333	30.960679587093264	2.4274354896742163	30.752186266477274	30.76885496950588	30.771582204389166	29.9405702535196	2.190392563116539	29.753594244175012	29.757479643985587	29.76094948459973
4960000	28.953138512958144	2.6051576163912227	28.726026312984086	28.733317866734616	28.74027494071609	29.406101384836912	2.236327067622569	29.212385671933923	29.229923335826157	29.232650795150658	28.89212673664846	2.1805261355411965	28.699701662597867	28.70963042964967	28.718150418341068	29.411781638285262	2.3083021071171275	29.21113556164781	29.2196075200402	29.226855735514892	28.891772490561088	2.184566882154662	28.700319942959922	28.708826867250643	28.717414379111972	29.384635091533003	2.3090607930367892	29.176039943712162	29.192578969642547	29.20903478760834	30.95954009259792	2.4304457880950707	30.75047068761516	30.76832941573074	30.770948299324775	29.940765352804558	2.1903755625778234	29.754138331869882	29.757564994020772	29.76073222028346
4970000	28.950943191945136	2.5895352280973913	28.725961001873664	28.73294522804359	28.73979157994119	29.4055930163538	2.2362066253936126	29.211684275983405	29.22996985564356	29.232317706703697	28.892169533263196	2.180522445431134	28.699721500853425	28.70963042964967	28.718234435244923	29.4115143292501	2.306584183298162	29.21099505005452	29.21980229345207	29.226794762207277	28.891828306821143	2.1848034531036857	28.70042521315867	28.708908540827387	28.7174221682808	29.38476419558969	2.3089086315991803	29.175353269462512	29.19399943015692	29.210688854121507	30.95887186911298	2.4235250344215733	30.7501959803744	30.768421972172106	30.770755691027052	29.94065967739837	2.1903279961959807	29.7541078500446	29.757528303391666	29.760569476280455
4980000	28.95178871060616	2.5942664685715524	28.726255212532266	28.733098726393848	28.740123174601024	29.406703869453697	2.2355585402199343	29.21169045361048	29.230187905923685	29.232543592441782	28.89226702399952	2.180764791573264	28.699898975323297	28.70965300046306	28.718492537979653	29.411761825266048	2.307131855758815	29.2112291179279	29.219831975531257	29.227108545441574	28.891913561433235	2.1849273009432792	28.700467093739785	28.708930743652004	28.717414379111972	29.38558119192223	2.3098928058314434	29.1766349157452	29.193376890439524	29.209530899510966	30.959703411891656	2.4308075875866373	30.75001010485669	30.76862751981317	30.77093131608741	29.940480269372873	2.1903443167005414	29.753768922339923	29.75714811491975	29.76065747219109
4990000	28.9520782134866	2.602316245552416	28.725789082034574	28.732927922377435	28.73952497332651	29.405836975067217	2.2351644867987854	29.210190559099697	29.23032339864628	29.232549453950636	28.892344425342216	2.18075745648484	28.69997679697652	28.70968774654562	28.718332809692683	29.411805587656634	2.305970835233436	29.211353646629735	29.220023687444154	29.227125941914302	28.891986282233248	2.1849199053833006	28.700467093739785	28.708930743652004	28.717454654298237	29.38570086230562	2.3094694667136446	29.176813257300307	29.193943709584072	29.209050431782927	30.958574957802757	2.4268835190759415	30.747560591707845	30.768772630065257	30.770916242116733	29.94047146094955	2.1903428906553604	29.753603706431345	29.75716556377318	29.760262254549275
5000000	28.952728284476446	2.605329229255739	28.72568539243187	28.732600018910944	28.73970751211315	29.40615989887332	2.2361616567654514	29.212709566299246	29.2302388516665	29.232067365471345	28.892423216569373	2.180750126656832	28.700142447314633	28.70972146566414	28.718332809692683	29.411533848736397	2.304658009033691	29.21117209175017	29.219962893456795	29.226603667961932	28.89209661083983	2.185234954430845	28.700589575068765	28.708948124845566	28.717482313412866	29.384894036098878	2.306881143382835	29.176779155471216	29.194459247714295	29.21100911568888	30.959349020403888	2.4293260241058228	30.750796754837097	30.768691639845464	30.77052549165306	29.940621943617067	2.190330262725466	29.75392737470751	29.75722011531475	29.760404484893858
5010000	28.951633730368506	2.6029803018993594	28.725211040820163	28.732203559692678	28.739364512978945	29.406267585059698	2.2362998139137544	29.21195842133041	29.23003711637866	29.232348478902793	28.892521088309834	2.1807397180642223	28.700324641719256	28.709786995042748	28.718518341884625	29.411005411269926	2.3059324114342514	29.209553360416937	29.219234762139457	29.227000475098063	28.892191794550538	2.1855197829553696	28.700589575068765	28.709114482970044	28.717482313412866	29.383671181101857	2.307154207298358	29.174428660764242	29.19253429606952	29.20923486560035	30.959237938045128	2.4267709960842048	30.749766437186057	30.768414537045018	30.770720725669282	29.94047890149781	2.1903441500452514	29.753797900457915	29.7572433629787	29.76035403663849
5020000	28.95203341391187	2.605716458319579	28.725371841301683	28.73235706760444	28.738998390559523	29.40469083383141	2.236944488475056	29.209682735723927	29.229614614300644	29.231834654556792	28.89257142022163	2.1807344828597164	28.70027348137265	28.709903722938506	28.718640548963645	29.412095720266166	2.3071311731017663	29.21099710830611	29.21967701071656	29.227431532239496	28.892253859350387	2.1855139472682974	28.700589575068765	28.70925800713225	28.717533128196152	29.385203586863863	2.309220655003763	29.176158552314213	29.193615069894655	29.2098250020056	30.958310687044218	2.432124039322461	30.747855994662167	30.768022207216323	30.770170416949885	29.94039747766404	2.1902954593694406	29.753546299615437	29.757167664725593	29.760551566888026
5030000	28.951752575071918	2.600400828413106	28.725405467615577	28.73230357562852	28.73919414485404	29.40808308347061	2.2364135327902495	29.214268126832327	29.230479096424062	29.233387530686105	28.892645368043326	2.1807278336791653	28.70032414055715	28.70998467229191	28.718704928364588	29.411862484804306	2.307019813800178	29.21130708966472	29.2195638972442	29.22698092984294	28.89233009543117	2.185507104537153	28.70064452306175	28.70925800713225	28.717666767239155	29.385526982134362	2.3093822611905646	29.17682865474579	29.19429997008797	29.20945165598203	30.961583226756073	2.430781449286258	30.752274261864773	30.768938650606543	30.771789525050806	29.940615377311648	2.1902764782054227	29.75398393742362	29.7575131998316	29.7604910074144
5040000	28.95140782737831	2.5976443486001006	28.725124231816423	28.732471942058112	28.73924754392822	29.40566621046092	2.236526681424065	29.2110894195364	29.229934647946195	29.23337263738715	28.892948011570592	2.180711257119053	28.70032414055715	28.710018699872048	28.718797756050385	29.411781227314073	2.304401691400624	29.211681309262648	29.21950006967259	29.22660125238854	28.89242575200224	2.1854987455973314	28.70070790037866	28.709305411664893	28.717736254312648	29.385025694206952	2.3068045911374275	29.176054594977835	29.195131393807266	29.20950968188142	30.95759568680648	2.425115933395134	30.748954116591197	30.768221320445527	30.771529793809215	29.940457698328494	2.1903907693381477	29.753595388790906	29.757357071808684	29.760644928992143
5050000	28.951900854316165	2.599029488885742	28.725079151494874	28.732357304293302	28.739629799180364	29.407616652904313	2.234653587922633	29.213044061089736	29.230105695071455	29.23238032087128	28.89303632331628	2.181379630833103	28.700348319891365	28.71002935734309	28.71885923066334	29.412112480296948	2.3065886925733703	29.2121901974346	29.21976296171952	29.226828526695776	28.892496662415233	2.185492068178025	28.700807197234713	28.70933078112807	28.71775466887055	29.385676246441587	2.3087326601504006	29.17637223124359	29.194267926529225	29.210199951157872	30.96132939347523	2.4293410617989393	30.75142739713116	30.768540870910932	30.7707745084927	29.940491285794405	2.190388443757443	29.75367775725571	29.757180011423845	29.76068207156856
5060000	28.953144248865392	2.6058007748429364	28.72550568923556	28.732466048173578	28.7393830107322	29.40660138622741	2.2357687749902877	29.213937653273554	29.230094534590513	29.232743577814272	28.893125243989832	2.181370670173142	28.700748357011555	28.71008198771822	28.719003936129894	29.411085745802552	2.3061366421360914	29.210371280636146	29.21944941952883	29.226091806443232	28.892542512920954	2.1854863909218976	28.7008455867513	28.7094241479582	28.717846198069438	29.384181529323097	2.308487510628497	29.174706491968934	29.193026006838064	29.20921667723644	30.959739680815687	2.4278016964249285	30.75225082487409	30.768556044552227	30.771199926588135	29.940795155442686	2.190361233991744	29.7540635620073	29.757571679065535	29.760616219826716
5070000	28.952527642511885	2.600909978875982	28.72584169570242	28.732654063082634	28.739880119824292	29.406463528343718	2.237119019806189	29.21069178284011	29.23032391515408	29.23264253756946	28.893188974836363	2.181365096686754	28.70068421032809	28.710106589407687	28.71894868316154	29.411523202022508	2.3053924781889723	29.210640088996154	29.219382785841397	29.227657658293133	28.892576720581115	2.1854834589787795	28.7008455867513	28.7094241479582	28.717846198069438	29.384927841218875	2.3090068258780296	29.175152632517623	29.194282702353163	29.21054557203676	30.959227511229585	2.422964962812613	30.74877047200599	30.76877979601389	30.771000336111108	29.940702403991406	2.1903235140114092	29.753883466988192	29.7573985479402	29.760766892902943
5080000	28.951787505434044	2.5951012010716807	28.72591541557882	28.73291137768375	28.74017233859984	29.406719280570602	2.2367431777663964	29.210077364333504	29.230252296824453	29.233226829773685	28.89325876939992	2.1814160848423785	28.700847824037027	28.710125595741182	28.71894868316154	29.412080120594727	2.309306691297795	29.210634221215614	29.220108533799532	29.227484436160633	28.89269459984038	2.185646139145238	28.700993607514437	28.709643016139392	28.71794187238207	29.38500511692373	2.3117292856485485	29.176589984477452	29.19361557770425	29.21008085087459	30.959383335677185	2.427983670773225	30.747486921772037	30.76869536426657	30.771631389350883	29.940704742033354	2.190397263848407	29.753744801288885	29.757670895668753	29.760856961292628
5090000	28.952581271464375	2.6067340302931834	28.725993909847954	28.733014918781297	28.74008380023128	29.40524193483547	2.2361822422778492	29.20760160891515	29.22961853494356	29.232674586273966	28.893547575658797	2.181402492516999	28.700853768332543	28.710160296715507	28.719109553103323	29.41147448522868	2.3067242843547993	29.20999648701889	29.220268584634	29.226929327842996	28.892774099660308	2.185639239637733	28.701063566997476	28.70972710204007	28.7180202538391	29.383997517389474	2.3089396447559603	29.173647606200632	29.1926347123811	29.209088679115663	30.958176128972454	2.432016490808662	30.745149246293682	30.767883191189274	30.77108689509261	29.940748333310857	2.1903933466913745	29.753752116781364	29.757471306342772	29.76075919290924
5100000	28.951067685893094	2.595101495532336	28.72573285774806	28.73306934790031	28.739775565623873	29.40656740959609	2.236945603070853	29.2103430715281	29.230251017727962	29.232401535246865	28.89364752136268	2.181393623488082	28.70121385624845	28.710204819153567	28.71920842370048	29.411357840542212	2.308069241268264	29.210559428644956	29.21934528693322	29.227042612399565	28.89286387640154	2.1856312112953136	28.701074774835153	28.709764518818208	28.7180202538391	29.38450573510127	2.3110950882889663	29.175077509692198	29.194994975526512	29.20935430221414	30.959551255689732	2.427933451416376	30.748069949494486	30.768698139929732	30.770824542889528	29.940735940363716	2.1904703210533345	29.753826422385757	29.7573566910897	29.76070215414495
5110000	28.952545845749576	2.602891418614929	28.72604343341314	28.73252572619667	28.739883393202778	29.405106818426194	2.2358707895381364	29.210359915533004	29.23006121365641	29.2322861863363	28.89376407986621	2.1813831496615372	28.701414876094518	28.710336666327283	28.719276864904913	29.411933470781726	2.30486972190996	29.21114302345454	29.220111921029844	29.22677390213172	28.89297334066905	2.185621779941684	28.701135859325355	28.710032911696842	28.71807848140633	29.384521955268387	2.3071757988522243	29.176721312082993	29.1937124554547	29.20857691058589	30.958642384109325	2.429905258205947	30.74804898375094	30.768509754972158	30.770745811657847	29.940653062136644	2.190478212682407	29.753728098908336	29.75746799592099	29.760540272349218
5120000	28.951649838592253	2.59657392091455	28.725699120995735	28.733314516025242	28.740013449611393	29.40361254616947	2.2354766390207392	29.20583433903014	29.229769000074374	29.23224526222111	28.893811708744472	2.1813783514387812	28.70150321513581	28.71043191629352	28.7193318810787	29.411794391734514	2.304897721924424	29.210977691363876	29.219744055064766	29.22732949515714	28.893042784022263	2.1857614929011846	28.701135859325355	28.710097264184974	28.71807848140633	29.384187238503397	2.3077815534663815	29.174953783473697	29.193659108596464	29.20968256494772	30.95724153961537	2.429320758557089	30.74408437383586	30.76817706956951	30.77064413850713	29.940718777050602	2.190449071869634	29.753859110575263	29.757442333608285	29.760621677715537
5130000	28.95182718932747	2.6011997120558017	28.72655774206298	28.73295283970193	28.74038034134428	29.40685807152896	2.2350049240942083	29.213871159423412	29.230345551018686	29.232355081623002	28.893877471616534	2.181370333378886	28.70154366324276	28.710496570912667	28.71952669380662	29.411958588254166	2.3068813260389374	29.211634374793086	29.220103127563277	29.227285553238335	28.893112480505373	2.1857554377132806	28.701205080463463	28.710198286807113	28.71809842304628	29.38572742262656	2.3100696622816823	29.17616219095181	29.194519045098183	29.210436538468144	30.960864621033114	2.432611962915358	30.752377111054393	30.768800039482333	30.770780931027524	29.940875046810746	2.190515372622693	29.75412118321797	29.75765008013635	29.760500018316705
5140000	28.953042539608415	2.6002781619574304	28.726352223493045	28.73292618608606	28.7400153273382	29.406169781692835	2.2365083865733366	29.211762677721985	29.230050705222013	29.23276184096944	28.893924557621204	2.18136257770313	28.701734003456785	28.710496570912667	28.71955456010279	29.41258313282553	2.307213763440536	29.211874202195222	29.220545808771888	29.227839748934542	28.89322852149461	2.1857452975889	28.701248850437914	28.7102099596464	28.71825950201585	29.385680919838016	2.3082583453766383	29.175716352351508	29.195344481671057	29.21103993024801	30.959363374810923	2.431688096098133	30.74955794552522	30.76844778881616	30.771105743952944	29.940907624719642	2.190577832335699	29.754053952921844	29.757803241827183	29.760908173319205
5150000	28.952049092983287	2.5991428082056305	28.72614908935697	28.733058696202484	28.73919931506614	29.405917864944858	2.2368180429022626	29.2119770557834	29.230037404739633	29.23331800462301	28.893974594593345	2.1813582757884022	28.701773345608284	28.710496570912667	28.719693853308762	29.411769071430975	2.3062354358940778	29.210505081910966	29.219657440725868	29.227114293415532	28.893298778422732	2.18573917667085	28.701470251789274	28.71037740831366	28.71828253377127	29.384098796114817	2.3090156230217977	29.17504056869112	29.19270753828791	29.2088777121125	30.958954158150064	2.423927929510578	30.749605561036383	30.768448595675792	30.771651865244568	29.940930051265937	2.19054456408071	29.754252128127277	29.75778308788615	29.760613280232757
5160000	28.952189404940626	2.600642608836689	28.725764607909277	28.73278268669653	28.739468783408498	29.407750513023085	2.235444799709496	29.21202029538388	29.23047942130327	29.232446743569625	28.894005017836484	2.1813542285970318	28.701773345608284	28.710535482994985	28.71976130542111	29.412578182947442	2.3088562963822836	29.21208994795604	29.220761378244468	29.227366611724822	28.893380169260972	2.185731796304126	28.701470251789274	28.71037740831366	28.718235988324835	29.38584547657946	2.310673361119451	29.176853343457356	29.194700445941084	29.20994040602801	30.961095246752834	2.430789105171717	30.75017649586827	30.768878983633506	30.770873956806156	29.94105553178414	2.1905324835432287	29.754327730171525	29.757859185468856	29.76073634873043
5170000	28.952391222809347	2.600339010553885	28.726054661671114	28.732883506079347	28.739492354426776	29.40602440097703	2.2373619626535186	29.209080419833093	29.22980484885509	29.232423943708962	28.89408942263346	2.1813469440313424	28.701815836848866	28.71062941515712	28.719772952616452	29.411138292742173	2.3078699824632785	29.21049837186583	29.219042499395307	29.22603166529907	28.893481418979164	2.185722063005931	28.701724938696636	28.710410316132474	28.718418732780698	29.383915286684392	2.310853044327009	29.17530484288064	29.19193395716679	29.20877990195024	30.958831101760353	2.428480170181492	30.7468068982895	30.76815478190684	30.770774931557145	29.940874478226824	2.19071794856086	29.75409944538685	29.7574301869392	29.760439529678862
5180000	28.950689050770634	2.5857980618279375	28.725844972448826	28.732713046090517	28.73957727037583	29.4050767192445	2.2367964700265777	29.210334287104995	29.229838041055853	29.23242784837199	28.894155219784288	2.181377580799895	28.701861690087615	28.71065932352765	28.71980030400453	29.411791355464924	2.3047045295126236	29.211111718520222	29.21996568611331	29.226848876757856	28.893574133571956	2.1857095211621123	28.701762632362417	28.710524871318235	28.71842221342334	29.38455350542534	2.3062949127153765	29.176482038056776	29.193764868287005	29.210096131031825	30.957911332063052	2.422622359755841	30.7485205254578	30.768244436712045	30.770820822862085	29.940808840610167	2.1907234522338404	29.753936467800955	29.757531708390847	29.760679906362093
5190000	28.952535130073592	2.6041731075057726	28.725606766016615	28.732699966882308	28.739722189663244	29.40642149580088	2.234330459496862	29.214237062484884	29.230615940975916	29.232923085339216	28.89427635284749	2.1814627481247615	28.70205840375024	28.710822195521217	28.71980030400453	29.411843762564295	2.3031713163915755	29.211237191915718	29.22057526933291	29.227786821932646	28.893666974441693	2.1858743775382616	28.701911226690108	28.710580235936902	28.71843208781545	29.38472019226538	2.3061937134801256	29.17548745883552	29.19487349502853	29.21150994348968	30.959691551687477	2.4250442219388186	30.752175444412007	30.769020405514123	30.771130833885362	29.940716820367978	2.1907747279878826	29.753963353376353	29.757317630463046	29.760757766461506
5200000	28.95317638716363	2.6045143894457676	28.72549579733562	28.733176346942827	28.74003025440427	29.406012932719285	2.2338651577955972	29.211015540410433	29.229962635005435	29.232301924360918	28.89434385115693	2.181456887225591	28.702279157241797	28.710848657761165	28.719831210370526	29.41217071675418	2.308635535706801	29.211322465025255	29.21985438477914	29.227426949296728	28.893760469399677	2.1860914687577475	28.702113710795572	28.71060945445785	28.718488150849822	29.38598020255254	2.31034779717831	29.176140579916613	29.19354238740841	29.211986491846286	30.958970725343463	2.4316801206293035	30.748658635151838	30.768379423417894	30.77067954697344	29.94103320313382	2.190658000470215	29.75423913455743	29.757668784024023	29.760830190428386
5210000	28.95154289081761	2.588514042944719	28.725466771099573	28.732796073317154	28.74030094005436	29.40498863639986	2.235105447757028	29.209218477967497	29.22974306332496	29.231919674150937	28.89437048758318	2.1814523728798947	28.702412636747027	28.710896921616207	28.71980030400453	29.410729928495222	2.3030111756923746	29.21010068530256	29.2191605158346	29.22665797527673	28.8938280254955	2.186085222862518	28.702137086027918	28.710692900400588	28.718488150849822	29.382877004165806	2.3054826330181712	29.17364603617262	29.192288503294904	29.207818431825686	30.95718761479612	2.4233718141275897	30.74728850764415	30.76797995011157	30.770240315251236	29.940422020468645	2.190616930248153	29.754171990667032	29.75736365744801	29.760536206767547
5220000	28.952869041377173	2.600708494276455	28.725621032798255	28.732718234051582	28.74017486390874	29.40666024623165	2.2366545126429225	29.212204682155082	29.230237794390618	29.23272780411333	28.89448303816966	2.181442131798594	28.702534819441684	28.711002457789903	28.719869640380654	29.41130623639919	2.305619457066463	29.210866686708936	29.218918658856325	29.226232383508762	28.893894575167373	2.186078658702162	28.702137086027918	28.710692900400588	28.71864005622169	29.384665633345826	2.3078210428306276	29.176924055643433	29.19335728962549	29.209336152371343	30.96011189238717	2.4286390709040577	30.750612402081035	30.768671065868336	30.771092205162986	29.94043187435557	2.190681330067646	29.753784917190202	29.75750227101433	29.76062745423243
5230000	28.95349537085685	2.6019527918327747	28.72619320987007	28.73312801706171	28.740227476603454	29.40651521084841	2.2358039627813397	29.21218222528272	29.23019742738227	29.232955262391275	28.894568440022326	2.181457946816222	28.70255413596908	28.711072929281148	28.720043050228924	29.411873797031834	2.3054115508134423	29.211097724534056	29.219651661456346	29.227608864563294	28.893984436908937	2.1860705392913173	28.70221213397481	28.710711839082293	28.718703290725593	29.38521059929977	2.307582297811683	29.175620033189553	29.194085767224344	29.210299351633367	30.95984993586128	2.4285429608830627	30.750286620937175	30.768647638519603	30.771357872855162	29.940240375471287	2.1906788083294977	29.753760943708016	29.757210649631112	29.76053532322757
5240000	28.9523113518749	2.595794796383233	28.725952127770974	28.733455940975404	28.74014923499621	29.406280527551605	2.2354865552436713	29.212980336235315	29.23041799178788	29.23268348187218	28.89463920998327	2.1814516545241407	28.70255413596908	28.7113015528765	28.720043050228924	29.412101945665693	2.3079992849786715	29.21171810712542	29.220245778154993	29.22674118198625	28.89402388801027	2.1860670137427776	28.70221213397481	28.710854782238023	28.718703290725593	29.385043706293786	2.3093964563086637	29.176082929102613	29.19448548018834	29.21010492823116	30.960326837051166	2.4329423186159915	30.751058676203606	30.76885484775569	30.771067213823784	29.940422831266876	2.190661643455901	29.754016217044644	29.757356003043327	29.76047656458801
5250000	28.95366521348167	2.606647978687806	28.725828736649902	28.7334026058054	28.740318663828383	29.40683448294814	2.2362837596227356	29.214714399969473	29.230577986875517	29.232545774388676	28.89471180030436	2.181445470806281	28.70255413596908	28.71149016206266	28.720057322895798	29.412314297028086	2.305640448980393	29.21181423559796	29.21998232125067	29.227090881216263	28.894099642871332	2.1860599173867143	28.702272974591104	28.71091840188211	28.718795186727547	29.385824763720553	2.3075276231527386	29.177117262999968	29.19558143709076	29.210652158264196	30.95970522559793	2.428737945720778	30.752536291467997	30.768966979169633	30.77070321735032	29.94055836252969	2.1906494322415346	29.75369370579068	29.75759431134876	29.76071739694246
5260000	28.95285629988955	2.6052712739183885	28.726305436696475	28.73292584823512	28.739988139993667	29.406025735330946	2.236817810147938	29.21157919649621	29.229856772036992	29.2317775622739	28.894781098352517	2.1814393513440447	28.70255413596908	28.71178222020518	28.720043050228924	29.41205208341246	2.307383802068716	29.21065718614758	29.220377783828013	29.227169437495753	28.894155368479957	2.1860541766675214	28.702272974591104	28.71091840188211	28.718957359633528	29.385439050472893	2.3097017432993536	29.176191847561086	29.194090084974803	29.210130859953683	30.959658681529337	2.4352715803870972	30.749297238541203	30.768318329251557	30.770240416009273	29.94084251984108	2.190625581863982	29.754199926978004	29.75782922158256	29.761093294427887
5270000	28.952019584784523	2.6008538064861164	28.725596428780428	28.732941488676296	28.7395089549239	29.40604383065287	2.236320242975371	29.211167446562943	29.22985220986392	29.232400558415456	28.894849819659505	2.1814334700360893	28.702608765457057	28.711910559988926	28.720079218574373	29.411839151422274	2.3069086092296205	29.21136806589238	29.219804470985686	29.22686716653109	28.894231162837812	2.186047416097	28.70228956946551	28.71108494743119	28.718963728824495	29.384660062589333	2.3083930400534216	29.17549628537084	29.194342562676034	29.209464310805725	30.959052031327758	2.4289697874624205	30.74959783409145	30.76827948623695	30.770733236718097	29.94078463279888	2.19067970651047	29.753873720063723	29.757455303062066	29.76090485440873
5280000	28.952676611665954	2.6067559739321764	28.725800852342743	28.733024636697028	28.739831553840112	29.40783662171731	2.236751019135263	29.21507771941668	29.23052257302711	29.23305246378777	28.89490589267085	2.1814286102686116	28.702608765457057	28.71196914979854	28.720300105772356	29.412695844868765	2.3062727538734524	29.21228081329333	29.220171216379853	29.227730363311153	28.894275625268328	2.186041854415964	28.702361502245154	28.711115614745502	28.718963728824495	29.386028843796574	2.307926837837753	29.17761678036166	29.1951235708567	29.21056317024909	30.960694008719518	2.427101008508108	30.753122554767067	30.768972719011565	30.771447194173778	29.940850905182643	2.190769030444535	29.753995660769924	29.75771479162534	29.76071096113023
5290000	28.951746676158454	2.599610311330166	28.726176649413343	28.732821195685414	28.74008769121795	29.407758733297193	2.2363450075428726	29.213054548801225	29.23039059146486	29.232756278575522	28.89499787770851	2.1816047910064493	28.70264728066059	28.7120622135047	28.720238190635712	29.411852635577294	2.30553149213732	29.211349424614667	29.220019406468715	29.226732508509595	28.894317316582427	2.1860372424008188	28.702385003512806	28.71118509657617	28.719118887160786	29.38511071617868	2.3074759103652016	29.17628471718072	29.194357372964763	29.20973127094293	30.960784700891743	2.424847665600433	30.751417043586795	30.768782109606306	30.7711101626034	29.940796802769366	2.1907936066314693	29.754229583728147	29.75757702545075	29.76073529332217
5300000	28.952017788578686	2.5980557914680693	28.7259599343384	28.733527881910394	28.740238135515387	29.40708461090212	2.235962934787452	29.213127546680482	29.23021488808937	29.2329318016128	28.89505677146121	2.1815981138256926	28.702803572037713	28.71218704128718	28.720313623281903	29.412190548692166	2.306613361446982	29.21170024005746	29.220114323879802	29.226916318980322	28.89441434850403	2.186192658757064	28.702632587379085	28.71129208513709	28.719118887160786	29.385940402059642	2.308914326075977	29.177273522610232	29.194373199619356	29.210959276946046	30.960529378105562	2.430468481064109	30.7515679911034	30.768646400127857	30.771304166932943	29.940750521725835	2.1907982977577323	29.754163788215077	29.75735723616026	29.760876414010127
5310000	28.953564322476918	2.6048293044099475	28.726243442717905	28.733816223724503	28.740218479470208	29.405408750021103	2.236577912993683	29.21043173306013	29.229689747393685	29.231599658413295	28.8950926408379	2.181594599786496	28.702842170231456	28.712193633655083	28.720432362112987	29.41206733926589	2.3044159284898345	29.211175992457733	29.22050859606474	29.227340186774008	28.89445492257296	2.186188868435071	28.70268185737551	28.71129208513709	28.71929257255136	29.385472339634934	2.307883699458624	29.17744379147585	29.194810591398067	29.209951858356163	30.958251634533976	2.428425469235165	30.748590668426747	30.768041474628273	30.77005074669364	29.94103533582218	2.190864338335922	29.754282015543094	29.75793649861903	29.761105092625616
5320000	28.95201715538185	2.596969341671961	28.725870056157344	28.73261483670235	28.73982574667421	29.40638782428533	2.236055481512468	29.211714922239235	29.230067291425453	29.232119991661296	28.895169620726637	2.181587913560476	28.70297747906967	28.712237475780118	28.720482241319885	29.412000752353183	2.306591305619138	29.211037276607538	29.219779745658627	29.226923435378545	28.894514442003956	2.186183726197074	28.702953797538544	28.711341778982167	28.719118887160786	29.385087569943778	2.309381430656365	29.17588918215739	29.19435930329899	29.20912869869861	30.959960391072386	2.4298273989971375	30.750208089055064	30.76849646218623	30.770497562553153	29.940775226491496	2.19090314057033	29.75393170048722	29.757639391413925	29.761139180546138
5330000	28.951732915868448	2.600359698409577	28.72550783702482	28.732497804765142	28.739274467491423	29.40607822955357	2.2364246591489385	29.212148310214474	29.230217362801415	29.232788111563632	28.89524406008343	2.181617830328392	28.703046126446147	28.7122864087454	28.72057566101482	29.41144415460186	2.3070625825346007	29.210683382866215	29.219470560325018	29.226750738815355	28.8945795209881	2.1861776509121484	28.703065805803295	28.71136455813504	28.71944981688393	29.383903665736554	2.3097600954865536	29.173540766272684	29.192620464778336	29.209782933300026	30.959780925764612	2.4323101699175265	30.748527845586082	30.768655159200662	30.770997550758466	29.940843132824234	2.190844956381256	29.75421519642205	29.757756579216263	29.760885137041925
5340000	28.95154705489156	2.6051134776044145	28.72550274140434	28.732433111654274	28.7395793995888	29.40469964885593	2.237632613752279	29.21142174727472	29.22946753566164	29.231715019422722	28.895312827196193	2.181712842071513	28.703198806246174	28.71246517390077	28.720758693810133	29.411617512987007	2.304449274583476	29.211025598756375	29.22042894027019	29.227223203354328	28.894707142046013	2.186166505451037	28.703096856151774	28.711571944310606	28.71944981688393	29.384906330855628	2.306357699161628	29.176815275409247	29.194533877980938	29.20823979975203	30.957105278320384	2.4250759040586876	30.74875687911678	30.76790915909018	30.770162889008827	29.940972432173773	2.1908331638591503	29.754215598178632	29.757628470612975	29.760857087979673
5350000	28.951072583422924	2.5988708158088185	28.725845134780588	28.7327067838779	28.738946256993007	29.404598832835468	2.2371068756017576	29.207135374231235	29.22960293957587	29.23215895297116	28.895396726514058	2.181705712174503	28.703280720456757	28.712561697398044	28.72084286048954	29.411282915494255	2.3063555689985176	29.21120464986386	29.21983827683203	29.22647462780042	28.894780935277268	2.1864085055690374	28.70331791946783	28.71163118254811	28.719545722950134	29.3833906221708	2.309400756112492	29.174266170129666	29.193108536970406	29.208046477660744	30.95733951916896	2.425946866370622	30.745151316356612	30.76802147390694	30.77054346549412	29.941076413389307	2.190774089731988	29.754244214050935	29.757896490309676	29.761008885434357
5360000	28.951863827134645	2.6034123627487142	28.725053205538597	28.732082638412237	28.739324885700377	29.406326499653836	2.237363804458905	29.212142050960132	29.230197092862255	29.23221704521879	28.89544537598166	2.181701546478934	28.70330788059287	28.712780353375862	28.720881572519787	29.411756992912053	2.308252577521783	29.21111932286245	29.219775444557108	29.22670034500726	28.89485304478178	2.1864016509496715	28.70342910352166	28.71165352885955	28.719621338314187	29.38509259300999	2.310128647018716	29.176096872111394	29.193924207253335	29.209253761190826	30.959545557449495	2.4272983811469446	30.7504645842103	30.76861668030046	30.770586517572593	29.94064869661232	2.190730221725716	29.754044420083467	29.757488808633184	29.7606666205325
5370000	28.950424338919643	2.595037886314636	28.725324640838284	28.732725531009244	28.739178470904584	29.406117677888535	2.235391531201581	29.212113740613137	29.229705956031427	29.232117848937698	28.89551675219222	2.1816938675357678	28.70343866774913	28.712852331682186	28.72101161530437	29.411202584307766	2.305727551680631	29.210200410555927	29.21934433923659	29.227126554556495	28.894951847670892	2.1863927145389788	28.703460550120415	28.711707763579575	28.719801616657968	29.383964244527565	2.3077035465855644	29.17435460148181	29.192317278984646	29.209389473171917	30.95912490884343	2.4291611476798987	30.750395868977353	30.768138557083482	30.77052290507686	29.940648784763592	2.1907304852484994	29.753845651393316	29.757538510732548	29.76061433957049
5380000	28.951800230384464	2.607024523236443	28.7252677143886	28.732531484557448	28.739612673220595	29.407984360303097	2.2361993438382335	29.212247051902654	29.230502378581278	29.233347225801975	28.895567626600336	2.181689420897152	28.703511824368146	28.712802531402907	28.721097382185867	29.412266837400356	2.306572401446797	29.21198934140306	29.220304570295077	29.227308886639232	28.895008128638555	2.1863877089702184	28.70350226382198	28.711727395557542	28.71984283010182	29.386129020877163	2.3089703196216966	29.177592853537192	29.195433086002918	29.210553038524473	30.960896313299077	2.427231685282518	30.750591584898082	30.768919716253166	30.771540305109678	29.940932769353562	2.1907504206079773	29.75392102496266	29.75740212334158	29.761205023813492
5390000	28.951328145624277	2.593069003413014	28.725654869321747	28.732746448391822	28.739634289154488	29.407004599756753	2.2360111533761033	29.21268769042589	29.230419773432132	29.233265307804736	28.895827975867437	2.181675938844249	28.703623391290073	28.71289941673496	28.721067768711396	29.412093983384626	2.3058633237142634	29.211058208457676	29.220771382910748	29.22782699892514	28.89509582007479	2.1863798288492142	28.70350876280608	28.711780579789	28.71982351158742	29.38561406294538	2.3089679626197044	29.176324833801857	29.19447896684983	29.211192409472883	30.959627113627747	2.4262158971891306	30.749237503906187	30.768862864426858	30.77162280456953	29.940868921977447	2.190759200839633	29.754168623260984	29.757744416591393	29.761239203442848
5400000	28.95219551385905	2.601254408637307	28.726016670132978	28.73266614118844	28.73952782734223	29.404656253013563	2.2362867355018485	29.209509836519565	29.22992020819709	29.23237936275936	28.895891007503117	2.181670264750925	28.703649002805246	28.71288711537376	28.721097382185867	29.411846586126323	2.3078179827480527	29.211352872905245	29.21910490441966	29.227053359321495	28.895186047923836	2.1864847892925314	28.703566725448894	28.71179669232469	28.71992111317288	29.384639764293212	2.3098091037503847	29.174864923495324	29.19448906097092	29.21000058334453	30.95797550515223	2.4290716856220156	30.747662010859003	30.768284873931922	30.770654344544916	29.941087038146463	2.1907395318221554	29.754237475098655	29.758020425995767	29.760955674749248
5410000	28.952309485047557	2.599741525750893	28.725588208070512	28.73275065325761	28.739352670824758	29.406683735114996	2.2348650950578404	29.213336209040982	29.230391746450273	29.232816206945323	28.895958296686825	2.1816645841234927	28.703649002805246	28.71308608746841	28.721155525027456	29.412129414751032	2.3040124544631277	29.212870207476833	29.22019793059419	29.227216259051133	28.89526071056209	2.1864783560276306	28.703678985508517	28.711819699145327	28.719938167455048	29.385926860851427	2.306084356804377	29.177856073261044	29.195474626798166	29.210019176349196	30.960178125812114	2.4263219047397935	30.751260078362122	30.76883232136611	30.7712268207357	29.940807281729636	2.1907636701942357	29.754109917109716	29.757582837707957	29.76103241922977
5420000	28.952488393687904	2.6038993625635833	28.72579277071309	28.73306680650878	28.739939037388062	29.404791658218556	2.234163315025336	29.20678878060226	29.229986586364383	29.232159099248705	28.896043054862247	2.181656936732424	28.703639429439807	28.7131153894047	28.721155525027456	29.41158110253091	2.304851327435358	29.211921477884168	29.22000141297744	29.226713381092615	28.89530837547036	2.186474169824294	28.703705573028394	28.711844729054427	28.719914170690814	29.383946252562154	2.307364150103938	29.175390768587906	29.194060049370798	29.209266158923334	30.958087829352884	2.430350683538316	30.744519201565762	30.768399280713503	30.77054634090529	29.94080465971858	2.1907650062990234	29.754191496133963	29.757739046699193	29.760933688983968
5430000	28.952141440150424	2.5963012672345847	28.725678854010365	28.732808641766315	28.740110487361168	29.406565178039422	2.2352667928517995	29.212137151140503	29.230104640843273	29.233032499873183	28.896102582347886	2.1816514987998326	28.703852304369505	28.713099582651136	28.721158810534547	29.41173786945279	2.3061357080878766	29.211257505694856	29.219814303501934	29.226910933377713	28.895353532862522	2.186470260015803	28.703705573028394	28.711972051635446	28.719887490329278	29.38411092583104	2.308445897369264	29.17486840582413	29.193869042541465	29.20851825820625	30.960247716533235	2.4273882612382245	30.750490878827293	30.768510401922693	30.77143476093449	29.940754176685143	2.1906786622906638	29.75405726236498	29.75772938236683	29.76099019254119
5440000	28.95281255243815	2.602534564675208	28.726535400377877	28.7334751044156	28.74020998417895	29.40634418579919	2.235223994490253	29.210846517238807	29.230049059448596	29.232036556421292	28.896204704210753	2.1816419589770173	28.70393662700845	28.71312864491034	28.72117595454163	29.411601819626654	2.305328766241694	29.21074511066931	29.219568001490597	29.22716309233905	28.895475681420947	2.1864591618874036	28.703923173736232	28.71205334666793	28.719938167455048	29.384716022689407	2.306654774069224	29.174873826287964	29.19460663947516	29.210300271538937	30.960004152078838	2.4310467527322843	30.747445127716652	30.768435668643193	30.770430897729423	29.940877673410718	2.1905954858683847	29.754358872435017	29.75775069564348	29.760889209850223
5450000	28.95256583769024	2.601983512111091	28.726002657681256	28.733111383951382	28.739361262048984	29.408209530892513	2.2347486654887563	29.21481979228627	29.230525035906634	29.233758158595304	28.896282482831495	2.1816350058789684	28.70401744655299	28.7131153894047	28.721155525027456	29.41222604174059	2.3062945756222857	29.211176125798726	29.220215287848355	29.227192141312063	28.89551992463586	2.1864781689326747	28.70407905930212	28.712255258970654	28.720064147616313	29.386946401753615	2.3080229480939036	29.177316935950195	29.196832636037605	29.21239857448254	30.961760407637897	2.4280362629050214	30.752854203095723	30.768972208582674	30.77205186289576	29.940726554112924	2.1906086558569347	29.754299614006833	29.75761833779218	29.760961124166034
5460000	28.951447584550863	2.594515037781463	28.726099363020516	28.733187862744664	28.73968706874976	29.406055805148206	2.235778569225039	29.208579717487954	29.230100354946693	29.232332546763825	28.89635304489588	2.1819170948623525	28.704037645167382	28.71312864491034	28.721158810534547	29.411586567176478	2.307744674260469	29.211072201820922	29.219443871479534	29.226557579726837	28.895602130952838	2.186670689360885	28.704152561880058	28.712279870735905	28.720163604675044	29.38428968531516	2.3101614879815093	29.175987126361928	29.193415503030273	29.207789703165474	30.95928943398048	2.42771888695901	30.74678954245971	30.768435635816502	30.770781994417636	29.940623833941785	2.190615978939281	29.753859984397263	29.757543937601376	29.760668494194718
5470000	28.95198031209447	2.6033234338888014	28.726029121885436	28.732914399878975	28.73954486719594	29.4054405076537	2.2374397060650364	29.210069250900453	29.23014911003291	29.23276438939265	28.896411921980672	2.1819120026860417	28.704037645167382	28.713172698964364	28.72120387426134	29.41173513171688	2.307948278232327	29.210835378976274	29.2195929605217	29.226920931039697	28.895670687045676	2.1867032117679015	28.704291442081253	28.712439701225016	28.720270604520024	29.383958343296953	2.310582094933327	29.17499909126524	29.19267528240011	29.2093631238269	30.95908063058896	2.4295701377887955	30.748186908152427	30.76861065083858	30.77122339675082	29.940475451674207	2.190628982902423	29.75376513737238	29.757301299723615	29.760574273427537
5480000	28.951232869204183	2.595859755675315	28.72573166718004	28.73244220268012	28.739493893119743	29.40811584444955	2.2363459919602757	29.21312728033278	29.23046691099352	29.232996435872344	28.89643072982437	2.181909682023656	28.70401744655299	28.7132889996223	28.72117595454163	29.411903753243553	2.3053497159957037	29.210944220921625	29.220494538941566	29.227759694377898	28.895737187978153	2.18669743455048	28.70447004649324	28.712460020291758	28.720283341104544	29.385688796596572	2.307977325040012	29.17548946737277	29.195692373315396	29.21082896226729	30.961559231104317	2.4279941327787675	30.751541812532665	30.768908170840604	30.771394374698378	29.94041854474079	2.1906339316649133	29.753334765341993	29.756967994003066	29.760718157566096
5490000	28.951363703526415	2.5980361227962034	28.725687523265	28.732571439323404	28.739325623768963	29.405566123585373	2.235340614346474	29.21191580598432	29.230140640576415	29.23221656066679	28.89649739598951	2.1819026752422324	28.704201077633318	28.713344216998152	28.72120387426134	29.411658089305053	2.307148271288982	29.210923477661716	29.219548634872655	29.22648184827839	28.89582914743857	2.1866896410549126	28.70447004649324	28.71258556147284	28.72041065197561	29.384361860675305	2.309133355816238	29.174493653723296	29.194317220461116	29.20959239441247	30.958844279143822	2.4277450094372215	30.750270169125976	30.768502796359442	30.770639891490003	29.940454046954528	2.1906308376912134	29.753523277717225	29.757295282279188	29.760573855546312
5500000	28.951842360256595	2.600081172304435	28.72605120588993	28.732456198509396	28.739650628075623	29.406468901379863	2.234482763116486	29.213018630215462	29.23024375158363	29.232866050177027	28.896576096939494	2.181894819790551	28.704365253389067	28.71322694247214	28.72124912443525	29.411721633714436	2.3057516340047903	29.20997866655616	29.220356085527442	29.227721647692626	28.895887047338956	2.1866844858440917	28.704553807573845	28.712605787306252	28.72041065197561	29.384829182723237	2.306355353953986	29.176063679361274	29.194139679479207	29.210173312562862	30.95911584292233	2.4294044541771376	30.750395666292405	30.768650374108837	30.771192372200815	29.94061480574612	2.190615802997097	29.753746175867192	29.75747926728867	29.76056837887909
5510000	28.951765174995156	2.601660607622719	28.725664073607845	28.732363744605024	28.73930217368945	29.406300428207754	2.2351152224669457	29.211874144873814	29.23002619486926	29.232172887885223	28.89662093036479	2.181890921078674	28.704587321536447	28.713244855314727	28.721242037839463	29.411352044873148	2.304058830519192	29.21109060732318	29.219309037126912	29.226645873480948	28.895929306153025	2.186778878281708	28.704553807573845	28.712620750617127	28.720469052851755	29.384792744606578	2.3065332704369363	29.17698436612034	29.193511187766077	29.20990155592986	30.95922830602783	2.424901160824872	30.749891902323306	30.768431046501448	30.770522854913118	29.94051065550718	2.1906267094276015	29.75372651274095	29.757597498950144	29.760755946338914
5520000	28.951635263526708	2.601604834708604	28.725647653939962	28.73255286133282	28.739274078209476	29.40629522083894	2.234723753423947	29.212904751620485	29.23033137747261	29.232652201106603	28.896714117986843	2.1818828141009745	28.704932329171335	28.713495626042857	28.721305951880503	29.411742909166684	2.3026232830756674	29.211263687952933	29.2201819479252	29.22738215175258	28.895989799021105	2.186773506418806	28.704846700902536	28.712652809811104	28.72041065197561	29.385475186747176	2.3056318135077047	29.177333016818874	29.19488545778019	29.211465669514826	30.958879918255803	2.4256716964568366	30.75093477765858	30.768707075455602	30.77101147898796	29.94065636421424	2.1906134792770655	29.75393792408388	29.757588693221734	29.760710619499182
5530000	28.951906255057573	2.5934824208584786	28.725945357974666	28.732801138084945	28.740067506514674	29.406863014880454	2.234409111510052	29.214249907860385	29.230388785180104	29.232773521221564	28.896756651198338	2.181878374216586	28.705048391193788	28.713529123095242	28.721345338127662	29.412328482020104	2.3072655308748526	29.210658987395632	29.220837656450378	29.22793524861458	28.896038638980166	2.1867693856744603	28.704906033519954	28.71287309471574	28.72053812104116	29.38557283887915	2.309877594412472	29.1765734585329	29.194468420028546	29.21045720694671	30.960353157003173	2.4270069630805846	30.75261110647117	30.768768232077964	30.771133270943967	29.9409466240106	2.1905886831716397	29.754048883751622	29.757688107357744	29.76118381997364
5540000	28.952153879481298	2.600662343009735	28.726076454100085	28.73320279846733	28.739830917618637	29.40674656711377	2.237073487629018	29.21361600938034	29.230494071926408	29.233138644769237	28.896801054784177	2.182014093107991	28.705057954484126	28.71359377523942	28.721354617252974	29.412147047010674	2.3077265370626616	29.211777241942848	29.219726122897775	29.227458385731016	28.896089647353715	2.186764785839376	28.705021790420496	28.71287309471574	28.720571417343624	29.385796623013356	2.310144017472304	29.176011023102006	29.194924011220785	29.210315238662574	30.959359155862277	2.4294168262356735	30.751709084774948	30.768890632992175	30.77146003850272	29.94078020265123	2.1906030913937116	29.75373871099587	29.75753600131359	29.760850632392557
5550000	28.951950676719484	2.600995225998652	28.726650607423082	28.732799776549747	28.73934132942075	29.405923205345825	2.236260967057497	29.2115083245616	29.23043511618571	29.232636593407438	28.89685036273004	2.1820098335841096	28.705079236971443	28.71359377523942	28.721446670576437	29.41185161112344	2.3017987623735308	29.212372303918386	29.220492525401177	29.227183128242103	28.89614953288146	2.186759276194123	28.70523145099123	28.713045835074986	28.720567160496362	29.38540949063524	2.304834462068276	29.177853979982874	29.194458474504962	29.210762720727196	30.958796150715536	2.4230867389056794	30.74868109156408	30.768892884244814	30.77110049132051	29.940911416181635	2.190584220053442	29.754097556837138	29.75754861576202	29.760822049066096
5560000	28.951620362502055	2.604401931715887	28.726130566268996	28.73272239731939	28.73900945245113	29.404953119674644	2.2340469525199844	29.20841812067642	29.22989622884986	29.232453006720128	28.897050224039003	2.1819996429036683	28.70508592767372	28.71371884257052	28.72145188725697	29.41049890045867	2.299627370795015	29.21011244549141	29.218632991477104	29.2263435193301	28.89622378042798	2.1867526732364984	28.70523145099123	28.71311669584853	28.72053812104116	29.38201512539747	2.301331878289013	29.172757197696207	29.19141488566272	29.207684648343538	30.958199523747474	2.425043705327331	30.745743133209302	30.768293078945405	30.770880940574514	29.94073861230496	2.1905993376961796	29.753965022275302	29.757603618360413	29.760703557278408
5570000	28.951514179773817	2.6016626382491745	28.725112704447767	28.731885104959943	28.7388997922422	29.406533502296366	2.2344433700061996	29.21201331269288	29.23035770908117	29.233382132921648	28.897057830366897	2.1820485042202997	28.70516806582209	28.71371884257052	28.72145188725697	29.412226600388113	2.3056123340960597	29.211970156879225	29.219813487264787	29.227450285077946	28.896301321175955	2.1867455628022623	28.705346127585656	28.71312901328639	28.72058345747321	29.385464936848955	2.3065056317211017	29.177294436494172	29.19528963960311	29.209948197878695	30.9598816332161	2.4281600772484526	30.7501922974573	30.768740381036274	30.771721216185995	29.940714680855628	2.190601948531874	29.754113838200503	29.757486952101537	29.76082285168502
5580000	28.95271942624946	2.5990289820069394	28.725097449617117	28.73258463922686	28.739823879014416	29.4061540579105	2.2335597995288174	29.213093971903152	29.230268101618833	29.23288297896084	28.89711459356059	2.1820435166013694	28.705300713758795	28.713792426086812	28.721481125880622	29.411862167470076	2.302761819347444	29.212053058199032	29.220354012243597	29.22684170762959	28.89634916432543	2.1867407732939457	28.70540451731862	28.713207742104938	28.720601615393157	29.38461239207615	2.3042506192410017	29.176303241876433	29.19421759187513	29.208796994861796	30.95923729196035	2.4238404787225365	30.750292913066836	30.768654206970588	30.771222060239367	29.940995622672727	2.190425728653377	29.75435805723136	29.75772041051726	29.761033283785952
5590000	28.95205642867454	2.5970636962495406	28.724839736198778	28.73226527931708	28.740165306081497	29.405797408828	2.2343264405963446	29.21093095375166	29.22968688918951	29.231916330929128	28.897451401136408	2.1826404660102514	28.70532537259567	28.713937406507803	28.72152028981075	29.411032754212265	2.30855075484882	29.209798098082285	29.218692924243353	29.22677689592061	28.89640345411653	2.186736066493044	28.705504275356788	28.713232967082323	28.720601615393157	29.383993605513893	2.310895628317554	29.17445906983551	29.192849693937738	29.20943147246137	30.959429393149975	2.4283370375598192	30.74943129651394	30.768131846749515	30.770343777326694	29.940540216770298	2.1904827784862917	29.753563944084163	29.757504464861533	29.76073825729638
5600000	28.952921872329537	2.601560772460689	28.725607927226996	28.732473687397714	28.73972416847183	29.405458468879992	2.235537638393935	29.212992075245676	29.230477270552072	29.232651007273134	28.897531775671847	2.1831914384239903	28.705300713758795	28.7140677894918	28.721500267620748	29.411813522483712	2.3061351653486	29.210985266466825	29.219830867707763	29.22698149567766	28.89646214113819	2.1868003162103133	28.70580612859483	28.71333056282947	28.720638115922036	29.38483426232491	2.308464682915188	29.17495397511397	29.193601011080307	29.21084266452828	30.958687494441666	2.430153522156062	30.75010819677572	30.768907569138207	30.7709727085357	29.940273210258056	2.1905057636968457	29.753447746871103	29.75716492334298	29.760375984771287
5610000	28.952807249372984	2.597742430583888	28.725931857490398	28.73278397287892	28.73973878798024	29.405487130946206	2.235179481905914	29.20996650182076	29.230092182153193	29.232079126655908	28.898039673584424	2.183168381499316	28.705312227368044	28.71427540461341	28.721598686777448	29.41241138137589	2.3060338901970825	29.211899538680992	29.22025250902813	29.227100157023894	28.89676049834989	2.186786099358401	28.705902615032375	28.713422912588854	28.720696840586882	29.3860838233406	2.3088783069671415	29.178773870436796	29.19425983853163	29.21073395355051	30.95838296412839	2.4301264704393115	30.74775069099128	30.768414125200096	30.77049083130726	29.940544257594123	2.1904816285535915	29.753670757238808	29.757142762531288	29.760826465230494
5620000	28.95328484458875	2.606046505471464	28.726219150895716	28.73325239176172	28.739847242563922	29.404019702484906	2.237014662567059	29.20521730575616	29.229250282569552	29.23203793964279	28.89810239718187	2.1833496240729593	28.70532537259567	28.71427540461341	28.721586364204725	29.411431370851012	2.306948027896134	29.210489558034862	29.218806360174234	29.226532474623056	28.89685575673232	2.186851840091088	28.706019873339443	28.713544512393455	28.720775189964233	29.382737790837787	2.3102878977173598	29.173444412206592	29.19136715454994	29.20709952291095	30.955520048199947	2.4305907703913063	30.742279902691372	30.767630396183435	30.770463367421367	29.940635162148787	2.190495660723733	29.75376302806581	29.75759813421444	29.76067712832103
5630000	28.952558115566205	2.603851225555027	28.725228270356922	28.732775935833132	28.739439457201396	29.40661052652138	2.235975347950266	29.21483041328	29.230412354220757	29.23312665742846	28.898154540216822	2.1833440601899645	28.705331907936124	28.71428858755812	28.721598686777448	29.411356907718748	2.305457465842411	29.210619964145526	29.21952470604726	29.22719034658104	28.896925913653764	2.1868458056081272	28.706203739802245	28.71372085085075	28.720825186354485	29.383969235871096	2.308335012110793	29.174664118315054	29.192455967838377	29.20943336374665	30.96004884642734	2.428057663583468	30.752967414627733	30.76886726248498	30.77152459974454	29.94058542887353	2.190579806745584	29.753628795428156	29.757453161919322	29.76076168524497
5640000	28.95227501233176	2.5987902228030935	28.725704669220498	28.732974443046544	28.739743098771545	29.40544828320313	2.236445893703714	29.21146238748424	29.229877888722022	29.23242767190873	28.898163843168422	2.1833432210927946	28.705322968167273	28.71432915322215	28.721639513148627	29.412155462275166	2.3068904618513715	29.211319137514465	29.219882917696786	29.227677196192904	28.897043213376936	2.186835338075942	28.706221961120676	28.713761729981663	28.720886156892874	29.384927521355195	2.3096278300058075	29.17586275532149	29.192134609818194	29.20999184084164	30.95874987990338	2.426911572172885	30.748946742256113	30.768226948932565	30.770839274724604	29.940538993583086	2.1905836076618836	29.75380795184499	29.75765938436856	29.760461051089077
5650000	28.9524566298636	2.596990709450366	28.724982699575406	28.732625075278925	28.739589866957907	29.4062907616359	2.236113280282424	29.214142203661034	29.230377851116305	29.232627186371374	28.89828832143543	2.1838411973018	28.705363502094748	28.714447698143225	28.721661122542976	29.412329386764128	2.3063873436881623	29.2120247331893	29.220085327388354	29.22727565865011	28.897137654574628	2.187115569168909	28.706340344530812	28.713739234570674	28.720886156892874	29.38487028831657	2.308610587391352	29.176926573953025	29.193912217629396	29.20984727730518	30.958868047546787	2.426913710254186	30.752028419241405	30.76880222649659	30.771089488365085	29.94063283776213	2.190626391239658	29.75414196408724	29.757390117355236	29.76077995137373
5660000	28.953172293992143	2.6047709987059786	28.725632597888673	28.73295166496555	28.73956028471664	29.404537543289404	2.2365105759443433	29.207111390049565	29.229862893558305	29.232627434734674	28.898327285849273	2.1838378150487503	28.705363502094748	28.714477532045358	28.721661122542976	29.411759695575924	2.3079259580815017	29.21059749408731	29.219761018380378	29.22745085649709	28.89723322055427	2.1871068540898393	28.706379394428254	28.7138726153808	28.72089096202027	29.384377329742033	2.3096578539532358	29.174194366662388	29.193137804953118	29.20892186837034	30.958290608956258	2.4327024904021664	30.745259010079458	30.768205941986672	30.771033563130658	29.940792890445785	2.1906124008224084	29.75369359526931	29.75755010619655	29.76077508452053
5670000	28.952092616308583	2.5932241849907784	28.725333225629637	28.732398323155607	28.74035199446369	29.40733338928857	2.236974885432765	29.21487898838318	29.230333023947015	29.23279234293076	28.898376513196606	2.183833435603601	28.70537439761086	28.714494291989194	28.721661122542976	29.41198125870378	2.3043942461698856	29.211056278608492	29.220108770879225	29.227794719416153	28.89729694927001	2.187101188767445	28.70662433508911	28.71405786510099	28.72090844390769	29.384422769910042	2.3046754195846986	29.17550300325434	29.19401455681909	29.2111948461695	30.959887931005436	2.422491321164765	30.752370432435477	30.768761562393824	30.7711226826436	29.940770587477967	2.190614744620469	29.753745365251746	29.75737184895641	29.76092696679496
5680000	28.95286369074323	2.598185078836027	28.72556883344295	28.732582118711818	28.74062464590058	29.406148920503934	2.2334315698159304	29.211951338922024	29.230196853727648	29.232571571541857	28.89840333928328	2.1838307206967613	28.70537439761086	28.71450194985194	28.721693545402893	29.41145321645233	2.303491898726551	29.211096352808937	29.219192796407064	29.226559067045002	28.89731916061521	2.187132293217961	28.706691171941618	28.71402651143874	28.720886156892874	29.38488969113474	2.3060316873902305	29.17640883133441	29.19191402738155	29.210096120558113	30.959628864773993	2.4280073300309564	30.75012554078463	30.76856418594707	30.770926124587067	29.940700036853897	2.19062031292793	29.753485291659295	29.757293594434884	29.76074796261549
5690000	28.951496284722314	2.5912567466992966	28.725952948124288	28.73278811764515	28.740051824201103	29.405331620407924	2.2344386333842006	29.209704223123328	29.230119548149805	29.232026800691386	28.89845417522275	2.183858988368578	28.70537439761086	28.714649105840742	28.721693545402893	29.411837686536085	2.3070130354412077	29.211119355774876	29.219642421329475	29.227612406561715	28.897413696862714	2.187123756488458	28.70673273878705	28.714073083050092	28.720889314718388	29.384821227338676	2.3079953718224298	29.17513678540978	29.1941015006261	29.20946836758186	30.958310653279394	2.420030684409409	30.748109478627114	30.76853700522974	30.770421211514172	29.940838993394625	2.1906439110779643	29.753830971049002	29.7575223262835	29.760856293168807
5700000	28.952195072775233	2.607613032524153	28.7257152142747	28.733220744162736	28.739918581063804	29.407754743938092	2.2351379326793626	29.214800577909518	29.230648900421407	29.233518679391587	28.898518556251748	2.183853237561484	28.70537439761086	28.714649105840742	28.721696998251694	29.41272334519443	2.3068299461290356	29.212612796967033	29.220733619162047	29.227508453209495	28.897450547483142	2.187120600232082	28.706834207821263	28.7141488625085	28.720902424546455	29.387022409669576	2.3099895114994773	29.17777854194817	29.19690759751898	29.212573025446478	30.96175777936798	2.4328470957271935	30.751962632106682	30.76910214949807	30.771920748933336	29.940900527605685	2.190637920946191	29.75387380060988	29.757604284224954	29.760662923900448
5710000	28.95295547534005	2.6072883102762283	28.726075915605424	28.733203626997373	28.74006629525402	29.405849041700932	2.236658542764504	29.21208904578645	29.230044864250583	29.233035558821538	28.898531008637285	2.1839810835964952	28.705383931281236	28.714661822858538	28.721707898157778	29.411862008318916	2.30636495031223	29.21092138171852	29.219562115229955	29.227222243374584	28.89750563777052	2.187200902686101	28.706882675151316	28.7141488625085	28.720949299779583	29.38429769646904	2.308965371104591	29.174323712649812	29.19280823721595	29.20965031409623	30.959157456532328	2.429748003289531	30.750192057271526	30.76838391813903	30.771323341647935	29.941108031390954	2.190579799302828	29.754086193618594	29.75781580301483	29.760902015715068
5720000	28.95205051388563	2.6036215990864706	28.725627770835267	28.732469629506117	28.739462708147215	29.406301045765023	2.2368045723968275	29.210716239705263	29.230081112380084	29.232658714000326	28.898593168474793	2.184058430391621	28.705479437313763	28.714687155676167	28.721707898157778	29.41110695250348	2.3072417504120044	29.210553603318544	29.21909330296006	29.226129887803232	28.89756360355566	2.1871958018219053	28.706884613911278	28.71417542542497	28.720954936273625	29.38397051760042	2.3098043917750752	29.17599776134095	29.191920322824615	29.208283091789312	30.959782094829645	2.4299418155434727	30.748773125035235	30.768505517335264	30.771087891216347	29.94083309018075	2.190612117977738	29.754080412225584	29.75736959541268	29.760841129849993
5730000	28.95163254666079	2.603767693758542	28.7255738780515	28.732416278671938	28.73932287056547	29.404524191865764	2.237634625477666	29.206444376470238	29.22953432279796	29.232476715761344	28.89867299570002	2.1840512467633117	28.705594522168546	28.7147706750234	28.721707898157778	29.410985266182713	2.308465755004974	29.209716554520316	29.218426830219205	29.226752612094504	28.897802210208905	2.1871865515826214	28.70693077548273	28.71417542542497	28.720949299779583	29.383475885437818	2.3112750105924937	29.173740578144667	29.19277350349183	29.20831845647107	30.95747154314573	2.4278725914256776	30.74477050297455	30.767949280757257	30.770937301016374	29.94076838355821	2.19065084363045	29.753973284090094	29.757216845302707	29.760658843704235
5740000	28.951403281567668	2.6006088200579773	28.725876489777775	28.731867856359965	28.7392093953738	29.406760239886488	2.237156589997675	29.212276945896527	29.22998433162911	29.233097976703398	28.898724113039037	2.1841762574136068	28.705709847719643	28.7147706750234	28.721790611553875	29.41219508971966	2.305282082235776	29.21165747327331	29.220396118111566	29.227436394480225	28.897897500783277	2.187283357820997	28.706999169799317	28.714192759213066	28.720995455015313	29.385163611416072	2.3083238251301523	29.176240198863386	29.195429042611714	29.209290112976284	30.95939620757471	2.4262538972298486	30.75030111242505	30.768338424964238	30.771408235513007	29.940780648491412	2.1906730559750778	29.75392614886364	29.757474750016932	29.760343332797337
5750000	28.950979758019376	2.5916556298828177	28.72593737426862	28.732224597200684	28.7389806456377	29.405949992641016	2.2344311677407873	29.210182060434956	29.23028073108578	29.232798491914306	28.898814705600582	2.18427244106707	28.705849168196547	28.714772825962832	28.721952502599887	29.41144648119937	2.304309865954129	29.21116463641404	29.21954720802927	29.227123432588698	28.897927158546977	2.187280726914719	28.707021053588402	28.714217403779855	28.721113979922826	29.384511575504703	2.30739482773652	29.17577487469622	29.192970695217994	29.210778995557654	30.95869214240348	2.426016556122058	30.7483852088563	30.7687080398041	30.77120172548099	29.94066888065692	2.1906831546148986	29.753803739474687	29.757392392796348	29.760577433543535
5760000	28.95149328667544	2.5996348524787853	28.725967699833397	28.73270488412031	28.739420602662157	29.405879659106567	2.2334992011948196	29.210925813026446	29.2301986228101	29.232512969585716	28.89890175302335	2.1842649640561156	28.705955657006	28.714840465270143	28.72205874887904	29.411171909383786	2.303542653385027	29.210083074102734	29.219349661057286	29.226805321742248	28.898000358631716	2.1872743998704	28.707021053588402	28.714349475349948	28.721113979922826	29.384534569081648	2.307385615153794	29.176906429681104	29.192292776859674	29.20876646990098	30.959106063408026	2.426125651721297	30.74926825060863	30.768655703845738	30.770879764421593	29.940546554719635	2.1907421575178168	29.75388236133848	29.757482553343912	29.76054143746061
5770000	28.951088681078986	2.5967660642649246	28.725595429460295	28.73229302396875	28.73919544574933	29.406532549969917	2.23340917917947	29.21241325926402	29.230457800228386	29.233387974656516	28.898962484553632	2.1843636289448076	28.705995975637364	28.71498606084763	28.721997681142025	29.411732106351856	2.305277012046992	29.21027790624824	29.219977160853865	29.22725920600848	28.898073578109578	2.1872678476747347	28.70712530093609	28.714422926715173	28.721033321723063	29.385083182194006	2.3077198237455216	29.175933022928394	29.195244653247766	29.21070268269996	30.95981123678892	2.4229099233463978	30.750794295483615	30.76888258142749	30.771753887366867	29.940514565979882	2.1906827386898144	29.753678879553092	29.757314128401735	29.760718158778715
5780000	28.9523645284891	2.600163417980074	28.72617519203412	28.732771270572318	28.74000296664763	29.40551401499022	2.235473458371354	29.210076137408063	29.230079342153477	29.232639101626777	28.899030031003697	2.184357966406539	28.706035637121893	28.715022992192115	28.722085410893982	29.4125820313741	2.308301057407366	29.212005356689595	29.22076543705505	29.228005094973817	28.89815148384127	2.1874347073192815	28.707230360978947	28.714490943936976	28.721113979922826	29.38540709329323	2.3107588928090332	29.17619591341751	29.193685255375357	29.210541055874348	30.95821452797736	2.430350239604068	30.747181489725655	30.76851769934359	30.771020810251134	29.94061757696098	2.1906746955249763	29.75343282095799	29.757849369383678	29.76087854063458
5790000	28.95284146160581	2.6017513513652646	28.726433498482834	28.733164827072656	28.739776339441	29.406058923580837	2.2358578401164837	29.20995800525609	29.230147291395525	29.232450081747793	28.899040841607412	2.1843545317765276	28.70623440613341	28.715022992192115	28.72216217294809	29.412195093312707	2.306264831409142	29.211772626777236	29.220015525750384	29.22728100018773	28.89822505515972	2.187486338912372	28.707638030346384	28.714500424197205	28.721113979922826	29.385916176018632	2.3098130155895333	29.178399418890947	29.1942721468675	29.21017820715711	30.95963171803936	2.4286023056099313	30.747944165912347	30.76857477827243	30.770907202726967	29.94088295991898	2.1906413258306054	29.75431403147514	29.75765643737337	29.76079614912798
5800000	28.95354572522466	2.6032530930771287	28.72591387995296	28.73311169125806	28.74119830587398	29.406063313506984	2.2353677896811988	29.211693749046553	29.230354030823996	29.232579410669597	28.89910826954894	2.1843487726308566	28.706261887997183	28.715084044165156	28.72237939656269	29.412094068284464	2.3036108572601077	29.211873465054662	29.220040868180476	29.22719630702788	28.89828354030455	2.187481095802593	28.70764021728459	28.714575667216145	28.721033321723063	29.384916644236164	2.306018850362466	29.175985486836375	29.195116684820192	29.20968875403792	30.95927121036934	2.425390091261558	30.749110811318836	30.768793346830485	30.770965562390554	29.9408423872699	2.190645589420209	29.75404688611929	29.75796692770603	29.760903321432018
5810000	28.952528980281418	2.6000646720049483	28.72568617357464	28.73289831438823	28.739673651534655	29.407402006499126	2.2360592627256803	29.21347198999262	29.23030050471231	29.232760826638135	28.899152382187715	2.184344889802403	28.706344216902192	28.71512738825833	28.722413111450194	29.411451819518668	2.3073859161331214	29.21070080192976	29.219280706424044	29.22653132915283	28.898343689795738	2.1874754179063522	28.70771109726646	28.714641735175036	28.72117568247928	29.383767732372633	2.309617729579124	29.173762348390426	29.19295473367353	29.208212887348353	30.95861367787087	2.426191603399477	30.750674369804926	30.768652117862807	30.771110181162996	29.940643524032346	2.1906615997513286	29.753740493274407	29.757695131712428	29.760704097539556
5820000	28.952391962908493	2.601576832895567	28.725893499593326	28.73251433254484	28.73912127009614	29.407729168365172	2.2350103543326587	29.214286986755766	29.23052434381681	29.233311428708543	28.89919711407717	2.1843391016807683	28.70658363824943	28.71512738825833	28.722426955147387	29.412693174867517	2.3039954813526617	29.212010614522192	29.22055374538449	29.227733431956164	28.898422694479105	2.1874683893520874	28.70784075275472	28.714690655806272	28.721232145193248	29.38624215539876	2.3060009450346293	29.17862556138879	29.195223548161202	29.20983116662226	30.96136870601318	2.428081752142765	30.752691173651044	30.76897601068996	30.7716806703556	29.940798061882056	2.1906473558935597	29.753973258076762	29.757448823985428	29.760812466793887
5830000	28.951728414719632	2.5936612686841776	28.726659523824793	28.733206885271578	28.740124690937314	29.406804972740286	2.23626336735328	29.211488503501528	29.230417583432967	29.232634987070952	28.899244778512696	2.1843347944615124	28.706677113984398	28.71515557035387	28.72253704846904	29.412303864586786	2.308101707116107	29.212305244814132	29.220132305248654	29.227197836279828	28.898463627915255	2.1874646681865886	28.707906241735678	28.71473382373249	28.721190284066235	29.38632690989378	2.308587926905986	29.177575018864626	29.195916566510036	29.21086172959815	30.960028074403414	2.4274821394874677	30.74996075921766	30.7688763936836	30.771070872237296	29.941006550595517	2.1906912644016967	29.753961559407315	29.757675564161296	29.760686795438705
5840000	28.95257594289066	2.607448447014676	28.726019129360047	28.732986480157145	28.739762134027874	29.40673712109827	2.2368215102394258	29.212314754585	29.23016855402758	29.23250984967126	28.899300829784284	2.184439140811994	28.706688653985566	28.715265543719816	28.722545033174903	29.41249667285108	2.3100021990322426	29.211843366471932	29.219791424065612	29.227464680730336	28.89853743674129	2.1875574016803485	28.707984467405353	28.71481258035949	28.72125862995713	29.38600089000534	2.3118202567791934	29.177704132126916	29.19391163822798	29.21073314807184	30.960882857560872	2.4333641123317316	30.750759659454104	30.768612105736356	30.770898816830467	29.94096907731381	2.1906958286420384	29.75414397131815	29.75769197568626	29.760791306118357
5850000	28.951922639372064	2.60039104702648	28.725963352422223	28.73261900540276	28.739453661846706	29.40834476666593	2.2377766302979705	29.216327719021898	29.23059158015551	29.23365081525232	28.899379533304348	2.184432324887372	28.706777747193524	28.71532532997131	28.722608123124843	29.4128116992114	2.3089646044602454	29.212241541570613	29.220182317556706	29.227157386119337	28.89862535719279	2.1875498521281465	28.7080108737568	28.714960679252982	28.72143522466083	29.386491570008268	2.3112746661391204	29.176879089923396	29.195406326109655	29.211179093609648	30.961872118099137	2.429741386194654	30.754611188170692	30.76900134916408	30.77202204108028	29.941113330141874	2.190715026597581	29.754315096599523	29.75777196941165	29.76097008644824
5860000	28.95288254733508	2.604556615480074	28.726109434859325	28.733036988763914	28.73975645038051	29.40616567519707	2.2357284114840628	29.212369822135337	29.230022115966356	29.232433866080676	28.899456616799835	2.1844257076514233	28.706848670596184	28.715340138459077	28.722677742567296	29.412084940155975	2.30516768821751	29.21133646924559	29.22007926866398	29.227051847991525	28.898740598207304	2.187691958421178	28.70832040682056	28.714970307049406	28.721402745513025	29.385384532957573	2.3077050267731316	29.175722155721214	29.194881868943128	29.2104884171142	30.959777362446435	2.432002681699709	30.750608350781434	30.768452600183984	30.770809410407388	29.941051145365986	2.190722256791565	29.754388168566276	29.757952844693	29.760991935328086
5870000	28.952637218698996	2.5953770301112002	28.725864987090226	28.733082517126945	28.74047413250923	29.406266805210024	2.2369643844041764	29.21042161139228	29.229695325972187	29.23226633430388	28.899505042485334	2.184420491930369	28.70697733169322	28.71544294825555	28.722677742567296	29.411436058669658	2.3063570607195545	29.21016697951567	29.219984004366147	29.226557704749318	28.8990090228852	2.187680743591028	28.708382589398372	28.715065023772095	28.721402745513025	29.38444222212889	2.30856435180618	29.1760434396693	29.193133301707284	29.2088400206215	30.95973231023993	2.42646799930187	30.74821667118843	30.768103862691866	30.770691457697797	29.94083749774302	2.1907399249902006	29.75397607191196	29.757684996550367	29.76082806596684
5880000	28.95295244153156	2.5985692615471523	28.725741020700003	28.733938114326	28.740866079678753	29.405834120765785	2.2363160108116813	29.21278984890399	29.230416563048443	29.233291515162204	28.89955491183068	2.184486037594014	28.707060367467363	28.715509726747094	28.722703719138703	29.41226769805108	2.305039503953586	29.21166597266573	29.220651441078417	29.22752951128572	28.899064038839487	2.187675605536572	28.708497061813574	28.714982704969813	28.721470824868128	29.3848032224816	2.3070265177443754	29.175212035431286	29.193483318731275	29.210547637655978	30.958855364132244	2.4255762252628985	30.750889551072078	30.768854445876812	30.771712582573098	29.940781941764836	2.190577689763193	29.753983568024683	29.757678408552536	29.76076728052565
5890000	28.9516784382796	2.588821106620068	28.72567547718443	28.73331569558283	28.739639364474144	29.406171100318478	2.2356566451625968	29.21219532589741	29.230563383283105	29.233011492535386	28.899640259106903	2.1844785329181313	28.70715787300938	28.71560777895586	28.722703719138703	29.411985964943973	2.305780244437873	29.211486388199475	29.220002337948642	29.22724320928119	28.899113212738218	2.1877767983373864	28.70868002597686	28.71502765690893	28.721470824868128	29.384875743207363	2.308254616531256	29.17521847007223	29.19416949220548	29.210002558747465	30.959881093234845	2.4257147641589882	30.750562484987146	30.769021509803387	30.771467062853244	29.940809803718757	2.190575980571844	29.754050555348464	29.75758026031518	29.760769861797478
5900000	28.95147723790768	2.5942753669988585	28.725906991984125	28.73311515948882	28.73950248043581	29.407059492710026	2.2365825286262653	29.21482178496641	29.230167837580566	29.232743730687147	28.89967747375833	2.184475304165591	28.707182304220105	28.71562992167119	28.722703719138703	29.412244477546423	2.3081467733390086	29.21152822802819	29.21969532399532	29.22736869394993	28.89914583469159	2.1877718525549645	28.708781235570495	28.715119614250163	28.721597453906163	29.38546807183361	2.3103893902760433	29.176053409510295	29.195265007531546	29.210902747835	30.959505096801248	2.425519187447906	30.75279615111189	30.768586376731776	30.771111364587522	29.9408096687727	2.190575203128803	29.753957794255655	29.757382789639088	29.76083477375158
5910000	28.95163932053741	2.5995738957484824	28.72532831263731	28.732813956314843	28.739565618824642	29.403483622218467	2.23659956294046	29.20524881624394	29.229686061152815	29.231614146492504	28.89971853595004	2.184569244191307	28.707232987007963	28.715727695189358	28.722703719138703	29.411053392958486	2.3043421476795767	29.210317658440587	29.219177446857586	29.226652971739828	28.899204615338	2.1877667116952937	28.708781235570495	28.715123047111852	28.72160841259671	29.38343272578335	2.308316836868477	29.174412180068686	29.19403573142457	29.208726010123033	30.957172933456086	2.431089673518982	30.743314334605074	30.768150532003418	30.77007673527641	29.940714982897184	2.1905835414831363	29.75393400655033	29.75743871498102	29.76082839787359
5920000	28.951551418452418	2.602625877873046	28.72530298452826	28.732403935033595	28.739233684064146	29.405755954974044	2.235461434799146	29.20832856043595	29.23044247880216	29.23279084662869	28.89978020119633	2.1845637724329903	28.707232987007963	28.71573948043706	28.72267463940702	29.411569877606805	2.3051447696396994	29.211131078441735	29.220393507874533	29.227232071077953	28.89923729897765	2.1877637727690713	28.708781235570495	28.715136742817293	28.72160841259671	29.384973158912654	2.3084072633304444	29.17575538539388	29.193863167117353	29.210209808607	30.958037981738293	2.426160724366258	30.745756086545097	30.768889806545445	30.771111200185754	29.94061287469557	2.190513240984245	29.75382830562193	29.75726615631435	29.76097829136599
5930000	28.95110598090796	2.596115250550808	28.725083213764908	28.732631016627447	28.740010329513222	29.405539808993343	2.235185300190398	29.20910178105894	29.230149068699887	29.233000274172156	28.899849401712085	2.1845567078942887	28.707492876511484	28.715793524423784	28.72276236084611	29.411798602637937	2.3050963217901894	29.2108335710411	29.22020128883569	29.22756086856513	28.899282258268286	2.1877592582976932	28.708705269324756	28.71517590394682	28.72160890415379	29.38469879840033	2.307813207165842	29.17483759178227	29.195045190302956	29.2096053410272	30.958957008367975	2.4284455143147214	30.74734325555325	30.76857942272261	30.77144901885576	29.94064077941408	2.190432586563252	29.753539415257062	29.75745120659062	29.760762807233466
5940000	28.9509639991624	2.5975170395544334	28.724304921330614	28.732132776659476	28.74008656137616	29.40453402407841	2.235443508385501	29.20954079362211	29.229781921098926	29.233027375146957	28.899864906666803	2.184553374804371	28.707504383561847	28.715764063526343	28.722829115638646	29.411456544042114	2.306148753264899	29.210598276673633	29.219658782108993	29.22633155529665	28.89932040943144	2.187756084292217	28.708705269324756	28.71517590394682	28.72167078227774	29.383242601249297	2.3075693048368016	29.17601189116607	29.193060878882733	29.20802920854737	30.95775965876067	2.4254370810923223	30.747035218009337	30.7682460543625	30.771482978382117	29.940580319163182	2.1904376474901266	29.75365917597054	29.75715385853068	29.761031528894502
5950000	28.952062810255242	2.6064084260297276	28.725115998644178	28.732772691344888	28.73960558759282	29.406878909266908	2.2348515051885385	29.211745416920106	29.230083006330254	29.232682902973963	28.90013648473747	2.184538782728784	28.70758816443397	28.71580648683848	28.722886388050195	29.41135348429956	2.304485429737669	29.210214175218344	29.21973462167448	29.226830692441517	28.899446890656648	2.1879634316668612	28.708705269324756	28.715431245750445	28.72188496747724	29.38413512893478	2.3069356359655875	29.174993890844622	29.193470500365372	29.210810509536074	30.95920923201102	2.4241912036926463	30.749587208742657	30.76843049605474	30.771014287796387	29.940592376401625	2.1904367575429933	29.75386095535402	29.75759009379365	29.76075809474993
5960000	28.9520963594431	2.6046887831762366	28.72486863031689	28.732403740429096	28.739458458788118	29.40811031666756	2.235708002179555	29.217595978756933	29.23051865291108	29.233796348402084	28.9001665372974	2.184535988514997	28.707617191450918	28.715826955443138	28.722886388050195	29.41234471449544	2.3074309158822564	29.2116433879354	29.219652656408975	29.227535681272293	28.899724846592513	2.1879498846003718	28.708820150878164	28.715441823273387	28.721911171817716	29.385530061661097	2.309524758886656	29.175904520876752	29.194207379537147	29.210457597313525	30.961456451238522	2.4314073276800614	30.755214597491438	30.768920738583468	30.77187545026854	29.940539315248355	2.190441365834175	29.75389512651699	29.75726811477952	29.760655075778473
5970000	28.952012972846855	2.594915560559655	28.725462663386466	28.732936337763732	28.73952889770723	29.407009999315854	2.2360726902855417	29.210254041095933	29.230297729500958	29.23281041218022	28.900444998315557	2.184519317369535	28.707858578056243	28.71585852862915	28.723165064990088	29.412206257064362	2.3051734026052793	29.21115307656745	29.220134030879535	29.227518184251963	28.899761872543657	2.1879465092535693	28.708820150878164	28.715441823273387	28.721995840390406	29.386469524919224	2.3084033609870556	29.177326252111175	29.195571766447923	29.211557491926694	30.959626364524418	2.4269577268190217	30.74793470625937	30.768691026500836	30.771037477118348	29.940775872830287	2.1904093967053617	29.753835615581327	29.75739003811602	29.760891148294853
5980000	28.95232254164898	2.599710420317224	28.72629977689428	28.732669262674303	28.739775752819433	29.405723823156965	2.2353073048403753	29.2105587814629	29.23013113210169	29.23256085919528	28.90048412485728	2.184514814273675	28.7079085430982	28.715957101945655	28.723189915058178	29.41131653767683	2.3037074162534585	29.210842827465378	29.21944451270597	29.22749512304074	28.89981059953634	2.187941907391129	28.708861384512378	28.715471320214974	28.72212649565181	29.3851284646896	2.30418207540603	29.17530592893902	29.194114403230945	29.210417925709873	30.958875402335394	2.4264821536347534	30.74899809048067	30.768521418710293	30.770857287135314	29.940743762648193	2.1904115792026917	29.754036058517688	29.757496970677664	29.760468919247078
5990000	28.951363884064104	2.5990277542687554	28.725482115859972	28.73272268273654	28.739138013652617	29.407401661351276	2.2361770984683695	29.213326919166544	29.230406145601094	29.23369183619618	28.900732758100176	2.184504281691023	28.707930108157544	28.715968396146753	28.723256291739624	29.41140280542412	2.3071433307823344	29.210142062254192	29.21921772202856	29.226712021483507	28.899845808784146	2.187938922313736	28.708884297433404	28.71548207515077	28.722087974653164	29.38441591643888	2.3068622947492097	29.175137743874693	29.193034212227303	29.209395546806874	30.960523271624503	2.4267841464144007	30.750908632421638	30.768808296688395	30.771955266928465	29.940389783613576	2.1904438771000416	29.753729347590763	29.75738900354171	29.760323764579475
6000000	28.951757636008715	2.6032501818885354	28.725832576109795	28.733281160945516	28.73909393690422	29.406753990132316	2.236455186108228	29.210230658292787	29.230409341945705	29.233114193467994	28.900730309585366	2.1845021520916594	28.70801801582323	28.716007991246926	28.72345241204161	29.41173844463707	2.306876304676051	29.211605410758416	29.219649592856157	29.226800708591867	28.899862573052552	2.1879369774744557	28.708896751540458	28.715519526489594	28.722087974653164	29.38465388442916	2.3082917508153664	29.175822935515328	29.194746403012665	29.209628301042134	30.960051813340357	2.4300370804235674	30.748437668764137	30.76881562013245	30.771454705232554	29.940474982667297	2.1905059736331864	29.753660081257728	29.757507144241117	29.76071007846147
6010000	28.95009083940284	2.5895585513415	28.72510572000754	28.732417239033154	28.739417217933045	29.406399505476184	2.236530111619726	29.21255595207385	29.230347133734643	29.233560714430936	28.900772870883895	2.1844955767402703	28.708150328591053	28.716093669749775	28.723597380069727	29.410837351858643	2.3037813636300264	29.210081978107873	29.218610052197448	29.226360081289936	28.899936848934672	2.1879304965819917	28.708953975962984	28.715519526489594	28.72215644450216	29.384400868979995	2.3054910679573926	29.175985383014222	29.19362860642977	29.209026421077375	30.959132775130378	2.4209149616760097	30.750092494577224	30.768754882319286	30.771880410677706	29.940290675546	2.1904440030567636	29.75336485986985	29.75700860648184	29.76030752459174
6020000	28.95170083452556	2.5980374117754907	28.725942437145694	28.733136906306434	28.73932980295926	29.405454889051658	2.2348172263811437	29.210334498241565	29.230236246722875	29.232158827636503	28.900864179091684	2.184560570999582	28.708202490181932	28.716325310053406	28.723638688788323	29.412163123421273	2.3028829240951914	29.211830896933993	29.219755368215022	29.227343952929317	28.899984964012535	2.187926357043788	28.708987161356458	28.71557660195944	28.722200625835193	29.38616543481873	2.3063518972808446	29.178482144539206	29.1950082817188	29.209877045983394	30.958354350382454	2.426911008604624	30.748582128975926	30.76868797264562	30.770604650014477	29.94042952523154	2.190437699594329	29.75363081510568	29.756919338197363	29.76070752099283
6030000	28.95127377040551	2.5919864270632753	28.726023500928086	28.732557611792302	28.74009181361653	29.405245597078952	2.2347308382319335	29.2096412991456	29.22995782149946	29.232247622484156	28.90091968081596	2.1845557245692313	28.708386354818142	28.716293232692703	28.723597380069727	29.41126459014448	2.3059046223112745	29.210442668629362	29.219632888837044	29.22675231454572	28.90009405716083	2.187916563233698	28.709299914321054	28.71558836301086	28.7223855869321	29.38402201710787	2.3078586772636114	29.173324073636657	29.19393988825838	29.20869158605099	30.957952490187584	2.423146481887639	30.74793682838335	30.76841307201039	30.770461460299188	29.940413485329834	2.1904075300240042	29.753785907394175	29.757165865365394	29.760619451081766
6040000	28.951936551171798	2.5983841095149556	28.725796800053566	28.733055000039073	28.73987125692571	29.40568462799609	2.235353223710979	29.212185002489917	29.230418165454076	29.232886118925194	28.900976686177557	2.184550642466806	28.708386354818142	28.716562608498258	28.72361174571237	29.412074902056734	2.3056731991945107	29.21166912173358	29.220154687295846	29.227007265119557	28.900159706566598	2.187830496380908	28.709324178974597	28.71580322019107	28.72244155507414	29.38559499288854	2.3070425582848486	29.175367169612066	29.194350097997386	29.212318655069943	30.95960461012958	2.4281868206936497	30.750238028751994	30.768879504525522	30.771342093434484	29.940483085144688	2.1904265260181983	29.75371447297796	29.757309130158696	29.760794118517722
6050000	28.953211266576186	2.60016759562609	28.726766674762228	28.7333368528764	28.740468421435295	29.406058386498547	2.2357510463830486	29.212698382331663	29.229970317827707	29.232665099328564	28.90103095962741	2.1845457046366	28.708427603482264	28.71661796236217	28.723540929506193	29.411784626177518	2.307099236607479	29.211052651214793	29.219507845857663	29.227145339028016	28.900254246206718	2.1878224186677295	28.70944167413832	28.715887394587455	28.72248541509873	29.384739696953638	2.3097306918554477	29.17589875798666	29.192827150458417	29.208860397421017	30.959863681964283	2.430505111403811	30.750920135114008	30.76833114957272	30.77100420141617	29.940693159753362	2.190407481046153	29.753738585713293	29.757355139144487	29.760814482905452
6060000	28.953255530428546	2.6016556876364656	28.72624409000613	28.733249078187285	28.740063854752	29.40712346674858	2.236302374708558	29.210382108136553	29.230295376436658	29.232659597710935	28.901062295255667	2.1845425063517534	28.70845016450103	28.71666281061087	28.72361174571237	29.412227614665756	2.307488853113643	29.211639741626897	29.21980236103167	29.226945487549354	28.90030622428415	2.1878121510388238	28.709618605213176	28.715910573750442	28.722517862568875	29.385375924997543	2.30947015564659	29.175162587395562	29.19387299408927	29.209510422956512	30.96053756126613	2.431661009515592	30.748731707357422	30.768688954217733	30.77104616033922	29.940845796807892	2.190366840986763	29.754061010962268	29.75735339994398	29.760903672533647
6070000	28.951739512845382	2.5921584745751938	28.726269353042518	28.732883152043065	28.740216722011432	29.40626802122476	2.23554979111271	29.213275196782163	29.230553654040477	29.232975429419707	28.901107705881103	2.1845362795620678	28.70851479936193	28.716814186901786	28.723540929506193	29.41171003137057	2.3030638777083117	29.21139228564225	29.2201115567628	29.22743865107588	28.900380998386268	2.1878056041104554	28.70968201478331	28.715967781015568	28.722650396484724	29.385560019580225	2.305989906900443	29.176961151129497	29.19509741601349	29.210654685405657	30.958815218095495	2.420651730749407	30.75139575635558	30.769004096114536	30.771389533932442	29.940665692893525	2.190384082806575	29.75370038670204	29.757319389783035	29.760895499751115
6080000	28.951433843223203	2.5964979255799334	28.726095944636658	28.732562311628364	28.73977547753524	29.4069222697987	2.235166749510763	29.212571640229555	29.230209716241802	29.232273480236213	28.90117692673808	2.184529327856547	28.70851479936193	28.716855147145356	28.72370108858418	29.411415497345796	2.3081044546599774	29.211066001177564	29.21912719934992	29.226184685525144	28.900427340580404	2.1878014763183	28.70973892971245	28.71609484800142	28.722681393423905	29.3843407070308	2.3097298877929004	29.17502135345881	29.193094100060165	29.208890333755292	30.960047348634564	2.4274703198945384	30.750983011036006	30.768671286649216	30.77071629318166	29.94068935773333	2.1903542858450296	29.75384579692753	29.757377307921185	29.760816163044133
6090000	28.95157281565693	2.601165418552826	28.72533189968761	28.73298361580079	28.739442225709013	29.405657761283077	2.2353573071924555	29.211548737641174	29.22976202294503	29.23232103263403	28.901187634158884	2.1845254730683203	28.708564947330487	28.71683426622061	28.723751287801377	29.41164782303423	2.304405417681798	29.210856534843053	29.21933519682484	29.226560406522783	28.900458924752222	2.1877969917357727	28.709774133611102	28.71612736938755	28.72280865699161	29.384411812966	2.308556943480394	29.17476590467286	29.192517232907342	29.209850230932826	30.959373691062844	2.4287735710791254	30.74940518283837	30.768160294266103	30.77072523901532	29.940629556649828	2.190359916610486	29.753910310663716	29.75750825909296	29.760913342781453
6100000	28.95121718097462	2.6018165413514818	28.72534813054114	28.73240580138317	28.739540400763552	29.406190970540056	2.2357315376396545	29.211674362808346	29.229412418085296	29.232131876649042	28.901217952037417	2.184522746458884	28.708616884191564	28.716855147145356	28.72392961107246	29.411400609131622	2.3068688473790058	29.210024905822998	29.219309744111058	29.22679110908245	28.900508646491954	2.1879248023540714	28.709783266749284	28.716215281227363	28.7228385029454	29.383330120494737	2.3093751646706098	29.173588062198522	29.192179390524416	29.20760844680897	30.95905181149431	2.426998478344369	30.749481852826136	30.76780409847754	30.770523547537184	29.94074894637696	2.1903493074973164	29.753716019781468	29.75743694957911	29.761053506899522
6110000	28.950684741396493	2.5961107040734763	28.725490115899028	28.73203091466496	28.739415910546988	29.4057728495766	2.2359388679354133	29.208829265697926	29.230154836081716	29.232385857353922	28.901243916767637	2.1845189685157895	28.70872962164791	28.71697082915193	28.72392961107246	29.410706116180677	2.305641896828164	29.2099034283555	29.218589525982175	29.22627287005455	28.900763200939526	2.1879120117557362	28.70985547569822	28.716285517184314	28.72287491348582	29.383540885394567	2.307462673061275	29.174227739607556	29.19229996533474	29.209424972765163	30.958494676632817	2.4247660363010266	30.746497166502042	30.768565357142666	30.770746369954864	29.94042968667455	2.19037793499517	29.753696293021793	29.75744122949251	29.760837016487606
6120000	28.95158940039556	2.598308466717802	28.72528659429724	28.732585046459594	28.739377067535575	29.40656430299126	2.2344828736623135	29.211700926436134	29.23009883136914	29.232537695848556	28.90127192515597	2.1845157639677906	28.70872962164791	28.717011789109794	28.72392961107246	29.41203643793108	2.3049635286222605	29.21122480356784	29.22048293668157	29.227393691909963	28.90081279690396	2.187907600209813	28.709888131408384	28.71638745911789	28.72287491348582	29.385082928250682	2.3061271384401434	29.176045139999307	29.193630638978536	29.21103411136528	30.960412465974205	2.428464800690942	30.749943870136185	30.768530313018083	30.770836409235567	29.940321582925662	2.1903873221788532	29.753519340562377	29.757189380716753	29.760728826986487
6130000	28.952029204897638	2.5913962669188972	28.726309998526006	28.732874170326934	28.73985234315542	29.4080310547192	2.2341053816067196	29.213753368194983	29.230405347258646	29.2339171962381	28.901373583093847	2.1845061558591357	28.70880728833817	28.717049433245368	28.723984451217216	29.411854844940898	2.3050039581044777	29.21112298776263	29.2201577768434	29.22721585147276	28.900885223927887	2.188000885238931	28.709928069243944	28.716526714017153	28.72287491348582	29.385857653066054	2.3070994087129426	29.177918130257176	29.193892211962893	29.210291112896616	30.960738813801516	2.425690075862213	30.751515740610117	30.768840711582698	30.7722324345602	29.94019271394992	2.1904008758526015	29.753825681838073	29.75728952089426	29.760587129949037
6140000	28.951980629341108	2.5930869100111953	28.726187939090885	28.73298564887201	28.74002116181443	29.405720821686632	2.2338345450084165	29.209690722763966	29.2300441241958	29.232700998050316	28.901397124974206	2.1845688808954353	28.708890523125895	28.717121457016965	28.723939305055545	29.411683771860723	2.303353512236101	29.211244476606822	29.220534682525354	29.227313462283952	28.900937225246512	2.187996380550513	28.71001415230461	28.716541854450917	28.72294989510346	29.38397030085526	2.3053062982154024	29.174596534493755	29.192765374235762	29.209282253594758	30.958464208298416	2.420386399967916	30.747249748682265	30.768437758250844	30.771160805216084	29.940707822238384	2.19045484804447	29.753897250968283	29.757718559695295	29.760949150211502
6150000	28.952591046060796	2.601700988164115	28.726118438800675	28.73339826836309	28.74009440606141	29.406087471977667	2.2337896031949835	29.21124945192172	29.2300653148666	29.232696388517525	28.901429373276866	2.184647436306837	28.709035726893873	28.717152222272922	28.724023264859742	29.411392655809326	2.303213480682845	29.210867336378435	29.21951053434903	29.22638099888347	28.901001462141817	2.187990729704802	28.710161975925228	28.716765150664106	28.72294989510346	29.384418331369808	2.3058944122822997	29.176541767413703	29.193275824192497	29.20902517610405	30.95901457546254	2.424304140340259	30.749559343043387	30.76849410055687	30.77114185334476	29.940880549143596	2.190522839652213	29.75402970046717	29.75768043243304	29.76118033551205
6160000	28.952103963064882	2.6028633056874786	28.726458122142883	28.733215067239612	28.739655576949573	29.405526633069343	2.2354428632249785	29.21217973768821	29.229633718819375	29.232164805367233	28.90148270108397	2.1846424185427686	28.709126995675184	28.717222992833484	28.724023264859742	29.412039084292907	2.3081149530048815	29.21131543920316	29.220357977315214	29.227061619517528	28.901065104232345	2.187985241607164	28.710244176311406	28.71681439817896	28.722904605492786	29.384758332641304	2.3107276648200066	29.176242048259095	29.194031893374706	29.20922147745015	30.958836365357307	2.430913050302752	30.74957438020045	30.768076638192696	30.77062267588014	29.940812839123094	2.1905279399380477	29.753826313854603	29.757524792365714	29.760738564581853
6170000	28.95248542177253	2.603122897987646	28.725973760810675	28.733193515768498	28.740123267092773	29.405241539455286	2.2365815897521197	29.208147578890003	29.230011050702213	29.232816601353903	28.90153523160113	2.1846379247353487	28.709126995675184	28.717267329442922	28.72403808221128	29.410832710789627	2.3057598501728798	29.209481117996006	29.219231940123763	29.226540231358836	28.90112388541404	2.1880504103656713	28.710332425412666	28.71691002996083	28.72294989510346	29.38379338880051	2.309652404441155	29.174645665663782	29.192574327200713	29.209527217204712	30.958011116174983	2.430007483807033	30.746379924578584	30.768410713608525	30.771174173452724	29.9404955331839	2.1905576013958354	29.754003451190687	29.757192939858598	29.760732662185433
6180000	28.952325092512947	2.6011442245898455	28.726150872057453	28.733284882713143	28.740016456493883	29.405404161306095	2.2372085048549795	29.20974432896523	29.229928775013253	29.232689148774647	28.901603322752	2.184631854176625	28.70928275641245	28.7174422288998	28.724023264859742	29.411641153524926	2.30865706494502	29.210455368688315	29.219258488615054	29.22747381309104	28.901173026197043	2.1880463243424857	28.710372583910562	28.716932419850714	28.723127783277732	29.38463906949343	2.3120295241236124	29.17471785061652	29.193536659352695	29.210284141827252	30.958857759493455	2.4292457788198076	30.74808232247452	30.768363352489093	30.771000054763338	29.940642362364123	2.1905659100056774	29.753532311740322	29.75741481568077	29.76095902803764
6190000	28.951950587943006	2.6029200066849154	28.725036401880942	28.732577872415177	28.73988997020926	29.40614459404666	2.23700081732938	29.211205734677755	29.230231289906296	29.23232248103302	28.901685892208683	2.184624373436648	28.70935452693048	28.71751973802501	28.724054086869632	29.41161144974906	2.305806827894809	29.211139828401627	29.219890030128248	29.226984762365944	28.901239652928567	2.1880405404372856	28.710557674525564	28.717031834985875	28.723168424981157	29.384723168834487	2.3083180082348713	29.175646359523334	29.194025930374906	29.21008468464752	30.959702375796496	2.4271565809081603	30.74942563230577	30.76867452539929	30.77078345317551	29.940574600172635	2.190655682895115	29.753692723889706	29.757574823910844	29.76054886180843
6200000	28.951688517138507	2.596392133159218	28.72586345790605	28.73253046387552	28.73949067571643	29.404848560587673	2.237063467600733	29.209158442348116	29.229989926788583	29.232302412458623	28.90171105628193	2.184621436497859	28.70935452693048	28.717526966865748	28.724054086869632	29.411687746595607	2.3085699882915716	29.211578852460246	29.219927634881063	29.22686988590301	28.90128644134404	2.188091805408891	28.71059829031884	28.717069494130207	28.723199018613162	29.38424576467445	2.3103600406219416	29.174997677755872	29.194665596204466	29.21000358207057	30.95792683741516	2.4270624495356645	30.747053237170828	30.768426119132677	30.77072088793626	29.940728479718832	2.1906414917297194	29.753689134586374	29.757475081401644	29.761174685348433
6210000	28.953170882319892	2.600955532166816	28.725926356074815	28.732904102832805	28.739468094700996	29.403408911667665	2.2365872486842178	29.207132830850487	29.22959239163508	29.231685341105234	28.90176244154022	2.184616951067778	28.709383854743507	28.717560059519794	28.724059452471618	29.411758071764737	2.305795264265998	29.210834878778357	29.219557730729555	29.227442358392295	28.901331374382664	2.1880860884475637	28.71064072391097	28.717120846845077	28.723273500150825	29.384754558032537	2.306705023708136	29.17514009216763	29.194638411451955	29.2116079930413	30.956287193492273	2.4243942960045723	30.745557090358997	30.768046857895005	30.77011246483731	29.940761374722197	2.190668534632169	29.753910807419423	29.757489334801335	29.7609721743202
6220000	28.952790579388708	2.606218099579063	28.72563927745357	28.733013011111552	28.739857741748395	29.40581984506493	2.236751341908878	29.21068134682706	29.2301735566274	29.23233683719175	28.901808400958675	2.1846129517038166	28.709644338644793	28.717616409753052	28.724059452471618	29.411694366558713	2.307622328809462	29.21081997987025	29.2197247615487	29.227272034197554	28.901368742188822	2.1880818733187124	28.710770293743472	28.717120846845077	28.723181008214826	29.385602560903113	2.3093981612783376	29.176828165062837	29.193779869790422	29.209953951909693	30.959010369091303	2.430500592554356	30.74774733300172	30.768560366062374	30.77073199705602	29.940421324414615	2.190685877634908	29.753541167307528	29.75761011895677	29.76074016800367
6230000	28.95315915036871	2.602756384724892	28.726030797104436	28.733500861040483	28.739864999335474	29.408377493314198	2.236022157992891	29.213770820212083	29.230617065849245	29.234044651037593	28.9018569178081	2.184608779872834	28.709827002260134	28.717670009210373	28.724069625202592	29.41253864538823	2.307066722655491	29.21157648368493	29.220503843003456	29.22749062191933	28.901408821913975	2.1880784143181313	28.710770293743472	28.717135959581142	28.723256603086863	29.38726920402277	2.309616242560472	29.179027445232695	29.19552171844291	29.210645002540495	30.96122491156646	2.4290019037667245	30.751677219877728	30.769030501224446	30.772315887764098	29.94061447087407	2.190721258446725	29.753768982777636	29.757530523756852	29.760794950489945
6240000	28.95247603107196	2.6006658733042722	28.726017023465772	28.733261730241594	28.74081336177989	29.406686517096443	2.2374307468913317	29.212839655444274	29.230100477096713	29.23218891902577	28.901856800586753	2.184605382785199	28.709903113564984	28.717706047128885	28.724211022107653	29.412037141944758	2.309258003466219	29.211198584091342	29.220384881827293	29.2267679672309	28.901481714068844	2.1880704767617427	28.710837573549465	28.717175274413847	28.723310042177715	29.384596802248858	2.3113703078555234	29.17478273150304	29.194170104811963	29.21028810893094	30.959547619983944	2.428140682901877	30.75093457422019	30.76843185795924	30.770594425894195	29.940677961021063	2.1907170905605367	29.75402769447519	29.757433233994632	29.760742294200647
6250000	28.951963038018256	2.601579525458458	28.725421902074707	28.732857044312386	28.73986986800398	29.406027852506124	2.2362419005715193	29.2119079986576	29.2299855708359	29.232162144617	28.901925740955328	2.184598897617124	28.709876018513224	28.717706047128885	28.724238749572827	29.411332688514438	2.304594246501923	29.209759466752963	29.21945195967517	29.227061249606464	28.9015579741834	2.1880639814468266	28.710866714281178	28.71722342917461	28.72348222516713	29.384280873939144	2.3073330021673777	29.175176373559022	29.19248050274914	29.209902515635495	30.959302248959045	2.427836950312656	30.750355468242592	30.768430655140527	30.770554755309522	29.940116688733408	2.1907683680571717	29.75353766832782	29.757166647254742	29.760631082449343
6260000	28.95126009286874	2.594749551236702	28.725838311186926	28.73265357277641	28.73934313705765	29.40420549798711	2.2359796513742527	29.20597340246611	29.229680076712338	29.232265887625235	28.901945228454164	2.184595159069922	28.710024017729417	28.717706047128885	28.72426968278906	29.411071824655235	2.3062127736671325	29.20948331208373	29.218785240869508	29.22636650632386	28.901559348805677	2.188060389675039	28.710887595864843	28.71726809929715	28.723668656430533	29.383550110413687	2.307725685531622	29.1742097132725	29.19322033506753	29.208970365791178	30.95733144713607	2.4251361288422144	30.744017114011267	30.768061321916655	30.770710220310065	29.94032694463741	2.1907478321637566	29.7538530049279	29.757304566762755	29.760617065003434
6270000	28.95205467923418	2.6066567231211044	28.72520722844924	28.73291456457327	28.740141880203268	29.40736266735321	2.23488112467287	29.214239324457047	29.230382506929963	29.233190895719527	28.902013010093526	2.184588663461642	28.710102677103336	28.71775514279307	28.72435839869166	29.412099810068494	2.30359783973926	29.212036545061025	29.220255616111892	29.22754009599909	28.901596854933953	2.18805702950187	28.71089670388328	28.71731918081412	28.723668656430533	29.386176659285244	2.3064912709766348	29.177348854032594	29.196119650263668	29.210410895206252	30.960897275439837	2.42993562009289	30.75232345558579	30.768787199212632	30.77155655282762	29.940308219397576	2.1907493853296955	29.75369696689792	29.757231553689067	29.760631277820362
6280000	28.951741003946285	2.5990192720771836	28.726204737574342	28.733180951472594	28.74028287864579	29.405148375812104	2.2362456354247167	29.209918034075034	29.230066478170798	29.2328194886931	28.90205542398166	2.184680892413473	28.710322974844587	28.717706047128885	28.724435568603795	29.412574342118294	2.3087986989245337	29.21089300397163	29.2200355176754	29.22799764680874	28.90165296144994	2.188179558533583	28.710910815379613	28.71733034982369	28.72372002769313	29.384964880354865	2.310144397473502	29.174676930901025	29.194682401023886	29.210609854617445	30.957765294643156	2.427813681841155	30.747577718829177	30.76851478032711	30.771269856335437	29.94071239194405	2.1907924575575333	29.753843001484668	29.757619185382573	29.760850948181197
6290000	28.951941973314344	2.6016599133481995	28.72578866502865	28.732914595690985	28.740218716726837	29.40405066713493	2.2361605448293433	29.207917643966468	29.229772554582325	29.23239572214308	28.90209805629458	2.1846762885740536	28.71041295597903	28.71775514279307	28.724560950028348	29.411976640629035	2.306393645995543	29.211217115504837	29.219606005479072	29.226704107662307	28.901682273965108	2.188275178738531	28.71092933674099	28.717416049269204	28.723742243291028	29.38478520162107	2.3097442785155464	29.175856436151268	29.194532944239295	29.20846721290702	30.956865394992768	2.426567844410872	30.746220395650212	30.76823671273532	30.770852985593514	29.94080691498561	2.1907837654493427	29.75395208307117	29.757366046520268	29.760864505924363
6300000	28.951268511453193	2.594176250404302	28.7262194756411	28.732896853391672	28.739612090053804	29.40635306225963	2.2355554328488187	29.213598131535882	29.230319380870466	29.233128272237206	28.902164563150976	2.1846704027473827	28.710461638898728	28.71783658571217	28.724560950028348	29.411067391788915	2.307135075173528	29.20994909700245	29.218730148491197	29.226547810542392	28.901732137693593	2.188270870267156	28.710938161062284	28.717664685549785	28.723765150104253	29.384148941128778	2.310493307030977	29.17482126722077	29.192241188211398	29.209188998830008	30.958622979424888	2.429740554863191	30.751456319531883	30.768671227491602	30.771349283265245	29.940776553523076	2.1907859680853425	29.75411154908327	29.757565137887443	29.760611340216986
6310000	28.9524330648776	2.602918510160448	28.725378785846445	28.732663999878866	28.73971369056045	29.40640597793745	2.2354850773960435	29.213736619747337	29.2303811729701	29.232905108679613	28.902209844197117	2.184666202475085	28.710461638898728	28.71789199114199	28.724554786264726	29.411659086897156	2.3025244726963665	29.210626203537487	29.220270770000404	29.226834718790787	28.901780956606107	2.18826673787395	28.710910815379613	28.717715633083415	28.723848543259678	29.384808679283815	2.3061774412817986	29.176596078845094	29.194838203415102	29.210125346177406	30.95977124197487	2.421789377331501	30.752023375922498	30.76883812643989	30.77134676990627	29.940757126550597	2.1907874238094105	29.75376364611519	29.757466477489885	29.76069555339625
6320000	28.952317788681796	2.5944584587671202	28.725930893454805	28.733033066687746	28.740078405060384	29.405559096897054	2.2351238760809844	29.21136372370038	29.2302510879392	29.23272321738881	28.90227479895279	2.184660288742331	28.710498525052017	28.717946509410886	28.724582160560782	29.411636314683673	2.3067111154001743	29.209997194353733	29.219828284122933	29.22714802110783	28.9018461487424	2.1882606396279223	28.71092933674099	28.717741038664755	28.724077615591092	29.38432933780321	2.309439388456455	29.17548786498238	29.193537064108973	29.20981304211457	30.958729633367717	2.42618266741508	30.749789579225762	30.76867940583294	30.771175130229047	29.940902124859615	2.1907757637347185	29.754008260919843	29.75747884288107	29.760924390414004
6330000	28.952417158512354	2.6020681863979345	28.72605097464656	28.73251802076362	28.740441275160546	29.405519307765598	2.234727044614601	29.210878981528285	29.230107082008026	29.232394971916058	28.902325569256856	2.184655986764732	28.71055663858379	28.717979948943707	28.724622069979546	29.41186791452671	2.304925304067098	29.210582059733042	29.220022542475228	29.22704216365102	28.90189904922525	2.1882012715133583	28.71092933674099	28.71778086933785	28.724099169223255	29.384688717757538	2.306497967010062	29.176121685199607	29.193291534195573	29.208371233462543	30.958291513781795	2.424750416636442	30.748629830557626	30.76857036087887	30.770823479943125	29.940913504901214	2.1907956512981803	29.754291305850593	29.75781287645774	29.7609862681077
6340000	28.952492606636547	2.6045512274802136	28.725851604478255	28.732965368733318	28.73993685088132	29.405529923813717	2.2352472775819687	29.21045879429382	29.23003536818073	29.23238125541245	28.902358453119216	2.184651336164432	28.71065203819612	28.718024403187826	28.724605962440762	29.411245591413202	2.3051684421374197	29.210745380023845	29.2195382834066	29.22683885830495	28.901962797520067	2.188195670291634	28.71094506346148	28.717841381742442	28.724120249109802	29.38435160899192	2.3090175160424242	29.17577076880258	29.193176761998334	29.209787687014845	30.959043397127026	2.4274401640105325	30.748432666094374	30.768417653336943	30.77057278021161	29.940802848027644	2.19079899350168	29.75405728611124	29.7574397834592	29.760798504652524
6350000	28.952318507213413	2.6073547854448624	28.72572958308713	28.732647490951415	28.73941196416027	29.404164829701852	2.235011075206636	29.20778054045607	29.23003635286564	29.23197506313049	28.90260269582677	2.1846395223502126	28.7106674861511	28.718175400622677	28.72462771762983	29.41228818353604	2.3042740211980335	29.211220107195132	29.22044875702012	29.22780772858129	28.901986824496266	2.188193641704525	28.71094506346148	28.717841381742442	28.72417257467657	29.38470395790372	2.3073463801345513	29.176881824892885	29.193506512955167	29.21022470356436	30.957510784876895	2.431105924463962	30.745978443996513	30.7684485674392	30.77042297808757	29.94090342839181	2.1907885842661305	29.75387079876746	29.75753112660719	29.76092654749045
6360000	28.950592944641013	2.5872676022746095	28.725893214803932	28.732806537867077	28.73964405671867	29.405646142207306	2.2368058814874914	29.21044370852252	29.229942538830713	29.232854569457945	28.902697494620337	2.185095477538104	28.710793113463176	28.718206689834247	28.72462771762983	29.41188707538023	2.3072366195500873	29.21101396000066	29.2196004314997	29.22708139397402	28.902072600049898	2.1883143181260114	28.710940641565024	28.71789982635262	28.72419978787743	29.384574479689608	2.3091761509998485	29.175000701291644	29.193078689373593	29.209549885080992	30.95790229908658	2.425007681348293	30.74795849252012	30.768320019727334	30.771031888469132	29.940697648984887	2.190773406376321	29.75360976559523	29.757335362853713	29.76100456350745
6370000	28.950980443087982	2.602318750845281	28.72550740043898	28.7325383874048	28.739835860830137	29.40629792177322	2.2354941378168247	29.208939423253696	29.230209679989212	29.232654159994578	28.902734617198703	2.185091044265989	28.710881724245255	28.718206689834247	28.72471645400805	29.41112403646144	2.3036710434651257	29.21029872881681	29.21935825170582	29.226704261200236	28.902124835022757	2.1883202470823906	28.710967624216483	28.717962740452556	28.724231883648116	29.385461176984037	2.306039479360129	29.177235869238245	29.194614380470963	29.209190342880813	30.959090167572295	2.426272239809841	30.746376675591172	30.768637755149523	30.771104918700303	29.940346605583724	2.1908043283742216	29.753482248426582	29.75721125371565	29.760476853328743
6380000	28.95200394879098	2.605382991591122	28.72573153000886	28.732491909770893	28.739615063615208	29.407748371728395	2.235686493414577	29.211797425717474	29.229727251586937	29.23248804417603	28.90275625515733	2.1850891253969533	28.710904894693048	28.718206689834247	28.72471645400805	29.411550849804858	2.3067646063720937	29.210790963157645	29.219447415767497	29.22656463466953	28.902147860825135	2.1883164371320696	28.711008542931623	28.717962740452556	28.724244430958574	29.384628313629598	2.3093902331079383	29.175669825465018	29.194013438920862	29.208751017620138	30.961016646391535	2.429980797225121	30.750134459537126	30.768191528680422	30.770907076399126	29.94054417136068	2.1907864112779065	29.753797165510083	29.75743516460084	29.76059325873278
6390000	28.95215731838328	2.6028515673274493	28.725638864559254	28.732542870757896	28.739784060776937	29.405745222008925	2.2366522119788477	29.210457108312117	29.23019666251175	29.233117723090835	28.902997224546557	2.185078317165115	28.710926737953997	28.71825483953617	28.72486263123256	29.41220760676105	2.305979023645285	29.211293031273236	29.220514964961062	29.22744900216793	28.90221862299433	2.1884257007903534	28.711008542931623	28.71796055901583	28.724310236815548	29.385720735956898	2.3082644305289985	29.176519986888433	29.195550418746656	29.21074343882008	30.959185284698318	2.4315715324062754	30.748325969389843	30.768589837542372	30.77153150608587	29.940650958122266	2.1908658113443007	29.75402505966182	29.757502582981296	29.760925046035478
6400000	28.95134077526703	2.5949841985204736	28.725846950242353	28.732771950599357	28.739890037357085	29.405213290759768	2.2359445653369514	29.20957475962063	29.23021852941249	29.23255782633236	28.9030741281971	2.1850715565363976	28.711127692662753	28.718368884075076	28.72489090246895	29.410974048570615	2.302347492218043	29.21065705920535	29.21920639344358	29.2267520036489	28.902251278562673	2.18842282591814	28.711045977449892	28.718042662617236	28.724310236815548	29.383923471973738	2.306082429604907	29.175247894379773	29.193074583998538	29.20935034585076	30.957108098367215	2.420890564740832	30.747211180104102	30.768655582778596	30.770968697068994	29.940757579760565	2.1909409646393274	29.753958910945798	29.757477191491887	29.76098791790115
6410000	28.950985949005833	2.5960972070678072	28.725549033585274	28.732419280314836	28.73950193501506	29.404816226484208	2.2342881360039555	29.20826032249293	29.229692601088907	29.232457944639926	28.90308483254866	2.1850928379025447	28.711135247459705	28.718456731098833	28.724935698891123	29.410699738504423	2.3037323686219406	29.210134460409606	29.218953056520853	29.22655942580381	28.90228825068673	2.188419569437418	28.711099336897803	28.718117047127933	28.7243694880803	29.383973163084367	2.3069157304962618	29.17493914635346	29.19376255301676	29.20900064015486	30.95742079314896	2.425230292735164	30.746111098193566	30.76808456198942	30.77067458019843	29.940431425799606	2.1909024905433463	29.753528794183502	29.75724343545211	29.76072064830656
6420000	28.95060302381463	2.59241451395431	28.72517629530411	28.732655637420482	28.73949696923878	29.40625308307399	2.2351426129364738	29.21226508748518	29.230493401701864	29.2333372713314	28.903144059832115	2.1852234422691095	28.71115439615915	28.718586669024504	28.72495557553133	29.411022172770917	2.3044274070176867	29.210348340013923	29.219098881615032	29.226365171642087	28.902350971859576	2.188414049843162	28.711128208213587	28.71822945149802	28.72438636365473	29.38436334385957	2.3069808103243474	29.175582920814062	29.193256818596268	29.208888088217318	30.958848554889823	2.4241600365634697	30.750544784738963	30.768925586399575	30.77161132322454	29.94027511210554	2.190971112167133	29.753455109628757	29.7571828367226	29.760482051759595
6430000	28.95172700108489	2.602393550134547	28.72495784907423	28.732443094471332	28.739391397173367	29.40656937938105	2.233850877281538	29.214062887303648	29.230186292999154	29.233064819053144	28.90316421910495	2.185219337021182	28.71115439615915	28.718762248636594	28.724985968975663	29.411579501936252	2.30388382806868	29.211520110909177	29.22021471740387	29.22761164148054	28.90240112436233	2.1883738088796365	28.71113768243348	28.718315712169762	28.72438636365473	29.384530136422182	2.30632316162804	29.174952977427647	29.194265363988585	29.20980874311697	30.960482687787326	2.427185238282579	30.751916299643472	30.768559588696622	30.771447714569092	29.940385468841047	2.1909606605768155	29.753434875662414	29.757133632350737	29.760543617824272
6440000	28.950693733395976	2.59450821299445	28.72512283633396	28.732433255534602	28.739167213101283	29.406013570598383	2.232883472061121	29.21030293889591	29.230221014651782	29.23216783664503	28.90318365832495	2.185216348805024	28.71117799451659	28.71884966166053	28.725016485720932	29.4110319599017	2.3014992292219176	29.21094747501718	29.219499000404802	29.226453105984056	28.902445016045267	2.188369833443197	28.711154908692166	28.718382778444465	28.72438636365473	29.38362761995354	2.3050819806817153	29.175822668503038	29.192688118175184	29.207821554970554	30.959325649835243	2.424988067658005	30.74809829427342	30.7686322233394	30.770558933732477	29.940398895734244	2.1909298348225015	29.75342553322588	29.75701497359761	29.760478580817523
6450000	28.951857963478698	2.598797145197643	28.7247562254195	28.73214547116413	28.739111210063612	29.40521919522811	2.2344996299475586	29.20961215076627	29.230020103755592	29.232221092756017	28.903244964730998	2.185210452683872	28.711343004628446	28.718951255452048	28.725111369362168	29.411743569788694	2.3062946957462485	29.21092782899939	29.21967992881998	29.227256531477597	28.90247819919372	2.188366931264556	28.711149164670054	28.718396503604303	28.72438636365473	29.385294643466608	2.3097604368123927	29.176680339844083	29.194152825693386	29.208690923716773	30.95851727679341	2.4283838861890743	30.74798420376235	30.768427055337092	30.770657538198144	29.94043671859215	2.1909258816741395	29.753567259418993	29.757011265009	29.760158459550848
6460000	28.953000411407878	2.6005851707375953	28.725339728456785	28.73297547435934	28.740204172178693	29.404662088372145	2.2349307547815047	29.2100257084289	29.230141577657406	29.232457715765328	28.90334957599805	2.1856573065873697	28.71144400786588	28.719011176610028	28.725101230945054	29.41208180638217	2.304810525620778	29.21122136056745	29.21997961434331	29.22744717620178	28.902515801132793	2.18847709993596	28.711154908692166	28.718451474953323	28.72438636365473	29.385500674749267	2.30698654064046	29.175911243637326	29.193883455020618	29.209623765340073	30.957772017744375	2.425485279209732	30.748168364566734	30.768538656400274	30.770852967552187	29.94056130270874	2.190898212245535	29.75362993708028	29.757312641796382	29.760790448699577
6470000	28.95291374001517	2.6036060141601363	28.72598093824767	28.73272514387363	28.740243039673697	29.40534821010555	2.2349349956339886	29.208124198184198	29.23017662853413	29.23247721182032	28.90335902237857	2.1856558412802816	28.71147954117997	28.719007207597663	28.725016485720932	29.4117012097209	2.3049975641223486	29.211235166025098	29.220041719203877	29.227289759956466	28.90258466238888	2.188471243060552	28.711325360766665	28.718494887155543	28.724458154276554	29.38431674121404	2.305801413818258	29.174850568704457	29.193455669418153	29.20970754806061	30.95803839520222	2.428795809822489	30.74632044754007	30.76861641506618	30.77090040344001	29.940733654454426	2.1909139606746444	29.753763998109864	29.757557827532565	29.760866567272576
6480000	28.95245659739641	2.6002157116046574	28.725944731400663	28.73276050326492	28.73948349213395	29.40520665917101	2.234831329089956	29.20885625055421	29.230069490828875	29.232714614795906	28.903389479923902	2.185651945103359	28.711509070613594	28.719052986891576	28.725016485720932	29.411323060528897	2.3031962038545712	29.20998687254245	29.21971064245627	29.227317589638467	28.902573579657755	2.1884697428892683	28.711325360766665	28.718580650664705	28.72448407373102	29.38424978358418	2.306528371174947	29.175374629727962	29.194100590640517	29.209652308946175	30.95822567033736	2.4254657458548183	30.747135804070716	30.76850123712577	30.77110484139822	29.94064805793733	2.1908879396307555	29.75374065764717	29.75732293109582	29.760797068945575
6490000	28.953050149385668	2.6068935534922337	28.72645897030202	28.73274917715783	28.739302922919027	29.407359070927406	2.2344651131230204	29.21365569374507	29.230410793533714	29.232299277967364	28.903401616069775	2.1856508325733044	28.711509070613594	28.719052986891576	28.72526000171738	29.41180118965784	2.3064242525042835	29.21115944338045	29.21980817154042	29.227036252226917	28.90262083391644	2.188465636764229	28.711325360766665	28.718616280616338	28.724526340836753	29.385355187686027	2.3088517478792574	29.176820167822136	29.193502628001063	29.209339150015076	30.96090666134791	2.4305237409111125	30.751537698192884	30.768831038754655	30.770736815189768	29.940485143044768	2.1908656943717237	29.75343344643001	29.757603245185557	29.76074357678167
6500000	28.952359950405004	2.600858162689757	28.72634411698261	28.732751666485807	28.73999992728411	29.40597392205675	2.235461073788084	29.211049955103213	29.229914340803184	29.231762494869255	28.903444154665152	2.1856466151267804	28.71154350312273	28.719052986891576	28.725331673510432	29.411779903602103	2.305635486223748	29.21099469981945	29.220397501078452	29.2273501404079	28.902670609624654	2.1884498810759165	28.711492284104196	28.718641260261975	28.724594000576023	29.384826124152656	2.3065413427645938	29.17581561009232	29.194990513393655	29.20927979715924	30.95970315644259	2.431173718186755	30.749450908956938	30.768328230949805	30.770174133488535	29.94081294763546	2.1908100509801303	29.75390805554791	29.757399136125493	29.760735692004587
6510000	28.95228695739058	2.604101763347323	28.726078559505456	28.732840491460017	28.739744124592853	29.405393401339047	2.2353205485518575	29.209207380545976	29.230104083964434	29.23227302436073	28.903495835153844	2.1856420668519747	28.71154350312273	28.719125252060685	28.725306516778673	29.411110331238337	2.3030568282776525	29.210469136128662	29.219466208082054	29.2271053373529	28.902923209234224	2.1884383128608738	28.711527511809372	28.71862826326916	28.72460242136752	29.384311107463088	2.3037918261808814	29.17387708956168	29.19395602654104	29.21069678813841	30.95827134106512	2.4262903418732296	30.747454685939104	30.768501951513578	30.770671574955763	29.940433384722414	2.1908609278124223	29.753683108570268	29.757291619983896	29.76036621763935
6520000	28.953293305959967	2.6043793187033684	28.725364436671228	28.733333127452617	28.740329459731342	29.406549091275068	2.234596230794039	29.213008191734946	29.230247103015	29.233286004912834	28.903511446318234	2.1858269495249325	28.71155901368374	28.719146338472747	28.72526000171738	29.41160673569139	2.3066136047690606	29.210975851688044	29.220207279897245	29.2271191232175	28.902951726547972	2.1882979610736912	28.711568004766356	28.718616280616338	28.724683682965445	29.384850027742893	2.308694503032762	29.175146625134445	29.19506237881901	29.209099982232594	30.9600835743277	2.4308668396445015	30.750798431410217	30.768684122519012	30.771624961707822	29.940482492616315	2.190832261384682	29.75347537601477	29.75729826980919	29.76057862938238
6530000	28.952263272757197	2.5949520092700356	28.725659445661975	28.732529203716567	28.739328504066584	29.405404722961457	2.237426747274179	29.20913202482714	29.230138282799714	29.232501354459142	28.903557909954433	2.1861849713331227	28.71154350312273	28.71917956270549	28.72537950383218	29.411587975685787	2.3083733425047677	29.210771193850427	29.219451802699727	29.226993437821434	28.903001196040915	2.1884424981449357	28.711568004766356	28.718641260261975	28.724910940148003	29.384602433681096	2.3108837297336753	29.17490913106919	29.194110904348026	29.210037715712645	30.95779430876404	2.4274123859542325	30.747159832985158	30.76848675577047	30.770831174889356	29.940415147949405	2.190838765400997	29.753871264238384	29.75737630799262	29.760677756066485
6540000	28.95288072966223	2.6028610751020165	28.725595432306164	28.732459350415773	28.73952801454263	29.407582192341767	2.236498481518081	29.213750381177064	29.230552963833176	29.23342337943947	28.903588953029004	2.186182367443234	28.71154762247661	28.719160147615682	28.725532310356417	29.412395625179027	2.3069521201759935	29.211624015485008	29.220334946962502	29.227254962104535	28.903047838775247	2.188556273036467	28.711599048315666	28.71879449733934	28.724950268727486	29.38615165182014	2.3079183060567834	29.17811571021943	29.19501802498916	29.210441787290634	30.960612766452282	2.423148951980729	30.752148041750733	30.76899401631448	30.771834823052334	29.940491225714837	2.190898975228784	29.75379163996078	29.757098751721422	29.760572262130253
6550000	28.95229629507197	2.6005186756781984	28.72586455381066	28.732399642189222	28.739063242338652	29.40628523860979	2.235500787429991	29.211705544091316	29.230151466717672	29.232730898665604	28.903652468003838	2.1861767003088035	28.71161226997218	28.719160147615682	28.725576049995816	29.411801346224	2.305278251738946	29.21104854495388	29.22022288425375	29.22678620683753	28.903088545765115	2.1885527509738196	28.71161076805408	28.718827281053066	28.725028581688633	29.38488814560406	2.305833332262008	29.17647226636597	29.193529158412204	29.210113733458687	30.960425835599825	2.4287881559905866	30.750217192578027	30.76861300473461	30.771195014573085	29.94071369811966	2.1908810454944105	29.75372686207263	29.757536688224103	29.760890378212494
6560000	28.952377636187297	2.604312124289979	28.72586433773724	28.73232665134583	28.739868470954107	29.40606943770651	2.2346945564767777	29.209729025043686	29.22988530207087	29.23224653415839	28.903701696150357	2.1861724642950415	28.711610494428133	28.71917956270549	28.725628021534177	29.41119682811778	2.3040365569930876	29.21021989353129	29.219600504043406	29.226738061496498	28.903133129074458	2.188548951935363	28.711642383719415	28.718827281053066	28.72511370316446	29.38360283272204	2.306520095229099	29.17475855280615	29.192582004347916	29.20990984417073	30.959397810955025	2.4250734804197362	30.748101746687873	30.768326366212037	30.770640906848843	29.940716615548833	2.190881129641822	29.753813310115973	29.757426672240996	29.760902266675664
6570000	28.95240220330661	2.607626573108519	28.72492839695127	28.73242409041409	28.739976263814523	29.405403209154684	2.235520822002238	29.21063250998799	29.22980693371923	29.232221171668705	28.90370233586669	2.1861722159174577	28.71158315640275	28.719206615772755	28.72563350125399	29.41127605590717	2.305614559223291	29.210241677791025	29.21890169346087	29.226460240589866	28.903214184677378	2.1885420418627457	28.71166307216404	28.71893539273467	28.725160601135787	29.38395351327669	2.3088592028527506	29.17340461930775	29.193159800226283	29.20931398384091	30.958446802013384	2.4311611609849435	30.748645414295744	30.768172191482563	30.77051584825271	29.940655267153115	2.190865049188909	29.7538713547557	29.757590046139853	29.760787669684643
6580000	28.95267492485646	2.6016473335898667	28.725511530899276	28.732554023227248	28.740454700082612	29.405711369565132	2.2366916414450286	29.208915665793175	29.230271770511827	29.232266125289126	28.903744831240136	2.1861666918543277	28.71154762247661	28.71921813790658	28.725649574691886	29.412496011256216	2.3053384279749145	29.212518050278668	29.22036724921154	29.227680776374036	28.9032330989218	2.188540315709296	28.71180705859928	28.71894276030851	28.725143960261725	29.38552191332723	2.307009632210764	29.176559911822025	29.19550629199758	29.211396801807705	30.959135536302337	2.4258936397593605	30.746895954707394	30.76872290850477	30.77066848104433	29.94072914374199	2.1908585897921617	29.75407622493075	29.757592067862632	29.760947728088695
6590000	28.9518914531693	2.599467056547579	28.72585644085377	28.73311190187787	28.739911745203578	29.40515292639406	2.2366581397373593	29.208713579028995	29.229861731751498	29.232573444234152	28.903808946177385	2.1861610894416126	28.71165133748406	28.719274766469383	28.725664429057893	29.411988860334098	2.3080538965996658	29.211434248085695	29.220141598594555	29.22721003913463	28.903247330494334	2.1885390922759993	28.71185256627135	28.71893539273467	28.725143960261725	29.385005755616664	2.310319156528962	29.17839818368001	29.19411002102181	29.207602057987955	30.958023163016676	2.4282254863684405	30.746384727273355	30.76829184532924	30.770870776007378	29.94073832908734	2.1906996375824357	29.75399438164206	29.757492538965142	29.760898151470766
6600000	28.951756616836743	2.5965284918417333	28.725553484543887	28.733109836311414	28.739741016030912	29.407536764409976	2.2359143968384676	29.216656310924368	29.230543350325462	29.23290169096657	28.903859216823225	2.186156366959387	28.71165133748406	28.719310207473633	28.725683059042296	29.411763205072916	2.3037587613603505	29.211100277120984	29.21971343567209	29.227641547972386	28.90330301184183	2.188534192478112	28.71200962029352	28.71894667420047	28.725143960261725	29.384705902149925	2.305947507054326	29.175289849575027	29.193814466932555	29.21095388957499	30.960313371558815	2.4222983820368276	30.754850819994928	30.76899311940419	30.77131432316588	29.940693177386922	2.190704527411208	29.75352105613123	29.757506013880203	29.76107551018098
6610000	28.95237608054124	2.606559347027277	28.72624855481967	28.73303712861189	28.739647644846723	29.406105975421934	2.23590254044566	29.210431489398637	29.230347360983558	29.233468412738354	28.903931965975634	2.1861499442480263	28.711703101956573	28.719320128032848	28.72568358132459	29.41197111122376	2.3065750159038565	29.211119697368183	29.220028179573426	29.22732926487121	28.90335257836579	2.188529766729044	28.712269610487354	28.718959123117557	28.725160601135787	29.385493185446837	2.309255544272949	29.176108041271338	29.19409796962647	29.2102832062029	30.959450945521958	2.4308997173573346	30.74782134668103	30.768789275460527	30.77188430201853	29.940754724044385	2.190655375489998	29.753903919223983	29.75750300725965	29.760847350355593
6620000	28.951888324295695	2.5968941510062624	28.72571804665251	28.73265903321642	28.739236896594228	29.405882436012952	2.2366969099010956	29.214257580569967	29.230485923803307	29.233043352013546	28.903952689278533	2.1861481831150646	28.711722114433222	28.719300376597126	28.725764611862566	29.411096409136086	2.306280353697866	29.210024033781032	29.21909406081712	29.22631067025128	28.90339562578245	2.1885260934626016	28.712365178752307	28.718966025519396	28.725204152271406	29.38386422561447	2.3083546014996257	29.174549788834042	29.191917690001915	29.2089489127734	30.958920858895237	2.4262502702248403	30.75268889383119	30.768932997631744	30.7714622704908	29.940364088155754	2.1906598313134764	29.75372291587902	29.75728737095503	29.760538747066715
6630000	28.952969707690368	2.598880670010688	28.72630878789672	28.732856456120658	28.739054025948757	29.406203512568094	2.2355187880082252	29.211742406307955	29.230184067447247	29.232389855009846	28.90401654750258	2.1861425329605795	28.711774045640187	28.719335228195135	28.725829159254495	29.41089941825991	2.304055326770756	29.21034366551512	29.219208009138946	29.226599052365422	28.903452596261733	2.188521134445009	28.712484792757937	28.718959123117557	28.725261579795358	29.38465556861253	2.3069267126661472	29.1754630037891	29.19403707708682	29.210459035743483	30.95979850421356	2.4251629207782672	30.750102310338853	30.76863001185575	30.770835309757228	29.9405298824712	2.1906440785832215	29.753729286818114	29.757380385246254	29.760494325776314
6640000	28.95251772463409	2.5959943962031597	28.72582325182986	28.732498665284236	28.73971997960788	29.407172644174587	2.2350595862916918	29.21373817296418	29.230416987000815	29.233616218741563	28.90405581669733	2.1861391662702516	28.71188558110791	28.719377435555863	28.725829159254495	29.4117760633201	2.303836813711454	29.21146094689377	29.220138061048978	29.227496198138752	28.903504450465856	2.1885161549628283	28.712552124928234	28.71900160020938	28.725278938991984	29.384539299999304	2.306751930149811	29.174703592354433	29.192754525590825	29.21043773892345	30.96025826362666	2.4238825280878813	30.750851289222027	30.768820513778433	30.771992917015318	29.9405293976473	2.1907368451051226	29.753758750940424	29.757152922735806	29.760401810033997
6650000	28.95313025124116	2.6016970719631534	28.725712484594982	28.732626989397474	28.739609953732224	29.406027459091213	2.2353513639576024	29.21324445212275	29.229991705741273	29.232141598080208	28.904086267347484	2.186136431535489	28.711944277038313	28.71935852933175	28.725894842580434	29.411611735331814	2.306045594820793	29.211043215467768	29.21961736291862	29.227052673537898	28.903564358293735	2.1885110005470882	28.712575955223926	28.719121510869527	28.72535810994861	29.384875791041445	2.3076741246824257	29.175955212891886	29.193909424956814	29.209510372997496	30.960004397692767	2.430029717893851	30.75162532521119	30.768455287873167	30.770599529690966	29.94065745319585	2.190727098617198	29.754150067821488	29.757418001278477	29.76059789028762
6660000	28.952740712106465	2.603763654667908	28.72545941733345	28.73323216428559	28.739527656372715	29.40868846828626	2.234808247312214	29.215088968025587	29.230485468970517	29.233148810297763	28.90411426136024	2.1861332611331274	28.712044028196335	28.719400352060255	28.72605481502283	29.41221646119008	2.3034469761381136	29.212037487079158	29.220616822391342	29.22729916774648	28.903631449683722	2.1885051314440567	28.71276395041691	28.719209070641817	28.72535810994861	29.385554901913693	2.3062470408657965	29.176540802895765	29.195408407897574	29.211346982538487	30.962457819925383	2.4271099981451005	30.75359171714695	30.768947753316684	30.7714549727228	29.94070833925195	2.190821840901433	29.75422245323617	29.757417444930873	29.760775601520557
6670000	28.952040825028178	2.5912065039776704	28.725784759310407	28.732948893777607	28.739896217896096	29.406195614975584	2.2355402069156414	29.211534778533544	29.229998331407643	29.23276406770166	28.90416520942476	2.186128777248267	28.712130388423553	28.71941950602288	28.726083181945484	29.411891254738592	2.3051590771788497	29.21094335842291	29.220465694529935	29.22727496475809	28.903652043867236	2.188501819111517	28.71283671734504	28.71923641905113	28.725481750396703	29.38521556852479	2.3075632871108174	29.175634032310384	29.194585386956234	29.20935458976047	30.959441304041658	2.4263207683021557	30.74928135079866	30.768440578538033	30.77114084530205	29.94068200130294	2.190822970205417	29.75391033836815	29.757437329270033	29.76061848455462
6680000	28.952221251865428	2.594598059156546	28.72598157360698	28.733007255997432	28.73915923644079	29.406121473772064	2.2364866916885147	29.21242176318083	29.230204420882757	29.233251337935013	28.904192872474518	2.1861242250958566	28.712154868359043	28.719553396122905	28.72615119878644	29.4119413808978	2.305771640308499	29.211334059525374	29.219392287855733	29.22714385907659	28.903684681396918	2.1886067978930277	28.71283671734504	28.719272098852677	28.725481750396703	29.384619108059677	2.30773506211694	29.176630883777925	29.19426965689186	29.208310932374328	30.958035595322283	2.4211251920848413	30.7505207116076	30.768651965651316	30.77165596975418	29.940746111847357	2.1909160586614207	29.753868264428053	29.75762877233071	29.760626893652788
6690000	28.95145763825996	2.597153347929262	28.725850982926325	28.7325679392856	28.7391710159998	29.404712865975657	2.2356565726720725	29.206745862685636	29.229549627671652	29.23193097919037	28.904245735774463	2.1861195836525855	28.712368004132692	28.71957526339562	28.726083181945484	29.411819652286905	2.3040529423216802	29.21161336423806	29.219987943004103	29.226823754050542	28.903744139550668	2.1886016181913357	28.712943350479243	28.719338739329352	28.725553447635953	29.384774645313023	2.307161223948871	29.175940237174142	29.19420296545008	29.20952360108366	30.957068446383474	2.4215297734015944	30.744902248865188	30.76799763898831	30.770387741766633	29.940916195682636	2.190867805443609	29.75428878325893	29.75786720759712	29.760692057967052
6700000	28.95109101589672	2.595711443404404	28.725692397468215	28.732770083813662	28.73979871138332	29.405881381792984	2.2346105852898925	29.209819386294352	29.2296923677955	29.232262552731086	28.904315256040395	2.1863774972747905	28.712426104487896	28.719634066429638	28.726155171911312	29.41157913052743	2.307219860482322	29.210141995782195	29.21947858083471	29.22713465459678	28.90381687194236	2.188591664805038	28.71298295378373	28.719471099243492	28.725553447635953	29.383080924318158	2.3089718223705162	29.173575853058043	29.192884466743894	29.208362100961622	30.95874682335639	2.428488542553461	30.747863204494376	30.76813141822992	30.77070199190358	29.940983603327155	2.190862732153061	29.75432824436234	29.757866541068303	29.761081270012102
6710000	28.951861965942623	2.6051863323270585	28.725835563283447	28.73254579200986	28.73954701995019	29.40542857064189	2.2352831755966776	29.208238385258785	29.22971635524133	29.232488744425922	28.904352919918853	2.186374050600536	28.712480825500947	28.719595742812402	28.726082226259816	29.41150234030029	2.3051688487364665	29.21050899870338	29.219302537131206	29.22697208720921	28.9038134890724	2.188591209209741	28.713007232369513	28.719463142562155	28.725553447635953	29.384538981522475	2.30768398373141	29.177485869147517	29.19343030770271	29.209097366688745	30.957671444649264	2.426729197347904	30.74603692924196	30.768145433006417	30.77084239000196	29.94099012400167	2.190861553948827	29.754049165317085	29.75762594873235	29.76102442141067
6720000	28.951205787193555	2.59859099437436	28.725803428908026	28.73290632027107	28.73939447587077	29.40729025930062	2.2347081190331624	29.2141674097663	29.230351742471015	29.233349541786314	28.90440352327504	2.186369599738686	28.712533055229486	28.719614317332912	28.72613917106309	29.41208733536507	2.3045505298395685	29.212208178201756	29.220474412646332	29.22724969730209	28.90385762875243	2.18865238713081	28.71314020931375	28.719463142562155	28.725674834341156	29.38628270877518	2.307049048341097	29.17768268201945	29.19488650985366	29.21129972965273	30.960783508379276	2.428132352282216	30.752545547440455	30.768799851300233	30.7717624225848	29.94086403563163	2.190776972807392	29.754248108874705	29.757762181184233	29.761069171069945
6730000	28.95115612171055	2.58550991257943	28.72591066036068	28.732800361708613	28.739527058228198	29.40837793365986	2.2340978608514974	29.213461120172767	29.230652064742586	29.233896478511713	28.904460990108227	2.1863647154637	28.712533055229486	28.719643056888593	28.72642652530678	29.41202919112053	2.305381109130885	29.212117909188574	29.22067781720828	29.2271884934799	28.90388975355142	2.188649543315046	28.713333905957576	28.719463010777943	28.725721646181007	29.386337600814663	2.3070780122265924	29.178200221351783	29.195445335503067	29.211659682293583	30.961399145072992	2.4229862252167567	30.75183293910938	30.769097420988274	30.772193004825265	29.940600156768593	2.190799384725123	29.753852649331154	29.757448600035914	29.760540590343513
6740000	28.95236300734134	2.596843615566236	28.726304296131744	28.7330876847967	28.73938355643042	29.40526298682463	2.2342965753264554	29.211923263381724	29.22958341116847	29.231758451993585	28.904494218022634	2.1864485840021386	28.71272463621569	28.71970234821656	28.72642652530678	29.411710290657606	2.30400150028371	29.212075070547126	29.21950129988489	29.226826287820547	28.903933177767335	2.1886457416058605	28.713389167780857	28.71949141096707	28.725788352236393	29.384245958564534	2.3072881166266073	29.17500841569518	29.19311117249444	29.209534963998884	30.957701399025744	2.4288616820811	30.749608701667295	30.768019038295737	30.770123875327084	29.940808762476365	2.1907953190252316	29.754044688531764	29.75766468290023	29.760855608409628
6750000	28.95237345936798	2.59748465449206	28.725864105937042	28.732807924924742	28.73911446681448	29.406907413340345	2.236390995545672	29.214789039826883	29.230348217813734	29.232921233964603	28.904519776296148	2.1864462599962233	28.712856239931135	28.71970234821656	28.726341072260105	29.41182709325674	2.3064279418234563	29.21094108011852	29.220297126557234	29.22727694539777	28.903990647806154	2.1886395739016926	28.713472471777486	28.719463010777943	28.725797120977163	29.384392222715807	2.308470938394099	29.17579833792328	29.19434082721328	29.2092338581214	30.960215592222085	2.426606175485898	30.75284246148687	30.768800341723114	30.771377116451767	29.94060960547944	2.190812312022353	29.753767441240992	29.757581368448186	29.760600334525556
6760000	28.95214366848315	2.603630843732308	28.725340426770064	28.732760339580068	28.73890708301079	29.406293011364607	2.2362778592445065	29.212004920918616	29.230046891190305	29.232330058585685	28.90454202012845	2.186443515795621	28.712898801215005	28.71970234821656	28.726338874698527	29.41177238035324	2.306510765422761	29.210753190073994	29.21944659409641	29.227065042914298	28.904050104770487	2.1886342991636796	28.713504538278304	28.719550316021504	28.72580156642053	29.38385796014343	2.3106094747701524	29.173855068629198	29.19205723640468	29.208766889056978	30.958622983269983	2.429561734923665	30.749862560318597	30.76841418022711	30.77052909383397	29.940489480972523	2.1907881650989203	29.75362504868079	29.75736434371666	29.760887587193245
6770000	28.952085963332443	2.6022092437803828	28.725996694042365	28.7326686497184	28.73916313306903	29.404548918128615	2.2367258850833847	29.206351296495406	29.229743374134287	29.23243582177632	28.90457763977074	2.1864397868205154	28.712977467756378	28.71987526447569	28.726338874698527	29.411839613095793	2.3064153658746287	29.211534179543886	29.21964756218005	29.227105463346593	28.90410472895763	2.188879794251503	28.71356030694209	28.719612325571894	28.725797120977163	29.38401464625592	2.3080583912526547	29.174171422847593	29.192948169021765	29.208969428214978	30.95736167460555	2.4274659448359133	30.744653001453116	30.768138937919584	30.770809738295135	29.94031366228768	2.190860892267604	29.753797757231382	29.756993645472342	29.76050133757872
6780000	28.952973491536063	2.605834363575381	28.725961691618828	28.733160099825398	28.73995179162268	29.406863690065997	2.2348351064970666	29.21071823871393	29.230299292269866	29.232573819332725	28.90461600105563	2.1864357098702203	28.712977467756378	28.719913392007303	28.726242424472268	29.412135252128714	2.303493329628179	29.211630321199255	29.220711456460997	29.22780868028157	28.904161806286844	2.1888742046295966	28.71356030694209	28.719717900053297	28.725817745120814	29.386009808247806	2.3049556832661806	29.177424754457054	29.19380200761531	29.21144716389642	30.960776135319897	2.430458437989811	30.74903864141696	30.768713978769174	30.770874320870586	29.94050846041022	2.1909160781239896	29.75369627021582	29.757526871192272	29.760837010129038
6790000	28.951947463267352	2.590767393936464	28.72559242162894	28.733467976621807	28.74027872409107	29.40600471523235	2.2353168266735417	29.211696616778113	29.230159720876745	29.232301084844025	28.90466433442792	2.1866728942758216	28.71309783291971	28.71995884049594	28.726242424472268	29.411585241105385	2.3071953608209834	29.210962190773806	29.21917504010617	29.22724697251805	28.904206975803046	2.188893761802286	28.71356030694209	28.719828034264104	28.72580156642053	29.384348605287045	2.309125425851675	29.174537441182398	29.192877334416483	29.209495828662906	30.959226672572072	2.426086085009894	30.749872847896313	30.768569709130574	30.770662527554226	29.940346695673203	2.190930636448844	29.753531637493044	29.75755889085132	29.760744177239065
6800000	28.951360921591135	2.594850332361753	28.72547284696836	28.73285228660042	28.739640053711724	29.405011867836542	2.2345713565519882	29.20816521663336	29.23018150505798	29.232396531185998	28.904701293189436	2.1866695742145876	28.713293417604994	28.719972182145824	28.72616253477549	29.41168505321261	2.305289726432718	29.21047180085913	29.219823302218025	29.22691850654218	28.904258164740394	2.1888893753920518	28.71356030694209	28.71986395215142	28.725842741222237	29.384755336406425	2.3063191526595785	29.175058471618165	29.194050108687904	29.209701582050588	30.958205203958514	2.4269413635068866	30.74639908488731	30.768600190775924	30.770638799949673	29.940276126031215	2.1909353996411123	29.753276206210813	29.757009585996762	29.760717512992745
6810000	28.951945279617583	2.604365945768502	28.72552759761191	28.732456618407447	28.73980481223637	29.403018993636255	2.2352034761079786	29.20439074399366	29.229650156292166	29.23157153700463	28.904705998447273	2.1866661941796814	28.71337485065087	28.719972182145824	28.72622696695374	29.41081081596665	2.3061053180949496	29.209705722337418	29.218832712877486	29.22584294330866	28.9042853686022	2.1889041382969507	28.713649278255808	28.719800107934013	28.725995561513262	29.382650301583265	2.307374996084146	29.17352600133634	29.19211847701452	29.208731829480758	30.95658413127053	2.431552687007584	30.740757363882416	30.768050511093485	30.770008760222964	29.94033027164834	2.1910028030606963	29.753645732346417	29.757125656536402	29.760348095110025
6820000	28.951366301936954	2.58785477907181	28.72668003136227	28.733393437045137	28.739530159800545	29.40565673552278	2.2354567211720755	29.209150552115187	29.230268558103738	29.23243978659768	28.904754129373032	2.186924195165986	28.713395183048146	28.71998418543075	28.72616597371756	29.411855324776774	2.3085495628782464	29.210487322055073	29.21993006202698	29.22759542908835	28.904331561937738	2.188940215648361	28.713649278255808	28.7198933064418	28.726018595637345	29.385641102968915	2.309503409526841	29.175456550890157	29.194516295442476	29.211385223027122	30.95903243037861	2.4275077228070185	30.747065889623283	30.768696664818684	30.770797367032582	29.940551722254757	2.191010712563382	29.75405130759238	29.757352181421084	29.760694776312413
6830000	28.952569360388697	2.5971259676910936	28.725989187827615	28.73307893500187	28.740049467337084	29.40512042913007	2.2363878684417813	29.209442025143368	29.230242366278762	29.232682481200086	28.90498171793565	2.1869142968400914	28.713405757934837	28.719999548930808	28.726303616276088	29.411922689558846	2.3064897767580463	29.21098486150791	29.22021538633994	29.227191234599843	28.90440594062621	2.1889334630966517	28.713864095599074	28.7198933064418	28.726074602102596	29.385238111924597	2.309423087407718	29.17628485171804	29.194509121917047	29.210288481516972	30.957164549302522	2.426745284143243	30.74699373258881	30.76863595083659	30.77101700733928	29.940630769852742	2.1910047259998953	29.75381023555782	29.757461495128794	29.76072692308295
6840000	28.952278525319787	2.6030384458715714	28.725626465790953	28.732717732968037	28.739479272288207	29.40772130815609	2.2362356254416915	29.213628439439667	29.230045001325923	29.232330227942448	28.90501722510337	2.1869112503639125	28.713405757934837	28.719999548930808	28.72633228649214	29.41146493574216	2.308493786360659	29.21039843422593	29.219761610973364	29.227009824270155	28.904436710629234	2.1889308079311585	28.71392625435761	28.7199889243725	28.726074602102596	29.38477071522094	2.3105461844556285	29.17477906584176	29.192432600418094	29.21019149223539	30.961436294866406	2.432932708596061	30.751585588281856	30.76848947794672	30.770741405595324	29.940658018326744	2.1909882991500673	29.753821426111287	29.7575137795222	29.76061753742524
6850000	28.95172276400962	2.596908844583534	28.725235489021003	28.732512553726423	28.73854148709004	29.405734307236767	2.236105431502525	29.211411407241403	29.230441927240577	29.232703100270395	28.90503646959107	2.1869076986447182	28.713443082944792	28.720017110404857	28.72638541230843	29.41145000668019	2.3053960252809604	29.21165077716776	29.219536976634892	29.226611059581998	28.904464283863458	2.1889284500319564	28.713945769165264	28.720063011334204	28.726193375405384	29.383950446998526	2.3081723635374876	29.175554662050203	29.19381462170894	29.209760663289302	30.959526971231796	2.428547428964136	30.749749224284756	30.768904325953372	30.77111819508816	29.940559474983242	2.1909975232436225	29.754036874133217	29.757312377168923	29.76040493659237
6860000	28.95047600437363	2.5825955543304944	28.725968916680216	28.732907943846705	28.739617439444988	29.405490533312033	2.236606971348918	29.21088177757598	29.23014772280849	29.232714865879522	28.905142668706702	2.187352778935303	28.71350208513808	28.72012824480811	28.72650135291521	29.411904639396806	2.3077675433328944	29.21074382836658	29.219922896269797	29.22692881668849	28.904512970921033	2.189010227777138	28.71407491109613	28.72007591219909	28.726299469597976	29.38493686298825	2.309725321807709	29.175947991128048	29.193769752831756	29.209457299141018	30.958329379695464	2.424058253081866	30.74879162199206	30.768608127756345	30.77108645571857	29.940627415951038	2.1909927144590853	29.754120852546713	29.757409477655365	29.760609393816395
6870000	28.952599946549803	2.6002835672883644	28.725762866090392	28.73267794306412	28.739366573143023	29.40527405853965	2.235932426356118	29.209664164932384	29.229865596067498	29.23221184939321	28.905184424049907	2.1873492102320564	28.713558108212823	28.720147200054008	28.726477779464	29.411215534897536	2.305662054355343	29.210921040385248	29.219523906442717	29.2268135890857	28.904528903958123	2.1890088467646667	28.71407491109613	28.72007591219909	28.7262259352742	29.38500434791837	2.3076845815309386	29.177375373537505	29.194741706244653	29.210406208667457	30.957967204432855	2.428290842888951	30.747267860822664	30.768240576865427	30.77064176364918	29.940686782208495	2.1909644563743766	29.754010097550548	29.757231369040788	29.76074858711092
6880000	28.95271193343561	2.601916605750239	28.725661627245625	28.73245347312104	28.73986353003567	29.405215655950474	2.236614642655655	29.20866593448973	29.229988833410406	29.231998918105166	28.90521909837552	2.187344893557843	28.71364476221595	28.72016782257258	28.72650135291521	29.41153954488287	2.3078231115865555	29.21174509959391	29.21944924370125	29.22650620352375	28.9045695851112	2.189004678831108	28.71412732986277	28.72009671958062	28.7262259352742	29.38422679320156	2.310521910622815	29.176506873244897	29.192855232117378	29.208172713204643	30.958463514647697	2.4297460080305093	30.746970153187746	30.768427398135863	30.77040400060307	29.94051484116905	2.1909927758323624	29.753735837115723	29.757275208149952	29.760764306691286
6890000	28.952413592032816	2.6002632289432217	28.726024723705425	28.733016331085903	28.740074463090938	29.404893128474757	2.2366778121219006	29.210271394473665	29.229826941908136	29.231878114943846	28.90526317565839	2.1873405096424223	28.71370917945306	28.720180767363082	28.726516874482158	29.411681444660623	2.307114646956187	29.211420180976006	29.21970616222545	29.227376288483097	28.904604136034546	2.1890014240001436	28.714170178743082	28.720136924752175	28.726290602500058	29.3846580521254	2.310747909002786	29.17646600468283	29.193717683876876	29.208692322811135	30.958095745219907	2.429099102711131	30.74870431535976	30.76829095723152	30.77033346763948	29.940836400829703	2.1909941008431666	29.754031100808266	29.757602448550756	29.76087621060654
6900000	28.952749656329207	2.6014889495346574	28.726222754426317	28.733383238181084	28.739981549612406	29.406612198159774	2.235097594039244	29.2124359710927	29.230295493234635	29.23256259526001	28.905304343302216	2.1873366045283857	28.71372543490804	28.720230827919952	28.726549546651274	29.411575462722194	2.3046942180593395	29.212065969049426	29.219862486031346	29.226528109582596	28.904638943186622	2.188997217380985	28.714239607133784	28.72023548979382	28.726299469597976	29.385107672878377	2.3068678209678057	29.176666365852054	29.19583002457655	29.209892055991606	30.959415920985045	2.427017053770948	30.75088749880389	30.768730022114287	30.77101941975713	29.94096798342264	2.190932204191826	29.754286138816262	29.757536206509904	29.76075152118301
6910000	28.952507463087336	2.5956579628135605	28.726269402357275	28.733168027793184	28.739964301036544	29.406789776815167	2.2339656203435614	29.211028571146553	29.230290945042334	29.232480411171032	28.905354737502964	2.1873318960997308	28.71372543490804	28.720300242033062	28.726590796297494	29.41162485297226	2.3027561133072996	29.21132214339679	29.219613998902844	29.226924095586703	28.904678725715563	2.188993733345747	28.714284454073297	28.72027071710911	28.72634699039025	29.38516791116705	2.3055053813130018	29.176073689720404	29.19516912351476	29.209827632448746	30.959892380964288	2.4223881192745615	30.74930630180596	30.768728528238398	30.7708890610776	29.9408215808442	2.1909450572078577	29.753938221325967	29.757477494901188	29.760885236705963
6920000	28.95264003658855	2.604884257625274	28.725597876926543	28.73324857709933	28.74047003687788	29.404439129552415	2.2336732374619483	29.2075884407784	29.22984326895265	29.23258290906064	28.90541222071767	2.187282155747628	28.713774185367264	28.72037176888292	28.726657384837818	29.412238742716404	2.3068327879690247	29.211424073148457	29.2201228680103	29.227434519508066	28.904714710534744	2.188990515937102	28.71430946758291	28.720285137371782	28.726383542251	29.384670172141213	2.309626968297359	29.175833297570307	29.19322392783265	29.20933462559072	30.957503372731075	2.43155652171942	30.745422669138847	30.768173860876566	30.770913503943675	29.94089345820591	2.1909396112985067	29.753767339408984	29.757581002020302	29.760925686269918
6930000	28.951114058196577	2.5898500847219026	28.72517007996992	28.732824243052747	28.739555536032807	29.406377617700997	2.2356145515196695	29.21106326265203	29.230167782554332	29.232575605679074	28.90546928782105	2.18735661237558	28.713776644603623	28.720455263298437	28.726686620308612	29.411700534444016	2.306305849628998	29.21061809146981	29.219798673677538	29.226968402671794	28.904777554066452	2.18898503234592	28.71432331834365	28.720298675345184	28.726383542251	29.383767745246203	2.3079444884355436	29.17490448284735	29.192561457735025	29.209522180327077	30.958787595926506	2.421401627302985	30.748957295808424	30.768580265471375	30.771010582261138	29.940854670290445	2.190960965064316	29.753944193645516	29.75742790166688	29.760787663969303
6940000	28.950947702468977	2.5887489695969417	28.72526884143039	28.732416492831064	28.73978934055947	29.407232548681236	2.2342508880617253	29.21222604557119	29.23041937988856	29.233036164680087	28.905468413593226	2.1873553957858416	28.71378795789996	28.720455263298437	28.726686620308612	29.412261736522712	2.3033325130411755	29.211682570269843	29.220351859921898	29.227714086001633	28.904789427336695	2.188981270571694	28.71432331834365	28.720279552224774	28.726550217687038	29.38506871020517	2.304267518567931	29.17656794846859	29.194728972419647	29.21044158742022	30.959962787821528	2.420860989927754	30.749506672463212	30.76885855212447	30.771429795337795	29.940924516576477	2.1909551984586604	29.754258726839755	29.757817551114275	29.76079519868927
6950000	28.951591449818476	2.59183668238095	28.725310166872028	28.732877877103604	28.73973827176875	29.405665416734326	2.2352075081004608	29.212066268591226	29.23015303266665	29.232698662478292	28.90549801548734	2.187432320780079	28.713972094692316	28.72050582550816	28.726672160598287	29.411504123650662	2.3060108219520146	29.210544929428632	29.21947016473816	29.2271429852236	28.9048362233047	2.1889770981393895	28.714326534036736	28.720298675345184	28.726560245022572	29.38494651430023	2.3080852816617146	29.17609638260185	29.193613262322874	29.209451366294715	30.95759932083269	2.4229347644775374	30.749616421758724	30.768559334158443	30.771024900379828	29.9410202197786	2.1907812081711326	29.754241866582102	29.757827472568202	29.761002284400274
6960000	28.951561220333023	2.5945038990290077	28.72527813219144	28.732585745830967	28.739291393593227	29.405091449381395	2.235741960354916	29.20850580224895	29.230108973113648	29.23224046597433	28.905550321810455	2.187427376434342	28.713972094692316	28.72050582550816	28.726722361833023	29.411499231526385	2.3055178094819118	29.210692785340107	29.21977852471416	29.227656029286067	28.90486241583161	2.188974785470889	28.71432331834365	28.72031250196403	28.726560245022572	29.383806423149906	2.308260347368529	29.17466653502741	29.192673214460722	29.210267482563793	30.957885351674463	2.4266968185825073	30.746346819446014	30.76855847809582	30.770644507988518	29.94075520787894	2.1908037526095523	29.753855105122017	29.757369026483275	29.76078037343641
6970000	28.952047259014925	2.6016632706988365	28.725801913977087	28.73249636301363	28.739875465580617	29.406821728161617	2.2356112659021945	29.212955778172244	29.230152321364226	29.233430737806266	28.905606288709812	2.1874221179154527	28.714069561422438	28.72050582550816	28.7267044385292	29.41160821377415	2.3051084226018363	29.211820778205674	29.219730354432613	29.22679214843837	28.904908409656425	2.1889706700177336	28.714410860786526	28.72033626304099	28.726584315977853	29.384744437289694	2.3072318612915295	29.176925697416006	29.193941872137515	29.209780467224117	30.96010188047905	2.425861270415863	30.75125969706709	30.76861548117357	30.771801845030573	29.940858911172345	2.190793350696847	29.753771924371193	29.757542538697315	29.760801427745918
6980000	28.95161367848981	2.599042570169951	28.725649387164946	28.73269525066715	28.740162629415355	29.406560206721608	2.2354293805174694	29.210824604647584	29.230256897591403	29.232912505583364	28.905662566084565	2.187417181735217	28.71422567992552	28.72049847915752	28.726727435100265	29.412230186913682	2.3036279279055765	29.211995948450184	29.220241062736193	29.226968196987844	28.90497732942841	2.1889648388308087	28.714539360675644	28.72034781885646	28.7265901445442	29.385215172639494	2.3057247253033073	29.176469115584368	29.193626810768627	29.209242330435245	30.959530964695134	2.425422545827727	30.748511419141114	30.768701994848193	30.771305729692756	29.9407192569687	2.190807662951936	29.753920523842464	29.757490067686383	29.760940824402738
6990000	28.951477905448208	2.5994505323821127	28.725712346203725	28.732341366346624	28.73929861861177	29.40675775202974	2.2353792596964976	29.21093787125254	29.230075741151374	29.233108178230076	28.905712958969072	2.187547055032265	28.714391085094373	28.72051412101333	28.7267648434283	29.41156471934656	2.3048610753025396	29.210367459383242	29.21983242214023	29.22725319573029	28.905045869807367	2.189047206482218	28.714620964819044	28.72041106269429	28.72665224832552	29.38390064974138	2.307660561419443	29.174861362402364	29.19376187536062	29.20926685483326	30.960046211935264	2.4274994355659767	30.748563778160435	30.76848446556874	30.771463147913796	29.940817568640515	2.190778085883479	29.753951761629132	29.75744824358892	29.761065756072625
7000000	28.952016776828206	2.602755004647406	28.725739885049062	28.73294378452249	28.7398775049128	29.404893250791286	2.2360479940152422	29.211889642814874	29.229214918879446	29.23188860273834	28.905751810604926	2.1875434123365802	28.714621380778382	28.720556912131084	28.726816315798274	29.411602058918426	2.3056068765560287	29.21113947146713	29.21995685910692	29.22659654071115	28.90507612727277	2.1890445255088076	28.714707980043862	28.720465565542657	28.72665224832552	29.38414991905629	2.3069960762851487	29.17490284477192	29.1933483421941	29.209343882112734	30.958658397925884	2.4286786000235776	30.750400803714538	30.767664978139976	30.770325571336386	29.94080416411281	2.1907823888736524	29.75407970707994	29.757452150052153	29.76057839781845
7010000	28.95071198607997	2.5931451976054536	28.725503009144177	28.73240761625623	28.739018392789625	29.407452755468192	2.2358485949172735	29.21468588559298	29.23048521641862	29.233266838835526	28.90574411248725	2.187542454872213	28.71476258820718	28.720563805718406	28.7268986634421	29.412229089857906	2.3050485356569856	29.212159761874474	29.22014694340046	29.227100240763598	28.905124878467802	2.189040410397533	28.714766973769784	28.720610940142592	28.726862628766575	29.38597270868874	2.3073594396048365	29.178099614723116	29.194972760611645	29.21102582368048	30.960075298009233	2.4206267119998435	30.75301034529764	30.768881247026783	30.771625238929296	29.94050930727277	2.190809381996428	29.753795597776794	29.757408482456754	29.760484799045443
7020000	28.9510149178703	2.5929610888446963	28.725877135687462	28.73307011939029	28.739196586636982	29.405660234640596	2.2356771960156685	29.210448638228254	29.22975966667188	29.232347150713093	28.90577877790878	2.1875391268418736	28.714815548140724	28.720563805718406	28.726942728969302	29.41113876550553	2.30499614759832	29.21085187915379	29.219107967567652	29.226637412936558	28.905156124320367	2.1890375402999815	28.714835777358832	28.720546795544983	28.726911935170648	29.3841794771523	2.3074352556638087	29.174819204280404	29.192483880570183	29.21002105623201	30.958741633706026	2.4294162927644214	30.748457416343292	30.768163980235457	30.770784100949005	29.940662506709035	2.1907402414622705	29.75413423780548	29.7575000646046	29.760608276578264
7030000	28.951479956301696	2.5960051971098386	28.72569676598135	28.732568614370656	28.739447413283727	29.405138674641616	2.2349127151144743	29.209839697585252	29.230210967047437	29.232641144158052	28.90581974688733	2.1875281506297752	28.714930738892228	28.720563805718406	28.72695184219564	29.41139486667143	2.3054818874313985	29.210141527928965	29.219529069914948	29.226956284534992	28.905182608505843	2.1890353056347616	28.714939228740175	28.720610940142592	28.726933463809743	29.38469823445338	2.3088783944654145	29.17445417726592	29.19368644221816	29.20938901576454	30.958066902602457	2.4295471745210597	30.747927601654794	30.76864116216459	30.771050386884404	29.9404426999102	2.190759873583237	29.753923621306377	29.757357943432485	29.76048638223105
7040000	28.95102524888129	2.5989372924593024	28.724822129564807	28.73239742940962	28.738984129839686	29.407786175542757	2.235781608107786	29.21443060809647	29.230538502414	29.23379411384166	28.905841109562957	2.187525828614991	28.714930738892228	28.720563805718406	28.727039610578224	29.412003550048905	2.3056841397204235	29.21177468910452	29.220259129310442	29.227243952848042	28.905235294417157	2.189030618875564	28.71505224581709	28.720870358729904	28.72699654582674	29.385614587905067	2.308915146414333	29.176160624922623	29.194398493116775	29.21058521870954	30.960839926970294	2.4261741802521546	30.752021797803692	30.768995803570046	30.772065632954174	29.940193239457678	2.190791478107988	29.753543438056035	29.757035350457148	29.760373150655532
7050000	28.951401439993237	2.5976943980315697	28.72542599313317	28.732513429892716	28.73979977065532	29.40435322261626	2.236675097284589	29.207696074925842	29.229935060608256	29.231846308008326	28.905880920914402	2.187521735369775	28.71490481553741	28.72073994904457	28.72709330699565	29.41165308831889	2.3058266951739155	29.210870780139878	29.219620363290147	29.227022239251493	28.90526176036579	2.1890280857080118	28.714981388193223	28.720870358729904	28.7269562478729	29.384449091279944	2.307658679992747	29.174821746801925	29.19370869708063	29.209899020334724	30.956964011753453	2.425515578100652	30.745763402466952	30.768366828229773	30.770230393392268	29.940281352088952	2.190782094544208	29.75369181020127	29.757234835791298	29.760513159266523
7060000	28.9516603853137	2.600809591708107	28.725209379828694	28.732229386547417	28.739949931178586	29.406008083042973	2.2359083489289366	29.210189065264608	29.23049675927211	29.233065447480826	28.90588726314558	2.187521016211257	28.71483734042241	28.720750976739517	28.727114229776767	29.411684090533775	2.3045899303450974	29.211086816039355	29.219798023242802	29.22723345353674	28.905274217268204	2.189026921813132	28.714981388193223	28.720870358729904	28.72699654582674	29.38573952842754	2.3068417428952706	29.17643213561628	29.1966967471734	29.211181337035374	30.958880900260798	2.4231811029745223	30.74824150349916	30.768941439667135	30.77134186789157	29.940202807336874	2.191008046334582	29.753521971122144	29.75694148953976	29.76062083863736
7070000	28.950727987331483	2.582511689668088	28.725551361435592	28.732730169631083	28.73964766849442	29.406213777960044	2.2349690362277856	29.2133220722017	29.22995965556178	29.232466595564112	28.905898746324464	2.1875192423430203	28.71483734042241	28.72079734238251	28.727114229776767	29.411317403943073	2.3030747007498786	29.211242140470837	29.219767079560384	29.226951725166614	28.905270916683076	2.1890271788373044	28.715070011522133	28.720912034256777	28.72699654582674	29.38452542097847	2.3048765814951957	29.174570583945155	29.19361941448804	29.211270171968213	30.95848165368217	2.419657979454647	30.75144650067721	30.76840885337394	30.770898682919125	29.940413060033986	2.1909905905273512	29.75348232180317	29.757153236781484	29.760515920118486
7080000	28.9524765204349	2.59704950569687	28.72595937932657	28.732978182820066	28.739539938535017	29.407003413684038	2.2336600217799347	29.21475659144459	29.230397539384008	29.233409589474384	28.905914252828598	2.1875162512790087	28.714859887643648	28.72082004502937	28.727039045468363	29.411369374768153	2.3027823087022186	29.211271694797325	29.21941297341449	29.226831130196224	28.905294752832027	2.1890250604263675	28.715129391440612	28.720941729259188	28.72699654582674	29.38415070728479	2.304634564315521	29.175286544444344	29.19449617046662	29.20970096525699	30.9602843209182	2.427076872572649	30.752922840312596	30.76885908820838	30.77181869803033	29.94054872043018	2.190977233399666	29.753637623516497	29.75716995009048	29.76064279549238
7090000	28.95288046934035	2.598450448697049	28.725722742835384	28.732908684530315	28.740338446080816	29.406290789801897	2.234360590755938	29.21091703110497	29.229973125321074	29.232511532875854	28.90595588146524	2.1877275337286908	28.715071465593347	28.72077126518176	28.72708221705326	29.411524657966954	2.3039349749846125	29.210716902742572	29.219644965954895	29.227246519677465	28.905327821417455	2.1890221254833593	28.715174884975397	28.720932580347004	28.72699654582674	29.384591455514137	2.3070991869185726	29.174453553744435	29.193851658166288	29.210655194506202	30.959199981269002	2.426929631327971	30.74905652522969	30.768433658105337	30.770968492153674	29.940581595651786	2.1910203659152168	29.753609762348564	29.757297923317537	29.76061377469927
7100000	28.952327401918932	2.6051496184554517	28.725661582153972	28.73280735394515	28.739637981402648	29.405338256386038	2.235812072371864	29.208406429249504	29.23005493718716	29.23316766876417	28.905981293077886	2.1877253380213575	28.714970564332184	28.720750976739517	28.727114229776767	29.41140345237169	2.3060304962390052	29.210796759187353	29.21972987773176	29.226504990383376	28.90536033306841	2.1890193337709887	28.715192415144834	28.720941729259188	28.727052700653225	29.384224538725483	2.307978740840519	29.174049074969197	29.192347759987165	29.20965386299777	30.958450902074553	2.4298544999173988	30.746651850711057	30.768502740780548	30.77157214049987	29.940414998644535	2.1910330620916603	29.753668991818486	29.75712528363782	29.760259107995658
7110000	28.951967822083848	2.5997210413533867	28.725757080845398	28.732689059647306	28.7401065909138	29.406542617325023	2.236437742703651	29.212269347000067	29.23029355083614	29.232504947122813	28.905992129959643	2.187723047369809	28.714970564332184	28.720728464442075	28.727114229776767	29.411805198928572	2.3076165321181863	29.2106461836527	29.21954296639148	29.2267249978538	28.905400636796447	2.1891378480883943	28.715192415144834	28.72098943508115	28.72711540361619	29.3850545578357	2.309980888918356	29.17584904726227	29.193038366471885	29.210214271868132	30.96024736705582	2.4310131080033894	30.750529842799846	30.768687498496632	30.7708995864449	29.940392846388907	2.1910863840855557	29.753500909664325	29.756988314785687	29.760341337792383
7120000	28.952593835535524	2.6055656027018634	28.72574522191312	28.73280421629473	28.73970571248918	29.406284064801834	2.2371460556709017	29.214506273788075	29.230524506102466	29.233224802886276	28.906017139129702	2.1879686894504182	28.714970564332184	28.720728464442075	28.72708221705326	29.412199036571867	2.3083331945791357	29.211463603647502	29.219960250277232	29.227045599141483	28.90543305841067	2.1891350054329384	28.715182531067732	28.721020396684537	28.72709706764182	29.384581042135967	2.3099605294592283	29.175968314245903	29.193798799934257	29.209896605417253	30.95951047113443	2.4298303468878633	30.752687753143178	30.768973521493052	30.77154687457975	29.940751794133995	2.191055544659981	29.75366999105518	29.757093370441844	29.760412505270658
7130000	28.951592450036223	2.5980773812234044	28.726130758794433	28.73227582359239	28.73947775738629	29.40652745363919	2.2377426895801213	29.213096916522538	29.230212702171073	29.2323485681081	28.906051042808276	2.187965754390832	28.714918083107783	28.72082004502937	28.72699213533424	29.412136186813708	2.3090868035812475	29.211464803019037	29.220505622388927	29.22754811249795	28.905486410903656	2.189129446847702	28.71537476764241	28.721020396684537	28.727128875877323	29.38511392046257	2.3110846848882987	29.175483582861087	29.194429508060793	29.20990053955224	30.95965860410226	2.4276457215300242	30.750988635711458	30.76863655958662	30.77080872778067	29.940771210766936	2.191159700751367	29.753974718525207	29.757479014472736	29.760682001454
7140000	28.95324992498175	2.604249301686075	28.725971252256638	28.7329320163137	28.73983592837297	29.407646444186934	2.237922752216065	29.213178165486347	29.230416859288162	29.233155723170068	28.906053947311978	2.1879650503291495	28.714918083107783	28.720909839599578	28.726954397847514	29.412723816249933	2.3099343402920116	29.21130488755756	29.220400115105758	29.227626775192256	28.905517679239367	2.18912596675654	28.71541153617987	28.721090847711608	28.72709706764182	29.386247641326115	2.3114660726990937	29.176433379537247	29.19420351816995	29.211463647450323	30.960166993806578	2.431717404052237	30.750983698463074	30.768832492586075	30.771476742515464	29.94102162884612	2.1911391582104787	29.754173427302213	29.757530958652545	29.760975776851517
7150000	28.95323980153768	2.607706647634179	28.726186586672988	28.732858743386053	28.740226478625246	29.406432356622815	2.236413282921931	29.211690271884393	29.230342101843497	29.23317220409968	28.906097787488253	2.1879609387754675	28.714918083107783	28.72095238084166	28.727039045468363	29.411515398936462	2.304462333373674	29.21062185493657	29.21997989515441	29.227272249474044	28.905544632735744	2.1890189006017544	28.715490288658053	28.721203544779705	28.72710169155245	29.384197939157787	2.304930787599568	29.17451288450188	29.193812244508063	29.210426492298303	30.9598641989034	2.429738808012987	30.74990907966621	30.768764882659628	30.771361111534546	29.9408710145858	2.1912206898817295	29.7541779973738	29.75764798153741	29.76069818607928
7160000	28.95232894498004	2.6012283465266797	28.72511983563493	28.73286283832755	28.740023694835127	29.40586417128834	2.235605881143356	29.21169086232787	29.23039891643815	29.23330768704609	28.906152284070796	2.1881032072239046	28.714918083107783	28.72112178208873	28.727039045468363	29.411793316749733	2.305871157211132	29.21133461598647	29.219438839299183	29.227160373017792	28.905595847930055	2.1891034280896084	28.715447222558126	28.72135710076223	28.72710169155245	29.383928314146893	2.3086489564829	29.174373236831276	29.192810436809516	29.210169202088643	30.959169421233916	2.426646494324463	30.750149133721433	30.768832469622673	30.77157008735878	29.94042915051276	2.191181695211031	29.754003410277285	29.75735182278115	29.760762045599098
7170000	28.952277135216715	2.6046387051033904	28.726343418969225	28.732753609277196	28.73949238668892	29.4056827497619	2.2349713208604474	29.211442458047454	29.230251437071868	29.232608308495553	28.906187724938093	2.1881001683322503	28.714970564332184	28.72115787697739	28.727190521390693	29.41202828316993	2.3058177278768857	29.212144149813053	29.22022561210814	29.22733663669335	28.90563941089061	2.1890995007719654	28.715544668364764	28.721425632762585	28.727112836917915	29.384863063168982	2.308291840004032	29.175243300372475	29.19389787124729	29.21007235348712	30.959435301775606	2.4316313447996674	30.749433941542083	30.768714336517007	30.771065013186252	29.940381198282406	2.191181744438149	29.75411632513758	29.757587783189607	29.760678769997085
7180000	28.95155107205429	2.5946905692482547	28.726022183417328	28.732706934798102	28.73953459174379	29.405619489432876	2.235413462865115	29.210534285323142	29.23000774297877	29.232977356847694	28.906231816217147	2.188096399502662	28.714918083107783	28.721276583939275	28.727206299923537	29.411149106989246	2.3036596748707443	29.21022196955159	29.219543553921675	29.2266226065297	28.905670335991744	2.1890964933285293	28.71557547985882	28.721456647579192	28.72711540361619	29.38405078509518	2.3049325920964967	29.176114301331598	29.194205170948734	29.208836512868473	30.958147951869016	2.4226342961866036	30.748630444552145	30.768456161888412	30.771393572269808	29.940522900633322	2.1911692765302333	29.753912220128612	29.7575171267559	29.76101884320847
7190000	28.951858156582766	2.603315633696112	28.72495365249116	28.73279931785896	28.739889229101884	29.405222594211605	2.23506227273537	29.21180954005933	29.229605120746783	29.231935906877577	28.90626241662343	2.188093499502387	28.715070625341674	28.7212486925758	28.727228956078502	29.410818719016255	2.3036742564859622	29.209787595607043	29.21937673427761	29.226802097563347	28.905695294199525	2.1890943531103657	28.715601842450436	28.721511016186774	28.72711638268705	29.38339956248885	2.3066562284941514	29.174253308400644	29.192491869210983	29.209926745924914	30.958532715555947	2.42542809941804	30.749926841822795	30.768014440196836	30.770323941807625	29.94031318801662	2.191185772814079	29.753634559150672	29.75733185766795	29.76058382797016
7200000	28.95209165754765	2.603454357764208	28.725908076340875	28.733230826759325	28.739856734835886	29.40571582785407	2.234815947737194	29.211918738363824	29.22995074717145	29.23253945619016	28.906292223720303	2.1880908824005756	28.71510144429727	28.721295462638444	28.727228956078502	29.41131480194363	2.30184344405353	29.211336607441996	29.22008785937083	29.226413374622904	28.905710057645784	2.189092737364815	28.715670351004153	28.721484089240334	28.72712343391235	29.384541574667917	2.304012062159316	29.177122347573015	29.192647717806356	29.20870730023038	30.95869464150508	2.4267109667199396	30.750056217496624	30.768371664129493	30.770877761678904	29.940270716006555	2.1911916783592704	29.75354373577483	29.757262653099307	29.76084991388521
7210000	28.951709234459035	2.5904636528990412	28.726049898935308	28.73294470332666	28.73969011034075	29.407052863331444	2.2349378117425487	29.214037671206654	29.230320829972136	29.232809147312288	28.906517406108268	2.188081126429896	28.715321208353433	28.721330329041503	28.727234400308255	29.41273728578712	2.307065426081897	29.212641617578097	29.220362795634074	29.227606388749223	28.90574742257107	2.189089571019881	28.715697099658794	28.721511016186774	28.727250581619714	29.386090981809506	2.308759233497833	29.177554777146398	29.194455139251332	29.210136313834386	30.960672610280774	2.427386846071371	30.75231816958232	30.768728874362495	30.77106808365739	29.940520727704847	2.1911685853764915	29.75352131942193	29.757432250315592	29.760756480808336
7220000	28.952721951527536	2.6064106274872265	28.72650629389438	28.732459185420836	28.739283206015763	29.405673056834548	2.2359427529683042	29.211036870897537	29.23040210659577	29.232593825479	28.906561773609916	2.1881731942114846	28.715270878060906	28.721330329041503	28.727251395710347	29.41180133106167	2.30579239786914	29.21108346546322	29.220067835022697	29.227878346770854	28.905787572909244	2.189086151507517	28.715697099658794	28.721563231677095	28.727250581619714	29.385079591537952	2.3087103807296305	29.174622513197036	29.194556993205104	29.210591624873608	30.958564208094426	2.4310965189471574	30.74866601241732	30.768842169364092	30.7709189802216	29.940848485879112	2.191161130052978	29.75401228957506	29.757599480149608	29.76114086838831
7230000	28.952872747988838	2.603604554972263	28.72599674614721	28.733206722224164	28.739957655714782	29.404812368666153	2.2360711448602792	29.208192493653378	29.230190785265222	29.232733497156953	28.90655915843302	2.188172724389103	28.715349343410363	28.721313081542846	28.72729660395433	29.411996674291892	2.306037443815911	29.210690168845105	29.220098602080277	29.2276461072667	28.90577887656348	2.1887520321432126	28.715697099658794	28.721571039188284	28.727272951322803	29.385152606972746	2.3084123470982822	29.174024818858754	29.194719830890257	29.211604912062988	30.957485633328147	2.4271210349045687	30.746507932874433	30.768628188314374	30.771140811681242	29.94085679980416	2.191130894571115	29.75416377800582	29.75755419288797	29.760589752114015
7240000	28.952398901988605	2.602743668112543	28.726087595253194	28.733017398710587	28.740097971456944	29.40611913736197	2.236310610869758	29.21341686341099	29.23048695228726	29.233643304201827	28.90662930808735	2.1881665324654693	28.71536967861872	28.721439541065514	28.727445135698893	29.41206347437343	2.307075138705282	29.211273093140083	29.219909461275122	29.227357860275333	28.905813307558386	2.1887490671911487	28.715700514376202	28.721609675567194	28.727329629656605	29.384421188557656	2.3080544321523444	29.17556778412347	29.19368494067962	29.210692373022148	30.959757609747843	2.4288440136760796	30.751822292748244	30.76893211592082	30.772091150644748	29.940923188769492	2.1911773238512144	29.754237630660402	29.75756722640847	29.76081730733754
7250000	28.95241220730527	2.5979409127159814	28.72589671679887	28.732835904298142	28.740173469113994	29.405183768805497	2.237798431250113	29.208403501899085	29.22965819070575	29.232577088795786	28.906614255665026	2.188258137748706	28.715357074021497	28.72151872734947	28.72735840606771	29.411339479789262	2.3088927773260006	29.20995781682249	29.21840020715532	29.226640396273847	28.905846115591896	2.1887460573906092	28.715700514376202	28.721631832072045	28.727347191668187	29.383549444032614	2.3118069877283403	29.17411787679064	29.192639762814906	29.208733391249986	30.959014503439274	2.4314244953633963	30.746462394685917	30.768061506957856	30.770978335510204	29.940588881784258	2.191207873740345	29.753830863776514	29.757393294724693	29.76081295429953
7260000	28.952310907293384	2.5981575832051864	28.725054799716297	28.7326313507984	28.73978463937394	29.40618172193605	2.2370013791673555	29.211403352191482	29.230429042201933	29.232986915561966	28.906648368921484	2.188254771029741	28.71536967861872	28.72151872734947	28.72735840606771	29.41119127796674	2.3032929314075297	29.21081607270573	29.219508630520345	29.226884603370152	28.90592172251058	2.1887394124264947	28.71572251570026	28.72169414939482	28.727347191668187	29.383970073680015	2.3053138934803763	29.175355294286554	29.194416741142142	29.21021091963408	30.958939701985596	2.423897673655013	30.749610489312087	30.768872904361178	30.77130460437448	29.940619805775402	2.1912041545128194	29.753647167454282	29.75718609496907	29.760684715452935
7270000	28.95251957305484	2.5996204446588496	28.725810295006006	28.732699216397453	28.739446351172717	29.40687149623325	2.2370758675588145	29.214135697135585	29.23012232028854	29.232886172959958	28.906626803806063	2.1882562399189602	28.715321208353433	28.721533706143383	28.727383193005057	29.411324204967336	2.305692419014829	29.21054045958172	29.219934709133206	29.227430020411866	28.905950962938288	2.1887368446323747	28.715745358722536	28.72176215321287	28.727353124237176	29.385051905541467	2.3065580842456015	29.1763432996852	29.19447492670454	29.209668160057287	30.959668485880652	2.4252338335613257	30.75200932292862	30.76856552791584	30.77115139038561	29.940319392411322	2.1912305095005054	29.753723172119596	29.756991067278964	29.76042946719531
7280000	28.95241028330247	2.5983051422036327	28.726130697285694	28.732738337139672	28.73980105011003	29.406187851513764	2.235904548518584	29.210677872428636	29.23035750546043	29.23319475351196	28.90667100639728	2.188252290441414	28.715357074021497	28.72163038481417	28.72754127495222	29.41176580032346	2.3048241101222584	29.211062119998253	29.219843845190496	29.227002826533305	28.9059765380495	2.1890157733457962	28.71574107339288	28.721732866156476	28.727379616189022	29.384687695327145	2.3076734808732353	29.17497127864839	29.193030317102135	29.209646251310634	30.95906807263082	2.4248522375019723	30.748881670808192	30.768696602299084	30.771357730068537	29.940226020291714	2.191240856540726	29.75372779255658	29.757183764438338	29.76045096794435
7290000	28.952152763883067	2.602368074351092	28.725532451417237	28.732209063455315	28.73993931647908	29.40534362746825	2.2352752987528004	29.21259249116035	29.230118912445327	29.232048855494423	28.90673953927321	2.1882614302400967	28.71536967861872	28.72166504154193	28.727592417969127	29.411399600989725	2.3060096373779144	29.21028006654063	29.218995954555048	29.226714694518307	28.906002837384758	2.1890130572721094	28.71574107339288	28.72179286271466	28.727353124237176	29.383476410871765	2.306468573553565	29.173896528927322	29.192006421334412	29.208863710003314	30.958501548075077	2.425770925529752	30.750997257193823	30.768575898575246	30.770504755000093	29.94055501525239	2.1912106184432494	29.75380756598409	29.757158637617678	29.760678016562217
7300000	28.95187797329663	2.6023258465113006	28.72551169997543	28.7323536265034	28.739060238894048	29.406312995400743	2.235921385342818	29.211139867545228	29.229906248602056	29.23224545544938	28.906776296720285	2.188350465721644	28.715427007231256	28.721668249161652	28.727663999632696	29.41182817480083	2.3066817387801724	29.211358158076415	29.219558012698197	29.22694923366024	28.906501056438795	2.1950248347143804	28.71574107339288	28.721882318608486	28.727345115537965	29.384653340747583	2.308269044576698	29.17646842413278	29.193261468760888	29.209033218298636	30.95979019548096	2.4255326181399433	30.749284733052495	30.768349761397374	30.77053087932007	29.940562082108702	2.191258774471726	29.753288583731205	29.757343534100542	29.760706987603637
7310000	28.951867932436663	2.603635835444549	28.72578878624055	28.732729386371137	28.739308428564666	29.406221325558917	2.236760956191209	29.21065477843087	29.23002487504191	29.231728846528952	28.90681151971443	2.1885078610523845	28.71545268269552	28.721742213813187	28.727663999632696	29.411699273920323	2.306530887058228	29.2114239312151	29.220123884867313	29.22668672790741	28.906549425424352	2.1950205228044872	28.71572251570026	28.721931113615057	28.72734088069741	29.386182482344616	2.307540012244536	29.178442624486387	29.19456515397682	29.21007299667651	30.958703443426344	2.4255176192508823	30.748963990893294	30.76843103847768	30.770137187810064	29.94045038887416	2.191342042478671	29.753498920955863	29.757337090043116	29.76081873188991
7320000	28.951975096183208	2.602263681959817	28.725630338342057	28.732416435024366	28.73966636036874	29.406400269760706	2.235822287365201	29.20973782068836	29.230116472037093	29.233326949478478	28.90681712764043	2.188504478975565	28.715463140868437	28.721768183199842	28.727663999632696	29.411892013457766	2.3057764201337894	29.211313535383955	29.219873668127732	29.227663533385115	28.906573134452238	2.1951092035127595	28.71574156776839	28.721931113615057	28.72737958609231	29.383939843391783	2.3084638883818203	29.174779525444112	29.19196334206672	29.208722000305492	30.958838396612066	2.424550856325339	30.747289722476644	30.768506962041855	30.771676312161247	29.940747584869417	2.191314514717064	29.753800802214037	29.757270146885237	29.761074994263712
7330000	28.9523251244914	2.601083187710612	28.72568269301229	28.732787458007166	28.740093692197426	29.406417510301033	2.2363696342320454	29.21260097985098	29.230175271973522	29.232500845775675	28.906829352440464	2.188503253561753	28.71547923756876	28.72180131878774	28.727663999632696	29.4122972425979	2.3064702369875336	29.211374576563248	29.22070793399643	29.22722082849352	28.90659533140331	2.195220480354338	28.715763774477374	28.721966717022305	28.727353124237176	29.38564880856568	2.309305209423147	29.177357254012083	29.19532621564281	29.209953798165667	30.959919574620777	2.428165492454302	30.750988461726713	30.768618184080232	30.770857502155916	29.94062324581998	2.19130800999425	29.75389507789467	29.757581891081973	29.760967407901028
7340000	28.95272240022306	2.6045580352166464	28.726652034642704	28.733413742174665	28.739882817388526	29.405831171999136	2.2353550415215695	29.21184961514414	29.23028808450171	29.232472665466688	28.906850553569654	2.188499971326491	28.715532442484285	28.721834933799837	28.72768471310638	29.412081333383615	2.305984411805619	29.211780962466683	29.220193772071752	29.227204326552005	28.9066252210678	2.1952178868076713	28.715776038859012	28.7220728070292	28.727353124237176	29.385092588710236	2.3085629133431085	29.177190045056328	29.193999842655085	29.209458127385318	30.95970701409191	2.427760214561038	30.750213309222865	30.768732445146497	30.7708747643164	29.940749505301344	2.1911271345946775	29.75409333675071	29.757542214874803	29.760909431069944
7350000	28.95256808208149	2.602694786455873	28.726855421833594	28.733394745318208	28.739981888643936	29.406900046429687	2.2358651566345085	29.213224821175828	29.230167152322537	29.232673557487885	28.906863695794925	2.1884978123970424	28.71547923756876	28.72188151338807	28.72768471310638	29.411890825493792	2.3074585344964644	29.210850890113914	29.22001455370107	29.227350708879257	28.906660101059245	2.1952142850221814	28.71580401275527	28.72208069563765	28.72737958609231	29.384798715669767	2.3100626331578034	29.176953376261093	29.19439984676412	29.20924185609404	30.959681977808604	2.4260482978537423	30.750964562914145	30.768607623402378	30.771105534817906	29.940576297793484	2.1912705472079943	29.753966534494154	29.757459616733996	29.76072195872853
7360000	28.95223372901056	2.5980856711103804	28.7264169561202	28.733413736978594	28.740327525652216	29.406447604641777	2.2364604765123914	29.21213411744847	29.230238527186494	29.232220907662544	28.906886433675567	2.1884950153212688	28.71547923756876	28.721904849538134	28.727723396342363	29.41233149632041	2.3067069660295525	29.21119651542074	29.22025017640964	29.227792590844366	28.906617577863774	2.1944864475753545	28.71580401275527	28.722191675183048	28.72737958609231	29.386836906218953	2.3091446602554173	29.177635208642197	29.197598702946344	29.211212542730916	30.959224505318648	2.425661905448823	30.75043096906547	30.76865236505469	30.770617838613045	29.94054065801661	2.191274282885905	29.75389502288238	29.757240947958103	29.760691123663243
7370000	28.951601016706206	2.593042735553481	28.726504199577917	28.73312898606019	28.740153707066934	29.40701856818351	2.2350466351155407	29.21354703702133	29.230529537352233	29.233457344047903	28.906907349472235	2.1884987754443337	28.71553829306198	28.72185133281065	28.727694447913876	29.41134464900782	2.3056711666361993	29.21060913049067	29.21934407902067	29.226945830979297	28.906626165117423	2.194371391641256	28.715880833974044	28.722191675183048	28.727401546608185	29.38559859634821	2.3082166499069805	29.177270258844427	29.19373913119386	29.21012769412507	30.959975444487924	2.426506193918397	30.75183252636249	30.768956136584265	30.77171101012517	29.94071518597	2.191259304718459	29.753886677406445	29.75769165219049	29.76070784182687
7380000	28.951869362349132	2.597507814179326	28.726112897770292	28.73308322104428	28.740089743343265	29.405648862176	2.23570794702965	29.20971633879021	29.2303534906995	29.23251350926091	28.906959385325766	2.188494216882866	28.715639772306872	28.7219405386982	28.727723396342363	29.412799490956864	2.3075124095056547	29.21252577854213	29.220492773105263	29.227857417158294	28.90667411954341	2.194422449206056	28.715880833974044	28.722228174254454	28.727401546608185	29.385865875676604	2.309219514717327	29.1758699110464	29.195492186486028	29.210752749808023	30.95839570029313	2.429181017288523	30.747620222166706	30.7687411487316	30.770943865555715	29.940812036738695	2.1912493707239795	29.75379375895666	29.757425269943134	29.760734975283995
7390000	28.952322032690834	2.5989589557469093	28.72609520206339	28.73316365547639	28.740036030869113	29.406095580486458	2.2367745501765146	29.2116769107363	29.230095146131404	29.232134994726774	28.90721759661443	2.188482421648762	28.715719002192607	28.721998233105033	28.727808726397157	29.41200233153546	2.305985846811543	29.21109635961079	29.22024284004685	29.227245841168482	28.90667639704483	2.193949352083759	28.715976037899903	28.72224053154308	28.727401546608185	29.38526897684678	2.308181058570396	29.176758332630282	29.19340068529587	29.2090717425771	30.95869705393724	2.425258268340485	30.749316358565984	30.768546882884294	30.770544279571247	29.940814457219886	2.1912497606413783	29.753886141730515	29.7577061033416	29.760717541153284
7400000	28.953379171793003	2.6073310373431715	28.72553309488027	28.73325400209462	28.739700762159643	29.40402257512691	2.23666943698592	29.206958692707104	29.230082911659014	29.232400251331487	28.90724687371187	2.1884797746818174	28.715738061773664	28.72201282448812	28.727723396342363	29.41212756464285	2.3058361210525415	29.211397484423657	29.220401875821786	29.227126669389985	28.906749203705314	2.1941114279291374	28.71603094090244	28.722434899821465	28.727407750579403	29.384683636339243	2.3089249797195373	29.175298012821894	29.193684468020148	29.21028699978888	30.957563447911767	2.4318114294399837	30.745128788534952	30.768413420755856	30.770691254175425	29.94079520812514	2.1912556704944564	29.753968872519945	29.75756613245902	29.76076091251253
7410000	28.953258769578014	2.6073025250379827	28.72561265550768	28.73263028553805	28.7399305933639	29.40624593524486	2.235625632083079	29.21051403457066	29.230189557774928	29.23219124409425	28.907251110150373	2.188479291592006	28.715719002192607	28.72201282448812	28.727694364070224	29.411948187506344	2.304386273328137	29.21085601113086	29.22009205140653	29.22762095793119	28.906757032391564	2.1941082299361545	28.71612328392243	28.722434899821465	28.727445665524066	29.385413230918985	2.305739816080763	29.176542319522902	29.194926083817492	29.21078163137859	30.960221166871346	2.4302928031120854	30.748272345070944	30.76865038971672	30.77057092667567	29.940769263297497	2.1912588583610035	29.75416278789039	29.757648447154217	29.760954225891844
7420000	28.952368911746916	2.6014690692212508	28.725580302273343	28.73260988437041	28.739596284328705	29.404626840483846	2.235378092546177	29.209311805919246	29.23025828414322	29.23210035509164	28.907260038759514	2.1883228799770986	28.715793394532433	28.72201282448812	28.727789447763303	29.411398377742657	2.3044017264627565	29.211002763204025	29.220157441361792	29.227336369238714	28.90676987272845	2.1941071417146807	28.716213855670105	28.722434899821465	28.72743387013478	29.384059161299483	2.306677689795418	29.175354739561982	29.19277216372566	29.209532674977968	30.95770688964458	2.426279471832749	30.747252951104276	30.768669080649065	30.77050793129034	29.94056446548438	2.1913160853040767	29.75356845272553	29.757366541177774	29.76059766018715
7430000	28.95232975419276	2.602925402471284	28.72598983053647	28.73267513673776	28.739641466324777	29.405568066123227	2.2339021489685926	29.21144608296352	29.2304200727605	29.23271511800216	28.907292963916895	2.1883191336992307	28.715938895887014	28.7219862340891	28.72782952975701	29.41211537319717	2.305888278863513	29.21143614794311	29.22036411739926	29.227988859338872	28.906798641207786	2.1941035328022993	28.716160946901695	28.72252158914901	28.727449827846446	29.38552496824207	2.306780122515217	29.177164262516484	29.195490465655503	29.21033442542534	30.958510343990202	2.4277036887533527	30.748867160236685	30.76884150817793	30.771138174591236	29.940715612533857	2.1912221406654435	29.753768728035972	29.757594248558156	29.76041553564209
7440000	28.95318827316171	2.6074107591021867	28.72592469494706	28.732938073624787	28.740069893083742	29.40754226292627	2.233685245612972	29.214397012021625	29.23044101891869	29.23347223408527	28.907330211298177	2.1883158751419263	28.715927773303036	28.72207826023547	28.72782952975701	29.412104392540225	2.305504836394027	29.211097503319422	29.22051617909454	29.227310960800494	28.906812264638855	2.194101345207958	28.716160946901695	28.722553194741693	28.727449827846446	29.385613456434022	2.307548613842969	29.176759083978048	29.195287792626935	29.210070173813577	30.96106407387664	2.430720092398984	30.752579966926355	30.768878054615257	30.771802462018115	29.940784075921872	2.1913012322481764	29.753618234738667	29.757401438208344	29.760828442793372
7450000	28.952193417146887	2.602460075314241	28.725567455874334	28.73238228553798	28.74011303738621	29.40393071635661	2.2357969402523863	29.208293254245945	29.22961431125794	29.232036103934973	28.907363740851714	2.188312845452115	28.71595650109898	28.722085352099192	28.727866468440066	29.4115918381695	2.306783254109035	29.210365506895783	29.219393314931114	29.226860857258423	28.906846568994244	2.194098283891243	28.716302680458927	28.722566000027733	28.7274565539768	29.383576346827088	2.3093777285185157	29.173550748760242	29.192072072040432	29.208809594721725	30.95668140209632	2.427630812245631	30.74664059779974	30.768036289125362	30.77045565033193	29.940645896422694	2.1913154346635433	29.753909382673132	29.75730992569113	29.7607932125483
7460000	28.951600317494826	2.6017950979471265	28.725564813503166	28.732520629744343	28.739358945730636	29.405240342233657	2.2354839608750927	29.211728414203208	29.229869330682156	29.232422256242938	28.907402067104666	2.188308886907252	28.716046408091543	28.722085352099192	28.72799577604526	29.411130893376527	2.3040272779762296	29.210278983433152	29.21954810243988	29.22699816065029	28.906846468135605	2.194072535995232	28.71642089713922	28.722589710714765	28.7274565539768	29.3830022548424	2.306216720838252	29.17324591627376	29.192266937922902	29.208480718186777	30.958262047153553	2.425602017917204	30.74990243627495	30.76827803561349	30.770824309730273	29.940398517592097	2.1912498179056956	29.7534752545055	29.7570626865854	29.760401937117365
7470000	28.95165319055732	2.603428427620822	28.725823662665082	28.73263000989588	28.739483592036454	29.405222833146265	2.235180178811574	29.20968797080776	29.23016414566745	29.232653423324855	28.907446910132624	2.1883320738473504	28.716005854973037	28.722090279928146	28.72808255954982	29.41218721564156	2.3059106923665036	29.211981514567128	29.22012949284725	29.22755560573716	28.906892256143525	2.193997286558192	28.71639487347547	28.722642685252087	28.727493575303903	29.384653804066023	2.3075691078494978	29.175587238746015	29.194288369724838	29.20879759438953	30.958259062059742	2.4266758648208904	30.747886882752848	30.768565773043548	30.77105801234498	29.940388605790993	2.1911203711279987	29.75347277099176	29.757265096645035	29.761036607847792
7480000	28.952545028996443	2.605403802571885	28.726177578673777	28.73292467909261	28.740147296270763	29.40566710844656	2.23555058486053	29.209888550202848	29.22988245156442	29.23243343198157	28.907416555027176	2.1883316641699375	28.716005854973037	28.722090279928146	28.72808255954982	29.412678597798674	2.306847691801627	29.2126827285975	29.220539081644713	29.228229105061068	28.906970819081227	2.1939904659323757	28.716658493091344	28.722683840543596	28.727532126511075	29.386124096976392	2.3078991838726437	29.176895829707146	29.195646214067843	29.211848726053557	30.958774753871225	2.4300120556881026	30.747859794212943	30.768310165915462	30.770785952567994	29.94072641333239	2.191089447168515	29.75347410533611	29.757599882509624	29.760985048657396
7490000	28.95139920529615	2.5984651792466877	28.72604665285396	28.73290251336126	28.73981869205246	29.40726119227634	2.2354765602356297	29.214684194176755	29.23037432057918	29.232466026752615	28.907397721799267	2.188331356668783	28.716045338351	28.722090279928146	28.72804757806623	29.41141135311379	2.3015395802622804	29.21203602501154	29.219645034125705	29.226533000468763	28.90700477368559	2.193987552540657	28.71674304287652	28.722668008727084	28.72760196861946	29.385451569273634	2.303938357309655	29.177396453340997	29.194053154477277	29.209812672761142	30.95935060656877	2.415721841083861	30.753133303686386	30.76881930444201	30.77082139059489	29.940625829238392	2.190902880817481	29.753877804988758	29.757400954070754	29.76083038870695
7500000	28.953449843512995	2.6065777032827135	28.72610684443377	28.732838541752642	28.740254589087783	29.407334882573444	2.2343754822311364	29.214226752302178	29.230001984582852	29.23303335282976	28.907432863507385	2.1883279269799303	28.71615092705276	28.722162058984978	28.728019483033812	29.411152506933117	2.303805708869399	29.21041411595481	29.219002149025044	29.22676391926725	28.907041866598597	2.1941564167691414	28.71689410801945	28.72269795776682	28.727609385588394	29.38437856184858	2.305708545371547	29.176054635851216	29.193037787719184	29.209151689760727	30.961188013103367	2.429819543893304	30.752377115214717	30.76844235340559	30.771471745335532	29.94074549165512	2.1908911672369262	29.75429492989032	29.75730599557238	29.7604881953551
7510000	28.95301905506476	2.599192053730027	28.726287045466737	28.7334675751963	28.74009481575564	29.40696836658181	2.2343596378671973	29.2132136447602	29.2302880883487	29.232578553829825	28.907657366181695	2.188317196078595	28.716171015447213	28.722148458997932	28.72813590907289	29.41163654968456	2.3049115120627635	29.211364798558243	29.21927478479207	29.22676975495987	28.907071696531858	2.1941538793958864	28.716943954398555	28.72269795776682	28.72761528815262	29.385204167896333	2.3058529797601826	29.176757126068377	29.194518626882484	29.209018160696708	30.959515939674304	2.424369344532639	30.75125139715839	30.768717988960386	30.770969745022313	29.94065498612783	2.190900080459226	29.75428539744908	29.757401302124414	29.76039794010418
7520000	28.952955709642392	2.5980256980665435	28.72602777985393	28.73313778254229	28.740571217879936	29.40649132170323	2.2345499861952383	29.213023729987135	29.230311335703394	29.23237417709352	28.90767324959055	2.1883155081768293	28.71631073135559	28.72216603373866	28.728054805234045	29.41174141652931	2.305444257588665	29.210904680256895	29.219509934765163	29.226765810432497	28.907113910539582	2.1941501378045816	28.717063051739558	28.72269795776682	28.72770390564105	29.384848861860085	2.3081389027151507	29.175071247322023	29.19403183517943	29.209817452273395	30.959513728863893	2.4220747196727173	30.7513930344196	30.76876576563787	30.77072544371041	29.940434103309563	2.1909211555484576	29.75386409427153	29.75758683706009	29.760677266153554
7530000	28.952364942620495	2.58606250448341	28.726642417976052	28.73362430718009	28.74029750064249	29.406233321903166	2.234712009588012	29.213616515102604	29.230193542702324	29.23283245211254	28.90769561581978	2.1883127532852225	28.716351266553957	28.72229299216987	28.728054805234045	29.412123065855237	2.3048208394190945	29.210931407671275	29.22012670260327	29.2274502907683	28.907149029467107	2.194147116550554	28.717063051739558	28.72269795776682	28.72778712915201	29.38490514668132	2.3084950691626513	29.175733142145734	29.194069961395364	29.208790763935966	30.959454145498515	2.426591384787858	30.75195275633947	30.768609196068816	30.770994308298935	29.940817938785063	2.190887582964952	29.754094012449762	29.757804133679848	29.761286421123394
7540000	28.95381159803092	2.607038441170771	28.726170907627413	28.73360986154593	28.740591903824086	29.40619828494246	2.23466041499841	29.210147155010315	29.229913217928775	29.23241397525464	28.907716995219573	2.1883102390120244	28.716351266553957	28.72230378337671	28.728054805234045	29.411630209437178	2.307342198834198	29.21030409399149	29.21972184512202	29.22714852869632	28.90715784273644	2.1941463274049915	28.717139434485887	28.722712762262972	28.72778712915201	29.385513399867662	2.3095170936632776	29.175814763588207	29.194307363600302	29.20987602287641	30.95984670492979	2.431947256816336	30.747454278948883	30.768348871066614	30.770871190837298	29.94066642001078	2.190954158063824	29.75393638424507	29.757670362799026	29.76072656019485
7550000	28.95278531295471	2.599197904984687	28.726156073935627	28.73321356378355	28.740141641618877	29.4061390206792	2.2353154635365953	29.210896344867336	29.23012789873558	29.231907773031672	28.90797447128457	2.1882971416634778	28.71637660985538	28.7223145322399	28.72820615043928	29.411761731128365	2.3052168700058266	29.211330655409718	29.219948261111547	29.22667631136883	28.90722076713259	2.1942680201492073	28.717205999961543	28.722775315162515	28.727880470611765	29.384613015368526	2.3082969388501073	29.175111701457475	29.194008488159866	29.20940026423489	30.959104077386122	2.425056973328561	30.7491050832062	30.768571487571464	30.770354836221124	29.940737967975057	2.190907155042403	29.753778963673305	29.75736756774702	29.76063509399861
7560000	28.952463682925814	2.60144072252738	28.726209472803795	28.733377832093673	28.740117140896416	29.405750807725816	2.23738965917087	29.208992533335227	29.229760071664174	29.232309968152208	28.90799532391466	2.188295022598836	28.716368184843354	28.72245901033098	28.728230999803575	29.412016752206124	2.3081375032863845	29.210941572539294	29.220167527979555	29.227468088737183	28.907248089193526	2.194265594307338	28.717254080436632	28.722768897816042	28.727880470611765	29.384548567943327	2.3119274983116767	29.17452714247704	29.192721297932355	29.209328738679133	30.958254585034993	2.4294503077171306	30.746862001870873	30.768140020953254	30.770749158926115	29.94058347041398	2.190926691919838	29.7538032688638	29.757539722236693	29.76060796494904
7570000	28.95165415607309	2.59410456911024	28.726249950833846	28.73347442085779	28.740402192155102	29.405643599090094	2.2371839349628964	29.210283704595355	29.23023197118379	29.232734735486407	28.908057853381425	2.1885139928501847	28.71648857624704	28.722485935622025	28.7282414939039	29.412336994285337	2.3051063835487358	29.21120084858825	29.22047961307728	29.227442069209516	28.90729374461417	2.1942614908126963	28.717360279142575	28.722741348906634	28.72788878460511	29.38539494925848	2.307456091411176	29.176101373928496	29.194833739486043	29.211044600971217	30.95842113019393	2.423461631323486	30.7483010900337	30.76867373051592	30.77114909509441	29.9405061296799	2.1910471031089847	29.75410689756027	29.757492283080452	29.760457181244092
7580000	28.952058467327614	2.600242166691413	28.726106177594257	28.732856198560015	28.7403115389681	29.4060825670231	2.2352098645705167	29.21323026040793	29.23033362185258	29.23273095913135	28.908092118375734	2.188510168667153	28.716607017884854	28.722507744475266	28.728261584417638	29.41159901558221	2.30429680162337	29.211385462166582	29.219792550314004	29.22642070347362	28.907332584191867	2.194258225912942	28.717360279142575	28.722768897816042	28.727915662096542	29.38468237046296	2.3080836191155956	29.17592976137572	29.193979323532105	29.20880395142598	30.958816719997948	2.4279130902417996	30.75107805084397	30.768769633395692	30.771137738265498	29.940746981076984	2.19102437373078	29.754113544182857	29.757436660965936	29.760670913785674
7590000	28.950939009311238	2.592579797444765	28.72571140571073	28.732258767832633	28.73940642242118	29.40593102851204	2.233693938918349	29.212225983667107	29.23014883404614	29.232315581454515	28.90811769988114	2.1886329276302234	28.71667966480997	28.722545694959955	28.7282414939039	29.411846174619647	2.3037425138868226	29.211814979411304	29.219973053055543	29.22647068279173	28.907364962997093	2.194294971810155	28.71744260136334	28.722792391162418	28.72794960071498	29.384440401137574	2.3061050807426597	29.176345014962713	29.193304019487172	29.209165202644776	30.959107912518142	2.4252320105722607	30.75041117494402	30.76856022140182	30.770771796026892	29.94092513545477	2.1909189329461576	29.754100593182127	29.757642593448697	29.76072478038285
7600000	28.952195707707745	2.600128831499279	28.72662797318009	28.732908690073877	28.739708849071963	29.405394344814283	2.236045728492601	29.207603265716518	29.22986619002065	29.232139765236276	28.90813122888688	2.1886306473949184	28.716787290669757	28.722521617339495	28.7282414939039	29.412169662456044	2.3054505371219194	29.211238913244628	29.219648800884592	29.227946359353933	28.907347780397227	2.1942955347254705	28.717414193038337	28.722792391162418	28.72793868155599	29.385569577997995	2.3070067206947256	29.174704623576105	29.19445312735484	29.209591751273038	30.95740263724438	2.425598184813791	30.745248502369382	30.768179170574996	30.770538100717893	29.94106045348211	2.1909545770811283	29.754460086762386	29.7577481374404	29.760672911632064
7610000	28.951287888105007	2.5936269459263377	28.725667832282817	28.733031781331164	28.739658076482534	29.40821290471607	2.2362162969380903	29.21465487702868	29.230495289542795	29.233073111936505	28.90815942169456	2.1886281575636977	28.716787290669757	28.72272780485828	28.728330199126844	29.411945279386085	2.3074688250733755	29.21132785568139	29.21988548794392	29.227330953976146	28.907386830870067	2.1942920718663035	28.717450743113456	28.722792391162418	28.728022015070227	29.38624736529855	2.3092455182735456	29.17849439624345	29.194709279047046	29.211143352865527	30.960304753120685	2.4240413900524347	30.752583683993386	30.768945627879	30.771478739212373	29.94057645296502	2.190997610578126	29.753836789824472	29.757505551128133	29.76080963706617
7620000	28.95211827167285	2.600407705572157	28.726117449946347	28.733229246245557	28.740086139976626	29.40527195624485	2.2356594588977443	29.20983529025205	29.229900688712334	29.23227623819806	28.9081876506583	2.1886682188493927	28.716891411475242	28.7227643643496	28.72835422920729	29.412009508655075	2.305755989566026	29.21178968504882	29.22063223208064	29.226974405172793	28.907410886586188	2.194289743267362	28.71750475515776	28.722817282476186	28.728022015070227	29.38458840926631	2.3084483944617378	29.174263273083945	29.19364013483748	29.210567073784333	30.958499553735027	2.428757358595859	30.747530708179855	30.768312192707505	30.770663015447848	29.940806986899428	2.1909770316948896	29.75415001500232	29.757586218950745	29.761033713960877
7630000	28.952804471853902	2.605930179363067	28.725482481443574	28.733048303150333	28.740249166276257	29.406246883863663	2.2348861625995036	29.212156176102887	29.230310671047828	29.233081341665805	28.908218548555496	2.1886654394405167	28.716950229731083	28.7227643643496	28.728395752410425	29.41205609435132	2.3045650045106387	29.211000821565978	29.219767494742662	29.226934581889694	28.907438868330832	2.1942869491071053	28.71752538796506	28.722843567169306	28.72804966720107	29.385871438129346	2.3061736765034997	29.177228434810363	29.194459083241334	29.209218389786194	30.958919084341673	2.42964576217832	30.74941489293262	30.76871330189135	30.771278351742694	29.940904807958223	2.190967529671421	29.753989296543974	29.75787575427244	29.761171463990404
7640000	28.95316497036197	2.6038270602371187	28.725944189013212	28.732749898499588	28.739752429694786	29.407086371384953	2.2347211409968106	29.212697456788696	29.230309991760798	29.23368169672309	28.908219224955083	2.1886637142127863	28.7170149002696	28.722759450501034	28.728416426622505	29.41215322312118	2.3065333543683555	29.211278788080637	29.21963553139792	29.227576760249626	28.907442773744965	2.194286652255657	28.71750475515776	28.722843567169306	28.728121089991088	29.384642111667592	2.309315313496103	29.174295115406917	29.193648108071216	29.209471476859157	30.960554445912425	2.4344967883534823	30.749971303032016	30.76871910827502	30.771771803194206	29.940953685061213	2.1909188144149323	29.754169921714684	29.757508870837945	29.760908898260787
7650000	28.952121667563055	2.601343341128364	28.7256374340186	28.73286704001591	28.739740385183755	29.405126953426496	2.2350189582189817	29.20938069126096	29.230204225776	29.233029476492096	28.908233751959028	2.188661820699284	28.71703815748753	28.722841905620058	28.728447949404867	29.411462955297146	2.304827902068481	29.210722399272555	29.21961068020955	29.226994628772815	28.907450994224956	2.1942858935495457	28.71750475515776	28.722839051500863	28.72804966720107	29.384270018727037	2.3072696026366586	29.174471612233283	29.194063408893946	29.209636246435124	30.958247686724704	2.4266867294525785	30.747751076933607	30.7686235419324	30.771383301967504	29.940790247637253	2.1908435533599544	29.754101315665444	29.75766444806782	29.760816825705334
7660000	28.951727182211087	2.6038324277486775	28.72516616449396	28.732273016146777	28.73908757894635	29.404736102956193	2.235215183395871	29.208203353705347	29.229638805987555	29.232179998364238	28.90822753695754	2.188661141107756	28.71703815748753	28.722809664711356	28.728468236932304	29.411255044669794	2.3052827846340307	29.210424477560203	29.21907574003045	29.22683176892889	28.907460025054768	2.194340730884802	28.717490059104467	28.722843567169306	28.72804966720107	29.382787616119714	2.3046892845143536	29.174007523616243	29.192146264143844	29.207849378108016	30.957030541132845	2.424018839136184	30.74511596680026	30.767956088331538	30.77050981445878	29.94062529264566	2.1908570865111745	29.753950610164015	29.757407757753768	29.760792641854458
7670000	28.95255455297828	2.6014556945519076	28.725756772187566	28.73256665915877	28.7394597132854	29.40535375974094	2.2362789998993247	29.209183958138517	29.230284678497366	29.233443911179045	28.908284549208844	2.188812135620428	28.717099657677203	28.72284356750987	28.728506259545675	29.412000355423245	2.3076968345391218	29.210565557839153	29.219328749837192	29.22744523288353	28.90748391431087	2.1943380916859265	28.717490059104467	28.722981192668122	28.728121089991088	29.38479757881194	2.309908913572514	29.174171700745873	29.193692420351233	29.209948691623268	30.959441361934456	2.4325672255466793	30.74755838234136	30.76869939207485	30.77180694434947	29.940725168819256	2.190898872739552	29.75396101361131	29.757390033889358	29.760485100147203
7680000	28.952434540748637	2.597445605742449	28.725589012104116	28.73258583130334	28.739647096863656	29.406412786799155	2.2365135930525963	29.21281545239977	29.230082907780798	29.2329046414949	28.90830851559549	2.188809682087826	28.717090184391935	28.72293087171969	28.728506259545675	29.410990494152323	2.3022410683498333	29.209765180945993	29.2202210732607	29.22714898053127	28.907490166251893	2.1943375575429904	28.71750475515776	28.722981192668122	28.728121089991088	29.38405730259479	2.303894356722415	29.17540978159056	29.193378875913012	29.209750930209832	30.95831229531	2.420162867920905	30.750518691927308	30.76841645996774	30.771161383706563	29.94045560525838	2.190863131078938	29.753670337441886	29.75716200468205	29.760488414231205
7690000	28.952349997989188	2.6055586479331496	28.725297134656948	28.732512329515682	28.73938048891882	29.406569193574338	2.235501505598893	29.212440980031136	29.229932124697925	29.23192618851073	28.908291436813307	2.18880944636389	28.717148287605582	28.722962278546348	28.728506259545675	29.412240112593015	2.3073657043496505	29.21151384265323	29.22064663647228	29.227081874455116	28.907494646872586	2.1943360480531657	28.717602513250988	28.723024863037637	28.7280486279049	29.38519887225459	2.310083769677092	29.176522151532833	29.195011881715494	29.20955685503253	30.96001375949767	2.432532886671633	30.750232176176425	30.768388732942974	30.770288350917877	29.940698190105653	2.190842045757688	29.753995788216905	29.75728790756184	29.76070095535176
7700000	28.952132496889885	2.5992782624042055	28.72552709768783	28.7329493798637	28.739379630140117	29.40745772371506	2.2375160262342093	29.214216819181946	29.230403887149883	29.232500018793253	28.908298788571525	2.1888083460747176	28.717213399602144	28.722965379902444	28.728510179199795	29.411794581579837	2.3072796831891482	29.21141200667874	29.219626094693425	29.22694559282485	28.907549836874757	2.194331191257588	28.717776786106445	28.723171808659423	28.7280486279049	29.385734364513173	2.310873848737992	29.176516022849462	29.194545492697806	29.21086652498995	30.960888316173378	2.428329587288107	30.752421594690492	30.768839237613374	30.770886044908625	29.940742269155916	2.19083895490021	29.753983390658533	29.757577633690484	29.76065204255808
7710000	28.95295089974181	2.601553023198296	28.725890481530055	28.73244872642617	28.739977649260457	29.405083375340713	2.2365898843911496	29.210839432246125	29.23016755757252	29.232912940992527	28.908327963977424	2.1888058907769805	28.717213399602144	28.722965379902444	28.728533090320468	29.41168425743057	2.3054710622210015	29.210761971594444	29.220348793813585	29.227509819911305	28.907624995295027	2.1943247891766116	28.717812246776255	28.723192913003572	28.728137481935043	29.384269527809735	2.308764759485026	29.17417188812589	29.19477816908968	29.209270558075815	30.958372186335403	2.4295649546095914	30.74915632853228	30.76851655337653	30.771171988175126	29.940865429532632	2.1909639458164114	29.753761483091267	29.757525983805387	29.761066071025148
7720000	28.951927560517678	2.5981113734172068	28.725070265623465	28.73283422084586	28.740209544027234	29.406501568395388	2.2352114052282395	29.213136582989385	29.229979747842336	29.232088730010247	28.908360901416057	2.1888019631208264	28.717252384021652	28.72297013329367	28.728584792672148	29.41129910007646	2.305985029992111	29.21091329026623	29.219688380757063	29.226387815711366	28.907659305411798	2.194321800856436	28.717861857852732	28.72320277978304	28.728174691551686	29.384784759974057	2.3095360663835893	29.17525004276114	29.19450345123711	29.208823651844234	30.96025913211416	2.4296820900256892	30.751604598212637	30.768435868857843	30.770537385412027	29.940694384312987	2.191058290066935	29.753953840792818	29.75748301257498	29.760850464907865
7730000	28.95280824215491	2.6007382430584385	28.725326950340552	28.73319589776156	28.740207391793223	29.40630406728842	2.2354549814088114	29.21061556348294	29.230405202306255	29.232831668475754	28.90837451686352	2.1888584871049983	28.717291423962294	28.723027565268595	28.728584792672148	29.411134406014817	2.303932190257404	29.21112118253327	29.219409052884544	29.226454275394335	28.907665974515705	2.1943209975329077	28.717861857852732	28.723192913003572	28.728174691551686	29.383861191231265	2.306580658532126	29.173482175772293	29.194128270745615	29.20889466453915	30.959652556228935	2.42854957885647	30.74816296966633	30.76875681189783	30.77123397955331	29.940545992732197	2.191134039198323	29.753856706529167	29.757603899979806	29.760638172531795
7740000	28.95137672804759	2.591890358958066	28.725384609194894	28.73260141593542	28.739881826160392	29.406377790620432	2.236768896479572	29.210670420917598	29.229826928141854	29.232578220740937	28.90839287631931	2.188925589810315	28.7174111541148	28.723012476180706	28.728584792672148	29.41199294162695	2.305639482693393	29.211282159028237	29.219710769728806	29.22729984970956	28.90768607438269	2.1943190391425946	28.717861857852732	28.723192913003572	28.728137481935043	29.385209769794745	2.3082799678220987	29.176185168250612	29.193506246032975	29.209521349126046	30.959296975022205	2.4248254069341537	30.748799297251935	30.768240838021466	30.770959340711464	29.94042211112951	2.1911433690115176	29.753662161305872	29.75703659218682	29.760309423088856
7750000	28.952277518927826	2.604064907394616	28.72600147155528	28.732970155899373	28.739478267136818	29.40636258450591	2.235394357894977	29.21302940989435	29.22988945361248	29.232540611008012	28.908421325700974	2.188923141893932	28.7174111541148	28.723012476180706	28.728613691541497	29.412003305595597	2.3067870588920556	29.211028561943042	29.220016997805576	29.22701734985141	28.907767633591344	2.1943118413226443	28.717886368951536	28.723258576946364	28.728220017661407	29.385280638763156	2.3078838164534736	29.17656417024669	29.195193245227117	29.210877778045926	30.960769538435304	2.432071881069824	30.751403818451	30.768336955719214	30.770935520303713	29.940547530080426	2.1911694813275817	29.753523328660513	29.75739820223568	29.76068239604431
7760000	28.952271429473743	2.6035788762159857	28.725793312883653	28.732356881917244	28.739581552642598	29.406897846476113	2.236925336969825	29.212076545289662	29.230165087921016	29.232794151802878	28.908430194847604	2.188922312721547	28.7174111541148	28.722962278546348	28.72864014426544	29.411848001975144	2.3084806200564767	29.211107849169288	29.220084180194355	29.22671997885864	28.907816880450504	2.194307578371279	28.717975627507037	28.723262547038527	28.728311863626548	29.384728398239925	2.3096287377408538	29.174694063115204	29.195115807770275	29.208769456086664	30.960389236526183	2.430921043350753	30.750253645967856	30.76861913716101	30.771112973165973	29.940371017367713	2.191253889575872	29.75391915800145	29.757346443111153	29.76053205013149
7770000	28.95232938427895	2.604673771918876	28.725867999926045	28.732860369215395	28.73931881082419	29.406600514579797	2.237523496342651	29.211387321493884	29.230257753098538	29.23282063627984	28.908464926245376	2.1889187731192727	28.717436731215187	28.722962278546348	28.728649031558984	29.412124239858734	2.309607247726654	29.211435924108965	29.21993676531821	29.22670441043589	28.907864335150943	2.1943033510038865	28.71801175354784	28.72330595026129	28.728427341154543	29.38602809461414	2.311465403676517	29.17666626625966	29.19468661068592	29.209619805776384	30.960425246879918	2.43316713407048	30.749582580527786	30.768720635881586	30.771276783395265	29.94032970348186	2.1912573829935633	29.75380980914482	29.757355906830277	29.760693794645423
7780000	28.951462760913863	2.596706079247358	28.72592877924088	28.73302163259341	28.739756880794275	29.406562261657772	2.236462470500593	29.21237889218547	29.230366850206238	29.232099720681436	28.908473174813313	2.1889176643732275	28.717436731215187	28.722936016450213	28.72867281984835	29.41189638959726	2.303703319881833	29.21174618681404	29.219914647555278	29.22771857093946	28.90792204506524	2.194298413896872	28.718189421165746	28.72338906372515	28.72844326706663	29.384887510465383	2.307650450226053	29.17623745007332	29.194220995068374	29.21032388608512	30.95984666775658	2.4249370139540782	30.750554269958705	30.76879307496143	30.770520029586205	29.940717623207103	2.1912659719437295	29.754018337636296	29.757595801615526	29.761148898160535
7790000	28.95141050633312	2.6015878730917383	28.725941044673025	28.732870391482653	28.739513278868813	29.40799218146728	2.2368179774188204	29.2151808282514	29.230516021195697	29.23275156787472	28.908517127531073	2.18891370039086	28.717436731215187	28.72293087171969	28.72878144603527	29.412181675799243	2.3102980728138967	29.211618190834	29.21971841343513	29.22731075758537	28.907931345699733	2.1942972836614207	28.718155037017997	28.723439397004434	28.72844326706663	29.38610712579876	2.31212496248766	29.176419847569715	29.1956745958485	29.210586903607872	30.96189893319954	2.4324580860115628	30.752499162363016	30.768959556652863	30.771019988159644	29.940517690320142	2.1912832383282295	29.75371716600799	29.757432590180937	29.76070867724674
7800000	28.951850719488682	2.5970728030918977	28.726057972944915	28.73269133241356	28.740449775070697	29.404977912810594	2.2368487237437593	29.20794357969327	29.2302530404819	29.232950491300837	28.90852482921421	2.1889110821608475	28.717447775588028	28.72295095706312	28.72884836437241	29.411764553899967	2.306829442364328	29.211408358651298	29.219809362553455	29.227098884882885	28.908155389388508	2.1942884292776044	28.718189421165746	28.723468924068168	28.72844326706663	29.384919473274337	2.308984858138562	29.175712521902227	29.193997272811103	29.20936466227195	30.95826476555696	2.4254374999549464	30.746000032940014	30.76866283602854	30.77135220907297	29.940558536842683	2.1912795519895285	29.753907339760715	29.757413842580455	29.760684401640177
7810000	28.951313083692064	2.5994043117401042	28.72545795689414	28.732362621300695	28.739766721358343	29.40565619112089	2.2360859482358455	29.2089189296185	29.230252428989044	29.23305800866801	28.90855109693779	2.1889088302840376	28.71753866272786	28.722962278546348	28.728946233553362	29.41171183407637	2.3078345659864996	29.21004251596984	29.219196533494383	29.227473481223104	28.90817224607308	2.1942870074232115	28.718205126501264	28.72350206568038	28.728429471806013	29.384563470982975	2.3100712611002256	29.17597618727919	29.192787520114457	29.209278217331935	30.95874171127318	2.4306878412205126	30.747252044250164	30.768698458963748	30.771430402627878	29.94050447840176	2.191283288915308	29.753584394047426	29.757091964814414	29.760729162089604
7820000	28.950953277130644	2.5937060852953855	28.72486220557814	28.7323667065331	28.73956577024462	29.406109842836802	2.2368287773258415	29.211937382308605	29.230309056153693	29.23259859709279	28.908585405513232	2.1889056107343783	28.71754869876322	28.722991906296055	28.728973717311337	29.411549321640734	2.3077084570668243	29.21052711377864	29.219654779716855	29.226298050362804	28.908197353400425	2.1942849295280222	28.71821939921828	28.72350978950255	28.72848231299537	29.384733415444053	2.3098532575448956	29.175174773930536	29.19409101031544	29.209315554181778	30.959136234259397	2.425885071218867	30.74984336074152	30.768741887113908	30.77097484597401	29.940246554845835	2.191306830467875	29.753656711049345	29.757073782853617	29.760304179974923
7830000	28.951449128390276	2.6062858492872745	28.724805201096274	28.732568885002333	28.73921355012109	29.406697516084943	2.23627122561974	29.215065132936104	29.230305739474538	29.233003796423205	28.908630418293335	2.188901587884289	28.717641967237675	28.723041978146874	28.72884836437241	29.41193672420565	2.3066045042710273	29.210662298434254	29.21988268288194	29.227731311803673	28.908153044901756	2.194285332779119	28.71821939921828	28.72355474399002	28.72848231299537	29.384772314728757	2.30777541142995	29.17687565932642	29.19438698591216	29.209838272841928	30.960322715353932	2.426496054420196	30.75346624237713	30.76874593601621	30.77144514187747	29.940358029793263	2.1913877889792746	29.753505922501624	29.75713478534943	29.760371506697872
7840000	28.95080336376911	2.603006506251638	28.72519242033884	28.732348897848304	28.738876690715436	29.40675796428434	2.23474982043142	29.213098162934475	29.23037414019789	29.23262096475776	28.908663158328977	2.188898702721481	28.71767326890255	28.72310285496353	28.728916376132027	29.41182170053399	2.301605281070006	29.211806382952002	29.22013797964967	29.227647432121927	28.90818057001324	2.1942828919167425	28.71821939921828	28.723657521812648	28.72844326706663	29.38499120613293	2.3033769680030587	29.176503337358515	29.19512653764343	29.210812061778107	30.95949594765095	2.4248774303261986	30.75064955176522	30.76883002321219	30.771047932696668	29.94050875839462	2.1914496424306336	29.75369254254127	29.757330081939216	29.760478174706158
7850000	28.951049230169897	2.598757918436335	28.725731340679875	28.731921004775558	28.738795997141338	29.405382259820335	2.2347145218920494	29.20996116961514	29.229729964940496	29.23242243544947	28.908899802245852	2.1888878772852665	28.717768358116373	28.723169927732837	28.728981552669506	29.411119279431123	2.304443731079572	29.210576558158795	29.219474622389676	29.226789969997586	28.908202297822868	2.1942807170490704	28.71821939921828	28.72374411117584	28.728429471806013	29.3838032939468	2.306492044013565	29.17521178653717	29.192750532861627	29.20865581624656	30.958147379694335	2.4250130376772785	30.747381520521348	30.768165277699453	30.77085476444411	29.940474271922742	2.191451478699522	29.753774564993247	29.75718514874783	29.760231906530905
7860000	28.952054949817008	2.6037747194651355	28.72496273218225	28.732088628706162	28.738762650205203	29.40609250018902	2.2341429709722984	29.21112373908305	29.23015051923492	29.23252721899206	28.908928921098227	2.188885268036945	28.717812617177184	28.723180039772274	28.728946028696985	29.410592112974733	2.3058063703227676	29.20943556117792	29.218480552614032	29.22644389430438	28.90823463170712	2.194277952167529	28.71821939921828	28.72374411117584	28.72848231299537	29.383371125291056	2.307292903889169	29.173228246278942	29.191860245352302	29.208704872598318	30.959431806771548	2.43006111972994	30.749501710146628	30.768549294945856	30.770887142656335	29.94047992378697	2.1913958288970536	29.753704773097194	29.75723577693327	29.760485007737195
7870000	28.951312891720697	2.6011297804977933	28.725409168621063	28.73195456473926	28.739362765352183	29.404179326721565	2.2346289760449163	29.2074764715258	29.229856319030326	29.23223804664761	28.908970260101924	2.188977969763097	28.717816665044843	28.723169927732837	28.72898637478827	29.412140082200455	2.3058389035151126	29.212197179101352	29.220603071883687	29.22740890433008	28.908246580587978	2.194276915163519	28.71826035152265	28.72374411117584	28.728506174096495	29.38462152502725	2.308787009548971	29.175224181539555	29.194632953825053	29.209111654307	30.957742456077227	2.4294383167749163	30.745618480323614	30.76828554089105	30.77069572488213	29.94039766776552	2.1913496026235926	29.753666012593037	29.75697005693653	29.760554619771764
7880000	28.951013578184007	2.596491411986929	28.725177040795277	28.732725582192387	28.739012520722767	29.404482388420373	2.2352957866650094	29.21027787154089	29.23010710568787	29.23207812588726	28.908965942405178	2.1889779606823474	28.717812617177184	28.723179972174606	28.728993285888215	29.411048597987495	2.3028674770019344	29.210798151899347	29.21972945437996	29.226409680024823	28.908293428933	2.1942728127613607	28.718352227865253	28.7237991523207	28.728509488429136	29.3838749644939	2.305374629622582	29.175146869764458	29.193329447971003	29.20848156101922	30.956838311951728	2.4201866708105806	30.748163422875237	30.76854581679663	30.770517226834503	29.9404652418219	2.1914324595734365	29.753578653197756	29.75708385104265	29.760362284256324
7890000	28.95218768795743	2.604038758797495	28.72485080564153	28.732486868802606	28.738855355171985	29.40549125737441	2.233250263019183	29.210234913443387	29.230145817650758	29.23244849134623	28.9089731605272	2.1889771560683844	28.717816665044843	28.72318556465891	28.728993285888215	29.411421740859964	2.3032331495857985	29.210763917421268	29.219452819714927	29.226672830743844	28.90832394878498	2.1942960534417773	28.718352227865253	28.7237991523207	28.728509488429136	29.383999744307125	2.3058387160394997	29.174056373645886	29.19329811220176	29.209662704821785	30.95807332196168	2.4262102275340456	30.748438306529735	30.76853860959698	30.770891864666947	29.94057379492341	2.1914221981389757	29.75355139253846	29.75712105330411	29.760731008212108
7900000	28.951479535821253	2.5981550887935225	28.72524301474076	28.732472952079934	28.739167416143587	29.407378885066166	2.2328421673691294	29.21579986338772	29.23032290644108	29.233230587094297	28.90900898801342	2.1889737833548986	28.71787911658026	28.72318556465891	28.72900497267129	29.41210575014293	2.305921335181494	29.212326768046573	29.21985475611639	29.2268161057573	28.90832408097912	2.194294806405258	28.718352227865253	28.723856261289868	28.728509488429136	29.384970436421273	2.3083678584937597	29.175751855539644	29.194371225263218	29.208878111573313	30.96122274888063	2.428566338512399	30.753478078319866	30.7687856180336	30.77168565621331	29.940474286575565	2.191431583713976	29.753588351611455	29.757221920194983	29.760430235130517
7910000	28.95124230679163	2.5945067542541627	28.725467124569025	28.732171472464472	28.73919964822697	29.404911873461007	2.236009460835182	29.212219742379485	29.230099240122335	29.232308467853624	28.909027431598133	2.1889721673580693	28.7180544891493	28.723175452619472	28.728995541665135	29.411832166514998	2.3067709846997055	29.211521819142025	29.219475566888146	29.22675603762047	28.908348653811533	2.194292578268032	28.718469333293996	28.723843279789058	28.728544265996597	29.38519343675446	2.310059141644499	29.176385715156133	29.19403966808664	29.210664472740316	30.957925612959173	2.4259727259299346	30.750560794583546	30.76851098743628	30.770658678554504	29.940550575799545	2.19145138382056	29.75359437528006	29.757352790991806	29.760690431483134
7920000	28.951724475069042	2.5961387358166728	28.725631436191875	28.732570893949205	28.739873269240327	29.405120453279334	2.2351061052614494	29.209207526059505	29.2301040975019	29.232821843055486	28.909074409041768	2.188967846830923	28.71815963071773	28.723276126418973	28.72900258074736	29.41170237025264	2.305189507604121	29.211159602756457	29.219640016261103	29.227317956267328	28.908369941947456	2.1942905313334258	28.718489601566326	28.72381343128741	28.728515596568002	29.38500286890969	2.306901113727339	29.176014159286446	29.19437866534507	29.21036547443609	30.957350919369503	2.4237626915674126	30.747313217417425	30.768565642462164	30.771288740438568	29.9406551353753	2.191298428323188	29.75379709947838	29.75741375326107	29.760893983183763
7930000	28.95259500031287	2.6053645014234	28.72489104500319	28.73245814445653	28.739117374813397	29.405930532184797	2.2349293820755842	29.213333051820623	29.230381004349645	29.232019988783698	28.909051277276088	2.1889694972665428	28.71815963071773	28.723253737149236	28.72900258074736	29.411835557183796	2.3059930755859686	29.210808275956396	29.220224934831577	29.227133022306255	28.90837961325994	2.1942896969185695	28.718501576637976	28.72380543344407	28.728561616125187	29.384224426125105	2.308622982015766	29.173705009041754	29.19390715981857	29.210321856943853	30.958895325977455	2.4299216937239034	30.751126020175363	30.768757001263356	30.770364658768113	29.94054677798312	2.191306917254333	29.753659587552487	29.75719601584678	29.760601591255934
7940000	28.952349396519985	2.603462443489355	28.725448543492888	28.73236464823437	28.73915286483321	29.406012507591896	2.2345114248560902	29.211209835677874	29.230197815498023	29.232281520493583	28.909077786168318	2.188967092498197	28.71818318224051	28.723276126418973	28.72899748466116	29.41145936712891	2.305128869182521	29.21036653891158	29.219401501494	29.226898965031758	28.908408123790693	2.1942858090273054	28.718648696221354	28.723827517878096	28.728579427250956	29.38474550947516	2.3087939359838656	29.17594011028909	29.19338929059789	29.209381568498284	30.958916289635003	2.4273807641288014	30.749252238415817	30.768590538033887	30.770640448002496	29.940458300134495	2.191316568997869	29.753500672932066	29.757371984204323	29.7604601074557
7950000	28.952173272750528	2.5972589785892173	28.726161113684974	28.732665045169092	28.739785743253332	29.4053959314233	2.2356915529739876	29.209622638537077	29.229970533104833	29.232092175968653	28.909080800849793	2.188966709671304	28.71818318224051	28.72332906912518	28.729010801659363	29.412106645163423	2.3062111383350263	29.211314368143896	29.21991971886729	29.22724644484613	28.908443995406664	2.1942827168561516	28.71868158320762	28.723843279789058	28.72859025240347	29.385893147339175	2.3099987161678714	29.17677319707002	29.194794035801888	29.21063574089526	30.958225304413098	2.4240607531024514	30.74738452662335	30.768330627799415	30.770381337946567	29.940610869165695	2.191304466981078	29.7538055313734	29.757378059885834	29.76074189686643
7960000	28.952244795330312	2.5963878902887494	28.725964365000586	28.73288522850325	28.739972545870017	29.405462347701143	2.2363439114867774	29.210172910385445	29.23016959842844	29.232237044535626	28.90911943940081	2.189188412045744	28.71818318224051	28.72344532213659	28.729010801659363	29.411293188527022	2.3048331067943617	29.210413427107795	29.219701395427435	29.22663195634555	28.908486390945928	2.194279093251306	28.718716278141102	28.723905543174	28.72859847533359	29.385060170348982	2.3080868682997595	29.176234864035102	29.195031038043062	29.210205513004045	30.958446453945715	2.4214588331814	30.748638278802563	30.768578675052012	30.770629618902984	29.94052896495764	2.191311753109055	29.753904747543093	29.7572870765606	29.760578310967983
7970000	28.952364642618438	2.595570911244366	28.72623278933221	28.733457633690513	28.740068275153277	29.405483113309568	2.2354038654509916	29.209352810396062	29.23037457575299	29.233297641027935	28.909149697620183	2.1891854784851876	28.718209410834653	28.72348248560851	28.729035862360707	29.412243434328545	2.307475607395851	29.21122088515263	29.220039677476443	29.22751870123956	28.908509086105337	2.1942770911642384	28.718716278141102	28.72398054566689	28.728627798045515	29.385629718353275	2.3095774496213757	29.17598039037997	29.19488710467783	29.20993479295303	30.958847324541495	2.431506550353825	30.747461703039832	30.768809993449125	30.771719570456348	29.94074248273923	2.1912784209223264	29.753878060693772	29.757429437451677	29.760712926570964
7980000	28.953135969571186	2.603962523673348	28.726753042149134	28.734021510645544	28.740592244754957	29.404958522751066	2.235084771369735	29.20936537382109	29.230041124013145	29.232287031744516	28.909163546853158	2.1891819108909703	28.718209410834653	28.72348248560851	28.72905453944026	29.411240422274485	2.302497971487258	29.210476311873066	29.2191974369558	29.227299832345288	28.908526931601205	2.1938451487951616	28.718742631431983	28.72399813763259	28.728666432011753	29.384169849181102	2.3041207427841304	29.175076805471257	29.19231043137403	29.21055271388995	30.958041372398743	2.4226256615943105	30.747369259874787	30.76849474824492	30.77073452298587	29.940578804839333	2.1912941583540086	29.753872153723673	29.757409826782187	29.76062976836858
7990000	28.953088231150236	2.60660177187945	28.726417719410076	28.73388237493444	28.740442684844755	29.404501585984722	2.2347404818891548	29.208855731116664	29.229712350107782	29.232798850750374	28.90921155117407	2.1891778162359605	28.718209410834653	28.723565623616153	28.72915673485742	29.41159082570745	2.3047951125128834	29.210784011491334	29.21974814128496	29.227529082106855	28.908569036445297	2.1938407039608205	28.71892901137211	28.72402290424072	28.728732714722025	29.384179279317465	2.307338948729554	29.175920070362967	29.19456978764557	29.20906188457183	30.957919459611546	2.428388932120877	30.746666564889537	30.768160824162365	30.771242015307536	29.940704210691887	2.1912343647534023	29.75392121545369	29.75757187226874	29.760735787576767
8000000	28.952495588023734	2.6034118835275915	28.72622502872092	28.733352968201196	28.739671184860196	29.40638240436148	2.2345271675166622	29.212094152842546	29.230540827892348	29.23301247444499	28.9092106800765	2.189176736381894	28.7182510941246	28.72365800810234	28.7291699790807	29.41190325980258	2.3039857484607036	29.21112490103369	29.22055465727051	29.227442520477187	28.908577160102183	2.193840048376975	28.718869840672255	28.72403478145153	28.72898033710065	29.385093133824167	2.3073458611390874	29.176242579917346	29.19454922042388	29.2097457492711	30.95917350087782	2.4266941662879313	30.750393033723725	30.76899880033021	30.771423560112673	29.940452076864435	2.1912555174665513	29.75401607471828	29.757345797667313	29.760373096850948
8010000	28.952254907306973	2.603185058262676	28.725743524162496	28.73309257516253	28.739873270498663	29.40762470649078	2.235058554972704	29.216207677450914	29.230483184721685	29.23308224219901	28.909239985040983	2.189174239176581	28.718257363464375	28.72365800810234	28.729275003981336	29.41214655262045	2.3066255982255295	29.211368109282716	29.219414961302988	29.2271189968777	28.908601631953037	2.1938379897306346	28.719019841298607	28.724125895287404	28.729021305513285	29.385353944498313	2.308656243664317	29.17565251024223	29.194223852900976	29.209954832058383	30.96040866988296	2.4310227592957645	30.75429610407844	30.76894334010453	30.771507480353165	29.940590790352083	2.1912430746869562	29.753746808439537	29.757394925444864	29.760479767631253
8020000	28.950876040283127	2.5901421919377	28.726061660421447	28.733072766751558	28.7400073465066	29.40570756641815	2.236058892342959	29.20958002878208	29.22994829993691	29.23217805473566	28.909260673691396	2.189172130412546	28.718252589736505	28.72370325219806	28.729304801745897	29.411528840937052	2.3057962030271777	29.210897257764703	29.219513277802967	29.227235053426693	28.908627683719143	2.1938358148940966	28.71902776232474	28.724197359578525	28.72904800263129	29.38408967602644	2.3080465344196566	29.175483427435424	29.19238461011593	29.208988471706995	30.95869209298672	2.423501317162643	30.747842070035013	30.76837434418245	30.77062013208417	29.940545174062475	2.1912460037774504	29.75364532052276	29.75717469074811	29.76034306864575
8030000	28.952023018953852	2.602695506632018	28.72596004586361	28.73301090098181	28.73946418039616	29.4044192354091	2.2370434860665394	29.207250811416912	29.229627663260317	29.232541755358554	28.909299480661787	2.1891688132297427	28.718270431986085	28.72372684352129	28.72937804700162	29.411841695066133	2.306627967679996	29.2106688328789	29.219785562905194	29.22691059002579	28.908682219089822	2.1939917747126017	28.71903048136755	28.72421879126103	28.729060811699835	29.384625761139926	2.3090120882178584	29.174260182267805	29.19396372965459	29.20878963883067	30.95785281181527	2.429643720538996	30.745691861860728	30.768046294807505	30.77098421036042	29.940577047477724	2.19119544963539	29.75381030126153	29.75717689458159	29.76055166723271
8040000	28.951455106375246	2.594931082381328	28.725449990190906	28.73274815683014	28.739048527358577	29.405072049647185	2.2355115034095006	29.208511840120412	29.229437011536582	29.232490674193382	28.909315745450098	2.1891667629750025	28.71829341848725	28.723753954252768	28.7294043761998	29.4113797998323	2.3048228103906094	29.210888688001955	29.219127610327043	29.226100539783072	28.908723420117855	2.1940105692598832	28.719107234610476	28.724207947477087	28.72906869255	29.383997665385735	2.30672823549169	29.17590444891748	29.193067751519607	29.20763106608272	30.958098680588016	2.4253138720048657	30.74692716642001	30.767872749914062	30.77094768818837	29.94041697910732	2.1912093604909026	29.753795949915993	29.757101197996242	29.760383530873817
8050000	28.951330085527086	2.601965451006503	28.72602952990649	28.732759340177974	28.73930851421883	29.406298925469546	2.2365512808483863	29.210557885974257	29.229958682915672	29.232947895659233	28.90931947532442	2.189164586433195	28.7183266766464	28.723804579608572	28.72937804700162	29.411726052880006	2.307627846132725	29.211193602709734	29.219496044796077	29.227142242728583	28.908762464370188	2.1940071492829496	28.71917509287016	28.72425260101147	28.7290341152531	29.38434566485788	2.3093483953615532	29.174185606080425	29.192865566079874	29.20904692221206	30.958980295569443	2.426074583280023	30.748883738867743	30.76838027960303	30.771368411934017	29.940763146633454	2.191131407012676	29.7537335025918	29.757631464968654	29.76071446012933
8060000	28.951219225928316	2.59675584931687	28.725651195289966	28.732651407540196	28.740012939069672	29.40699744583769	2.235118453886462	29.212224994641943	29.230145010744693	29.232800352399856	28.90934485382028	2.189134174100181	28.718350802707562	28.72383030357621	28.7294234708374	29.410974997205408	2.3046868358745396	29.210281111014282	29.219716154165106	29.22718642216086	28.908772329145876	2.1940063292974075	28.719225369821544	28.72425260101147	28.72904800263129	29.384600534285738	2.3050244625343814	29.17395153737686	29.195166336901526	29.210638889675213	30.959240181179222	2.424837263246516	30.750265074450013	30.76849824751706	30.771138213931984	29.94069607728933	2.191144542429859	29.753876311561967	29.757553943959323	29.76079867192648
8070000	28.951486257832865	2.5970320174401866	28.725383970819667	28.73273544086358	28.739931765464906	29.406836755971515	2.2352847549899333	29.21395935324146	29.230414185130243	29.233471458627577	28.909334441179308	2.1891324614499514	28.718350802707562	28.72385547746616	28.72943468143194	29.41137391991341	2.305357199980181	29.21054795401138	29.219167591851384	29.22639872997419	28.908778814493576	2.194005668998938	28.719225369821544	28.72425260101147	28.729060811699835	29.385325661724785	2.3084729970699214	29.177399890462535	29.19434894228217	29.20923633690989	30.959744896591378	2.420450459121097	30.751936784868196	30.76884935340329	30.77173020141394	29.940519184290565	2.1911591158585932	29.753180842960134	29.757107968992194	29.76084695409498
8080000	28.95072942033554	2.5910869676559294	28.725193132848506	28.732334776567132	28.73924763312169	29.405741659229584	2.235096095741256	29.210120312609554	29.230149389486478	29.2322870824053	28.90935488021673	2.1891307902457715	28.718350802707562	28.72387021822751	28.729508205158485	29.411766235630363	2.307759103512037	29.210789316901163	29.2196639117372	29.22695122860611	28.90899621874881	2.1939549346248604	28.719346150303227	28.72434650451499	28.729108002442054	29.384500725141528	2.3096933448048795	29.175351579566282	29.19262959051899	29.209457467782055	30.95843576040032	2.424471259113864	30.74832122229027	30.768483680178306	30.770537986112615	29.940474849098685	2.1911444874566386	29.753618593943095	29.75711385170321	29.76045214207837
8090000	28.950948444019	2.596108734751035	28.725080294858543	28.732060907003287	28.73909770737837	29.407608404480246	2.2361100506247973	29.21307975012281	29.230171044712744	29.23301798545484	28.909357061323433	2.1891311419682236	28.718453252689077	28.72392030398706	28.72953322400033	29.411581609061663	2.3068251482837194	29.210128829205054	29.219568846304803	29.226760925640242	28.908957123833506	2.1935153009910806	28.719364816577325	28.724409012118848	28.729075303859382	29.385517220448335	2.3092755018939766	29.176708542309115	29.19380324466091	29.210851545678192	30.960945362991005	2.430126542489901	30.751016834329	30.76855980185072	30.771328827513486	29.940652719609172	2.191129026019573	29.75378276992213	29.757320228406474	29.760552421836735
8100000	28.9505117192173	2.5847743985822764	28.725386124304215	28.73249741509462	28.73953279010371	29.40519625901669	2.2366784865739047	29.20922456637787	29.22987294108653	29.231922884040003	28.909343548773986	2.1891313778265284	28.718453252689077	28.72398770642807	28.72952842585911	29.41156049850493	2.3080960746456203	29.210926849643865	29.219363698360393	29.226480865767126	28.909183503568805	2.1935033373857755	28.719369748826157	28.72450959888296	28.72908149949772	29.38524128644274	2.3106630538001003	29.17661102117834	29.194039840944924	29.208896474382353	30.958736394718617	2.4262683467522503	30.74765344848275	30.76833683538097	30.77038139028136	29.940707190400648	2.1911044789509435	29.75352314887956	29.7572781304033	29.76059032227531
8110000	28.952802001547	2.6064433759985906	28.726123585622837	28.732895534067513	28.739600490711325	29.40548552146382	2.23746512253437	29.207666811835477	29.230012671147236	29.232114386542356	28.909357669458572	2.1891288359705383	28.718521622868174	28.724068154899157	28.72964776252832	29.41159847278885	2.3077821547575863	29.21081087673453	29.219744686139055	29.226715848921796	28.909200633153112	2.193501443577994	28.719369748826157	28.724579312812374	28.729108002442054	29.384507319059512	2.3084889741851287	29.175300079769745	29.194326456245527	29.209270879372575	30.958049289947454	2.430322147880899	30.74436936072326	30.76834569734143	30.770180564057476	29.940721290998685	2.1910385537730948	29.753835992675743	29.757441969238286	29.760670929694157
8120000	28.952153973704142	2.5956729141006494	28.725978335300407	28.73244054567678	28.739854542841822	29.4078590484771	2.237589618486799	29.21510402261007	29.230495835714578	29.23365918861183	28.909375817279674	2.189127260299098	28.718590693994706	28.72406301241005	28.72965927001676	29.41207844490288	2.3080916461534198	29.211076546229783	29.22006224387951	29.227299421276307	28.909242718681714	2.193677879868342	28.719374390682276	28.72463275851031	28.729178666262595	29.385273481661454	2.3091822933566046	29.177265438112883	29.195507500213004	29.209579911792762	30.960570628028403	2.4248961743225568	30.75338652953524	30.76893203461399	30.772113131402563	29.940733638414656	2.1910367759140774	29.753821021641553	29.75748630241181	29.760968992071376
8130000	28.9519959183938	2.5982205415128257	28.725684158277577	28.73251511365997	28.739511688934538	29.407673391543632	2.2361659839252983	29.21359210775583	29.23048106015851	29.233372066413587	28.909407505291632	2.189297146615623	28.718590693994706	28.724109355836834	28.729588822271612	29.411572729881915	2.3048930098404314	29.210829196158173	29.22021575918565	29.22691288580876	28.90925622628829	2.193676136523429	28.719374390682276	28.72463275851031	28.72934916620546	29.384679779737215	2.305839735252028	29.17541048471697	29.193843140285438	29.209759089435	30.960860465752194	2.4221695159281733	30.752015968716517	30.7689177194437	30.771828792351442	29.940668088534235	2.19104197302797	29.753862488236855	29.757486238686155	29.7606209453492
8140000	28.95221660223498	2.6076896991522363	28.725730072887167	28.732532184280792	28.739189190517273	29.407594271191847	2.2363445361691716	29.214302533944874	29.230456109041036	29.23300484294422	28.909420707059763	2.1892959799962584	28.71862897668139	28.724109355836834	28.729588822271612	29.41169621409099	2.307213540364313	29.210605768044587	29.219498174210578	29.227807203184234	28.909275986260496	2.19367425766184	28.71942888605436	28.72464703405157	28.72932364188801	29.385979952483094	2.310043494203901	29.175053582915083	29.195329060732625	29.21135967229776	30.96153348361804	2.4314751789899556	30.752742440588207	30.768908262255763	30.77146931350705	29.940369004220102	2.1910699688280406	29.753673311059895	29.75733157725687	29.760530300387448
8150000	28.952476459039232	2.601481442766333	28.725619877632226	28.732664255766032	28.740076502306266	29.405229248283874	2.2367607145186117	29.209319426400732	29.229388167186617	29.232093235174133	28.90947371375428	2.1892913003184717	28.71859866464586	28.724116976720957	28.72967585669143	29.411273373417313	2.305253775612678	29.21022062871919	29.219471673763497	29.226764499383865	28.909303183376615	2.193671970187559	28.719529807326577	28.7246526047684	28.72928576366798	29.38425327255389	2.308410987115105	29.17444739351173	29.192719899709985	29.209116410052566	30.958447088676746	2.425947794321168	30.747629141229897	30.76781156082904	30.77052552773533	29.940561191367664	2.1910695251358607	29.753502498398294	29.757279365956016	29.760663869697503
8160000	28.9522400311966	2.5939755513275733	28.726094879777385	28.733180885138474	28.739789780960415	29.40681732108146	2.2362997960951128	29.213465028102377	29.230473045533763	29.233102170383944	28.909526622125625	2.189286716184359	28.718661917119704	28.72414551374853	28.72970176209734	29.412463586300667	2.305450358399944	29.212027410043966	29.220386411539245	29.22799324192421	28.909335995258967	2.193669168790819	28.71969910095738	28.724668204017014	28.72934916620546	29.386303609056196	2.30839091468989	29.176629656622126	29.194621118317674	29.211271069089317	30.96014292767445	2.426723396125921	30.7516678874549	30.768926049965856	30.77151332989296	29.94069074459668	2.1910599363998777	29.753746564115257	29.757556588843908	29.76072099839223
8170000	28.953024578858447	2.606096185890618	28.726228904893	28.733380198602944	28.740201469001846	29.407686674892712	2.23487937623655	29.21231564176461	29.23014746204845	29.232839974533217	28.909566129219876	2.189283076985249	28.71873542247295	28.724266985598568	28.72978740878434	29.411817356109566	2.3053056001275727	29.211073107463605	29.220025248676656	29.227335931801868	28.909326818003624	2.1936683652044957	28.71969910095738	28.724675449409006	28.729425312513598	29.385446734371232	2.3064582666478364	29.17549654290249	29.194847232721905	29.211185492833216	30.96171102587918	2.431593650645115	30.750725570151886	30.768597168778967	30.771233513012017	29.940528371559015	2.1909870121690416	29.753809123280785	29.75735873407289	29.760786663833468
8180000	28.952617950775082	2.599390193457667	28.72590699004222	28.73337934145769	28.740102146826498	29.4063741978098	2.236128832536824	29.21186419082938	29.230113519451194	29.232777550077266	28.909617909880602	2.1894003264108397	28.718797960733447	28.724403280690343	28.72978740878434	29.411535962643644	2.3075688063576565	29.210043634997504	29.219253212146732	29.227445755306505	28.909317402479264	2.193668666153689	28.71951033837196	28.724675449409006	28.72938883283097	29.38488234605204	2.311432545383942	29.174876724844857	29.192736975414135	29.211029643598447	30.959359710825627	2.4318365450617647	30.749768198489257	30.768421168068542	30.77105735407983	29.940618430339864	2.1908823185994915	29.753859371055	29.757495141128004	29.76091476157474
8190000	28.952155089671454	2.6041575173454805	28.725555189291267	28.732133508803038	28.73945883989738	29.405320093358362	2.237367982260343	29.210524167428495	29.22975270848078	29.232071126620554	28.909614885209013	2.1893994880573415	28.718888968234282	28.7243838320056	28.72970845579428	29.411749643042327	2.308579320145892	29.210664523357323	29.21958163707505	29.226964774347735	28.909319309810567	2.1936679567204065	28.71951033837196	28.724713070484903	28.72935728342358	29.384137009941714	2.3101444217088094	29.174325820437055	29.193015319498418	29.208673457846324	30.958168696543613	2.430027950040475	30.7488822010758	30.76817700257495	30.770401714325313	29.940360092701724	2.19099055775141	29.75351744707455	29.757362865645675	29.760808508637247
8200000	28.951534423362677	2.5915624607569994	28.725773770996177	28.732574550813403	28.739370754516436	29.407056656351244	2.2374595648868842	29.21484441000859	29.22998513065929	29.232710966705056	28.909601375575882	2.1893431458131505	28.718910628564238	28.724347008600297	28.72965927001676	29.411325110372392	2.306553522193262	29.211008681171094	29.219285259906933	29.226613978903718	28.909355266181027	2.193664866206647	28.719690214933294	28.724713070484903	28.729326324777443	29.38449989902005	2.306901006619313	29.17611020875318	29.194202675170086	29.209232384793257	30.960363965895507	2.4268594190607304	30.753021289329812	30.768433250657715	30.771145584094427	29.94041323852415	2.191090484734841	29.753639136553954	29.757191785776065	29.760853052262394
8210000	28.952306877370365	2.6019886637882768	28.724979936163486	28.73272177505852	28.73913178442387	29.405929923797064	2.235422724009545	29.209717918505955	29.230231496793863	29.23242290521398	28.90959819749611	2.1893364682580536	28.718930678844792	28.72431516624603	28.729602392772154	29.411228911578913	2.30200073952952	29.210158875545112	29.219738676772728	29.22750325190286	28.90937057080448	2.1936635867735745	28.71972417585443	28.724713070484903	28.729326324777443	29.38432028322291	2.3044274948576	29.17323136454502	29.193574246402314	29.210738296702253	30.959374311169142	2.426439961682361	30.748174694407684	30.76867437180477	30.77086734631594	29.94051660199288	2.191101659865695	29.753713814471656	29.757272981242316	29.76088794874187
8220000	28.951579192524605	2.594393381099117	28.7250421917649	28.732773302393888	28.73946684322586	29.406228171444745	2.234819173941625	29.21378671812781	29.230488380686815	29.232385393220323	28.909635515682545	2.1893332715889784	28.718993179009324	28.724375786885837	28.72965557480586	29.411681731645363	2.30291396866953	29.211247969814192	29.220277030988044	29.227018093460313	28.90942886431495	2.193658544720441	28.719786378533225	28.724765666948784	28.72935728342358	29.384976050564486	2.305497599953023	29.17650113796514	29.194733165237736	29.209707180707255	30.958952273271876	2.4235915651068485	30.7516574773634	30.76891625247629	30.770782685588497	29.94061528605622	2.191092574229856	29.75327716151061	29.757400421659888	29.760761046328867
8230000	28.95238235313102	2.6034094266667616	28.724937832581112	28.732625282313457	28.740064693941036	29.404610111068283	2.235372938182546	29.209230891375864	29.229955720260566	29.23234894728117	28.90964768381156	2.1894441081201297	28.718993179009324	28.724403280690343	28.72965557480586	29.41152805252438	2.306334449569744	29.21024553894249	29.220089276445865	29.227086612907268	28.909460398573994	2.193693894640748	28.71975387740497	28.724817238154777	28.729448358110147	29.3833373427668	2.3062982359312874	29.172531458005366	29.192498265111908	29.209123597031045	30.95736384311303	2.422057218477509	30.7467923950713	30.768364012821365	30.770650463227625	29.940419515367413	2.1911103604974302	29.75350258396165	29.757157972010333	29.760586880060004
8240000	28.95171384475415	2.59784927683233	28.725030722531802	28.73197349122912	28.73936801455935	29.40548611180693	2.23567234734092	29.210292421105994	29.230078618294534	29.232275836869423	28.90966990561361	2.1894489244919453	28.718979835807794	28.724448085707444	28.72967585669143	29.411860511338755	2.305355792843202	29.21058306064449	29.219846279175826	29.227257911308005	28.909486038308028	2.1936915493469935	28.71978996607062	28.72487569284519	28.72935728342358	29.383866015872517	2.3065874116502063	29.174317092476706	29.192156520885803	29.21008766969151	30.958151586097433	2.425234659225736	30.747907865054266	30.768524909267825	30.7707293436794	29.94056662388762	2.1910982522484472	29.753496570398795	29.757508807231225	29.760649579610714
8250000	28.95207002499107	2.595027692519519	28.725763025486014	28.732183332824878	28.73924848849797	29.405676893324028	2.2345718392769336	29.211003985578916	29.2303602943962	29.232321366801717	28.90970782646135	2.189445668917348	28.718993179009324	28.72445169089638	28.729824484603668	29.412482140278154	2.304793358318568	29.211676857383132	29.220598460274964	29.228529437692465	28.909507382688556	2.193689667482098	28.719786378533225	28.72498365066545	28.72938883283097	29.385090780393625	2.3071229246181573	29.175716718255547	29.19487282286059	29.21038664490687	30.958489803378903	2.423709271784233	30.74903112701633	30.76878469284289	30.77076695937083	29.94075580196915	2.191080691972346	29.7537298276938	29.7575462112836	29.760649070075246
8260000	28.952132920002654	2.600242438873019	28.726060231947535	28.732539541891818	28.73911968101732	29.40568871948775	2.234428014630672	29.212940283177453	29.230378908840528	29.2327035513271	28.909732659996727	2.1894227825026684	28.719021908074357	28.724448085707444	28.729814831799732	29.411750068910774	2.3011652514429266	29.21190618631256	29.220068021451524	29.22758236642001	28.909518882535938	2.1936884429037975	28.719792638762932	28.72501168684783	28.729448358110147	29.386184192681473	2.3042288249492935	29.178009820542133	29.195933241379027	29.21117939173643	30.958604312658995	2.4264246316116833	30.751361709470608	30.768841473235547	30.771160005441086	29.940681270748964	2.1910896198147354	29.754362765878966	29.757733742448817	29.760937275214054
8270000	28.951962954901497	2.599483115660168	28.72556056647228	28.73307658970819	28.73944900023212	29.404895232821136	2.2341050416401034	29.210723137996307	29.22993825362162	29.232480858901294	28.909732393332106	2.189422340771631	28.719062110730118	28.7245100100036	28.729777852602382	29.41125746573429	2.306178309360585	29.2117715212422	29.219110947530524	29.226159100030895	28.909549478913032	2.1936858760740403	28.71981740716685	28.72503792063667	28.729448358110147	29.38351382796145	2.3093077670646376	29.175447264523463	29.19354320665679	29.207173737784295	30.95883519639123	2.427666615679289	30.747649249107155	30.76835311402116	30.770806715218622	29.940500985928598	2.1911041927257418	29.753785346688332	29.757565406309244	29.76070607867017
8280000	28.951331219246633	2.5971072487897255	28.724924222750438	28.732982689030727	28.739746128161144	29.405457028725046	2.235280292420112	29.209374443856905	29.23027145068684	29.233583451400612	28.909747650463085	2.189420605583485	28.719170015453493	28.72447812663174	28.729814831799732	29.41126187058747	2.3052412213959834	29.209961222311787	29.220484942757295	29.22696328406354	28.909558012379385	2.1937961408069686	28.71978996607062	28.72501168684783	28.72951419854497	29.383808356596536	2.3079318816185204	29.175369598435676	29.194550991549058	29.210670977768785	30.958532564726152	2.4273360385797305	30.747329354395507	30.76866202480798	30.771893140611354	29.94061638812607	2.1910935587077573	29.753692649638367	29.75749084095863	29.76069865764893
8290000	28.951187457771077	2.5953287501135867	28.724537358488636	28.732461445289047	28.739644045941	29.404580005032855	2.2360589560313557	29.20854399115889	29.230034102998463	29.23206256778897	28.909753114380685	2.189418985817769	28.71927090181318	28.724459385016097	28.72983347860701	29.411682862243808	2.307825944874816	29.209949008497478	29.219956583023272	29.22759974966306	28.9095955266423	2.1938441740059225	28.71982987113778	28.72501168684783	28.72946991819131	29.38349955558046	2.3095669381733517	29.174263275117664	29.193219154024355	29.208644089407123	30.95770204473995	2.4290918046988006	30.746598230447617	30.76848283524393	30.77049658639741	29.940753223072335	2.191081498483027	29.753856338947706	29.757299903344254	29.760724308903583
8300000	28.95203743175153	2.5979983150917567	28.725305481782172	28.73275881167008	28.7395956842473	29.405243600505067	2.2359547838954534	29.211205877445835	29.23012175313064	29.232201441753325	28.909783396874754	2.1894160929266135	28.719311387350167	28.72445169089638	28.7298738011146	29.411816868020278	2.3081152848434243	29.21062806742312	29.21987778240773	29.227116927859527	28.9096031386361	2.1938435229663718	28.71982987113778	28.72498365066545	28.729448358110147	29.384276944682135	2.3102203691268848	29.174872507945597	29.19385307108211	29.21010526701825	30.9587224118674	2.4319263015761425	30.748537437824897	30.768535870973032	30.77055207361131	29.94098545368763	2.1910419860539316	29.75418766114718	29.757847980100173	29.76084563018794
8310000	28.951738391673175	2.5990286126072197	28.72551096595994	28.732395728543352	28.73942263887667	29.406756784317295	2.2347350709728415	29.211616693619362	29.230413633271585	29.233178190231932	28.909789502131726	2.189415464808284	28.719305656018815	28.724448085707444	28.72988140815492	29.411309419553394	2.3055303983203457	29.21038957881645	29.219306034345486	29.226560083423117	28.909654696027207	2.193838987616942	28.719900949809883	28.725021466007917	28.729489346519788	29.384095301150513	2.307879928650939	29.17583448934679	29.194268593390795	29.209514443548265	30.959909768331965	2.426028656526967	30.749791970953833	30.768850604562637	30.771607619248872	29.940792754429303	2.191057126282031	29.753549830654695	29.75749002703715	29.760642297337217
8320000	28.951442354038125	2.5848922944276422	28.72550898243078	28.732612274402612	28.740005989730317	29.405418289762004	2.233742988941717	29.211378119463625	29.230228464323503	29.232637006566566	28.909833504566183	2.1894117468822905	28.71927090181318	28.724459385016097	28.730015986533786	29.411881491358713	2.30349190065789	29.211096124948554	29.219971300448417	29.227005250453786	28.909707860284446	2.1938343649793097	28.71997273689805	28.725021466007917	28.72949827747683	29.384904293991816	2.3058205793097533	29.176469349857687	29.193950087130432	29.21037434822717	30.957946947336087	2.425757534907359	30.749363924122147	30.768670730443503	30.770894883636405	29.94075387397893	2.190964118329754	29.75378724185073	29.757364577052954	29.760541270723728
8330000	28.951873847440833	2.593727810804673	28.725814584676925	28.7327509984953	28.740497785985568	29.405383074875875	2.2345908328146327	29.209339659905194	29.22978739778899	29.23263151353906	28.909853002083015	2.189410020965741	28.719240958313954	28.724494857366132	28.730040099083528	29.412017752486495	2.3066732852321596	29.21174375171516	29.219868565478002	29.2269717506519	28.90972382187007	2.193832944992929	28.71997273689805	28.725021466007917	28.729609596612256	29.385298143823537	2.3089366578600723	29.17789377830107	29.193777633885446	29.209145811507472	30.95823772004621	2.4281575398016715	30.746254814278593	30.7681942493233	30.7709741878922	29.940882420154097	2.1909530768977357	29.754144805643335	29.757679448711805	29.760705865136426
8340000	28.952526183452555	2.6016186975839912	28.72586549376415	28.73315872829997	28.739910678285185	29.4075392560908	2.235081868459404	29.215554512838306	29.230631912653386	29.233735662483742	28.909897554677258	2.1895851218877382	28.71927090181318	28.724498085914096	28.730040099083528	29.412240703220036	2.306302073092429	29.21200587724917	29.21976984586324	29.227174987001213	28.909765373176423	2.1938293903041215	28.720034986902206	28.72512805105531	28.72963469303504	29.38633261410383	2.308302484673646	29.1782136445713	29.194706083520916	29.209939799146355	30.961118877823647	2.4291290316711924	30.75377610626607	30.76908959903784	30.772121698668816	29.9409300451267	2.191020736345394	29.754321893572005	29.757657553834697	29.7610369626016
8350000	28.952557056560185	2.605373388308798	28.72603514212243	28.733019413469346	28.739707009719744	29.404286961167937	2.2349468234722667	29.205056371049974	29.229588156345134	29.23259535099338	28.909899952938925	2.189584858533916	28.71927090181318	28.724551801530396	28.730040099083528	29.411396488308725	2.3048530785625356	29.21097887224576	29.219420199968702	29.227179326794886	28.90979239985892	2.1938269929350054	28.720063706971455	28.72515453504613	28.729701058907303	29.383981222931354	2.307870799471623	29.17468272532046	29.192988630714943	29.2102964264734	30.956401005307054	2.4258825941282085	30.74249744712638	30.767851263838427	30.770996600461167	29.94091145401258	2.1910545533417554	29.75359302763098	29.75769562391926	29.760747125548576
8360000	28.95157641049358	2.5952651692204745	28.72586387035419	28.73307942171414	28.739621475482508	29.407460906354828	2.2356740074259083	29.213808126628532	29.230445778706194	29.232582618174746	28.909902168446095	2.189584141379491	28.719240958313954	28.724518102271233	28.730053856758985	29.41199686458793	2.3035417046642293	29.211556113403045	29.219995297769344	29.227297116537677	28.909796277888834	2.193825297347669	28.720062561777652	28.725157517370107	28.729659791546425	29.385126135951705	2.3061555497729573	29.17651469799823	29.194975692301085	29.209906112221933	30.96060967358451	2.424882170828667	30.752070324329573	30.768889437658103	30.77104181903472	29.940887629713153	2.1910573863968166	29.7538841650839	29.75758085560489	29.760926314975123
8370000	28.952555973523374	2.6009127895818693	28.72616214049928	28.732769454812992	28.740761433128526	29.406641445861492	2.235015610830318	29.211683889811532	29.23035173919397	29.2339962626443	28.909907404008074	2.1895836075867785	28.71921280487409	28.724518102271233	28.730053856758985	29.412332643797107	2.3070997422870003	29.211823243487345	29.219632410994404	29.227361059360376	28.90983575184601	2.1938219398354653	28.720067766906237	28.725157517370107	28.72975396487363	29.38567632365532	2.3095403566614676	29.177124875731483	29.194618183020108	29.210046583265708	30.95972887343302	2.4253455681067777	30.750136364210675	30.768791968056263	30.772418040654244	29.940933440848113	2.1910530358156817	29.754046341733307	29.75752812884342	29.760966159315934
8380000	28.952203132569558	2.59980460912329	28.726568900374254	28.733066524789024	28.73978446825457	29.40621308931075	2.2367493830577097	29.209464438003746	29.230332873290298	29.23248120628626	28.90991602090348	2.1895826732538883	28.719240958313954	28.724518102271233	28.729916425361466	29.411728617940064	2.307515701602758	29.211075294919283	29.219336369432092	29.226739807584792	28.909856846091547	2.193819226582036	28.720067766906237	28.725178562031637	28.729804434877483	29.3842610960826	2.3090344953843442	29.17507635551091	29.19333649352427	29.209458627188056	30.958699673750502	2.423756427759268	30.7473941820785	30.768767308143353	30.770938070925446	29.940765485907335	2.1910687293498765	29.75418052670124	29.757512272322504	29.76079731032587
8390000	28.95191521834798	2.6045693304503	28.72521916803567	28.73256765195645	28.73970147035903	29.406566721078903	2.236555401197591	29.209696255416066	29.229919225012086	29.232616588400504	28.90993559110846	2.189580743491623	28.719240958313954	28.724631695299568	28.729916425361466	29.411429156936833	2.3060670097920792	29.210739044147793	29.219393658724762	29.22652373050421	28.909842763564484	2.1937693912250977	28.720069459134706	28.725083320382026	28.729863181532963	29.383756254866086	2.3075255495825298	29.174601158328066	29.192310557799118	29.208449325156206	30.959137077675507	2.425196116870427	30.747806509764853	30.768304231862366	30.77087031158302	29.940823591744113	2.1910052503142063	29.754168443295196	29.7575814970194	29.76078444066713
8400000	28.952382489814877	2.6028954994438562	28.726490718016873	28.732698506274183	28.739522534086408	29.4061410936552	2.235599526254031	29.212215216410428	29.230017730339643	29.232166618787712	28.909972514668233	2.1895776229885655	28.719389555933763	28.724631695299568	28.730053856758985	29.411645645509807	2.3066163432660587	29.211521628962537	29.219308096340853	29.226699687295437	28.909864975334013	2.1937674349025476	28.720136859470426	28.7250751783393	28.729863181532963	29.38491376137636	2.307822160131393	29.176661766577205	29.19448100195568	29.21002645097487	30.959069840566883	2.4256620725918263	30.750030208194445	30.768364689102018	30.770535207518314	29.94058842964229	2.1910283197575264	29.753777277763394	29.757430008726175	29.760935795881878
8410000	28.95165399686037	2.5990908366682786	28.725480879297464	28.732424251859094	28.73901401576582	29.40478227127428	2.236523797898338	29.208516722596393	29.229744007335782	29.232378226946768	28.910204373568167	2.18973425890768	28.71940654241651	28.724622020114225	28.730095276656296	29.411419127905845	2.307001457339834	29.210182692858197	29.219440182445812	29.226540230336866	28.909866062541415	2.193767281412777	28.720140077629317	28.72502985727388	28.729863181532963	29.38339786702427	2.3090551573724123	29.175004058243022	29.192465206509272	29.20762590508071	30.958008387417028	2.4282831423583073	30.74532133666629	30.768189980376395	30.770825849421406	29.94080065841318	2.1909953301840877	29.754113039642835	29.757381903254746	29.760565395710724
8420000	28.952052989004578	2.5971950696437	28.7254263045898	28.732292364365897	28.739922048572925	29.406031627569316	2.236578755856573	29.21067839748882	29.230324114067468	29.232265922108954	28.910241669198825	2.1897430697518927	28.71954219721032	28.724638403369497	28.730012605309668	29.411745377146225	2.305453036707896	29.21165282912677	29.220081809140268	29.22701212181132	28.909849351784395	2.1937677070188273	28.72021696906501	28.725021466007917	28.7298331310554	29.38506486946045	2.3072156261375665	29.177353565187534	29.19416277893531	29.20998073816535	30.95906346506993	2.426737835749515	30.74898565595064	30.768735463006635	30.770645040565853	29.940677020760194	2.1909319431397103	29.7538717422121	29.75738730317841	29.760663118016843
8430000	28.952119543692064	2.5968508394880416	28.72531980428755	28.73281590996737	28.740049512665056	29.407390762353007	2.235111562546064	29.214135755060656	29.23043594326985	29.233516122154224	28.910261786343735	2.1897412997633987	28.71954219721032	28.72473387744809	28.730012605309668	29.411806753591854	2.306605686105727	29.210875953227237	29.219909968359612	29.226714017053844	28.91008862044857	2.1937574515224996	28.72022744264013	28.725095386005748	28.7298331310554	29.386209670154724	2.308237961269709	29.178909400099975	29.19557528298512	29.209920659868857	30.960916940164722	2.4305479213560193	30.75225472952908	30.76885129694243	30.77189357657915	29.940604067992176	2.1910027015766342	29.7537397918844	29.75742588756117	29.76097426944886
8440000	28.952293069548386	2.599585152648061	28.726376223436382	28.73316537478289	28.74014534826171	29.40577171319903	2.2356341059836677	29.212895826004967	29.229957907206316	29.232107765625692	28.91029891588209	2.1897999675172466	28.71959542644496	28.724834649183723	28.730012605309668	29.411640447686246	2.3079816163803666	29.21065921741315	29.21936638561224	29.22701297341407	28.91012206412127	2.1937535686092327	28.72035652885285	28.72512805105531	28.7298331310554	29.384142097243977	2.3101906590669317	29.17407852774831	29.19269356383866	29.209768629608043	30.95892213710764	2.431785477623897	30.75006052932885	30.768358885239167	30.770488881962535	29.940753773928115	2.1909292789051906	29.7538803781678	29.75752697096458	29.760750707449517
8450000	28.951179197906647	2.595241999396135	28.725960599279567	28.73260279579322	28.73921180684433	29.407418607993712	2.236045973238797	29.21384194793943	29.230281628699785	29.232286887148838	28.91029913783436	2.1899720699920704	28.71936857738506	28.724899730542376	28.72990474230306	29.412517454242902	2.306031558170734	29.21146506666522	29.220819835175217	29.22761227393729	28.910114168002885	2.1937523064192583	28.720407376771185	28.72512805105531	28.729804434877483	29.38585126804455	2.3073912253221733	29.177280094230106	29.195086695292026	29.210721017516583	30.96018984456448	2.4240003111015334	30.751762165493975	30.76870969655094	30.77068308120783	29.94077737381783	2.190927074247739	29.75410811445901	29.75745761594216	29.76077242778796
8460000	28.952453204333622	2.6029453555278614	28.726023172615335	28.73293287629466	28.73951200592029	29.406812423910633	2.2351198407211954	29.212783305816735	29.2301096008041	29.232987812934287	28.910318212702197	2.1899704347976576	28.719393121378694	28.724874651894197	28.729954944845883	29.411447961895554	2.305855273396984	29.210823681111627	29.2195267792628	29.22701957305424	28.91016095582589	2.1937482640921386	28.720407376771185	28.725158850539202	28.729863181532963	29.38445561888216	2.3072621652057266	29.17585323426088	29.194496547580055	29.20998282818234	30.95954923248013	2.4274509998854135	30.749868088562614	30.768493034576082	30.771393565211504	29.94029361084788	2.190972354426519	29.753879582552333	29.757383199147295	29.76087010978252
8470000	28.951414483250666	2.5933771601238313	28.725477535842657	28.733101611956506	28.74008041163152	29.405950408752833	2.2349579924903735	29.21094801498774	29.230214986913687	29.232716334347337	28.910359652508888	2.189954831980386	28.71962463886246	28.724912906912	28.730012605309668	29.4117252144128	2.3040725407384386	29.21109093413063	29.21981213839048	29.227552654616677	28.910182633025983	2.1937464115714627	28.720407376771185	28.725165935439698	28.72988829311428	29.384278780901877	2.3061620897870228	29.174684661792305	29.193627199493882	29.20981210302857	30.95917823696024	2.4254224217130913	30.748290867873127	30.768676481932694	30.77116307838149	29.940724948021455	2.190932111656279	29.75373650371243	29.757458069023386	29.761146190349006
8480000	28.951362127992265	2.597013180466555	28.72516946629121	28.732408509346843	28.740056322947563	29.408109589424278	2.2337081358133597	29.216380124188547	29.2305269622205	29.232670782693322	28.910376393549264	2.189953102363056	28.719648777734513	28.72491832442313	28.730012605309668	29.41169781638746	2.3019168433849337	29.211732939951506	29.220169230057667	29.226970768328794	28.91018856382041	2.1937458682684565	28.72035652885285	28.725165935439698	28.729916964717265	29.385503210213688	2.303260998463187	29.178569224052012	29.194459770120567	29.209845209605785	30.961454112505056	2.426131021433285	30.754684373775095	30.768965363686394	30.771014766729962	29.940594954222433	2.1909435803920485	29.75398931361436	29.757408428874008	29.760740167661474
8490000	28.952095090284253	2.6055617732714658	28.725853201244224	28.732758341857576	28.73978461047664	29.408052052209985	2.2353128678469916	29.214350580866466	29.230331002679705	29.232695290703603	28.91039796247344	2.189950909913674	28.719655938147625	28.725007590628273	28.73003056475705	29.411902211197052	2.3067807856200906	29.210861984718516	29.219627725008486	29.22685117190426	28.910219260550807	2.1937433119878493	28.72038683159111	28.725307028734427	28.729940272343455	29.384980202935417	2.3087204718020367	29.176324537984065	29.194992686408742	29.20911770863819	30.961001647128153	2.4267196820848853	30.75169642339667	30.768764929293084	30.77099412396472	29.94079852022059	2.19092456097356	29.754141601850623	29.757521094419467	29.760767573793913
8500000	28.95172376674008	2.6007404709103827	28.726118793411086	28.732843977763224	28.739485469311706	29.407453698272064	2.2347864076110615	29.214742382414926	29.230377724941594	29.233002734845385	28.910438448735032	2.18998175892633	28.71980368293983	28.72501575490036	28.730143011855493	29.41242693938587	2.304163386984287	29.212483416179484	29.220869985987758	29.227363556463864	28.91021907977546	2.1937432857923875	28.720407376771185	28.725291521027543	28.729971173429554	29.38590519893282	2.306663892383718	29.177813555630614	29.19537461865471	29.21044049295239	30.96087366592395	2.4278642099357226	30.752829930981736	30.76882557106277	30.771291777256835	29.940915607231915	2.1908918444378678	29.75419573995811	29.757615520029013	29.76076950383225
8510000	28.950970013167648	2.590131472493168	28.726198374196326	28.732428977497555	28.739363011961935	29.406111646611016	2.2355424853603747	29.211185476369383	29.23038640368683	29.232830711515476	28.91046960580754	2.1899785754570154	28.71982968845214	28.725095542944896	28.730143011855493	29.4126886140761	2.305673035389307	29.211969040763947	29.220658654671567	29.228135654852103	28.910227307599335	2.193742508068498	28.720412957505943	28.725338567364332	28.729961326531694	29.385899743925595	2.308384487516274	29.17777445058296	29.194982305316802	29.210944303670306	30.95993628666178	2.4270621889395616	30.749372017147174	30.768811997057806	30.771277479691754	29.940950415695013	2.1909001695044776	29.754023968220245	29.757722149406558	29.76080420120825
8520000	28.951383890855727	2.596867283663897	28.725899441862406	28.73276405791546	28.73921970102549	29.40641065793583	2.234247543875327	29.211430275912818	29.229497893413274	29.2318905948703	28.910482212294774	2.189789491272624	28.719887945671637	28.725182970166475	28.730153861499982	29.411657392154357	2.304156145974838	29.211112221838935	29.21915263950982	29.226704760938603	28.91027505443416	2.19373834490808	28.720506938491653	28.725353116841635	28.729967855644993	29.384055378488114	2.3066838643236474	29.17595004655724	29.19237564372399	29.20839243294642	30.959527440372703	2.4240968655586657	30.749432632379385	30.767895339356656	30.77029175741116	29.9410358632177	2.190947843795498	29.754299361199827	29.757475356453618	29.76075617911153
8530000	28.951715956305158	2.595217622253651	28.7262267307487	28.732974574976446	28.73925727790319	29.407908462196016	2.2324626223521546	29.215079117617996	29.230331000757154	29.23345283045294	28.91047747592899	2.1897896314356844	28.719887945671637	28.725182970166475	28.730160639216752	29.411244437465008	2.302594139753801	29.21057898122436	29.219710968144796	29.22762162549305	28.910316696068147	2.1937347164469405	28.720604145006497	28.72541934846855	28.73000361951629	29.385365564681727	2.30498448446457	29.176682262113733	29.193436851719696	29.211176825553878	30.961474256220853	2.425341401121742	30.75289678056755	30.768752499101524	30.77168390988829	29.94083012145754	2.1907976195790524	29.754293376700414	29.75764532595975	29.76072254606
8540000	28.952565522150834	2.59988000438168	28.726263058903648	28.73307343147131	28.739912088850584	29.406194268597943	2.2344098487900577	29.212392052724134	29.230404436568616	29.232718904518435	28.910464701487356	2.1897884371460976	28.719966318162378	28.725157021143367	28.73016816620757	29.41233297318901	2.306125553202604	29.212058875897732	29.219945719352257	29.227305541319065	28.91035907275358	2.193843048743406	28.720653636000232	28.7254475382723	28.73001161379234	29.385362688247117	2.30708042450643	29.176638901655025	29.19515902476314	29.209898541073155	30.959924212552078	2.4276954776070023	30.750108520191688	30.768814110347734	30.77109925117712	29.940954245771795	2.190681499725425	29.754257323687096	29.75753233542379	29.760932086903672
8550000	28.950886228585052	2.5927116340288276	28.725858834272096	28.732966898298862	28.740147421943497	29.406056956754075	2.235228486002265	29.210390704060515	29.23032672076161	29.231993694835733	28.910477960694905	2.1897873136880737	28.719950848286306	28.725193567261595	28.73016816620757	29.41227966631043	2.3066917020336226	29.210548659594018	29.221064944977048	29.228335861963306	28.910383737482547	2.193840985950368	28.72069759635985	28.7254475382723	28.73001161379234	29.385421612758083	2.309259104201657	29.175799201420098	29.19476060106507	29.211923600329914	30.959074835110215	2.4311729897024446	30.747643284528415	30.76878638085222	30.77040114731946	29.940946919227947	2.1907370887657027	29.754106010865648	29.75772353367607	29.76100613153825
8560000	28.952297134178338	2.5975990773256097	28.725377420538557	28.7326389294295	28.740335068356245	29.406568013481436	2.236142201900816	29.212618015153552	29.230169638474997	29.23251654811826	28.91048219242045	2.189786940909463	28.71990991522382	28.725193567261595	28.730203057209483	29.411993977767054	2.307047968078098	29.21159674386221	29.21997353561259	29.22749461523834	28.910393522815976	2.1938400900783974	28.720750237341317	28.7254475382723	28.730056334151534	29.38548552089405	2.309266160650221	29.176737664358086	29.193904985542257	29.210996039985226	30.959347560816255	2.4293036045311536	30.750745927858635	30.768620015044277	30.7708088987107	29.940902918823475	2.1906770034017278	29.753981437124462	29.757683732463384	29.760952985589533
8570000	28.952087089830997	2.6001653534599924	28.725649482432765	28.73276338578603	28.740515090070186	29.406040349488038	2.235532114962862	29.210356144536437	29.230114449679945	29.232697625972346	28.910517782866517	2.1897837970128693	28.720006691876694	28.725193567261595	28.730259929916997	29.411787659876882	2.3061769372816774	29.211038447239453	29.220120886363045	29.227003082411784	28.91039751795449	2.193839763716649	28.72069759635985	28.725424201984012	28.730070621736793	29.384664057865965	2.3089033569920376	29.174561471705093	29.193866622345123	29.209512575156133	30.958316213051674	2.4224600546081456	30.747924486373247	30.7684392560259	30.770980293691963	29.940797184050403	2.19068431040959	29.753779605842503	29.75773459097666	29.761005992046407
8580000	28.952763374729617	2.6025009579847342	28.725570779337467	28.73299453088314	28.73963560448376	29.405945890013843	2.2357669991168376	29.21210861222271	29.229786189430335	29.23230592172233	28.91052158631144	2.189793323077458	28.71998489500686	28.725182970166475	28.73034752948173	29.41221180346781	2.3064236748334808	29.211174995917332	29.219535241436546	29.227223760838623	28.91039782994355	2.1938397348277046	28.72069759635985	28.725424201984012	28.73005640421897	29.385336863488458	2.309638239941912	29.17664157260406	29.19371915182036	29.208960002136614	30.95919540664242	2.429425899119306	30.74993664786048	30.768211339707154	30.77070056425378	29.940707181972666	2.1906929948783684	29.75406440631181	29.757469358707972	29.760925420366537
8590000	28.952302804449882	2.5974867122629868	28.726092525207456	28.73251506699694	28.738832264148186	29.406014729407083	2.2365446423306783	29.212393864783646	29.229874611622613	29.23297715557	28.91055885119892	2.1897899158833543	28.72002017782432	28.72534145333333	28.73034752948173	29.411573673635097	2.308113782451598	29.210754645185872	29.219614918977932	29.227031572199348	28.910368158364516	2.1938391107529296	28.720750237341317	28.72533393704463	28.730052207256662	29.384080540412807	2.3103222388470748	29.174853859045374	29.19275934911809	29.20933534818024	30.959022487822992	2.4309703247420273	30.750724002520478	30.768248928435057	30.77129759594843	29.94068429524002	2.190723254757827	29.75387147211068	29.75760135800273	29.760956046060418
8600000	28.95212173129994	2.602694412089729	28.72556260670774	28.732819347060314	28.739334308055373	29.40792020249588	2.2348107917668316	29.214378252230652	29.230438456557472	29.23328714358218	28.910571647264252	2.1897884738274076	28.720051455422492	28.72538638119189	28.73036075746561	29.41230848622548	2.3027462192989216	29.212548802211607	29.22077984699356	29.227152359206244	28.910384939856016	2.1938376157493225	28.72078165567671	28.725353116841635	28.73001161379234	29.38597125334794	2.3054200362962454	29.17907019974579	29.195446723048967	29.209658696858387	30.96025776557077	2.424915467928762	30.7521422944996	30.768820009795917	30.771525635579103	29.940761593407288	2.19071487666315	29.754011182791622	29.75762713112295	29.760745657945236
8610000	28.952185642006576	2.6057925889417706	28.725859989715616	28.732799493283757	28.739642616196367	29.407579152679187	2.235148000474938	29.214194145171522	29.230127430315555	29.2326742831495	28.91058581575179	2.1897872665864364	28.720051455422492	28.72543501436919	28.730306031552203	29.41088844960262	2.3047522850446773	29.209574571806662	29.219392543169796	29.227152471693927	28.910395259711308	2.1938365975061673	28.72079195579211	28.725360702683965	28.729998892055292	29.384001908169875	2.306242040691837	29.174227004707475	29.19401935911627	29.21075049646972	30.960631379092938	2.4257599728867727	30.751430116547546	30.768585658798	30.770981405151552	29.940668057739135	2.190725680902652	29.753939387263127	29.757572592874517	29.761168777806603
8620000	28.952905979488357	2.604553231464982	28.726125755458	28.73288372345082	28.73955826208451	29.406683451805087	2.236530300764251	29.212129148948538	29.230609867819076	29.23310503790344	28.91059089621719	2.189786623313506	28.72002794144787	28.725453095009986	28.73036075746561	29.411971259713617	2.308316242334733	29.211639248394015	29.2194631478544	29.22703765301822	28.910419863943382	2.193834557393792	28.720853364172196	28.725394397467266	28.73009250418329	29.38568104747282	2.311265371651212	29.17566767652973	29.195587205532437	29.211526838086897	30.960125696823223	2.429664488763863	30.749879673929126	30.769053389328057	30.77149961491056	29.940642747739687	2.1907280506235978	29.753802996527234	29.757613220632877	29.761060959942547
8630000	28.951447679567	2.593717583366207	28.726079283676455	28.732511802928762	28.739656752819702	29.406206696098593	2.2355657032825706	29.212716146526795	29.23022686397067	29.232464581645573	28.91060237834066	2.1897849744084255	28.72006848832997	28.725414481756147	28.73036075746561	29.41231134933348	2.306552813652614	29.211564103031684	29.2202124473621	29.227774280935925	28.91043249200642	2.1938334141979534	28.720853364172196	28.72538784800807	28.73010126853677	29.385277522703756	2.3095303663129974	29.17557870310327	29.194208290230595	29.210903426182185	30.959332634782747	2.4267309011573857	30.751009482518622	30.768688428921465	30.7709216641086	29.940746517815366	2.1907142939865123	29.75386824399003	29.75757903630474	29.760993280521657
8640000	28.951347323886473	2.595902271809537	28.725993781719904	28.733344961578545	28.740226500224377	29.406034110168903	2.2350267953319998	29.209864109872356	29.230321846814796	29.233179984552983	28.910639232690716	2.1897818393136594	28.720169037757586	28.72535944091979	28.73051252341038	29.412064251195098	2.30625479102005	29.21095511834093	29.22014014972083	29.22746093242106	28.910452787394103	2.193830589698706	28.72087259779422	28.72541934846855	28.730110612627	29.386007779170797	2.3082399131888107	29.176538442087804	29.1952159825071	29.212305647710735	30.959625932467347	2.430957827199924	30.748127009162026	30.768772909635295	30.77161106541769	29.94099599458639	2.190674628925319	29.754310832632452	29.757592022300457	29.76092197133223
8650000	28.95149962700529	2.5985960621162922	28.72590140849058	28.733069955212123	28.739620349034706	29.406346864471335	2.2358766441580396	29.213447555657066	29.230164356945345	29.23248150571039	28.910678854288797	2.18977814948899	28.72026512593344	28.725453095009986	28.73051252341038	29.41212586771625	2.3081341309347883	29.211659831315355	29.220309689432277	29.22641140949832	28.910466166893514	2.1938293886884455	28.72087259779422	28.725424201984012	28.73014141123215	29.385178677087396	2.3107833418210535	29.176912341164158	29.193213033246252	29.2086769321053	30.959124334437636	2.4298770245449184	30.750822505926713	30.768606061176833	30.770885456989067	29.941011021183098	2.1907321073643193	29.754288755301356	29.75747740028194	29.76106047215255
8660000	28.951917068716558	2.6000373165708894	28.72619241052761	28.732744829414116	28.73936632648401	29.406001986064908	2.2367047662039456	29.212905899167488	29.230352809148464	29.232510643737676	28.910714400537206	2.18977480049302	28.72026512593344	28.725520747801767	28.73059457316303	29.41191631408341	2.3080376786669308	29.210844433069994	29.21930513634358	29.22684780698568	28.910492726626693	2.1938270276059795	28.720887693497495	28.72541934846855	28.7301223474401	29.384404235492433	2.3096470208338697	29.176483156126164	29.19263605736704	29.208765266727173	30.958832045439216	2.4284509553390867	30.750740888987742	30.768739709730617	30.770821508329572	29.940734598777304	2.1908096128152166	29.75372984001364	29.757497810014286	29.760809084596005
8670000	28.951804151442484	2.6071106787635423	28.725377763226298	28.73243623158615	28.739135187934508	29.4055909830209	2.2368345771707547	29.210294267513426	29.23044651501487	29.232466156782237	28.910741943141563	2.1897722554772243	28.72026512593344	28.72568206764847	28.73059391449287	29.412579123927262	2.3059068460147163	29.212260072348535	29.220945147212653	29.227978547951658	28.910517813264704	2.1938249323647776	28.720887693497495	28.72541934846855	28.730187405321438	29.385520611672238	2.3090268914043883	29.1759427265163	29.19508803135161	29.21047439900854	30.958612101208796	2.426812185255444	30.748591446103788	30.76886480504121	30.77086908466673	29.94078126276767	2.1908748019153	29.75393877031817	29.757621930325417	29.760942596344783
8680000	28.95098288517271	2.600109273384346	28.72551814140531	28.732403095572614	28.73947328924493	29.40527836337112	2.234823854224293	29.210081915151864	29.229975454175904	29.23217718731619	28.910772650569307	2.189769715805699	28.720234275475697	28.725748935268676	28.730615466057802	29.410338614166154	2.3036596741638156	29.20998889727372	29.21801477701287	29.22641202336687	28.91050171991482	2.1938262373704496	28.72087259779422	28.725424201984012	28.73014234516929	29.382614300020084	2.3064872883615286	29.173536093286078	29.190670826149685	29.20834036380344	30.95808373670457	2.427212429683475	30.748124923547852	30.768387331164185	30.770638980312818	29.940557725475852	2.190764452986323	29.753832464949006	29.757248769023725	29.76054547294348
8690000	28.95118605490966	2.6028165253675284	28.72489310580353	28.732208752529626	28.738913875031578	29.405263248140624	2.234307607705963	29.208825438838726	29.230417380062484	29.232996639910432	28.910802112407104	2.189766727247614	28.720255714630753	28.72578769642579	28.730686304016714	29.411744731356762	2.3049162100669234	29.210930935518846	29.219279346708504	29.226919156585655	28.91050073359838	2.1938247497833525	28.72087259779422	28.725503046550255	28.73018988465124	29.384282164545514	2.3082884987462178	29.1748156417628	29.19313166997445	29.21002400322689	30.95819457922116	2.4272744718282153	30.747122464786294	30.768848269487762	30.771364420544938	29.940172559520793	2.1907998147902097	29.753461069263608	29.757000791203268	29.76048468469532
8700000	28.95275889641875	2.6037161803820634	28.72566211036548	28.73215064054898	28.7397481693012	29.40415693781899	2.233626693598537	29.206850630573427	29.22977488244251	29.232796954866192	28.910835827273907	2.1897636285028343	28.720296421279777	28.725842547929865	28.730701834642403	29.411473761683325	2.3037261775187816	29.21014053109794	29.219880649398412	29.22772587566047	28.910519947767494	2.19382314073539	28.72086665370766	28.725536806775686	28.730226898319664	29.38402499478565	2.3055256549513774	29.176301664169422	29.193295426269202	29.20903334460971	30.95707805881766	2.426305948109984	30.744496067539586	30.768145129139715	30.771179068826235	29.94049503842293	2.19077129943926	29.75384182953163	29.757300002213164	29.760823598825233
8710000	28.95219058959583	2.596751011403868	28.725959817971074	28.732653418165725	28.73984206399287	29.40640116470303	2.234404587490139	29.210904973825258	29.23044441139737	29.233344490547022	28.910854432876388	2.189761611568027	28.720285972932118	28.725842547929865	28.73076236456664	29.411855291004272	2.3054328868369933	29.210667678792806	29.219429444246803	29.227635689977795	28.91049474901531	2.1934335292065366	28.72087259779422	28.725605931486307	28.73024070165715	29.384447624212285	2.307222715921613	29.175780845108616	29.1930400404066	29.210018233217763	30.959460694152	2.4254980708063	30.74900510414448	30.76889737182404	30.77179973158475	29.940500737910554	2.190770692848198	29.75376143044082	29.757384236229306	29.760863600100556
8720000	28.95270945395489	2.6061181894619403	28.726234649194506	28.73313541054751	28.739950097955845	29.407028268897566	2.2353381907600967	29.214404389353465	29.230363387876004	29.232620468079055	28.91086823666575	2.1897601979235124	28.720285972932118	28.725915439041096	28.73076236456664	29.412704873534235	2.306370425834623	29.21191692686329	29.22033078365857	29.227774423994074	28.910513344259456	2.193431986171985	28.72086665370766	28.725648070368614	28.73024070165715	29.386211447948618	2.3088642269495314	29.17837712804602	29.195286424642227	29.21104890112456	30.959369217525087	2.4291851343069184	30.751634035375176	30.768762727907827	30.77096093969893	29.940549963818004	2.1907658439429003	29.75332192450953	29.75721111654228	29.760949001674376
8730000	28.952210532802347	2.59733254139728	28.7253571984223	28.733285647838578	28.740102386940514	29.404405341362477	2.2351456321521836	29.20915584698028	29.229727875233174	29.2317782045047	28.9108987349343	2.1897575920725743	28.720296421279777	28.725937813859442	28.73076236456664	29.411936974913797	2.3031210137305678	29.211856476536013	29.220338534226215	29.227206651002255	28.910515151839093	2.193231837244631	28.72086665370766	28.725710529451238	28.730277841713885	29.38418744235366	2.307206917462616	29.174460301474795	29.193609372760015	29.208886516061447	30.957295132583145	2.425450236263768	30.747330946647963	30.768155786866856	30.77012851565209	29.940544400220432	2.1907164340043566	29.75372326450669	29.757258896965514	29.76094633215462
8740000	28.95246235789147	2.6026330249394074	28.725919607311965	28.733127604185007	28.739551652670166	29.407111161980833	2.2347964612675972	29.213438318580778	29.230392468872758	29.233548705053362	28.910889843973838	2.1897581563147446	28.720365490543145	28.7259603793647	28.730817332694883	29.41186440141885	2.3047198016398167	29.21052943931052	29.21992423184411	29.22741710561879	28.910544141604987	2.193229345637412	28.720945611298383	28.725714904892065	28.730321794324787	29.38587526132117	2.306987595795599	29.177315370785838	29.193929194073014	29.210033067428906	30.960317834960865	2.4233033298599658	30.75181093164163	30.768786229281453	30.77184074916871	29.94064161219673	2.190746108977998	29.754061846303262	29.757525988891885	29.760844623633083
8750000	28.953540075217596	2.6042666414926816	28.726764731834077	28.73357977644247	28.739513935463613	29.405934050174846	2.235509946779787	29.21120055202733	29.229998953067245	29.232925345767903	28.910902129187683	2.189757023429161	28.720405118218128	28.725937813859442	28.730817332694883	29.41189510673096	2.307681987277892	29.211138255945123	29.219629991883117	29.227322643445063	28.91055572375751	2.1932282542741266	28.720905303457982	28.7257662303505	28.730286981197693	29.385172333452825	2.3097616511775168	29.176831704833326	29.19400451592849	29.209932526201296	30.959320839107594	2.430774246440063	30.749593397841046	30.768448025012965	30.771300588516336	29.94062407899921	2.1907472846202314	29.75384218581388	29.75750177593536	29.760819664076383
8760000	28.953569529953445	2.605160503035528	28.726322692132396	28.733195318941654	28.73998454992646	29.407468874116162	2.2350080573378164	29.213857533379525	29.230622245861426	29.23343274490418	28.910901618033346	2.189730757978477	28.72048984117468	28.725937813859442	28.73080951817026	29.411935704359543	2.305197785588173	29.211163005039005	29.219415174456504	29.226911002850773	28.910590475298427	2.193291447421732	28.720945611298383	28.7257662303505	28.730367058285754	29.385182968325704	2.3073917605784366	29.177186607958546	29.19412088656996	29.20927981116528	30.960520090607414	2.4315637173974514	30.751133815629423	30.76907340033381	30.771791252752127	29.94070192801927	2.1907945509530844	29.753845190814175	29.75747552812048	29.760922919175183
8770000	28.95190626407567	2.5955929516307465	28.725999109153513	28.732985361599095	28.739006643384506	29.407467786928503	2.2347939951436055	29.216508527787518	29.230530263741517	29.23307346402858	28.91090933112184	2.1897294707533144	28.720433471728263	28.725971147123055	28.73082904646349	29.411513471517154	2.3070556011299574	29.210817274690044	29.220127255578074	29.22670858629659	28.91060510626114	2.1932901028132483	28.720971350363207	28.7257662303505	28.730286981197693	29.383818784952496	2.30874931531974	29.17366011395437	29.193635696981833	29.209442462275767	30.960944326584844	2.43117707092344	30.754740675459978	30.76898610492546	30.77149962997629	29.940574265877004	2.190837457664991	29.75386708470389	29.757399906748574	29.76079890315225
8780000	28.952230314202588	2.604276248804595	28.725320570328783	28.732668422493784	28.739495424981826	29.404371008864842	2.2358471124653914	29.209058460945904	29.230062004405532	29.232412984967333	28.91091147394736	2.189729344805109	28.720433471728263	28.725986254627713	28.73090691230861	29.41164883605635	2.304596106378066	29.211721183310623	29.220092429412162	29.226398478979284	28.91058244970587	2.1932904147279597	28.72095828619787	28.725785164989087	28.730367058285754	29.385214478652117	2.307088878173717	29.178600536997408	29.194670387030968	29.20993512041101	30.958187939160418	2.4287271437134526	30.747500120644922	30.768494920843807	30.77075025060066	29.94065302679342	2.190830276913807	29.75375424605925	29.757300337704862	29.76053359920781
8790000	28.95221608443974	2.5963439809618554	28.72588956693772	28.732954786500393	28.739979298833518	29.40632404120166	2.235775871828455	29.213094504757482	29.230014594265043	29.23295061617046	28.910951051638186	2.18977843204315	28.720516693997862	28.725986254627713	28.73082904646349	29.411060758513585	2.304664541201749	29.2100366304944	29.219450063470973	29.22691638793745	28.91061751869063	2.19328664836006	28.72107986290211	28.725879570196476	28.73037593972198	29.384358911275807	2.307554371673496	29.174110992363698	29.193843264999135	29.20989154416224	30.958752006401397	2.4193951815628854	30.751226259110478	30.768364988974362	30.771279536967747	29.94058118261062	2.1908950195890906	29.75371675912215	29.757507458222946	29.76059098347543
8800000	28.952114719934656	2.5999755213314644	28.725498654457827	28.732706819660912	28.739669812095645	29.40695664434673	2.2360599169861155	29.213309441763904	29.230086331861905	29.231974211446385	28.910961825721888	2.1898790634383682	28.72063629043718	28.726024789047337	28.730870909402178	29.4119181440958	2.3055654311753155	29.21090134761517	29.21965799767917	29.226616670040592	28.91064452857344	2.193284326285556	28.72118973338194	28.725916571778107	28.73037593972198	29.384407034355537	2.3069449487365428	29.175912098417815	29.193840780328287	29.209457512452442	30.959638644459933	2.425115742596508	30.751410086106954	30.76850891037912	30.770422732641816	29.940562287160436	2.19089522587353	29.753685217237162	29.75741369925131	29.760391641831944
8810000	28.951904650656022	2.6006601768643214	28.725460358681186	28.732853750033236	28.73947181511656	29.40602833727376	2.2360024703536743	29.211614197070006	29.2302608586917	29.23354496445438	28.911024915726806	2.1900281164459274	28.720649472567523	28.726046323498853	28.73089107439691	29.41136151230581	2.3031844489320292	29.21089790597044	29.219807071328674	29.226683171635454	28.910652228498122	2.1932834676644224	28.72123446963838	28.725916571778107	28.730383274128286	29.383795619701385	2.3040566788236396	29.174682911556985	29.193382517301288	29.209202690965604	30.958985150225995	2.424804747682895	30.74981141713509	30.768723733306626	30.771943341996582	29.94071661217701	2.1908808288048944	29.753987835544066	29.75727974517339	29.760487676950525
8820000	28.951894167238656	2.606136313881926	28.725788908430772	28.732947102719926	28.739336310127786	29.406999833122192	2.23558405201354	29.214452845328356	29.230253102498622	29.2326651741634	28.91106111507321	2.1900248955253954	28.720654046349097	28.72610683866764	28.730909824826195	29.41170453823697	2.3056849558006456	29.21078495671089	29.21978934787765	29.226718424700568	28.91069290952758	2.1932799585873033	28.721330938967824	28.725929766215906	28.730400406739825	29.385193743371175	2.308140984836427	29.176864731605217	29.194417080557706	29.209944411765928	30.95973016494368	2.4263891717430446	30.752730784466383	30.768712353787972	30.771074340696906	29.94054011335542	2.190898615494191	29.754082806657816	29.757239807129338	29.760549862522687
8830000	28.952211812140217	2.606911522163291	28.72570821774412	28.732630548293685	28.74001611677194	29.407516820138078	2.2362805575054896	29.21319802700615	29.230358785433694	29.233387813677332	28.911087940224864	2.1900224283565874	28.720673698307614	28.72610683866764	28.730913432812457	29.41217952047387	2.3085198663673068	29.2112712221797	29.219885555206112	29.227075035294867	28.91073407476669	2.193276380486165	28.721330938967824	28.725941982822036	28.730529952703808	29.385723472115338	2.3108743062586887	29.176979406681255	29.194138695767442	29.209724336676686	30.961392465012	2.434387796681902	30.751083312634844	30.76881090137509	30.771814324202936	29.940387130407572	2.1909143994611564	29.753957455612703	29.757247088344407	29.76054842256365
8840000	28.95118260390568	2.5961292166279986	28.725807139474767	28.733116513863152	28.739720757691195	29.406909920856247	2.2360765930045936	29.213065575035706	29.23032205710946	29.232226395829613	28.911140179153996	2.1900843896315014	28.72071397244515	28.72612866775143	28.730943020898707	29.41202148501566	2.3068058405592478	29.21194998850864	29.219213899727436	29.22651565148538	28.91072747587369	2.193310024681984	28.721330938967824	28.72598778922822	28.730449710788015	29.38486462193619	2.3073777882270985	29.177081818281465	29.193778252776063	29.20747289662434	30.95923654289236	2.43285026989611	30.751090032148937	30.7687491279503	30.770663880545346	29.940127700007572	2.1909807772759655	29.753378517147027	29.7572537747448	29.76058169616003
8850000	28.951758139958624	2.6032016265650393	28.726399813423612	28.732995585503318	28.739125299927093	29.405653751599743	2.2361389710752495	29.20777452546592	29.230262318437084	29.232868279971974	28.911156493572108	2.1900828797607157	28.720673698307614	28.726181446892767	28.730958794109085	29.412165347991593	2.305441003610614	29.21158893063784	29.220040225271084	29.227210269027765	28.91076066327209	2.1934247306829078	28.721363191266146	28.72599934068082	28.73051552053847	29.38442412073867	2.3087283488997783	29.174652488065806	29.19455198818725	29.209897615310357	30.95875539849446	2.4273491784307244	30.746249044514116	30.768702845984535	30.77122301021847	29.94027784880845	2.190899338181033	29.753753227703267	29.757418654409314	29.760411142302114
8860000	28.951434002524607	2.590970189976801	28.725803999197364	28.732513253860056	28.73921608029514	29.405138654633767	2.2360305468585717	29.208602316276572	29.230016325047544	29.23207917919962	28.911120496175716	2.190085329563613	28.720654046349097	28.726155514684994	28.730923041351566	29.41197960766907	2.3057397814691805	29.21098276720948	29.22008823493516	29.226957219375116	28.910795220384706	2.1934217968921055	28.721393917946767	28.726011657589293	28.73051552053847	29.384364789198923	2.308072235596507	29.175167235108933	29.19285899970408	29.208815753903583	30.95718101147414	2.423330050187451	30.746522635371825	30.76835218571653	30.77034839845333	29.940576662718804	2.1908726196613575	29.75386884733028	29.75739405001378	29.760343804037475
8870000	28.952164831593635	2.600769125435659	28.72579668227719	28.732407097222545	28.739530424177207	29.40681946885889	2.234144098565823	29.21226940905288	29.23040363667291	29.23281773799821	28.911111714181843	2.190085277174462	28.720649472567523	28.72612866775143	28.730958794109085	29.411821791903943	2.302740668911628	29.21165372371726	29.219972402658435	29.227465227192894	28.910825651062268	2.193419177331732	28.721444907954837	28.7260481331205	28.73051552053847	29.384877462074545	2.305688086490171	29.175793248970663	29.193662614776965	29.210022797377007	30.959422461983753	2.423801163874692	30.74970175702025	30.768818212680785	30.77114214588486	29.940707001368146	2.1908612094582014	29.754045701511366	29.757319119030242	29.760524104299783
8880000	28.952413012285763	2.6036476670701028	28.72579708578417	28.73286497125983	28.739621376725502	29.404700278087148	2.2345313301153147	29.209439545485097	29.23010321487353	29.23187254289057	28.911150572643024	2.190081914709235	28.720673698307614	28.726136006914196	28.73097687545084	29.41204925134118	2.3058954406980043	29.211812087832698	29.219787512571955	29.227100978167737	28.910816216999116	2.19342002444981	28.721444907954837	28.7260481331205	28.730378452483833	29.384343600943517	2.309579183623248	29.176100293904202	29.193797989869108	29.208821959733132	30.957923719578254	2.430118423151577	30.747540581627124	30.768552736494712	30.770320218650767	29.940920375060987	2.190851003456087	29.754290315943162	29.757722684242232	29.761118272414727
8890000	28.95129554199649	2.5940926295254365	28.72590870917726	28.73228415888483	28.739446594369745	29.406483544822773	2.2356401958019476	29.212167568652642	29.230294705542228	29.232825169581467	28.91117433963403	2.1900798021259544	28.720654046349097	28.726136006914196	28.730979608858096	29.411192658887657	2.3058690150920844	29.209938649533612	29.21907393029032	29.227148699557446	28.910810072157624	2.1932667826185037	28.721403852936607	28.7260481331205	28.730441426487833	29.38323310467611	2.3073001938365847	29.174074245332626	29.192656365561763	29.21043147286775	30.95923852143886	2.4268796280811005	30.75042314663589	30.768738681996748	30.771274679977395	29.940850475154015	2.190856378855522	29.7538631759176	29.757350950617184	29.76112476362371
8900000	28.951974497663553	2.6050156364411365	28.725047639110834	28.73240440757644	28.7397624107675	29.40590667088835	2.2364789881754468	29.211521935790326	29.230153339888936	29.232674804329243	28.911169577212686	2.1900786072617726	28.72071397244515	28.726194776394788	28.730958794109085	29.41204187244282	2.3080826973391297	29.211312438655533	29.219849355243223	29.226879456626865	28.910809372769954	2.1929085527653758	28.721449165631498	28.7260481331205	28.73044627620183	29.38508540315792	2.310007191765056	29.177156504519765	29.195231988712695	29.20934935876779	30.95884669961779	2.428099739787626	30.749293960003357	30.76856602228731	30.771105307504257	29.940861672426195	2.1908549627144622	29.753859588452467	29.757615890503	29.76087284020623
8910000	28.95153074518308	2.592557889531303	28.72551761805036	28.732916317338457	28.740094410366687	29.405282902834486	2.236294581715628	29.20753359787676	29.230104612287917	29.233148301647432	28.91118577176438	2.1900767747370895	28.720778051454285	28.726210615846426	28.730958794109085	29.41190415512112	2.3066374308000075	29.21127194900457	29.22001514617775	29.22720555433063	28.910834450864154	2.192940971682244	28.721449165631498	28.726145833736958	28.73048642109827	29.384044273389122	2.3101815029823176	29.174076849808646	29.19331060462033	29.209998002258406	30.95793165609525	2.4246076458205734	30.745805339209692	30.76854370836584	30.771517128120173	29.940950921119803	2.1908480045309937	29.7539454868378	29.75767913331946	29.76117811435381
8920000	28.95152280771816	2.600405599071914	28.72556620589966	28.7322740443937	28.73932101282113	29.40753666132459	2.235183139990314	29.21514659148216	29.230543143194268	29.233795049469787	28.911211371541917	2.19007446308752	28.720778051454285	28.726210615846426	28.730919009665456	29.41162747046439	2.307467093750142	29.210437794583303	29.219665764693254	29.226371146159913	28.91086255800523	2.19303573006515	28.721452918802974	28.726137710026755	28.730561586521805	29.384752771592016	2.3081835092570535	29.174762016974512	29.19443486029367	29.20959486963968	30.96031104307293	2.4307469267053112	30.75304945430306	30.76897746591942	30.772183371683056	29.940628669932124	2.190825215107518	29.75412025459083	29.757697972534583	29.760788559105624
8930000	28.95217758671314	2.599774640787613	28.725206568908852	28.732454314372074	28.739585608701027	29.40662204319181	2.2356206010234025	29.213586882833624	29.2304160758315	29.232748489429785	28.91120836040624	2.1900734854034254	28.72071397244515	28.726235809919373	28.730979608858096	29.411566037838906	2.30394480644449	29.210526599972628	29.219864940213185	29.22752499715284	28.910897668808477	2.193032723824222	28.7215588839778	28.726145833736958	28.730633252259004	29.385286037376787	2.305663227521208	29.175203469837328	29.19439469900326	29.211040537666037	30.96004940693637	2.4226864715856395	30.752003142974083	30.768878542535674	30.771204825421556	29.940708211171973	2.1908176629339606	29.75385156825654	29.757709601581602	29.76093813185811
8940000	28.951184183352343	2.5889374938430176	28.725232265451588	28.732290586033386	28.73895739350899	29.405030162368504	2.235523975707852	29.21020875727661	29.23022678033827	29.23237555195353	28.911236445236753	2.1900706618366845	28.720778051454285	28.726247653305485	28.7309903830678	29.4111952091022	2.3055073011602776	29.21065079657877	29.21975190473979	29.227216836652374	28.91090147695112	2.1930322615651208	28.7215588839778	28.726153583070534	28.73070643877006	29.3839006545501	2.3071968450819313	29.17399502961285	29.194212974887662	29.209781499523366	30.95788767174964	2.4229726233005726	30.748197128554352	30.768667217391446	30.770819153579005	29.940768097698264	2.1908978427859034	29.753600046279487	29.757502967335434	29.761140408516805
8950000	28.951795222081383	2.5998538792813464	28.7254357241209	28.732729583012265	28.73964559370659	29.406108910840647	2.235287812914636	29.212758008202893	29.23017817414464	29.23193240307942	28.91123899368722	2.1900704191240514	28.720778051454285	28.726247653305485	28.730979608858096	29.411687069287566	2.307453222098583	29.210937713852537	29.219408159675126	29.227039038281607	28.91090516915155	2.192744705344751	28.721521849261144	28.726168863013527	28.730761631542602	29.384340588829826	2.309524027200391	29.17613733957323	29.192630701528255	29.208806247600037	30.959283907924156	2.4287988949551838	30.7508899652766	30.76855254290254	30.77034222313338	29.940659365023023	2.1909077868597615	29.753775273161246	29.757604600078437	29.76079027213992
8960000	28.952694034816915	2.6035608625415767	28.725694025456868	28.73276831915885	28.739859561010622	29.404788073365932	2.234917608706518	29.20891481005304	29.22993446245444	29.231676486047775	28.911272935222254	2.1901349022194947	28.720838698394836	28.726364351746852	28.730977050374133	29.411180810028206	2.303793314293393	29.21099103375107	29.219306811618562	29.226515653762124	28.910936807955526	2.1927412380732134	28.72154464881727	28.726317436367893	28.730710778495023	29.384049168553602	2.3056538485149614	29.17436652534082	29.193295132232933	29.208903655184976	30.957779504868864	2.4267200512268157	30.74695644979898	30.768262029922383	30.770076866728274	29.940610539431997	2.1909117565410314	29.75390921040814	29.757194188101536	29.760725609571647
8970000	28.95127105775387	2.5976624350396897	28.725564165799327	28.732784513639167	28.739880452842037	29.40592147436244	2.2341159876754295	29.212205801009304	29.230200266302035	29.232622774654025	28.911286221319056	2.19013358509345	28.720960928550127	28.726374956808797	28.730979608858096	29.410994213253435	2.304416845981412	29.211238248301363	29.219346758563894	29.22609532241184	28.910962258914928	2.1927896670336433	28.7216069159238	28.7263030865107	28.73066761645666	29.384142908156406	2.30576980377057	29.176934317740283	29.193564009208345	29.207950540860303	30.95948696213942	2.427776202382496	30.750329862054883	30.76862171708775	30.771056352659798	29.940612582059902	2.1909635084974064	29.75343021102435	29.75747434399721	29.7602458013545
8980000	28.9524311502057	2.5995755404003638	28.72569873911054	28.73246918482244	28.739681881522653	29.407391698597564	2.2346501114915904	29.211957779421606	29.230154936318463	29.233493750893054	28.911299515117122	2.190132030815626	28.72094840817238	28.72642267242465	28.7309903830678	29.411656950762577	2.3062354567544565	29.211328028653664	29.21963484912628	29.22698104926294	28.910995616649412	2.1928278904376852	28.721623368990294	28.726265451368704	28.7307057129136	29.384289718007285	2.3085092821616104	29.17664522626596	29.192850721534025	29.208001900438713	30.9611433731445	2.429205972145763	30.749971110079834	30.768599302467173	30.77186539714745	29.940353578995424	2.1909857215162694	29.753658320638223	29.75732035096694	29.760369445362297
8990000	28.95354315845795	2.6006580269996733	28.72605377417907	28.732900633834568	28.73961338722198	29.406329212799136	2.237025156599962	29.21136952611864	29.23014400991078	29.232600141322255	28.91133394375405	2.1901291875538296	28.720981987840105	28.726454402450795	28.73104350356346	29.412034382083522	2.3047626501062077	29.21190359211678	29.220443022528357	29.227523683826107	28.91099402571756	2.1928262721552483	28.721694100838747	28.726355123011214	28.730788380867335	29.385632938527575	2.307702635486945	29.176585591447655	29.195211575046358	29.210483078469675	30.959026400657137	2.4242894200487224	30.748799544580688	30.768523991342448	30.77100738493186	29.940588338926357	2.190965542626738	29.753987300609914	29.757372704166325	29.760448925701056
9000000	28.95385305146552	2.605873241359391	28.72626362117305	28.73307806819774	28.73939523888278	29.405578500112167	2.234864826236468	29.212655311937738	29.230092104090076	29.23227273652178	28.911383059263372	2.1902027038546645	28.72106041780898	28.72652920543704	28.73110279639465	29.411688956894345	2.3049866092538185	29.211314708609745	29.219609194595076	29.227338639462474	28.910999505083947	2.19286370572708	28.721706040130332	28.72634580930155	28.730788380867335	29.3852955567	2.307110920771969	29.176624190539368	29.194306128015665	29.209653802597828	30.958459046452546	2.42699844592027	30.75031476312766	30.768471760450623	30.770681389696346	29.94070384668253	2.190955366683739	29.753920660308367	29.757458847605577	29.7607833399099
9010000	28.95234552774566	2.596874201933521	28.725582553342505	28.732635151885304	28.74019300133572	29.40566371467698	2.2327090794822833	29.213213724784314	29.230126200098148	29.232094600549164	28.911391503154068	2.190201824852078	28.72107081311551	28.726494430642553	28.73110279639465	29.411312774080674	2.301899374310769	29.211234396463574	29.219402728727907	29.22692502564488	28.911014906800705	2.192862428609622	28.721713113053262	28.726364492203423	28.73082576243045	29.383918284929717	2.3038797074092012	29.174269657670287	29.19386540247485	29.20986591699137	30.958055979419804	2.4234004316936373	30.751293301177483	30.76851682045738	30.77040143934905	29.94059745057424	2.1908500135868096	29.753567556130818	29.75737508098374	29.760722784097585
9020000	28.95231040499786	2.599912311361725	28.72606683845071	28.732494189247063	28.74000531219354	29.404802370979958	2.2320568809034858	29.21100520176601	29.230088660261348	29.232521250472217	28.91141891437174	2.190199267796191	28.721194534643377	28.72652920543704	28.73110279639465	29.412020205191812	2.3054918972896385	29.211542776409853	29.219858565062296	29.227814103195584	28.911266437417666	2.19285058529554	28.72178162715226	28.72637658734896	28.730828230626145	29.38518673823244	2.3078325823627663	29.175066588064396	29.193689205268374	29.21038348085197	30.959419421021433	2.430941127928109	30.749518688621738	30.768500603528064	30.770934796235547	29.940713461344988	2.1908398992261797	29.753658502252257	29.7573676647852	29.760638087862343
9030000	28.95283043153005	2.6033155962761545	28.725633887390593	28.732793564666217	28.74005548732066	29.406762545996	2.2363835581836	29.21250756886706	29.23056077167477	29.233072069759615	28.911446091273458	2.1901966295893045	28.721279998394724	28.726575880698512	28.731141366632855	29.411874351194765	2.3061055842090528	29.21139739191056	29.21991859326748	29.227347386783944	28.91129252774724	2.1928483916823525	28.721788134205212	28.726397516492487	28.730840690305765	29.384887706700333	2.3075500211433186	29.17480245331871	29.194012699758893	29.211699155135385	30.96030340248435	2.427691707983748	30.750650666658622	30.768980303062506	30.77137663630694	29.940591133433845	2.1908518973667865	29.753978728318636	29.757559756064172	29.760678319044615
9040000	28.952854692414665	2.6049042637748063	28.726099474126926	28.73346166755369	28.740623789426834	29.405622378984216	2.2351272957438364	29.211893540787063	29.230254759753684	29.233001806705982	28.91146380998309	2.190195005537436	28.72121237991695	28.726627304490258	28.731148648045288	29.412151872792034	2.304058579219596	29.210998278711603	29.2211161024383	29.227513741607417	28.9113240018226	2.19284579266071	28.72182810467115	28.726494152953016	28.73093965687594	29.38486360426587	2.3059949397527424	29.17572663828977	29.195208486606795	29.209990265833383	30.958411147378804	2.426661025866308	30.748280584935628	30.76864098210982	30.771374904720048	29.940774085681774	2.190836967684215	29.753747496498825	29.75760877514501	29.7609629815477
9050000	28.952685527804054	2.6025452215089713	28.726059425405115	28.73300180400488	28.73987353340214	29.407073796857773	2.2356382185319035	29.213710896223677	29.230183364285587	29.232853466945876	28.911456660581827	2.1901955821694314	28.721209739223752	28.726645301357298	28.731141366632855	29.411794391029066	2.3078709695948216	29.2107817747187	29.219420532304866	29.226519381550816	28.91136585722225	2.1928422283992055	28.721839842587354	28.726595099966232	28.73092735216828	29.385382504972146	2.3085599148110254	29.176524005852883	29.194613768997044	29.20837075910527	30.96059684753896	2.428994376997356	30.751672047525346	30.768593794731437	30.771160569344907	29.94072787488614	2.190840287367075	29.753818930940643	29.75752626090737	29.761049139651305
9060000	28.951530033790934	2.591960145845373	28.726053977243048	28.732742132081697	28.739856695465665	29.406432294348292	2.2354364674971205	29.210739996484918	29.229870541860194	29.232081068246337	28.911494963502086	2.190192336272261	28.72126858404838	28.726670370136656	28.73116291908185	29.411745347085656	2.3068518894861785	29.210987170593658	29.2199637833712	29.226944421315736	28.911395722283526	2.1929304425564315	28.721856839529952	28.72657786616339	28.730958562367253	29.383844060377562	2.3093722104123375	29.17600559309918	29.192708940295564	29.20918069471878	30.960075480569373	2.431556708513024	30.74847970301631	30.768221189188928	30.770491963893456	29.940501855729437	2.1908928789458217	29.753747033348557	29.757308069247163	29.76069642736801
9070000	28.952098172942762	2.607261193270045	28.725526722876495	28.73282105779729	28.739133815039928	29.406543816558674	2.2352377193283224	29.212287572466753	29.230176190094213	29.23305190223725	28.911503045892097	2.190191384879125	28.72126858404838	28.726685528185513	28.73117061879135	29.411918175479382	2.3068097952359112	29.21124205816503	29.22011214542679	29.226806111583237	28.911385956607845	2.1929312484541637	28.721819623476357	28.726547347825488	28.73100692071422	29.384940152652586	2.308825622349094	29.17710834822733	29.194548337031982	29.20912425941403	30.960015869345327	2.431196017350918	30.750762116972446	30.768619588744087	30.771496039668882	29.940569193885665	2.19081018458965	29.753605976494946	29.757437725815322	29.760564316087887
9080000	28.952037627338857	2.607717730690218	28.725386515531167	28.733217567774872	28.73926860946239	29.406950635607203	2.2365211845081845	29.21457926792861	29.230578982235176	29.23380721656282	28.911519578505942	2.1902304612684724	28.72130386228507	28.72669345198136	28.73117061879135	29.412212779150817	2.308420987022743	29.211113813552153	29.220509479391154	29.227480952167937	28.91140461367553	2.1929296500897846	28.721839842587354	28.726547347825488	28.73109100253708	29.38556480416036	2.310085863700354	29.17636293264505	29.194862105727545	29.20983147705109	30.959258862939993	2.4277300668816566	30.751477618224122	30.768934986581378	30.772072876785394	29.940746012858863	2.1909281584300166	29.753910224155405	29.75742748844336	29.76064426771482
9090000	28.95094170030229	2.5863709389470073	28.725847759783115	28.73315159962118	28.739587627859954	29.405229263796535	2.23708716757682	29.209351571953626	29.230322632680966	29.232434170073063	28.911563087655367	2.190226756936473	28.72134905882974	28.72672024960312	28.73120066372967	29.412191504932	2.3070941663043016	29.2114700918196	29.21998993739254	29.227679330235535	28.911408124111183	2.192929299755723	28.721856839529952	28.72652100572771	28.731061500724614	29.385352908024547	2.3089574438063205	29.17481794232367	29.19355383271362	29.210893090232627	30.958100675203294	2.4260717195457135	30.74705171753823	30.768676752113915	30.77068812841428	29.94079329907371	2.19100910352963	29.753808624500227	29.75754455220664	29.76075120721587
9100000	28.95235759538971	2.6056778660939175	28.725466911675078	28.732726155272786	28.739858790897003	29.407492373657	2.235826804418858	29.213503210461653	29.230201853543694	29.23211316128108	28.91157192333588	2.19022603966574	28.721325207190855	28.7267422370951	28.73117061879135	29.411390801125936	2.3050751409657657	29.21106277030428	29.219429415446633	29.226397376618802	28.911399775475772	2.1929298986020407	28.721882447625973	28.72652100572771	28.731061500724614	29.38500239009291	2.3072170980317166	29.17707779252941	29.194591395525148	29.209740112990723	30.960949833775402	2.4285620572809337	30.751540252220074	30.768646809153136	30.770538519325388	29.94058661107131	2.191026756990735	29.75360072245703	29.757537006392763	29.760772132150173
9110000	28.951029552767253	2.5913054881043673	28.7261016167895	28.73299969309999	28.739889715968058	29.40516757299235	2.236061459649159	29.207721421978892	29.229809530986834	29.23252315548362	28.911570445128696	2.1902261486694092	28.72134905882974	28.72673633862275	28.731188780215607	29.41128470815925	2.3075486031597734	29.210504989159553	29.21897041767897	29.226779117284284	28.911424693101644	2.1929276818732135	28.721856839529952	28.726607023512493	28.73109100253708	29.384280598380833	2.3105068755854474	29.177283533744255	29.191935931994713	29.20844649983341	30.9583094882423	2.429521756315319	30.74563636603329	30.768260554055935	30.77096676614081	29.94067501626509	2.1910188313417183	29.753549021733996	29.75762988623088	29.760746509651135
9120000	28.952233521042537	2.6015687474234506	28.72566327479045	28.732928175469272	28.739342443878364	29.404846395386457	2.2357169871868954	29.206702258645812	29.22994233020253	29.232300443056218	28.91158493161809	2.190224728369077	28.721431053335046	28.72674000155385	28.73116291908185	29.4115426819016	2.3033974878098724	29.210417573200875	29.219608491567108	29.226951696470817	28.911439882044466	2.1929263565389108	28.721856839529952	28.726617854496546	28.73100692071422	29.383667192998846	2.3044753479678395	29.176010419070874	29.192996815760317	29.208138332298688	30.957484454359033	2.4229970243520302	30.744999914339747	30.768328720725652	30.770709505462577	29.94059476891665	2.191027101505954	29.753853466927186	29.7573748827599	29.761065793658762
9130000	28.952000764211007	2.600290270073736	28.726006947155355	28.732992960969682	28.73971267406263	29.405574348451538	2.235992848749943	29.211136498955003	29.229753114580216	29.23192618888587	28.91159806220019	2.1902233459027114	28.721513631979654	28.72675462376152	28.73117061879135	29.41185191100637	2.3069580996176247	29.21098635440295	29.219894237940228	29.227009753924897	28.911457243223992	2.19292477160042	28.721882447625973	28.726638980603205	28.731039686536423	29.385149364095287	2.3101374107350017	29.175388279163226	29.19376652224902	29.210180264477625	30.959340836628588	2.4325577749324445	30.749474809000226	30.768141631904285	30.770345077655175	29.940698322361975	2.190932045071529	29.753879280822407	29.75761485382732	29.760677288158718
9140000	28.951621070187873	2.6006838262787713	28.725397302412883	28.732683192572665	28.739510048879495	29.40708148852987	2.236858621163349	29.213717595841114	29.230284806693078	29.232951095544944	28.91160735975701	2.1902223678735115	28.721548418570144	28.726756937873553	28.731167445058976	29.41181724463533	2.304878566948888	29.210843974792244	29.219165469093735	29.22710569523745	28.91149774696484	2.192921244883432	28.721903034809312	28.726672332961613	28.73101509878188	29.385046119064917	2.3065458216522368	29.176199262738063	29.19440321094339	29.20895183967093	30.96027087830506	2.4241029827538836	30.75127173647683	30.768721424433064	30.77131180262129	29.94053502937433	2.190947149459552	29.753627192379305	29.757472980242184	29.760807398495597
9150000	28.951963412413274	2.5997311743706097	28.725643621721222	28.732531239141103	28.73953467992057	29.40620042596309	2.2363683318460024	29.211649331612676	29.230319131106604	29.232834824789755	28.911597499750847	2.19022223670812	28.721616595784845	28.726760019376897	28.731211281545296	29.411860654112743	2.3071017380384773	29.211001774042263	29.219867281985998	29.227154107600587	28.911493305194092	2.1927771551166693	28.72193012660879	28.72667647067503	28.731039686536423	29.385739582461373	2.308152600741518	29.17752955382816	29.19459917613853	29.209937761761815	30.959629269249735	2.424747150128104	30.74996796574008	30.768770361913592	30.77125496323962	29.940636324053056	2.1909370711456373	29.7538570925348	29.75725325507493	29.76065933347396
9160000	28.952244748706654	2.5975657488749166	28.72565006549577	28.732800668995637	28.739060608947625	29.406080191551336	2.235726125872511	29.20967867669936	29.22997587555736	29.232382343006023	28.911596165983674	2.190222346075696	28.721616595784845	28.72679369863734	28.731215801489444	29.411045677336404	2.304873370675183	29.209936817329428	29.21927856059426	29.226344553788312	28.911530054595037	2.192773899709496	28.72203167697601	28.72669333580233	28.7310771827482	29.38423182687602	2.3067672485009973	29.174700882946404	29.194196767062138	29.209951021435828	30.959535328275415	2.426399105705033	30.74735726109853	30.768431270083425	30.770805276070703	29.94069548851324	2.1909315063264247	29.75408918636075	29.757572603404412	29.760597729456908
9170000	28.951590250910034	2.593425526684285	28.726311384005893	28.732979584128117	28.740026620638524	29.406378041809475	2.234590995391118	29.212401944367546	29.23020920741494	29.232523060142675	28.911584898657317	2.190327222804673	28.721545897961505	28.72679369863734	28.731231781009754	29.411388186447684	2.3034220202221065	29.21087925586545	29.219708621579713	29.226977976774457	28.91157910532842	2.192769700171679	28.72204785058	28.726768241192786	28.73105733543763	29.384248115643842	2.305421294541212	29.17557642288825	29.193224000534926	29.209642886359113	30.960027379321048	2.4240955049121933	30.750248455195248	30.768636382192447	30.770964722365147	29.94081157764	2.1909211847899357	29.753882102505877	29.757587307279312	29.760659028018388
9180000	28.952150669555618	2.5993342558102954	28.725439612048504	28.73300424376818	28.740107696189842	29.40594216880162	2.235133449329022	29.210947376997776	29.23026871992503	29.233070931215067	28.911607108862736	2.1903252167742164	28.721545897961505	28.726772371858637	28.731291431800635	29.4119818728937	2.3041685142585497	29.21161435818522	29.22023201942995	29.22704367489837	28.911555812996433	2.1927700762779985	28.72203167697601	28.726786708593355	28.7310771827482	29.38446929605174	2.3068733895304523	29.17558514415154	29.193535286149665	29.20976391600165	30.958543418448134	2.4255579176802637	30.748426395875093	30.768654986381947	30.771466985942922	29.940628952737722	2.19093882318535	29.753796433979225	29.757623690634542	29.76072911966086
9190000	28.951610356012527	2.5975834702176304	28.72491327398992	28.732902920822887	28.73995961706359	29.407215184892696	2.2356922797072905	29.210811254903835	29.23045610464783	29.233139761074458	28.91161088574628	2.1903248990924635	28.721635407451366	28.72684126381416	28.731276256702643	29.412123930476028	2.307909562117397	29.21124751564976	29.219391036037877	29.22765698370487	28.91171556642684	2.1925674943959312	28.721975115232585	28.726786708593355	28.731183445323403	29.38437514632254	2.3108273981921994	29.173700582793447	29.193079677994135	29.210276417060463	30.960234860222585	2.4290216056612564	30.74918289099786	30.76882115713312	30.771346945110665	29.94065648490296	2.1909365486666283	29.75381457457158	29.757359794072038	29.76083257531812
9200000	28.95201633688624	2.602439303879986	28.725411479605704	28.732017880361237	28.73960152373156	29.404939620651117	2.236446664728979	29.20925115430489	29.229842217831518	29.233154409387176	28.91181902814856	2.190315376057783	28.721646125504773	28.726873259816344	28.731276256702643	29.410855949776888	2.3059395402899194	29.210074100236817	29.21899580230381	29.226589369496022	28.91176722482509	2.192563044103559	28.721984884910274	28.72687124175104	28.73117600021817	29.383382480807757	2.307522914219798	29.1736494728649	29.19272517889292	29.20919385949495	30.958021728458576	2.4282874216739443	30.745968731932678	30.768245196084642	30.771549268551052	29.94068095312444	2.1909288985730595	29.75397908159843	29.757295207595483	29.76067036183843
9210000	28.952136651304567	2.6001521261488976	28.725721350149673	28.73254448649054	28.73942193335239	29.406467953325517	2.236057153049082	29.21328051852541	29.230081234237492	29.23224068006159	28.91180570746746	2.190315703632116	28.721680101110277	28.726873259816344	28.731227572719284	29.411558552383237	2.304957992984249	29.21128820690805	29.220054513996907	29.226950275047194	28.911769798173317	2.192562842187896	28.721984884910274	28.726848355092088	28.731183445323403	29.385521562363408	2.307970517727292	29.176763956205228	29.195281040515766	29.21034799285994	30.959426253762995	2.4233083424252824	30.751371666066625	30.768515338118288	30.77064992861066	29.940755708572656	2.1909404535316224	29.753769637938362	29.757541572642864	29.760838419183788
9220000	28.95180389287141	2.5983954349807994	28.725708962209346	28.732829043411474	28.738926112873294	29.407184424106752	2.2349070877832	29.21384725747918	29.230364011811247	29.232893948433972	28.91181200592505	2.190315139803685	28.721680101110277	28.726873259816344	28.731268916606552	29.411486812185878	2.3027989582841752	29.210761430243593	29.21980775065584	29.22703667372468	28.91180584663493	2.1925597049024255	28.72203167697601	28.726822385476563	28.731206864736823	29.384266318822682	2.3050441113446913	29.174056735559894	29.19375155278993	29.209911295639102	30.959970540797073	2.4226515735475656	30.750916597739675	30.76869820991535	30.771217687966857	29.940841877472046	2.1909335474919738	29.753849841692897	29.75751228041318	29.760851708882885
9230000	28.95097564184433	2.594443138378174	28.725788406209684	28.732430413180893	28.739329925925823	29.405538799018352	2.234634683267505	29.213351698359755	29.230162845861145	29.23310180853693	28.911888101732362	2.1904254142095883	28.72177269876521	28.726888177079594	28.731338412620985	29.41123894514549	2.3029071166944357	29.210643625014228	29.219281750932293	29.227406398423884	28.911828536694046	2.192527888519943	28.72204785058	28.726907457352883	28.731252481800244	29.38409978972528	2.304530040881035	29.175385237427975	29.192545806815296	29.209137210735065	30.958960775131317	2.42515741773637	30.75109650860453	30.768532421911978	30.771393030645985	29.940767790167705	2.1908689984214584	29.7538406172197	29.757509673424607	29.760732558629286
9240000	28.95073307698104	2.594555441162871	28.725315280256126	28.73211582147743	28.738644424639396	29.408493132442324	2.2353767537676874	29.219279726676458	29.23058538590884	29.232854619301214	28.91188099751664	2.1904248901384036	28.7217985803656	28.726887014453084	28.731401180682084	29.41215028293054	2.304014150198005	29.211764920341125	29.22061573403844	29.227922005883368	28.911847750578627	2.192526207340824	28.722056119093033	28.726907457352883	28.731264752696436	29.38579075363071	2.307132160093561	29.176198108078783	29.195709953161433	29.21003307784912	30.961480409789868	2.4229894109110335	30.757596245193575	30.76904740754776	30.771253619302435	29.94072686563272	2.190862900565103	29.753980194874377	29.757440017204452	29.760773204289805
9250000	28.951944151119864	2.605031143358324	28.724871632278887	28.732233896356924	28.739232297775448	29.406137090490933	2.2353214713861864	29.21265837753597	29.230013155320755	29.23331664534141	28.9118891012189	2.1904241995447165	28.7217928026013	28.726887014453084	28.731425533274567	29.411072413393036	2.3075009423852215	29.210687589772633	29.21886419075623	29.226213783369065	28.911860706691776	2.192525078320058	28.72206740709019	28.72694332385479	28.731183445323403	29.3840780838699	2.3092939042367293	29.17545844101854	29.192647028941614	29.208061722368967	30.95970980775199	2.430677844836963	30.75086362510394	30.768395884885514	30.771659704921003	29.94066152388213	2.1908183608444474	29.75381979326552	29.757386207471328	29.7605592056523
9260000	28.95103756544435	2.6008202638974027	28.724214005256542	28.732450281269266	28.7396209188871	29.407215432704795	2.235799348293613	29.21228050403735	29.230493611794614	29.233637984501534	28.91190535870632	2.1904224751200427	28.721812061319135	28.726888177079594	28.731406321726663	29.41238778956359	2.3051487244149027	29.212511443103857	29.219994076252778	29.22732241252357	28.911885789023582	2.19253210151215	28.72206045442974	28.7269579780373	28.731264752696436	29.38601921834561	2.3064533460508945	29.17892259797754	29.19519809664115	29.210228484587525	30.960487868941346	2.423827922843918	30.750643894450665	30.768898501146147	30.772054173479813	29.940532031888292	2.190833371894162	29.75405053252817	29.757552747693197	29.760800472326025
9270000	28.951265879033503	2.5998309936711075	28.725023895843897	28.732328101068276	28.739250081595713	29.40644920841724	2.2348952243887865	29.212182811506803	29.229989313465865	29.232260521610247	28.911903106031843	2.1904224654914466	28.72184692205544	28.726910007999994	28.731406321726663	29.411823066359336	2.3055694408490215	29.210820722485916	29.22007083902416	29.226919722475515	28.911892300166514	2.192531454309435	28.722096538755736	28.726978824818808	28.731264752696436	29.384900287667794	2.3076253258849153	29.1770184405061	29.193461661055366	29.209351106523357	30.960363379495117	2.4286196842618306	30.750641441488924	30.76845290179252	30.77071806474816	29.940529523121754	2.1908737792595825	29.75387138360602	29.7575208173335	29.76061403037318
9280000	28.95251768958574	2.597484354249657	28.725556346493825	28.732325330617982	28.739750224056166	29.40656911963985	2.23550884650354	29.213957572111145	29.230372388124046	29.232580253873547	28.91191186078112	2.1904217201643426	28.721812061319135	28.72692350385509	28.731406321726663	29.41151207610405	2.30382602914271	29.21083959976596	29.21998659432871	29.22769993851839	28.911913749421768	2.1925295891269396	28.72208910683469	28.726978824818808	28.73130430718902	29.384943199603615	2.3069252692537443	29.17574789955441	29.194291622766478	29.209703654516098	30.96014450978887	2.4244946642506218	30.752341663291304	30.768832533646403	30.770987080461264	29.94061043051181	2.190911853849553	29.754051226655754	29.75754806773434	29.76058839701171
9290000	28.952126283825567	2.6027799381259418	28.72484259182999	28.732291414493538	28.739625662567672	29.4062415249513	2.2351878689269364	29.212818699972654	29.22986095906572	29.23222228976773	28.911895327049294	2.1904231851667997	28.721933913684964	28.726905255678354	28.731406321726663	29.411743938257242	2.3086282201287736	29.209722243493225	29.219659865554014	29.22792944223252	28.912133806477105	2.192520467463032	28.722152114255618	28.726986313801216	28.731311960818836	29.38422522176888	2.309822593499688	29.174643297240365	29.192767975652803	29.210340985606138	30.95963966180628	2.433073367959906	30.751136467840936	30.768273485409438	30.770589648570642	29.94066543987531	2.1909025010181367	29.753783888470746	29.757420068859748	29.76068790673451
9300000	28.95111046023345	2.604453598447634	28.724785017426324	28.732107940718947	28.739075012252922	29.407712959110658	2.2360492553399554	29.215209158520487	29.230215149114784	29.232952148880216	28.911923465445774	2.1904207120091232	28.722013823409583	28.726905255678354	28.731401180682084	29.412096898650834	2.3046236734299637	29.210929822810407	29.22017114198355	29.22705120707838	28.912121790308646	2.192563242097845	28.722174945715253	28.727011002313553	28.73130052278605	29.385107832378058	2.306448639154048	29.17782326078953	29.19399107590297	29.209079376621933	30.959909015927693	2.421153975622053	30.75271411744163	30.76861078300943	30.77132173328652	29.94065105813913	2.190904652750698	29.7538077936387	29.757512662764462	29.760751881154995
9310000	28.949886387434205	2.584379304275885	28.72481728051465	28.731916850509393	28.739092506383063	29.405830515802	2.2355611090926044	29.21273897054741	29.22946081539437	29.23172305359172	28.911948391385955	2.1904185427794958	28.722137433121915	28.726905255678354	28.731406321726663	29.411172424605738	2.3069817981760155	29.210480267112295	29.21892921214529	29.226602625430075	28.912144255396125	2.1925367695123326	28.722264639903187	28.727021331191274	28.731305564347434	29.384499213800396	2.3092487048707215	29.175942212261514	29.194254787331033	29.208541434278256	30.958624263452133	2.4208389499437075	30.75096839476528	30.76781021207575	30.770171539725048	29.94068335488991	2.190900989899894	29.75365060268279	29.757428856988376	29.76092318395365
9320000	28.951340333861836	2.598114666089976	28.7255642414614	28.732330621129705	28.738946884926534	29.40633818946601	2.2351471383604444	29.21298234093937	29.230378452251838	29.233442971904694	28.91197587284445	2.190416110054482	28.722283918318944	28.726910007999994	28.731401180682084	29.412209182468835	2.30558837320112	29.212471964781287	29.220141945574788	29.226670440914962	28.912173720935225	2.192534237201274	28.72229480491596	28.727060892709105	28.731311960818836	29.38571033533179	2.3070321092949	29.17746772115455	29.19500593554697	29.20978547224403	30.959173658113908	2.4256766678925907	30.75087119396201	30.768757757672553	30.771560627450356	29.940720803010507	2.190889505821267	29.753959813968414	29.757005816439055	29.76080976569129
9330000	28.951831193085713	2.595525926716202	28.725958638734433	28.73221052401267	28.739785359924007	29.405135571460335	2.2358764732659457	29.209170231922116	29.23002353902887	29.232414514272644	28.91198930281587	2.190414674143428	28.722283918318944	28.726974870577948	28.731405473935443	29.412365593943793	2.3071341773168164	29.211642091101346	29.22033570178155	29.227506741107945	28.912192309246173	2.192532637729735	28.722306362472164	28.727109853935072	28.73131091259132	29.385531113486117	2.308650997396167	29.17535158966158	29.19436606427943	29.21133524439398	30.95828821367583	2.428897086664342	30.747477233883075	30.76845666158458	30.770807587823338	29.940825567047277	2.190880519893342	29.754091581343115	29.757623570488438	29.76068219452221
9340000	28.952452176841895	2.6039748609590023	28.725282381140865	28.732382018566547	28.738972822638274	29.407286038095442	2.235929508388497	29.2142526022443	29.230351317690605	29.232136757836635	28.911999951967672	2.1904137091670477	28.7222377789588	28.726949694659687	28.731401180682084	29.411598271601566	2.3061602421733514	29.211425838610282	29.219482198178724	29.226771210389643	28.912191562578677	2.1925326176243165	28.722306362472164	28.727117681074418	28.731207109537444	29.38503696246181	2.308237217634256	29.17523617705773	29.195038640675918	29.210775563930532	30.961246011810328	2.4309160573711495	30.75270363472309	30.76878426625401	30.770554869613136	29.940711539262836	2.1908809295282894	29.75409895932311	29.75757089113103	29.760798123404815
9350000	28.951554214541506	2.5961679277980756	28.7252000499894	28.732397618753815	28.739104817909745	29.405646208780336	2.2367807771911057	29.20899691210272	29.230313471387348	29.2330189844852	28.912004757609655	2.1904131616942926	28.7222377789588	28.72699344676783	28.731401180682084	29.411999913459464	2.306964785764647	29.211370369256134	29.22009027593706	29.226830344945622	28.91217513956054	2.1924326800248357	28.722300201770633	28.727060892709105	28.731183445323403	29.384284276582964	2.309020281667488	29.17545508582839	29.193281001819763	29.21008759935452	30.957527434044284	2.423666605648271	30.746325135537482	30.76870861511693	30.771192527808964	29.94081375109151	2.1909563845145033	29.75443984634689	29.75759724426807	29.760823409194305
9360000	28.951935029178962	2.600253337128924	28.725300021491872	28.732527887824	28.739373078100346	29.406295933179543	2.2364347604318517	29.21256628184323	29.23048608938494	29.233562420161288	28.912035414509777	2.190542704937939	28.722075938391136	28.7270526749215	28.731411555435955	29.411888487722937	2.305111243453957	29.210794860810736	29.219902201268717	29.22735475769069	28.912174806922415	2.1924328036773875	28.72232523850895	28.727060892709105	28.731183445323403	29.385133376611392	2.3085294403571957	29.17574424489326	29.195264149036063	29.210153218772668	30.958608373721173	2.425889831548729	30.7499176495209	30.76888726895481	30.771736900716647	29.940852380021738	2.190981790012246	29.754271934301144	29.757660211636722	29.760831656581164
9370000	28.951112190076127	2.5960833930022504	28.72530499557368	28.73236955971635	28.73921948045841	29.405599992259898	2.2355578766586177	29.21040498197602	29.230057945238126	29.232926354009596	28.912053473408722	2.190541013444173	28.722137433121915	28.727089077985568	28.731481432729804	29.41091446933012	2.3040259856906844	29.20940515755458	29.21907200191969	29.226618957582268	28.912179945162304	2.192570731101159	28.722363578108666	28.727032785800354	28.731088962302042	29.38440849157006	2.3071115885109315	29.176012508826126	29.193556871257062	29.20841537781026	30.959022705075267	2.4268094251097607	30.748893028352622	30.768521353170108	30.771377965052096	29.940630347375674	2.1910933387432134	29.754126828346173	29.75715988582283	29.76039128439701
9380000	28.951676951403805	2.6010505436749565	28.7256401794399	28.732371516342027	28.739396471817003	29.405328607485043	2.2351447725873315	29.208153090349956	29.229721079347584	29.232845064780385	28.91209077975816	2.1905726452125336	28.722137433121915	28.72712871135463	28.731522975809845	29.411672159960407	2.304136292968342	29.211321559470253	29.219995315562393	29.227031001784237	28.912186887036885	2.1925691113141856	28.722417091718036	28.727094641163912	28.731183445323403	29.383763007319455	2.3073330052233088	29.174025290634596	29.192689191966068	29.208831844912304	30.95911919131592	2.4251805299072853	30.746559976850993	30.768158674594652	30.771194953108413	29.94067196287648	2.1910889985857422	29.75352051028995	29.757407995764645	29.76062529934792
9390000	28.950154498330093	2.5909365681962386	28.725340700071282	28.73223476914064	28.73889236048359	29.406538658291375	2.2351832984219184	29.21287403180024	29.22963902163318	29.23229024245681	28.912127633956445	2.1905680062055977	28.722137433121915	28.72718288352715	28.73160016158811	29.41193243544871	2.3068024011108146	29.211212604182972	29.219886079184338	29.226926943215677	28.91219862343678	2.192596337077877	28.722466079620823	28.727032785800354	28.73117600021817	29.384600622397137	2.3095560622870166	29.178269953130382	29.194811100357576	29.20880404310551	30.959757035365502	2.427533802985861	30.75076185842896	30.76803820714511	30.770648762991474	29.940646177607352	2.1910915439218113	29.75348920021999	29.7575082559633	29.760595752984898
9400000	28.951206917487198	2.6011757957947683	28.725166934168698	28.732560485133977	28.739773785057288	29.40707478412046	2.2356155731950436	29.212882358817314	29.230448870433158	29.23262936172919	28.912146274099104	2.1905664272321426	28.722162347469034	28.72724196043069	28.731584767846012	29.41215581327128	2.3065895826591984	29.21154594393615	29.220336460136522	29.227631362551858	28.912186132578	2.1925967796373578	28.722466079620823	28.727109853935072	28.7311932788186	29.385842444582114	2.3099302363297967	29.177187969619094	29.19476606318439	29.210436366472052	30.960808737789637	2.4294238607392815	30.751246508173647	30.768892491317658	30.771000576019343	29.940861249176173	2.1910743469980236	29.754011147478188	29.757599972252784	29.760793607200775
9410000	28.95202316890445	2.606830268672055	28.72488505824552	28.733044922232928	28.73991018915151	29.40652063846404	2.236013568079784	29.21475534054686	29.23038282270764	29.232737290000983	28.912132901310432	2.190567288923393	28.722162347469034	28.72724196043069	28.731583829512843	29.411904214139643	2.30460080526411	29.212203851264565	29.219681174221478	29.227004365677622	28.9122096698356	2.1925948223161478	28.722466079620823	28.727160004880005	28.731204144258164	29.38485266548213	2.306553017700329	29.17675244283808	29.194428434762287	29.209047069609245	30.95994806984891	2.4274062048090186	30.75274163027475	30.768761944147542	30.771088419769406	29.94094161929117	2.1910670277824473	29.754042397627067	29.7576005729154	29.761051623278973
9420000	28.951425195942893	2.599568480327824	28.72527435630116	28.73261995297192	28.73935329915942	29.407802425151072	2.235958256416601	29.21645875872438	29.230574236947366	29.23365761478066	28.912129000803017	2.190588689482938	28.722292307903942	28.72724196043069	28.731510797717746	29.41170187887743	2.306216295518429	29.21147481369287	29.219695627447372	29.22672938850841	28.912207346480187	2.1925947528103173	28.722481015290477	28.727191908078282	28.731232517486895	29.385194247594008	2.308234948914721	29.176032966271528	29.19377948790016	29.21018385888943	30.960572386133624	2.4252268121782814	30.754333484648566	30.769019752929836	30.771993040569747	29.9408453090462	2.1910756100647157	29.754112170066435	29.757490688426877	29.76082715786815
9430000	28.95272946861673	2.6042507534287664	28.72605768725962	28.73274192491986	28.739813026618197	29.405979171011758	2.2356902360436837	29.21349589508322	29.230048903778304	29.23252884638018	28.91217464037783	2.190584727975495	28.722292307903942	28.727271197475183	28.73160016158811	29.41167392892685	2.30595580411145	29.21099156980231	29.219664521032	29.22707739261554	28.91220224361532	2.1925951323641852	28.722487194251844	28.727258497452745	28.731224708129396	29.385169251281752	2.3100447233181196	29.17528666631524	29.194270065718538	29.208879135830905	30.95826826116484	2.4299813103879324	30.751283332306954	30.768465657099064	30.770920775307523	29.940683279854856	2.191090889809097	29.753896297354522	29.757436853243497	29.7608538573891
9440000	28.952173228709412	2.595679588614592	28.725918396439816	28.733435621984498	28.740117754906315	29.405430217112766	2.235640823215568	29.20872891211101	29.230034832825822	29.232502008595766	28.912159288943375	2.1905854099017223	28.722285848117345	28.727271197475183	28.731632531788435	29.411663018242486	2.3035476475584904	29.210425769168303	29.22009663564235	29.22802829383309	28.912218072326077	2.1925937929961288	28.722481015290477	28.727292185992248	28.731252337940134	29.383938725184475	2.30594723458282	29.176054659911085	29.19422718480999	29.209910885220655	30.957850210561205	2.4209935371101654	30.74723481475015	30.76841312250214	30.770912019630416	29.940789596638652	2.191061324349678	29.75426750061115	29.757341223054787	29.760754203616326
9450000	28.95298212278643	2.6019997028205206	28.726339295394776	28.732636500121934	28.73929203405641	29.404690934876097	2.235043426396651	29.21026649684675	29.229805038531545	29.23212616915223	28.91215637176552	2.190585667393294	28.722267993901223	28.727255276234956	28.731632531788435	29.411718874884578	2.3087473285346487	29.210890373343965	29.219835005894396	29.226869357940412	28.912223738963164	2.1925930477241855	28.722481015290477	28.727292185992248	28.73130430718902	29.384212318747142	2.3102235289628985	29.174176279975992	29.19234200784075	29.209726779581313	30.95848137190308	2.4305998924497967	30.74702736691983	30.76826694219478	30.77058414082117	29.94072458934906	2.191066415036458	29.753794566615216	29.757361040133585	29.760706572220336
9460000	28.952877502638714	2.606208970900791	28.726148572266084	28.73291852052877	28.7395295066626	29.40641804319807	2.23589817848391	29.212502219331384	29.230234306134683	29.23307379022522	28.91217207651804	2.19058429711382	28.72231223100929	28.727281722583456	28.731650751796035	29.411605539727113	2.3072493833372594	29.210274457950668	29.219819599725717	29.22755493288855	28.912237855897406	2.192644238354343	28.722481015290477	28.72730204894654	28.731252337940134	29.384797252595124	2.308690911597249	29.175291512720243	29.19343522297723	29.211085182349024	30.959962481547088	2.433923857147357	30.75039525415041	30.768518438972634	30.771348124147774	29.94063196823628	2.19111905451045	29.75368219346798	29.757319243359	29.761000044495177
9470000	28.952016597371376	2.6023391047613535	28.72538672354554	28.732584523798735	28.739473693512394	29.405765492130627	2.2362838070775912	29.211023150540512	29.22978436504626	29.23244313222075	28.912177706422487	2.190582721461642	28.72231223100929	28.727281722583456	28.731650751796035	29.411271912989616	2.304879512297797	29.210680221335807	29.219666709228875	29.22672899903792	28.912243261085724	2.192643621640912	28.72249503088883	28.72730204894654	28.73129338723461	29.38387918823887	2.3076725081293605	29.175393544367985	29.192533939175796	29.20897210758095	30.958254341809933	2.4255455497909857	30.748724248764567	30.768066748505156	30.77064869297477	29.94068860221008	2.1911134082824546	29.75374205033815	29.757557172203885	29.760942159387604
9480000	28.952414252646363	2.606283343606396	28.726071434224995	28.732694923184837	28.739302199241106	29.40695191326918	2.2357635193893706	29.21240478692581	29.230427920399485	29.233158841154847	28.912161565891626	2.190583946734308	28.722292307903942	28.72728607719276	28.731625719662425	29.4128602865153	2.306570441392447	29.21274813146029	29.220822413342262	29.22775962340649	28.91224860066106	2.192710836593756	28.72249503088883	28.727292185992248	28.73130430718902	29.386137538521766	2.3077641805593045	29.176979290205754	29.19503908402801	29.211511513294518	30.96097572450438	2.4313100319515	30.75091459618544	30.768890355929607	30.77145450234454	29.940679499435713	2.191115667437783	29.753956185861398	29.757516167149962	29.760929222315408
9490000	28.95278689481844	2.6059858421338626	28.726127253956335	28.732852294173007	28.740155442682074	29.4067476873576	2.237370555837702	29.211211905733837	29.230302001556442	29.23272522783204	28.91216894476983	2.1906912797846303	28.722267993901223	28.72732034571628	28.731669564706912	29.41186546161456	2.3073453231802605	29.211276489755335	29.220345651203253	29.227100866495643	28.91222349576529	2.1927112135966627	28.72249503088883	28.727274998910353	28.731302730995196	29.38548904435395	2.308973537476905	29.17646665130733	29.19466553592175	29.209943908159364	30.959501609248026	2.4290317359250335	30.749258554162548	30.768703391141266	30.77108268406191	29.94100616285289	2.1909479720669127	29.754184314914532	29.757553506925827	29.760963363411747
9500000	28.95214654193322	2.6020962172192394	28.725410284947362	28.732795001873992	28.739882775843068	29.407718039038436	2.236967124142828	29.212797804157418	29.230261456985122	29.233521847046262	28.912174604989445	2.1906907837264344	28.722285848117345	28.72732034571628	28.731669564706912	29.411828987796692	2.306346872213156	29.2111115130868	29.219874290776428	29.227309205293043	28.912453237540138	2.1927004836939	28.72253503175373	28.727292185992248	28.731310980189512	29.384724605948712	2.3088124721129497	29.176532678101466	29.194226919582185	29.209201223987286	30.961038666931955	2.4262441852311896	30.7510475940772	30.76872303007686	30.771979059011457	29.940969037350353	2.190950966803052	29.75426350052502	29.757669731322217	29.760828453371985
9510000	28.950901180537215	2.5840532035155612	28.72573324534781	28.73278341226881	28.73977106983474	29.406216815370993	2.237616626355213	29.21084012089637	29.230051908197858	29.232597845101544	28.91219451239125	2.19068904934488	28.7223535496919	28.72732034571628	28.73174918789224	29.412285525633596	2.3075789309216193	29.211481054362906	29.22037110752348	29.22752011352751	28.912426043745555	2.1927012556072674	28.722551970796694	28.727292185992248	28.731255990940127	29.3851721957094	2.3097886106783814	29.17627292333692	29.19362947950932	29.209997689596342	30.9589443144284	2.425162638648351	30.748941116269947	30.768386090556763	30.770837398445767	29.941044465265588	2.1909442829336796	29.75402395385638	29.757429423165007	29.761003996393967
9520000	28.9522045081223	2.6008931419579535	28.72641158928755	28.733471375970396	28.73998337356017	29.40578673042918	2.235845287071171	29.20953914264944	29.23039034893963	29.23255493217884	28.912165285755393	2.190691429286689	28.722285848117345	28.727294961133055	28.731713597982868	29.41174690894132	2.3038396875786704	29.211804133771427	29.220088000676327	29.227509035013977	28.912454200271675	2.192698883798202	28.722727131652235	28.72730204894654	28.731255990940127	29.385693774585885	2.3045723533499216	29.17623773083223	29.195058393895803	29.21217754128569	30.95911755325231	2.4250721640594923	30.746982964895622	30.768831451439237	30.770989320866022	29.94098596762572	2.190892070361179	29.754339986859915	29.757512560364304	29.760532685044804
9530000	28.950912846209683	2.5792324390152177	28.726655763261697	28.733524677969704	28.74010574053852	29.405311503763635	2.236289145834366	29.21177510810092	29.229819812938086	29.232558170496716	28.912167905575842	2.19068957564267	28.722285848117345	28.72737916320558	28.73173142311846	29.412026679418638	2.307496479938434	29.211692473775432	29.21956095911298	29.2270394023268	28.912483324835687	2.192696371816913	28.722780637244526	28.727352100611725	28.73130430718902	29.384360056248646	2.3080078981769048	29.17499823275476	29.194207726006553	29.209217708866326	30.95790383487641	2.424634943195096	30.74973013862496	30.768250954292284	30.770912952633836	29.94080300469143	2.1908691705028844	29.754207846870212	29.7577823018173	29.76055667359818
9540000	28.95206973087692	2.5980377360536084	28.72622211819263	28.733268293680403	28.739635953204054	29.40535820716044	2.235860868345384	29.209454725474288	29.229960624115844	29.232754914575438	28.912202928556162	2.1906864152152457	28.72241493645444	28.727451660500105	28.73174918789224	29.41147372682118	2.3062821056472895	29.21044268704661	29.219396725840507	29.226638789911384	28.912501438929525	2.192694805339735	28.722820014088473	28.727365689120646	28.73132014836247	29.384043807960914	2.309470605678232	29.175779644928905	29.193684079510977	29.20805791905251	30.958438092036246	2.4285058768402226	30.74769439517181	30.76839700702795	30.7711783467673	29.9405876799072	2.1909129846268796	29.754017594502937	29.75742874745265	29.760814537512747
9550000	28.953495617381606	2.602884799474071	28.726283751179835	28.733148443667993	28.740223251480725	29.406144004428544	2.237362533440998	29.21007155306797	29.23004626124688	29.232382797206093	28.912183367488698	2.1906879087406845	28.72240381625092	28.727419586018257	28.73174918789224	29.412630955091963	2.3058600812747603	29.21255761271044	29.22074622325381	29.227531776058466	28.91248107924149	2.1926961695969576	28.722780637244526	28.72735705258044	28.73137573102229	29.384776773685164	2.308565357834473	29.176691759472014	29.194249814557782	29.209485316772696	30.959180163540655	2.4290334532777194	30.74788341927251	30.768460971358774	30.77082182193753	29.94084640418441	2.190889439644205	29.754270570970736	29.757813716517276	29.7609643920352
9560000	28.952243721772405	2.5941964303394034	28.725472239179165	28.732644127598732	28.739895368665117	29.406075348222608	2.2355741692949893	29.2120953686428	29.230140227324725	29.23295274036857	28.91219550839407	2.190757854798704	28.72243492062855	28.727417568029075	28.731708666475	29.411696824100936	2.306718843885952	29.211309685406206	29.219656120578563	29.227095532939195	28.91249333216537	2.192695161204678	28.722820014088473	28.727376278998904	28.73140891093936	29.384318419151846	2.3083845735539494	29.17439963436291	29.193810887668683	29.208890560421533	30.958854701186954	2.425336730568741	30.750279861908798	30.768588352848262	30.771319581772886	29.940927344215613	2.1908813489313954	29.754132844354537	29.75763509530544	29.76095958266673
9570000	28.952134458014974	2.596839119027957	28.725312737573066	28.733032543375476	28.739623027101956	29.40627742126434	2.235794906906876	29.2118600205286	29.2300634430324	29.232494094935806	28.912201102486897	2.190757166520668	28.72241493645444	28.727367894340055	28.73174918789224	29.412193005827433	2.30648652713634	29.211084484869875	29.22002213821459	29.227093839749436	28.912476963602753	2.192693109174493	28.722920295975506	28.72744725032291	28.731414904120385	29.38534092990386	2.307721996983671	29.176744198153447	29.193792295970688	29.209770936972195	30.95924329202657	2.428083766397335	30.749821200727407	30.76846840722477	30.770910657496806	29.94083460184221	2.190890849969411	29.753870432279072	29.757758127354336	29.760989352591594
9580000	28.952350807268424	2.6033203733709382	28.72543754074754	28.732673435232783	28.739538250635594	29.405283500459944	2.2360929411258	29.21110436409971	29.23020075960277	29.23267600570641	28.912235517956077	2.1908429040730923	28.72241493645444	28.72743508912375	28.73174918789224	29.4117621932075	2.3045126550905315	29.21113918069836	29.219874952740426	29.227130089004106	28.912513541912006	2.192739233981173	28.722950593721812	28.727522922164546	28.73140891093936	29.384033372296184	2.3077130899903153	29.174705232179356	29.19289271797389	29.210537645931517	30.958015399835563	2.427973261594028	30.749393285926043	30.76851238792487	30.771055558649806	29.940579373923153	2.1909125631087205	29.75359037806032	29.757625741437217	29.76073026833716
9590000	28.952700837418124	2.6013352257190876	28.72601964038082	28.73252422126174	28.740105742197255	29.406298059075105	2.236062236817403	29.2112258565505	29.22999422155896	29.231918207107107	28.912217500650886	2.1908340718322012	28.72240688958452	28.72739237962467	28.731802165003995	29.41168752321197	2.3064678328076123	29.210652276983133	29.219510513861476	29.22703311092464	28.912555144086333	2.1927357126805913	28.723056141407085	28.72764244379873	28.731430542184434	29.385419616652587	2.310551736523006	29.174237256981996	29.193695211990402	29.210356408881577	30.95867300546537	2.4258064570616207	30.74905858690561	30.768383792567665	30.770282435681203	29.940762698484665	2.1908863408090435	29.753791198814525	29.757373249056002	29.76072949129552
9600000	28.952920929340795	2.5997927016871087	28.72657969914818	28.732695454225784	28.740009010175243	29.405030370092515	2.236110501120122	29.20950598675739	29.229806998604108	29.23233220419521	28.912240459320685	2.1908320722141186	28.722475628580685	28.727451660500105	28.73186338646297	29.411559545360976	2.307402832459437	29.210753525547034	29.21913875390219	29.227337342037444	28.912559377472313	2.1927340051161432	28.72308464458458	28.727651719978184	28.731430542184434	29.3851058797425	2.3101726265352256	29.17492868982553	29.193924782498534	29.210279926658238	30.958410819140912	2.4293588209171215	30.747702982035896	30.768271066223683	30.77078897043793	29.9406207886952	2.190900562024365	29.753625847026896	29.757452036985974	29.760698212079046
9610000	28.952027730545073	2.5956192396213043	28.725822741271504	28.732747926557913	28.739509595300113	29.405850820097772	2.2343999430091737	29.21229231636692	29.229874743970733	29.23221889545086	28.91221657572424	2.190833234550875	28.72243492062855	28.72746809667666	28.731792553529136	29.41073206442393	2.3056499399438586	29.209903305208567	29.218558291878644	29.226118157641586	28.912600209679013	2.1927305501922616	28.723104490097395	28.727646918523256	28.731453993966706	29.383722745087407	2.3074592897328747	29.174831774584156	29.19264811444036	29.208591125455428	30.95948870491141	2.425691681916714	30.750695210816993	30.76832177998743	30.770512966760858	29.94032288931996	2.1909258415849924	29.753516899867535	29.757176099711366	29.76030256123599
9620000	28.95244031059551	2.602902961177532	28.725515747442575	28.73262623604982	28.739609718330563	29.406259669485674	2.2348848337477984	29.210210405416483	29.229617375226127	29.23203224396957	28.912212406225272	2.190833364933069	28.722475628580685	28.727451660500105	28.7317834946537	29.41162649219708	2.30942254663537	29.21039891403724	29.21945177947387	29.22659072450507	28.912586450591835	2.192730865988439	28.72313130693683	28.727622856447027	28.731430542184434	29.38426276808056	2.309357294198974	29.174777318006893	29.19358200811058	29.208241984520487	30.959055884128198	2.430657081855912	30.747606540757594	30.768042871499766	30.77042872062851	29.940372986733745	2.1909194765547007	29.753524301670133	29.75697665717872	29.760524363890887
9630000	28.952578675445565	2.6047458876984697	28.725437712148473	28.732167375606195	28.7398737183237	29.40612652264856	2.2371979174566197	29.21220354192286	29.230185417508054	29.23295170255283	28.912232959658837	2.1908315465219865	28.722521016388633	28.727493844242392	28.7317834946537	29.41235498237812	2.3074925848243772	29.2117310866979	29.2199210208226	29.22715361793003	28.912590355405484	2.1927305560325	28.723119513822105	28.72764244379873	28.731414904120385	29.385068724210935	2.307897319084592	29.175036450505914	29.19333084075759	29.210919573971204	30.95941343142281	2.429793697089027	30.74976869195707	30.76859888820192	30.771400009422322	29.94049953552948	2.1909078083744022	29.753643258784294	29.7573672473212	29.760375960129966
9640000	28.95313256240634	2.5999287428834243	28.725796600134817	28.732041901258768	28.7393532247122	29.406491803767842	2.235501809060365	29.210588072164736	29.22991268481038	29.23260011015812	28.912250404031823	2.190829883138268	28.72248777877225	28.727493844242392	28.731820152102564	29.41131152572502	2.3043209117784036	29.21099373440588	29.21892765937787	29.22649495978468	28.912603227775392	2.1927294526064367	28.723119513822105	28.72760104763391	28.731422743197445	29.38348458680776	2.3030000284477747	29.174392527143006	29.192343276242703	29.2087046292785	30.959468799761616	2.4266215714227863	30.748186741659048	30.768312254487473	30.770877221500538	29.940766134241873	2.1908843893928722	29.753790094302516	29.757365038784563	29.760610462936558
9650000	28.9525856433552	2.5924994302228055	28.72560887443573	28.732624217793113	28.739680631101578	29.406232936080297	2.2349146311049743	29.212580981100302	29.230390408665848	29.232762235378452	28.912232559480007	2.1908310351306297	28.72248777877225	28.72747925081992	28.731792553529136	29.411960852350212	2.3061140798385322	29.211498155437717	29.21978355559847	29.227199762586658	28.912637574363956	2.1927264681275895	28.723259657289137	28.727645258521893	28.731422743197445	29.385024375225147	2.3080676758231946	29.17609278346677	29.194535855053253	29.20973671696946	30.959672394051506	2.4277529550962655	30.750908547449544	30.768802000582095	30.771183233568784	29.94094199550362	2.1908277357537025	29.754076164317773	29.757788290546138	29.76064787754497
9660000	28.95281577792243	2.602078955737689	28.72557349435925	28.732478947489763	28.739572490872376	29.40685180705189	2.236095937043364	29.212097511737575	29.23037488852825	29.23312703767442	28.912218290943652	2.1909048074049973	28.722475628580685	28.72743307113457	28.73176339894698	29.411875283768882	2.308140745298446	29.21070633250084	29.21975962018435	29.226973115477747	28.912626592012188	2.192727388316356	28.723104490097395	28.727591450789518	28.73134929267436	29.384956587819122	2.30999250061058	29.17573274409454	29.193342355574686	29.209029313106512	30.959765333915307	2.427933427965982	30.750120018710444	30.768743604185794	30.771137085017507	29.9411754895833	2.1908846406037434	29.754001708058652	29.757815586808846	29.76096573180933
9670000	28.950812049290132	2.587514935645701	28.725417872850358	28.732393575441918	28.739646462162177	29.40659804817955	2.236163709607619	29.21193661387237	29.230053432810426	29.23244710825752	28.912255159126033	2.1909016437616056	28.72252199126649	28.72743307113457	28.731792553529136	29.4117521081063	2.304302353582157	29.21179188364357	29.220051658457365	29.22683413638748	28.912651593686704	2.1927252225241047	28.723215633148328	28.727622856447027	28.731414904120385	29.385128563797394	2.306684940446243	29.17652260033978	29.19379048116863	29.208472589734985	30.958864557013097	2.420758943005338	30.750080022887836	30.768504481002168	30.770885774461124	29.941026967170625	2.190898743148639	29.75419751714219	29.75768809425201	29.760975852652532
9680000	28.951339148231593	2.598965726939165	28.725460731874374	28.732724874126422	28.74004686091827	29.40608782964961	2.234654519637073	29.212862603638428	29.23012759518563	29.23257498061715	28.912276214564567	2.1908998137857068	28.722533190350333	28.727478850325582	28.7317834946537	29.41157280468315	2.3051826269390396	29.210243729873635	29.219876558046202	29.22763768885721	28.912682581119693	2.1927225932512013	28.723228832517822	28.727622856447027	28.73144493432721	29.384341824723506	2.3067751089084996	29.174488142819428	29.19334876284129	29.2104749622445	30.95901355452871	2.425472006809632	30.750154471520066	30.768490753208013	30.770970962830248	29.94081033190579	2.1908739631013536	29.754235966254562	29.75752400203099	29.760701724873737
9690000	28.951969919251578	2.6028825771814854	28.725561215498367	28.732737350102738	28.739738044406636	29.406259557822256	2.2342494575945104	29.214289411999466	29.230294565576564	29.232587290521586	28.912287382651918	2.1908986386922207	28.72262386880438	28.72756272751625	28.7317834946537	29.411640354367254	2.305532235595807	29.2113314516843	29.220063310516537	29.22790851372932	28.91266201647839	2.1927244205678647	28.72317368330785	28.727680311041446	28.731453993966706	29.38400500005131	2.307550502763646	29.1745638243802	29.192872257942348	29.21036280835814	30.95900504134822	2.42975457441131	30.751986645100743	30.768727090589103	30.770982535311756	29.940871689303	2.1907159928573448	29.753753212023064	29.75761119583079	29.760927485305636
9700000	28.95185897417862	2.5989711617341227	28.725787883996304	28.73269630758115	28.7393984645988	29.40765205542656	2.2362432882425485	29.21330289450825	29.230387796337396	29.23267971351376	28.912310570041157	2.190896649790637	28.722683092293597	28.727575563068083	28.73176339894698	29.412044233093745	2.30841198608952	29.21138982155186	29.219435858735217	29.227053603837874	28.912666448206963	2.1927240142586424	28.72313130693683	28.727704401550916	28.731503930516542	29.384686450539785	2.3111690069970803	29.176525951909365	29.193430249880564	29.208207762920896	30.96116215929922	2.429920192324071	30.751560771401778	30.76877132616566	30.77100974110928	29.940819052828136	2.190720502001283	29.753577202727936	29.757593728559307	29.761148317952163
9710000	28.952078141394153	2.60030552154085	28.725957502143487	28.73247229374827	28.739190628294565	29.405151390712724	2.2358379320175095	29.209130529904467	29.230018349288084	29.232273899096953	28.912294011154952	2.1908979161439337	28.722687213584976	28.72757989874242	28.73166640175237	29.411143671821375	2.3034217548247513	29.2105161394119	29.219078201112445	29.227114778137956	28.91266615202842	2.1927239500226707	28.723177282573527	28.72765652466311	28.731503930516542	29.3842546202956	2.306598356551915	29.17513138895483	29.193853371750087	29.208453636849075	30.958124640719273	2.4253790365380414	30.747422165399236	30.76847792244608	30.770725954951267	29.940645064656604	2.1907343798481618	29.753733854628422	29.757518694889427	29.76081420718636
9720000	28.952446320149413	2.5997705456403652	28.725611357906246	28.732669122280228	28.739341049797613	29.406153535118545	2.235301372690632	29.21137094484522	29.229852511753926	29.232001502510535	28.912302126142333	2.190896981021344	28.722687213584976	28.727608984716056	28.73164924310421	29.410926160916336	2.306124330623518	29.21039230349223	29.21911115470319	29.226839283376478	28.912693268526176	2.1927215938433897	28.723375994825172	28.72768344251015	28.731533178868894	29.383632368667687	2.3094703749700054	29.174629710335005	29.192342091481265	29.208061688796985	30.959168859984093	2.426170622227935	30.749570826341277	30.76822135515005	30.77043993473064	29.940481945223357	2.1907488371346493	29.75357968247424	29.757169765132446	29.760770827308846
9730000	28.951327521004615	2.598714328699902	28.72561722823616	28.732262635473084	28.738949458039954	29.40588044863995	2.2366542324534957	29.21205592180307	29.230310306219184	29.232441531381134	28.91232876250809	2.190894712377857	28.722683092293597	28.72764774974352	28.73169317103479	29.411304609614884	2.3074478089683823	29.21006571356827	29.2196805688175	29.226484745531682	28.912688752940607	2.1927207555024983	28.723462516822057	28.727651719978184	28.731533178868894	29.38396526630955	2.310298010311014	29.173902039973406	29.193497672027842	29.20911361284025	30.95906699757851	2.426611857493133	30.750424899122933	30.76872075772227	30.77085243718896	29.940458678940097	2.1907862019165933	29.75335205460219	29.757251057130837	29.760785486985455
9740000	28.95076194302868	2.596054897750546	28.724975210637787	28.732018671170223	28.739119474557782	29.40673318842761	2.2362129093968304	29.210086887441996	29.22975930040983	29.232315462923808	28.91233208258451	2.190912383317565	28.722712400609712	28.72764774974352	28.73169317103479	29.41119788551905	2.306402792464818	29.210196047157357	29.219286595708674	29.226775161362408	28.91270149901267	2.19272557824362	28.723494912529922	28.72765652466311	28.731533178868894	29.384231216104883	2.309613605888225	29.174975695802587	29.193131468993823	29.20935345541941	30.95947336444338	2.4289850912835527	30.74846293267945	30.7681561664104	30.770640466711434	29.94037830003058	2.190793217375777	29.753604401490364	29.757212379157032	29.760500657393138
9750000	28.950708073599163	2.5884751411483173	28.725399664548988	28.732466219129954	28.73935656496237	29.40481791622487	2.2358361572098207	29.20824957918415	29.230288248729885	29.233064508676108	28.912338716833982	2.1909111340999696	28.72281777306076	28.727618141406232	28.731736072961645	29.41139274287599	2.3051476510686415	29.210920473974266	29.21946601485662	29.22710632651949	28.91273432347781	2.192763443214783	28.72351712330973	28.727770559150105	28.731533178868894	29.383900297277297	2.307490530499914	29.175920784605026	29.193210828528606	29.20850528637172	30.95759672497506	2.421337028698651	30.746732473726567	30.76871841572371	30.771496313937917	29.94049636259541	2.1908621690788976	29.75383128387944	29.75708877511984	29.760582849699603
9760000	28.951924151535078	2.6006142544703783	28.725721198823173	28.732333102049168	28.739629965483886	29.405508113443677	2.2355690003535487	29.21075541908194	29.230124361822682	29.232490296458945	28.912321957543558	2.1909109309585255	28.72280145897243	28.72766362695991	28.731736072961645	29.411527813888732	2.3042603043012666	29.210612761309083	29.219297708379138	29.227387659287245	28.912760084135883	2.192838235190226	28.72350493040929	28.72777272541193	28.73156836114114	29.383896507715875	2.3060677793982967	29.17544077162789	29.19361551087477	29.21022275933197	30.95894169358826	2.427826006881661	30.749269565028335	30.76850066605079	30.770804171696767	29.940902506749975	2.1909071505785453	29.75412508761675	29.757370478086663	29.76053277183213
9770000	28.95264897911962	2.6016700653029217	28.72540551819815	28.732115284573986	28.73925954178049	29.405180098954418	2.236034923920419	29.20969199407847	29.230455686928657	29.232442676201572	28.912336116757835	2.1909097205589614	28.722821717961207	28.72764774974352	28.73176339894698	29.412824201080568	2.30802333171538	29.21200681860846	29.220193883671943	29.227144859954205	28.91277437988903	2.192836952372398	28.72351712330973	28.727770559150105	28.73158577222557	29.38537324505397	2.309205130671899	29.177264609537197	29.194847468474514	29.209226196833626	30.95864211524625	2.429171570452032	30.747374072256463	30.768885236761477	30.770833230391332	29.940955924575572	2.1910219696761173	29.754074029779098	29.757421479807356	29.760694534637597
9780000	28.952119275707595	2.598736561639525	28.725233761255133	28.73263328696722	28.739828661978265	29.40548756399314	2.234651938320642	29.20989358033149	29.230109678651576	29.232305777466337	28.91234088494836	2.1909669561512657	28.722821717961207	28.72764774974352	28.731780093293445	29.410734556494656	2.303530331563239	29.210052401351238	29.21916110990677	29.226578403923842	28.912799373673703	2.1928347512400226	28.723630983491596	28.727790953694463	28.73164307428125	29.382990588321118	2.3062531587188637	29.17417954435964	29.192884908037957	29.208982064666998	30.958276160395403	2.4262046013018277	30.74752113659018	30.768494331250125	30.77066001630157	29.940546848533906	2.1910792380714432	29.753848233577376	29.757528472384216	29.76101939137903
9790000	28.952027348975456	2.607100248474051	28.725162634019206	28.732255694912215	28.739209403711467	29.405160254675316	2.2350152437496877	29.210634713653583	29.22983598868909	29.232148996974274	28.91234708696568	2.190918757117846	28.722821717961207	28.72766362695991	28.73174137326584	29.411436779820217	2.3057744514493943	29.21113060649317	29.21955165680293	29.226466367197276	28.912819438878223	2.1928330171419743	28.723660652618324	28.72777272541193	28.731668155615047	29.383995299531982	2.305788182609427	29.175099808250152	29.193114840768125	29.207762221960582	30.958573016779322	2.43049589747312	30.74841759674585	30.768271215207786	30.770473538961905	29.94047351386053	2.191051775243278	29.75358884161556	29.757426369824763	29.760791683823605
9800000	28.95175596798472	2.597074259145572	28.72519274341255	28.73280014079213	28.73941397921929	29.40678675629627	2.23393532047968	29.213728435431715	29.23037558270004	29.233165456535936	28.912373161288215	2.1909165405326316	28.722821717961207	28.72766362695991	28.731789490353226	29.411270826928913	2.3028487537210314	29.2111809361366	29.220398852891343	29.226507864698913	28.912809462989554	2.192833233862842	28.723611082776422	28.72778195547828	28.731668155615047	29.385171602975635	2.3049797526685687	29.178099980268087	29.194212255676568	29.21055570776761	30.95925665218719	2.42554227183435	30.7520767484884	30.76875935009207	30.77135966882788	29.94049025369553	2.190882372559408	29.75362395009592	29.75734628624927	29.760878586303413
9810000	28.9515500533379	2.5936038077341625	28.725542636527905	28.732919327263836	28.73958238718011	29.407648466358623	2.2341326715442	29.21403197459314	29.230426957909373	29.233221843131773	28.912402216611405	2.1910396326295287	28.722821717961207	28.727688494296096	28.731845540510932	29.411442129422703	2.3049897642833708	29.210649294737294	29.22001205153142	29.227316972005404	28.91280602083027	2.1928333645284357	28.723522025828334	28.72778195547828	28.731691280625668	29.38595033226868	2.308237692546505	29.176233052979434	29.19528299188414	29.211224319731215	30.960746974856065	2.426064093220285	30.752396192478145	30.768851838275047	30.771543790200155	29.94039281233973	2.1907576182316517	29.753709779276033	29.757468415664896	29.760621298494684
9820000	28.951720084608656	2.5947846146640448	28.726272871753537	28.7327959051709	28.739285137415862	29.407083067066132	2.2349495494723444	29.21248126566058	29.230314331521846	29.23282510053957	28.912413592720046	2.191038562451716	28.722821717961207	28.727712449577965	28.731845540510932	29.41176423481888	2.304198947459835	29.211663230184605	29.219943786120048	29.227066577585965	28.912832067601364	2.1928311029654313	28.723595868492545	28.72777272541193	28.731701446411236	29.384919170564398	2.3069832995347963	29.174942770589894	29.1932177273434	29.210816574650096	30.960186051620504	2.421638543884258	30.750541590840847	30.76876237038987	30.771155834642393	29.940335326993214	2.1907849802924697	29.753634458922733	29.75734274054055	29.76071298593662
9830000	28.95340124691112	2.6034871424138335	28.726316516178617	28.73338899474949	28.74050162512774	29.405729185404397	2.2348787549268554	29.21046958162111	29.230493259198425	29.23297830435474	28.912437822939538	2.191036398199638	28.722849296191242	28.727719624666612	28.731901469205557	29.411890420697382	2.3042329248663775	29.210902027416562	29.22026375617535	29.227335035055887	28.912851992285	2.1928293982416327	28.723563610350396	28.727839724715352	28.731729079350018	29.38471159054083	2.3068776807014357	29.175213528992597	29.19436703780648	29.210412919981145	30.95828437100676	2.4284715953940705	30.748365711252184	30.768810934284648	30.771343817932266	29.940176846559886	2.1908005209333306	29.753674386337792	29.757385380042557	29.760527390792774
9840000	28.952011134068325	2.6022707511790766	28.725851754796594	28.732711636132976	28.739706839633207	29.406453624277184	2.2357113766708943	29.212308666358204	29.230389362994323	29.233034411624946	28.912470748856347	2.1910334598464005	28.722994154840855	28.72772879578217	28.731901469205557	29.41195812165088	2.3043862024528634	29.212311099128218	29.219840273009368	29.227377047919603	28.912867136192144	2.19282807278512	28.723522025828334	28.727839724715352	28.731729079350018	29.386259157851704	2.306794525624987	29.17776163010696	29.19643291777539	29.211608315132388	30.958963641290946	2.4278012795469994	30.75017569130156	30.768796281174353	30.77142157240049	29.940221896823132	2.1907959744886703	29.753618189731306	29.757530259457184	29.76071998268128
9850000	28.953129316131673	2.6018525420967964	28.726807703560976	28.733142252553755	28.740611152580648	29.406503369800156	2.235569616893363	29.212636974329534	29.23041645046579	29.233013675640862	28.91248751755667	2.190985382374211	28.722967085253288	28.72772879578217	28.731926271856153	29.41230646417576	2.3068956736830364	29.211600301467236	29.21993482331167	29.227836558987562	28.9128788510161	2.1929246071709176	28.723563610350396	28.727790953694463	28.731701446411236	29.386113791894307	2.310416278382211	29.17825810687698	29.19485237405774	29.21021041540701	30.959406474720414	2.4309807091741944	30.750465550735314	30.7688789161863	30.7714439294378	29.940377512496987	2.1907820919917382	29.7536401129495	29.757559688779946	29.760594196108137
9860000	28.953088324999534	2.597867190716689	28.725934310407318	28.733415058503425	28.740400904924552	29.407567192510818	2.2349643750290658	29.21179997046022	29.230344568221483	29.233177919574224	28.91247302253495	2.1909866313254596	28.722931212129037	28.727719624666612	28.731921681148663	29.411932891329606	2.3050489314998286	29.21188294451848	29.220203184890124	29.22731673775804	28.91289651418387	2.192920687270546	28.72352242186061	28.727805258358565	28.731729079350018	29.38528464222959	2.3083805820276053	29.176613350007592	29.1949003069611	29.20974410733859	30.960338289062786	2.428338144771029	30.7492792954459	30.76876398428717	30.771478492665505	29.94059541428258	2.190768730157921	29.75359147077061	29.75740937012649	29.76073705495017
9870000	28.952528588801748	2.596921160076316	28.72604226754455	28.733107568941776	28.739946079985423	29.407525757408912	2.2345348775628127	29.21639265837557	29.230570486319067	29.232887867442237	28.91248713235522	2.1909853901005563	28.72292001275131	28.727756065722577	28.731901850486814	29.41215831531534	2.305200052938338	29.211356072711368	29.220136364103535	29.226748727654172	28.912885017211913	2.192921674583013	28.723518764339232	28.727798387288594	28.731738432072838	29.385984424627623	2.3068461020470585	29.17643526593269	29.195263637842388	29.210368223282906	30.960494447631838	2.4268875499620024	30.75410446969315	30.76902318758328	30.77134563660642	29.94062288173336	2.1906979114997096	29.75364542566059	29.757674799215287	29.760710240842386
9880000	28.952240485915954	2.5994754383175356	28.725761682210816	28.732926148917414	28.739559260096918	29.407055862910042	2.234868402218141	29.212391442519603	29.2303124435153	29.232566184519435	28.91250524982787	2.190983418656216	28.72292001275131	28.72786014543987	28.731942327834812	29.411934043495837	2.305968646398246	29.21177881905046	29.219520757787972	29.22724715075941	28.91289366694236	2.1929210716911225	28.72352242186061	28.72781122650213	28.7317433424284	29.38492812601717	2.3084188157548455	29.175213630176877	29.193578858491087	29.2113352696084	30.959768928352315	2.427196870161451	30.74943756380011	30.768737893045312	30.77097022406783	29.940732424811458	2.1906873335609998	29.75388185001506	29.757582231989694	29.76071651157409
9890000	28.951631463433475	2.6002782855891535	28.725528429655352	28.732584086557438	28.739455015154576	29.4053552868857	2.234774411994663	29.2123695878186	29.230292118942472	29.232555751722014	28.912530818358203	2.19098117055463	28.72286036405596	28.727886349772554	28.73211320104497	29.41119680507806	2.304022558517819	29.210338972781383	29.21890434004468	29.226776383239176	28.912855189309123	2.1929216193606513	28.723518764339232	28.727790953694463	28.7317433424284	29.38335926062999	2.307342659801112	29.173309695126235	29.19225677253671	29.209149082265892	30.958980267115102	2.4305583593186304	30.750203622898905	30.768752968946856	30.770993285491592	29.94039874776593	2.1907167434459094	29.7535153627596	29.757243408090567	29.76068729143176
9900000	28.952352362090373	2.5974327600060554	28.725388851445388	28.7327170259928	28.73924789147112	29.406508700939167	2.234038073317048	29.21534210277654	29.230474171203056	29.232605625797714	28.91251154046768	2.190982377075431	28.722798509035247	28.727908862001186	28.73220306907438	29.411837768514886	2.3029073084997784	29.210671445570142	29.220101910838657	29.22720285079533	28.912814190522848	2.1929228193263417	28.72352242186061	28.72782859126916	28.731729079350018	29.385436951673995	2.3050823764590826	29.177693492220627	29.1945388723816	29.210249258234843	30.959176612259242	2.4190226599226543	30.753082891813452	30.768895230760045	30.77096572333397	29.940753906876843	2.190685205777427	29.753739660295427	29.757532192359285	29.760626609993224
9910000	28.95352455689287	2.604917716004432	28.7256368359549	28.73307895699766	28.73987357917715	29.405682398924615	2.235780145208127	29.209788764187966	29.229959372673814	29.23215427951031	28.9125469729218	2.1909792740260934	28.72286036405596	28.727875468652936	28.73219038675158	29.411593839977527	2.3110109589964725	29.210687928763342	29.21956714929439	29.22650039698745	28.912852677384848	2.192919573847846	28.723573367025168	28.727847493010408	28.73175725973108	29.38493652310051	2.3128581200931695	29.175952962353556	29.193409015438156	29.21083929191797	30.9585860117114	2.4346263978811806	30.74641134706852	30.76833086388571	30.77061760444256	29.94078090601384	2.190816418381792	29.753760886027102	29.75757406939978	29.760872704052108
9920000	28.952641342884117	2.6004243073701754	28.72591272968497	28.733190994962932	28.73983631628486	29.40570597116421	2.23757446735783	29.210766397701192	29.230121156691347	29.23253570641812	28.912562539366533	2.191054169683961	28.72292001275131	28.72787797095252	28.732103079126894	29.411841718192896	2.3068597684210976	29.211193841004565	29.219714028646777	29.22727442311205	28.91286938380956	2.192918181288764	28.723630983491596	28.72793723079263	28.731765454316598	29.38311207150322	2.307777667880707	29.174444119003027	29.191525090081463	29.20853752330207	30.958430009757148	2.4254182505534208	30.749062101211617	30.768524829637535	30.770934325061383	29.940475679757686	2.1908437560175824	29.753750804911554	29.75723039651931	29.76045666290937
9930000	28.95289849980932	2.6048024536332877	28.725855141553915	28.732269755259665	28.739191017665235	29.406142735863074	2.235499886868948	29.211065438138235	29.229732101122416	29.23284426132298	28.91259126376262	2.191050637582154	28.723005966605342	28.727908862001186	28.732120062913125	29.411093747737283	2.303643698161866	29.209875158972608	29.219037270428124	29.22670220670874	28.91284313363397	2.192919150300793	28.723630983491596	28.72791667017736	28.7317433424284	29.383430368667938	2.306877666644909	29.174156781986976	29.1922000292494	29.209253968210056	30.95915019254845	2.4290806313827664	30.749204658604288	30.768119621610417	30.77117075508927	29.940411594954444	2.1908477751532267	29.75385058195814	29.757230991714618	29.760400560720925
9940000	28.95189886542074	2.6004983362071696	28.725283376001297	28.732215386139405	28.73926836309506	29.405433633930425	2.23598847676626	29.211644231070192	29.230207858697128	29.23284464336958	28.912598683607072	2.191049782037555	28.723005966605342	28.72789232631109	28.732033487925786	29.41177321955233	2.308059044141071	29.211725145170817	29.219812906864156	29.226727339341743	28.91287184287813	2.192916665166085	28.72363355803928	28.727877850426445	28.731776921521543	29.384522618593344	2.3101561890030076	29.1754135976922	29.194348628583082	29.209915286823048	30.958653667228507	2.431672838018254	30.749698783628105	30.76865034277077	30.771236207492464	29.940292073853122	2.190859237399286	29.753228100687426	29.757285216639275	29.760375856987345
9950000	28.952682950835317	2.60499305658741	28.725539308067056	28.732881241242332	28.739427243846386	29.40621202222181	2.237004826377117	29.210694906611668	29.229356649556657	29.23203655647635	28.91261762313045	2.1910482010532277	28.723029290585295	28.72789232631109	28.73209361366051	29.41153546585123	2.308131373449283	29.210460619850235	29.219860946476746	29.22669272254063	28.912892161913813	2.19291479326964	28.72371168818519	28.727902783632064	28.7318360867012	29.384222999284972	2.309983469684971	29.175222259960126	29.19380015589929	29.2088630698598	30.959541158351048	2.4297383602536815	30.74835908683631	30.767721825101297	30.770471690697633	29.94042141735136	2.1908491025785835	29.75375204834558	29.7573309841629	29.76052576159107
9960000	28.950887656629266	2.589313325487925	28.725393760442373	28.733229012941223	28.739798656234413	29.40555560883257	2.2375035935368373	29.2082597112008	29.229838016882525	29.23232125862829	28.91262161370522	2.191047870350045	28.723029290585295	28.727908862001186	28.732129834877533	29.41177978786211	2.307489273208776	29.21085021756171	29.219146395900644	29.227138500724116	28.91287630500697	2.192916152789009	28.72368162560732	28.727854935835282	28.7318360867012	29.38352116670271	2.3108746373656968	29.174184075846938	29.19306889529132	29.209179155888638	30.958027232501387	2.429253443838472	30.74548981172749	30.76825057284247	30.77076169122023	29.94057303331517	2.1908350900926594	29.753880543183456	29.757515555667883	29.760660362438763
9970000	28.951865187293322	2.6046200233297583	28.725260759889444	28.73259915217674	28.739367835646732	29.40536794576617	2.2365486353471837	29.210181942564137	29.23043876517592	29.23295760284146	28.912611752893962	2.1910727946950272	28.7230599753423	28.727908862001186	28.73209361366051	29.41221799725659	2.3072953359224226	29.211671548620874	29.220520434518598	29.22754885500553	28.912895537315954	2.192914481896487	28.72368162560732	28.727902783632064	28.731895157641944	29.385062057783102	2.3091645280211446	29.175457212726485	29.19528202038895	29.210703853699012	30.959022543434692	2.4326627211473637	30.748595385686457	30.768858597309837	30.771315109187714	29.940568220025124	2.190835132437332	29.753887643162443	29.757274181736392	29.760607502733578
9980000	28.952515054050718	2.603452099044226	28.725713951232684	28.732944447784096	28.74013538103788	29.40603391882462	2.2353263137940393	29.210845535245486	29.23009811612183	29.23242479604705	28.912628823754392	2.191071041338749	28.7230599753423	28.72796666092129	28.73209274626152	29.411847109213454	2.3040466643511746	29.211403015942214	29.220335764618447	29.227651279446768	28.91291602215314	2.192912655477457	28.72368162560732	28.727902783632064	28.73188957390782	29.385626428378064	2.306245990018034	29.17832820882942	29.195326817539303	29.21026187670486	30.959181023965286	2.426540275998052	30.74897016957113	30.76854844376209	30.77080542418718	29.940598791055788	2.190832860766102	29.754136838161973	29.757456842694296	29.76051029538705
9990000	28.95218947343462	2.591481162415282	28.725761582891955	28.733128801809002	28.739866447087884	29.406687864505212	2.2349987074284647	29.213098163745865	29.23016258346656	29.232742270377813	28.912676025661366	2.1910669952127155	28.72317415641416	28.727999062721935	28.732107995249784	29.4116058102756	2.30688099283762	29.211060551482856	29.219732381105764	29.22673925063162	28.912942310216035	2.192870341942524	28.723789992559233	28.727980572286437	28.731918498472773	29.384442074276883	2.3083660291131483	29.175950214120682	29.193600646791737	29.208792927163014	30.95960257913333	2.428024076203055	30.751120579965857	30.76855377021957	30.771117543837413	29.94060050169631	2.1908335015367	29.753895522171693	29.75754725020245	29.760918168444
10000000	28.952989266105618	2.605074603446409	28.72626376404444	28.73336606883604	28.740096195731127	29.407067258790512	2.2350012758538798	29.214094592657904	29.23047249165318	29.233413151358032	28.912679248355918	2.1910666778582772	28.72317415641416	28.72798997388029	28.732129834877533	29.41265248220593	2.3050632856098576	29.212217091400273	29.220833498991794	29.22821018872458	28.91296154386334	2.1928687020845925	28.72375261900764	28.728055771051093	28.731918498472773	29.385920659065334	2.308099130083455	29.177474732270877	29.19552728414193	29.21104075312266	30.960910536240597	2.4282019044876773	30.75242893392411	30.76893109329299	30.77180534544063	29.940901335091947	2.1908514048631136	29.754215289010894	29.757714156809076	29.760786960491664
